

mtllib lagarto.mtl
g default
v 283.836475 195.536993 47.087412
v 284.213521 192.851339 51.545017
v 288.515286 188.977729 48.857272
v 288.207976 191.639482 44.342952
v 293.757113 186.583530 46.132352
v 292.587748 187.645457 41.777399
v 278.518452 198.797490 49.762659
v 279.460703 196.293665 54.462037
v 286.865877 192.613748 56.220601
v 280.901096 193.892582 59.070743
v 291.615716 189.740194 53.082591
v 295.085730 186.034779 50.105512
v 286.451312 192.250461 39.473934
v 291.771687 189.218192 37.163503
v 281.808423 196.420596 41.991407
v 278.324309 201.597403 44.986842
v 280.779941 151.101830 48.755116
v 281.787143 152.801904 52.883832
v 277.014887 152.967926 55.122814
v 275.658612 151.912765 50.831004
v 272.773143 153.786958 56.507901
v 270.827903 152.094794 52.360447
v 286.060238 152.999681 45.806391
v 287.612530 153.574403 50.014262
v 289.064334 155.229678 53.210665
v 283.009480 152.729842 56.311208
v 278.290331 152.244506 57.924988
v 273.665022 154.148101 59.848386
v 269.182952 149.258230 47.095897
v 274.337298 150.125518 45.069680
v 279.455073 151.318063 42.803939
v 284.941721 152.773333 40.268948
v 313.758499 175.512765 45.555228
v 302.142474 180.264825 51.535368
v 298.034663 158.213825 53.358893
v 310.247533 156.633892 47.182114
v 324.362032 171.255871 38.181776
v 321.068610 155.151303 39.711640
v 331.690208 167.797898 30.842958
v 329.090372 155.030164 32.229773
v 333.253751 165.447463 25.233192
v 331.900090 156.346238 25.616866
v 298.739319 183.370122 43.620189
v 311.047278 179.851698 38.038419
v 322.556035 174.800058 32.045623
v 324.314072 172.408629 31.886857
v 325.519038 170.348434 34.886746
v 328.086386 169.324736 33.307157
v 326.630005 172.040200 28.327689
v 325.796927 171.367163 30.394019
v 328.296422 169.047875 36.183376
v 325.582727 155.782128 37.081276
v 330.870165 167.536731 34.242887
v 328.324041 156.116495 34.948208
v 322.319059 154.361692 36.426430
v 318.680612 151.788894 33.730815
v 321.327977 152.529109 31.235787
v 325.225605 154.325737 34.685428
v 315.328500 151.302688 36.201808
v 324.392583 151.945382 29.246610
v 330.364255 168.772178 23.580685
v 327.790504 153.321687 25.514777
v 299.797227 163.346163 54.350889
v 311.659545 161.173320 48.111122
v 322.456902 159.032457 41.740909
v 326.621762 158.567462 38.423348
v 329.627086 158.237066 35.240133
v 331.763742 157.755020 32.039801
v 333.469744 158.614745 25.926411
v 300.712126 168.897553 53.483235
v 312.467989 166.021937 47.815918
v 323.341888 163.291351 42.097228
v 327.430422 162.237687 38.748987
v 330.627592 161.373263 35.380759
v 332.908533 161.007921 31.655522
v 333.950956 161.126134 25.564287
v 301.848503 174.548165 53.278713
v 313.186393 170.774256 47.033005
v 324.161374 167.544290 41.323831
v 328.447063 166.011198 38.501033
v 331.213036 164.836352 35.068285
v 333.179096 164.425115 31.286788
v 333.978394 163.226179 25.500776
v 305.734772 152.567759 41.287725
v 293.661428 154.859893 46.751347
v 300.071563 182.510877 47.323113
v 312.704814 178.706868 41.909410
v 322.934735 173.810379 35.683278
v 324.614669 171.469840 33.423228
v 326.934690 170.110783 31.408923
v 329.813863 169.957944 29.262418
v 332.473409 167.358635 25.441967
v 329.738407 154.573547 25.577159
v 326.817413 153.008009 30.681429
v 323.433827 153.936840 32.636762
v 320.389996 153.592175 35.151413
v 317.911644 152.576709 38.362378
v 307.935891 153.796141 44.593882
v 295.604951 155.850329 50.181201
v 296.498979 182.355440 53.912804
v 291.616999 158.783080 55.588971
v 295.936017 176.317850 55.573748
v 294.842345 170.187642 56.291063
v 293.541735 164.164587 56.675188
v 285.749240 157.935809 58.775803
v 280.596910 157.958227 61.196715
v 275.275828 159.478611 63.314252
v 279.932154 187.976471 60.910647
v 285.873332 186.490182 58.526709
v 291.495636 184.717311 56.426621
v 278.428962 181.235148 61.832442
v 284.352984 179.631998 59.475032
v 290.120427 177.987563 57.473149
v 287.360189 164.718788 58.499639
v 281.755273 165.501308 60.863520
v 275.954240 166.753661 63.052214
v 288.882977 171.380327 58.370004
v 282.931918 172.637274 60.137533
v 276.959901 174.046799 62.400866
v 299.987266 153.760034 43.925355
v 302.050703 154.759871 47.492644
v 304.373686 157.231584 50.641030
v 305.855584 162.298520 51.392087
v 306.419641 167.473550 50.263511
v 307.534725 172.615656 50.153983
v 308.096159 177.815545 48.756913
v 306.676140 180.818543 44.777102
v 304.987641 181.604965 40.854862
v 310.924949 151.777281 38.715337
v 313.299592 153.013726 41.598754
v 315.870148 155.748862 43.825132
v 317.314835 160.018448 45.133300
v 318.251672 164.569197 45.206225
v 318.878102 169.115745 44.236719
v 319.170444 173.330650 42.119380
v 318.142870 176.336461 38.847576
v 316.720507 177.481762 35.082554
v 320.092573 175.778130 28.741493
v 325.128436 173.269716 25.440554
v 314.756663 177.894628 31.639722
v 309.267421 180.205624 34.281900
v 303.413290 182.047779 36.932879
v 297.508641 184.081434 39.354843
v 292.092178 154.350968 42.753964
v 298.334475 153.206024 40.006724
v 304.023685 152.148664 37.685104
v 309.133835 151.404189 35.629023
v 313.446608 151.001008 33.757758
v 316.690743 150.987783 32.026472
v 319.275738 150.935004 30.071442
v 321.787058 150.935018 27.869370
v 317.494043 175.676781 26.301497
v 322.257449 174.086352 23.051485
v 312.577869 177.363299 28.621574
v 307.409064 179.853461 30.698523
v 302.122654 182.802491 32.837678
v 296.514886 185.417215 34.870970
v 291.121616 153.393827 37.689405
v 297.290752 153.054588 35.556550
v 303.073100 152.643176 33.782665
v 308.188601 151.654970 32.317780
v 312.498993 151.066558 31.227697
v 315.304756 150.829444 30.673184
v 316.574792 150.591399 28.788894
v 318.737904 150.492358 26.245643
v 256.904809 170.360873 74.543282
v 269.944331 168.004188 65.927765
v 272.362077 183.042065 64.893138
v 259.372326 187.018753 73.375227
v 242.122432 191.900187 76.034102
v 239.676314 173.204080 76.286249
v 270.720359 175.574073 65.184273
v 257.568553 178.750947 73.245587
v 240.984414 182.294113 75.688670
v 269.651726 160.596871 66.117693
v 255.782440 162.210920 73.087569
v 238.633293 164.651301 74.255820
v 274.229875 190.021554 64.341977
v 261.089963 195.179301 71.777151
v 243.281222 200.380611 72.098756
v 274.921970 195.939575 61.893473
v 261.502813 201.223013 67.084772
v 245.497261 204.949991 68.149476
v 268.371062 154.946303 62.366869
v 254.733384 155.479467 69.341372
v 237.865419 157.240687 70.579094
v 273.960552 199.264658 57.255184
v 260.604115 203.043864 61.157669
v 246.312297 207.681057 63.217033
v 253.675580 153.355102 63.451690
v 237.783098 153.881906 64.367059
v 267.420410 153.949667 58.149603
v 273.247900 202.233680 52.538631
v 259.755409 204.509078 55.706746
v 246.343234 210.366928 58.440783
v 245.657029 212.242666 53.320665
v 259.348571 207.763262 50.909149
v 273.375952 205.787533 47.975821
v 252.505319 151.294935 57.949118
v 237.556106 150.157809 59.574804
v 265.358484 151.798398 53.922764
v 251.428306 146.468769 53.823558
v 237.167853 149.305951 53.577111
v 263.775770 148.205315 49.292280
v 266.612880 208.275240 50.397326
v 266.801343 204.214649 54.519491
v 267.834562 202.205531 59.861283
v 268.429862 198.228552 64.566826
v 268.133664 192.365032 68.281655
v 266.326844 184.856707 69.248034
v 264.480051 177.125763 69.212207
v 263.600245 169.136438 69.707666
v 263.404637 161.377437 69.795840
v 262.260908 155.389486 66.167565
v 261.121841 153.204707 61.010695
v 259.280138 151.013971 56.257090
v 258.135342 146.855451 51.807225
v 244.425384 148.403829 53.445893
v 245.082465 152.102193 58.312430
v 245.758537 154.100270 64.105102
v 246.354041 156.346764 70.531860
v 247.187898 163.457302 74.193340
v 248.328154 171.665215 76.630836
v 249.460987 180.534504 75.340759
v 250.987976 189.355462 75.433927
v 252.428702 198.184449 73.435969
v 253.468297 203.253482 68.238516
v 253.429904 205.454030 62.472452
v 252.778416 206.702737 57.078101
v 251.977693 208.299956 51.868063
v 314.761988 151.147544 24.446369
v 312.993336 151.138077 28.271477
v 308.164726 152.172726 28.697112
v 308.635176 152.184772 24.602908
v 310.666140 177.715617 21.858208
v 311.216899 178.108690 25.493525
v 315.103691 176.614289 24.640464
v 316.174966 175.847192 22.013207
v 306.142705 180.434013 26.717983
v 301.062425 183.835936 28.317734
v 305.405370 180.975435 22.376426
v 299.567902 184.271369 23.426920
v 302.630906 152.618111 29.521129
v 302.624216 152.310002 24.906874
v 296.650323 152.359103 30.763407
v 296.286425 152.086138 25.431736
v 296.138584 187.447969 30.332744
v 294.821682 188.347884 25.500203
v 290.945151 190.652809 32.390577
v 290.462059 192.453048 27.613514
v 286.229282 194.517105 34.620848
v 285.580169 195.943206 29.625911
v 282.209485 199.125445 37.082236
v 280.904118 199.985754 31.717856
v 277.711435 203.674705 39.600777
v 276.177647 204.261727 33.974759
v 272.821051 208.332721 42.328100
v 271.820102 209.365859 36.406288
v 266.238873 211.424845 44.878074
v 265.727071 213.193641 38.809607
v 258.713621 211.395565 46.277083
v 258.296243 213.983079 40.669484
v 251.229530 210.539622 46.760842
v 244.626607 212.967084 47.734949
v 244.492626 216.909787 42.937235
v 250.832195 214.505410 42.173551
v 290.565700 151.222858 32.567609
v 289.817808 150.376720 26.783902
v 284.266987 151.091591 34.595517
v 283.604282 148.866650 28.961319
v 278.648405 149.433817 37.010875
v 277.701574 147.674601 31.191226
v 273.587929 147.244586 39.523492
v 272.457920 145.398326 33.566929
v 268.137585 146.051574 41.665862
v 266.923027 144.016741 35.598672
v 261.235735 143.128972 37.511821
v 262.951456 144.115467 44.096151
v 257.183787 142.733208 46.399454
v 255.919809 140.884018 39.851647
v 250.392630 142.653540 48.008416
v 249.558504 140.391455 41.565219
v 243.488692 144.128905 48.640654
v 242.954514 142.064131 41.986558
v 236.570227 146.048588 48.359208
v 235.754743 142.316164 42.954124
v 326.758744 152.313607 26.990325
v 329.223418 153.496979 27.832872
v 331.304887 155.462962 28.598488
v 333.176040 158.001816 28.614673
v 333.990129 161.007830 28.330598
v 333.998493 163.825199 28.079336
v 333.293943 166.612852 27.302047
v 331.694630 168.907960 26.777562
v 329.093794 170.707531 25.121701
v 324.323066 151.575663 25.681822
v 321.571100 151.332196 24.159799
v 327.613387 171.238518 23.440576
v 325.909368 171.834866 22.322981
v 326.111842 153.453151 24.483532
v 328.154872 155.320800 24.040633
v 330.123294 157.145608 23.761838
v 331.669792 159.380669 23.716446
v 332.316519 161.573816 23.548695
v 332.637643 163.652410 23.542704
v 331.949101 165.872932 23.409733
v 328.993631 169.449464 22.150833
v 323.601713 153.381278 22.887067
v 318.919789 151.630298 22.931807
v 320.205711 153.308930 20.733123
v 326.201836 170.118098 19.891789
v 326.281293 155.309553 22.246037
v 328.696603 157.345276 21.938301
v 330.309425 159.694423 21.926067
v 331.111227 161.836125 22.096214
v 331.653841 163.764651 21.833360
v 331.010240 166.569846 21.574810
v 323.934729 155.418853 20.300429
v 326.752960 157.140439 19.662277
v 328.420734 159.583032 19.632491
v 329.262364 161.950614 19.518619
v 329.882374 164.306562 19.302307
v 329.053068 166.973479 19.620177
v 316.071181 175.127964 18.168476
v 310.844782 178.266134 17.313592
v 305.187518 181.646234 16.957056
v 298.197081 185.589379 17.241609
v 293.747893 189.948632 20.830928
v 289.338696 193.444764 22.771463
v 285.038377 197.231221 24.662075
v 281.631535 202.187270 26.670226
v 276.767073 206.473280 28.609961
v 271.119171 210.222534 30.528881
v 264.762203 213.083292 32.397732
v 258.345617 216.163991 34.565507
v 251.384266 218.675669 36.951597
v 245.297912 221.870576 38.652702
v 322.187646 172.567745 19.252904
v 308.930283 152.066796 20.312677
v 314.701348 152.195560 20.409569
v 303.106560 151.100712 20.055974
v 296.797373 149.413725 19.958707
v 289.158116 148.567873 19.906439
v 282.558825 147.268115 23.230871
v 277.044143 145.195742 25.692690
v 271.987604 142.544427 27.992870
v 266.451897 140.389111 30.027130
v 260.910901 139.338934 31.820255
v 255.114942 138.588185 33.527432
v 249.019059 137.631045 35.276172
v 242.394927 137.810798 36.506468
v 235.562971 137.279460 38.063832
v 319.290385 155.198829 18.102343
v 322.412318 155.905834 18.488274
v 323.983847 157.457015 17.552896
v 325.522398 159.678814 16.970399
v 326.488968 162.287273 16.888064
v 326.885202 164.681870 17.058102
v 326.765917 166.618006 17.706225
v 324.271426 168.220193 17.268330
v 314.689593 154.440938 17.273989
v 319.751917 170.095817 16.454491
v 314.336296 171.873072 15.768472
v 308.737279 174.146505 14.972979
v 303.244226 176.829909 13.969363
v 309.372600 154.191707 16.521300
v 303.681368 153.722701 15.752123
v 297.645382 152.430216 14.626652
v 297.449621 180.090710 12.540149
v 305.002162 155.665974 11.042043
v 298.967940 155.552137 9.745622
v 310.515696 155.961355 12.487224
v 315.531868 156.405945 14.200435
v 320.135994 156.967006 15.768815
v 302.496663 172.582982 10.068051
v 296.795897 174.867659 8.528666
v 307.983661 170.586001 11.343227
v 313.446128 168.706617 12.685727
v 318.733860 166.903806 14.378530
v 322.887027 165.641122 15.880291
v 321.601876 159.681943 14.634015
v 322.485973 162.828947 14.958532
v 318.128885 163.748783 12.678881
v 317.347528 159.843207 12.319909
v 312.988934 164.900277 10.565722
v 312.161691 159.917442 9.764275
v 301.388938 167.256150 8.096599
v 295.316527 168.656502 7.150043
v 307.234248 165.948576 9.157059
v 306.430348 160.524371 8.137093
v 300.470530 161.105144 6.366196
v 293.967008 162.151858 6.157268
v 292.623978 155.674503 8.360016
v 291.008504 152.367532 14.161636
v 291.837505 183.358669 10.009987
v 292.168994 188.596866 14.191119
v 290.996208 177.197972 6.696514
v 289.103192 170.312159 6.057791
v 287.395980 163.302500 6.837119
v 286.223411 155.991308 7.023043
v 284.931667 151.369817 12.573420
v 284.654249 149.350121 16.865239
v 291.359297 190.948145 17.693081
v 280.480315 146.718185 17.910861
v 288.033791 194.188095 18.188604
v 284.770430 198.306099 19.924112
v 281.210306 202.921549 21.117521
v 276.632986 207.640867 22.788879
v 271.558180 212.124492 24.785650
v 266.001171 216.292022 26.978207
v 259.842864 220.115042 29.424026
v 252.635570 222.732480 31.693788
v 246.319613 226.453068 33.763003
v 276.022403 144.017389 20.331609
v 271.069331 141.189407 21.824510
v 265.379684 139.275679 23.547913
v 259.973160 138.063728 25.258791
v 254.487662 136.703952 27.061064
v 248.555225 135.525143 28.697846
v 242.115546 134.713760 30.169864
v 235.310570 133.151151 31.979805
v 277.960900 148.357894 11.760761
v 274.831417 144.419485 15.681620
v 269.935945 142.395010 15.825337
v 264.293520 139.614420 17.142180
v 259.308645 137.199286 18.934893
v 254.098936 135.198012 20.588533
v 248.236357 134.073385 21.981304
v 242.084730 132.008161 23.499609
v 235.266742 130.154988 25.207168
v 286.991903 194.313158 12.232262
v 284.549009 198.706323 15.747415
v 280.891266 202.819584 15.235751
v 275.683064 207.549736 16.693734
v 270.768678 212.312897 18.558646
v 265.648776 216.953976 20.296718
v 259.896894 221.560974 22.160857
v 253.268020 225.290001 24.397820
v 246.876016 228.908994 26.790221
v 286.849487 187.492147 6.478543
v 285.398691 179.845224 3.627957
v 282.718874 172.187977 4.479549
v 280.392867 164.547903 6.842617
v 279.205972 155.933430 5.860962
v 269.224256 146.314371 8.054807
v 271.160437 156.653013 5.334072
v 280.184304 200.123287 7.559182
v 280.448589 190.989360 2.825273
v 279.110357 182.541360 0.880402
v 276.089174 173.956831 1.892881
v 272.897816 165.894880 5.869719
v 274.113831 207.059247 10.458328
v 269.286578 211.534333 12.835512
v 264.525135 215.848864 13.851358
v 258.756680 220.394662 14.900320
v 252.146210 225.236671 16.588125
v 244.876509 229.005855 17.838725
v 262.867649 140.924356 10.698660
v 258.393063 137.382297 12.787572
v 253.421067 135.800010 14.138563
v 247.848792 134.144759 15.039239
v 241.673470 131.596018 15.945795
v 234.764125 129.265725 17.548977
v 269.871839 207.152941 5.482253
v 272.342536 200.512794 2.081762
v 258.539345 143.225275 7.134372
v 261.266844 149.541104 4.891625
v 272.792279 192.455469 -0.815468
v 271.620077 183.885276 -2.137247
v 268.781519 175.282957 -0.444055
v 265.285829 167.221118 3.607055
v 263.424199 158.065729 3.499984
v 256.672528 139.366258 9.228244
v 252.775416 138.728223 9.059137
v 247.353646 136.804683 8.424362
v 240.549085 134.200977 8.247467
v 233.423786 130.898333 9.710573
v 267.780989 210.976923 8.613430
v 263.592516 213.368452 8.013777
v 257.691326 217.490141 7.623468
v 250.246020 222.100606 7.876230
v 242.515658 226.638984 8.710726
v 254.941290 150.382799 1.765518
v 256.209553 159.071416 0.917592
v 257.799275 168.288670 0.860992
v 260.866955 176.495268 -2.754908
v 263.819679 184.857371 -5.619506
v 265.168739 193.759710 -4.629409
v 264.933667 201.645266 -1.226731
v 253.355929 143.563821 5.033747
v 263.953994 208.409224 2.887766
v 247.021423 142.312594 2.676004
v 238.272918 140.173711 0.425426
v 231.542855 134.025131 2.210205
v 256.987017 211.530441 0.795421
v 247.825733 216.451944 -1.550268
v 240.399712 223.846600 0.049366
v 248.212009 150.255366 -1.474984
v 257.458139 203.834472 -4.457390
v 249.052317 159.584515 -2.582125
v 249.991243 169.169549 -1.984707
v 252.796153 177.815696 -5.099718
v 255.658691 186.159992 -8.423859
v 257.232593 195.356924 -7.900877
v 249.438616 206.429281 -7.866669
v 249.098474 197.101980 -10.915725
v 247.461896 187.645679 -11.054444
v 244.795121 179.091848 -7.767093
v 242.424632 169.857574 -5.647385
v 241.534729 159.890762 -6.495366
v 240.421487 149.838030 -4.808588
v 240.102699 216.475571 -8.629872
v 241.375638 207.750227 -12.197414
v 240.828872 198.393947 -13.320807
v 239.211529 189.279984 -12.750351
v 236.808897 180.476750 -10.038279
v 234.650922 170.921740 -8.827277
v 233.489030 160.668587 -9.676275
v 232.506823 150.852965 -8.271872
v 230.939473 142.435950 -4.945414
v 237.345137 221.699979 -5.546076
v 228.726173 137.149840 -2.478364
v 231.840157 217.427357 -12.242860
v 230.696240 223.686931 -7.111753
v 223.063232 136.297578 -3.682009
v 223.814092 143.175113 -8.309351
v 224.782039 151.847071 -11.553618
v 225.392831 161.679459 -12.268944
v 226.730708 172.140009 -11.204797
v 228.835554 181.758460 -12.445143
v 231.191673 190.491613 -15.373852
v 232.838770 199.439679 -16.541269
v 233.268438 208.718186 -15.395003
v 215.155231 137.020949 -4.441602
v 215.649593 144.126296 -10.223278
v 216.592099 153.170998 -13.070665
v 217.403262 162.824767 -13.788247
v 218.653884 172.910061 -13.326370
v 220.270071 182.678405 -13.080849
v 222.259488 190.966196 -17.423772
v 223.401979 200.344505 -18.852364
v 223.486334 209.597935 -16.726485
v 222.812286 218.209292 -13.265897
v 223.057866 224.872616 -7.378875
v 224.308876 131.121056 2.559916
v 226.005842 127.326047 10.625057
v 227.312077 126.479035 19.245060
v 230.062629 165.723860 73.635147
v 229.935109 158.915774 68.760986
v 230.051740 156.091924 64.200399
v 230.233241 152.152823 58.220787
v 230.034103 148.936390 54.006487
v 229.357076 145.473882 49.578653
v 229.028094 140.639975 45.572636
v 228.664217 135.451043 40.461248
v 228.114865 130.734246 34.228639
v 227.821345 127.828037 27.266764
v 231.563930 174.641509 74.249473
v 233.327794 183.729832 73.434866
v 234.618971 193.532671 73.083691
v 236.280101 201.224771 71.289084
v 238.674142 206.259008 67.471104
v 232.532018 228.115158 -0.134318
v 234.391879 230.693242 8.781658
v 236.611041 232.458958 17.999076
v 238.407591 232.174664 26.716699
v 239.687961 208.960939 63.230158
v 239.352493 210.167757 58.264893
v 238.270062 211.025271 53.096305
v 237.567572 214.188338 47.727481
v 237.996507 219.490699 43.852289
v 238.705212 225.055605 39.980891
v 238.880541 229.573369 34.186329
v 224.545956 230.385996 -0.446166
v 226.335353 233.624188 8.215060
v 228.311760 235.486206 17.252150
v 230.152646 234.995292 26.088363
v 231.076889 231.807501 34.070366
v 231.534614 227.318075 40.373227
v 231.629652 222.471572 45.379083
v 231.435976 218.278460 49.928370
v 231.799775 214.792731 54.390826
v 233.329348 212.972757 58.924165
v 233.127641 209.999823 62.848426
v 232.608854 207.083911 66.559120
v 230.042518 201.519785 69.604059
v 227.858473 193.774829 70.671878
v 225.829741 184.958291 71.730733
v 224.062162 175.914217 71.118250
v 222.308654 167.177358 70.865692
v 222.192973 159.546308 66.837488
v 222.569494 154.455166 61.787331
v 222.289382 153.528373 57.912116
v 222.883013 148.597848 53.582296
v 222.645946 143.773583 50.960266
v 222.240215 138.983649 47.405788
v 221.542527 134.378361 42.063832
v 220.645791 130.361026 35.908486
v 219.534223 128.008005 28.312834
v 218.581398 126.623722 20.268864
v 217.130489 127.013548 11.291448
v 215.838332 131.297135 2.806393
v 207.351185 146.472906 -10.179950
v 208.535877 154.718328 -14.075936
v 209.645514 164.099071 -15.061625
v 210.822921 173.795236 -15.329252
v 212.152324 183.325604 -14.449889
v 213.789953 191.676977 -17.931166
v 214.648352 200.565125 -18.438697
v 214.999845 209.212871 -16.829523
v 214.986036 217.220496 -13.511290
v 215.215565 223.754712 -7.826031
v 216.152239 229.064314 -0.400234
v 217.430858 233.324582 8.209442
v 218.885849 236.048416 17.051606
v 220.330117 236.115256 26.128064
v 221.475584 233.008091 34.226471
v 222.497558 229.830005 41.271935
v 223.087870 226.081409 47.175549
v 223.327815 221.721273 51.522418
v 223.318202 217.613631 55.191267
v 223.444478 214.084212 58.818882
v 222.915957 210.906922 62.411069
v 222.025916 206.909744 65.466626
v 220.501864 201.366710 67.489887
v 218.809563 194.302421 69.022163
v 216.988051 186.061905 69.897274
v 215.676426 177.699991 69.617513
v 214.331529 169.652367 68.612101
v 213.928780 161.599029 66.161090
v 214.055805 154.703483 60.894297
v 213.507965 148.661792 58.180042
v 213.857714 145.079341 55.393783
v 213.645813 141.109323 51.958577
v 206.864287 140.434802 -3.900768
v 213.362579 137.291387 47.768251
v 212.495226 133.585903 41.858239
v 211.511598 130.600642 35.081576
v 210.595429 129.327894 27.279036
v 209.040750 129.293425 19.172798
v 207.582019 130.548715 10.954817
v 206.848827 134.953722 2.958592
v 210.884629 201.343590 65.948182
v 209.666380 194.341900 67.283887
v 207.132989 178.953403 69.136929
v 206.014438 171.350326 67.638897
v 208.446441 186.781001 68.506542
v 205.080714 163.970440 65.969013
v 204.287806 157.295442 63.003771
v 204.008157 150.317267 57.476070
v 200.935902 134.921296 26.958166
v 200.273218 136.264572 19.286574
v 201.332102 134.528671 33.458375
v 202.617460 136.403406 42.399883
v 203.100117 139.251521 47.629386
v 203.053463 143.176813 52.044361
v 203.233166 146.793072 54.749408
v 212.476293 207.225963 64.298642
v 213.650791 212.158390 62.082786
v 214.518237 216.092146 59.180396
v 214.834824 219.523584 55.660161
v 199.762076 138.183317 11.084484
v 198.986578 141.378306 3.731954
v 199.204854 145.216286 -2.949247
v 200.152402 149.864416 -8.695511
v 200.834833 156.352677 -14.097694
v 202.086618 165.006094 -16.917953
v 203.655620 174.473674 -17.702588
v 204.578831 183.820893 -15.781144
v 206.002947 192.254967 -18.330913
v 206.628154 200.600846 -18.218647
v 207.103568 208.916394 -16.758611
v 207.450485 215.955558 -12.472089
v 207.944121 221.811749 -6.959584
v 208.830605 226.735859 0.384544
v 214.796637 222.754880 51.649818
v 214.420607 226.141460 46.997990
v 213.772255 229.644720 41.164123
v 213.029407 232.609944 34.235795
v 211.744254 234.933955 26.060704
v 210.696865 233.846075 17.065050
v 209.925101 230.357382 8.720243
v 193.546015 151.298776 -1.178957
v 192.681633 148.369427 4.369905
v 193.531075 144.364251 11.147447
v 194.569174 141.583834 18.582659
v 194.701253 139.551004 26.264003
v 194.287594 138.685859 33.240866
v 196.121433 139.853743 42.184710
v 197.133488 142.389293 46.571715
v 197.267527 145.691216 50.100743
v 197.856213 148.956906 53.605684
v 198.120128 151.715390 56.547527
v 197.708991 158.964411 61.372254
v 198.035681 165.248798 64.709737
v 198.826615 172.409914 66.711443
v 199.863707 179.873976 67.455200
v 201.047587 187.279884 66.501800
v 202.162395 194.476157 65.405059
v 203.188362 201.391596 64.605637
v 204.237579 207.660202 63.459845
v 205.574235 212.459834 61.026032
v 206.389311 216.556689 58.394085
v 206.771504 220.040630 55.136596
v 206.835539 223.113820 51.890279
v 206.250486 226.070366 47.575380
v 205.740162 228.486925 41.026845
v 205.529597 230.504522 33.926125
v 204.647479 231.928942 25.800248
v 203.875401 230.468087 17.459821
v 203.201385 227.251884 9.479669
v 202.001132 223.917227 1.365881
v 201.008237 219.464515 -5.547375
v 200.199421 214.252337 -10.994062
v 199.658053 208.315839 -15.719738
v 199.024381 200.616190 -18.099609
v 198.704060 192.804632 -17.678314
v 197.679293 184.409838 -18.109958
v 196.599156 175.092473 -19.425909
v 195.391874 166.762937 -13.880619
v 195.107406 157.808847 -12.285070
v 194.653769 152.308938 -6.633179
v 193.310302 155.072690 -15.402689
v 193.246033 150.632187 -9.776538
v 191.128685 164.685140 -14.677129
v 191.457645 175.780160 -17.460159
v 192.172540 184.686026 -18.896560
v 192.464019 193.182623 -17.253984
v 192.471904 199.242589 -17.040808
v 193.311459 206.625778 -13.935186
v 194.078217 212.145078 -9.702296
v 194.693513 216.762251 -4.023798
v 196.036429 220.393781 2.889648
v 196.833305 224.454609 10.050443
v 197.478714 227.720127 17.428151
v 198.151914 229.192393 25.157012
v 198.920099 228.638314 32.552218
v 199.434792 227.627291 39.536808
v 199.785225 225.869331 46.604431
v 199.753634 222.997128 50.788607
v 199.558811 219.959202 54.249567
v 199.202846 216.418353 57.094397
v 198.486763 212.355817 59.560201
v 197.455075 207.437966 61.728650
v 196.618899 201.277262 62.812815
v 195.807056 194.583092 63.384496
v 194.781415 187.653393 64.481944
v 193.693716 180.502753 65.099347
v 192.815015 173.267854 64.867652
v 192.256799 166.086873 63.759410
v 192.906554 160.775681 58.385725
v 192.644156 154.853306 54.894283
v 192.931975 152.015773 51.900169
v 192.537307 149.284608 46.964488
v 192.355857 146.700776 44.495623
v 191.559925 144.407973 41.890416
v 190.084333 141.858432 34.527229
v 189.930198 144.989740 26.679295
v 190.402779 145.496515 21.014013
v 189.665595 148.129783 13.517981
v 189.123625 152.015947 5.129135
v 190.894601 151.433530 -1.442228
v 193.235117 150.608270 -5.273222
v 192.265798 147.935020 -7.065969
v 192.769126 160.865535 -13.640004
v 192.789429 157.996131 -18.733543
v 192.693837 163.274109 -20.614308
v 191.984777 174.016799 -22.683555
v 189.427308 182.991481 -21.574868
v 188.170124 192.993446 -19.532733
v 187.501625 198.271447 -16.757686
v 187.790086 204.201801 -12.543389
v 188.214407 208.809231 -7.722442
v 189.088356 213.770126 -2.448623
v 190.332924 217.711922 3.766079
v 191.197833 221.437261 10.556456
v 191.780987 224.555699 17.345984
v 192.020586 226.848508 24.295659
v 192.346004 227.215781 31.403133
v 192.719489 226.135523 38.222184
v 192.655361 225.187001 44.855051
v 192.756316 222.662361 49.743656
v 192.910416 219.514789 52.986267
v 192.714149 215.947690 55.462287
v 192.251040 211.964132 57.469601
v 191.454751 207.160547 59.354172
v 190.611033 201.364955 60.866612
v 189.905717 194.861859 61.652548
v 189.149874 188.038841 62.392831
v 188.454249 180.994127 62.661285
v 187.847214 173.869657 62.413892
v 187.251257 166.638324 62.492668
v 187.443821 160.082252 60.272469
v 188.895251 159.628752 54.927077
v 188.329704 157.101387 52.261728
v 188.191632 154.162070 49.140260
v 188.315565 152.025356 45.045027
v 188.130635 150.987221 42.654689
v 188.384069 149.628703 41.070007
v 187.782708 144.628888 38.754814
v 187.323437 148.783871 27.649731
v 187.239578 145.951979 32.824034
v 186.529704 150.871586 22.149289
v 186.315858 152.627570 15.597071
v 185.739850 153.223926 7.491063
v 187.107454 150.345593 2.501558
v 191.119006 146.831327 -1.223038
v 188.958116 145.031433 2.590357
v 183.236646 153.507810 28.943727
v 183.302011 150.141966 32.384235
v 182.106205 152.965899 23.846484
v 182.805142 152.345229 17.571152
v 184.246731 149.953193 11.957526
v 185.851626 147.671598 6.953251
v 186.560182 143.523074 8.151753
v 182.753858 145.231879 26.249754
v 183.879737 143.412911 19.895217
v 184.824163 143.039333 15.018305
v 183.961729 141.300446 28.561002
v 185.340393 139.668483 21.487945
v 186.000705 139.384482 15.064787
v 187.234702 140.665830 8.523250
v 189.214778 142.763379 2.596464
v 190.993397 144.951806 -1.941425
v 184.754358 139.855883 31.214601
v 183.599535 136.756881 23.487582
v 183.167934 138.535097 16.511990
v 184.134672 140.422388 8.900819
v 186.504127 142.397089 2.235416
v 188.717134 143.830037 -3.461338
v 183.908300 145.464235 31.418563
v 185.395686 144.681295 32.580322
v 186.041425 141.239553 36.185383
v 186.994633 143.223281 33.652154
v 192.153275 147.474851 -3.738587
v 191.616823 146.008299 -5.090408
v 190.129825 144.983502 -5.973106
v 188.975861 145.699569 -8.034876
v 191.065022 148.451285 -11.367023
v 191.207176 152.491592 -17.092757
v 190.714560 155.836566 -20.128268
v 189.971648 161.691452 -23.006789
v 190.628842 171.835594 -26.581909
v 189.164511 182.278072 -26.916654
v 187.423951 193.730121 -23.053744
v 185.520030 199.513756 -19.270538
v 184.909990 204.474012 -14.058080
v 183.993115 208.834344 -8.683203
v 184.201545 212.223224 -2.228892
v 185.286590 215.344320 4.320236
v 186.297596 218.739386 10.869678
v 186.733832 222.044957 17.131288
v 186.984163 224.047483 23.635772
v 187.342956 224.458362 30.220582
v 187.657203 223.683816 36.765012
v 187.341030 222.893233 42.852991
v 187.130974 220.964369 47.721157
v 187.162911 218.247979 51.016359
v 187.057116 215.063296 53.296711
v 186.737457 211.423838 55.079776
v 186.138516 206.862074 56.889984
v 185.226241 201.485976 58.783018
v 184.494576 195.229821 59.953531
v 184.095186 188.457601 60.249961
v 183.300101 181.566395 61.218484
v 183.089603 174.384848 60.914761
v 182.962147 167.061407 60.567561
v 183.418237 159.220348 59.661196
v 185.456493 143.644751 41.225736
v 183.148267 140.454084 39.064111
v 185.328543 149.611825 42.363432
v 185.923786 146.895470 41.275993
v 185.088772 150.613301 43.455503
v 185.168173 152.164711 45.393819
v 185.029814 154.125133 48.318752
v 185.099829 156.779839 51.260350
v 185.556163 158.063396 54.087599
v 184.967975 148.001271 45.016512
v 184.470867 150.086603 47.082092
v 184.553864 152.120959 49.507125
v 184.958409 154.116523 51.954476
v 185.564209 156.202143 54.565545
v 187.321031 159.095046 56.504044
v 184.023860 143.452528 43.053044
v 184.317007 146.128086 46.349985
v 184.546833 148.233047 48.440527
v 184.629088 150.048951 50.892041
v 184.973091 152.016482 53.125588
v 185.090769 155.036021 56.471158
v 183.644641 154.896946 57.130407
v 183.072899 151.132805 53.813459
v 182.785180 149.378300 51.509439
v 182.486967 147.511633 49.439458
v 182.492373 145.688207 47.067851
v 182.052743 143.668037 43.474783
v 182.884987 137.157898 33.299098
v 180.963947 135.994352 25.814419
v 180.108062 138.760423 17.629166
v 180.908958 140.703201 9.772663
v 182.838447 142.909752 4.039416
v 185.712400 143.480280 -2.330312
v 180.941365 146.334564 41.735786
v 181.337021 147.990397 44.806132
v 181.457470 149.270503 47.308841
v 181.511938 150.972101 49.691116
v 181.764125 152.897550 51.834718
v 182.250835 156.518634 55.040837
v 181.947886 159.886905 57.065373
v 179.681746 142.915228 37.952186
v 178.376472 139.891034 33.143463
v 178.424295 139.513683 26.814561
v 176.685102 140.263684 19.675489
v 177.672609 141.297975 10.734887
v 180.022961 139.858509 3.892359
v 183.702850 140.929617 -2.498196
v 187.954029 142.678456 -9.324581
v 188.465575 146.694283 -13.006931
v 187.436422 151.106256 -16.786611
v 185.678754 155.044029 -21.230943
v 184.962005 160.958716 -22.772847
v 185.698661 169.940759 -25.626029
v 185.182313 182.710760 -29.709915
v 183.970750 192.547391 -26.381230
v 182.064297 200.061619 -22.777693
v 180.846862 205.894534 -17.802473
v 179.444318 209.576777 -11.509134
v 179.280139 213.007949 -3.457005
v 180.066619 215.454049 3.540529
v 181.142055 217.603042 10.445417
v 181.979039 220.073798 16.743619
v 182.334538 222.440994 22.816238
v 182.529981 222.688880 29.242532
v 182.883539 221.469420 35.282236
v 182.748652 220.506392 40.987284
v 182.862670 218.467750 45.360751
v 182.681811 216.225232 48.423458
v 182.525703 213.522717 50.547419
v 182.194485 210.446721 52.368288
v 181.480097 206.511321 54.250270
v 180.490437 201.501217 56.256200
v 179.518611 195.643603 58.386592
v 179.421115 188.898044 58.590663
v 179.435573 182.111922 58.632006
v 179.613119 175.214531 58.275208
v 180.238534 167.999410 57.776920
v 177.145206 142.489538 28.796174
v 175.180034 143.602909 25.688911
v 175.900849 144.529516 33.996890
v 173.581383 146.482049 31.134255
v 177.615748 144.874310 37.525117
v 177.247697 147.200766 40.148065
v 174.595589 148.230826 37.809078
v 171.772953 148.821281 35.640108
v 171.905340 150.928922 41.997052
v 169.892563 152.198780 39.518751
v 171.413992 152.736604 45.325779
v 168.036098 154.597861 43.032088
v 177.039604 150.519557 43.064838
v 177.428561 152.993501 44.605503
v 172.175344 156.747329 46.366980
v 167.819043 156.662778 47.410435
v 176.971324 155.661021 46.671532
v 173.017573 160.245435 47.465265
v 168.753456 161.346444 48.426175
v 177.430366 157.859595 48.969220
v 179.422249 191.838833 -27.060663
v 177.992490 199.066328 -23.978150
v 181.214662 181.972196 -28.834908
v 182.107345 172.155377 -25.137121
v 182.401916 162.878895 -23.354631
v 182.484598 157.611456 -23.582624
v 175.124529 211.697011 -13.135132
v 176.345119 205.850328 -19.237127
v 174.577950 214.716707 -5.832739
v 175.603419 216.568834 1.595467
v 176.846733 218.326577 9.009041
v 177.536393 221.047295 15.500330
v 177.750715 221.616748 22.062201
v 178.523603 220.555333 28.147255
v 178.781941 219.416081 33.814263
v 178.361454 218.199713 39.397868
v 178.628237 216.606204 43.227900
v 178.310051 214.487614 46.092870
v 177.928997 212.398760 48.340959
v 177.578835 209.720793 50.104471
v 177.017920 205.991227 51.751660
v 176.120996 201.161626 53.613206
v 175.143447 195.670699 55.935136
v 175.676321 182.814847 56.349868
v 174.823132 189.243823 57.838618
v 176.615798 176.478513 55.541066
v 177.246431 170.257863 54.735016
v 177.896108 164.396212 53.669245
v 178.060282 160.657971 51.827935
v 173.992382 163.718305 49.466218
v 169.621705 165.512563 48.878814
v 174.073179 167.463966 51.149510
v 170.066331 169.001291 50.611612
v 173.479896 172.146049 52.562690
v 169.463551 172.306239 53.074114
v 172.407773 177.240051 54.366695
v 168.785680 176.617407 55.712668
v 171.457730 182.789537 56.625394
v 167.326554 182.481506 56.371676
v 170.584775 189.307860 56.278162
v 166.808566 188.423107 54.461159
v 170.977259 195.230926 53.631846
v 166.866519 194.159894 52.064541
v 171.429001 200.792744 51.455251
v 167.122804 199.491613 49.964006
v 172.229351 205.254093 49.375586
v 167.954691 203.467326 47.390318
v 173.163143 208.471513 47.395575
v 168.859025 206.552028 45.145505
v 173.914895 210.815636 45.450954
v 169.376972 209.401031 43.262297
v 174.209104 212.912804 43.546703
v 169.892073 211.619801 41.191358
v 174.473987 215.053149 41.020481
v 170.495653 213.495196 38.465980
v 174.551681 217.071442 37.324958
v 170.497254 215.906042 35.383496
v 174.927767 218.017665 32.364741
v 171.115598 216.725030 30.825582
v 175.000628 218.598236 26.997311
v 171.574152 216.803822 25.919924
v 174.992377 218.474814 21.339383
v 172.027084 216.076922 20.751284
v 174.200521 218.710106 15.311536
v 172.217418 215.762271 15.185488
v 173.333271 218.631121 8.690814
v 170.780404 217.056438 8.848057
v 172.071571 218.097180 0.511196
v 172.294900 215.927782 -6.747090
v 169.950960 217.813632 4.811843
v 172.779244 212.294403 -12.949367
v 173.801674 206.546501 -18.232312
v 175.368906 198.908407 -22.661675
v 177.162949 191.299948 -25.997405
v 179.090261 183.134936 -26.531012
v 179.604950 177.492473 -25.307978
v 179.530678 162.864023 -25.556232
v 181.217040 156.207747 -24.979999
v 178.704981 170.305673 -26.683625
v 176.939717 176.907541 -25.765261
v 176.197099 183.424214 -25.202990
v 175.734992 190.569636 -23.145585
v 174.236265 197.877904 -19.812078
v 173.322915 204.614544 -15.558835
v 172.381262 209.438023 -9.897315
v 172.019980 212.720163 -4.187007
v 170.731444 215.737676 -0.813603
v 169.871049 215.632310 3.473130
v 168.323301 214.617747 6.530470
v 168.167926 217.173751 7.067252
v 168.504812 217.318059 9.712254
v 169.592786 214.572189 15.214570
v 164.732158 216.147745 10.820143
v 165.696064 216.230016 12.574354
v 161.438969 213.565074 14.015888
v 163.433003 213.395728 16.015092
v 157.572450 211.383143 17.126247
v 158.785034 211.224493 19.846581
v 168.750650 214.721339 20.205212
v 167.965464 214.904396 25.102725
v 167.637362 214.226929 29.552804
v 167.043575 213.354382 33.413420
v 166.460102 211.960285 36.698805
v 166.058807 209.884521 39.206350
v 165.283545 207.835971 41.633148
v 164.639969 205.111363 43.716109
v 163.777668 202.007660 46.179430
v 163.051867 198.069927 48.763717
v 162.843513 192.935761 51.035071
v 163.211516 187.095065 53.056609
v 163.859426 181.323610 55.126689
v 165.215608 175.575862 56.130001
v 166.883112 171.221749 54.062432
v 167.622481 169.047139 51.745770
v 166.418069 166.831797 50.698303
v 164.714542 162.798029 49.526416
v 162.854162 156.744628 47.451395
v 163.552660 152.095793 44.521371
v 166.636326 149.528657 40.328803
v 168.655469 146.205283 35.931553
v 170.144013 143.347882 31.268266
v 171.600161 140.570474 25.482781
v 172.759841 138.753968 17.672196
v 172.972928 143.186769 9.806136
v 176.311225 139.499353 2.436648
v 180.901364 138.944766 -3.850739
v 185.711475 139.042912 -10.374201
v 189.248031 142.157839 -15.322707
v 187.348210 147.230588 -19.449542
v 185.071150 150.548771 -23.392659
v 165.604438 213.019848 9.413569
v 162.414808 211.116319 12.193592
v 158.101537 209.352912 13.811857
v 153.822744 209.821560 19.811560
v 155.193922 209.787292 22.781175
v 153.565473 207.938686 15.443083
v 164.361810 169.090126 53.758013
v 161.725453 165.900564 52.735000
v 158.474552 160.721266 52.202489
v 158.897237 171.419114 54.447565
v 155.238515 168.359504 53.712894
v 162.052032 173.965458 55.027562
v 157.033532 177.700358 53.205833
v 153.092464 175.307249 52.774621
v 160.614678 179.638578 53.899899
v 155.704979 184.040653 52.186199
v 151.463510 182.304967 51.240763
v 159.557022 185.662826 52.534915
v 155.060947 190.084712 50.214698
v 150.701836 188.554972 49.635485
v 159.061290 191.487844 50.725071
v 155.194555 195.218883 47.586929
v 150.852884 193.964513 46.871619
v 159.181438 196.570100 48.222550
v 164.339770 211.949640 20.639638
v 159.929638 210.203855 22.579842
v 156.535036 209.558748 24.160129
v 156.253870 209.175499 26.376382
v 160.085696 210.037577 25.834823
v 164.221032 212.242461 25.003098
v 156.185156 208.875393 28.846129
v 160.134392 209.523401 28.797757
v 164.297498 211.306612 28.767317
v 160.149323 208.631836 31.444943
v 156.008344 208.097764 31.036822
v 163.945656 210.508836 32.131596
v 159.852335 200.534878 45.285058
v 160.771160 203.585892 42.463986
v 161.748538 205.957057 39.909639
v 162.498951 208.043375 37.561831
v 163.042057 209.830345 35.038439
v 155.909942 199.166914 44.467452
v 156.900411 202.242359 41.457084
v 157.919626 204.769001 38.746973
v 158.974484 206.390009 36.104030
v 159.732336 207.683389 33.779098
v 151.671472 197.979572 43.560277
v 152.539277 201.216049 40.694405
v 153.687806 204.144655 38.093734
v 154.894503 205.989013 35.418192
v 155.614773 207.002242 33.073857
v 158.598176 207.818279 9.075919
v 155.282801 205.927298 10.267382
v 162.387610 209.287646 7.390302
v 165.724646 210.535036 5.826831
v 168.418445 211.919406 3.267987
v 160.283480 204.762381 5.096643
v 156.676246 203.720136 5.403580
v 163.480151 206.305861 3.012083
v 165.968600 208.123303 0.934156
v 168.855899 209.876812 -0.598422
v 161.088602 203.444979 1.128973
v 158.085481 204.022381 -0.914539
v 164.410798 203.841248 -1.169977
v 167.479814 205.139440 -2.380364
v 169.956832 206.754775 -4.275797
v 170.789429 203.905261 -8.475805
v 167.279237 203.577872 -6.314671
v 163.185739 204.306363 -4.477357
v 170.503262 201.978031 -14.576823
v 170.759332 197.572059 -18.248462
v 168.283647 204.352754 -12.275278
v 171.590409 191.105150 -23.583859
v 172.805342 184.127554 -26.551819
v 173.714391 176.810935 -27.495605
v 175.810945 169.777808 -29.108055
v 176.625681 162.223252 -27.948669
v 179.007242 155.107389 -27.739108
v 182.795035 148.363284 -27.279843
v 186.140323 144.085939 -23.790229
v 188.316180 139.451160 -19.604221
v 187.099704 136.537430 -14.716792
v 181.742196 135.009306 -10.391558
v 184.951454 134.405924 -12.794551
v 178.354988 135.534526 -5.953415
v 174.158696 137.495984 -2.412839
v 172.234206 139.653163 3.381418
v 170.757126 139.131980 7.706169
v 170.561315 137.882349 0.514953
v 171.025028 136.400295 12.357742
v 169.735379 135.056439 20.146207
v 169.542458 134.662839 15.383271
v 169.159511 136.799722 26.360720
v 167.618268 139.536175 32.142913
v 165.874107 142.646025 36.280387
v 164.115455 145.544967 40.921213
v 161.609497 148.722308 45.104186
v 159.253221 153.464063 48.680531
v 155.542740 158.346373 52.870786
v 150.620665 165.733881 52.801320
v 148.151560 172.949247 52.447412
v 146.353871 180.439026 51.370788
v 145.373009 187.038970 49.198783
v 145.670964 192.851614 46.219925
v 146.516713 197.436958 43.205772
v 147.465320 200.654143 39.694183
v 149.048704 203.048175 37.064806
v 150.681491 205.221900 34.734509
v 151.537458 206.264340 32.218866
v 152.636380 207.089107 30.051172
v 153.657095 207.608902 28.353355
v 152.898797 207.696560 25.515577
v 150.589267 209.119919 22.771429
v 149.823462 207.369976 18.519748
v 151.351023 206.684987 13.391577
v 148.762111 206.372692 14.721726
v 152.088539 204.673939 10.296151
v 148.709708 204.582482 10.574261
v 152.672632 203.500637 5.536327
v 148.713404 203.410765 5.873238
v 153.356259 205.178743 0.673058
v 149.188952 206.131866 1.893258
v 157.680710 207.144953 -5.259244
v 153.523630 207.798256 -3.806491
v 161.597793 206.452808 -7.389265
v 165.110488 205.389895 -9.608122
v 150.437104 209.914110 -0.738341
v 157.354631 208.705951 -10.049176
v 153.653692 209.450707 -8.665102
v 160.267249 207.419784 -10.718980
v 161.923253 206.086098 -13.757047
v 164.133522 203.672879 -15.706864
v 165.158700 200.683729 -17.499956
v 165.695478 197.168020 -20.336379
v 167.502720 191.684120 -25.186742
v 169.112494 184.731619 -28.362497
v 170.597081 177.323599 -30.167341
v 172.637437 169.703326 -31.697002
v 173.203278 161.662118 -30.074831
v 175.773272 153.786154 -30.177480
v 180.323398 146.984499 -31.183680
v 184.351893 140.347300 -28.198006
v 185.688163 135.759401 -22.773355
v 187.072969 132.391668 -17.216283
v 185.786857 130.718948 -12.730026
v 182.397190 130.385110 -8.574615
v 178.026867 130.722338 -5.120593
v 173.411037 132.282699 -2.965266
v 169.193958 133.536816 -1.963758
v 168.636773 136.500422 4.715507
v 164.922066 134.845617 1.386609
v 168.546521 133.898646 8.574375
v 164.625216 131.997765 5.460560
v 167.597101 131.879507 13.225517
v 164.927769 129.405356 9.440565
v 157.941977 207.570915 -14.354356
v 153.948418 209.572219 -13.514856
v 158.951976 204.687205 -17.062468
v 159.708809 201.022520 -18.917934
v 161.156122 197.033922 -22.556903
v 163.046326 192.026846 -27.039946
v 164.854633 185.299750 -30.470857
v 166.612468 177.797627 -32.794641
v 168.516776 169.729567 -34.236198
v 169.163241 161.261223 -32.393761
v 171.495779 152.029911 -32.910899
v 177.467135 145.151629 -34.766213
v 180.516609 137.465250 -32.031182
v 183.020426 131.213812 -25.496188
v 184.319360 127.640281 -18.807971
v 184.018325 126.007155 -14.452039
v 181.757264 125.238281 -8.489673
v 177.192155 124.944453 -4.303359
v 172.924692 127.672241 -2.058588
v 168.941283 127.977554 -0.609122
v 162.992265 130.927499 -0.427426
v 161.356220 129.949519 2.538933
v 161.296955 127.664039 6.899160
v 163.817655 127.949473 14.428857
v 161.143464 125.097916 12.613910
v 166.207561 131.423623 19.367887
v 164.986430 133.175820 25.878310
v 163.506524 134.826297 32.543428
v 162.011962 137.972039 37.402862
v 159.795532 139.637020 41.550480
v 158.129604 145.213517 46.247844
v 154.497400 149.526514 49.905016
v 150.489628 155.544112 51.489049
v 146.454072 161.737702 52.512877
v 141.910995 171.237051 52.214617
v 140.390427 178.726837 50.714864
v 139.408977 185.188487 47.522084
v 139.609510 191.632130 44.269510
v 140.763566 196.572123 41.357107
v 141.093048 200.945781 37.007342
v 144.971890 202.317134 35.557336
v 145.772357 204.236120 32.774703
v 147.643188 205.624680 30.142581
v 149.509613 206.694287 27.876320
v 147.217668 208.021340 25.336939
v 146.320967 206.625048 20.810113
v 145.311308 205.830253 15.937806
v 145.106464 204.488617 11.064922
v 145.039626 204.309964 6.208548
v 146.292110 207.320638 4.235084
v 146.166608 211.641984 2.414913
v 150.084544 211.990079 -5.927972
v 146.746002 214.217077 -2.702456
v 149.219783 212.131816 -11.540071
v 146.050217 215.041648 -10.488441
v 149.163416 208.778125 -16.789509
v 145.133046 210.704256 -17.285936
v 154.019274 207.081190 -17.646005
v 149.957848 204.595451 -21.228493
v 145.130246 204.707492 -19.449418
v 154.533900 202.188463 -19.787140
v 151.000087 199.007765 -24.628044
v 145.149081 199.778578 -23.823414
v 156.161585 197.663874 -23.765584
v 152.500613 193.185683 -29.077885
v 146.592254 194.080236 -29.237434
v 157.969745 192.404186 -28.216988
v 154.141935 186.259249 -32.984063
v 148.028459 186.725881 -33.463242
v 159.815950 185.838830 -32.152459
v 155.950805 178.529747 -36.103060
v 149.789812 178.709691 -36.829632
v 161.574807 178.186628 -34.683075
v 157.470203 170.058657 -35.607256
v 151.533943 169.956224 -36.899975
v 163.226018 169.978585 -35.716468
v 159.458897 162.043859 -36.926138
v 153.727136 161.504433 -38.032471
v 164.533365 161.868596 -35.041005
v 161.140159 154.670828 -36.262064
v 156.260673 153.217423 -37.389924
v 165.803491 154.048010 -34.479769
v 171.172904 148.145095 -36.280977
v 167.282832 148.970618 -37.317639
v 174.090449 142.758893 -37.682756
v 176.617498 134.312413 -34.511003
v 163.055544 149.567687 -37.446237
v 160.897323 145.602848 -40.012524
v 179.880782 127.895340 -27.331939
v 181.113804 123.542472 -21.005358
v 181.389599 120.987730 -15.373000
v 180.489991 120.517508 -9.875001
v 176.256747 120.441904 -4.532190
v 172.271520 122.625778 -1.677960
v 168.365433 123.801690 0.109546
v 162.647346 126.598420 0.890911
v 159.425446 128.103966 0.985114
v 157.620461 126.245042 4.055117
v 157.483402 123.267422 9.927592
v 168.147125 143.191802 -38.519711
v 169.870603 135.564004 -38.235045
v 162.564499 137.082036 -40.071372
v 174.068613 128.684881 -32.188331
v 168.986033 130.129776 -33.932768
v 162.335334 132.197023 -35.361072
v 177.182983 125.731287 -28.367438
v 175.627436 120.357278 -24.519442
v 178.667872 117.003542 -17.421834
v 178.831035 116.652747 -11.886010
v 175.471738 116.509900 -5.838872
v 171.643828 118.354090 -1.955339
v 167.671456 120.005860 0.258524
v 161.869669 123.121213 1.430166
v 158.274496 125.758261 0.511874
v 154.968745 125.234390 2.125456
v 155.149139 122.308443 6.412394
v 168.031668 124.208469 -31.981922
v 163.369472 125.508562 -32.347965
v 171.906744 123.382271 -30.003777
v 151.400085 120.549017 5.131814
v 151.867185 122.413874 0.888873
v 146.191070 117.602344 5.022867
v 146.414627 119.566978 -0.844617
v 141.568673 113.108379 4.166400
v 142.366677 114.253550 -0.427391
v 137.279690 106.550605 2.992967
v 138.658265 107.592677 -0.259233
v 132.763075 101.866042 -0.599821
v 134.597785 102.583020 -2.988028
v 127.831310 98.774336 -6.489888
v 130.609037 99.953040 -8.295219
v 124.110121 97.838781 -12.943597
v 128.323953 98.821079 -14.403572
v 123.097997 100.461088 -19.987751
v 126.783262 100.204920 -20.583555
v 122.661861 103.813136 -25.759162
v 126.491922 101.559207 -26.467034
v 124.465706 106.850083 -31.586957
v 127.858632 104.003767 -31.421021
v 132.174200 111.693557 -32.427979
v 133.403085 107.284051 -31.981088
v 136.841258 115.220661 -30.707530
v 138.863641 110.853516 -31.804773
v 141.476661 119.490395 -31.607858
v 144.118091 115.131704 -31.316174
v 146.758189 124.520469 -31.235726
v 149.299948 119.975633 -30.752420
v 153.054650 130.413001 -32.000410
v 155.516028 125.050750 -31.378098
v 155.788291 120.514904 1.123921
v 149.938089 116.402103 0.687370
v 145.645636 111.981707 0.731347
v 142.578510 104.273969 1.628370
v 137.420940 99.432569 -1.307750
v 134.086453 94.769035 -5.468798
v 131.205893 93.510983 -10.594439
v 127.774285 94.483872 -22.587936
v 128.501945 92.622154 -17.509295
v 130.354698 90.023837 -13.933495
v 127.694105 96.970859 -28.063144
v 129.180400 100.348223 -33.017855
v 134.136028 103.964121 -35.188284
v 139.893405 107.001595 -35.161032
v 146.248952 109.793281 -33.679343
v 150.738423 114.742779 -31.666752
v 156.058726 117.867476 -31.539678
v 161.604440 118.988760 -31.811686
v 166.476370 118.460342 -30.878562
v 169.057187 117.599439 -28.171471
v 172.341383 115.355620 -24.769334
v 175.437200 113.898737 -19.522034
v 175.515208 111.669986 -13.855800
v 173.919410 112.429270 -7.435270
v 161.193019 118.563687 1.574466
v 166.013705 115.678833 0.358422
v 169.555533 114.113463 -1.912562
v 155.779012 113.481708 2.094378
v 150.424486 109.085598 2.092695
v 146.952935 101.698055 1.845426
v 141.035196 95.639401 -1.220996
v 137.666972 91.916207 -5.038611
v 134.539804 89.052704 -9.458527
v 132.707952 85.483693 -14.376454
v 129.587477 86.956860 -20.122787
v 128.751569 89.416625 -25.522571
v 128.343387 92.147761 -30.745079
v 129.836607 96.421973 -36.002315
v 134.772999 100.491412 -38.733512
v 140.949059 103.192531 -38.822075
v 146.231611 105.255175 -37.713899
v 150.746276 107.828277 -33.497984
v 153.075849 110.806769 -31.458874
v 150.654996 105.071745 -36.371065
v 157.003252 112.868389 -30.838288
v 161.589228 113.566629 -30.774999
v 165.230448 114.589777 -30.270714
v 166.714436 112.922233 -27.654549
v 169.290874 110.832381 -23.940862
v 171.726869 108.888018 -19.423487
v 172.078271 107.663597 -13.834121
v 170.487458 107.610849 -7.731327
v 167.265245 108.933286 -3.054692
v 162.303839 111.071474 0.589190
v 158.271945 107.159814 0.868163
v 163.344402 105.484535 -2.014442
v 167.090314 103.850005 -7.515208
v 168.284321 103.770319 -13.253402
v 167.745818 105.023044 -18.698080
v 165.353415 107.185185 -23.002928
v 162.120733 109.668885 -26.861872
v 157.395415 109.371018 -28.622264
v 154.660328 107.979432 -30.386976
v 153.223699 105.827788 -31.904226
v 153.164605 103.379354 -33.844426
v 154.163416 101.320686 0.255044
v 159.428841 101.220953 -2.169015
v 162.897767 100.048685 -6.207108
v 164.577995 100.157503 -12.777170
v 163.649845 102.114036 -17.779501
v 161.627932 104.387688 -21.252051
v 159.051340 106.046112 -24.441016
v 156.199681 106.559629 -26.808024
v 154.561322 106.316123 -28.772312
v 153.885743 104.271215 -29.502004
v 155.156300 103.388489 -26.819090
v 157.018007 102.546743 -24.033423
v 158.548349 101.384755 -20.749158
v 159.879655 99.762059 -17.306332
v 160.602586 97.996243 -13.268895
v 159.860551 96.789702 -7.606794
v 156.435271 97.048571 -3.386309
v 152.186651 96.822904 -1.248732
v 148.279609 96.812398 0.133091
v 144.773615 94.196393 -1.168294
v 141.493724 90.083608 -5.242210
v 138.742236 86.997901 -8.942639
v 138.047145 83.256623 -12.815114
v 154.139931 101.690079 -30.994249
v 155.432376 100.360997 -28.080632
v 156.253653 99.074635 -24.917655
v 156.789435 97.844010 -21.516018
v 157.404913 96.580199 -18.006877
v 157.495982 95.192812 -14.270699
v 156.488982 94.050872 -9.939033
v 153.624475 92.793508 -5.594570
v 149.692096 93.357722 -2.817187
v 146.346743 89.925538 -4.985178
v 150.295785 89.461427 -6.721723
v 142.956254 86.194632 -8.321881
v 154.287585 90.150006 -11.100456
v 156.368856 91.455429 -15.354012
v 157.243981 92.943548 -19.248240
v 157.797926 94.540109 -22.828749
v 157.809919 96.254500 -26.311601
v 156.935862 97.921211 -29.764113
v 154.836953 99.114024 -32.721902
v 153.448298 100.755111 -35.737099
v 151.146615 102.188195 -38.589767
v 147.501162 102.211673 -40.689702
v 143.005957 99.580018 -43.052788
v 135.943111 96.884982 -42.716461
v 130.574333 92.453102 -39.862281
v 129.374396 87.833112 -34.722912
v 129.303555 84.419561 -29.340286
v 131.047317 81.985143 -23.825905
v 133.690930 80.476663 -18.884867
v 138.207233 79.235521 -16.848235
v 142.787797 82.012615 -12.123449
v 143.227674 78.213125 -16.159402
v 148.715738 85.260930 -9.654088
v 148.057520 81.615535 -12.824619
v 148.291988 78.190174 -16.998384
v 153.550929 85.976964 -12.732505
v 152.865172 82.490937 -15.484885
v 152.288695 79.252364 -19.067962
v 156.612953 87.586318 -16.687514
v 155.794489 84.148106 -19.148149
v 154.928757 81.064118 -22.164465
v 158.266265 89.381593 -20.539483
v 157.290591 86.136375 -22.831851
v 156.840884 82.962790 -25.361073
v 159.213403 91.259094 -24.247459
v 158.632680 87.935731 -26.300900
v 158.602453 84.746651 -28.464819
v 159.053759 93.169804 -28.046788
v 158.548079 89.846915 -29.905215
v 158.546205 86.634959 -31.951120
v 157.262113 94.786572 -31.487331
v 156.846323 91.563590 -33.100346
v 157.481920 88.511584 -35.345575
v 154.852338 96.217747 -34.305617
v 155.104771 93.293166 -36.289873
v 156.052468 90.452979 -38.613181
v 153.560446 97.999342 -37.459225
v 153.848392 95.305319 -39.436036
v 154.438013 92.485322 -41.772317
v 151.629969 99.616885 -40.187363
v 152.049292 97.415740 -42.380728
v 152.520122 94.701573 -44.812296
v 149.181847 100.221319 -41.674810
v 148.421206 95.634775 -46.606759
v 148.304190 98.577257 -43.825226
v 143.130412 95.235654 -46.890457
v 137.030359 92.995007 -46.530806
v 131.852100 88.775441 -44.058888
v 130.586241 83.926450 -38.983172
v 131.084163 80.446462 -33.641071
v 132.737456 76.778893 -27.378547
v 134.792731 77.551411 -22.190372
v 138.159495 76.077162 -20.831656
v 142.861147 74.897770 -19.974058
v 147.816446 74.765118 -20.348016
v 151.881792 75.883419 -22.341010
v 154.460581 77.911894 -25.223847
v 156.896377 79.780117 -27.905583
v 158.590661 81.614382 -30.701567
v 159.117576 83.136378 -34.208681
v 158.812546 85.398213 -37.798195
v 157.590740 87.613467 -41.297859
v 155.204038 89.369230 -44.353574
v 153.503669 91.767825 -47.562393
v 149.524273 92.824259 -49.861225
v 144.236250 92.307089 -50.882456
v 138.567241 89.802503 -50.530360
v 133.578785 85.707667 -48.441774
v 131.653140 80.954495 -43.990106
v 132.049807 76.948394 -38.667986
v 133.384377 73.158141 -33.381625
v 137.139997 73.208874 -25.072910
v 136.873865 70.257288 -29.950060
v 142.027056 71.482803 -23.662508
v 141.435853 68.008580 -28.312447
v 147.226438 71.248561 -23.734908
v 146.936916 67.915954 -27.666613
v 151.637889 72.396456 -25.515622
v 151.341817 69.195103 -29.284173
v 154.724764 74.558691 -28.145590
v 154.758771 71.480371 -31.580628
v 156.930324 76.922371 -30.660275
v 157.109406 74.515449 -34.133673
v 158.312564 78.995128 -32.593225
v 158.806604 78.577238 -36.449015
v 159.122304 81.534975 -40.578354
v 157.990633 83.902331 -44.022777
v 155.972407 85.919517 -47.167679
v 154.687970 88.477723 -50.463401
v 151.079102 89.806936 -53.166764
v 146.212020 89.308320 -54.647818
v 140.354055 87.573239 -55.248151
v 135.620474 82.967522 -53.123385
v 133.733207 78.137728 -48.851886
v 133.918927 73.957650 -43.501005
v 134.669316 70.030407 -38.036697
v 137.155092 68.294038 -33.967376
v 140.844743 65.601766 -34.494191
v 146.523367 65.514234 -32.262551
v 150.703669 66.551273 -33.216942
v 154.374003 68.411612 -35.291154
v 157.369304 71.217260 -37.806837
v 159.060887 74.679932 -40.762250
v 159.254009 77.635201 -43.981468
v 158.597493 80.113429 -47.079602
v 156.925297 82.352198 -50.165925
v 155.909619 84.837241 -53.470034
v 153.042346 86.603983 -56.549234
v 148.482393 85.997722 -58.016875
v 143.088015 84.495050 -59.267317
v 138.175015 80.134848 -57.501194
v 136.302595 75.260029 -53.331065
v 136.767900 71.131013 -48.158796
v 137.354386 66.931992 -41.293193
v 143.517384 63.375925 -38.364731
v 140.563349 63.826819 -44.201006
v 146.760504 64.079421 -35.610176
v 149.823313 63.880502 -36.738237
v 154.005706 64.637636 -38.580966
v 157.902748 67.439994 -41.120386
v 159.695301 70.980610 -44.480374
v 159.567189 73.763750 -47.532477
v 158.502665 75.973245 -50.200073
v 156.923221 78.010122 -53.342925
v 156.563550 81.071853 -56.541565
v 154.554542 82.739250 -59.322552
v 150.906658 82.511083 -61.278511
v 146.014699 80.843980 -62.333414
v 140.833107 77.207294 -61.690473
v 138.694440 72.074940 -57.466942
v 139.259844 67.576660 -51.622638
v 143.955039 60.902760 -46.203732
v 146.564413 61.617246 -40.883913
v 152.331347 60.195668 -42.712319
v 158.552323 63.246161 -44.094002
v 160.972809 67.371182 -47.726924
v 161.956567 70.685291 -50.815629
v 161.919495 73.764661 -53.579633
v 161.108147 76.386154 -56.621770
v 159.866503 79.119947 -59.946817
v 157.369570 81.401006 -63.534125
v 153.185122 80.445113 -65.758472
v 148.236085 78.318568 -66.971327
v 143.173129 73.605836 -65.619500
v 141.761033 68.417074 -60.673276
v 142.607973 64.427566 -54.651495
v 146.769323 56.958225 -48.824412
v 145.932610 58.828046 -56.889676
v 145.054732 63.785107 -63.162291
v 146.331090 68.844371 -69.023500
v 150.658910 74.506155 -72.070365
v 155.964138 77.967143 -71.168517
v 160.799735 80.067986 -68.394941
v 163.980383 78.447804 -63.811651
v 165.116046 75.374810 -59.787671
v 165.869312 72.619408 -56.436407
v 165.805242 68.318063 -53.263913
v 163.930714 63.899543 -50.119953
v 160.312322 59.266612 -47.645583
v 155.034972 55.789290 -47.330976
v 149.938876 53.392401 -51.079328
v 148.632244 55.111429 -58.053662
v 149.184977 59.965216 -63.939963
v 150.712041 64.408528 -70.247336
v 154.782201 69.020824 -72.899584
v 159.332089 72.655954 -73.093918
v 164.698601 75.885960 -72.996654
v 168.860394 75.705291 -66.985656
v 168.588492 73.298661 -63.030145
v 169.013258 69.798030 -59.477481
v 169.060790 65.621771 -56.276944
v 166.430474 60.555219 -53.404621
v 162.253009 56.205921 -52.142878
v 157.437095 53.259771 -52.303423
v 153.477879 51.075824 -53.758097
v 153.248842 52.794910 -58.847997
v 153.832459 56.917610 -63.986668
v 155.117281 60.373245 -70.006245
v 158.420530 64.418422 -73.364021
v 162.305962 67.856174 -73.559388
v 167.093773 69.847623 -72.769144
v 167.851837 70.436517 -67.824747
v 168.096678 70.442653 -64.867575
v 169.331325 67.286123 -63.332564
v 171.036767 62.506279 -60.842517
v 168.027607 57.714013 -57.963012
v 163.197549 54.042914 -57.266847
v 157.998264 53.698644 -57.817213
v 158.555497 55.278291 -63.167293
v 159.582757 58.428059 -67.754879
v 162.087852 60.739660 -71.663597
v 164.923708 64.145555 -71.332067
v 166.759054 66.466880 -70.288147
v 166.961424 65.983288 -66.583164
v 165.299719 62.614783 -67.142440
v 163.866537 60.368070 -68.403578
v 163.132317 57.758016 -66.508167
v 163.237354 54.911226 -62.851580
v 166.786561 57.782801 -63.127849
v 167.443155 62.222423 -64.489881
v 165.490798 59.148148 -65.846256
v 140.009953 194.634883 -29.206321
v 138.839163 197.562586 -21.781577
v 133.106992 194.710889 -29.299498
v 132.743262 197.307105 -23.011169
v 153.863760 135.634686 -39.196739
v 146.596557 132.079929 -39.567091
v 141.032511 126.093622 -40.182122
v 133.849410 120.587910 -40.665282
v 129.456509 117.181540 -41.015972
v 121.879677 112.564989 -37.139520
v 100.995635 183.625043 -24.064924
v 108.739569 186.418626 -27.725735
v 103.594440 187.982112 -9.480659
v 109.278268 189.829202 -16.491257
v 105.319959 191.713758 -8.200311
v 109.746414 192.573042 -11.491744
v 125.898371 196.222993 -21.827387
v 125.883444 193.776648 -27.965854
v 118.542624 193.841226 -17.280685
v 117.725263 192.103315 -24.479391
v 141.360845 187.045911 -33.764017
v 134.159449 187.007412 -33.785512
v 126.307132 187.069380 -33.416626
v 117.697326 187.151226 -31.658036
v 105.996966 150.669900 -39.936381
v 115.696554 153.235417 -38.540307
v 111.568499 137.722485 -41.931463
v 119.783989 141.195592 -41.896714
v 116.613713 124.882860 -41.425599
v 124.140742 128.970927 -42.110944
v 103.011282 164.756234 -38.889855
v 112.638047 165.862863 -38.879673
v 101.225896 175.881920 -33.300725
v 110.181765 177.233520 -34.946905
v 131.086215 132.461012 -42.590709
v 127.574923 144.219077 -41.959851
v 124.428689 155.181754 -37.472379
v 121.548351 166.755458 -38.728238
v 119.268114 177.628162 -36.079053
v 143.034834 178.663998 -37.004591
v 144.846391 169.453719 -37.233501
v 147.100757 160.494260 -38.647143
v 152.678785 143.578430 -40.890262
v 149.657698 151.715254 -39.044837
v 135.728080 178.370916 -36.922865
v 127.846801 178.045477 -36.641518
v 137.616465 168.677296 -37.965683
v 129.841187 167.769484 -38.862883
v 139.909823 159.037713 -39.051407
v 132.398216 157.179872 -38.374042
v 142.526806 149.654557 -40.528197
v 135.177154 147.063719 -41.498727
v 145.245578 140.498770 -42.102952
v 138.263764 136.554592 -42.728312
v 125.927470 95.698118 -0.758691
v 121.364990 91.973932 -3.323957
v 122.833470 105.283212 38.024976
v 117.624585 101.103698 36.966440
v 109.930814 143.612827 53.156737
v 103.918979 139.476380 53.250246
v 107.865369 183.779593 32.725637
v 100.796639 180.108348 33.524566
v 110.446339 188.871264 13.356153
v 104.987470 187.895282 12.655067
v 113.145315 190.554737 6.190069
v 108.660543 188.994373 4.140641
v 117.274052 192.119564 13.793435
v 118.020218 192.295867 9.333401
v 124.188694 195.387158 14.644223
v 123.698690 194.948319 11.030001
v 129.973309 199.850512 15.175022
v 129.510309 199.907599 11.792928
v 136.068167 202.448154 13.661311
v 135.575980 203.570247 10.724901
v 140.710179 203.524187 11.684549
v 140.258056 203.718261 8.357777
v 140.769178 204.525519 17.203261
v 136.099068 202.998008 18.581491
v 130.290846 200.640649 19.938639
v 123.279583 196.900577 21.198092
v 117.088944 192.038653 20.445754
v 108.825250 188.709707 20.157627
v 103.246344 186.312928 19.988992
v 141.933300 205.684056 22.287819
v 143.786698 206.199529 27.185211
v 140.161911 204.139223 30.877781
v 136.994970 204.586656 24.230252
v 131.239451 202.324730 25.342681
v 132.725753 201.909021 31.647371
v 134.621251 198.813845 36.532756
v 135.605485 196.191987 40.416112
v 131.981401 191.951451 42.893275
v 132.651797 184.703004 46.611175
v 124.909199 196.573701 27.125147
v 117.157922 191.615598 27.224190
v 108.277195 187.052893 26.340312
v 101.855290 184.008068 26.526656
v 118.509784 189.245288 33.094323
v 125.866418 196.623869 32.360275
v 128.566627 194.880821 37.025155
v 123.366270 191.022139 37.183527
v 107.599580 179.445408 38.073007
v 100.899015 175.944273 38.572181
v 116.085520 183.976681 38.675552
v 123.692384 187.963206 41.155606
v 124.645923 182.101692 45.237895
v 116.356983 178.404007 43.376099
v 107.334746 174.409665 43.532379
v 100.687704 170.816517 44.125211
v 133.968888 177.464526 49.193052
v 126.294353 175.578808 47.915177
v 117.461952 172.495537 46.857359
v 108.128660 168.197915 47.168426
v 100.974446 164.423106 47.556896
v 135.998781 170.278706 51.516099
v 128.400881 169.112054 50.581081
v 119.438043 166.673630 49.740083
v 109.502278 161.312661 50.088577
v 101.610209 157.519096 50.265994
v 139.043739 162.125113 52.860199
v 130.995569 162.229389 52.328398
v 122.121275 161.313194 51.691563
v 115.127007 159.022951 51.454668
v 108.776752 152.662216 52.125945
v 102.434287 149.089620 52.478473
v 115.220847 154.045493 52.333661
v 123.451071 155.362019 52.715810
v 132.459814 155.707894 53.037982
v 141.676208 155.748217 52.215673
v 116.248553 146.991770 53.224673
v 124.540329 148.506835 52.911809
v 133.682523 148.713825 52.851320
v 143.188313 149.069582 50.364783
v 112.191645 135.501290 52.570040
v 106.772402 131.207883 52.402562
v 118.647318 138.897575 52.776184
v 126.566064 140.657379 51.876853
v 134.899246 140.863215 51.335816
v 143.072096 141.895511 49.034612
v 149.677855 142.534401 47.934432
v 153.499718 142.125706 46.690686
v 155.048328 135.965272 42.304506
v 161.622078 127.870566 24.382807
v 159.533591 129.905825 33.097861
v 157.170125 132.464157 38.059684
v 158.951412 122.915169 19.286099
v 153.836109 120.114668 14.217937
v 146.576304 115.613526 12.568964
v 140.859334 110.072454 11.098249
v 131.014980 100.134616 2.627140
v 133.887271 103.005939 8.652091
v 127.232525 96.114219 8.182511
v 122.178930 91.144289 6.603562
v 149.998869 135.250262 44.000279
v 152.119575 129.556871 39.260784
v 154.879123 126.179513 33.348510
v 157.355950 124.756126 27.377256
v 154.865145 121.673238 25.181380
v 150.473799 118.104278 22.641112
v 127.076285 97.154472 16.530977
v 121.681119 92.244656 14.902236
v 144.745882 113.922865 20.885867
v 138.934881 108.880099 19.426493
v 132.333752 103.546152 17.767565
v 151.294954 122.037689 32.699197
v 147.024239 117.979136 30.383369
v 126.089486 98.725327 24.254163
v 120.519371 94.504384 22.750846
v 141.899404 113.834322 28.575261
v 137.036758 108.814005 27.189976
v 131.453143 103.904788 25.684143
v 145.766559 125.879765 40.085889
v 142.265815 119.996283 36.715598
v 138.198143 115.166934 35.300860
v 134.556242 110.139059 33.678518
v 130.109769 105.447462 32.922416
v 124.929271 100.708395 31.783532
v 119.418499 97.052242 29.981352
v 127.786948 109.481604 38.352154
v 143.987303 133.757897 45.734143
v 136.686168 132.880221 48.557925
v 138.109621 125.844273 44.179662
v 137.986866 121.010523 40.805046
v 131.946374 112.302601 37.873078
v 133.224633 117.633496 40.784969
v 129.021602 132.268916 49.740116
v 131.384136 124.438219 46.271386
v 114.686439 127.469765 51.116243
v 109.681666 122.863647 50.703906
v 121.681254 130.507758 50.668379
v 118.196233 118.909186 48.228634
v 112.698492 114.495939 47.628017
v 124.572425 122.219401 47.738189
v 126.752420 115.051425 43.282042
v 120.807298 111.440533 44.039808
v 115.483419 107.471617 43.036287
v 101.770258 186.532975 -1.400569
v 102.851420 189.866659 -1.636957
v 106.113324 188.849034 1.302726
v 99.989972 187.422957 7.247966
v 138.801877 203.508077 -21.310438
v 132.485826 202.780607 -22.255201
v 125.716064 201.825253 -22.346007
v 119.332394 200.579885 -20.298609
v 140.125167 213.158998 -17.491818
v 141.218342 210.440913 6.992700
v 142.047043 214.331306 3.785935
v 142.209910 216.979372 -1.002290
v 141.352673 217.937218 -10.206048
v 133.183597 210.982226 -20.483573
v 135.940441 212.177990 8.393268
v 136.686910 207.623125 9.619092
v 132.323230 207.153245 11.472958
v 136.807632 215.595953 5.144335
v 137.199436 218.836941 -0.221016
v 137.044692 219.687846 -7.032402
v 136.632351 217.499496 -13.425177
v 131.859420 215.279729 -16.363482
v 126.582230 209.621184 -20.336666
v 119.990282 207.790759 -18.775538
v 126.246727 214.986215 -15.743374
v 121.166225 214.139460 -15.945221
v 110.077536 197.845010 -15.339163
v 111.682024 204.739772 -19.122079
v 113.180394 211.049430 -18.778921
v 104.585132 197.175837 -13.190046
v 106.724941 203.116245 -18.552266
v 108.231019 208.934452 -20.246903
v 100.021012 194.512706 -9.165479
v 96.198310 199.117067 -13.508697
v 100.911548 201.348144 -16.440849
v 102.900514 204.755959 -20.488822
v 104.247450 209.110051 -22.586543
v 100.656318 191.029210 1.117496
v 97.394563 192.321688 -1.858335
v 94.845720 194.497045 -5.792987
v 91.219362 198.212888 -9.325173
v 102.962120 192.567193 5.765244
v 106.771295 193.897514 8.212888
v 112.632482 196.098387 10.695605
v 119.474583 199.885088 12.999938
v 126.107870 204.191046 13.209259
v 131.446776 212.259348 9.849505
v 130.569553 216.364279 6.526616
v 130.972868 219.596178 1.012669
v 131.836059 220.167030 -5.108257
v 130.426325 218.510702 -10.902797
v 123.823233 218.087739 -11.571974
v 125.925771 219.716238 -6.840988
v 126.355864 220.178817 -0.358335
v 125.435939 217.861086 5.342493
v 125.884977 213.044812 10.659356
v 120.124112 207.074279 13.653575
v 118.991627 212.215355 11.726774
v 116.664043 204.478661 13.863284
v 119.942157 216.639952 6.934129
v 120.370319 219.467950 1.014355
v 119.879424 219.491063 -6.411455
v 118.211791 218.147878 -10.664403
v 117.295225 216.144871 -14.542280
v 112.526672 214.573310 -15.715729
v 108.305511 213.146343 -18.788442
v 106.578727 213.790004 -22.836488
v 92.334134 196.208216 -0.756862
v 89.298450 199.572063 -3.515623
v 95.938412 193.915789 2.269543
v 92.334512 199.036019 3.911860
v 89.475657 201.820717 1.561508
v 96.174880 196.513369 5.750287
v 100.711383 194.873021 7.191818
v 94.062639 203.981258 6.864420
v 91.313243 205.756862 4.834509
v 97.548928 201.798402 8.766501
v 102.273107 198.573638 9.522086
v 108.121243 200.814487 11.679083
v 103.354073 205.641810 10.989325
v 111.704588 208.782475 12.256188
v 111.951468 214.264059 8.775295
v 102.206585 211.041070 9.389182
v 112.447645 217.820877 2.108385
v 114.118633 217.248780 -4.889187
v 113.720659 216.336926 -10.460759
v 109.903618 217.927537 -11.684440
v 109.541906 216.616280 -15.497314
v 108.637528 215.998084 -18.581626
v 109.422445 218.736175 -6.440971
v 107.709433 219.674184 -0.451499
v 102.751658 218.658740 4.121892
v 106.133176 216.767358 6.502677
v 97.040590 214.059179 6.771765
v 87.771600 209.777289 2.641952
v 86.373401 205.991095 -0.547318
v 92.499252 217.011557 4.159735
v 98.593232 221.291870 2.253044
v 104.342909 222.759372 -2.537808
v 107.697726 222.563753 -7.904662
v 109.375983 221.770659 -13.691657
v 109.305471 218.818970 -16.988781
v 107.690166 218.394840 -20.403834
v 102.915965 215.158374 -26.240141
v 104.970055 220.323128 -24.645514
v 99.107675 209.987665 -25.017710
v 99.256910 206.576041 -21.829582
v 96.332028 204.341055 -19.710561
v 91.786029 202.649987 -16.553536
v 86.567842 202.203919 -11.427040
v 85.816276 202.992977 -5.372334
v 107.647855 223.188237 -18.231517
v 105.413974 225.155739 -22.029919
v 103.720372 228.689648 -18.505457
v 106.107760 226.742689 -15.514809
v 107.552559 225.109281 -12.963203
v 105.722793 225.999439 -9.223378
v 103.499414 228.557362 -11.670416
v 100.895787 230.722421 -14.421849
v 101.752117 226.100161 -4.574293
v 96.803501 231.236128 -9.989991
v 99.358930 228.674205 -7.347528
v 96.004902 224.578720 -0.634329
v 93.897944 227.039015 -3.573248
v 91.541380 229.470139 -6.228422
v 89.640255 220.100256 1.111238
v 87.724136 222.370594 -1.635138
v 85.684782 225.145331 -4.274130
v 85.073412 213.997485 0.666744
v 83.127338 216.854916 -2.013002
v 81.083426 219.973037 -4.977180
v 83.404190 209.445657 -2.083147
v 80.923880 212.056801 -4.479421
v 78.730701 214.736418 -7.509573
v 78.737725 209.903374 -11.223971
v 80.839825 208.199515 -8.065191
v 83.018823 205.994046 -6.161092
v 83.437104 204.272457 -9.516626
v 81.859256 205.913904 -10.879695
v 82.365066 205.755547 -14.931394
v 87.946478 205.503839 -20.221151
v 93.425502 207.219460 -23.462193
v 95.367646 213.199659 -28.988150
v 99.179384 217.726844 -29.089722
v 102.086071 222.520175 -28.204191
v 102.670651 227.328731 -25.220094
v 101.124297 230.867323 -21.435868
v 94.093218 233.944055 -12.874899
v 98.159471 233.023630 -17.282776
v 82.951587 228.410724 -7.541983
v 88.772857 232.569655 -9.178406
v 78.749759 223.083486 -8.490494
v 76.313310 217.889857 -11.220389
v 76.176323 212.835626 -15.252863
v 79.287450 209.113091 -19.977570
v 84.670252 208.490385 -24.400431
v 90.166255 210.121092 -27.336442
v 92.273934 216.333906 -32.266414
v 87.324809 213.228644 -31.060545
v 81.941265 212.081422 -28.194508
v 77.355552 213.296401 -24.115985
v 74.465115 216.627061 -19.576317
v 74.300928 221.328503 -15.417529
v 76.228369 226.474300 -12.335333
v 80.231192 231.482947 -11.180287
v 85.764509 235.128625 -12.676517
v 91.145610 236.077206 -16.209523
v 95.252272 234.993260 -20.226518
v 98.366700 233.035457 -24.217527
v 100.225867 229.663248 -28.259028
v 99.060491 224.932849 -30.945403
v 96.090880 220.517394 -31.978579
v 92.426296 236.422125 -23.010408
v 95.327974 234.358675 -26.733248
v 88.342689 237.306716 -19.559957
v 83.394386 237.267113 -16.429482
v 78.111344 234.230287 -15.353651
v 74.287527 229.593266 -16.606608
v 72.686297 224.715993 -19.693158
v 73.450292 220.439160 -23.617772
v 76.094647 217.436270 -27.671667
v 80.019600 215.949838 -31.477945
v 84.924161 216.421656 -34.598297
v 89.671895 219.579483 -35.262798
v 93.458754 223.371271 -34.832867
v 97.731928 231.897286 -30.670311
v 96.904315 227.468633 -33.970555
v 94.585742 230.248779 -36.381659
v 95.993217 234.422425 -33.008731
v 91.015565 226.476620 -37.263664
v 87.305637 223.047748 -37.768070
v 83.026664 220.099108 -37.650143
v 78.412484 219.631903 -34.707555
v 74.733391 221.058517 -31.251414
v 72.515937 223.997631 -27.526613
v 71.383541 227.942026 -23.906266
v 73.054415 232.531421 -20.983734
v 76.510311 236.702154 -19.513939
v 81.365968 239.481075 -19.976458
v 86.586112 240.761278 -21.867435
v 91.404575 240.030396 -24.794829
v 94.508904 237.700197 -28.793291
v 92.397577 233.079087 -38.671696
v 88.830836 229.554370 -39.846294
v 85.312910 226.241901 -40.679507
v 81.564189 224.175199 -39.969174
v 77.325923 223.664417 -37.742910
v 74.001360 224.859351 -34.597126
v 72.371271 227.588233 -31.141450
v 71.232249 231.053479 -28.017608
v 72.121784 235.235259 -25.171120
v 75.117086 239.327778 -23.498453
v 79.311638 243.016964 -23.029611
v 84.942237 245.210985 -23.560179
v 90.887531 244.342664 -26.229050
v 94.221577 241.307842 -30.834036
v 94.677946 237.380374 -35.610629
v 95.024320 240.811583 -39.423411
v 90.691531 235.759410 -41.887864
v 86.581279 232.682944 -42.370428
v 83.248688 229.754141 -43.364426
v 79.946902 228.613480 -42.798643
v 76.833000 227.563755 -40.130284
v 73.946797 228.502989 -37.428100
v 72.297982 230.759994 -34.526635
v 71.206846 233.901972 -31.784287
v 71.767639 237.670374 -29.268392
v 73.498070 242.088683 -27.392197
v 76.886676 247.293426 -26.588932
v 82.789816 250.906764 -26.005931
v 90.254932 249.264792 -27.985047
v 94.436524 245.515464 -32.962579
v 78.166836 231.631812 -43.540315
v 81.503121 233.069049 -45.058471
v 71.957654 244.012741 -31.180833
v 71.450816 239.925378 -33.165122
v 73.990193 247.455542 -29.999027
v 76.720366 251.336961 -28.855293
v 80.784258 254.680738 -28.999910
v 74.363190 251.150986 -32.819267
v 71.797934 236.503905 -35.324495
v 72.777388 233.672160 -37.692863
v 74.570736 231.531235 -39.787805
v 76.420103 230.454429 -41.233214
v 84.885326 234.912769 -45.822510
v 88.918622 237.294065 -46.008855
v 93.542051 241.166748 -45.650536
v 95.830368 246.132360 -44.964345
v 96.974137 246.491897 -39.929796
v 95.201404 250.231341 -34.805498
v 89.805709 253.799215 -30.066580
v 79.004036 255.891440 -33.143698
v 85.138452 258.206825 -31.146307
v 83.996494 260.054031 -33.476880
v 90.190595 257.763958 -32.059564
v 96.507659 255.358523 -36.898074
v 98.544267 250.216081 -41.030494
v 97.724387 250.415598 -44.571244
v 89.784143 261.174713 -34.723775
v 97.918768 256.187204 -41.574772
v 94.373692 260.159828 -37.169860
v 96.289998 259.794404 -40.543253
v 72.014507 246.087186 -35.410226
v 71.881277 241.903848 -36.785315
v 72.850634 238.893553 -38.548858
v 73.949642 236.216923 -40.698442
v 75.571728 233.822360 -42.718757
v 78.074172 235.724867 -45.359624
v 75.707980 238.658904 -43.571160
v 74.278741 241.125585 -41.213090
v 72.978720 243.229618 -39.551162
v 74.159141 246.688037 -39.969812
v 75.599322 251.543217 -38.379665
v 79.102182 255.540944 -37.583895
v 82.601650 260.442008 -37.684760
v 87.993521 262.119170 -38.364776
v 91.938829 261.963869 -39.692514
v 94.366244 261.059854 -42.686667
v 95.954332 257.545328 -44.852462
v 94.868056 252.334355 -46.912312
v 92.870982 247.472883 -47.436662
v 90.827139 243.341510 -49.060482
v 86.433497 239.907387 -48.912301
v 81.923295 237.685189 -47.516273
v 78.303229 241.255884 -46.655399
v 75.720014 243.995916 -43.251784
v 77.635561 250.972394 -41.539090
v 76.790119 247.996839 -41.650561
v 79.816834 254.712202 -41.686659
v 82.582834 258.733045 -42.054718
v 86.340625 261.298020 -42.564783
v 89.611984 261.549414 -43.048765
v 90.414980 259.369620 -45.886931
v 92.751591 256.862104 -46.339270
v 91.497534 253.622045 -47.992099
v 89.642278 249.648936 -49.550022
v 87.022599 245.949641 -49.725200
v 83.449074 242.415346 -49.222590
v 78.221626 246.550811 -43.776061
v 78.860471 245.444594 -47.472980
v 81.740146 245.941554 -50.008105
v 84.429832 248.445905 -49.334555
v 86.512055 251.529174 -48.444536
v 88.330756 255.282731 -47.924258
v 80.431838 248.749002 -50.780119
v 78.488631 249.058652 -47.627426
v 82.319854 250.612653 -49.019282
v 80.605552 251.188174 -47.399393
v 79.793033 249.479248 -44.254434
v 81.478190 252.848799 -45.020810
v 83.990292 252.502134 -47.030945
v 85.344568 255.969711 -46.675816
v 83.650001 256.651246 -45.020740
v 86.234618 258.613916 -45.386211
v 71.538201 134.117104 51.876464
v 30.892790 109.805744 54.108599
v 53.836756 65.068264 39.090129
v 94.305473 86.289959 36.507809
v 99.977304 75.493259 -3.519782
v 59.323518 49.977548 0.469475
v 92.208248 99.818062 -36.449166
v 47.429194 77.061819 -34.244914
v 76.919212 138.380506 -38.947592
v 30.635903 114.868830 -34.006270
v 15.048412 148.787248 -12.280974
v 65.497541 172.452010 -21.089974
v 17.281115 146.132797 24.186168
v 65.434736 176.896450 18.703987
v 27.556861 48.429135 37.333668
v 2.557854 85.057905 54.013253
v 32.163156 39.402586 1.806662
v 19.970018 62.170800 -34.439342
v 1.389632 97.292023 -31.739887
v -12.794677 122.209701 26.101484
v -13.052732 122.684386 -7.253684
v 106.524362 93.804599 35.447623
v 85.641775 140.994200 52.145126
v 111.737642 83.296414 -4.240082
v 106.954691 106.468896 -37.879244
v 91.822596 144.560787 -39.861086
v 82.956384 177.908288 -24.110205
v 82.744062 183.529557 12.186016
v 8.051412 85.365722 -33.848812
v 36.677386 101.304336 -36.365104
v 82.083240 124.635264 -40.253377
v 96.743126 131.411518 -41.567745
v 102.030345 118.256208 -40.299960
v 87.444247 111.352988 -39.777701
v 42.345424 88.546136 -36.716356
v 14.108003 73.524227 -36.375306
v 109.663136 121.392343 -40.581622
v 114.612035 109.493344 -37.635301
v 104.409770 134.113005 -41.952690
v 99.421202 147.923431 -40.247651
v -5.457842 108.546216 -27.391844
v 24.115319 128.662857 -30.794432
v 71.658668 152.477021 -37.471545
v 87.370088 158.670674 -39.133406
v -12.629512 119.283307 -20.370710
v 18.631729 140.610843 -23.245132
v 67.398528 164.836646 -31.960547
v 84.668971 170.023554 -32.811941
v 95.776952 162.094968 -38.928102
v 93.453711 172.785619 -32.157707
v 92.457164 180.377531 -23.404021
v 93.368902 183.851457 -12.213654
v 91.873950 184.538582 -3.952802
v 91.400228 184.648430 8.012738
v 82.605376 180.916030 -11.650035
v 64.864569 176.204854 -8.019240
v 13.819991 152.267414 1.107972
v -14.552963 125.316069 4.481545
v -14.515475 125.223380 16.118910
v 15.114286 150.678002 13.821266
v 64.727703 178.224631 4.619516
v 82.526545 182.195134 -0.908581
v 96.545490 185.558534 16.559534
v 90.688852 183.681276 17.013306
v 83.654691 179.449918 23.265515
v 65.631328 172.556785 28.805922
v 18.980269 141.079598 32.223456
v -11.150541 118.150299 34.536198
v 24.794552 52.796176 -29.656680
v 51.519073 67.713509 -29.192567
v 95.108878 91.967947 -31.308220
v 109.675355 99.557966 -31.082208
v 117.303827 103.565857 -30.899574
v 110.485575 95.198055 -25.808395
v 97.406806 85.882224 -26.515788
v 54.578313 60.335290 -23.515416
v 28.208829 46.405350 -22.205537
v 116.626807 99.742559 -26.273975
v 111.125437 91.611230 -20.765666
v 99.093277 81.222895 -20.918825
v 56.607391 55.340734 -16.751572
v 30.118039 42.920033 -14.059840
v 117.178937 96.269265 -19.965613
v 111.658363 87.860122 -14.878352
v 99.787571 77.850727 -13.224608
v 57.847928 52.355341 -8.580866
v 31.247692 41.194355 -6.063901
v 117.496589 93.125371 -14.080082
v 116.715574 87.669034 -4.679351
v 32.567518 38.896281 17.461768
v 59.285717 51.809017 18.452086
v 98.814639 76.724031 14.118491
v 110.363524 84.977352 13.169940
v 32.577871 38.754456 9.741477
v 59.512565 50.271963 9.754303
v 99.528349 75.552084 5.668704
v 111.262838 83.425077 5.012286
v 116.992441 86.320976 5.337886
v 116.358949 87.761740 14.236382
v 109.251202 87.337082 21.160063
v 97.933769 78.662547 22.231070
v 57.913090 55.280916 26.254455
v 31.708278 40.796944 24.840480
v 108.202246 89.961250 28.327534
v 96.536049 81.669765 29.694627
v 56.173307 59.657075 32.912768
v 29.989562 44.263013 31.351285
v 115.004218 90.742130 21.462852
v 113.790003 93.579562 28.884629
v 112.432943 97.149224 35.888546
v 24.453248 52.996628 43.280053
v 50.814060 71.506665 44.628870
v 91.247376 92.628617 42.122900
v 103.902349 99.795570 41.527439
v 109.828185 103.199527 42.084493
v 100.800582 106.591489 46.334805
v 87.885412 99.568483 46.850014
v 47.333207 78.525115 49.245975
v 20.231677 59.044068 47.769724
v 106.954767 110.109407 46.525192
v 97.147723 114.401214 50.355784
v 83.947857 107.524674 50.931948
v 43.356804 86.095307 52.840541
v 15.566401 65.174675 51.606714
v 103.998001 117.764310 50.173712
v 92.932518 123.043131 52.880341
v 79.486356 116.286516 53.156557
v 38.988582 94.116308 54.696589
v 10.628611 71.696593 54.427794
v 88.980524 131.790183 53.557819
v 75.209254 125.186228 53.435763
v 34.711355 102.055263 54.863138
v 6.062360 78.478141 54.779597
v 99.933201 126.208158 52.414706
v 96.631165 134.768912 53.560981
v 93.721854 144.102399 52.266459
v 94.451293 181.738978 25.364910
v -0.247917 91.171213 52.874723
v 27.879651 116.328419 52.601719
v 69.376649 142.247667 49.738214
v 84.037036 149.448144 49.545920
v 83.029227 157.179016 46.059573
v 68.000267 149.469141 46.719327
v 25.371560 121.791747 50.643267
v -2.497572 96.879832 50.679787
v 82.608863 163.494630 42.080236
v 67.033912 156.030771 44.258336
v 23.439246 126.802526 47.490464
v -4.681472 102.482529 48.209539
v 82.451595 168.921559 37.253467
v 66.289388 162.160641 41.047360
v 21.886471 131.517340 43.494178
v -6.535986 107.726298 44.358754
v 82.674375 173.836919 31.612000
v 65.908315 167.437467 35.937018
v 20.426451 136.244481 38.565779
v -8.639286 112.890567 39.940304
v 92.887276 153.259563 49.981920
v 92.106033 161.129150 46.733240
v 91.704719 167.871821 42.410126
v 91.398539 173.746214 36.985434
v 92.022820 177.566346 31.750999
v 100.555783 89.980194 35.860885
v 102.519882 85.825852 28.927562
v 103.915800 82.809520 21.530137
v 105.048411 80.406232 13.743837
v 106.010700 78.589157 5.326255
v 105.877733 79.387379 -4.047671
v 105.367891 82.814451 -14.159361
v 104.806847 86.349164 -20.803169
v 103.788110 90.444961 -26.189746
v 101.854725 95.963150 -30.774917
v 99.042825 103.908035 -36.002351
v 94.557521 115.037528 -39.679435
v 89.309283 128.094313 -40.941795
v 84.143091 141.655118 -39.890790
v 79.224695 155.512952 -38.389155
v 75.709993 167.546732 -32.858932
v 73.752118 175.465516 -22.603181
v 72.965594 178.533127 -9.729775
v 72.616512 180.133117 2.204144
v 73.115793 180.111538 15.996181
v 73.619890 176.385753 26.766714
v 73.628296 170.496841 33.845293
v 73.873817 165.175240 38.818916
v 74.316996 159.399581 42.716790
v 74.999241 153.013524 45.968105
v 76.268504 145.667395 49.348006
v 78.182515 137.450870 51.967798
v 81.691972 128.392048 53.706930
v 85.917791 119.455531 53.275662
v 90.180996 110.689890 50.790049
v 94.119463 102.837693 46.634090
v 97.517551 96.076275 41.796837
v 64.791994 130.598678 52.364739
v 62.377684 138.609363 50.074509
v 60.843863 145.750142 47.581726
v 59.693739 151.967807 45.011897
v 58.763267 157.867312 41.946973
v 58.044282 163.376858 37.484398
v 57.849451 168.236536 30.543930
v 57.336305 172.870191 20.483455
v 56.250138 175.182282 6.410011
v 56.464866 173.192921 -6.143285
v 57.056466 169.602603 -19.992960
v 59.161493 161.488663 -30.579992
v 63.465868 149.093928 -36.873216
v 69.142179 134.554666 -38.989516
v 74.386016 120.686150 -39.458131
v 79.672482 107.294438 -40.258060
v 84.823937 95.275403 -37.963430
v 87.888785 87.094622 -32.176626
v 90.268014 80.978947 -26.699617
v 91.940648 76.305150 -20.428276
v 92.611043 73.274333 -12.311647
v 93.202769 70.740731 -2.857305
v 92.996553 70.715721 6.355936
v 92.526697 71.791019 15.006969
v 91.551434 74.061106 23.205647
v 89.894839 77.522967 30.499659
v 87.534703 82.509712 37.054099
v 84.423714 88.944360 42.817841
v 80.933395 96.316313 46.920122
v 77.016432 104.290413 50.848236
v 72.611813 113.024472 52.932364
v 68.385340 121.859704 53.268732
v 79.980482 78.647249 37.589993
v 82.396317 73.415881 31.116824
v 83.947114 69.639551 23.970148
v 84.644038 67.438599 15.724070
v 84.790228 66.710368 7.038343
v 84.834137 66.785669 -2.017108
v 84.421493 68.731904 -11.165713
v 83.872633 71.422688 -19.658277
v 82.352087 75.383117 -27.002100
v 79.623839 81.883624 -33.054725
v 75.942327 90.660765 -38.398606
v 70.861121 102.855845 -40.188037
v 65.666847 116.288023 -39.614333
v 60.310975 130.388882 -37.859254
v 54.734233 145.104583 -35.633774
v 50.387049 157.666282 -29.244676
v 48.124435 166.229872 -18.849384
v 47.446205 169.883340 -4.903408
v 47.405789 170.906644 8.093253
v 48.596640 167.965432 21.405750
v 49.442325 163.090723 30.887249
v 49.978175 158.261599 37.886557
v 50.834314 152.964259 42.503904
v 51.998271 147.343912 45.531720
v 53.261428 141.528412 48.274872
v 54.909290 134.560728 50.585780
v 57.380011 126.910490 52.347817
v 61.063166 118.359446 53.373266
v 65.240345 109.547110 52.735022
v 69.613267 100.881853 50.810659
v 73.409503 92.768136 47.226326
v 76.919479 85.374605 43.067485
v 71.600955 74.437507 38.151026
v 73.764047 69.232342 31.643336
v 75.265914 65.428104 24.484130
v 75.875020 63.312187 16.375524
v 76.071540 62.332292 7.844054
v 75.832404 62.736537 -0.997890
v 75.288516 64.378481 -9.887142
v 74.756250 66.586758 -18.439425
v 73.060170 70.810840 -25.797289
v 70.133967 77.522190 -31.684501
v 66.216436 86.421240 -37.039178
v 61.405151 98.214509 -38.630877
v 56.110300 111.381410 -38.954668
v 50.459207 125.655459 -37.254611
v 45.110882 140.213841 -33.714724
v 40.816054 153.543761 -27.304027
v 38.492503 162.273944 -17.879702
v 37.249595 165.961840 -3.439435
v 37.512286 165.249828 9.864701
v 38.826792 161.708202 21.984619
v 39.857499 157.007570 31.183237
v 40.941024 151.612822 37.455621
v 41.989730 146.558375 42.267146
v 43.192356 141.553426 46.102886
v 44.586502 136.123157 49.360297
v 46.551287 129.932457 51.687736
v 49.213495 122.275305 53.030230
v 52.841896 114.001143 53.662877
v 57.006877 105.402446 53.116026
v 61.316324 96.915928 51.015172
v 65.050694 88.886432 47.285847
v 68.500250 81.465676 43.170730
v 62.484969 70.254492 38.246909
v 64.746828 64.893311 31.995905
v 66.429087 60.683132 25.212003
v 67.327147 57.996246 17.266996
v 67.432946 56.921865 8.735036
v 67.334966 56.798030 -0.174983
v 66.762369 58.194941 -9.183133
v 65.981890 60.519385 -17.862184
v 63.725726 65.764948 -24.550696
v 60.740080 72.651646 -30.499277
v 56.731688 81.794738 -35.353657
v 51.794459 93.391921 -37.466904
v 46.319927 106.435719 -37.277224
v 40.410367 120.421987 -35.814437
v 34.545543 134.583701 -32.322930
v 29.664011 147.288717 -25.457931
v 26.532437 156.194666 -15.168014
v 25.333393 160.215952 -1.432899
v 26.682373 158.110624 11.549837
v 28.398728 154.221073 22.737774
v 29.601341 149.505148 31.408722
v 30.867843 144.296073 37.670904
v 32.019933 139.519734 42.868239
v 33.458411 134.561971 46.892757
v 35.139508 129.350483 50.325068
v 37.392578 123.646265 52.845456
v 40.306477 116.568416 54.021873
v 43.966631 108.520963 54.041748
v 48.079143 100.314104 53.623859
v 52.311347 91.957648 51.714159
v 56.057064 84.231843 47.850118
v 59.479324 76.924670 43.495909
v 45.185356 59.673798 39.422610
v 47.753216 54.276145 33.491574
v 49.587914 49.850712 26.729206
v 50.918381 46.230278 19.013415
v 50.930523 45.164910 10.208989
v 50.644043 44.807336 1.045899
v 49.161949 47.596328 -7.814807
v 47.501285 51.495849 -15.302457
v 45.279049 56.643240 -21.884907
v 42.348132 63.285276 -28.415528
v 38.453943 71.948211 -34.537029
v 32.890055 83.726056 -36.512074
v 26.970460 96.309904 -34.938385
v 20.742987 109.381574 -32.659548
v 13.774169 122.593967 -29.719916
v 8.141650 133.346978 -21.325485
v 4.680148 139.974240 -9.849196
v 3.036601 143.164168 2.652681
v 4.300956 141.567078 14.843444
v 6.104446 137.621015 25.517534
v 7.756790 132.316825 34.257752
v 9.317474 127.497441 40.100866
v 11.071914 122.718135 44.512248
v 13.045833 117.846076 47.929925
v 15.249052 112.867370 50.824358
v 17.902368 107.465104 53.140426
v 21.102552 101.510244 54.957677
v 25.073739 94.596947 55.717846
v 29.613094 87.069080 55.463647
v 34.136590 79.448094 53.137170
v 38.412912 72.238515 49.771467
v 42.271939 65.378938 45.464665
v 36.430257 53.953223 38.990966
v 38.978523 48.956799 33.081481
v 40.586451 45.415555 25.983681
v 41.492374 42.976227 18.301980
v 41.775840 41.605131 10.102775
v 41.336913 41.844634 1.518306
v 40.337696 43.700743 -6.967637
v 38.888963 46.922789 -14.687256
v 36.829544 51.414669 -22.154051
v 33.789239 57.925167 -29.323242
v 29.168534 67.228640 -34.304387
v 23.443830 78.759037 -36.526631
v 17.282215 91.009067 -34.634113
v 10.718302 103.447709 -32.444197
v 3.766007 115.731919 -28.899666
v -2.961098 126.918662 -21.719326
v -4.401878 130.830752 -8.513616
v -6.825519 134.608302 3.394250
v -5.865174 133.496367 15.635586
v -3.947933 129.738236 25.827872
v -2.103876 124.748455 34.285665
v -0.137732 119.897449 40.106471
v 1.836652 114.839352 44.507528
v 3.689462 109.679208 48.134326
v 5.778674 104.524218 51.192561
v 8.149437 98.982120 53.745568
v 11.302035 92.828737 55.078046
v 15.295057 86.242797 55.507981
v 19.940319 79.219754 55.308191
v 24.751821 72.326830 52.681209
v 29.267689 65.597818 49.269398
v 33.347458 59.095784 45.059563
v -27.815242 51.767896 45.708905
v -14.869402 61.420195 49.085956
v -27.034755 95.740084 30.834870
v -35.546330 84.143693 25.893923
v -16.844323 33.470529 38.583174
v -2.818747 40.520930 41.172252
v -8.458475 22.307561 16.825590
v 5.714443 31.273168 18.567468
v -6.846357 27.014120 -8.836475
v 5.230029 35.566112 -11.012249
v -28.615824 101.814661 18.198845
v -35.095578 93.732171 22.135875
v -30.383461 101.649654 -1.688329
v -36.577127 91.001136 -0.244697
v -25.806242 89.506518 -21.207180
v -37.717180 79.611537 -18.595990
v -18.458229 38.163714 -21.223798
v -4.850038 46.817649 -28.785128
v -29.704947 56.629559 -24.481635
v -15.394703 67.480099 -29.772779
v -35.102964 91.975439 25.805380
v -27.408300 99.153141 25.202797
v -2.343439 72.006021 53.012003
v -18.564178 110.676347 33.928434
v 11.889768 52.166985 45.776590
v 22.530991 38.175158 22.404828
v -19.530296 114.041784 25.868388
v -20.765665 116.468534 16.441312
v -21.098967 115.451885 -5.584169
v -13.074243 101.498086 -24.440519
v 10.935647 57.076987 -33.822442
v -0.642278 79.595340 -33.441415
v 21.442124 39.707422 -13.491599
v -21.517244 56.093976 47.199759
v -10.020002 37.061501 39.484823
v -2.261016 27.893475 17.247633
v -2.356303 34.258313 -8.568561
v -11.511332 42.273745 -24.508133
v -22.030866 61.517072 -27.433369
v -30.698697 84.206519 -19.540723
v -32.986948 96.381990 -0.595165
v -32.045289 97.101924 19.444564
v -31.339171 94.450325 25.206418
v -31.451092 89.999449 29.259721
v -23.901691 46.293964 -23.881355
v -16.990071 50.461954 -28.139795
v -10.542516 56.294700 -31.947805
v 5.300673 68.118800 -34.751392
v -34.285465 67.017111 -25.052829
v -27.453301 73.005613 -26.804125
v -21.340765 79.022781 -28.400020
v -7.227473 91.161308 -30.894810
v -36.693156 84.820997 -9.230845
v -33.350438 91.789766 -10.987019
v -29.492398 97.331736 -12.319351
v -20.089369 111.021608 -17.949714
v -36.049614 91.647251 10.875168
v -32.461904 97.360106 9.331563
v -28.902792 102.214102 8.434316
v -20.138184 116.253060 5.801626
v -36.679717 80.365543 30.448861
v -31.684696 85.924656 33.996302
v -26.623175 91.763988 35.921512
v -16.055322 105.713945 39.414102
v -37.776456 76.777764 36.477910
v -31.310091 81.375132 38.540862
v -25.530653 87.173312 40.100937
v -14.073671 100.701725 43.802638
v -36.979332 72.740219 40.549801
v -30.314671 76.980079 41.904251
v -24.137247 82.408547 43.442613
v -12.216480 95.445623 47.504021
v -35.268884 68.181951 42.786413
v -28.797289 72.478691 44.221766
v -22.451461 77.499278 46.093187
v -10.027221 89.927879 49.944658
v -8.893925 66.428894 51.131922
v 4.350083 45.703444 43.402709
v 14.146456 34.184836 20.466962
v 12.948782 38.000233 -12.386203
v 2.641763 52.083968 -31.694579
v -2.978971 62.433850 -33.834603
v -8.496638 73.626530 -31.967841
v -14.917179 85.220097 -29.875314
v -19.724075 95.090056 -22.190630
v -25.475087 103.745844 -14.717625
v -26.704311 108.075514 -3.416553
v -24.968132 108.573699 7.285659
v -24.637880 108.160790 17.120995
v -23.864814 105.907104 25.579533
v -23.058902 102.574580 32.367947
v -21.752465 98.408576 37.793972
v -20.164517 93.702872 42.107535
v -18.448301 88.668989 45.570862
v -16.417747 83.397407 47.949224
v -33.178537 63.244458 44.490235
v -27.028601 67.639857 46.438025
v -20.280778 72.356738 47.895005
v -14.437849 78.011676 50.118651
v -7.810704 84.259835 51.754008
v -31.055213 57.998913 45.951750
v -24.669376 62.534845 47.073184
v -17.785453 67.144895 48.743441
v -11.857790 72.434901 50.804335
v -5.371478 78.300045 52.932451
v -24.269909 45.412578 44.614765
v -17.855468 49.252940 46.261166
v -10.820573 53.562817 48.150131
v -4.770809 59.069454 50.364410
v 1.992474 64.982467 52.412429
v -20.479239 38.825979 42.743199
v -13.871269 42.163390 44.518802
v -6.919178 46.343707 45.891667
v -0.239067 51.978650 48.221708
v 6.915881 58.323690 50.087232
v -13.655002 29.145802 33.575919
v -6.997533 33.392762 33.861362
v 0.600290 36.310149 35.634290
v 8.316322 40.669798 38.316129
v 16.147890 46.527130 41.021455
v -11.554271 26.822402 27.500246
v -4.614092 30.601739 28.403315
v 3.024633 33.760671 29.964885
v 11.141508 37.337582 32.438873
v 19.151359 42.740303 34.873364
v -10.352676 25.488255 21.441282
v -3.162399 29.225122 22.569328
v 4.746311 31.982765 24.316449
v 13.176157 34.894380 26.653315
v 21.164893 40.115461 28.705293
v -9.315317 20.527679 10.146042
v -2.540328 28.264612 11.877820
v 6.186389 30.962818 12.950644
v 14.599541 34.072756 14.361326
v 23.272280 36.977048 15.932741
v -6.817706 22.000148 5.742613
v -2.802642 30.325472 7.194023
v 6.357909 31.874790 7.453154
v 14.710869 34.424629 8.184665
v 23.481258 36.627439 8.998835
v -6.052564 22.986888 1.951202
v -2.577168 31.602586 2.416909
v 6.284590 32.915678 1.818735
v 14.571278 35.132070 1.717870
v 23.258190 37.045122 1.800137
v -6.011783 24.948795 -4.067944
v -2.212991 32.854892 -3.300119
v 5.926805 34.326884 -4.662800
v 13.984278 36.802485 -5.174112
v 22.559531 38.325171 -5.732877
v -9.875440 29.692241 -13.825955
v -4.689890 36.006752 -14.163366
v 2.595750 38.471248 -16.818087
v 10.481522 41.137033 -19.077791
v 19.008966 43.191374 -21.205356
v -13.716337 33.139162 -18.224780
v -7.502680 37.644513 -20.401272
v -0.630936 41.660732 -22.897611
v 7.076941 45.577492 -25.503577
v 15.559809 48.982482 -27.934221
v -42.482752 82.059010 28.228617
v -39.900384 85.695317 25.789451
v -38.047222 88.982840 27.525081
v -40.030105 93.699284 26.014720
v -40.358554 91.670426 28.378713
v -39.362296 95.849201 21.630378
v -38.672201 92.489024 12.937774
v -39.224552 92.334198 0.905359
v -40.496998 86.033277 -7.738490
v -41.168089 78.051333 -14.846549
v -45.047489 71.940115 -21.510483
v -47.487371 74.419479 -17.272259
v -41.246428 65.330766 -23.609890
v -52.576148 66.701926 -20.473581
v -53.968263 72.465811 -17.162813
v -66.668276 63.880320 -11.656725
v -67.475888 69.092336 -10.570386
v -73.644125 61.686095 -4.527361
v -75.183573 67.695838 -4.272513
v -76.602017 58.356975 2.267300
v -77.208852 65.168003 4.516963
v -77.829453 58.226155 12.003962
v -78.007620 63.946634 12.811673
v -76.028817 57.633550 21.306104
v -77.012549 63.653675 20.993414
v -70.254568 61.064998 27.589074
v -73.010416 65.308542 27.938773
v -46.816605 78.795955 30.914319
v -42.577510 75.219790 31.037543
v -52.436830 75.472621 32.668822
v -49.833355 71.545207 32.512714
v -58.903381 72.230594 32.748199
v -56.874243 68.056595 33.079400
v -66.488383 69.185643 31.369220
v -63.792063 64.543229 30.939899
v -42.338887 88.108870 29.559756
v -44.618610 85.303986 31.599193
v -48.410801 81.860325 34.261213
v -53.993936 78.706216 35.515071
v -60.198166 76.270228 34.910350
v -66.465508 73.969037 34.060839
v -74.486084 69.169572 26.721313
v -71.405675 70.194578 30.910760
v -71.600449 73.528157 31.523072
v -77.809823 68.365665 21.006962
v -79.451360 68.601849 13.756060
v -79.543878 69.804348 6.381821
v -79.562049 71.629525 -0.445695
v -50.865028 80.092549 -14.325823
v -46.512620 83.383277 -11.968248
v -56.537695 77.812889 -15.206959
v -67.667697 74.283852 -10.633591
v -74.128473 73.714211 -8.144748
v -63.711003 75.138166 -12.600593
v -79.526957 76.124704 -4.452206
v -60.776901 79.260487 -13.506045
v -44.029365 89.317235 -7.970520
v -42.344034 95.130028 -0.179668
v -39.922139 98.745197 10.410294
v -40.915416 99.900473 20.608057
v -42.299206 97.330338 26.920915
v -43.716388 94.072565 30.230856
v -44.935070 91.181427 32.211539
v -47.147097 88.422561 34.418203
v -50.848256 85.371350 36.414120
v -56.184973 82.596561 36.911296
v -61.717325 80.102395 36.965508
v -67.728051 78.102192 35.967994
v -72.480365 77.717099 31.836276
v -77.246819 76.606787 27.975508
v -75.625098 72.916607 27.176111
v -79.120213 72.256166 21.613560
v -81.298201 75.721586 22.477428
v -83.280362 76.130865 15.439279
v -81.224719 72.533638 14.748999
v -80.849671 73.840010 7.871170
v -81.625751 78.044412 8.550288
v -80.382387 79.459870 1.524366
v -80.514162 75.076324 2.655160
v -79.594033 84.520679 -3.184306
v -77.954398 80.594582 -6.453579
v -73.042072 80.742817 -8.504464
v -67.179575 80.528616 -10.387248
v -54.228546 85.257035 -12.418601
v -49.885829 87.154801 -11.296596
v -49.293797 91.935117 -8.317034
v -48.525893 97.453642 -2.017498
v -46.890821 102.599706 4.438421
v -48.130964 108.979431 9.984897
v -42.767619 104.564200 13.769441
v -46.814302 109.756654 19.290103
v -43.033293 104.436712 20.513695
v -43.984867 102.389671 26.947393
v -46.861075 108.238568 26.872517
v -48.868595 104.889195 32.353676
v -46.057560 99.000331 31.245339
v -48.073211 95.601407 34.222780
v -51.395060 101.121101 36.141826
v -50.197141 92.117995 36.770650
v -54.110308 97.159907 39.138018
v -53.670823 88.755284 38.113373
v -57.629458 93.311284 40.580715
v -58.668602 85.918157 39.248077
v -61.511551 90.220690 41.278188
v -63.930127 83.629938 39.739434
v -66.533657 88.849014 40.436304
v -71.694892 87.917288 37.894931
v -69.201456 82.685670 36.889672
v -81.285441 83.868556 4.872922
v -82.809580 89.421092 2.261669
v -83.885837 82.054767 9.829000
v -85.737548 79.782327 16.471263
v -83.745570 79.377189 23.669776
v -79.821775 80.146417 29.594226
v -74.701262 81.551032 33.630588
v -76.903466 86.407870 34.574861
v -81.553347 84.998474 30.185053
v -86.161022 83.476736 25.109321
v -88.354761 83.762402 17.658336
v -86.799101 85.940097 9.933623
v -76.098360 94.338417 -2.695889
v -72.695673 88.078338 -7.368774
v -52.717663 103.313234 0.744310
v -55.069401 108.290287 2.742479
v -56.780136 98.149488 -3.795879
v -61.755707 104.561860 -1.816573
v -69.544812 99.840172 -3.879507
v -65.483778 94.293294 -7.593889
v -55.684224 91.372189 -9.152704
v -62.423107 88.334077 -10.123189
v -67.429914 85.710940 -9.462560
v -52.972757 110.969771 33.231523
v -55.856679 106.699065 37.396722
v -58.956514 102.253118 40.198251
v -62.073179 97.762074 42.068424
v -64.073395 94.075325 41.760129
v -68.433108 94.710856 41.222464
v -74.998511 94.810298 39.871700
v -79.840636 91.923280 35.758618
v -83.871089 89.801156 31.410860
v -88.179454 87.886172 26.561398
v -91.195666 88.498089 19.744127
v -90.511446 90.132668 12.005011
v -88.107978 91.951453 4.957676
v -86.114650 96.435764 2.481772
v -80.907410 96.481023 2.970309
v -77.052726 97.896570 -0.180588
v -72.652593 103.145924 1.186024
v -65.847337 108.116022 2.525605
v -59.909717 112.676789 5.797745
v -54.187078 115.339233 11.482792
v -52.045717 115.376032 19.405314
v -51.576885 114.072568 26.901874
v -84.227252 102.590740 3.508892
v -78.626441 102.866950 2.684480
v -81.089123 109.739659 5.412316
v -76.349770 109.285366 3.515571
v -77.995105 116.409316 6.982546
v -73.394771 115.944143 5.962836
v -75.964694 122.840699 11.228070
v -70.581455 122.252737 11.645557
v -75.385478 127.237223 17.050172
v -69.499934 126.405154 18.010676
v -74.931836 130.042819 23.762545
v -68.984092 127.898623 25.418570
v -75.973240 129.674996 30.629398
v -70.076669 126.448433 32.445787
v -78.553414 126.576853 35.867017
v -72.498317 123.035661 38.231636
v -87.193930 113.280753 38.544531
v -81.690993 110.076858 39.650775
v -90.393508 95.467721 4.031291
v -89.308920 99.191600 2.684670
v -91.662050 93.977077 7.339450
v -93.119093 93.873439 11.161918
v -92.376472 92.599081 15.238066
v -95.140162 94.243637 14.381490
v -93.235170 94.023091 22.919824
v -96.651341 96.390844 21.811869
v -90.490163 98.688402 31.506774
v -94.745112 101.596986 30.176121
v -96.249365 95.094905 17.882302
v -92.797155 92.685879 18.955012
v -91.432723 91.356118 23.606437
v -90.133783 91.878681 27.837847
v -96.337007 98.300424 26.178686
v -92.321579 95.871655 27.114125
v -87.446038 94.210925 32.671087
v -72.588026 108.399148 2.447709
v -68.917333 112.262635 4.898470
v -64.792625 116.616385 8.855024
v -60.466022 118.629795 13.587913
v -65.126936 121.540060 14.990887
v -64.107165 123.518614 19.796577
v -58.166607 119.781918 19.804228
v -63.123022 124.192329 26.646547
v -57.258157 119.416181 27.000765
v -87.999343 102.327806 35.329779
v -92.622845 105.346200 33.539137
v -84.028137 97.428519 36.120424
v -89.987360 109.138972 36.443797
v -84.951891 106.214991 37.864255
v -80.614949 100.854119 39.384809
v -77.356715 105.097537 40.933141
v -73.535944 100.369592 41.488707
v -68.410572 101.662707 41.515033
v -73.463910 108.508885 41.283326
v -58.139259 116.837197 33.818773
v -63.937327 122.313276 33.939167
v -84.353502 117.607583 39.360331
v -78.586320 113.891812 40.686407
v -60.980431 112.335098 38.405003
v -64.485590 107.297769 40.728707
v -66.546946 118.067611 39.370953
v -81.371299 122.081396 38.506458
v -75.666749 118.159611 40.718263
v -69.982228 112.979464 41.155595
v -89.341889 101.403357 0.213448
v -86.633606 105.481654 1.388372
v -83.784947 110.721781 1.470210
v -81.591301 117.854200 5.044792
v -80.555944 123.568749 9.590541
v -81.532804 128.913859 15.265676
v -80.574863 132.381314 22.036781
v -81.654386 132.796117 28.548560
v -84.834564 129.654708 33.381964
v -86.962936 124.922067 35.829528
v -89.722656 120.533094 36.413581
v -92.398068 116.020326 35.936163
v -94.901627 111.817028 34.577461
v -97.746803 108.224279 31.832111
v -99.734133 103.971810 28.521727
v -100.575065 100.694005 24.386879
v -101.079902 98.061640 20.441293
v -101.137324 95.886628 16.422864
v -99.670750 94.485987 12.983690
v -97.664468 94.401827 9.839812
v -95.412406 95.561053 7.468028
v -94.127097 96.853945 4.981620
v -93.445178 98.514084 2.502330
v -92.972560 98.762704 -0.748443
v -97.937292 96.904898 1.752631
v -97.742053 96.447384 -1.402096
v -102.354067 94.982511 2.488886
v -104.867792 94.118893 -1.349160
v -106.200840 94.571074 4.288181
v -110.059188 93.971061 0.071424
v -116.030740 98.918783 10.671937
v -119.723529 98.431258 4.939039
v -119.986148 109.643323 14.271037
v -124.096042 110.949642 8.824862
v -119.340990 115.878109 14.532042
v -122.879710 117.207428 8.737858
v -104.063670 129.266148 3.186031
v -107.924214 128.563065 -1.245303
v -93.856498 122.573521 -3.285544
v -96.786828 123.253799 -8.107703
v -91.737770 115.883898 -5.202630
v -92.901403 115.284320 -9.603821
v -91.690129 105.079468 -5.860727
v -94.490716 104.605592 -9.605177
v -92.503967 98.903440 -4.082469
v -97.199167 96.681835 -5.688750
v -97.115025 96.308409 4.557858
v -99.333583 94.958040 5.661025
v -101.888183 94.068974 7.548849
v -113.749957 94.722699 2.020378
v -109.426873 94.984192 6.356959
v -104.672067 94.633294 10.327568
v -107.402903 96.694652 14.155727
v -116.674889 95.921421 3.514682
v -112.505661 96.370130 8.620078
v -105.970799 99.089621 19.166642
v -111.819929 99.879501 15.157545
v -109.491983 100.465174 18.551489
v -118.823643 103.191687 12.860636
v -122.316177 102.695538 7.129287
v -114.249290 103.572837 17.204838
v -110.045224 103.366737 20.645097
v -105.482444 102.191206 22.821165
v -88.611935 102.438286 -2.524068
v -88.793372 106.357027 -3.809754
v -86.633989 104.924676 -1.053858
v -85.731492 108.588393 -1.712271
v -88.988180 110.961872 -3.258596
v -86.824747 111.081334 -2.074983
v -91.561636 110.077591 -6.028595
v -92.835975 109.547352 -10.145008
v -89.104887 115.340304 -2.290392
v -85.580418 114.853696 -0.452738
v -84.904461 119.781293 2.180788
v -89.487535 121.211408 -0.088728
v -104.748535 106.470926 26.209549
v -110.301983 107.917627 23.197520
v -115.312421 108.874379 19.089091
v -114.676627 114.929174 19.671902
v -109.582703 113.924296 24.901087
v -102.802124 112.341405 29.323232
v -98.254221 114.100828 32.152426
v -101.848294 119.338717 28.760121
v -107.777861 120.165186 24.018769
v -96.786378 118.048659 32.443723
v -112.830240 120.517874 18.688389
v -117.366954 120.849879 13.471939
v -120.903651 120.699600 8.256325
v -98.244450 127.226754 0.066096
v -101.724357 126.681820 -4.718229
v -90.896410 126.052926 3.387539
v -84.981876 125.043011 5.973423
v -96.945000 128.874726 5.069323
v -100.118921 130.079308 7.531555
v -92.338423 129.153132 7.381200
v -86.574632 129.074389 10.766792
v -95.300849 130.831188 11.149209
v -90.045576 131.494086 14.703652
v -85.768466 131.709832 16.959885
v -86.428443 133.049112 21.410746
v -112.151858 128.295989 1.120771
v -108.247172 129.863254 5.935085
v -103.797229 130.902178 10.610806
v -98.883787 131.640531 15.254480
v -93.179495 132.276305 20.478541
v -94.116930 122.686615 32.275115
v -114.868806 124.976888 11.384924
v -118.927204 123.949010 6.085686
v -98.514608 125.880416 27.126690
v -105.166120 125.546342 21.861952
v -110.532232 125.544268 16.760896
v -115.495306 126.873213 3.555442
v -111.949489 128.310623 8.821500
v -107.723982 129.463499 13.951902
v -102.795406 129.531808 18.531417
v -91.000985 126.051333 32.533631
v -91.207750 130.002483 28.501545
v -86.652514 132.770219 26.380884
v -98.657630 130.037084 22.555581
v -103.628370 94.845127 -6.374696
v -96.802239 103.756187 -13.502858
v -100.038805 98.763669 -11.063723
v -105.052244 95.605555 -10.867355
v -110.560597 93.894847 -6.056923
v -112.900382 95.090538 -9.558748
v -115.612420 94.550457 -3.512194
v -118.211251 96.364816 -6.857405
v -119.236781 96.623650 -0.461524
v -120.873775 98.178306 -4.788006
v -121.867485 99.163571 1.030669
v -123.459645 100.478123 -2.817575
v -125.269918 103.694341 2.347553
v -127.237016 104.596041 -1.766357
v -126.455703 111.169753 4.473943
v -128.634819 111.813557 -0.092893
v -125.515593 117.784568 4.137777
v -127.403715 118.071173 -0.532719
v -122.598713 121.702380 3.702450
v -124.608654 120.836008 -1.558179
v -119.893243 124.387000 2.871071
v -117.489229 126.142574 0.675551
v -121.808507 123.105946 -2.647008
v -118.977636 125.333808 -3.212172
v -113.563192 127.721680 -2.024324
v -115.390026 127.499083 -4.941481
v -109.832697 127.916295 -4.547365
v -111.326239 127.861984 -7.545201
v -104.314208 126.411740 -7.713079
v -106.310281 126.913338 -10.901997
v -99.113676 122.993255 -11.393538
v -101.552389 123.144953 -14.771091
v -94.584670 116.591962 -15.280850
v -93.905454 110.896965 -15.358813
v -96.615778 117.498111 -18.855281
v -95.991486 111.943746 -19.401813
v -99.394940 105.064669 -18.543585
v -103.191746 100.339556 -17.325152
v -107.421383 97.813637 -16.016762
v -114.312574 97.569311 -13.539650
v -119.623753 98.388563 -11.358230
v -122.934348 100.163158 -10.082213
v -125.517004 102.525028 -7.999600
v -128.226368 106.084114 -7.300979
v -129.906304 110.754070 -5.855228
v -129.126313 117.743992 -5.150369
v -126.407818 121.407786 -6.164681
v -124.512796 123.543450 -6.184553
v -120.830687 126.863217 -6.882541
v -117.430892 129.052159 -8.042971
v -112.632844 131.049346 -9.599486
v -108.431512 129.863879 -10.542303
v -104.444998 128.801108 -12.633357
v -102.106520 126.793725 -15.173639
v -105.984535 131.417492 -11.362974
v -100.350501 123.302371 -18.056575
v -98.036721 119.041071 -21.334325
v -100.156042 127.088630 -17.400838
v -102.809826 130.293434 -13.568736
v -102.877008 132.727868 -13.052579
v -100.364164 130.189523 -15.707489
v -101.761000 129.141840 -14.707834
v -97.706155 113.461358 -22.578610
v -100.867215 107.365335 -22.475208
v -104.502936 102.512480 -20.497298
v -109.170152 100.540815 -19.764528
v -114.246003 99.655970 -17.319889
v -120.441275 100.668238 -15.282819
v -123.838375 102.192284 -13.497164
v -126.615044 104.912374 -12.189797
v -128.859915 108.110663 -11.585973
v -130.336624 113.227849 -10.215100
v -130.253370 118.572891 -10.202928
v -128.295847 122.701333 -9.696194
v -126.211479 124.693026 -9.185619
v -122.729823 128.974454 -9.572087
v -119.556358 131.741155 -10.395106
v -109.256773 133.928370 -10.469407
v -115.759593 134.547486 -10.650546
v -112.045301 137.114030 -10.814945
v -98.884625 123.740879 -22.426717
v -98.106869 127.872764 -20.766950
v -99.451492 119.832860 -24.825767
v -100.028373 114.307610 -26.157934
v -103.031542 109.503242 -25.758494
v -106.782701 105.528151 -24.111877
v -110.566229 103.346040 -22.944039
v -115.089559 102.125084 -20.251479
v -120.751666 102.812449 -18.150339
v -124.127447 104.474239 -16.938010
v -126.376802 106.299412 -15.111408
v -128.458168 109.910498 -15.061004
v -130.401122 114.220342 -14.577958
v -131.049433 118.500933 -14.503527
v -129.994468 124.566693 -12.854643
v -127.967820 127.368735 -11.936726
v -125.252862 131.467225 -12.321162
v -121.988967 135.034204 -12.602284
v -118.372809 138.197816 -12.691512
v -114.136231 141.650486 -12.161265
v -97.863562 131.824705 -17.715303
v -106.098295 135.999171 -11.309996
v -108.926413 138.090789 -11.059396
v -108.483815 141.011665 -11.670228
v -100.017367 135.816963 -14.795727
v -103.949167 138.958104 -12.476847
v -121.249204 141.470073 -15.920326
v -124.093967 138.081805 -16.794958
v -126.943656 134.225234 -17.264978
v -129.030358 129.778662 -17.437251
v -130.490972 125.757292 -17.562310
v -131.541490 120.627629 -19.344378
v -130.189372 115.753451 -19.474722
v -128.413258 112.071925 -19.109182
v -126.247887 109.110951 -19.806087
v -124.154546 107.056046 -20.994916
v -120.704861 105.570476 -22.552746
v -116.781447 105.169401 -24.013392
v -113.280996 106.052686 -25.888226
v -109.669320 108.608134 -27.062382
v -105.503270 110.953025 -27.601745
v -103.618994 115.014177 -29.379481
v -101.188043 120.266427 -29.396357
v -99.427190 125.026246 -27.179239
v -96.849309 129.332771 -25.027784
v -94.752141 134.269696 -21.445702
v -96.963680 139.785366 -17.549158
v -101.874901 142.856548 -13.803089
v -107.074541 145.062556 -12.505509
v -112.315479 146.696558 -12.716311
v -118.664794 144.859678 -14.783588
v -116.854497 148.627377 -14.511571
v -129.245967 116.484807 -24.306565
v -127.452502 112.512791 -24.344358
v -125.572871 115.873331 -30.664723
v -124.243701 111.362865 -28.985403
v -119.469298 114.241379 -31.437710
v -119.324749 109.734563 -28.879121
v -115.515491 109.898500 -29.417084
v -115.596918 113.472340 -31.736658
v -111.666258 111.091956 -29.531671
v -109.982742 113.460645 -30.496606
v -106.790469 116.726748 -31.121848
v -104.800686 121.866215 -32.596179
v -101.555252 126.712627 -30.995582
v -98.309904 131.941511 -29.741239
v -96.282041 137.854988 -26.798643
v -94.780725 140.396961 -22.302647
v -100.885378 147.339075 -15.484611
v -96.363039 145.569768 -18.239897
v -94.089491 144.437483 -23.125709
v -105.536417 149.521150 -13.359479
v -110.824939 151.332351 -13.492107
v -115.566492 152.751574 -15.481845
v -130.508387 120.721040 -24.815843
v -127.990139 120.959879 -30.791784
v -120.686621 119.369344 -32.921923
v -113.978335 117.981059 -32.945726
v -130.862409 126.123729 -24.700999
v -127.881194 125.953274 -31.562977
v -120.149626 124.345190 -33.832498
v -112.985471 122.694197 -34.561070
v -112.252310 127.488500 -35.312249
v -107.291607 126.250344 -34.169415
v -104.929234 129.706570 -34.262767
v -118.859890 129.397642 -34.330981
v -125.782440 131.355130 -31.296523
v -128.592362 131.113330 -24.279152
v -126.132806 135.686119 -23.744652
v -123.374677 136.436977 -30.518853
v -117.092587 134.557783 -34.625739
v -110.479006 132.126603 -35.991380
v -102.649608 134.752614 -33.044886
v -107.977030 137.367911 -35.633235
v -114.682856 140.098910 -34.815691
v -121.948878 143.049199 -30.461794
v -124.490994 140.527181 -22.586018
v -100.504335 140.074103 -31.030084
v -105.374539 142.365703 -34.018670
v -111.218246 144.931678 -33.925702
v -122.734014 144.316751 -20.390132
v -120.978911 147.395717 -18.231354
v -119.383315 149.650823 -16.945843
v -122.585616 147.579849 -25.227568
v -121.478550 150.498412 -21.561382
v -119.066270 152.676693 -18.860829
v -119.704249 151.376270 -28.278312
v -116.659146 148.057813 -32.065009
v -120.420062 153.307998 -24.419751
v -117.045165 156.262067 -23.040226
v -113.783220 157.500651 -17.530372
v -109.078714 155.525041 -15.313362
v -104.175369 153.917927 -14.740287
v -100.195925 151.413322 -17.331315
v -97.892161 149.210965 -20.571703
v -96.468668 148.217133 -24.535355
v -95.428392 142.520492 -27.017268
v -98.007418 145.959163 -30.058665
v -103.573455 146.921245 -32.376325
v -108.056278 149.193942 -33.088139
v -112.740208 152.043298 -31.923295
v -116.147873 154.909528 -28.795984
v -98.142390 151.876778 -25.111605
v -99.719297 151.134920 -29.307529
v -102.529488 150.374817 -31.825378
v -105.527745 152.786858 -31.808089
v -109.524817 155.259401 -30.509760
v -112.649089 156.548217 -28.406881
v -111.774602 157.940702 -25.092297
v -109.488636 159.263784 -20.784987
v -107.518876 157.671546 -17.664010
v -103.541225 157.478259 -18.218407
v -97.767360 152.156012 -21.627998
v -99.615226 154.673686 -19.956471
v -107.123122 157.915896 -27.271035
v -105.088393 158.199230 -22.781972
v -102.380811 155.409154 -29.135504
v -100.449478 156.049206 -24.440228
v -70.029466 44.282286 32.314733
v -64.261374 47.923612 34.312600
v -56.934368 17.126341 34.308582
v -51.756677 21.630719 34.678906
v -47.670581 1.167474 13.832459
v -42.955652 5.835635 16.750289
v -45.798265 0.449502 4.063885
v -40.342456 1.955530 8.996029
v -14.435963 18.508940 17.830431
v -13.841448 16.258470 14.506339
v -21.463694 14.837683 18.852870
v -19.970990 12.538269 16.604806
v -28.598296 11.002255 18.329718
v -26.617272 7.946500 16.746325
v -35.515967 7.111895 16.089139
v -33.883044 4.053459 14.043000
v -47.936702 1.838192 8.082070
v -42.045228 4.834017 12.094541
v -16.623669 21.353507 21.310165
v -23.256613 17.146668 22.205602
v -30.427958 14.012379 20.771310
v -37.274835 10.673624 18.729320
v -49.053215 3.349762 20.001585
v -43.967052 7.873809 22.067832
v -38.415097 12.342602 23.738662
v -32.420034 17.069616 24.788642
v -25.678773 20.857446 25.682047
v -18.135547 22.666188 27.313798
v -51.107951 7.042888 25.505926
v -46.093963 11.590509 26.972310
v -40.212204 15.026481 29.245833
v -33.871007 18.824637 30.504399
v -27.570258 22.963632 31.251242
v -20.785444 26.326048 32.227427
v -73.376295 53.124600 25.718597
v -67.738975 56.738276 28.925419
v -62.007021 60.413999 32.528504
v -55.091690 64.116600 33.668262
v -48.179641 67.627344 33.650687
v -42.220628 72.007966 34.877405
v -71.518676 48.548924 28.891216
v -66.365986 52.548164 32.111119
v -42.185303 68.812145 38.974059
v -40.560801 64.317869 41.755648
v -47.321128 64.095330 36.991783
v -46.284837 60.158027 39.887707
v -53.232733 59.789433 34.887805
v -51.973593 55.785673 37.790161
v -59.903805 56.142343 33.955970
v -57.948993 51.622161 35.720910
v -68.176706 39.544143 35.032666
v -62.469297 43.347635 36.486681
v -56.417695 47.236251 38.242499
v -50.388446 51.206724 40.100793
v -44.542014 55.283648 41.974651
v -38.787689 59.332108 43.421135
v -65.932935 34.296112 36.849354
v -60.411918 38.318198 37.898677
v -54.224758 42.172613 39.298022
v -48.097460 46.014861 40.911131
v -42.240906 49.911422 42.862552
v -36.504428 53.900982 44.567296
v -63.255955 28.629564 37.460860
v -57.735206 32.682975 38.379701
v -51.703961 36.598483 39.468691
v -45.505016 40.422083 40.632636
v -39.494380 44.220949 42.474166
v -33.639773 47.970724 44.373694
v -60.214304 22.883181 36.812892
v -54.734492 26.944547 37.718083
v -48.925483 31.022803 38.290253
v -46.008745 25.656063 35.508123
v -42.706259 34.750265 39.325880
v -39.748611 29.260524 36.817745
v -36.513148 38.257290 41.180224
v -33.420607 32.504274 38.886772
v -30.365298 41.828507 42.911129
v -26.980071 35.706520 40.814637
v -23.527134 29.926704 37.678278
v -30.224718 26.563616 36.515011
v -36.847938 23.773407 34.221103
v -53.877628 11.867092 30.247282
v -48.806249 16.481036 30.899558
v -43.091412 20.502592 32.092409
v -53.464599 -0.870848 2.459513
v -49.879822 0.927011 -0.834738
v -57.094526 0.983133 -5.175640
v -52.263415 1.963291 -6.406277
v -58.815600 1.211573 -10.872635
v -54.234436 1.277787 -11.692990
v -60.364060 2.972198 -15.816793
v -56.025492 2.360403 -17.365200
v -59.019115 9.950383 -21.101975
v -55.270093 6.563806 -21.248269
v -55.465018 15.227257 -22.895791
v -51.495600 10.838118 -23.496488
v -61.018842 21.981692 -25.080345
v -64.527825 17.383268 -20.675102
v -49.771968 59.805042 -22.498237
v -66.109326 59.727313 -15.274916
v -36.898889 54.604285 -23.275944
v -47.501264 50.894575 -25.605218
v -64.981144 46.296571 -23.782163
v -71.355300 43.013201 -22.136389
v -74.333016 39.322333 -17.346819
v -34.678446 45.502555 -21.086925
v -43.543272 41.948142 -24.307240
v -61.955153 70.260346 -14.092090
v -58.451036 72.268783 -15.631166
v -56.546874 66.230511 -18.363225
v -61.220442 64.325035 -16.107423
v -54.702795 58.643198 -22.311564
v -60.621160 57.530516 -20.955760
v -52.389941 49.354823 -25.966724
v -58.292682 47.932861 -25.325927
v -55.064975 38.507338 -23.940473
v -49.329773 40.668019 -24.380540
v -25.303960 37.609648 -22.743429
v -37.119248 37.293841 -26.832713
v -45.160302 35.029186 -26.820689
v -50.492773 32.218256 -26.375339
v -56.592192 28.300014 -26.952818
v -52.341683 21.259058 -23.994213
v -46.627906 25.694337 -25.781256
v -40.567140 28.306577 -27.018438
v -33.446257 30.087260 -26.867352
v -24.603795 31.900751 -23.773232
v -47.682723 15.759622 -24.568121
v -42.119701 19.353893 -26.857280
v -35.574508 21.772334 -28.202474
v -29.302006 23.660339 -27.513937
v -21.973717 26.863126 -24.352543
v -16.802179 26.631955 -20.355281
v -11.767291 24.754232 -15.812750
v -7.764919 21.753710 -11.823891
v -5.462545 20.048184 -7.908858
v -3.798785 17.746199 -2.000833
v -4.306816 15.853006 2.750215
v -7.134428 14.423564 8.143343
v -10.791477 9.836415 12.213136
v -16.138190 6.859250 14.262894
v -23.154247 3.192017 14.901358
v -30.831367 0.286528 12.120154
v -37.586797 -1.965651 7.806374
v -42.946121 -3.703027 3.135250
v -47.499590 -4.228010 -1.462707
v -50.420388 -3.968050 -6.720756
v -51.437359 -3.189187 -12.313196
v -62.079652 40.735050 -24.936754
v -59.878001 33.578764 -22.730923
v -65.731228 37.661713 -22.913560
v -69.697086 34.053762 -20.157177
v -65.517110 28.420709 -23.773087
v -78.135587 35.475731 -14.461208
v -74.016674 30.078304 -17.565010
v -70.134363 24.453351 -21.243662
v -67.997289 53.086438 -19.843554
v -74.973403 49.377398 -16.573494
v -71.070103 57.075198 -11.893813
v -75.919847 53.709210 -7.748238
v -76.699364 44.268122 -11.541995
v -79.194387 48.755160 -4.588395
v -80.523645 52.189490 3.536446
v -81.341591 40.156140 -9.606546
v -83.270077 43.829825 -3.106514
v -84.227276 46.537090 4.238488
v -79.886612 52.201928 11.504172
v -83.760157 47.197866 11.351329
v -78.971218 51.471906 18.431305
v -82.716217 46.531880 17.450037
v -38.197311 13.582815 -29.377856
v -31.826212 16.675692 -29.169968
v -26.304278 18.757927 -28.009828
v -20.231334 20.592063 -25.368592
v -14.911735 20.216898 -22.156755
v -10.720419 18.567473 -19.124651
v -5.009340 16.149170 -13.907656
v -2.752288 15.290517 -10.161236
v -1.137398 13.104169 -3.958563
v -2.042877 10.496939 2.301008
v -3.763751 7.761331 6.532256
v -8.090430 4.473363 10.221889
v -13.858065 1.480781 11.264235
v -20.339594 -2.167367 13.082868
v -28.530360 -4.144198 12.969537
v -34.877541 -6.536677 8.697437
v -39.770820 -8.736045 3.110191
v -44.343876 -8.477135 -2.181587
v -47.159851 -8.469843 -7.368717
v -49.064582 -8.185168 -12.696987
v -51.901108 -1.423057 -17.539211
v -51.194158 1.784615 -22.296451
v -48.642595 5.613951 -25.792578
v -44.027339 9.793367 -27.862025
v -18.381469 14.014189 -26.439636
v -23.412216 12.713555 -28.835507
v -29.004910 10.663494 -29.922218
v -34.550262 7.359003 -30.045729
v -39.876140 3.893002 -29.088961
v -44.454844 0.055329 -27.336589
v -47.932010 -3.796635 -23.945010
v -49.384975 -6.926307 -18.588327
v -13.603971 13.921379 -23.952693
v -9.044513 12.690416 -21.032425
v -4.315647 12.216679 -16.274985
v -1.370528 10.758185 -12.571294
v 0.903176 8.125725 -6.840178
v 0.062850 5.029862 0.375785
v -1.563769 2.417743 4.894599
v -4.946851 -0.510779 9.192367
v -10.087556 -3.398621 11.358113
v -15.164209 -6.238832 14.955687
v -22.642092 -6.433414 14.629590
v -20.304552 -9.668038 14.448534
v -27.222559 -8.177494 12.686072
v -33.101106 -10.484019 10.687820
v -38.047264 -12.907616 6.953133
v -41.174038 -12.360004 1.258506
v -42.779828 -12.468615 -2.720880
v -44.695511 -12.691234 -7.576459
v -45.801662 -12.731963 -12.932285
v -44.551715 -11.934804 -18.851543
v -43.120868 -8.649239 -23.849337
v -40.124900 -5.361933 -27.419164
v -35.943613 -1.806323 -29.166898
v -31.220393 1.495098 -30.198933
v -26.052180 4.259072 -30.453267
v -21.190509 6.151504 -29.489449
v -16.467764 7.217581 -27.266015
v -11.990293 7.503044 -24.975676
v -7.645226 7.265420 -22.300159
v -3.675791 6.605293 -18.974266
v -0.307342 5.963109 -14.865434
v 2.235022 3.278189 -7.994737
v 2.045618 0.523453 -1.791107
v 0.311508 -2.348346 3.135105
v -2.646436 -5.335325 7.768783
v -6.855591 -8.173826 11.610880
v -12.441984 -11.134017 13.765470
v -18.092501 -13.986413 14.253597
v -25.537050 -12.169083 13.714842
v -23.916773 -16.580675 14.345107
v -31.617280 -14.582026 12.631734
v -30.008746 -19.053858 13.468112
v -36.939959 -16.930523 9.366620
v -35.742657 -21.245270 10.675134
v -40.435121 -15.199414 2.835765
v -39.973960 -18.918130 4.614444
v -39.410945 -22.817583 5.637356
v -41.376010 -16.159296 -1.943066
v -41.196794 -20.134466 -0.794197
v -40.849102 -23.732274 0.136598
v -41.005118 -20.251130 -5.992888
v -41.349901 -24.195784 -4.793822
v -41.936397 -16.223724 -7.000445
v -41.786252 -20.499408 -10.563042
v -43.746062 -24.534276 -9.075947
v -42.863016 -16.391567 -11.827322
v -42.347288 -24.525784 -14.444954
v -41.348633 -20.564365 -15.120845
v -37.832950 -20.891982 -18.143577
v -39.589077 -25.020069 -18.559254
v -34.007923 -21.382650 -21.105225
v -36.666774 -25.337163 -22.744514
v -20.303682 -30.090235 -27.308665
v -23.449597 -34.351208 -28.439818
v -11.964933 -41.445488 -18.344125
v -16.635091 -45.483833 -20.014529
v -19.817939 -44.904717 -0.671142
v -24.562166 -47.847888 -2.946127
v -35.667765 -35.544960 5.791339
v -38.868795 -38.408977 3.471816
v -42.296814 -26.784679 -3.084887
v -45.107901 -27.775193 -4.858011
v -41.885606 -16.445276 -16.326157
v -38.727728 -11.961288 -23.012083
v -40.669623 -13.509603 -20.519129
v -38.849755 -16.613935 -19.164502
v -35.453975 -16.082862 -21.566819
v -35.657218 -10.080903 -25.647238
v -31.735910 -15.210528 -23.742151
v -29.451707 -22.363005 -24.026755
v -32.682155 -26.772987 -26.243704
v -31.966349 -7.692249 -27.987317
v -28.108469 -13.253660 -25.777434
v -25.333296 -19.306181 -25.460240
v -25.320745 -26.549050 -26.864445
v -28.213368 -30.283125 -28.026997
v -23.027919 -23.701875 -26.155934
v -27.753745 -5.131922 -29.696730
v -24.324952 -11.360229 -27.652688
v -21.697057 -17.974579 -27.642318
v -18.813610 -24.313267 -26.448415
v -14.928416 -34.301129 -25.670287
v -19.126812 -38.973227 -27.065826
v -13.032636 -38.940393 -22.155849
v -17.341740 -42.689825 -23.727139
v -13.852201 -27.424462 -25.468756
v -23.184694 -2.539001 -29.723362
v -18.634753 -0.824572 -29.147950
v -16.241742 -20.691573 -27.034050
v -12.166675 -21.057515 -26.552202
v -17.988877 -15.948294 -28.351478
v -13.938984 -14.830221 -28.748883
v -20.372515 -9.506198 -28.869141
v -16.096233 -8.012126 -29.322288
v -11.067397 -32.677926 -23.456199
v -9.103817 -34.463929 -20.988798
v -9.784452 -28.262958 -23.603866
v -6.573970 -29.118253 -21.115131
v -8.170131 -22.862368 -24.260096
v -9.550265 -17.669489 -26.293765
v -6.767031 -17.737064 -24.660971
v -10.199407 -13.071164 -27.828719
v -6.740370 -12.099282 -26.023698
v -11.791540 -6.658174 -28.636211
v -14.173465 0.251984 -28.022069
v -7.732612 -5.740999 -26.696132
v -9.697498 1.003280 -26.245332
v -16.074101 -45.850317 -4.620371
v -20.862266 -49.136064 -6.885127
v -13.192513 -46.082391 -9.370699
v -18.367160 -48.872496 -11.425222
v -11.979929 -44.210313 -14.202718
v -16.896926 -47.691932 -15.884097
v -24.004645 -42.971577 3.379761
v -28.839286 -45.738222 0.628537
v -29.298387 -38.618686 6.654845
v -33.862717 -42.440949 3.389082
v -40.748838 -28.052864 0.824122
v -44.364674 -30.662603 -1.092994
v -39.155859 -31.753722 3.968586
v -42.548505 -34.135615 1.794889
v -38.146841 -26.644373 6.215014
v -36.310449 -30.342081 7.126770
v -34.273667 -25.549172 10.784018
v -32.127432 -29.597472 10.313855
v -28.565839 -23.682129 13.706309
v -26.701205 -28.219617 12.739004
v -22.239937 -21.241452 14.249688
v -20.403642 -25.992865 13.467386
v -16.222668 -18.668830 13.847431
v -14.437613 -23.335236 12.543346
v -10.514278 -15.959440 12.412019
v -9.107840 -20.580414 10.473189
v -5.206057 -13.194734 9.894668
v -4.178898 -17.871391 7.665929
v -1.248653 -10.255924 5.834341
v -0.635431 -14.992715 3.353574
v 2.169927 -12.179872 -1.312317
v 1.770678 -7.354760 1.185078
v 3.225314 -4.595145 -3.977923
v 3.286829 -2.126046 -9.596423
v 1.489096 0.113851 -15.790149
v -1.574865 1.407526 -20.339329
v -5.449718 1.353222 -23.735099
v -4.082537 -4.960606 -24.099872
v -0.805996 -4.738089 -20.873182
v 1.378531 -5.087431 -16.838125
v 3.047147 -7.059222 -11.823538
v 3.447878 -9.494782 -6.651434
v -3.524693 -11.272264 -23.377617
v -0.830904 -10.299594 -20.105206
v 0.805764 -9.115563 -17.215230
v 1.791640 -11.698518 -14.258812
v 2.795971 -14.260409 -9.342679
v 2.420199 -16.987556 -4.044621
v 0.277541 -19.748503 1.112754
v -3.281148 -22.474579 5.351757
v -7.740676 -25.007774 8.449968
v -12.747121 -27.718934 10.484487
v -18.369263 -30.454696 11.494065
v -24.400049 -32.464689 10.743563
v -34.076239 -33.118039 7.324189
v -30.117462 -33.488243 8.843000
v -3.598141 -17.195364 -22.092692
v -0.296939 -16.280671 -17.814438
v 1.548720 -19.160205 -12.167726
v 1.727609 -21.753588 -6.739860
v 0.397369 -24.475981 -1.503645
v -2.832925 -27.075796 2.947046
v -6.618149 -29.020623 6.273441
v -11.021722 -31.577990 7.935648
v -16.178555 -34.393835 8.694659
v -22.070319 -36.699666 8.065697
v -18.507736 -40.356851 4.998082
v -13.553303 -37.725375 5.501163
v -8.995531 -34.797198 5.391083
v -5.885023 -32.100350 4.449313
v -3.164618 -32.040005 0.702904
v -0.127841 -29.228028 -3.876368
v 0.567582 -26.586895 -8.896306
v -0.120519 -24.500623 -13.578947
v -1.770002 -23.281476 -18.041749
v -4.624515 -23.225147 -21.641466
v -3.920345 -29.348615 -17.828463
v -2.084894 -29.673417 -14.255253
v -7.170065 -35.981178 -16.854554
v -7.238427 -39.947490 -12.742777
v -4.271640 -33.499115 -14.186773
v -3.922638 -35.700288 -11.205530
v -1.257379 -31.173282 -10.375782
v -1.651276 -33.131813 -6.131063
v -4.392764 -37.468921 -6.936850
v -8.138407 -42.213890 -7.788588
v -2.922402 -34.668345 -2.493639
v -5.368472 -38.402702 -2.263451
v -10.635850 -42.656547 -1.909842
v -14.870575 -42.457930 1.344248
v -6.417142 -36.978537 2.002484
v -11.172559 -40.242840 2.012663
v -26.986307 -37.332760 -31.036794
v -31.580728 -33.364992 -30.266280
v -23.304345 -41.882773 -29.587920
v -21.613206 -45.878142 -26.194557
v -21.141645 -48.659947 -22.264731
v -21.211956 -51.070731 -18.177011
v -22.370111 -52.731037 -13.581175
v -25.304222 -52.281095 -9.219259
v -28.978759 -50.668822 -5.577002
v -33.156329 -48.485121 -2.236082
v -37.839500 -45.336881 0.170797
v -42.509404 -41.405542 0.924563
v -46.278035 -37.137999 -0.206140
v -48.352461 -33.151752 -2.848673
v -48.630226 -29.980468 -6.729575
v -47.401200 -27.867746 -11.064442
v -45.510097 -27.734617 -15.621661
v -43.140082 -27.778427 -20.233274
v -40.132855 -28.041434 -24.805227
v -36.140065 -29.795866 -28.471659
v -30.267053 -39.614212 -34.334644
v -35.139844 -35.725050 -33.170975
v -26.660150 -44.637912 -32.732022
v -25.523355 -48.583122 -28.969056
v -24.998199 -51.635333 -25.063751
v -25.197757 -54.200715 -20.789625
v -26.617604 -55.721148 -16.108576
v -29.333146 -55.654910 -11.579315
v -32.935486 -54.213372 -7.704489
v -37.131746 -51.661427 -4.631552
v -41.663864 -48.185787 -2.571787
v -46.343993 -44.155475 -1.469729
v -50.237679 -39.648709 -2.682392
v -52.127830 -35.646699 -5.292479
v -52.408356 -32.325510 -9.085410
v -51.334127 -30.134892 -13.317953
v -49.433882 -29.678071 -17.848949
v -46.935014 -29.928370 -22.497861
v -43.845914 -30.532506 -27.119096
v -39.768040 -32.560598 -30.797594
v -33.793930 -41.801441 -37.889303
v -38.905443 -37.889500 -36.382213
v -30.161857 -47.152653 -36.116754
v -29.046196 -51.237014 -32.255416
v -29.003391 -54.193770 -27.975733
v -29.433866 -56.752447 -23.581073
v -30.813326 -58.545357 -18.851143
v -33.561075 -58.507791 -14.213217
v -37.037941 -56.841352 -10.528209
v -40.932652 -54.574851 -7.324889
v -45.453675 -51.113522 -4.991765
v -50.031319 -46.784120 -3.870298
v -54.081463 -42.089485 -5.130506
v -55.814278 -38.049237 -7.969334
v -56.046785 -34.793406 -11.870306
v -54.718167 -32.951560 -15.910031
v -53.233793 -32.015343 -20.374050
v -50.786827 -32.254272 -24.997657
v -47.611669 -33.214909 -29.503600
v -43.629098 -35.182243 -33.298169
v -37.890828 -44.087568 -41.137738
v -42.943267 -40.304049 -39.145439
v -34.113488 -49.635304 -39.300858
v -33.198747 -53.579007 -35.052732
v -33.346060 -56.245679 -30.573208
v -33.852010 -58.694743 -26.226794
v -35.270054 -60.571903 -21.649848
v -37.864742 -60.627665 -17.089445
v -41.183079 -59.176504 -13.318498
v -44.908239 -56.972049 -10.211204
v -49.238639 -53.801772 -7.677958
v -53.937528 -49.130052 -6.549517
v -58.107220 -44.430191 -8.275898
v -59.529884 -40.675488 -11.122812
v -59.507592 -37.712029 -14.958604
v -58.099027 -35.888967 -18.653481
v -56.818780 -34.987334 -22.811156
v -54.711756 -34.765405 -27.473815
v -51.433751 -35.701156 -32.033605
v -47.514559 -37.779044 -35.801398
v -42.063356 -46.413524 -43.846912
v -46.677964 -42.728058 -41.702158
v -38.345591 -51.964852 -41.905920
v -37.278815 -56.061479 -37.458548
v -37.397626 -58.391020 -33.070251
v -38.196448 -59.964976 -28.587817
v -39.599520 -61.561223 -24.245410
v -41.958850 -61.918377 -19.937818
v -45.111716 -60.945833 -16.247427
v -48.783266 -59.098581 -13.076535
v -53.300903 -56.116843 -10.495039
v -57.995435 -50.952990 -9.662148
v -62.178859 -46.386965 -12.007847
v -63.305768 -43.167146 -14.387506
v -63.051317 -40.648332 -18.018002
v -61.281985 -38.771127 -21.300039
v -60.460305 -37.883690 -25.216750
v -58.426792 -37.336583 -29.953924
v -55.116479 -38.045285 -34.634326
v -51.123470 -40.162227 -38.401470
v -45.578354 -48.699116 -45.965937
v -49.852647 -45.000029 -44.279103
v -42.170478 -54.419701 -43.467052
v -41.453999 -58.900840 -38.975750
v -41.288088 -60.451882 -35.486002
v -41.686555 -61.647441 -30.986934
v -43.381594 -62.873300 -26.623385
v -45.574703 -63.377126 -22.377335
v -48.667627 -62.869218 -18.938298
v -52.068539 -61.369219 -15.738052
v -56.858323 -57.956954 -13.060852
v -61.324325 -52.609892 -12.371344
v -65.377596 -48.293306 -14.815979
v -66.439473 -45.396516 -17.148283
v -66.634661 -43.597350 -20.728177
v -64.386838 -41.194229 -23.242324
v -64.187628 -40.503834 -27.338924
v -62.006175 -39.831690 -32.348071
v -58.444019 -40.255216 -37.441850
v -54.208843 -42.347728 -41.207471
v -43.508335 -57.758531 -43.988082
v -41.672690 -60.578040 -41.256874
v -44.479870 -57.137742 -48.275995
v -45.861680 -54.537306 -47.247110
v -44.122589 -57.722606 -52.159742
v -47.394159 -56.412267 -51.079521
v -44.155717 -59.574798 -56.308071
v -48.451496 -58.291874 -55.035847
v -45.932275 -63.422544 -59.338729
v -50.236850 -61.659414 -58.153025
v -47.963671 -67.978624 -60.288738
v -52.054282 -66.196450 -58.986720
v -50.329978 -72.282032 -60.794447
v -54.186321 -70.658312 -59.454991
v -52.912423 -76.756477 -62.113772
v -56.605397 -74.893635 -60.752054
v -54.241282 -82.691056 -49.182317
v -56.570112 -81.637967 -47.756327
v -42.801481 -62.449553 -37.458451
v -40.860975 -64.200095 -38.379143
v -47.281999 -73.747505 -34.758901
v -45.229942 -74.193727 -35.887636
v -43.261674 -62.370101 -34.901816
v -43.992684 -63.131060 -31.916491
v -46.329630 -66.076002 -31.382436
v -44.685896 -65.680709 -33.885822
v -43.382146 -65.305601 -35.473321
v -41.487210 -66.688183 -36.769191
v -44.917104 -69.762419 -34.116281
v -43.163568 -70.644308 -35.724509
v -46.598441 -69.645198 -32.771279
v -48.690255 -69.596654 -31.214615
v -49.206734 -73.292800 -33.575497
v -51.352612 -72.776081 -32.076618
v -48.320612 -50.919487 -47.759043
v -51.044816 -53.955031 -50.071123
v -52.626151 -56.248413 -53.763938
v -54.556850 -59.678977 -56.615296
v -56.356368 -64.115020 -57.430734
v -58.271998 -68.505863 -57.907883
v -49.902316 -77.369918 -36.883506
v -47.768550 -78.349199 -38.127049
v -50.346244 -81.025121 -41.479148
v -52.597716 -79.839181 -40.144908
v -52.709543 -82.490703 -45.683148
v -54.934399 -81.132358 -44.027016
v -51.920830 -76.548465 -35.444889
v -54.682073 -78.780430 -38.520217
v -57.114291 -79.932682 -42.224201
v -59.083775 -80.517386 -46.000873
v -54.204458 -82.021597 -52.816584
v -57.373730 -81.036125 -51.592589
v -54.165766 -81.088625 -56.122493
v -57.707706 -79.958841 -55.059954
v -60.721028 -81.339366 -49.952726
v -53.725434 -79.560912 -59.043434
v -57.689254 -78.430346 -58.422892
v -61.738771 -80.140737 -54.184928
v -61.982638 -77.108512 -57.654644
v -60.523924 -72.613386 -58.989824
v -54.099408 -75.762849 -33.851742
v -56.938973 -77.733512 -36.724844
v -59.460363 -78.599340 -40.281919
v -61.802406 -79.268711 -43.900866
v -64.202199 -79.982700 -47.523238
v -66.037164 -78.720936 -51.901415
v -66.269499 -75.006511 -55.731365
v -64.458713 -70.504644 -56.131744
v -62.572911 -66.271517 -55.822884
v -60.870456 -61.907413 -55.331249
v -59.267542 -57.343852 -54.585727
v -57.218779 -53.638032 -52.067317
v -55.074566 -50.585284 -49.200422
v -52.582929 -47.512231 -46.818268
v -57.007528 -44.913412 -44.051856
v -61.340751 -42.802716 -40.405779
v -64.647021 -42.689936 -35.432448
v -66.999478 -42.864984 -30.246905
v -68.265000 -44.083331 -26.689442
v -69.435395 -45.805386 -24.326839
v -69.328855 -47.785447 -20.514530
v -68.033856 -51.928915 -17.962138
v -64.517756 -55.192184 -15.496939
v -60.375005 -59.656741 -15.511012
v -55.690013 -63.134468 -17.594615
v -51.998791 -64.670236 -20.587551
v -48.791175 -65.131986 -23.954921
v -46.190978 -64.374522 -27.813841
v -48.544480 -66.743444 -28.483303
v -51.465522 -66.913086 -25.330790
v -54.591337 -66.807919 -22.292703
v -58.543019 -65.124442 -19.661756
v -62.750845 -62.177935 -18.344521
v -66.364005 -58.459006 -18.524397
v -69.790319 -55.065354 -21.573473
v -71.422655 -52.146030 -24.222279
v -71.969520 -49.503850 -27.381667
v -59.578674 -47.735676 -47.017962
v -64.103859 -45.583255 -43.592716
v -67.406126 -45.599531 -38.758024
v -69.583483 -46.222412 -34.309360
v -71.318968 -47.224142 -30.680639
v -51.069079 -69.521178 -29.027213
v -53.857529 -69.413433 -26.653767
v -57.096624 -68.789197 -24.203663
v -60.817100 -67.370105 -22.139187
v -64.561605 -64.465182 -21.252734
v -67.981308 -61.397166 -22.065224
v -70.541765 -58.725687 -24.512812
v -72.256200 -56.115515 -27.298020
v -73.113496 -53.653222 -30.376054
v -73.215836 -51.219554 -34.080648
v -71.610387 -50.039241 -37.583494
v -69.732763 -49.214882 -41.788302
v -66.727890 -49.022884 -46.676564
v -61.922267 -50.937498 -50.022800
v -53.772527 -72.235055 -30.369711
v -56.495606 -71.488193 -28.463005
v -59.478359 -70.541720 -26.650285
v -62.750374 -68.981658 -25.228221
v -65.937313 -66.735628 -24.810380
v -68.789033 -64.273019 -25.721025
v -71.037828 -61.856163 -27.884330
v -72.484531 -59.653888 -30.612127
v -73.333012 -57.498794 -33.614540
v -73.573651 -55.540844 -36.842953
v -73.034176 -54.074016 -40.311067
v -71.475638 -53.265802 -44.361397
v -68.469564 -53.524720 -48.828619
v -64.047420 -55.103990 -52.241823
v -56.530204 -74.706654 -32.197498
v -59.092403 -73.392326 -30.674159
v -61.696719 -71.757041 -29.305745
v -64.174195 -69.924068 -28.355269
v -66.476714 -68.086143 -28.045634
v -68.805236 -66.487461 -28.995797
v -70.769249 -64.678649 -30.986638
v -72.297060 -62.835634 -33.563142
v -73.453870 -61.059371 -36.434656
v -73.908134 -59.368203 -39.373515
v -73.634722 -58.121391 -42.542061
v -72.681223 -57.502210 -46.440144
v -69.516729 -58.142038 -50.136681
v -65.384457 -59.768721 -52.990354
v -59.334352 -76.382948 -34.954685
v -61.675376 -74.537512 -33.380795
v -63.724426 -72.425392 -32.094484
v -65.496196 -70.416113 -30.967363
v -66.800028 -68.970744 -30.177132
v -68.360703 -68.330294 -31.463915
v -70.190238 -67.218539 -33.537600
v -71.760321 -65.778384 -36.039630
v -72.871325 -64.184671 -38.741230
v -73.569943 -62.670792 -41.406427
v -73.252101 -61.579814 -44.060682
v -72.932649 -61.577280 -47.307668
v -70.682028 -62.310389 -51.064214
v -66.854293 -64.153246 -53.628285
v -61.910296 -77.074090 -38.259224
v -64.042781 -74.905743 -36.473725
v -65.857018 -72.593181 -34.805552
v -67.369586 -70.411197 -33.176631
v -69.304650 -69.728598 -35.614910
v -72.470866 -67.088417 -40.867954
v -71.127820 -68.622689 -38.179791
v -73.166351 -65.365737 -43.258771
v -73.213233 -63.966574 -44.919299
v -73.081715 -64.890266 -47.235831
v -71.834743 -66.403462 -50.769384
v -68.486885 -68.196773 -53.999651
v -64.244679 -77.132571 -41.737544
v -66.386655 -74.812059 -39.597885
v -68.061209 -72.300764 -37.549521
v -70.455895 -71.622518 -40.260057
v -71.944089 -69.917097 -43.185327
v -72.916499 -67.659648 -45.744048
v -68.983785 -74.519693 -42.584899
v -70.854733 -72.770485 -45.977245
v -71.834989 -70.022675 -48.746320
v -66.883655 -77.221981 -45.131909
v -69.058223 -75.936038 -48.788614
v -70.489624 -72.794452 -52.810977
v -50.197431 -82.549246 -56.897829
v -50.421310 -83.718073 -53.765868
v -50.014121 -81.283200 -60.184971
v -48.708232 -77.894041 -62.246164
v -46.633257 -73.818840 -62.111841
v -44.337009 -69.500428 -61.575523
v -41.956276 -64.764776 -60.290848
v -40.688282 -60.770514 -57.915526
v -40.086868 -57.428730 -53.902339
v -40.872217 -57.980711 -49.434765
v -39.664751 -59.292707 -46.255718
v -38.408087 -61.068139 -43.122349
v -37.594627 -65.169399 -39.504686
v -37.894436 -68.963854 -38.230069
v -39.703177 -71.553132 -37.555132
v -41.425342 -74.678546 -37.466794
v -43.963802 -79.325562 -39.387598
v -46.447599 -82.519920 -42.748579
v -48.460327 -84.387112 -46.537268
v -49.711271 -84.710379 -50.028907
v -44.895177 -79.442833 -63.198955
v -42.995927 -75.420454 -63.725201
v -45.922627 -82.463365 -60.762962
v -46.209684 -84.054472 -57.749614
v -46.163663 -85.417629 -54.766298
v -45.512302 -86.161687 -51.506808
v -44.320006 -85.822050 -47.880625
v -42.246806 -83.771152 -44.114230
v -40.191701 -80.587799 -41.250318
v -38.179568 -77.016332 -39.438657
v -36.444444 -73.868872 -39.019347
v -34.681582 -71.119746 -39.428168
v -33.713750 -67.645872 -40.374451
v -33.589975 -63.834885 -42.649979
v -34.380295 -60.199908 -45.251090
v -35.760543 -58.543701 -46.941491
v -31.803724 -62.205724 -45.250596
v -36.186919 -56.659552 -50.436605
v -36.048389 -56.395038 -53.924180
v -35.933622 -58.882119 -57.492242
v -36.528821 -63.836086 -58.980113
v -38.238160 -66.880365 -62.163048
v -40.757500 -71.200170 -63.670161
v -30.483246 -60.952867 -47.644660
v -31.569068 -59.013119 -46.909039
v -32.902603 -57.668726 -47.926376
v -32.897935 -56.417500 -50.366945
v -32.759900 -56.399189 -53.520454
v -32.792847 -58.487308 -56.620523
v -34.076143 -61.613095 -57.677113
v -31.023022 -61.063382 -56.263974
v -27.810044 -59.958728 -48.832861
v -29.622665 -57.510692 -48.438581
v -29.860202 -56.979010 -51.981493
v -29.560114 -58.213470 -54.749652
v -28.694644 -60.590488 -54.086544
v -27.149410 -58.811086 -51.104726
v -30.821718 -62.990247 -49.453264
v -30.281504 -61.064484 -51.375853
v -30.122341 -64.445787 -46.723575
v -30.667359 -66.264374 -43.934311
v -31.288902 -69.052891 -42.070606
v -32.243154 -72.141059 -41.047222
v -33.450906 -75.005898 -40.703652
v -34.925846 -78.315912 -41.252550
v -36.870928 -81.468915 -42.729507
v -38.472579 -84.658069 -45.233493
v -40.102884 -87.018708 -48.343229
v -41.484542 -87.526648 -52.054330
v -42.105799 -86.717942 -55.394217
v -42.284088 -85.365112 -58.387953
v -42.106520 -83.607196 -61.262717
v -41.105337 -80.666826 -63.248535
v -39.416595 -77.183910 -63.276071
v -37.352888 -73.650299 -62.960179
v -35.115508 -69.892135 -61.700330
v -34.061963 -67.198260 -58.416049
v -32.719341 -64.758843 -55.860234
v -30.910599 -63.320155 -53.850101
v -29.829122 -65.901182 -51.837303
v -28.852802 -67.002715 -48.605742
v -28.408660 -68.524145 -45.867082
v -29.056768 -70.908905 -44.220917
v -29.787374 -73.477371 -43.193814
v -30.662377 -76.280943 -42.831136
v -32.015937 -79.310759 -43.169038
v -33.654419 -82.334405 -44.538604
v -35.185635 -85.150140 -46.468067
v -36.408349 -87.520774 -49.067669
v -37.543877 -88.737025 -52.449496
v -38.220311 -88.209947 -56.060510
v -38.515522 -86.655015 -59.111640
v -38.469670 -84.601091 -61.751475
v -37.877684 -81.834367 -63.289407
v -36.328216 -78.887061 -63.529899
v -34.349490 -75.736267 -62.783735
v -32.430503 -72.487711 -61.315026
v -31.194739 -69.747313 -58.517595
v -30.524631 -67.737304 -55.362007
v -27.494205 -69.467197 -49.869610
v -27.069670 -70.723808 -47.878312
v -27.364112 -72.588742 -46.200367
v -27.821946 -74.629118 -45.145932
v -28.315493 -77.124941 -44.890345
v -29.314827 -80.014846 -45.329188
v -30.819841 -82.728339 -46.530795
v -32.131884 -85.240601 -48.084582
v -33.106749 -87.446941 -49.925784
v -33.564044 -88.747743 -52.904928
v -34.138514 -87.661680 -56.288059
v -34.700289 -85.948695 -58.972920
v -35.011760 -84.436157 -61.570642
v -35.418357 -82.712580 -63.289422
v -33.579953 -80.804244 -63.309324
v -31.393384 -77.973919 -62.752865
v -29.368361 -74.800882 -61.304404
v -28.243140 -71.914664 -58.664349
v -27.828241 -70.016306 -55.556485
v -27.705636 -69.264652 -52.486792
v -25.911844 -71.671811 -52.533020
v -25.424869 -72.292670 -55.283738
v -25.682636 -74.518270 -57.926596
v -27.537125 -77.418746 -59.380262
v -29.501824 -80.389421 -60.666377
v -32.216083 -82.790954 -61.190056
v -31.578809 -84.356391 -58.609376
v -30.967721 -85.899483 -55.946801
v -30.527173 -86.938394 -53.055524
v -26.365848 -71.299830 -50.704164
v -25.709333 -72.500605 -49.448844
v -25.681606 -74.145083 -47.672222
v -26.440716 -75.393358 -46.451598
v -26.272405 -77.351468 -46.809865
v -26.927607 -80.204308 -47.495869
v -28.455873 -82.717534 -48.757648
v -29.895250 -84.986455 -49.926263
v -30.863909 -86.793703 -50.812822
v -25.699330 -76.584206 -55.508344
v -24.284598 -74.518666 -54.537519
v -23.919123 -74.341176 -51.775118
v -24.456965 -76.461597 -48.857867
v -24.722207 -79.740290 -50.272134
v -26.532593 -82.450529 -51.434363
v -28.466256 -84.806467 -52.408767
v -28.405938 -83.630104 -55.320332
v -28.850218 -82.141098 -57.982199
v -27.119012 -79.263648 -56.820241
v -26.824245 -80.759289 -54.232484
v -25.248386 -77.988852 -53.166823
v -77.900678 48.778273 23.294676
v -81.253678 45.152198 21.566567
v -76.957170 44.462859 26.595288
v -83.368540 39.577655 23.528341
v -75.567835 40.307525 30.424460
v -81.361869 35.967027 28.445461
v -57.925923 -4.414237 2.628637
v -59.554173 -3.470327 -3.129553
v -52.813845 -2.578188 10.498337
v -58.133434 -6.302980 8.412939
v -53.515908 -1.508129 17.850856
v -58.210099 -6.160044 16.058925
v -55.681393 2.054555 24.296652
v -60.497093 -3.072944 22.863337
v -58.704498 6.870713 29.532219
v -64.025974 1.859014 28.453820
v -62.002003 12.337868 33.623260
v -67.431883 6.981747 32.992200
v -65.402431 18.187607 35.914388
v -71.105252 12.926978 35.090282
v -73.635680 35.413696 33.559008
v -71.374049 29.916428 35.783517
v -68.527054 24.155815 36.444850
v -74.389922 18.920650 35.503951
v -77.281723 24.819917 34.441298
v -79.619166 30.495591 32.032035
v -61.484235 -1.235683 -9.456607
v -64.075467 2.209485 -14.713124
v -66.371004 6.766137 -20.097916
v -70.925472 13.439264 -21.957880
v -75.584238 19.899446 -20.112323
v -80.140941 25.578378 -17.638776
v -83.640977 30.520596 -13.384837
v -86.889624 35.010680 -8.953183
v -88.854419 38.436125 -2.918760
v -89.520068 40.680802 4.111074
v -88.063620 41.940896 11.285246
v -86.059536 41.325672 17.665950
v -94.955594 -33.271398 15.002383
v -79.754946 -18.791783 19.001108
v -103.477312 9.293902 28.286604
v -120.025188 -5.926284 24.689310
v -112.273368 18.105851 1.599716
v -127.048635 1.179793 -0.858249
v -96.521482 0.080988 -19.512523
v -111.453278 -14.551802 -20.962160
v -83.622215 -15.726507 -13.082600
v -98.408603 -29.053405 -15.610324
v -66.351181 -7.852134 21.794479
v -87.277307 24.078466 31.183283
v -96.447210 33.344897 3.712093
v -82.217771 13.833823 -19.347735
v -69.051801 -3.102609 -13.601736
v -143.358026 -29.306731 16.841019
v -117.420923 -55.934428 5.733837
v -148.230586 -23.373966 -6.580004
v -133.996388 -37.196073 -23.247773
v -118.993836 -49.799989 -20.810382
v -70.002709 -3.507987 27.277635
v -83.600231 -15.184394 24.255841
v -98.904546 -29.520974 20.147161
v -121.206593 -53.194969 11.765533
v -114.362465 -57.017129 -0.432354
v -92.311315 -35.419670 8.586195
v -77.268034 -21.066843 12.315400
v -63.569984 -10.387653 14.302006
v -112.511472 -56.035875 -4.218052
v -91.866429 -35.743734 2.541346
v -77.024191 -21.557904 6.190031
v -63.542900 -10.414463 8.080923
v -114.406552 -56.526360 -8.395990
v -92.219800 -35.454257 -2.993280
v -77.564931 -21.384885 0.539183
v -64.129419 -9.512001 2.289694
v -116.253703 -55.689545 -13.954551
v -93.323271 -34.329666 -8.051105
v -78.691281 -20.642925 -5.019855
v -65.761595 -7.754615 -3.323967
v -117.929012 -52.848126 -18.745321
v -95.585251 -32.068992 -12.107440
v -80.808815 -18.694977 -9.327575
v -67.091344 -5.781081 -8.810665
v -72.782119 1.716701 -17.512292
v -87.061648 -11.365226 -17.187028
v -101.991905 -24.939066 -18.710785
v -123.313729 -47.878575 -22.672942
v -128.670577 -43.251622 -24.138327
v -106.532764 -19.895575 -20.908873
v -91.606229 -5.799016 -19.774243
v -77.350708 7.663235 -19.566984
v -137.792258 -31.512094 -21.116731
v -116.287752 -9.386343 -20.052827
v -101.212513 5.542655 -18.107525
v -86.824806 19.669557 -17.506823
v -139.063714 -26.980693 -18.970532
v -120.598869 -5.025107 -16.997398
v -105.392854 10.246209 -15.144248
v -90.586576 24.359617 -13.786883
v -142.658062 -26.614616 -16.927370
v -123.591720 -2.127033 -12.098202
v -108.829947 14.111995 -10.565940
v -93.649125 28.327408 -8.961867
v -146.012727 -24.888833 -12.425981
v -125.755023 -0.050477 -6.694287
v -111.040975 16.597575 -4.744781
v -95.285000 30.901916 -2.788722
v -148.767370 -22.432951 -0.079483
v -127.237417 1.418561 4.900818
v -111.855047 18.026384 7.887411
v -96.065602 34.183520 10.489224
v -147.401228 -21.971621 6.142902
v -126.535277 0.890892 10.539190
v -110.628836 17.125392 13.796669
v -94.016211 32.911060 16.375074
v -144.692429 -20.988929 10.089781
v -125.208786 -0.303848 15.773224
v -108.767861 15.433249 19.162400
v -92.173462 31.472151 22.089510
v -145.739927 -24.304823 13.122229
v -123.391129 -2.223887 20.954324
v -106.765858 13.228806 24.505712
v -89.859393 28.477692 27.063662
v -84.338887 18.549796 33.404896
v -99.959085 4.448412 30.615583
v -116.106916 -10.520792 26.771408
v -139.377292 -34.506800 18.943253
v -81.107460 12.842079 34.349775
v -96.055971 -0.747625 31.439092
v -111.959432 -15.447017 27.508921
v -134.995128 -39.650001 19.944757
v -77.533893 7.024716 33.940713
v -91.959249 -6.012277 30.778243
v -107.611602 -20.489068 26.536340
v -130.290466 -44.681592 19.020394
v -73.696310 1.395699 31.673618
v -87.642221 -11.071559 28.622434
v -103.203736 -25.256374 23.961210
v -125.639508 -49.228583 16.143530
v -72.984197 -12.870323 20.350240
v -70.547727 -15.157697 13.392457
v -69.907629 -15.984612 7.255051
v -70.369375 -15.655584 1.373595
v -72.127657 -14.039329 -4.079837
v -74.007971 -11.982977 -8.725224
v -76.050586 -9.575301 -13.110710
v -79.666823 -4.920732 -17.338907
v -84.359091 1.046520 -19.636740
v -89.246099 7.091581 -19.051845
v -93.854651 12.615280 -17.560031
v -97.968502 17.551919 -14.490574
v -100.980765 21.247611 -9.477411
v -103.237464 24.153099 -3.827547
v -104.554140 26.129936 2.638688
v -104.029225 26.176682 9.214720
v -102.429828 25.086814 15.152825
v -100.419674 23.309672 20.569358
v -98.462421 20.965884 26.001586
v -95.388017 16.786872 29.934957
v -91.980929 11.671175 32.076227
v -88.376493 6.241624 32.876877
v -84.542469 0.704278 32.462724
v -80.487305 -4.599073 30.071359
v -76.703970 -8.915947 25.588143
v -86.948579 -25.722484 17.346195
v -84.195569 -27.878338 10.603616
v -84.205410 -28.278398 4.595143
v -84.823557 -27.844894 -0.962282
v -85.935384 -27.011299 -6.175294
v -87.855757 -25.197819 -10.604047
v -90.737025 -22.188499 -14.288513
v -94.492393 -17.889095 -17.548834
v -98.930656 -12.685581 -20.040493
v -103.909471 -7.084403 -20.268106
v -108.677565 -1.811246 -18.965220
v -112.938836 2.725409 -15.930885
v -116.251123 6.129839 -11.255056
v -118.427764 8.376755 -5.566090
v -119.610280 9.641829 0.446941
v -119.433640 9.642518 6.464036
v -118.568360 9.026340 12.243531
v -116.944778 7.523122 17.533223
v -115.132783 5.566324 22.905032
v -111.808230 1.744629 26.685128
v -108.065192 -2.925735 28.994086
v -103.972017 -8.002235 29.767480
v -99.676832 -13.038957 28.814326
v -95.277849 -17.898569 26.560956
v -90.951626 -22.131729 22.712904
v -128.098111 -13.719007 22.375727
v -131.389336 -10.247516 18.576784
v -133.053814 -8.508358 13.528305
v -134.360374 -7.432284 8.432932
v -135.277845 -6.791955 3.058616
v -135.126500 -6.828828 -2.755533
v -133.161070 -8.548433 -8.333296
v -130.856390 -10.642050 -13.354948
v -127.952580 -13.392066 -17.659334
v -123.892020 -17.434140 -20.652132
v -119.211935 -22.305728 -22.017064
v -114.324179 -27.564628 -22.015662
v -109.848342 -32.544898 -20.460892
v -106.045505 -36.763880 -17.939573
v -103.390735 -39.748062 -14.318249
v -101.224483 -41.986748 -10.336218
v -99.614650 -43.681067 -5.510465
v -99.749833 -43.667473 0.054908
v -100.486663 -43.182282 5.950578
v -103.218774 -40.837858 11.974473
v -107.006037 -37.315411 17.254398
v -111.165473 -33.259302 21.646657
v -115.654689 -28.402144 24.193484
v -119.949459 -23.276560 24.826208
v -124.035069 -18.317441 24.264377
v -108.479988 -50.607662 2.811594
v -107.598656 -50.914968 -2.618588
v -108.140869 -50.620671 -7.635066
v -109.450386 -49.318667 -12.416456
v -111.240333 -47.347168 -16.583636
v -113.750938 -44.582752 -19.821521
v -117.561453 -40.745972 -22.086893
v -122.126043 -35.530002 -23.398773
v -126.933940 -30.111997 -22.754786
v -131.390317 -25.177845 -21.315230
v -134.641861 -21.459094 -18.307067
v -137.531397 -18.846673 -14.950817
v -139.988625 -16.955125 -10.270610
v -141.995092 -15.242731 -4.824807
v -142.240870 -14.732437 1.197464
v -141.028674 -15.228087 6.733546
v -139.747013 -16.022625 11.340926
v -138.851584 -18.036983 15.907349
v -135.932865 -21.820012 19.714747
v -131.957312 -26.591959 21.691628
v -127.727712 -31.609118 22.328486
v -123.291216 -36.583026 21.275368
v -118.972817 -41.300645 18.652189
v -114.812664 -45.530264 14.547927
v -111.154238 -48.667007 8.696451
v -138.798460 -73.537180 2.837626
v -164.481179 -53.560534 8.532324
v -186.097611 -88.568302 -2.457176
v -159.290890 -102.715694 -8.321336
v -132.242521 -76.118864 -10.684593
v -153.485529 -99.667224 -20.579726
v -143.559209 -63.523876 -26.963613
v -163.968671 -92.477605 -29.777438
v -162.156877 -50.220572 -18.630339
v -182.385279 -80.758819 -23.212275
v -153.664720 -29.811641 8.226962
v -150.707057 -36.636969 13.670970
v -146.486690 -42.232557 16.287025
v -141.639243 -47.431195 17.196239
v -119.245957 -62.648369 -6.044438
v -125.322360 -55.703849 -22.039723
v -145.053246 -35.718938 -20.441379
v -151.454581 -32.917501 -15.101849
v -154.496375 -31.211276 -8.490987
v -155.910507 -29.775176 -1.001854
v -139.344874 -43.540040 -23.011654
v -133.119057 -49.756097 -24.669342
v -121.944079 -60.958064 -15.187051
v -123.096893 -62.509442 2.335788
v -126.984134 -60.388875 8.855918
v -131.610937 -56.846285 13.662716
v -136.614147 -52.320660 16.239831
v -131.966220 -62.524758 -22.945169
v -128.693220 -66.669333 -16.162314
v -126.287154 -69.799519 -8.496602
v -138.413838 -56.672576 -25.554141
v -134.583423 -72.677665 -17.751515
v -154.098925 -95.017135 -22.970655
v -138.173460 -68.636064 -23.365036
v -157.983395 -95.094278 -26.385587
v -135.261842 -75.102163 -3.301682
v -155.023171 -102.772277 -13.897757
v -129.273361 -68.871762 -0.741479
v -132.847280 -67.254099 5.926356
v -143.302467 -70.953602 7.869908
v -164.377305 -101.222957 -4.490438
v -169.547283 -99.127012 -1.765139
v -148.466090 -67.075348 10.433333
v -174.976690 -96.531970 0.086080
v -153.831137 -63.015598 12.090914
v -180.736535 -93.034979 0.228897
v -159.314332 -58.341381 11.353363
v -158.044696 -45.049544 11.146534
v -153.146577 -50.225487 13.791789
v -147.947524 -55.227007 14.679859
v -142.675162 -59.854075 13.520872
v -137.521603 -64.127310 10.942192
v -168.755750 -49.085896 3.057656
v -189.007579 -83.722000 -8.490470
v -161.961991 -39.994900 5.510965
v -187.063217 -80.202387 -15.442213
v -169.252711 -47.135973 -5.093205
v -162.653078 -38.694555 -2.904250
v -183.468374 -77.337791 -18.794484
v -166.959978 -47.620170 -12.810805
v -160.767441 -39.419180 -10.539205
v -156.930923 -41.645257 -17.047426
v -156.382934 -53.791474 -22.943521
v -177.418576 -84.649562 -27.762407
v -151.055666 -45.361981 -21.875289
v -170.782353 -88.815322 -29.641038
v -150.109132 -58.403256 -25.497690
v -144.730213 -51.127071 -23.650138
v -144.561104 -79.656597 -0.088244
v -141.036359 -81.044998 -5.881700
v -138.062817 -82.024148 -12.722709
v -140.066639 -78.795456 -19.381511
v -143.753526 -74.872123 -24.361137
v -148.752020 -70.278109 -28.290846
v -155.286343 -65.482317 -27.061679
v -161.651586 -61.219186 -24.741715
v -167.070393 -58.398713 -19.745753
v -171.496075 -56.494493 -14.154625
v -175.690088 -55.305012 -7.449757
v -174.017250 -58.050990 0.496340
v -170.085673 -62.025250 5.957465
v -164.792873 -66.450938 8.598674
v -159.345553 -70.751703 9.387322
v -153.898289 -74.492354 7.869260
v -148.816760 -77.624514 4.782665
v -149.525633 -86.889026 -2.558548
v -146.131736 -87.723036 -8.215724
v -143.895038 -87.621328 -14.710872
v -145.688314 -84.665105 -20.596505
v -149.365886 -81.108693 -24.969855
v -154.121676 -77.228329 -28.974450
v -160.619464 -72.659068 -28.888913
v -167.088440 -68.436910 -26.596933
v -172.254659 -65.718118 -21.590394
v -175.771602 -64.574204 -15.609807
v -179.470716 -64.153535 -9.478485
v -178.999220 -66.651020 -1.969315
v -175.731709 -70.509901 3.750485
v -170.361574 -74.905231 6.280297
v -164.722723 -78.968944 6.405194
v -159.229097 -82.305159 4.740564
v -153.859000 -85.351373 2.291096
v -154.219525 -94.846061 -5.157136
v -150.592550 -95.037479 -10.864691
v -148.860603 -93.710069 -17.122769
v -150.663646 -90.224282 -21.783570
v -154.202538 -87.782102 -25.700726
v -159.255768 -84.473297 -29.472281
v -165.761028 -80.408069 -28.853150
v -171.997012 -76.522884 -26.944278
v -177.148317 -73.288245 -22.766004
v -180.270088 -71.615624 -17.420817
v -183.023288 -72.556776 -11.861071
v -183.975223 -75.116576 -5.005666
v -181.034125 -79.348519 0.790002
v -175.698882 -83.808831 3.434576
v -169.943132 -87.595628 3.457275
v -164.416299 -90.571974 1.588705
v -159.145364 -93.090434 -1.073001
v -169.623825 -127.289079 -21.521533
v -159.918192 -110.714071 -17.447381
v -190.856284 -98.201182 -5.882613
v -197.440774 -117.187336 -12.001675
v -160.751546 -104.976925 -25.069857
v -170.323290 -124.573631 -28.991167
v -167.793711 -101.861936 -30.909083
v -175.784201 -120.853310 -33.350977
v -183.038369 -93.669318 -29.192039
v -190.368551 -114.561865 -32.053958
v -194.342906 -92.903266 -12.580335
v -201.214411 -113.951265 -19.193630
v -189.429822 -89.265438 -21.787099
v -197.420623 -112.867634 -27.483369
v -175.448732 -98.059878 -30.568429
v -182.991145 -117.434356 -33.619186
v -174.128752 -127.089294 -16.030145
v -164.877232 -110.632593 -11.755559
v -179.084954 -125.803193 -12.068932
v -169.652192 -109.644674 -7.923885
v -184.001442 -123.176392 -9.506374
v -174.508610 -108.072648 -4.857134
v -186.483577 -119.224787 -8.003728
v -179.739977 -105.710341 -3.246742
v -191.253606 -119.533739 -8.970249
v -185.394661 -102.538050 -3.103263
v -165.481234 -119.147444 -19.913731
v -166.499035 -115.479969 -26.937633
v -172.001017 -111.559705 -32.208100
v -179.513300 -107.789893 -32.122549
v -187.096709 -104.397438 -30.352199
v -194.432832 -101.876137 -25.145910
v -198.674268 -103.615916 -16.084681
v -194.797024 -107.848377 -9.223626
v -189.140504 -111.404622 -6.231237
v -183.728690 -113.742969 -5.931361
v -179.227738 -116.304298 -7.450687
v -174.425679 -118.216390 -10.185230
v -169.748235 -119.093354 -14.228906
v -203.916467 -141.083635 -33.543927
v -184.268073 -146.815833 -37.402118
v -192.019882 -169.848212 -40.442777
v -208.956263 -164.849543 -38.287534
v -178.262499 -150.022807 -33.516492
v -187.458403 -171.456529 -38.595563
v -195.551237 -172.331002 -28.492241
v -185.264403 -150.241621 -21.332024
v -206.542858 -169.434372 -26.948739
v -197.653267 -145.982306 -17.908386
v -208.136762 -141.466855 -27.118320
v -212.783859 -164.433738 -35.768197
v -199.933220 -122.760995 -29.697131
v -179.127664 -129.732940 -34.686097
v -173.281915 -133.266919 -30.479995
v -178.112950 -134.789483 -17.642137
v -190.684203 -128.334006 -11.833146
v -203.685371 -123.492746 -21.931816
v -211.145882 -167.410629 -28.810520
v -204.115105 -143.552646 -20.316357
v -199.124083 -126.349815 -14.687442
v -201.089608 -171.140350 -26.963492
v -191.247213 -148.413602 -18.619299
v -183.867126 -132.820631 -13.888134
v -190.081527 -173.232323 -30.844406
v -180.152428 -151.112870 -25.851681
v -173.503465 -135.266821 -23.047259
v -197.920575 -167.822595 -41.293514
v -190.944839 -144.226530 -37.884141
v -185.964789 -126.711811 -35.043271
v -203.998859 -165.946848 -40.769939
v -197.696726 -142.172579 -36.976350
v -193.131562 -124.197352 -33.765498
v -201.748729 -132.140272 -31.620947
v -205.666320 -132.616319 -24.597108
v -201.307678 -135.258700 -17.798401
v -194.537987 -137.762451 -15.508454
v -187.862538 -140.601314 -16.579090
v -181.814677 -142.607008 -19.400458
v -176.820882 -143.320114 -24.317561
v -175.934188 -141.656352 -32.033669
v -181.794788 -138.389953 -36.056259
v -188.598678 -135.616261 -36.508079
v -195.534286 -133.334444 -35.452669
v -205.038224 -150.126487 -34.414814
v -210.708507 -150.657241 -29.579334
v -206.302106 -151.347889 -22.620029
v -200.339776 -153.145452 -20.435693
v -194.162392 -155.221313 -20.930774
v -188.225012 -157.100881 -23.035609
v -183.143589 -158.278459 -27.335443
v -181.151869 -158.274076 -34.686157
v -186.615281 -155.001100 -38.873025
v -193.220309 -152.520147 -39.375824
v -199.745611 -150.695335 -38.003670
v -206.600967 -158.016454 -36.019207
v -211.265312 -157.921378 -33.530325
v -207.695224 -157.247788 -24.679061
v -202.488249 -159.251647 -22.641640
v -196.711957 -161.042869 -23.190278
v -191.043136 -162.812645 -24.885332
v -185.884360 -163.946637 -28.062054
v -184.256665 -164.946817 -37.392267
v -189.452064 -162.658659 -39.512754
v -195.520157 -160.450074 -40.380684
v -201.698452 -158.662708 -39.155641
v -198.352013 -181.441521 -41.624418
v -203.479344 -179.325173 -43.419605
v -193.383517 -183.242050 -40.948092
v -201.012511 -182.569854 -31.935199
v -195.694204 -183.687256 -34.513567
v -211.207664 -179.254327 -30.246751
v -206.184391 -181.044511 -30.519488
v -213.097340 -176.268975 -40.867191
v -216.599040 -175.476148 -38.539096
v -215.388836 -177.281926 -31.973194
v -208.731539 -177.457647 -42.856817
v -194.879557 -176.192873 -40.701445
v -190.218281 -177.394836 -39.517192
v -192.550650 -178.410232 -32.833173
v -198.005710 -177.526746 -30.168515
v -203.475745 -176.143549 -28.819671
v -208.741058 -174.419231 -28.758740
v -213.271455 -172.535837 -30.338471
v -214.637721 -170.399408 -37.343250
v -211.104732 -171.069734 -39.799597
v -206.406026 -172.248102 -41.993059
v -200.614933 -174.086776 -42.366557
v -202.376054 -186.084998 -42.745876
v -206.842012 -184.026040 -44.518691
v -197.904319 -187.991976 -42.467148
v -204.501279 -187.469508 -33.461727
v -199.852843 -188.790316 -35.869972
v -214.112013 -183.870004 -31.467512
v -209.338805 -185.903238 -31.754801
v -215.567899 -180.910103 -41.802706
v -221.101557 -179.475570 -35.930976
v -217.976157 -181.728770 -33.169059
v -211.555798 -182.187040 -43.763572
v -218.879153 -179.841638 -39.622526
v -210.544174 -156.157905 -27.698206
v -212.109922 -160.285478 -29.899590
v -214.543269 -165.273343 -31.947878
v -216.648583 -170.635027 -33.459740
v -218.241969 -175.544765 -34.930434
v -183.346942 -163.690825 -32.176303
v -184.307036 -167.529721 -33.759866
v -186.168144 -172.709475 -35.287861
v -188.465096 -178.256812 -37.318676
v -191.309606 -183.444144 -38.499681
v -196.025792 -189.512843 -39.443932
v -209.088320 -162.364399 -27.043288
v -204.555322 -164.477066 -24.817939
v -198.900808 -166.134146 -25.221991
v -193.332292 -167.471103 -26.797663
v -187.848508 -168.542438 -29.096227
v -221.709114 -208.862993 -42.513030
v -209.177512 -198.844861 -38.569534
v -226.801798 -188.306773 -38.629394
v -235.471768 -196.228038 -41.377636
v -233.437448 -197.396261 -44.661095
v -225.192473 -188.200851 -42.237864
v -225.278442 -203.377892 -49.219232
v -214.807317 -193.481556 -46.355500
v -219.606290 -208.397067 -49.675783
v -208.163199 -197.675213 -44.772251
v -218.801824 -210.970375 -45.571259
v -205.705815 -200.337260 -42.061435
v -204.078172 -193.869807 -37.006011
v -223.668908 -183.859531 -37.152232
v -221.988465 -183.893565 -40.740379
v -210.619451 -188.707494 -45.599307
v -202.829202 -192.877969 -43.728321
v -200.848393 -194.733864 -40.373888
v -233.609249 -199.062936 -39.502931
v -224.361909 -190.606389 -36.661538
v -221.042948 -186.162348 -34.551495
v -231.035389 -201.747617 -39.147304
v -221.193715 -192.932395 -35.524822
v -217.377009 -188.457792 -33.218723
v -228.092961 -204.293779 -39.637990
v -217.236076 -195.238627 -35.333447
v -212.959633 -190.654821 -33.236341
v -224.870673 -206.722786 -40.676606
v -213.127442 -196.970853 -36.953792
v -208.432567 -192.386640 -34.782472
v -230.864527 -199.114787 -46.807549
v -222.025392 -189.707888 -44.238024
v -218.569422 -185.285026 -42.974494
v -228.151239 -201.092635 -48.473138
v -218.473498 -191.503640 -45.561044
v -214.845292 -186.792251 -44.667989
v -222.510805 -205.648610 -49.382768
v -211.310406 -195.633644 -45.140385
v -206.786793 -190.775500 -44.073249
v -215.094834 -203.918151 -40.489676
v -211.744239 -205.874525 -43.644222
v -213.739693 -202.875364 -47.081633
v -216.539291 -200.673532 -46.973744
v -219.663636 -198.381015 -47.560059
v -222.788443 -196.266249 -46.873570
v -225.933327 -194.350801 -45.528007
v -228.881774 -192.727255 -43.594039
v -230.319284 -192.633361 -40.203790
v -228.230384 -194.957017 -38.973363
v -225.522393 -197.246575 -38.270284
v -222.335600 -199.708156 -37.725770
v -218.645107 -202.070182 -38.473913
v -245.584153 -223.689200 -53.818546
v -253.728557 -210.184415 -48.576499
v -239.224173 -201.973642 -45.737854
v -227.761452 -213.320536 -50.523731
v -244.310442 -225.078722 -50.881842
v -226.514997 -215.947301 -47.346155
v -253.984078 -212.411803 -43.625317
v -239.473247 -203.463925 -40.883246
v -254.362656 -209.096684 -45.474420
v -241.036199 -200.657233 -42.757473
v -251.750182 -215.964722 -43.337788
v -237.255483 -206.308513 -40.516464
v -234.602789 -209.118698 -40.840071
v -250.049346 -218.421997 -43.971770
v -228.962960 -213.780839 -44.438287
v -245.656550 -223.702634 -48.765351
v -247.715684 -221.413605 -46.038930
v -231.669167 -211.650227 -42.347440
v -246.698835 -221.529201 -53.902632
v -229.674156 -210.852647 -51.185497
v -232.130256 -208.433067 -50.823220
v -248.041582 -219.146681 -53.566726
v -234.462574 -206.239757 -49.581590
v -249.470414 -216.734441 -52.891234
v -236.739641 -204.072959 -47.884527
v -251.337364 -213.698995 -51.549184
v -236.174978 -218.377305 -51.908183
v -234.879119 -220.633600 -49.109570
v -236.988663 -218.862487 -46.290292
v -239.391073 -216.671630 -43.950317
v -242.029184 -213.893757 -42.340579
v -244.255179 -211.003603 -42.013825
v -246.263750 -207.927907 -42.193739
v -247.306397 -205.118432 -44.207682
v -245.961351 -206.370002 -46.922686
v -243.489947 -208.789862 -49.402589
v -241.478672 -211.420065 -50.924978
v -239.576205 -213.789291 -51.703519
v -237.852199 -216.110086 -52.051745
v -251.094069 -226.756641 -54.487523
v -252.136851 -224.774588 -54.759222
v -250.044456 -227.501878 -52.180979
v -259.393374 -215.655696 -44.828947
v -257.227040 -219.212924 -44.193144
v -259.652726 -212.570833 -46.638272
v -259.066261 -213.588107 -49.498113
v -255.475341 -221.746559 -44.907239
v -253.189740 -224.470735 -47.309827
v -251.209090 -226.570092 -50.181604
v -253.460756 -222.419855 -54.461802
v -254.883652 -220.025438 -53.784647
v -256.729108 -217.020867 -52.446267
v -257.514455 -227.803445 -54.280866
v -258.484230 -226.139459 -54.418346
v -256.435511 -228.962171 -52.732880
v -265.660564 -217.154759 -45.636624
v -263.564416 -220.530481 -45.206222
v -265.607534 -215.628646 -47.198158
v -264.995831 -216.234554 -49.196698
v -261.877927 -223.045836 -45.584788
v -259.577960 -225.985260 -47.662058
v -257.551095 -228.285987 -50.446946
v -259.751226 -223.967126 -54.068374
v -261.117084 -221.701143 -53.305530
v -262.909897 -218.980636 -51.845628
v -263.151177 -229.420785 -54.198401
v -264.031191 -227.995895 -54.333328
v -262.096926 -230.301679 -53.221061
v -271.143522 -218.192307 -46.042954
v -269.118362 -222.299064 -45.777159
v -271.064180 -216.740664 -47.916559
v -270.284088 -218.015599 -50.152806
v -267.426836 -224.780841 -46.442691
v -265.170393 -227.576292 -48.567530
v -263.144149 -229.824343 -51.338688
v -265.275205 -225.938801 -54.052834
v -266.641642 -223.731919 -53.390503
v -268.440129 -220.930972 -52.148691
v -268.580775 -230.297200 -54.393713
v -269.433781 -229.031039 -54.468122
v -267.503188 -231.195217 -53.766564
v -276.389487 -219.231449 -46.340803
v -274.570429 -223.162669 -46.141306
v -276.439015 -217.463828 -48.639580
v -275.603984 -219.078856 -50.951320
v -272.804627 -225.853706 -46.950386
v -270.534291 -228.736936 -49.052000
v -268.515550 -230.996557 -51.863646
v -270.721722 -227.007072 -54.240272
v -272.263334 -224.614974 -53.645065
v -273.980937 -221.842628 -52.579398
v -274.388015 -231.191023 -54.749056
v -275.294326 -229.850396 -54.862066
v -273.467589 -232.171525 -54.262970
v -281.524342 -220.602056 -46.580092
v -280.266802 -224.092706 -46.164282
v -281.869353 -218.022404 -49.355655
v -280.865310 -220.257471 -51.880901
v -278.378448 -227.293036 -47.350715
v -276.311135 -229.877392 -49.675271
v -274.388192 -232.046030 -52.408529
v -276.517860 -227.899270 -54.715295
v -277.979014 -225.520734 -54.212019
v -279.575598 -222.803795 -53.228968
v -280.073147 -232.387609 -55.759340
v -280.923792 -230.812946 -55.909472
v -279.628196 -233.481513 -54.737638
v -286.734865 -221.772293 -47.132823
v -285.524233 -225.230404 -46.825269
v -287.097842 -219.134499 -50.123305
v -286.062163 -221.494743 -52.583767
v -283.876603 -228.506925 -48.030995
v -282.003056 -230.945978 -50.289446
v -280.521925 -232.689606 -52.847010
v -282.076367 -228.817937 -55.669432
v -283.499979 -226.511294 -55.035970
v -284.922610 -223.916490 -53.977109
v -285.281514 -233.990889 -57.239729
v -286.129912 -232.017832 -57.215856
v -285.119134 -234.819178 -55.304750
v -291.848984 -222.834550 -47.641960
v -290.616785 -226.413894 -47.487002
v -292.121944 -220.306071 -50.940489
v -291.123128 -222.674122 -53.336622
v -289.063030 -229.748969 -48.483285
v -287.276197 -232.296983 -50.729422
v -285.927472 -233.821614 -53.234671
v -287.313435 -229.966403 -56.730634
v -288.702568 -227.651977 -55.939300
v -290.022872 -225.114198 -54.779000
v -302.714786 -238.588098 -59.356769
v -303.587118 -236.745345 -59.750291
v -302.712013 -238.971841 -57.384461
v -310.189931 -227.363372 -51.008288
v -308.776710 -231.007687 -50.508945
v -311.013269 -224.913975 -53.104058
v -310.164900 -226.521950 -56.141682
v -306.669567 -234.581218 -51.375593
v -304.785479 -236.833268 -53.380453
v -303.494624 -238.082473 -55.556836
v -304.785412 -234.787144 -59.556524
v -306.228351 -232.566775 -59.047758
v -307.888246 -230.106328 -58.202952
v -290.173477 -235.213011 -57.801236
v -290.104611 -235.824530 -55.795684
v -290.865606 -234.922486 -53.741804
v -292.168437 -233.516290 -51.291568
v -293.953283 -230.923322 -49.102237
v -295.507603 -227.583920 -48.120510
v -296.764189 -223.959035 -48.336177
v -297.011782 -221.205809 -51.712944
v -296.028449 -223.748583 -54.255101
v -294.992230 -226.314220 -55.708480
v -293.593691 -228.930283 -56.810064
v -292.180212 -231.217291 -57.509583
v -291.029533 -233.252886 -57.892454
v -294.684406 -236.272963 -58.162170
v -294.619588 -236.835265 -56.392614
v -295.382727 -235.978756 -54.369277
v -296.706331 -234.594617 -51.996054
v -298.533695 -232.080339 -49.858688
v -300.208726 -228.655066 -48.988270
v -301.528266 -225.101093 -49.376065
v -301.961632 -221.978349 -52.378566
v -300.874124 -224.710213 -55.249097
v -299.814816 -227.558244 -56.742053
v -298.164299 -230.255786 -57.710717
v -296.701277 -232.518947 -58.274090
v -295.522516 -234.543983 -58.513293
v -298.687751 -237.728600 -59.005809
v -298.770447 -237.881819 -56.873293
v -299.532643 -237.100065 -55.000605
v -300.877940 -235.723983 -52.745444
v -302.769995 -233.218091 -50.760619
v -304.591109 -229.804883 -49.886754
v -306.157323 -225.989778 -50.406984
v -306.765429 -223.085640 -52.868845
v -305.548990 -225.699519 -55.953353
v -304.119188 -228.871403 -57.595064
v -302.340837 -231.442423 -58.518455
v -300.849822 -233.691736 -59.067954
v -299.639187 -235.674588 -59.340678
v -314.874012 -241.882677 -60.743967
v -315.739000 -240.261386 -61.160738
v -314.653986 -242.887704 -59.098393
v -321.551777 -232.200653 -52.544868
v -319.959641 -235.340220 -52.205920
v -322.498635 -229.611223 -55.089938
v -321.172745 -231.359615 -58.016801
v -318.168722 -238.433707 -53.060969
v -316.468917 -240.967446 -54.788089
v -315.318287 -242.337397 -56.972885
v -316.893978 -238.347688 -61.088468
v -318.254102 -236.138469 -60.556038
v -319.745785 -233.704911 -59.492668
v -306.646971 -239.484100 -59.660409
v -306.533321 -240.128054 -57.887022
v -307.287636 -239.299944 -56.035375
v -308.512973 -238.010399 -53.810188
v -310.209308 -235.598212 -51.875046
v -312.308000 -232.034481 -51.025633
v -313.701724 -228.493901 -51.502286
v -314.356501 -226.225292 -53.670270
v -313.638218 -227.643058 -56.612519
v -311.487465 -231.097868 -58.653485
v -310.020034 -233.660156 -59.481991
v -308.655933 -235.906482 -59.896682
v -307.487350 -237.813349 -59.995616
v -310.776120 -240.456177 -59.906040
v -310.548167 -241.314750 -58.492917
v -311.267047 -240.744965 -56.448994
v -312.489370 -239.402847 -54.238332
v -314.276868 -236.841303 -52.487698
v -316.146040 -233.604108 -51.535272
v -317.704792 -230.137978 -51.982053
v -318.396005 -227.804128 -54.348779
v -317.442957 -229.351338 -57.253393
v -315.734528 -232.247700 -58.944301
v -314.133110 -234.836914 -59.877415
v -312.754130 -237.064190 -60.299187
v -311.581562 -238.967112 -60.331396
v -319.258394 -244.366753 -57.744016
v -324.956914 -233.647399 -58.835288
v -323.652990 -235.719782 -60.314124
v -322.273475 -237.930179 -61.522430
v -320.930045 -240.032721 -62.251394
v -319.739043 -241.961149 -62.438696
v -320.443450 -242.820773 -55.621282
v -321.997098 -240.371419 -53.969422
v -323.784476 -237.491760 -52.992757
v -326.236573 -232.334951 -56.156342
v -325.317569 -234.557469 -53.572414
v -318.833187 -243.720994 -61.842699
v -318.685877 -244.634463 -60.011868
v -331.509729 -240.899854 -62.366877
v -332.486227 -239.191139 -61.155945
v -330.222675 -242.905117 -63.554977
v -328.814807 -244.747043 -64.667006
v -327.458419 -246.570261 -65.407047
v -328.253215 -248.163135 -57.703942
v -326.679837 -249.750864 -60.177438
v -329.985959 -245.442002 -56.607260
v -331.629540 -242.613379 -56.133478
v -333.324717 -238.486174 -59.084794
v -332.758390 -240.115236 -57.138446
v -326.426712 -248.236017 -64.503289
v -326.308418 -249.359139 -62.741849
v -327.549641 -238.208775 -61.267498
v -326.253405 -240.237744 -62.490039
v -324.928832 -242.149252 -63.519662
v -323.638712 -244.060882 -64.012137
v -322.695310 -245.956646 -63.219748
v -322.611695 -246.879802 -61.238560
v -323.076535 -246.874954 -58.792640
v -324.333028 -245.333716 -56.484622
v -326.016396 -242.780342 -55.053129
v -327.757020 -239.983325 -54.357998
v -329.221316 -237.278564 -55.073654
v -329.938522 -235.316279 -57.505355
v -328.762984 -236.360379 -59.973653
v -334.691235 -243.638768 -63.541651
v -335.652747 -241.865666 -62.251860
v -333.325955 -245.501374 -64.662122
v -331.825234 -247.288432 -65.743017
v -330.071300 -248.940511 -66.369036
v -331.730173 -250.908756 -59.464228
v -330.003123 -252.454738 -61.797394
v -333.462192 -248.270719 -58.460553
v -334.956996 -245.403950 -58.259667
v -335.482647 -241.296065 -60.437993
v -335.480749 -242.894470 -59.371671
v -328.725728 -249.772471 -65.210705
v -329.350958 -251.205841 -64.245090
v -338.304963 -245.103934 -61.961007
v -332.088205 -252.226562 -66.698328
v -332.855536 -254.340628 -63.575341
v -334.599904 -253.258252 -61.177067
v -336.325438 -250.923298 -60.193704
v -337.624379 -248.192375 -60.285619
v -337.180777 -246.283884 -64.717520
v -335.912675 -248.077357 -65.778613
v -334.449008 -249.771139 -66.859531
v -335.865819 -256.536892 -65.256313
v -335.705974 -254.854006 -67.984147
v -337.249576 -255.860438 -62.754345
v -339.022486 -253.568390 -61.755964
v -340.163069 -251.100360 -62.274148
v -340.881507 -248.902698 -63.785332
v -338.983209 -258.724378 -66.830989
v -339.069530 -257.256068 -68.921598
v -339.666163 -258.733602 -64.079219
v -341.577664 -256.389257 -63.068173
v -342.601878 -253.957306 -63.870645
v -343.221614 -252.120959 -65.439714
v -341.983764 -261.450483 -68.495132
v -342.319714 -259.921247 -70.404714
v -342.027427 -261.223536 -65.677955
v -343.867782 -258.828855 -64.754344
v -344.757607 -256.556271 -65.622834
v -345.045884 -254.847048 -66.835371
v -339.786842 -249.142147 -66.075692
v -342.151918 -251.991849 -67.355302
v -344.465721 -254.716437 -68.615397
v -338.499351 -250.682197 -67.055642
v -341.050593 -253.284732 -68.266493
v -343.633836 -255.838733 -69.583528
v -337.228266 -252.347462 -68.104803
v -340.023911 -254.878082 -69.262081
v -342.921996 -257.496764 -70.514972
v -345.767540 -260.767175 -66.508567
v -344.043331 -262.373596 -66.940354
v -344.385418 -262.604207 -69.160834
v -344.996822 -261.178707 -71.104411
v -344.665557 -259.281903 -71.435869
v -345.571559 -257.619956 -70.560255
v -346.343444 -256.923545 -69.331778
v -346.283323 -256.880242 -67.880323
v -346.256057 -258.403438 -67.221022
v -346.427374 -259.746218 -70.837839
v -346.914989 -259.352869 -69.557472
v -346.322487 -261.549067 -68.718556
vt 0.447674 0.836436
vt 0.456473 0.834355
vt 0.458787 0.845443
vt 0.450029 0.847928
vt 0.461382 0.856219
vt 0.452988 0.859028
vt 0.445700 0.824421
vt 0.454931 0.822757
vt 0.464361 0.821633
vt 0.465545 0.832992
vt 0.467511 0.843364
vt 0.469134 0.853478
vt 0.444087 0.862022
vt 0.441153 0.850749
vt 0.438465 0.839052
vt 0.436407 0.826867
vt 0.551962 0.825037
vt 0.551847 0.835007
vt 0.543949 0.833714
vt 0.543995 0.824322
vt 0.543820 0.816276
vt 0.552339 0.815897
vt 0.551419 0.846118
vt 0.542956 0.845169
vt 0.535509 0.845084
vt 0.537785 0.832823
vt 0.538784 0.824634
vt 0.537543 0.815673
vt 0.563206 0.816753
vt 0.562752 0.827097
vt 0.562375 0.837640
vt 0.561579 0.848795
vt 0.493388 0.863118
vt 0.495473 0.874502
vt 0.485239 0.875741
vt 0.481996 0.864104
vt 0.497531 0.885938
vt 0.499419 0.897257
vt 0.490493 0.898764
vt 0.488081 0.887278
vt 0.501562 0.925891
vt 0.497788 0.933233
vt 0.492011 0.929542
vt 0.496293 0.924752
vt 0.494321 0.938716
vt 0.489568 0.936248
vt 0.475447 0.877275
vt 0.467309 0.879201
vt 0.464419 0.867124
vt 0.471989 0.864976
vt 0.481772 0.900037
vt 0.474021 0.902234
vt 0.470569 0.890850
vt 0.478740 0.888943
vt 0.484451 0.910421
vt 0.485481 0.916475
vt 0.482142 0.917404
vt 0.478090 0.913858
vt 0.482596 0.921326
vt 0.486214 0.922056
vt 0.485988 0.928038
vt 0.479641 0.924382
vt 0.501285 0.908180
vt 0.502783 0.917558
vt 0.495264 0.918670
vt 0.492047 0.910558
vt 0.489425 0.916353
vt 0.490715 0.921681
vt 0.536264 0.914715
vt 0.535602 0.908282
vt 0.540897 0.906577
vt 0.541348 0.912719
vt 0.534339 0.901546
vt 0.540890 0.899555
vt 0.536959 0.921250
vt 0.541990 0.918833
vt 0.531138 0.915890
vt 0.525898 0.914603
vt 0.527041 0.905418
vt 0.531224 0.910094
vt 0.526565 0.920650
vt 0.531114 0.923815
vt 0.485314 0.933523
vt 0.478983 0.931680
vt 0.543062 0.924190
vt 0.538981 0.927118
vt 0.525386 0.871115
vt 0.515379 0.872271
vt 0.515055 0.860616
vt 0.525574 0.859180
vt 0.525720 0.894087
vt 0.516956 0.895098
vt 0.516090 0.883841
vt 0.525282 0.882788
vt 0.519368 0.915550
vt 0.518113 0.906078
vt 0.522561 0.923208
vt 0.526983 0.929228
vt 0.534858 0.930280
vt 0.531553 0.934636
vt 0.505379 0.873405
vt 0.504288 0.861978
vt 0.508256 0.896109
vt 0.506760 0.884834
vt 0.511281 0.917464
vt 0.509739 0.907039
vt 0.507932 0.927290
vt 0.522933 0.934001
vt 0.498630 0.941796
vt 0.542418 0.857473
vt 0.542161 0.869769
vt 0.534095 0.870168
vt 0.534479 0.857786
vt 0.541713 0.880930
vt 0.541175 0.890945
vt 0.533784 0.892102
vt 0.533798 0.881591
vt 0.479678 0.853137
vt 0.526093 0.847311
vt 0.491624 0.852053
vt 0.503407 0.850694
vt 0.515035 0.849155
vt 0.527151 0.835631
vt 0.527279 0.825647
vt 0.525839 0.815569
vt 0.476675 0.831679
vt 0.475397 0.820303
vt 0.477881 0.842692
vt 0.488925 0.830275
vt 0.487487 0.818880
vt 0.490263 0.841249
vt 0.514960 0.838024
vt 0.514219 0.827259
vt 0.513025 0.816332
vt 0.502570 0.839728
vt 0.501501 0.828801
vt 0.500207 0.817489
vt 0.473056 0.925566
vt 0.469908 0.914602
vt 0.466478 0.903824
vt 0.462793 0.892870
vt 0.459363 0.881515
vt 0.456210 0.870084
vt 0.550779 0.858182
vt 0.550393 0.870307
vt 0.549331 0.881204
vt 0.547979 0.890795
vt 0.546728 0.898857
vt 0.545989 0.905119
vt 0.546278 0.910572
vt 0.547046 0.916139
vt 0.465725 0.925058
vt 0.462982 0.914762
vt 0.459362 0.905235
vt 0.455232 0.895033
vt 0.451220 0.884162
vt 0.447497 0.873098
vt 0.560489 0.860654
vt 0.558990 0.872164
vt 0.556842 0.882800
vt 0.554337 0.892112
vt 0.551721 0.899631
vt 0.549631 0.904283
vt 0.551232 0.907825
vt 0.552769 0.913271
vt 0.498763 0.805456
vt 0.497271 0.792316
vt 0.510458 0.791793
vt 0.511727 0.804700
vt 0.508093 0.762104
vt 0.493922 0.762680
vt 0.491991 0.747328
vt 0.507086 0.746985
vt 0.484442 0.793628
vt 0.485902 0.806806
vt 0.479942 0.763970
vt 0.476253 0.748538
vt 0.524545 0.804592
vt 0.523202 0.792073
vt 0.521742 0.762510
vt 0.521797 0.747358
vt 0.473674 0.808344
vt 0.471881 0.795307
vt 0.465669 0.765890
vt 0.460958 0.750385
vt 0.462747 0.809646
vt 0.460631 0.796887
vt 0.454716 0.769062
vt 0.451295 0.755103
vt 0.536638 0.805277
vt 0.534878 0.792779
vt 0.535497 0.749018
vt 0.534515 0.763915
vt 0.452971 0.810726
vt 0.450595 0.797983
vt 0.445309 0.771476
vt 0.442540 0.758262
vt 0.546975 0.750936
vt 0.545493 0.765417
vt 0.544250 0.794021
vt 0.544297 0.806436
vt 0.443611 0.812132
vt 0.441268 0.799441
vt 0.436631 0.773397
vt 0.433900 0.760105
vt 0.427885 0.774856
vt 0.425166 0.761590
vt 0.434210 0.814323
vt 0.432042 0.801004
vt 0.556902 0.752880
vt 0.555277 0.766860
vt 0.553502 0.793624
vt 0.553189 0.805672
vt 0.566784 0.754301
vt 0.565349 0.767944
vt 0.563891 0.794183
vt 0.563521 0.805794
vt 0.430044 0.788120
vt 0.439201 0.786569
vt 0.448018 0.785025
vt 0.457671 0.783318
vt 0.469432 0.781262
vt 0.482528 0.779255
vt 0.495688 0.777908
vt 0.509051 0.777408
vt 0.522082 0.777717
vt 0.534266 0.778642
vt 0.544225 0.779833
vt 0.553923 0.780598
vt 0.564364 0.781354
vt 0.566555 0.899723
vt 0.559997 0.909286
vt 0.555926 0.903014
vt 0.560397 0.895195
vt 0.455228 0.918681
vt 0.447133 0.911051
vt 0.452879 0.906992
vt 0.457201 0.913593
vt 0.447518 0.897858
vt 0.442434 0.887411
vt 0.439842 0.901767
vt 0.432949 0.891028
vt 0.564348 0.885765
vt 0.572032 0.889847
vt 0.567822 0.875118
vt 0.577036 0.879065
vt 0.438438 0.876358
vt 0.429051 0.879443
vt 0.435055 0.865102
vt 0.425853 0.868136
vt 0.431914 0.853643
vt 0.422877 0.856711
vt 0.429169 0.841871
vt 0.419978 0.844916
vt 0.426714 0.829604
vt 0.417172 0.832735
vt 0.424215 0.816821
vt 0.414553 0.819920
vt 0.422041 0.803211
vt 0.412253 0.806123
vt 0.420404 0.789505
vt 0.410451 0.791899
vt 0.418847 0.775843
vt 0.415792 0.763179
vt 0.409088 0.777578
vt 0.405559 0.765374
vt 0.570677 0.863776
vt 0.581429 0.867256
vt 0.572289 0.851937
vt 0.583529 0.854974
vt 0.573295 0.840425
vt 0.584388 0.843068
vt 0.573865 0.829294
vt 0.585106 0.831529
vt 0.574393 0.818265
vt 0.585751 0.820221
vt 0.574821 0.807127
vt 0.586335 0.808979
vt 0.586757 0.797370
vt 0.575261 0.795556
vt 0.587188 0.784908
vt 0.575786 0.782848
vt 0.576105 0.769657
vt 0.587667 0.772105
vt 0.588156 0.758547
vt 0.577081 0.756243
vt 0.543927 0.927519
vt 0.541485 0.930691
vt 0.538578 0.934487
vt 0.535531 0.938159
vt 0.534312 0.942481
vt 0.491106 0.942791
vt 0.487828 0.940116
vt 0.485622 0.937204
vt 0.479731 0.936462
vt 0.547608 0.921841
vt 0.552798 0.919433
vt 0.474661 0.931931
vt 0.547478 0.926710
vt 0.545768 0.931393
vt 0.543549 0.935768
vt 0.541175 0.940196
vt 0.540040 0.944119
vt 0.486393 0.944508
vt 0.483515 0.941242
vt 0.475744 0.936345
vt 0.552769 0.924920
vt 0.557674 0.917036
vt 0.559839 0.921981
vt 0.468753 0.936187
vt 0.470667 0.931281
vt 0.550679 0.930656
vt 0.548115 0.936012
vt 0.545860 0.940870
vt 0.544240 0.944845
vt 0.482547 0.945915
vt 0.479323 0.941679
vt 0.556458 0.929333
vt 0.553998 0.935122
vt 0.552100 0.940314
vt 0.551341 0.944890
vt 0.476145 0.946784
vt 0.473943 0.942190
vt 0.450042 0.924029
vt 0.440435 0.916457
vt 0.431056 0.907526
vt 0.420768 0.895547
vt 0.419446 0.881811
vt 0.416664 0.870852
vt 0.413997 0.859813
vt 0.410991 0.848404
vt 0.407892 0.836250
vt 0.405050 0.823394
vt 0.402441 0.810062
vt 0.400395 0.796066
vt 0.398554 0.781404
vt 0.395025 0.768644
vt 0.461237 0.931027
vt 0.573029 0.904439
vt 0.566317 0.913397
vt 0.579868 0.895074
vt 0.586820 0.884566
vt 0.594483 0.871880
vt 0.595053 0.857541
vt 0.595519 0.845336
vt 0.596257 0.833764
vt 0.597264 0.822174
vt 0.597824 0.811215
vt 0.598166 0.799770
vt 0.598652 0.787665
vt 0.599192 0.774881
vt 0.599867 0.761525
vt 0.561057 0.929164
vt 0.565350 0.924460
vt 0.560775 0.933596
vt 0.560199 0.938726
vt 0.559823 0.943895
vt 0.468499 0.947217
vt 0.468337 0.943534
vt 0.463274 0.940383
vt 0.571754 0.917669
vt 0.454452 0.935741
vt 0.444331 0.930094
vt 0.433857 0.923453
vt 0.423699 0.916043
vt 0.578998 0.909888
vt 0.586678 0.901515
vt 0.594976 0.892289
vt 0.412886 0.907403
vt 0.601892 0.900706
vt 0.592692 0.909023
vt 0.584131 0.916415
vt 0.575864 0.923069
vt 0.568150 0.929134
vt 0.406443 0.918299
vt 0.417820 0.925154
vt 0.428677 0.931351
vt 0.439655 0.937012
vt 0.450740 0.941951
vt 0.459792 0.945176
vt 0.569037 0.935129
vt 0.569397 0.941232
vt 0.579806 0.937906
vt 0.578048 0.930762
vt 0.591236 0.933498
vt 0.588088 0.924735
vt 0.625504 0.913780
vt 0.614184 0.921161
vt 0.602763 0.927465
vt 0.598243 0.918233
vt 0.608413 0.910954
vt 0.619046 0.903055
vt 0.611811 0.892138
vt 0.603459 0.882137
vt 0.400970 0.899660
vt 0.407527 0.888444
vt 0.394493 0.911537
vt 0.637050 0.906308
vt 0.629946 0.894748
vt 0.621653 0.883371
vt 0.612115 0.872933
vt 0.604500 0.867528
vt 0.411531 0.881147
vt 0.606279 0.857962
vt 0.407808 0.872975
vt 0.405669 0.862769
vt 0.401989 0.852243
vt 0.398471 0.840176
vt 0.395479 0.827523
vt 0.392659 0.814458
vt 0.390201 0.800618
vt 0.388069 0.786123
vt 0.384549 0.772738
vt 0.605866 0.847060
vt 0.607489 0.836118
vt 0.608744 0.824542
vt 0.609313 0.813691
vt 0.609620 0.802557
vt 0.610247 0.790857
vt 0.610948 0.778402
vt 0.612035 0.764999
vt 0.619622 0.859799
vt 0.614737 0.848781
vt 0.618301 0.839376
vt 0.620036 0.827438
vt 0.620266 0.816526
vt 0.620860 0.805770
vt 0.621848 0.794536
vt 0.622911 0.782326
vt 0.624094 0.769099
vt 0.397056 0.876937
vt 0.398638 0.865682
vt 0.392896 0.857086
vt 0.388698 0.844562
vt 0.385582 0.831976
vt 0.382349 0.819459
vt 0.379021 0.806157
vt 0.376180 0.792148
vt 0.373565 0.778567
vt 0.388825 0.891109
vt 0.381767 0.904569
vt 0.649559 0.899357
vt 0.641683 0.886189
vt 0.631776 0.873303
vt 0.644264 0.862645
vt 0.632785 0.846246
vt 0.374939 0.882736
vt 0.381487 0.865744
vt 0.368322 0.897088
vt 0.663086 0.892051
vt 0.654217 0.876961
vt 0.378113 0.848626
vt 0.376047 0.836068
vt 0.372291 0.824915
vt 0.367906 0.812297
vt 0.363994 0.797783
vt 0.359146 0.783838
vt 0.632005 0.830174
vt 0.630899 0.819075
vt 0.631887 0.809300
vt 0.633630 0.798688
vt 0.635476 0.786642
vt 0.636645 0.773265
vt 0.364147 0.861802
vt 0.366429 0.847841
vt 0.642906 0.827607
vt 0.649058 0.839520
vt 0.359149 0.876234
vt 0.352461 0.890629
vt 0.676607 0.882802
vt 0.667486 0.867496
vt 0.657867 0.853274
vt 0.638609 0.820038
vt 0.641742 0.813512
vt 0.645544 0.803653
vt 0.649172 0.791122
vt 0.649963 0.776807
vt 0.368520 0.838486
vt 0.363213 0.831503
vt 0.356743 0.820237
vt 0.350012 0.805954
vt 0.344208 0.790770
vt 0.660241 0.831381
vt 0.670332 0.843915
vt 0.680576 0.857595
vt 0.690470 0.871923
vt 0.336069 0.883579
vt 0.343703 0.869186
vt 0.350205 0.855189
vt 0.650813 0.820798
vt 0.355997 0.842026
vt 0.658219 0.810512
vt 0.666334 0.795672
vt 0.663757 0.779317
vt 0.345693 0.831936
vt 0.333735 0.816831
vt 0.330057 0.797826
vt 0.670408 0.821288
vt 0.337050 0.846348
vt 0.682311 0.833391
vt 0.693657 0.846551
vt 0.704421 0.860388
vt 0.320257 0.875105
vt 0.328870 0.860707
vt 0.323666 0.835991
vt 0.314602 0.851116
vt 0.305180 0.865611
vt 0.718041 0.848261
vt 0.706383 0.834749
vt 0.694177 0.821608
vt 0.680864 0.809131
vt 0.309237 0.827027
vt 0.316349 0.811906
vt 0.300768 0.841576
vt 0.290982 0.855432
vt 0.730989 0.835886
vt 0.718871 0.822543
vt 0.705966 0.809290
vt 0.692707 0.797884
vt 0.680811 0.787312
vt 0.319067 0.800311
vt 0.674323 0.778821
vt 0.303163 0.803006
vt 0.310660 0.791009
vt 0.690532 0.777003
vt 0.678813 0.769477
vt 0.703359 0.786269
vt 0.716968 0.796681
vt 0.730546 0.810014
vt 0.743220 0.823036
vt 0.277465 0.844670
vt 0.287428 0.831736
vt 0.296214 0.817842
vt 0.699154 0.764629
vt 0.685586 0.757210
vt 0.712871 0.773820
vt 0.726698 0.784097
vt 0.740669 0.796352
vt 0.754028 0.808715
vt 0.263005 0.833537
vt 0.273193 0.820022
vt 0.282555 0.805921
vt 0.291515 0.791880
vt 0.302124 0.780361
vt 0.666064 0.765862
vt 0.651842 0.762408
vt 0.638278 0.758861
vt 0.522218 0.732456
vt 0.536914 0.734419
vt 0.546338 0.735992
vt 0.558887 0.739023
vt 0.568198 0.741099
vt 0.578049 0.742521
vt 0.588850 0.744678
vt 0.601110 0.747442
vt 0.613918 0.750534
vt 0.625731 0.754543
vt 0.506344 0.732056
vt 0.490040 0.733034
vt 0.472630 0.734910
vt 0.458888 0.738279
vt 0.448187 0.743210
vt 0.322835 0.783543
vt 0.337043 0.776243
vt 0.352075 0.769715
vt 0.366281 0.764438
vt 0.439866 0.746203
vt 0.431303 0.747677
vt 0.422426 0.748802
vt 0.412378 0.750546
vt 0.401747 0.752726
vt 0.390661 0.755649
vt 0.378838 0.759532
vt 0.314726 0.771357
vt 0.328815 0.763427
vt 0.343630 0.756746
vt 0.358360 0.751474
vt 0.372643 0.746523
vt 0.385872 0.742796
vt 0.398040 0.739976
vt 0.408895 0.737071
vt 0.419146 0.735427
vt 0.428335 0.735873
vt 0.437095 0.734406
vt 0.445496 0.732400
vt 0.457010 0.726997
vt 0.471522 0.722358
vt 0.488463 0.719363
vt 0.505921 0.717581
vt 0.522958 0.717846
vt 0.539233 0.720304
vt 0.552401 0.723383
vt 0.559532 0.724196
vt 0.570948 0.728310
vt 0.580653 0.729759
vt 0.591074 0.731543
vt 0.603195 0.734019
vt 0.615560 0.736660
vt 0.628725 0.739782
vt 0.641762 0.743686
vt 0.656132 0.747693
vt 0.671217 0.751969
vt 0.707541 0.751884
vt 0.721490 0.761233
vt 0.735682 0.771703
vt 0.749797 0.783125
vt 0.763405 0.794836
vt 0.250508 0.822623
vt 0.260651 0.809567
vt 0.270457 0.796351
vt 0.280404 0.783581
vt 0.291304 0.771656
vt 0.304373 0.760698
vt 0.319353 0.750795
vt 0.334655 0.742855
vt 0.350254 0.736162
vt 0.365588 0.730602
vt 0.379746 0.726746
vt 0.392655 0.723609
vt 0.404214 0.721351
vt 0.414771 0.719507
vt 0.424656 0.718173
vt 0.443875 0.713139
vt 0.433977 0.715744
vt 0.455623 0.709550
vt 0.470225 0.706089
vt 0.487168 0.703325
vt 0.504380 0.702383
vt 0.521193 0.702304
vt 0.538286 0.704501
vt 0.555511 0.707757
vt 0.568437 0.708933
vt 0.576723 0.711468
vt 0.586318 0.713578
vt 0.693890 0.743835
vt 0.596478 0.716047
vt 0.608966 0.718611
vt 0.622088 0.721465
vt 0.635771 0.725062
vt 0.649994 0.728296
vt 0.664265 0.732471
vt 0.679541 0.737426
vt 0.454828 0.691867
vt 0.470155 0.689336
vt 0.503641 0.686960
vt 0.520260 0.686738
vt 0.486708 0.687791
vt 0.536324 0.687595
vt 0.551589 0.688751
vt 0.569946 0.691349
vt 0.643145 0.706247
vt 0.658620 0.710403
vt 0.630210 0.703160
vt 0.611775 0.699940
vt 0.599999 0.697356
vt 0.588447 0.694050
vt 0.579363 0.691892
vt 0.441852 0.695632
vt 0.430554 0.698900
vt 0.420484 0.701764
vt 0.410374 0.703988
vt 0.674688 0.716853
vt 0.689723 0.723088
vt 0.703198 0.730868
vt 0.715325 0.739697
vt 0.729127 0.749114
vt 0.743592 0.759132
vt 0.757696 0.770810
vt 0.771537 0.782091
vt 0.239499 0.812590
vt 0.249242 0.799985
vt 0.259486 0.787146
vt 0.269986 0.774650
vt 0.281157 0.762914
vt 0.294703 0.750996
vt 0.399784 0.706119
vt 0.387954 0.708483
vt 0.374126 0.711838
vt 0.359228 0.716659
vt 0.342726 0.722827
vt 0.325899 0.730699
vt 0.309839 0.739979
vt 0.389817 0.081276
vt 0.397098 0.074987
vt 0.381389 0.090126
vt 0.371079 0.096924
vt 0.359534 0.100782
vt 0.334484 0.115760
vt 0.328464 0.130790
vt 0.322660 0.138336
vt 0.315127 0.143498
vt 0.307378 0.148350
vt 0.300584 0.151797
vt 0.284656 0.154551
vt 0.559662 0.607731
vt 0.550217 0.614107
vt 0.540659 0.620363
vt 0.530899 0.626128
vt 0.521431 0.631825
vt 0.512404 0.637487
vt 0.503967 0.642700
vt 0.496583 0.647109
vt 0.489563 0.650239
vt 0.482410 0.652384
vt 0.475518 0.653739
vt 0.467204 0.653915
vt 0.456156 0.653742
vt 0.800366 0.721296
vt 0.788595 0.718072
vt 0.777021 0.713453
vt 0.765611 0.708038
vt 0.754176 0.702010
vt 0.743836 0.695779
vt 0.734651 0.689708
vt 0.725392 0.683850
vt 0.716076 0.677090
vt 0.706376 0.671583
vt 0.695361 0.665791
vt 0.681931 0.661068
vt 0.668245 0.654335
vt 0.656811 0.645938
vt 0.404501 0.071678
vt 0.646469 0.640923
vt 0.656726 0.639127
vt 0.668596 0.647534
vt 0.684433 0.653391
vt 0.698232 0.658122
vt 0.710892 0.663521
vt 0.719413 0.667588
vt 0.729515 0.674606
vt 0.738167 0.680612
vt 0.747647 0.686119
vt 0.757759 0.692181
vt 0.768468 0.698143
vt 0.779185 0.703429
vt 0.790010 0.707736
vt 0.800513 0.710997
vt 0.453855 0.643893
vt 0.465030 0.644171
vt 0.472719 0.643195
vt 0.479579 0.641698
vt 0.486186 0.639645
vt 0.492844 0.636671
vt 0.500077 0.632656
vt 0.508268 0.627807
vt 0.516996 0.622524
vt 0.526194 0.617110
vt 0.535600 0.611506
vt 0.545090 0.605830
vt 0.554690 0.600169
vt 0.282311 0.144453
vt 0.294575 0.142409
vt 0.301551 0.140012
vt 0.309285 0.133823
vt 0.314645 0.130380
vt 0.318851 0.125490
vt 0.336318 0.069192
vt 0.357773 0.090637
vt 0.366112 0.089697
vt 0.376133 0.083910
vt 0.385940 0.075203
vt 0.394779 0.071967
vt 0.401067 0.070395
vt 0.402905 0.065701
vt 0.662755 0.645880
vt 0.662956 0.637260
vt 0.670732 0.638939
vt 0.685326 0.645326
vt 0.697626 0.652002
vt 0.712818 0.656716
vt 0.721734 0.660280
vt 0.732145 0.665666
vt 0.741529 0.670798
vt 0.751071 0.677077
vt 0.760656 0.683271
vt 0.770867 0.689008
vt 0.780874 0.693982
vt 0.790913 0.698047
vt 0.800972 0.701044
vt 0.452343 0.633122
vt 0.462301 0.633396
vt 0.470376 0.632862
vt 0.476949 0.631857
vt 0.483103 0.629963
vt 0.489229 0.627274
vt 0.496122 0.623552
vt 0.504009 0.618999
vt 0.512622 0.614000
vt 0.521728 0.608878
vt 0.531183 0.603718
vt 0.540751 0.598471
vt 0.550632 0.593378
vt 0.276659 0.135261
vt 0.286088 0.136367
vt 0.291743 0.133920
vt 0.298117 0.130788
vt 0.304278 0.126683
vt 0.307309 0.124025
vt 0.310000 0.122239
vt 0.316511 0.116673
vt 0.342649 0.071200
vt 0.355937 0.084505
vt 0.363418 0.080951
vt 0.371525 0.076647
vt 0.380873 0.073112
vt 0.387413 0.070101
vt 0.388088 0.062196
vt 0.394327 0.065033
vt 0.348679 0.077288
vt 0.354208 0.076944
vt 0.359960 0.075279
vt 0.367343 0.073623
vt 0.374395 0.070027
vt 0.381105 0.066032
vt 0.379306 0.060149
vt 0.353979 0.066430
vt 0.362597 0.061988
vt 0.369412 0.060415
vt 0.349536 0.062207
vt 0.359797 0.057140
vt 0.368902 0.055014
vt 0.378678 0.055954
vt 0.387959 0.058950
vt 0.394979 0.062222
vt 0.345151 0.061204
vt 0.355878 0.054227
vt 0.365837 0.051342
vt 0.377645 0.051496
vt 0.388100 0.055080
vt 0.396621 0.058368
vt 0.347164 0.069598
vt 0.344250 0.068752
vt 0.340724 0.067358
vt 0.337090 0.063088
vt 0.398127 0.065949
vt 0.399506 0.063416
vt 0.400374 0.060758
vt 0.403565 0.059516
vt 0.645289 0.635777
vt 0.655281 0.633795
vt 0.661673 0.632603
vt 0.671112 0.633117
vt 0.685322 0.638528
vt 0.698480 0.644295
vt 0.714013 0.651540
vt 0.723640 0.655418
vt 0.733176 0.660787
vt 0.743275 0.664679
vt 0.753337 0.669906
vt 0.763082 0.675429
vt 0.772790 0.681004
vt 0.782304 0.685827
vt 0.791788 0.689582
vt 0.801119 0.692581
vt 0.451302 0.624191
vt 0.460508 0.624377
vt 0.468275 0.623873
vt 0.474511 0.622895
vt 0.480070 0.621213
vt 0.485618 0.618788
vt 0.492229 0.615389
vt 0.499834 0.611072
vt 0.508305 0.606266
vt 0.517452 0.601365
vt 0.526970 0.596524
vt 0.536896 0.591815
vt 0.547142 0.587130
vt 0.274875 0.127994
vt 0.311405 0.111185
vt 0.333857 0.057356
vt 0.309645 0.116446
vt 0.306043 0.119477
vt 0.304064 0.120551
vt 0.301027 0.122692
vt 0.296304 0.125461
vt 0.291292 0.128691
vt 0.287179 0.130717
vt 0.302704 0.115899
vt 0.298727 0.118815
vt 0.294663 0.121771
vt 0.290552 0.124591
vt 0.286079 0.127818
vt 0.283129 0.133710
vt 0.300916 0.112498
vt 0.307362 0.109007
vt 0.296972 0.115533
vt 0.292699 0.118113
vt 0.288980 0.121191
vt 0.283154 0.125642
vt 0.281362 0.123690
vt 0.287239 0.118207
vt 0.290809 0.115242
vt 0.294454 0.112522
vt 0.298673 0.110017
vt 0.304577 0.106145
vt 0.342586 0.056616
vt 0.352080 0.051919
vt 0.363518 0.047148
vt 0.376192 0.046679
vt 0.385426 0.049895
vt 0.394970 0.053902
vt 0.296166 0.104946
vt 0.300686 0.101149
vt 0.292543 0.108091
vt 0.288607 0.111235
vt 0.284756 0.114262
vt 0.278541 0.119565
vt 0.273007 0.122940
vt 0.333258 0.050778
vt 0.340982 0.049577
vt 0.349453 0.046885
vt 0.359685 0.041961
vt 0.374048 0.042003
vt 0.385141 0.044285
vt 0.395252 0.049202
vt 0.405617 0.055194
vt 0.644212 0.630458
vt 0.653068 0.628355
vt 0.662226 0.624724
vt 0.671821 0.625805
vt 0.684933 0.630676
vt 0.701684 0.638262
vt 0.714286 0.644252
vt 0.725243 0.648040
vt 0.734906 0.652238
vt 0.744172 0.656806
vt 0.755508 0.662835
vt 0.765240 0.668005
vt 0.774601 0.673390
vt 0.783523 0.678388
vt 0.792504 0.682298
vt 0.801602 0.685110
vt 0.450386 0.615845
vt 0.459183 0.616191
vt 0.466545 0.615895
vt 0.472287 0.614863
vt 0.477329 0.613308
vt 0.482400 0.611222
vt 0.488362 0.608074
vt 0.495624 0.603890
vt 0.504123 0.599255
vt 0.513478 0.594585
vt 0.523146 0.590318
vt 0.533045 0.586180
vt 0.543550 0.582255
vt 0.348990 0.039719
vt 0.345393 0.043790
vt 0.339919 0.037931
vt 0.337263 0.043359
vt 0.332578 0.046566
vt 0.297703 0.094748
vt 0.295705 0.082420
vt 0.296313 0.088671
vt 0.286497 0.083912
vt 0.286613 0.089666
vt 0.278655 0.084914
vt 0.280427 0.091959
vt 0.290443 0.097768
vt 0.285844 0.100367
vt 0.270923 0.088851
vt 0.274576 0.096012
vt 0.280093 0.102594
vt 0.269404 0.100094
vt 0.264096 0.094420
vt 0.275742 0.106378
vt 0.716388 0.637678
vt 0.726556 0.641602
vt 0.703338 0.632855
vt 0.689687 0.626608
vt 0.675936 0.623092
vt 0.668466 0.620593
vt 0.737283 0.645351
vt 0.747430 0.650141
vt 0.756881 0.655155
vt 0.766081 0.660812
vt 0.775805 0.666565
vt 0.784795 0.671696
vt 0.793429 0.675495
vt 0.801952 0.678421
vt 0.449434 0.608575
vt 0.458263 0.608352
vt 0.464662 0.608468
vt 0.470063 0.607268
vt 0.474628 0.605899
vt 0.479196 0.603970
vt 0.484784 0.600992
vt 0.491793 0.596929
vt 0.500072 0.592538
vt 0.509632 0.588293
vt 0.519323 0.584473
vt 0.528888 0.581147
vt 0.538002 0.577581
vt 0.264271 0.115126
vt 0.270705 0.111649
vt 0.263923 0.104875
vt 0.258278 0.099163
vt 0.257611 0.108420
vt 0.252673 0.102856
vt 0.532961 0.572759
vt 0.529646 0.567925
vt 0.522194 0.570344
vt 0.524934 0.575621
vt 0.515950 0.578744
vt 0.513206 0.572875
vt 0.503929 0.575766
vt 0.506158 0.582100
vt 0.494746 0.579083
vt 0.496704 0.585868
vt 0.486409 0.582554
vt 0.488173 0.589715
vt 0.481343 0.593399
vt 0.479574 0.585800
vt 0.476096 0.596422
vt 0.474116 0.588634
vt 0.471704 0.598576
vt 0.469236 0.590956
vt 0.467501 0.600028
vt 0.464798 0.592776
vt 0.462500 0.601324
vt 0.459819 0.594314
vt 0.456027 0.601990
vt 0.453952 0.595387
vt 0.448217 0.602112
vt 0.446879 0.595742
vt 0.802295 0.672298
vt 0.802825 0.666426
vt 0.794538 0.669401
vt 0.795609 0.663868
vt 0.786205 0.666040
vt 0.788055 0.661256
vt 0.777448 0.661425
vt 0.779410 0.657298
vt 0.767429 0.655113
vt 0.758020 0.651442
vt 0.774141 0.654344
vt 0.749576 0.647629
vt 0.740607 0.642759
vt 0.729186 0.638149
vt 0.717840 0.634285
vt 0.706589 0.629662
vt 0.698512 0.626363
vt 0.759300 0.567577
vt 0.770969 0.570343
vt 0.689257 0.620454
vt 0.699590 0.622516
vt 0.709321 0.625891
vt 0.719938 0.630080
vt 0.731593 0.633967
vt 0.742906 0.637991
vt 0.752759 0.642880
vt 0.761063 0.646792
vt 0.766191 0.650929
vt 0.772246 0.651008
vt 0.776872 0.649080
vt 0.778097 0.652726
vt 0.781504 0.654365
vt 0.789706 0.657427
vt 0.784839 0.649475
vt 0.786720 0.651343
vt 0.791212 0.645125
vt 0.793449 0.648763
vt 0.801170 0.643217
vt 0.797793 0.640249
vt 0.796797 0.658648
vt 0.803858 0.660350
vt 0.446213 0.589058
vt 0.452388 0.588532
vt 0.457937 0.587466
vt 0.462827 0.585930
vt 0.467556 0.583966
vt 0.472496 0.581579
vt 0.478270 0.578798
vt 0.485161 0.575693
vt 0.493464 0.572457
vt 0.502768 0.569495
vt 0.512082 0.566991
vt 0.520941 0.564863
vt 0.528522 0.563762
vt 0.533516 0.563451
vt 0.536209 0.560374
vt 0.540824 0.555486
vt 0.548957 0.549400
vt 0.557681 0.547881
vt 0.566425 0.551308
vt 0.575730 0.552723
vt 0.584738 0.553951
vt 0.595162 0.555613
vt 0.607772 0.558444
vt 0.618081 0.567825
vt 0.631038 0.572253
vt 0.640299 0.579863
vt 0.647929 0.590030
vt 0.725177 0.575559
vt 0.737197 0.573296
vt 0.746567 0.568941
vt 0.781958 0.645635
vt 0.787617 0.642042
vt 0.792737 0.637124
vt 0.803773 0.636001
vt 0.807313 0.639424
vt 0.797923 0.631854
vt 0.532681 0.553220
vt 0.529692 0.558966
vt 0.537616 0.545265
vt 0.522517 0.553186
vt 0.524384 0.546022
vt 0.521066 0.559285
vt 0.512156 0.554551
vt 0.512962 0.547396
vt 0.511872 0.560962
vt 0.501663 0.549512
vt 0.502155 0.556790
vt 0.502351 0.563330
vt 0.492523 0.559514
vt 0.491878 0.552282
vt 0.493132 0.566137
vt 0.482931 0.555557
vt 0.483979 0.562606
vt 0.484717 0.569194
vt 0.800041 0.651587
vt 0.804941 0.645997
vt 0.808710 0.641974
vt 0.811981 0.642656
vt 0.442670 0.575376
vt 0.440424 0.582108
vt 0.447544 0.569672
vt 0.447332 0.575580
vt 0.446406 0.582290
vt 0.451108 0.569228
vt 0.451732 0.575506
vt 0.451800 0.581958
vt 0.477415 0.572207
vt 0.471241 0.574973
vt 0.466030 0.577418
vt 0.461318 0.579447
vt 0.456598 0.580973
vt 0.476547 0.565665
vt 0.470158 0.568531
vt 0.464609 0.571108
vt 0.459841 0.573227
vt 0.455703 0.574717
vt 0.475310 0.558799
vt 0.468978 0.561581
vt 0.463339 0.564544
vt 0.458534 0.566981
vt 0.454635 0.568338
vt 0.786008 0.633656
vt 0.789576 0.629121
vt 0.781302 0.638059
vt 0.777107 0.641878
vt 0.772375 0.645034
vt 0.781802 0.626012
vt 0.778868 0.630580
vt 0.774312 0.634323
vt 0.770327 0.637859
vt 0.766870 0.641831
vt 0.773063 0.628396
vt 0.772498 0.623203
vt 0.767846 0.631015
vt 0.764260 0.634477
vt 0.760680 0.637887
vt 0.753805 0.634690
vt 0.758768 0.631521
vt 0.763966 0.627297
vt 0.834713 0.592874
vt 0.742968 0.631774
vt 0.749112 0.630043
vt 0.822789 0.584507
vt 0.810645 0.578459
vt 0.798418 0.573453
vt 0.785945 0.568586
vt 0.773229 0.564092
vt 0.760492 0.561239
vt 0.746854 0.560394
vt 0.736112 0.563993
vt 0.725037 0.566828
vt 0.655495 0.592680
vt 0.651608 0.582310
vt 0.655697 0.587117
vt 0.646172 0.575339
vt 0.639292 0.569131
vt 0.623368 0.562046
vt 0.629420 0.566017
vt 0.634674 0.563510
vt 0.617082 0.556547
vt 0.613678 0.551889
vt 0.606454 0.550378
vt 0.596533 0.548730
vt 0.586425 0.547040
vt 0.577902 0.546129
vt 0.568980 0.544512
vt 0.560012 0.542380
vt 0.549953 0.541926
vt 0.538638 0.539572
vt 0.525013 0.537708
vt 0.513125 0.538854
vt 0.501234 0.541026
vt 0.490760 0.543695
vt 0.481424 0.547393
vt 0.473670 0.550946
vt 0.466757 0.553841
vt 0.461783 0.557205
vt 0.457355 0.560455
vt 0.453239 0.562021
vt 0.449749 0.563854
vt 0.447046 0.565446
vt 0.442624 0.564317
vt 0.437546 0.561117
vt 0.430678 0.558753
vt 0.796778 0.627074
vt 0.424858 0.556404
vt 0.791776 0.624643
vt 0.418066 0.555371
vt 0.785177 0.621308
vt 0.945403 0.719906
vt 0.777954 0.617961
vt 0.938530 0.720109
vt 0.771216 0.613798
vt 0.766322 0.618397
vt 0.760751 0.622477
vt 0.755116 0.626321
vt 0.777054 0.609620
vt 0.760113 0.614471
vt 0.764415 0.610178
vt 0.757181 0.618420
vt 0.751663 0.619339
vt 0.746485 0.622032
vt 0.741035 0.622540
vt 0.838559 0.584219
vt 0.827060 0.578178
vt 0.814673 0.572553
vt 0.802136 0.567376
vt 0.789123 0.562355
vt 0.775890 0.557501
vt 0.762205 0.553952
vt 0.748231 0.552392
vt 0.734376 0.554076
vt 0.722832 0.557609
vt 0.662874 0.591600
vt 0.660809 0.584515
vt 0.657110 0.577290
vt 0.652184 0.570365
vt 0.646328 0.564733
vt 0.641709 0.559701
vt 0.629272 0.558185
vt 0.635809 0.553981
vt 0.624268 0.553152
vt 0.631305 0.548624
vt 0.618467 0.547925
vt 0.625757 0.544257
vt 0.753654 0.613209
vt 0.757670 0.607712
vt 0.747651 0.613773
vt 0.741549 0.614244
vt 0.842137 0.576116
vt 0.831279 0.570974
vt 0.819076 0.565635
vt 0.806359 0.560320
vt 0.793052 0.555160
vt 0.779304 0.549999
vt 0.764216 0.544722
vt 0.748858 0.544278
vt 0.734453 0.543921
vt 0.719341 0.547903
vt 0.670990 0.587593
vt 0.668102 0.581047
vt 0.663310 0.572609
vt 0.659160 0.564381
vt 0.652105 0.560038
vt 0.648814 0.554515
vt 0.640711 0.549447
vt 0.638219 0.544611
vt 0.631882 0.539876
vt 0.623792 0.534565
vt 0.619285 0.539488
vt 0.609963 0.543356
vt 0.599632 0.540899
vt 0.589144 0.537887
vt 0.579888 0.536931
vt 0.572723 0.534014
vt 0.561199 0.534801
vt 0.550993 0.532425
vt 0.539548 0.530683
vt 0.527925 0.529183
vt 0.511488 0.528875
vt 0.499734 0.531409
vt 0.488800 0.533790
vt 0.478473 0.537786
vt 0.470549 0.542062
vt 0.461437 0.544589
vt 0.459348 0.550880
vt 0.454316 0.552768
vt 0.449965 0.555952
vt 0.446314 0.559045
vt 0.441602 0.555883
vt 0.434502 0.553519
vt 0.427050 0.551193
vt 0.419365 0.549908
vt 0.946070 0.714683
vt 0.940633 0.715043
vt 0.934600 0.712415
vt 0.926673 0.712371
vt 0.770357 0.605354
vt 0.763316 0.601503
vt 0.916098 0.711487
vt 0.754630 0.599643
vt 0.905654 0.712785
vt 0.750840 0.606245
vt 0.898172 0.716254
vt 0.745781 0.599131
vt 0.743153 0.606541
vt 0.862066 0.554532
vt 0.854257 0.561683
vt 0.847645 0.568713
vt 0.842676 0.556128
vt 0.849717 0.548516
vt 0.836513 0.563608
vt 0.836446 0.542022
vt 0.830077 0.550295
vt 0.824221 0.558125
vt 0.816795 0.544494
vt 0.822598 0.535889
vt 0.811299 0.552594
vt 0.803243 0.539118
vt 0.808438 0.530198
vt 0.797981 0.547301
vt 0.794144 0.525266
vt 0.789788 0.534415
vt 0.784831 0.542400
vt 0.777453 0.530381
vt 0.779762 0.521471
vt 0.772317 0.537547
vt 0.758727 0.537908
vt 0.763386 0.532875
vt 0.748732 0.536066
vt 0.733471 0.534556
vt 0.768334 0.527724
vt 0.764150 0.519699
vt 0.717047 0.539657
vt 0.679236 0.584486
vt 0.675229 0.575868
vt 0.670132 0.569078
vt 0.664844 0.560214
vt 0.658376 0.555255
vt 0.653701 0.550317
vt 0.645264 0.544538
vt 0.641298 0.540799
vt 0.638194 0.535549
vt 0.629631 0.529813
vt 0.754454 0.528172
vt 0.741766 0.524376
vt 0.750207 0.514587
vt 0.070810 0.839861
vt 0.077742 0.843217
vt 0.086129 0.848064
vt 0.715528 0.533640
vt 0.067786 0.824665
vt 0.059351 0.816519
vt 0.053189 0.811299
vt 0.047681 0.802993
vt 0.041766 0.796742
vt 0.037195 0.791047
vt 0.030431 0.783489
vt 0.025286 0.779092
vt 0.642423 0.531989
vt 0.635888 0.527578
vt 0.080682 0.834564
vt 0.087122 0.837321
vt 0.074803 0.832015
vt 0.028263 0.768475
vt 0.639642 0.521883
vt 0.642473 0.512923
vt 0.030611 0.759413
vt 0.037329 0.752487
vt 0.646093 0.503406
vt 0.045850 0.745661
vt 0.650604 0.491747
vt 0.658459 0.482711
vt 0.052564 0.737729
vt 0.057716 0.727826
vt 0.669587 0.475292
vt 0.062689 0.718184
vt 0.680856 0.471398
vt 0.692228 0.474404
vt 0.065312 0.708023
vt 0.068812 0.698900
vt 0.730425 0.419938
vt 0.147345 0.836609
vt 0.739557 0.427338
vt 0.138395 0.833175
vt 0.738259 0.443645
vt 0.128718 0.830544
vt 0.735511 0.454216
vt 0.118632 0.830381
vt 0.737423 0.465438
vt 0.108944 0.833370
vt 0.738266 0.478314
vt 0.098441 0.838387
vt 0.740726 0.492963
vt 0.032027 0.773867
vt 0.036165 0.764272
vt 0.041294 0.757114
vt 0.051152 0.751735
vt 0.056904 0.742961
vt 0.063718 0.736221
vt 0.067364 0.728329
vt 0.072412 0.718363
vt 0.073979 0.710127
vt 0.073441 0.725686
vt 0.075993 0.701110
vt 0.150505 0.832077
vt 0.141776 0.827559
vt 0.131989 0.823946
vt 0.120380 0.821070
vt 0.109742 0.824803
vt 0.100391 0.827482
vt 0.091772 0.828150
vt 0.084527 0.826486
vt 0.079719 0.823637
vt 0.074003 0.818804
vt 0.066355 0.813919
vt 0.061442 0.806931
vt 0.054155 0.800488
vt 0.036781 0.781178
vt 0.042864 0.787382
vt 0.047119 0.792512
vt 0.042243 0.772260
vt 0.046746 0.763825
vt 0.055740 0.757726
vt 0.062632 0.748101
vt 0.067951 0.741741
vt 0.072784 0.735028
vt 0.079330 0.729804
vt 0.080932 0.719847
vt 0.082378 0.710955
vt 0.084116 0.702237
vt 0.154986 0.827171
vt 0.145960 0.821900
vt 0.136154 0.817400
vt 0.126920 0.814249
vt 0.108056 0.817451
vt 0.114966 0.814359
vt 0.120255 0.810059
vt 0.100537 0.819301
vt 0.093176 0.819946
vt 0.087349 0.821146
vt 0.084330 0.817272
vt 0.078783 0.812463
vt 0.072541 0.807430
vt 0.066711 0.801506
vt 0.060416 0.794776
vt 0.054490 0.788499
vt 0.048185 0.781077
vt 0.052337 0.774636
vt 0.057630 0.781965
vt 0.064922 0.789300
vt 0.071454 0.795366
vt 0.077650 0.801228
vt 0.084203 0.806414
vt 0.091223 0.811882
vt 0.099801 0.812472
vt 0.106027 0.811736
vt 0.110845 0.809273
vt 0.114922 0.805752
vt 0.059268 0.767977
vt 0.062523 0.775809
vt 0.068144 0.781998
vt 0.075708 0.789338
vt 0.082122 0.795264
vt 0.088121 0.800124
vt 0.094387 0.804394
vt 0.100382 0.806754
vt 0.104701 0.807864
vt 0.107142 0.805229
vt 0.102544 0.802008
vt 0.097226 0.798690
vt 0.091672 0.794577
vt 0.086174 0.789884
vt 0.080410 0.784614
vt 0.073273 0.777939
vt 0.068060 0.771160
vt 0.065252 0.764535
vt 0.065615 0.753372
vt 0.063033 0.758830
vt 0.071543 0.747197
vt 0.076186 0.741480
vt 0.082418 0.738475
vt 0.110340 0.801729
vt 0.105481 0.797827
vt 0.100353 0.793909
vt 0.095201 0.789572
vt 0.090007 0.784952
vt 0.084754 0.779848
vt 0.079181 0.774005
vt 0.074100 0.766599
vt 0.069568 0.760377
vt 0.073536 0.754562
vt 0.077170 0.760475
vt 0.078305 0.747960
vt 0.083086 0.768477
vt 0.088497 0.774950
vt 0.093587 0.780336
vt 0.098563 0.785114
vt 0.103593 0.789592
vt 0.108695 0.793900
vt 0.113772 0.798015
vt 0.118709 0.801921
vt 0.124227 0.805594
vt 0.130660 0.808524
vt 0.140217 0.809804
vt 0.150426 0.815589
vt 0.160050 0.821485
vt 0.092861 0.701546
vt 0.091130 0.710892
vt 0.089377 0.720131
vt 0.087905 0.728703
vt 0.089331 0.736405
vt 0.085100 0.745687
vt 0.091962 0.743936
vt 0.082887 0.756280
vt 0.088536 0.753214
vt 0.095290 0.751196
vt 0.087771 0.763973
vt 0.092927 0.760614
vt 0.098755 0.757541
vt 0.092745 0.770671
vt 0.097564 0.766762
vt 0.102690 0.763268
vt 0.097581 0.776055
vt 0.102114 0.772039
vt 0.106771 0.768374
vt 0.102373 0.780816
vt 0.106683 0.776799
vt 0.110967 0.773051
vt 0.107303 0.785395
vt 0.111446 0.781411
vt 0.115545 0.777393
vt 0.112372 0.789887
vt 0.116234 0.785872
vt 0.120343 0.781704
vt 0.117329 0.794123
vt 0.121197 0.790171
vt 0.125245 0.786019
vt 0.122351 0.798056
vt 0.126139 0.794270
vt 0.130307 0.790220
vt 0.127310 0.801735
vt 0.131188 0.798408
vt 0.135546 0.794481
vt 0.131317 0.804447
vt 0.135892 0.802963
vt 0.141153 0.799083
vt 0.147438 0.804362
vt 0.155937 0.809684
vt 0.164816 0.815234
vt 0.101474 0.700563
vt 0.099474 0.709966
vt 0.097796 0.721046
vt 0.093605 0.727998
vt 0.095233 0.733787
vt 0.097696 0.740952
vt 0.100716 0.747941
vt 0.104181 0.754182
vt 0.107801 0.759800
vt 0.111445 0.764866
vt 0.115132 0.769245
vt 0.119792 0.772757
vt 0.124611 0.777114
vt 0.129619 0.781482
vt 0.134739 0.785661
vt 0.140059 0.789874
vt 0.145958 0.794171
vt 0.152739 0.798830
vt 0.160769 0.803628
vt 0.169098 0.808757
vt 0.110039 0.698401
vt 0.107886 0.708009
vt 0.106453 0.717669
vt 0.107143 0.725931
vt 0.100681 0.729593
vt 0.103114 0.737180
vt 0.109463 0.733183
vt 0.105988 0.744304
vt 0.111680 0.740824
vt 0.109446 0.750599
vt 0.114995 0.746895
vt 0.112982 0.756379
vt 0.118341 0.752896
vt 0.116121 0.761648
vt 0.121453 0.759076
vt 0.118456 0.765853
vt 0.124005 0.766351
vt 0.129351 0.771949
vt 0.134229 0.776492
vt 0.139305 0.780685
vt 0.144665 0.784765
vt 0.150644 0.788758
vt 0.157249 0.792657
vt 0.165016 0.797019
vt 0.173523 0.801798
vt 0.118852 0.696820
vt 0.116132 0.706505
vt 0.113778 0.716143
vt 0.112346 0.723379
vt 0.116444 0.727920
vt 0.117363 0.736994
vt 0.120092 0.742798
vt 0.123555 0.748609
vt 0.127108 0.755009
vt 0.130781 0.761510
vt 0.134819 0.766856
vt 0.139035 0.771348
vt 0.143896 0.775594
vt 0.149334 0.779336
vt 0.155265 0.782968
vt 0.161686 0.786441
vt 0.169351 0.790027
vt 0.177998 0.794331
vt 0.127685 0.696285
vt 0.124641 0.705724
vt 0.120343 0.717060
vt 0.126726 0.718782
vt 0.122786 0.728065
vt 0.121527 0.734714
vt 0.124413 0.738081
vt 0.128322 0.743232
vt 0.132312 0.750232
vt 0.136527 0.756810
vt 0.140295 0.761840
vt 0.143884 0.766092
vt 0.148514 0.770142
vt 0.154206 0.774285
vt 0.159847 0.777384
vt 0.166101 0.780226
vt 0.173897 0.783132
vt 0.182545 0.786489
vt 0.136221 0.697002
vt 0.132006 0.707045
vt 0.132060 0.721368
vt 0.127725 0.729662
vt 0.133201 0.735348
vt 0.137098 0.744848
vt 0.141525 0.752010
vt 0.145392 0.757085
vt 0.149114 0.761423
vt 0.153370 0.765328
vt 0.158425 0.769026
vt 0.164779 0.772059
vt 0.171293 0.774215
vt 0.179024 0.776114
vt 0.188610 0.778163
vt 0.144344 0.699556
vt 0.139098 0.708746
vt 0.138152 0.722826
vt 0.146222 0.713630
vt 0.151948 0.704460
vt 0.194587 0.766664
vt 0.183855 0.766896
vt 0.176238 0.766731
vt 0.169425 0.766153
vt 0.162964 0.763818
vt 0.157956 0.760672
vt 0.154265 0.757355
vt 0.150504 0.752528
vt 0.146617 0.747224
vt 0.143384 0.740399
vt 0.141247 0.732983
vt 0.143704 0.724556
vt 0.150334 0.717501
vt 0.157381 0.710607
vt 0.194734 0.754062
vt 0.186316 0.756958
vt 0.179500 0.758464
vt 0.172746 0.758196
vt 0.166029 0.757259
vt 0.162267 0.755385
vt 0.158995 0.752096
vt 0.156014 0.748014
vt 0.152548 0.742695
vt 0.150245 0.736686
vt 0.148657 0.730983
vt 0.148977 0.725815
vt 0.154211 0.722277
vt 0.161471 0.717582
vt 0.190700 0.742857
vt 0.184701 0.748352
vt 0.179220 0.750953
vt 0.173926 0.751569
vt 0.168462 0.751101
vt 0.165276 0.751472
vt 0.164348 0.747959
vt 0.162383 0.743249
vt 0.159296 0.738611
vt 0.157164 0.733101
vt 0.155858 0.727681
vt 0.163267 0.724530
vt 0.183044 0.735689
vt 0.180480 0.741658
vt 0.176448 0.744886
vt 0.173370 0.747054
vt 0.169517 0.745493
vt 0.172514 0.740736
vt 0.176011 0.738282
vt 0.176096 0.733699
vt 0.164621 0.730371
vt 0.166337 0.735669
vt 0.168317 0.740684
vt 0.171159 0.735198
vt 0.857026 0.539666
vt 0.884481 0.711859
vt 0.881139 0.703478
vt 0.863326 0.529576
vt 0.754655 0.500046
vt 0.756710 0.485761
vt 0.755077 0.471531
vt 0.755196 0.456072
vt 0.755476 0.446696
vt 0.753777 0.430404
vt 0.777837 0.436007
vt 0.776410 0.450903
vt 0.887099 0.475337
vt 0.910878 0.487682
vt 0.897069 0.495491
vt 0.878323 0.488100
vt 0.860717 0.677943
vt 0.854079 0.675297
vt 0.870330 0.686069
vt 0.880253 0.507143
vt 0.870332 0.519063
vt 0.877250 0.694429
vt 0.843109 0.532875
vt 0.849793 0.522704
vt 0.857532 0.511825
vt 0.867032 0.500366
vt 0.819274 0.463488
vt 0.825021 0.447268
vt 0.848194 0.457047
vt 0.840278 0.471466
vt 0.797643 0.456949
vt 0.800922 0.441968
vt 0.868064 0.466269
vt 0.859853 0.479710
vt 0.774310 0.464220
vt 0.794037 0.470862
vt 0.813626 0.477729
vt 0.832780 0.484785
vt 0.850755 0.492482
vt 0.828814 0.526425
vt 0.813924 0.520190
vt 0.798756 0.514686
vt 0.768410 0.505734
vt 0.783533 0.509999
vt 0.835357 0.515985
vt 0.842653 0.504733
vt 0.819663 0.509179
vt 0.825951 0.497344
vt 0.803518 0.503049
vt 0.808391 0.490717
vt 0.787234 0.497510
vt 0.790580 0.484445
vt 0.771113 0.492091
vt 0.772645 0.478403
vt 0.661572 0.468618
vt 0.667138 0.460218
vt 0.647514 0.468178
vt 0.651959 0.457887
vt 0.602312 0.452453
vt 0.598737 0.462071
vt 0.585309 0.462475
vt 0.588453 0.452814
vt 0.533061 0.455633
vt 0.530681 0.466569
vt 0.516923 0.470419
vt 0.518401 0.459329
vt 0.461832 0.474031
vt 0.459733 0.486267
vt 0.448468 0.488061
vt 0.449452 0.477031
vt 0.427526 0.490669
vt 0.981050 0.674164
vt 0.984581 0.667304
vt 0.426724 0.482091
vt 0.427405 0.502273
vt 0.975758 0.681370
vt 0.427545 0.514057
vt 0.969948 0.688704
vt 0.427432 0.525473
vt 0.961027 0.695052
vt 0.424234 0.535683
vt 0.953600 0.701763
vt 0.420763 0.542981
vt 0.950390 0.708489
vt 0.429334 0.544052
vt 0.431785 0.536638
vt 0.434661 0.527090
vt 0.437811 0.515070
vt 0.437834 0.502881
vt 0.438583 0.479579
vt 0.438348 0.489028
vt 0.437184 0.546897
vt 0.444770 0.550309
vt 0.450760 0.544447
vt 0.440478 0.539528
vt 0.442622 0.530388
vt 0.451902 0.532845
vt 0.460834 0.534206
vt 0.468010 0.534392
vt 0.473299 0.526945
vt 0.485153 0.523725
vt 0.446756 0.517833
vt 0.448585 0.503689
vt 0.458816 0.504777
vt 0.454579 0.520157
vt 0.462674 0.523319
vt 0.464311 0.513593
vt 0.471958 0.472241
vt 0.470363 0.483887
vt 0.469929 0.498834
vt 0.482840 0.510598
vt 0.471963 0.512578
vt 0.481187 0.496247
vt 0.483408 0.469381
vt 0.481665 0.480942
vt 0.496813 0.521284
vt 0.493913 0.509032
vt 0.492028 0.494486
vt 0.494239 0.466214
vt 0.492780 0.478617
vt 0.508822 0.519809
vt 0.505268 0.508200
vt 0.502697 0.493918
vt 0.505379 0.463143
vt 0.504488 0.476591
vt 0.522518 0.518967
vt 0.517046 0.507656
vt 0.512585 0.494511
vt 0.511504 0.483221
vt 0.518840 0.480346
vt 0.522071 0.492749
vt 0.527305 0.505630
vt 0.533359 0.518585
vt 0.529639 0.477474
vt 0.532549 0.490029
vt 0.537992 0.502893
vt 0.544309 0.516497
vt 0.546612 0.454651
vt 0.543653 0.464818
vt 0.542639 0.475879
vt 0.545156 0.487996
vt 0.550126 0.499655
vt 0.554725 0.511794
vt 0.558382 0.521347
vt 0.561977 0.526396
vt 0.573843 0.524953
vt 0.605213 0.532785
vt 0.591783 0.528678
vt 0.582840 0.526207
vt 0.615421 0.527257
vt 0.625281 0.520767
vt 0.631166 0.508544
vt 0.636378 0.496934
vt 0.654274 0.478083
vt 0.643665 0.482583
vt 0.634654 0.466633
vt 0.639232 0.456132
vt 0.570703 0.517438
vt 0.582684 0.517259
vt 0.593702 0.519925
vt 0.603046 0.523870
vt 0.608115 0.519108
vt 0.614146 0.511730
vt 0.622662 0.464722
vt 0.626721 0.454562
vt 0.619391 0.501803
vt 0.624436 0.490825
vt 0.629872 0.478603
vt 0.597348 0.512460
vt 0.603076 0.504730
vt 0.610855 0.462935
vt 0.614947 0.453406
vt 0.608108 0.495625
vt 0.613059 0.485887
vt 0.618009 0.475386
vt 0.583377 0.506169
vt 0.592166 0.498271
vt 0.597322 0.489883
vt 0.602894 0.481865
vt 0.606755 0.472829
vt 0.595906 0.471490
vt 0.568070 0.508103
vt 0.563302 0.497229
vt 0.585003 0.492442
vt 0.576221 0.495201
vt 0.595070 0.479041
vt 0.586805 0.483850
vt 0.559092 0.486268
vt 0.572896 0.484902
vt 0.560457 0.453689
vt 0.556770 0.463429
vt 0.556806 0.475002
vt 0.574901 0.452942
vt 0.571659 0.463189
vt 0.571078 0.474038
vt 0.584471 0.472969
vt 0.403990 0.475743
vt 0.988902 0.655412
vt 0.987375 0.662177
vt 0.418163 0.474007
vt 0.891952 0.708775
vt 0.887799 0.700226
vt 0.883884 0.691191
vt 0.879673 0.682644
vt 0.904881 0.705140
vt 0.941201 0.706169
vt 0.934444 0.705582
vt 0.927400 0.705033
vt 0.915690 0.704121
vt 0.897817 0.697030
vt 0.941547 0.698633
vt 0.947530 0.701530
vt 0.950186 0.695977
vt 0.935252 0.698471
vt 0.927164 0.697925
vt 0.918595 0.697730
vt 0.910371 0.698369
vt 0.904290 0.692848
vt 0.893815 0.688106
vt 0.889432 0.678598
vt 0.902591 0.684743
vt 0.899692 0.677297
vt 0.868710 0.673325
vt 0.880030 0.669121
vt 0.890320 0.666451
vt 0.862219 0.668660
vt 0.873667 0.664308
vt 0.883113 0.660419
vt 0.993423 0.641859
vt 0.991932 0.630876
vt 0.864788 0.660530
vt 0.872367 0.657662
vt 0.878712 0.653962
vt 0.983703 0.655035
vt 0.984171 0.648705
vt 0.984955 0.641598
vt 0.983104 0.633265
vt 0.978366 0.660527
vt 0.975209 0.666123
vt 0.970621 0.673836
vt 0.963464 0.681909
vt 0.956013 0.689087
vt 0.943119 0.692930
vt 0.936138 0.690376
vt 0.927708 0.689781
vt 0.919819 0.690681
vt 0.911693 0.689282
vt 0.908882 0.680134
vt 0.916281 0.682756
vt 0.925238 0.683566
vt 0.933574 0.683335
vt 0.943385 0.685763
vt 0.945734 0.677645
vt 0.953242 0.680757
vt 0.957328 0.677300
vt 0.936390 0.676770
vt 0.926922 0.675793
vt 0.915987 0.674375
vt 0.909069 0.671886
vt 0.902273 0.670795
vt 0.897993 0.663581
vt 0.890395 0.657766
vt 0.886219 0.651587
vt 0.975318 0.637394
vt 0.977313 0.643793
vt 0.978188 0.650338
vt 0.970624 0.646813
vt 0.968752 0.641615
vt 0.972724 0.652384
vt 0.974203 0.658344
vt 0.961821 0.644879
vt 0.962847 0.649350
vt 0.964649 0.654457
vt 0.968248 0.660629
vt 0.963952 0.667663
vt 0.957826 0.660942
vt 0.951657 0.670006
vt 0.941913 0.667830
vt 0.950284 0.657737
vt 0.929880 0.665436
vt 0.917903 0.665739
vt 0.908175 0.664726
vt 0.899399 0.657541
vt 0.906806 0.658205
vt 0.894108 0.654783
vt 0.916396 0.658496
vt 0.927118 0.657688
vt 0.939364 0.659447
vt 0.937118 0.653886
vt 0.948072 0.650075
vt 0.958286 0.639065
vt 0.965001 0.636060
vt 0.946520 0.642956
vt 0.936181 0.647092
vt 0.925227 0.650885
vt 0.915339 0.652162
vt 0.905816 0.651529
vt 0.899060 0.653144
vt 0.894043 0.649629
vt 0.882695 0.643916
vt 0.890515 0.641639
vt 0.873754 0.646195
vt 0.870248 0.651655
vt 0.864175 0.652021
vt 0.987971 0.622155
vt 0.978451 0.625976
vt 0.971938 0.631808
vt 0.897759 0.638826
vt 0.900783 0.645655
vt 0.904759 0.636127
vt 0.906732 0.642229
vt 0.908865 0.646688
vt 0.915017 0.646143
vt 0.913551 0.640301
vt 0.912107 0.634158
vt 0.923733 0.644352
vt 0.921850 0.638414
vt 0.920466 0.632346
vt 0.933405 0.641088
vt 0.931232 0.635793
vt 0.929755 0.630333
vt 0.944009 0.637187
vt 0.942139 0.632608
vt 0.940103 0.627696
vt 0.954220 0.634154
vt 0.951848 0.629617
vt 0.949420 0.624582
vt 0.961508 0.631517
vt 0.959505 0.626847
vt 0.957740 0.621742
vt 0.966331 0.624213
vt 0.965806 0.619158
vt 0.968200 0.628205
vt 0.972710 0.625475
vt 0.971231 0.622488
vt 0.974800 0.618082
vt 0.984751 0.613718
vt 0.864507 0.644629
vt 0.872452 0.636845
vt 0.880524 0.635700
vt 0.888154 0.633900
vt 0.895777 0.631662
vt 0.903198 0.629541
vt 0.910887 0.627614
vt 0.919293 0.625803
vt 0.928271 0.623819
vt 0.938231 0.621377
vt 0.947425 0.618689
vt 0.955730 0.615626
vt 0.963997 0.612546
vt 0.972681 0.609350
vt 0.981236 0.605137
vt 0.863746 0.636566
vt 0.863151 0.628778
vt 0.871397 0.628846
vt 0.976929 0.597338
vt 0.969555 0.601743
vt 0.961663 0.605529
vt 0.953637 0.609048
vt 0.945452 0.612175
vt 0.936764 0.614784
vt 0.927466 0.616945
vt 0.918352 0.619074
vt 0.909941 0.620985
vt 0.902103 0.622826
vt 0.894208 0.624665
vt 0.886510 0.626558
vt 0.879097 0.627984
vt 0.901162 0.616603
vt 0.909329 0.614874
vt 0.917892 0.612860
vt 0.926707 0.610600
vt 0.935462 0.608270
vt 0.943781 0.605675
vt 0.951612 0.602515
vt 0.959102 0.599003
vt 0.966084 0.595075
vt 0.972528 0.590535
vt 0.862934 0.621464
vt 0.870676 0.621412
vt 0.877890 0.620726
vt 0.893192 0.618160
vt 0.885235 0.619589
vt 0.884048 0.612910
vt 0.892035 0.612101
vt 0.876895 0.613758
vt 0.870101 0.614346
vt 0.863167 0.614485
vt 0.968128 0.584222
vt 0.962545 0.588873
vt 0.956433 0.592801
vt 0.949647 0.596266
vt 0.942246 0.599389
vt 0.934613 0.602047
vt 0.926635 0.604418
vt 0.918049 0.606667
vt 0.909225 0.609007
vt 0.900511 0.610734
vt 0.875790 0.606910
vt 0.882563 0.606289
vt 0.869414 0.607530
vt 0.863675 0.607823
vt 0.963268 0.578208
vt 0.958811 0.583020
vt 0.953585 0.586959
vt 0.947713 0.590278
vt 0.941145 0.593303
vt 0.934103 0.595786
vt 0.926631 0.597560
vt 0.918433 0.599986
vt 0.909305 0.602933
vt 0.899958 0.604925
vt 0.890628 0.605709
vt 0.880269 0.599171
vt 0.888989 0.598009
vt 0.874228 0.599984
vt 0.868748 0.600616
vt 0.864254 0.600273
vt 0.958430 0.573231
vt 0.955152 0.577848
vt 0.950926 0.581524
vt 0.945879 0.584654
vt 0.940266 0.587335
vt 0.933947 0.589225
vt 0.926559 0.589684
vt 0.918522 0.591346
vt 0.909563 0.596165
vt 0.899849 0.598877
vt 0.952748 0.559457
vt 0.953543 0.565516
vt 0.934089 0.583075
vt 0.939337 0.581469
vt 0.929476 0.584066
vt 0.918885 0.584366
vt 0.924248 0.584626
vt 0.926712 0.579149
vt 0.944103 0.579168
vt 0.948379 0.576322
vt 0.952087 0.573278
vt 0.954502 0.570576
vt 0.951610 0.553757
vt 0.950694 0.547222
vt 0.883245 0.589870
vt 0.892760 0.591721
vt 0.888061 0.586622
vt 0.900551 0.592441
vt 0.909563 0.589688
vt 0.919972 0.577851
vt 0.913584 0.581893
vt 0.913516 0.577657
vt 0.908852 0.584275
vt 0.900846 0.585364
vt 0.894361 0.587122
vt 0.891709 0.583793
vt 0.908196 0.578655
vt 0.897361 0.581335
vt 0.903651 0.579784
vt 0.900473 0.578575
vt 0.933170 0.576984
vt 0.938154 0.576027
vt 0.942124 0.573888
vt 0.945962 0.571176
vt 0.949629 0.568248
vt 0.947729 0.562602
vt 0.943265 0.565914
vt 0.939752 0.569224
vt 0.936989 0.571740
vt 0.932663 0.570217
vt 0.926502 0.571464
vt 0.920302 0.571700
vt 0.913560 0.571828
vt 0.907888 0.573042
vt 0.904173 0.574854
vt 0.900442 0.574955
vt 0.896388 0.576833
vt 0.890974 0.578396
vt 0.885869 0.581012
vt 0.880873 0.582489
vt 0.944394 0.548881
vt 0.945948 0.555969
vt 0.940037 0.559857
vt 0.936040 0.565322
vt 0.930200 0.566382
vt 0.926061 0.566449
vt 0.920345 0.565997
vt 0.913623 0.566048
vt 0.906448 0.566671
vt 0.903098 0.569878
vt 0.898207 0.569839
vt 0.894933 0.573172
vt 0.890639 0.573400
vt 0.885356 0.574472
vt 0.879979 0.575298
vt 0.939548 0.551772
vt 0.931641 0.562794
vt 0.934024 0.557824
vt 0.933571 0.552413
vt 0.880883 0.569611
vt 0.886282 0.568853
vt 0.892116 0.568562
vt 0.928783 0.557513
vt 0.928657 0.552628
vt 0.923750 0.554004
vt 0.924471 0.557225
vt 0.926850 0.561670
vt 0.921222 0.560293
vt 0.919141 0.556149
vt 0.913500 0.557971
vt 0.914513 0.561122
vt 0.909428 0.560966
vt 0.583195 0.385074
vt 0.597066 0.385682
vt 0.596481 0.398330
vt 0.582672 0.397759
vt 0.636450 0.387488
vt 0.649385 0.388353
vt 0.648456 0.402116
vt 0.635615 0.400895
vt 0.740367 0.334288
vt 0.755373 0.338598
vt 0.752288 0.355324
vt 0.738259 0.351126
vt 0.794445 0.349863
vt 0.817901 0.356745
vt 0.814815 0.373221
vt 0.791061 0.366535
vt 0.842838 0.363885
vt 0.868983 0.371281
vt 0.865268 0.387186
vt 0.839253 0.380241
vt 0.418887 0.403665
vt 0.935901 0.403994
vt 0.402837 0.386035
vt 0.422483 0.388676
vt 0.510584 0.396384
vt 0.499135 0.398166
vt 0.501097 0.385031
vt 0.512294 0.383500
vt 0.586934 0.339692
vt 0.589860 0.323305
vt 0.602847 0.324608
vt 0.600366 0.340525
vt 0.638466 0.341877
vt 0.639870 0.326718
vt 0.652343 0.327129
vt 0.651270 0.342416
vt 0.748108 0.279353
vt 0.751490 0.261997
vt 0.767775 0.266865
vt 0.764266 0.284333
vt 0.804780 0.295514
vt 0.808516 0.277655
vt 0.831873 0.283037
vt 0.828111 0.301476
vt 0.513136 0.334827
vt 0.519433 0.315512
vt 0.528931 0.316127
vt 0.522544 0.335200
vt 0.420567 0.327001
vt 0.428262 0.305449
vt 0.446569 0.310207
vt 0.439735 0.331266
vt 0.856387 0.288321
vt 0.882204 0.292621
vt 0.879671 0.312749
vt 0.853276 0.307430
vt 0.580025 0.431734
vt 0.581266 0.420142
vt 0.594979 0.421068
vt 0.593728 0.432248
vt 0.633845 0.424069
vt 0.646309 0.425367
vt 0.645010 0.436064
vt 0.632146 0.434661
vt 0.735326 0.379889
vt 0.747667 0.383939
vt 0.744579 0.398669
vt 0.733547 0.394143
vt 0.782859 0.408789
vt 0.785787 0.394970
vt 0.809563 0.401356
vt 0.806722 0.415027
vt 0.833795 0.408013
vt 0.858157 0.415136
vt 0.854507 0.429471
vt 0.830277 0.421519
vt 0.393317 0.428139
vt 0.411516 0.429728
vt 0.406296 0.445073
vt 0.389873 0.443266
vt 0.493801 0.436353
vt 0.495465 0.422499
vt 0.507792 0.420208
vt 0.506701 0.433460
vt 0.764382 0.389184
vt 0.761112 0.403541
vt 0.772896 0.343728
vt 0.769335 0.360519
vt 0.786568 0.272179
vt 0.783316 0.289751
vt 0.757316 0.417163
vt 0.779619 0.422680
vt 0.802875 0.428381
vt 0.827510 0.435404
vt 0.907840 0.295208
vt 0.905493 0.317044
vt 0.893360 0.377745
vt 0.889326 0.393540
vt 0.880453 0.422113
vt 0.875998 0.437168
vt 0.931641 0.296167
vt 0.929679 0.319740
vt 0.911782 0.399123
vt 0.916091 0.383215
vt 0.901892 0.428250
vt 0.895344 0.443495
vt 0.851428 0.444469
vt 0.872513 0.452560
vt 0.891638 0.460046
vt 0.910403 0.467973
vt 0.401087 0.459628
vt 0.419716 0.460264
vt 0.463830 0.313134
vt 0.457038 0.333731
vt 0.440194 0.405781
vt 0.442954 0.390667
vt 0.426379 0.447186
vt 0.432374 0.431858
vt 0.433114 0.468951
vt 0.434059 0.459513
vt 0.449575 0.431598
vt 0.444698 0.447742
vt 0.456593 0.405092
vt 0.458877 0.390312
vt 0.479391 0.314174
vt 0.471607 0.334629
vt 0.741496 0.413541
vt 0.724075 0.376114
vt 0.723472 0.390385
vt 0.726473 0.330354
vt 0.702522 0.412987
vt 0.733971 0.274756
vt 0.737211 0.257532
vt 0.732902 0.407524
vt 0.688835 0.434600
vt 0.687888 0.447224
vt 0.690264 0.394656
vt 0.689705 0.409469
vt 0.692359 0.345192
vt 0.692615 0.329420
vt 0.694320 0.463359
vt 0.673250 0.429798
vt 0.671632 0.440546
vt 0.676240 0.391738
vt 0.675224 0.406086
vt 0.678660 0.328246
vt 0.678193 0.343847
vt 0.684948 0.459249
vt 0.670712 0.450759
vt 0.665206 0.327580
vt 0.664385 0.342957
vt 0.662574 0.389708
vt 0.661511 0.403751
vt 0.659288 0.427082
vt 0.657737 0.437875
vt 0.655760 0.447512
vt 0.642200 0.445893
vt 0.621500 0.422963
vt 0.620304 0.433681
vt 0.624036 0.386853
vt 0.623236 0.399869
vt 0.626378 0.341587
vt 0.627848 0.326299
vt 0.608790 0.422017
vt 0.607545 0.432786
vt 0.610963 0.386157
vt 0.610330 0.399091
vt 0.615622 0.325630
vt 0.613721 0.341177
vt 0.630196 0.444745
vt 0.617931 0.443623
vt 0.605696 0.442986
vt 0.591810 0.442491
vt 0.565401 0.431162
vt 0.566471 0.419187
vt 0.568588 0.384518
vt 0.567963 0.396945
vt 0.573278 0.338616
vt 0.576802 0.321700
vt 0.578419 0.442386
vt 0.550178 0.430385
vt 0.551190 0.418422
vt 0.553629 0.383530
vt 0.552831 0.395950
vt 0.559574 0.337385
vt 0.563548 0.320036
vt 0.564583 0.442723
vt 0.535447 0.430071
vt 0.536173 0.417824
vt 0.538842 0.382853
vt 0.537991 0.395223
vt 0.546286 0.336264
vt 0.550825 0.318373
vt 0.521150 0.418198
vt 0.520295 0.430828
vt 0.524685 0.382646
vt 0.523622 0.395236
vt 0.539178 0.317060
vt 0.533447 0.335580
vt 0.549782 0.442079
vt 0.535557 0.442585
vt 0.520425 0.444070
vt 0.447946 0.464903
vt 0.482497 0.439102
vt 0.484686 0.424941
vt 0.489107 0.399892
vt 0.491409 0.386419
vt 0.503847 0.334775
vt 0.510308 0.315124
vt 0.471435 0.441579
vt 0.474202 0.427185
vt 0.479311 0.401644
vt 0.481875 0.387814
vt 0.494314 0.334876
vt 0.500995 0.314856
vt 0.460032 0.444157
vt 0.463277 0.429261
vt 0.468933 0.403329
vt 0.471480 0.389208
vt 0.483826 0.334886
vt 0.490958 0.314568
vt 0.506342 0.448254
vt 0.493500 0.451614
vt 0.481398 0.454675
vt 0.469165 0.457155
vt 0.459329 0.459743
vt 0.622465 0.411831
vt 0.609545 0.410911
vt 0.634825 0.412953
vt 0.647514 0.414364
vt 0.660435 0.416214
vt 0.674245 0.418857
vt 0.688934 0.422842
vt 0.724277 0.362637
vt 0.736703 0.366230
vt 0.750083 0.370430
vt 0.766475 0.375447
vt 0.788199 0.381380
vt 0.812184 0.387867
vt 0.836653 0.394747
vt 0.861656 0.401729
vt 0.885055 0.408065
vt 0.907216 0.413860
vt 0.396346 0.415101
vt 0.415579 0.417416
vt 0.436772 0.419362
vt 0.453125 0.418341
vt 0.466027 0.416550
vt 0.476743 0.414550
vt 0.486905 0.412561
vt 0.497315 0.410483
vt 0.509141 0.408418
vt 0.522217 0.406833
vt 0.537076 0.406800
vt 0.552052 0.407536
vt 0.567311 0.408583
vt 0.582127 0.409454
vt 0.595871 0.410185
vt 0.611672 0.371889
vt 0.624723 0.372266
vt 0.637299 0.372792
vt 0.650179 0.373510
vt 0.663382 0.374640
vt 0.676964 0.376321
vt 0.690759 0.378622
vt 0.728891 0.312086
vt 0.743110 0.316326
vt 0.758631 0.320662
vt 0.776883 0.325804
vt 0.797952 0.331829
vt 0.821215 0.338570
vt 0.846640 0.345626
vt 0.872838 0.353128
vt 0.898199 0.360502
vt 0.919834 0.365777
vt 0.406880 0.368915
vt 0.427057 0.371359
vt 0.446189 0.373199
vt 0.461812 0.373350
vt 0.474321 0.372525
vt 0.484878 0.371629
vt 0.494459 0.370762
vt 0.504109 0.369781
vt 0.514411 0.369074
vt 0.526721 0.368474
vt 0.540326 0.368740
vt 0.554715 0.369474
vt 0.569404 0.370488
vt 0.583932 0.371038
vt 0.597788 0.371550
vt 0.612498 0.356619
vt 0.625476 0.357015
vt 0.637906 0.357443
vt 0.650804 0.358037
vt 0.663970 0.358900
vt 0.677611 0.360140
vt 0.691488 0.362026
vt 0.731193 0.293461
vt 0.745708 0.297836
vt 0.761594 0.302448
vt 0.780072 0.307646
vt 0.801368 0.313518
vt 0.824872 0.319924
vt 0.850231 0.326525
vt 0.876440 0.332988
vt 0.901882 0.338958
vt 0.925431 0.343167
vt 0.412709 0.348363
vt 0.432642 0.351763
vt 0.450754 0.354031
vt 0.465822 0.354486
vt 0.478244 0.354113
vt 0.488963 0.353639
vt 0.498734 0.353176
vt 0.508353 0.352765
vt 0.518204 0.352709
vt 0.529695 0.352666
vt 0.542852 0.353061
vt 0.556569 0.353900
vt 0.570885 0.354821
vt 0.585032 0.355606
vt 0.598859 0.356159
vt 0.618537 0.309794
vt 0.630338 0.310730
vt 0.642127 0.311432
vt 0.654066 0.311991
vt 0.666362 0.312518
vt 0.679161 0.313160
vt 0.692328 0.314029
vt 0.740311 0.240485
vt 0.755024 0.244952
vt 0.771659 0.249748
vt 0.790593 0.254700
vt 0.812203 0.259699
vt 0.835131 0.264354
vt 0.858753 0.268544
vt 0.882950 0.272080
vt 0.907890 0.273789
vt 0.931200 0.273879
vt 0.435207 0.285470
vt 0.453190 0.290930
vt 0.469522 0.294312
vt 0.484444 0.295943
vt 0.496112 0.296934
vt 0.506491 0.297338
vt 0.516207 0.297297
vt 0.525535 0.297445
vt 0.535102 0.297620
vt 0.545334 0.298292
vt 0.556455 0.299773
vt 0.568521 0.301880
vt 0.581096 0.304303
vt 0.593682 0.306482
vt 0.606256 0.308297
vt 0.622451 0.294005
vt 0.633726 0.295310
vt 0.644849 0.296252
vt 0.656126 0.297034
vt 0.667581 0.297684
vt 0.679549 0.298392
vt 0.691907 0.299027
vt 0.704571 0.299412
vt 0.759031 0.228020
vt 0.775764 0.232436
vt 0.794475 0.237062
vt 0.815494 0.241675
vt 0.837715 0.245859
vt 0.860610 0.249347
vt 0.883517 0.252082
vt 0.907704 0.253501
vt 0.930456 0.253146
vt 0.950876 0.250577
vt 0.460131 0.273506
vt 0.475449 0.277425
vt 0.489342 0.279670
vt 0.501022 0.280921
vt 0.511499 0.281405
vt 0.521464 0.281400
vt 0.531037 0.281260
vt 0.540627 0.281147
vt 0.550645 0.281359
vt 0.561590 0.282264
vt 0.573364 0.284438
vt 0.585743 0.287159
vt 0.598097 0.289881
vt 0.610612 0.292190
vt 0.509112 0.229207
vt 0.519655 0.228778
vt 0.515547 0.240289
vt 0.505006 0.239952
vt 0.589008 0.230579
vt 0.586774 0.243154
vt 0.572974 0.242112
vt 0.576749 0.229435
vt 0.614741 0.234025
vt 0.626437 0.235823
vt 0.625098 0.248543
vt 0.613178 0.246325
vt 0.656198 0.239164
vt 0.665174 0.239671
vt 0.663156 0.254097
vt 0.654303 0.253066
vt 0.488460 0.228767
vt 0.498931 0.230597
vt 0.494303 0.239062
vt 0.482464 0.236153
vt 0.473804 0.222396
vt 0.468337 0.230201
vt 0.926709 0.205054
vt 0.925193 0.194915
vt 0.884488 0.190186
vt 0.905169 0.193693
vt 0.906511 0.205340
vt 0.884823 0.203007
vt 0.698656 0.246340
vt 0.774417 0.167973
vt 0.772142 0.181931
vt 0.760286 0.179719
vt 0.818051 0.173996
vt 0.819203 0.190023
vt 0.800032 0.186507
vt 0.799786 0.170901
vt 0.839069 0.178512
vt 0.860798 0.183826
vt 0.861827 0.198830
vt 0.839830 0.194407
vt 0.500192 0.251454
vt 0.510981 0.252444
vt 0.506113 0.265985
vt 0.494616 0.264642
vt 0.569413 0.253772
vt 0.582249 0.255109
vt 0.577780 0.268264
vt 0.565551 0.266501
vt 0.609018 0.259568
vt 0.621216 0.262146
vt 0.615973 0.276669
vt 0.603474 0.274053
vt 0.488461 0.249529
vt 0.481735 0.262280
vt 0.928049 0.218013
vt 0.461156 0.239995
vt 0.948518 0.231418
vt 0.929257 0.234247
vt 0.885221 0.217345
vt 0.907200 0.218747
vt 0.907141 0.234797
vt 0.884515 0.233687
vt 0.799525 0.202851
vt 0.819335 0.206791
vt 0.817988 0.223945
vt 0.797666 0.219597
vt 0.840196 0.210764
vt 0.862567 0.214352
vt 0.861935 0.231112
vt 0.839398 0.227930
vt 0.475273 0.245902
vt 0.467511 0.258281
vt 0.702994 0.271063
vt 0.768627 0.196610
vt 0.764139 0.211750
vt 0.749655 0.207820
vt 0.651627 0.267117
vt 0.660989 0.268169
vt 0.658401 0.282399
vt 0.648297 0.281487
vt 0.590927 0.219152
vt 0.579350 0.217903
vt 0.615399 0.222109
vt 0.626965 0.223661
vt 0.657105 0.225876
vt 0.150190 0.298565
vt 0.188873 0.289901
vt 0.200176 0.288584
vt 0.819490 0.158483
vt 0.801239 0.155815
vt 0.840798 0.162200
vt 0.860361 0.167731
vt 0.884852 0.175737
vt 0.824962 0.950120
vt 0.857679 0.948520
vt 0.839879 0.945662
vt 0.876812 0.949361
vt 0.883551 0.951598
vt 0.512347 0.218122
vt 0.521379 0.216087
vt 0.532636 0.215540
vt 0.530132 0.228077
vt 0.525757 0.240325
vt 0.521170 0.252866
vt 0.516447 0.266474
vt 0.541724 0.215714
vt 0.539202 0.227911
vt 0.535322 0.240292
vt 0.530967 0.252960
vt 0.526410 0.266529
vt 0.550167 0.216055
vt 0.547647 0.228007
vt 0.544560 0.240382
vt 0.540383 0.252933
vt 0.535956 0.266461
vt 0.559055 0.216578
vt 0.556527 0.228273
vt 0.553805 0.240741
vt 0.549770 0.252930
vt 0.545403 0.266271
vt 0.568287 0.216947
vt 0.565455 0.228674
vt 0.562959 0.241290
vt 0.559204 0.253165
vt 0.555151 0.266166
vt 0.603240 0.220640
vt 0.602024 0.232045
vt 0.599988 0.244275
vt 0.595315 0.257094
vt 0.590350 0.270934
vt 0.637768 0.225085
vt 0.636987 0.237415
vt 0.635412 0.250416
vt 0.632168 0.264223
vt 0.627560 0.278790
vt 0.647795 0.225904
vt 0.647001 0.238654
vt 0.645067 0.251902
vt 0.642084 0.265854
vt 0.638067 0.280336
vt 0.159902 0.296424
vt 0.673415 0.241577
vt 0.671870 0.255631
vt 0.670521 0.269188
vt 0.669002 0.283240
vt 0.167350 0.294456
vt 0.681134 0.243240
vt 0.680911 0.256916
vt 0.680597 0.270191
vt 0.680029 0.284032
vt 0.179200 0.291593
vt 0.690245 0.245017
vt 0.691269 0.257962
vt 0.691619 0.271037
vt 0.691791 0.284641
vt 0.211505 0.288754
vt 0.786823 0.169490
vt 0.785093 0.183910
vt 0.782902 0.199483
vt 0.779701 0.215479
vt 0.897372 0.955054
vt 0.905999 0.954586
vt 0.891233 0.950948
vt 0.890596 0.945505
vt 0.884778 0.943954
vt 0.875480 0.942048
vt 0.860578 0.944740
vt 0.841066 0.941289
vt 0.825112 0.943850
vt 0.810405 0.949551
vt 0.800259 0.944103
vt 0.879450 0.157857
vt 0.865767 0.156229
vt 0.881066 0.142202
vt 0.892147 0.146160
vt 0.772871 0.903488
vt 0.780553 0.916696
vt 0.899571 0.118587
vt 0.911139 0.104415
vt 0.918600 0.092335
vt 0.998266 0.910052
vt 0.527449 0.129974
vt 0.987458 0.916629
vt 0.976917 0.923422
vt 0.536235 0.142232
vt 0.965679 0.929559
vt 0.537165 0.156828
vt 0.916433 0.952035
vt 0.527749 0.205570
vt 0.928209 0.948008
vt 0.532458 0.193639
vt 0.940255 0.942562
vt 0.535355 0.181780
vt 0.952898 0.934925
vt 0.536809 0.169441
vt 0.898247 0.947527
vt 0.905579 0.947166
vt 0.915276 0.945226
vt 0.925775 0.941689
vt 0.936183 0.936872
vt 0.945921 0.930650
vt 0.956959 0.927542
vt 0.964377 0.923062
vt 0.953282 0.924296
vt 0.973328 0.917210
vt 0.982966 0.910636
vt 0.992363 0.904270
vt 0.774972 0.892891
vt 0.814345 0.938143
vt 0.805981 0.934890
vt 0.798808 0.928847
vt 0.783415 0.904049
vt 0.787616 0.913483
vt 0.783234 0.893792
vt 0.825231 0.936659
vt 0.839095 0.934514
vt 0.856235 0.935053
vt 0.872592 0.935496
vt 0.884131 0.937509
vt 0.892382 0.939351
vt 0.898684 0.940689
vt 0.905759 0.940301
vt 0.914243 0.938673
vt 0.923695 0.935495
vt 0.932743 0.931231
vt 0.941564 0.925529
vt 0.949670 0.919230
vt 0.961101 0.918182
vt 0.957725 0.913095
vt 0.969796 0.911932
vt 0.966452 0.906451
vt 0.978934 0.905187
vt 0.975533 0.899557
vt 0.771148 0.880790
vt 0.984812 0.893398
vt 0.783830 0.883599
vt 0.777013 0.885940
vt 0.793896 0.885731
vt 0.790395 0.893653
vt 0.793305 0.901067
vt 0.796201 0.910066
vt 0.798185 0.921329
vt 0.791029 0.919349
vt 0.810271 0.926124
vt 0.816153 0.930625
vt 0.823360 0.927573
vt 0.834252 0.924049
vt 0.845516 0.922333
vt 0.854262 0.915799
vt 0.860785 0.926789
vt 0.867497 0.918511
vt 0.870860 0.928047
vt 0.881244 0.929950
vt 0.878525 0.920918
vt 0.888251 0.922626
vt 0.890313 0.931612
vt 0.898110 0.932663
vt 0.896893 0.923660
vt 0.905220 0.924160
vt 0.905758 0.933128
vt 0.913717 0.932307
vt 0.913239 0.923757
vt 0.922390 0.929174
vt 0.920494 0.922061
vt 0.930190 0.924933
vt 0.927092 0.917766
vt 0.934015 0.912473
vt 0.937912 0.919661
vt 0.797678 0.872201
vt 0.787450 0.875597
vt 0.980384 0.887478
vt 0.971504 0.893711
vt 0.962557 0.900634
vt 0.953927 0.907229
vt 0.945868 0.913470
vt 0.941684 0.906872
vt 0.949569 0.900993
vt 0.957918 0.894611
vt 0.966960 0.887406
vt 0.976883 0.880455
vt 0.809082 0.882768
vt 0.802753 0.895550
vt 0.838111 0.913391
vt 0.841825 0.906071
vt 0.827133 0.911578
vt 0.830869 0.899070
vt 0.819664 0.890505
vt 0.814665 0.901979
vt 0.817581 0.918981
vt 0.809011 0.911528
vt 0.802743 0.905796
vt 0.886770 0.912945
vt 0.896119 0.914265
vt 0.904786 0.914997
vt 0.912981 0.915443
vt 0.918804 0.916292
vt 0.922254 0.911152
vt 0.927968 0.903636
vt 0.937002 0.899268
vt 0.944821 0.894625
vt 0.952863 0.888829
vt 0.960557 0.880676
vt 0.970020 0.873593
vt 0.797292 0.861006
vt 0.809672 0.869104
vt 0.806404 0.860463
vt 0.813797 0.877063
vt 0.824116 0.880270
vt 0.834845 0.888819
vt 0.845137 0.895968
vt 0.855599 0.903233
vt 0.866414 0.907641
vt 0.876771 0.910762
vt 0.817925 0.859079
vt 0.820772 0.869405
vt 0.831729 0.870247
vt 0.831692 0.861037
vt 0.843609 0.864142
vt 0.843093 0.872459
vt 0.855358 0.867428
vt 0.855322 0.876058
vt 0.865489 0.870105
vt 0.865427 0.878589
vt 0.874984 0.873555
vt 0.875046 0.881828
vt 0.884364 0.884443
vt 0.884076 0.876287
vt 0.892785 0.877787
vt 0.893635 0.886189
vt 0.900585 0.878632
vt 0.901888 0.887017
vt 0.801221 0.854380
vt 0.808637 0.852372
vt 0.794802 0.853926
vt 0.967885 0.866016
vt 0.963452 0.871195
vt 0.962108 0.865709
vt 0.950165 0.868201
vt 0.956376 0.866586
vt 0.958210 0.873567
vt 0.951884 0.874904
vt 0.935914 0.872517
vt 0.943393 0.870291
vt 0.945263 0.877294
vt 0.937598 0.879965
vt 0.929670 0.882252
vt 0.928528 0.874432
vt 0.948192 0.883729
vt 0.953564 0.879905
vt 0.940523 0.887406
vt 0.831720 0.877491
vt 0.839636 0.881533
vt 0.849132 0.886668
vt 0.859386 0.885459
vt 0.857353 0.893026
vt 0.866440 0.887516
vt 0.866129 0.897112
vt 0.875406 0.890761
vt 0.875855 0.900485
vt 0.921455 0.876408
vt 0.922284 0.884179
vt 0.915246 0.885868
vt 0.914490 0.877821
vt 0.932947 0.890408
vt 0.925386 0.892968
vt 0.917818 0.894015
vt 0.920102 0.901499
vt 0.914354 0.906010
vt 0.911053 0.895841
vt 0.885817 0.903110
vt 0.885236 0.893458
vt 0.908646 0.886909
vt 0.907747 0.878574
vt 0.895515 0.904741
vt 0.904650 0.905605
vt 0.894910 0.895225
vt 0.903409 0.896065
vt 0.813718 0.848189
vt 0.821840 0.851737
vt 0.832154 0.852175
vt 0.844830 0.856389
vt 0.855721 0.859555
vt 0.867089 0.860869
vt 0.876172 0.865670
vt 0.884244 0.868505
vt 0.892558 0.869413
vt 0.899893 0.870796
vt 0.906642 0.870502
vt 0.913486 0.869905
vt 0.920080 0.868898
vt 0.926512 0.866377
vt 0.934231 0.864569
vt 0.941661 0.862791
vt 0.948343 0.860724
vt 0.954757 0.858356
vt 0.960734 0.857880
vt 0.966275 0.858161
vt 0.793559 0.847770
vt 0.798533 0.847826
vt 0.803531 0.846454
vt 0.807877 0.842688
vt 0.798692 0.839702
vt 0.801811 0.835988
vt 0.792314 0.834953
vt 0.792842 0.827965
vt 0.786121 0.832511
vt 0.967529 0.830459
vt 0.950349 0.826160
vt 0.956279 0.827867
vt 0.955019 0.837289
vt 0.948147 0.835040
vt 0.940063 0.833270
vt 0.942419 0.825171
vt 0.919861 0.821477
vt 0.929621 0.822923
vt 0.930166 0.831515
vt 0.920722 0.830035
vt 0.912409 0.828788
vt 0.913515 0.821078
vt 0.879248 0.825316
vt 0.867106 0.827580
vt 0.867751 0.818131
vt 0.881723 0.816636
vt 0.839037 0.824001
vt 0.854915 0.819589
vt 0.854084 0.829275
vt 0.840975 0.831452
vt 0.830545 0.832938
vt 0.829132 0.825691
vt 0.806313 0.831023
vt 0.820452 0.826908
vt 0.821882 0.834830
vt 0.811475 0.838023
vt 0.796105 0.843379
vt 0.792092 0.841426
vt 0.966181 0.849869
vt 0.960881 0.838702
vt 0.961313 0.829104
vt 0.960431 0.848624
vt 0.952759 0.848160
vt 0.946270 0.853236
vt 0.945996 0.843154
vt 0.943639 0.848199
vt 0.938788 0.841177
vt 0.938336 0.848223
vt 0.939729 0.855287
vt 0.817692 0.843773
vt 0.824387 0.840577
vt 0.821940 0.847211
vt 0.828290 0.846302
vt 0.832355 0.839242
vt 0.832485 0.843619
vt 0.840081 0.838643
vt 0.838807 0.845850
vt 0.847356 0.848019
vt 0.850563 0.838872
vt 0.931946 0.856508
vt 0.930688 0.848080
vt 0.930237 0.839852
vt 0.921048 0.838610
vt 0.921521 0.847579
vt 0.922252 0.857686
vt 0.918272 0.863016
vt 0.911831 0.854988
vt 0.911764 0.845975
vt 0.912288 0.862648
vt 0.911977 0.837165
vt 0.890658 0.816492
vt 0.887858 0.825217
vt 0.860379 0.839861
vt 0.856687 0.850054
vt 0.878092 0.833820
vt 0.871080 0.834367
vt 0.868217 0.841757
vt 0.866116 0.851444
vt 0.876269 0.842095
vt 0.874824 0.850484
vt 0.873724 0.856810
vt 0.879716 0.859202
vt 0.904164 0.827195
vt 0.906796 0.819034
vt 0.885955 0.833891
vt 0.884801 0.842543
vt 0.884625 0.852122
vt 0.904967 0.862830
vt 0.898247 0.817541
vt 0.896001 0.825932
vt 0.900854 0.854193
vt 0.902180 0.844499
vt 0.902995 0.835654
vt 0.894415 0.834389
vt 0.893433 0.842566
vt 0.899387 0.864624
vt 0.892722 0.860296
vt 0.885453 0.862398
vt 0.893010 0.849400
vt 0.798776 0.823573
vt 0.808888 0.821009
vt 0.818507 0.819468
vt 0.800855 0.816778
vt 0.972214 0.820887
vt 0.971381 0.813377
vt 0.963941 0.820518
vt 0.962223 0.813737
vt 0.956500 0.821076
vt 0.956645 0.814181
vt 0.950774 0.820158
vt 0.950734 0.814329
vt 0.942459 0.817966
vt 0.942654 0.812176
vt 0.930629 0.817001
vt 0.931398 0.810832
vt 0.920442 0.814951
vt 0.921795 0.808839
vt 0.912577 0.814811
vt 0.915169 0.807766
vt 0.900303 0.812880
vt 0.906114 0.814644
vt 0.908763 0.806983
vt 0.902094 0.807075
vt 0.893432 0.806494
vt 0.891347 0.811478
vt 0.883540 0.805836
vt 0.882664 0.810912
vt 0.869234 0.811725
vt 0.870136 0.805666
vt 0.854958 0.812692
vt 0.855043 0.805586
vt 0.839574 0.813336
vt 0.830567 0.816326
vt 0.839556 0.805968
vt 0.830724 0.808550
vt 0.819006 0.809936
vt 0.810048 0.809740
vt 0.802860 0.807901
vt 0.970421 0.804986
vt 0.961894 0.806046
vt 0.956010 0.805750
vt 0.950069 0.806414
vt 0.943470 0.804952
vt 0.935644 0.804326
vt 0.924658 0.802946
vt 0.917429 0.801431
vt 0.912483 0.801418
vt 0.903614 0.801022
vt 0.895971 0.800599
vt 0.885958 0.799812
vt 0.876785 0.801767
vt 0.859520 0.800883
vt 0.867368 0.801150
vt 0.873001 0.798823
vt 0.840145 0.800185
vt 0.850482 0.800913
vt 0.855615 0.797208
vt 0.865707 0.797846
vt 0.868324 0.795115
vt 0.860920 0.795177
vt 0.862248 0.798000
vt 0.831266 0.802140
vt 0.820910 0.802647
vt 0.811875 0.803850
vt 0.804902 0.800828
vt 0.970795 0.797682
vt 0.961168 0.799168
vt 0.955072 0.800124
vt 0.948924 0.799940
vt 0.943095 0.798913
vt 0.934627 0.798255
vt 0.926696 0.796415
vt 0.919344 0.795996
vt 0.914373 0.796630
vt 0.905607 0.795522
vt 0.899183 0.794351
vt 0.880328 0.796090
vt 0.892006 0.793327
vt 0.885919 0.791421
vt 0.845287 0.793860
vt 0.851622 0.791468
vt 0.838084 0.793564
vt 0.829713 0.795042
vt 0.821524 0.795673
vt 0.813415 0.795987
vt 0.807004 0.794497
vt 0.969027 0.791386
vt 0.960320 0.793809
vt 0.954350 0.794360
vt 0.949267 0.795603
vt 0.943254 0.793878
vt 0.936178 0.792649
vt 0.930120 0.791041
vt 0.920544 0.790718
vt 0.915081 0.791010
vt 0.908692 0.789072
vt 0.902529 0.787488
vt 0.896433 0.786265
vt 0.889550 0.784483
vt 0.858693 0.790150
vt 0.875956 0.792662
vt 0.881168 0.790368
vt 0.881210 0.786526
vt 0.866182 0.788997
vt 0.874024 0.788043
vt 0.906379 0.778907
vt 0.900943 0.778255
vt 0.911899 0.780282
vt 0.917545 0.782387
vt 0.922834 0.784167
vt 0.930802 0.784165
vt 0.937572 0.785953
vt 0.943059 0.787871
vt 0.948748 0.788224
vt 0.953604 0.787597
vt 0.959563 0.785927
vt 0.965358 0.783693
vt 0.807507 0.786981
vt 0.814001 0.787978
vt 0.820701 0.790275
vt 0.826715 0.787514
vt 0.834439 0.785743
vt 0.841879 0.785337
vt 0.848778 0.784089
vt 0.856328 0.782406
vt 0.864532 0.781112
vt 0.872928 0.782007
vt 0.880163 0.781237
vt 0.887081 0.778841
vt 0.896005 0.777383
vt 0.892673 0.774282
vt 0.940015 0.779324
vt 0.945891 0.780809
vt 0.945929 0.770132
vt 0.951557 0.774550
vt 0.954243 0.765802
vt 0.805315 0.774753
vt 0.809766 0.778560
vt 0.813630 0.773721
vt 0.814851 0.781756
vt 0.818964 0.780896
vt 0.825284 0.781132
vt 0.832001 0.777449
vt 0.839728 0.777339
vt 0.846990 0.775124
vt 0.854634 0.772434
vt 0.860263 0.775243
vt 0.867370 0.774062
vt 0.873136 0.775352
vt 0.862857 0.770288
vt 0.879256 0.775210
vt 0.885378 0.773370
vt 0.890648 0.769823
vt 0.934505 0.777044
vt 0.938416 0.768478
vt 0.946229 0.760299
vt 0.819659 0.770452
vt 0.927832 0.774894
vt 0.932511 0.765231
vt 0.939151 0.754941
vt 0.825330 0.766080
vt 0.833791 0.769170
vt 0.830797 0.761551
vt 0.838964 0.767964
vt 0.931302 0.750662
vt 0.926049 0.761199
vt 0.921471 0.772201
vt 0.915635 0.769827
vt 0.919257 0.757853
vt 0.923124 0.746552
vt 0.837053 0.758420
vt 0.845791 0.765430
vt 0.844575 0.755711
vt 0.914030 0.741420
vt 0.910963 0.754884
vt 0.909708 0.768805
vt 0.852919 0.762911
vt 0.852354 0.753844
vt 0.903047 0.737882
vt 0.904004 0.769923
vt 0.899209 0.770696
vt 0.895983 0.770550
vt 0.904222 0.761257
vt 0.899454 0.764482
vt 0.895151 0.766194
vt 0.900436 0.754655
vt 0.902961 0.747249
vt 0.897974 0.759406
vt 0.893078 0.759055
vt 0.888330 0.764096
vt 0.883717 0.767810
vt 0.873544 0.769217
vt 0.878750 0.769228
vt 0.865588 0.764452
vt 0.869161 0.767942
vt 0.858912 0.767764
vt 0.860670 0.760129
vt 0.859522 0.752113
vt 0.892159 0.737838
vt 0.894675 0.745138
vt 0.894793 0.751874
vt 0.867101 0.754838
vt 0.869054 0.759769
vt 0.864889 0.750898
vt 0.883116 0.741533
vt 0.887415 0.746606
vt 0.890015 0.750883
vt 0.887622 0.754611
vt 0.884362 0.759392
vt 0.882321 0.763621
vt 0.878595 0.763032
vt 0.870539 0.763825
vt 0.873878 0.763478
vt 0.882117 0.751153
vt 0.879670 0.756925
vt 0.874517 0.748940
vt 0.874108 0.756839
vt 0.546234 0.146524
vt 0.545132 0.158163
vt 0.562251 0.161101
vt 0.564066 0.150337
vt 0.573074 0.151667
vt 0.570757 0.162094
vt 0.610860 0.165058
vt 0.613597 0.154926
vt 0.625050 0.155575
vt 0.622106 0.165706
vt 0.652760 0.166036
vt 0.657812 0.155835
vt 0.666831 0.156000
vt 0.660385 0.166083
vt 0.655243 0.214710
vt 0.135927 0.297317
vt 0.652950 0.202394
vt 0.121944 0.295270
vt 0.107757 0.290072
vt 0.653238 0.189895
vt 0.656061 0.177517
vt 0.093075 0.284029
vt 0.067570 0.275174
vt 0.079305 0.278780
vt 0.647507 0.214083
vt 0.646043 0.201663
vt 0.646651 0.189212
vt 0.648739 0.177263
vt 0.643508 0.166130
vt 0.647407 0.155843
vt 0.640359 0.177029
vt 0.638238 0.188724
vt 0.637267 0.200612
vt 0.637693 0.212869
vt 0.633089 0.166056
vt 0.636516 0.155897
vt 0.630330 0.176752
vt 0.628604 0.188082
vt 0.627520 0.199703
vt 0.627186 0.211598
vt 0.555294 0.148522
vt 0.553563 0.159667
vt 0.544194 0.170200
vt 0.542151 0.182499
vt 0.539353 0.194263
vt 0.535742 0.205423
vt 0.544040 0.205582
vt 0.552749 0.206125
vt 0.547163 0.194646
vt 0.555145 0.195090
vt 0.549797 0.183097
vt 0.557868 0.183823
vt 0.551966 0.171419
vt 0.560242 0.172387
vt 0.582444 0.152641
vt 0.579705 0.162784
vt 0.568669 0.173229
vt 0.566467 0.184449
vt 0.564036 0.195493
vt 0.561527 0.206223
vt 0.592298 0.153413
vt 0.589675 0.163590
vt 0.577693 0.173916
vt 0.575693 0.185059
vt 0.573460 0.195987
vt 0.571028 0.206694
vt 0.602519 0.154203
vt 0.600024 0.164377
vt 0.587560 0.174453
vt 0.583565 0.196573
vt 0.585663 0.185549
vt 0.581451 0.207348
vt 0.597793 0.175006
vt 0.608614 0.175659
vt 0.596105 0.186091
vt 0.606927 0.186764
vt 0.594401 0.197216
vt 0.605398 0.198004
vt 0.592704 0.208243
vt 0.604270 0.209332
vt 0.616012 0.210462
vt 0.616653 0.198924
vt 0.617730 0.187464
vt 0.619542 0.176292
vt 0.675891 0.146532
vt 0.057702 0.274917
vt 0.048123 0.274965
vt 0.688670 0.142437
vt 0.697399 0.139934
vt 0.039480 0.272817
vt 0.803867 0.055433
vt 0.262199 0.205438
vt 0.813726 0.067217
vt 0.261555 0.215103
vt 0.815954 0.078332
vt 0.258281 0.224733
vt 0.829623 0.068799
vt 0.831012 0.080833
vt 0.868043 0.138731
vt 0.846137 0.150157
vt 0.852769 0.131574
vt 0.830908 0.143253
vt 0.836358 0.126803
vt 0.899695 0.133019
vt 0.897395 0.140048
vt 0.886171 0.136093
vt 0.890572 0.127395
vt 0.872022 0.130861
vt 0.877527 0.121677
vt 0.890584 0.115686
vt 0.855983 0.123596
vt 0.860611 0.114585
vt 0.841157 0.117633
vt 0.844959 0.107678
vt 0.809499 0.146325
vt 0.822112 0.128603
vt 0.828527 0.116094
vt 0.831161 0.106077
vt 0.265824 0.240541
vt 0.832993 0.093781
vt 0.259616 0.251329
vt 0.251882 0.259470
vt 0.242202 0.267210
vt 0.801523 0.140072
vt 0.255749 0.235048
vt 0.249162 0.244610
vt 0.240703 0.252809
vt 0.232529 0.260166
vt 0.222657 0.271019
vt 0.212803 0.276402
vt 0.201100 0.279470
vt 0.190111 0.280030
vt 0.181483 0.281547
vt 0.169705 0.283510
vt 0.160437 0.285041
vt 0.149436 0.288066
vt 0.136715 0.285656
vt 0.125088 0.284556
vt 0.110980 0.281075
vt 0.095707 0.276293
vt 0.081582 0.271342
vt 0.069736 0.267332
vt 0.059479 0.265940
vt 0.050094 0.265265
vt 0.041099 0.264454
vt 0.855978 0.101669
vt 0.866045 0.104178
vt 0.845017 0.095618
vt 0.856601 0.092649
vt 0.869279 0.092691
vt 0.858198 0.082132
vt 0.871623 0.081732
vt 0.844545 0.082230
vt 0.859472 0.071187
vt 0.872835 0.071338
vt 0.845623 0.070665
vt 0.879709 0.107284
vt 0.883811 0.093768
vt 0.895488 0.105205
vt 0.899920 0.093301
vt 0.885777 0.081837
vt 0.900745 0.081483
vt 0.527813 0.113509
vt 0.886175 0.070798
vt 0.899642 0.070061
vt 0.913131 0.068610
vt 0.534838 0.123577
vt 0.542013 0.117059
vt 0.541932 0.132048
vt 0.548002 0.124369
vt 0.232283 0.247406
vt 0.239290 0.238403
vt 0.225559 0.254545
vt 0.217213 0.262353
vt 0.208034 0.266678
vt 0.199526 0.268351
vt 0.186824 0.270681
vt 0.179802 0.272797
vt 0.168866 0.275036
vt 0.157691 0.276785
vt 0.148789 0.276627
vt 0.137675 0.276124
vt 0.126417 0.274889
vt 0.113299 0.271817
vt 0.098726 0.269185
vt 0.085406 0.264035
vt 0.072971 0.258403
vt 0.061655 0.257381
vt 0.052152 0.256375
vt 0.043135 0.255671
vt 0.254106 0.200652
vt 0.252197 0.209977
vt 0.249534 0.219038
vt 0.245296 0.228705
vt 0.211707 0.252999
vt 0.218426 0.246880
vt 0.224894 0.239873
vt 0.230300 0.231163
vt 0.235347 0.222477
vt 0.239259 0.213637
vt 0.242300 0.204571
vt 0.244756 0.194854
vt 0.204313 0.256830
vt 0.196278 0.259030
vt 0.186653 0.263340
vt 0.179288 0.264751
vt 0.169218 0.266028
vt 0.157163 0.267915
vt 0.148701 0.267924
vt 0.139091 0.267363
vt 0.129335 0.266363
vt 0.119052 0.263847
vt 0.110438 0.259726
vt 0.107882 0.265014
vt 0.099589 0.262488
vt 0.089287 0.258006
vt 0.079466 0.252302
vt 0.062350 0.249903
vt 0.069273 0.251423
vt 0.054004 0.248384
vt 0.045412 0.246781
vt 0.232913 0.189686
vt 0.231781 0.199262
vt 0.229286 0.207691
vt 0.225985 0.215911
vt 0.222010 0.224054
vt 0.217166 0.231695
vt 0.211981 0.237921
vt 0.206000 0.243340
vt 0.199716 0.247488
vt 0.192972 0.250874
vt 0.185879 0.253772
vt 0.178562 0.256801
vt 0.167457 0.258948
vt 0.157713 0.260110
vt 0.149173 0.260098
vt 0.140228 0.259394
vt 0.131152 0.258313
vt 0.121612 0.256216
vt 0.112763 0.253068
vt 0.101955 0.256203
vt 0.104036 0.249449
vt 0.092502 0.251641
vt 0.095286 0.244908
vt 0.083455 0.246261
vt 0.086572 0.239854
vt 0.072209 0.246922
vt 0.075575 0.241060
vt 0.078351 0.234872
vt 0.064858 0.243425
vt 0.070557 0.230745
vt 0.067742 0.236782
vt 0.063193 0.228031
vt 0.059781 0.234449
vt 0.056865 0.241258
vt 0.052520 0.232403
vt 0.055910 0.224457
vt 0.049067 0.239480
vt 0.045312 0.231078
vt 0.220024 0.169763
vt 0.214506 0.178662
vt 0.212172 0.171230
vt 0.203717 0.172777
vt 0.207080 0.181525
vt 0.198483 0.184668
vt 0.194336 0.174239
vt 0.172911 0.176274
vt 0.176753 0.185015
vt 0.165974 0.188071
vt 0.162127 0.178175
vt 0.145867 0.182128
vt 0.149434 0.190568
vt 0.141942 0.192302
vt 0.138460 0.184505
vt 0.114674 0.194357
vt 0.118302 0.201162
vt 0.109965 0.205900
vt 0.106007 0.198910
vt 0.087137 0.208574
vt 0.089677 0.215233
vt 0.081555 0.219194
vt 0.078363 0.212695
vt 0.063520 0.218913
vt 0.066827 0.223665
vt 0.225508 0.182053
vt 0.224938 0.190263
vt 0.222804 0.195278
vt 0.219732 0.185275
vt 0.214481 0.189223
vt 0.219525 0.201267
vt 0.209638 0.194002
vt 0.186795 0.183320
vt 0.183802 0.174895
vt 0.216331 0.208326
vt 0.206503 0.200604
vt 0.196762 0.193503
vt 0.188433 0.189887
vt 0.212859 0.215635
vt 0.203467 0.207274
vt 0.193739 0.199662
vt 0.183094 0.193871
vt 0.156302 0.188538
vt 0.153370 0.180028
vt 0.174239 0.196223
vt 0.209024 0.222826
vt 0.204570 0.228732
vt 0.180197 0.205462
vt 0.184771 0.201413
vt 0.191829 0.206228
vt 0.188621 0.211668
vt 0.200422 0.213712
vt 0.196729 0.219457
vt 0.164527 0.195071
vt 0.159555 0.197010
vt 0.168927 0.200764
vt 0.164198 0.204444
vt 0.173712 0.208053
vt 0.180738 0.212416
vt 0.177256 0.215447
vt 0.185985 0.217491
vt 0.182469 0.222156
vt 0.199661 0.233722
vt 0.192703 0.224916
vt 0.188269 0.229729
vt 0.194270 0.238345
vt 0.122977 0.190549
vt 0.126194 0.197904
vt 0.130915 0.187240
vt 0.134141 0.194737
vt 0.100114 0.212802
vt 0.096591 0.204255
vt 0.070966 0.216003
vt 0.073897 0.223501
vt 0.081679 0.228898
vt 0.086426 0.223792
vt 0.089446 0.233381
vt 0.093151 0.227351
vt 0.097673 0.238086
vt 0.100608 0.231353
vt 0.106201 0.242492
vt 0.108795 0.235408
vt 0.114744 0.246007
vt 0.116969 0.238942
vt 0.123407 0.248760
vt 0.125148 0.241594
vt 0.132287 0.250562
vt 0.133520 0.243276
vt 0.141026 0.251674
vt 0.141978 0.244131
vt 0.150190 0.244429
vt 0.149553 0.252127
vt 0.157727 0.251953
vt 0.166023 0.250906
vt 0.175068 0.248785
vt 0.182350 0.246278
vt 0.188511 0.242433
vt 0.183686 0.234327
vt 0.178585 0.238244
vt 0.173127 0.241403
vt 0.165836 0.243014
vt 0.158316 0.243927
vt 0.178496 0.226798
vt 0.174438 0.231579
vt 0.171385 0.235816
vt 0.166270 0.235102
vt 0.158948 0.235986
vt 0.151156 0.236600
vt 0.142980 0.236759
vt 0.134879 0.236124
vt 0.127103 0.234699
vt 0.119545 0.232134
vt 0.111977 0.228567
vt 0.104412 0.224678
vt 0.090964 0.220076
vt 0.096817 0.221131
vt 0.173326 0.219952
vt 0.168035 0.225990
vt 0.159545 0.227608
vt 0.151772 0.228813
vt 0.143930 0.229318
vt 0.136054 0.229000
vt 0.129044 0.228463
vt 0.122571 0.225917
vt 0.115886 0.222103
vt 0.108800 0.217677
vt 0.115410 0.211704
vt 0.120830 0.216367
vt 0.126171 0.220653
vt 0.130542 0.223691
vt 0.136351 0.221615
vt 0.144136 0.222031
vt 0.151430 0.221291
vt 0.158024 0.219657
vt 0.164098 0.216697
vt 0.168917 0.212254
vt 0.159889 0.208681
vt 0.155482 0.212363
vt 0.153483 0.200426
vt 0.145419 0.200449
vt 0.147629 0.207688
vt 0.152594 0.207085
vt 0.150126 0.214366
vt 0.144104 0.215568
vt 0.141561 0.209320
vt 0.137868 0.202357
vt 0.138820 0.216386
vt 0.135500 0.211899
vt 0.129518 0.205969
vt 0.122307 0.207376
vt 0.125876 0.211496
vt 0.131070 0.216410
vt 0.170717 0.167306
vt 0.181415 0.166113
vt 0.160358 0.169120
vt 0.151095 0.171259
vt 0.143277 0.173775
vt 0.135760 0.176550
vt 0.127928 0.179783
vt 0.119841 0.183362
vt 0.111585 0.187305
vt 0.102898 0.191774
vt 0.093786 0.196641
vt 0.084634 0.201132
vt 0.075983 0.204956
vt 0.068250 0.208346
vt 0.060832 0.211663
vt 0.053506 0.215148
vt 0.219128 0.162741
vt 0.210708 0.163417
vt 0.201605 0.164398
vt 0.191956 0.165291
vt 0.168995 0.158524
vt 0.179849 0.157220
vt 0.158174 0.160393
vt 0.148955 0.162731
vt 0.140979 0.165518
vt 0.133168 0.168678
vt 0.125235 0.172169
vt 0.117142 0.176000
vt 0.108875 0.180049
vt 0.100246 0.184545
vt 0.091239 0.189334
vt 0.081924 0.193955
vt 0.072816 0.197649
vt 0.065187 0.200894
vt 0.057751 0.203996
vt 0.050594 0.206831
vt 0.217830 0.155401
vt 0.209310 0.155600
vt 0.200095 0.155919
vt 0.190253 0.156453
vt 0.167441 0.149313
vt 0.178560 0.148017
vt 0.156224 0.151339
vt 0.146825 0.153911
vt 0.138523 0.157001
vt 0.130528 0.160500
vt 0.122435 0.164353
vt 0.114220 0.168488
vt 0.106159 0.172693
vt 0.097903 0.177196
vt 0.088784 0.182129
vt 0.079336 0.187038
vt 0.069811 0.190618
vt 0.061990 0.193641
vt 0.054374 0.196322
vt 0.047476 0.198804
vt 0.216607 0.147781
vt 0.208183 0.147527
vt 0.198967 0.147377
vt 0.189148 0.147498
vt 0.166412 0.139714
vt 0.177814 0.138855
vt 0.154416 0.141874
vt 0.144315 0.144797
vt 0.135596 0.148395
vt 0.127485 0.152369
vt 0.119304 0.156547
vt 0.111143 0.161006
vt 0.103113 0.165466
vt 0.095032 0.170059
vt 0.086138 0.175042
vt 0.076141 0.180314
vt 0.066110 0.183384
vt 0.058577 0.185980
vt 0.051100 0.188269
vt 0.044567 0.190565
vt 0.215855 0.139996
vt 0.207659 0.139377
vt 0.198312 0.139004
vt 0.188447 0.138755
vt 0.166007 0.130388
vt 0.177294 0.130326
vt 0.153194 0.132442
vt 0.141348 0.135699
vt 0.132415 0.139969
vt 0.124204 0.144699
vt 0.116021 0.149309
vt 0.107910 0.154026
vt 0.099956 0.158635
vt 0.091836 0.163361
vt 0.082606 0.168390
vt 0.072043 0.174048
vt 0.061600 0.176389
vt 0.055148 0.178430
vt 0.048214 0.180081
vt 0.042045 0.182639
vt 0.215708 0.132250
vt 0.207436 0.131535
vt 0.197956 0.131044
vt 0.188004 0.130609
vt 0.166102 0.122241
vt 0.176967 0.122617
vt 0.151613 0.123699
vt 0.136955 0.127069
vt 0.129143 0.131681
vt 0.121006 0.137718
vt 0.112352 0.142793
vt 0.104358 0.147941
vt 0.096586 0.152373
vt 0.088924 0.157202
vt 0.079030 0.162936
vt 0.068620 0.168717
vt 0.058567 0.170551
vt 0.052608 0.171984
vt 0.046313 0.172003
vt 0.040805 0.175524
vt 0.216333 0.124783
vt 0.207621 0.124040
vt 0.197509 0.123549
vt 0.187362 0.123150
vt 0.136713 0.121664
vt 0.147072 0.118767
vt 0.153777 0.111003
vt 0.158109 0.114458
vt 0.155017 0.102736
vt 0.160164 0.105115
vt 0.161510 0.096078
vt 0.155291 0.093543
vt 0.162936 0.086936
vt 0.156503 0.084236
vt 0.164328 0.078336
vt 0.157945 0.075841
vt 0.166163 0.070244
vt 0.159971 0.068132
vt 0.162118 0.059924
vt 0.056513 0.079245
vt 0.065810 0.080893
vt 0.060588 0.084954
vt 0.125562 0.122031
vt 0.127091 0.126444
vt 0.118500 0.126738
vt 0.118768 0.122351
vt 0.099142 0.121125
vt 0.091094 0.116211
vt 0.092981 0.113186
vt 0.101569 0.118517
vt 0.123060 0.130321
vt 0.117168 0.134138
vt 0.114678 0.129042
vt 0.109312 0.132363
vt 0.107896 0.124685
vt 0.109388 0.120971
vt 0.105012 0.127148
vt 0.101010 0.129773
vt 0.096616 0.123605
vt 0.093485 0.126416
vt 0.166657 0.115231
vt 0.167590 0.106630
vt 0.168474 0.098036
vt 0.169731 0.089251
vt 0.171158 0.080841
vt 0.172824 0.072886
vt 0.079160 0.101459
vt 0.077542 0.105347
vt 0.072527 0.100201
vt 0.074501 0.096665
vt 0.083853 0.110866
vt 0.085736 0.107574
vt 0.089052 0.119200
vt 0.082103 0.114299
vt 0.075905 0.109278
vt 0.070591 0.104411
vt 0.068214 0.094780
vt 0.071314 0.091023
vt 0.064357 0.089832
vt 0.068374 0.085885
vt 0.065705 0.099347
vt 0.060684 0.094392
vt 0.055404 0.089728
vt 0.049554 0.084440
vt 0.086451 0.122276
vt 0.079870 0.117875
vt 0.073794 0.113386
vt 0.068199 0.108997
vt 0.062838 0.104778
vt 0.056927 0.100331
vt 0.050284 0.095657
vt 0.043567 0.092142
vt 0.180083 0.075375
vt 0.178709 0.083045
vt 0.177688 0.091229
vt 0.176920 0.099578
vt 0.176636 0.107515
vt 0.176756 0.115201
vt 0.186708 0.115748
vt 0.196741 0.116250
vt 0.206387 0.116725
vt 0.215285 0.117849
vt 0.038463 0.166103
vt 0.043301 0.164820
vt 0.049883 0.165236
vt 0.057348 0.162839
vt 0.065769 0.162149
vt 0.075012 0.158005
vt 0.084386 0.152776
vt 0.092112 0.148071
vt 0.099780 0.143559
vt 0.108024 0.138914
vt 0.102567 0.135896
vt 0.095293 0.139972
vt 0.088287 0.143851
vt 0.080709 0.148301
vt 0.072623 0.152268
vt 0.064827 0.155497
vt 0.055808 0.155819
vt 0.049150 0.156406
vt 0.042752 0.156593
vt 0.186158 0.108251
vt 0.195940 0.108807
vt 0.205192 0.109091
vt 0.212981 0.109412
vt 0.036452 0.156742
vt 0.096059 0.132961
vt 0.090315 0.136238
vt 0.084152 0.139841
vt 0.077539 0.143447
vt 0.070520 0.146995
vt 0.063230 0.148964
vt 0.056165 0.149097
vt 0.049554 0.149000
vt 0.043226 0.148658
vt 0.036395 0.147867
vt 0.211458 0.101336
vt 0.204173 0.101348
vt 0.195341 0.101069
vt 0.185889 0.100541
vt 0.089544 0.129362
vt 0.084915 0.132561
vt 0.079790 0.135670
vt 0.074175 0.138782
vt 0.068336 0.141264
vt 0.062177 0.142550
vt 0.055790 0.142604
vt 0.049724 0.141961
vt 0.043700 0.141060
vt 0.037759 0.139813
vt 0.209994 0.093602
vt 0.203109 0.093775
vt 0.194818 0.093316
vt 0.186133 0.092474
vt 0.083208 0.125558
vt 0.079429 0.128774
vt 0.075224 0.131907
vt 0.070926 0.134656
vt 0.066547 0.136653
vt 0.061576 0.137159
vt 0.056057 0.136733
vt 0.050359 0.135721
vt 0.044726 0.134306
vt 0.039475 0.132687
vt 0.208266 0.086470
vt 0.201943 0.086574
vt 0.194469 0.085915
vt 0.186613 0.084736
vt 0.077109 0.121533
vt 0.073911 0.125142
vt 0.070617 0.128482
vt 0.067572 0.131499
vt 0.065275 0.133639
vt 0.061739 0.132907
vt 0.056865 0.131710
vt 0.051566 0.130261
vt 0.046284 0.128634
vt 0.041432 0.126871
vt 0.206522 0.080675
vt 0.201392 0.080262
vt 0.194703 0.079126
vt 0.187532 0.077329
vt 0.071227 0.117572
vt 0.068442 0.121656
vt 0.065714 0.125564
vt 0.063342 0.129255
vt 0.058395 0.127259
vt 0.047810 0.123518
vt 0.053137 0.125367
vt 0.043039 0.121993
vt 0.205455 0.076770
vt 0.038812 0.116680
vt 0.038328 0.109605
vt 0.039598 0.100715
vt 0.065578 0.113800
vt 0.062923 0.118436
vt 0.060501 0.122926
vt 0.054962 0.120515
vt 0.049292 0.118364
vt 0.043723 0.116749
vt 0.057229 0.115486
vt 0.050981 0.112676
vt 0.044757 0.110646
vt 0.059793 0.110211
vt 0.053806 0.106870
vt 0.046813 0.103187
vt 0.075879 0.087448
vt 0.073557 0.082314
vt 0.071357 0.076982
vt 0.155642 0.059131
vt 0.153900 0.066058
vt 0.152188 0.073510
vt 0.150469 0.081787
vt 0.150390 0.089594
vt 0.150180 0.099040
vt 0.148797 0.107561
vt 0.143121 0.112359
vt 0.135923 0.115233
vt 0.125213 0.116169
vt 0.117840 0.115206
vt 0.112043 0.115528
vt 0.105671 0.114116
vt 0.096793 0.109288
vt 0.089529 0.103532
vt 0.083854 0.097748
vt 0.079742 0.092872
vt 0.147561 0.063911
vt 0.149248 0.057248
vt 0.077354 0.073570
vt 0.079003 0.078874
vt 0.081084 0.083746
vt 0.083959 0.088526
vt 0.087715 0.093681
vt 0.093299 0.099308
vt 0.099457 0.104156
vt 0.105931 0.107772
vt 0.111563 0.109314
vt 0.116627 0.109049
vt 0.122222 0.109175
vt 0.128673 0.108655
vt 0.135273 0.107972
vt 0.139732 0.107864
vt 0.131127 0.104217
vt 0.144111 0.103346
vt 0.145419 0.098075
vt 0.145168 0.091516
vt 0.143159 0.083958
vt 0.144165 0.077719
vt 0.145771 0.070666
vt 0.132412 0.100549
vt 0.135276 0.103297
vt 0.138338 0.104076
vt 0.140817 0.101386
vt 0.142242 0.097479
vt 0.142003 0.092368
vt 0.141352 0.087911
vt 0.138242 0.090094
vt 0.134446 0.098563
vt 0.136625 0.101032
vt 0.139118 0.097716
vt 0.139048 0.094148
vt 0.136318 0.092887
vt 0.136088 0.096844
vt 0.130840 0.095900
vt 0.133089 0.094495
vt 0.128561 0.099243
vt 0.125601 0.102645
vt 0.121383 0.104038
vt 0.116763 0.104349
vt 0.112372 0.104126
vt 0.107246 0.102541
vt 0.101811 0.100031
vt 0.096663 0.095752
vt 0.092202 0.090940
vt 0.088542 0.085915
vt 0.086109 0.081018
vt 0.084453 0.076132
vt 0.083409 0.071041
vt 0.142930 0.056158
vt 0.141501 0.062039
vt 0.139687 0.067958
vt 0.138008 0.074352
vt 0.136932 0.080361
vt 0.135826 0.085300
vt 0.133768 0.089324
vt 0.129627 0.089615
vt 0.126568 0.093770
vt 0.123659 0.096876
vt 0.120267 0.098473
vt 0.116631 0.099096
vt 0.112738 0.098799
vt 0.108354 0.097770
vt 0.103740 0.095502
vt 0.099502 0.092351
vt 0.095932 0.088435
vt 0.093056 0.083839
vt 0.091163 0.078900
vt 0.090012 0.074139
vt 0.089421 0.069238
vt 0.137488 0.055285
vt 0.136151 0.060339
vt 0.134308 0.065838
vt 0.132639 0.071664
vt 0.131450 0.077462
vt 0.130732 0.082888
vt 0.122039 0.092000
vt 0.124302 0.089683
vt 0.119270 0.093836
vt 0.116392 0.094665
vt 0.113200 0.094264
vt 0.109416 0.093042
vt 0.105538 0.091277
vt 0.102079 0.088895
vt 0.099244 0.086096
vt 0.097382 0.082161
vt 0.096232 0.077307
vt 0.095555 0.072860
vt 0.095134 0.068377
vt 0.133334 0.054791
vt 0.100417 0.062984
vt 0.107988 0.062936
vt 0.115930 0.065707
vt 0.122660 0.071420
vt 0.125934 0.079756
vt 0.125762 0.085470
vt 0.122426 0.083728
vt 0.121517 0.078995
vt 0.118139 0.074012
vt 0.112958 0.070415
vt 0.106875 0.068397
vt 0.100664 0.067899
vt 0.100742 0.072371
vt 0.100929 0.076908
vt 0.101297 0.081160
vt 0.122426 0.086995
vt 0.120501 0.088219
vt 0.117962 0.090041
vt 0.116148 0.091715
vt 0.113986 0.090427
vt 0.110592 0.088914
vt 0.107075 0.087198
vt 0.103911 0.085574
vt 0.101570 0.084273
vt 0.118410 0.079547
vt 0.115269 0.077040
vt 0.118395 0.083550
vt 0.115693 0.087027
vt 0.112109 0.084507
vt 0.108397 0.082835
vt 0.104823 0.081654
vt 0.105403 0.077274
vt 0.105991 0.072979
vt 0.111029 0.074500
vt 0.109754 0.078469
vt 0.113831 0.080399
vt 0.549591 0.136529
vt 0.552989 0.129135
vt 0.083342 0.642488
vt 0.558084 0.137863
vt 0.566827 0.139858
vt 0.093237 0.647740
vt 0.212909 0.682655
vt 0.222961 0.684551
vt 0.663117 0.146038
vt 0.203965 0.677691
vt 0.651723 0.145991
vt 0.191310 0.674417
vt 0.640073 0.145931
vt 0.178296 0.670850
vt 0.628358 0.145422
vt 0.164455 0.666952
vt 0.616829 0.144735
vt 0.151477 0.663459
vt 0.605935 0.143988
vt 0.139061 0.659990
vt 0.576089 0.141441
vt 0.585763 0.142417
vt 0.595615 0.143294
vt 0.127344 0.656847
vt 0.115972 0.653736
vt 0.104728 0.650692
vt 0.234097 0.688110
vt 0.244622 0.692156
vt 0.254818 0.698802
vt 0.267432 0.704331
vt 0.280566 0.708638
vt 0.026244 0.577136
vt 0.034715 0.586646
vt 0.042932 0.595775
vt 0.051072 0.605330
vt 0.059565 0.615089
vt 0.067102 0.625680
vt 0.074975 0.634378
vt 0.185528 0.627385
vt 0.193522 0.611994
vt 0.205455 0.616918
vt 0.197407 0.632256
vt 0.102417 0.555827
vt 0.109930 0.562773
vt 0.099354 0.578586
vt 0.091579 0.571249
vt 0.061013 0.516500
vt 0.069876 0.525034
vt 0.058481 0.539129
vt 0.049604 0.530349
vt 0.268326 0.652576
vt 0.274592 0.636538
vt 0.286209 0.640943
vt 0.280507 0.657246
vt 0.217586 0.621461
vt 0.209660 0.636518
vt 0.171087 0.654763
vt 0.178103 0.641554
vt 0.190409 0.646177
vt 0.184031 0.659137
vt 0.080644 0.586446
vt 0.088677 0.594371
vt 0.078008 0.610213
vt 0.069940 0.601403
vt 0.038495 0.543860
vt 0.047325 0.552749
vt 0.036620 0.566048
vt 0.283763 0.693757
vt 0.258422 0.684617
vt 0.262837 0.668657
vt 0.275437 0.673542
vt 0.271005 0.689417
vt 0.203118 0.650625
vt 0.197600 0.664081
vt 0.224150 0.582537
vt 0.212472 0.578212
vt 0.222445 0.560934
vt 0.234470 0.565281
vt 0.133655 0.508834
vt 0.140847 0.516139
vt 0.131147 0.530882
vt 0.123926 0.524299
vt 0.098661 0.473475
vt 0.106322 0.482115
vt 0.093899 0.495982
vt 0.311052 0.610884
vt 0.295852 0.583381
vt 0.306713 0.588031
vt 0.299799 0.606310
vt 0.289044 0.602009
vt 0.245147 0.569175
vt 0.235308 0.586310
vt 0.158563 0.650803
vt 0.166211 0.637169
vt 0.174025 0.622681
vt 0.182340 0.607186
vt 0.210939 0.556889
vt 0.201006 0.573822
vt 0.253957 0.572047
vt 0.244904 0.588974
vt 0.227691 0.623675
vt 0.220041 0.639155
vt 0.213579 0.653435
vt 0.207980 0.666850
vt 0.262343 0.573714
vt 0.253882 0.591243
vt 0.237097 0.625891
vt 0.229696 0.641312
vt 0.223487 0.655926
vt 0.217720 0.669816
vt 0.270704 0.575648
vt 0.262519 0.593442
vt 0.246200 0.627892
vt 0.239404 0.643371
vt 0.233471 0.658386
vt 0.227856 0.672712
vt 0.278662 0.577838
vt 0.270667 0.595613
vt 0.254829 0.630036
vt 0.248097 0.645519
vt 0.242427 0.661128
vt 0.237477 0.676285
vt 0.279258 0.598371
vt 0.286522 0.580375
vt 0.257271 0.648289
vt 0.263986 0.632763
vt 0.251247 0.664118
vt 0.246814 0.679913
vt 0.112751 0.489527
vt 0.101739 0.503656
vt 0.078399 0.533178
vt 0.066951 0.547380
vt 0.055910 0.561396
vt 0.045122 0.574757
vt 0.119066 0.495509
vt 0.108959 0.510508
vt 0.086615 0.540988
vt 0.075322 0.555577
vt 0.064230 0.569857
vt 0.053446 0.583493
vt 0.126190 0.501809
vt 0.116263 0.517313
vt 0.094646 0.548564
vt 0.083473 0.563467
vt 0.072355 0.578071
vt 0.061671 0.592255
vt 0.147411 0.523193
vt 0.137775 0.537287
vt 0.117283 0.569517
vt 0.107013 0.585573
vt 0.096503 0.601691
vt 0.085916 0.617967
vt 0.153181 0.529030
vt 0.144392 0.543411
vt 0.124662 0.575847
vt 0.114695 0.592113
vt 0.104392 0.608438
vt 0.093950 0.625090
vt 0.160484 0.533589
vt 0.151624 0.549407
vt 0.132653 0.582113
vt 0.123008 0.598426
vt 0.113080 0.614700
vt 0.103024 0.631083
vt 0.160019 0.555339
vt 0.169367 0.538921
vt 0.132205 0.604274
vt 0.141575 0.588008
vt 0.122800 0.620271
vt 0.113302 0.636043
vt 0.133058 0.624839
vt 0.124228 0.639885
vt 0.151124 0.593159
vt 0.142080 0.609132
vt 0.179194 0.543940
vt 0.169492 0.560611
vt 0.143641 0.628966
vt 0.135229 0.643456
vt 0.161164 0.597944
vt 0.152324 0.613721
vt 0.189371 0.548508
vt 0.179415 0.565105
vt 0.154624 0.632992
vt 0.146622 0.647030
vt 0.171530 0.602542
vt 0.162943 0.618119
vt 0.199943 0.552854
vt 0.189901 0.569417
vt 0.226098 0.604046
vt 0.214501 0.599961
vt 0.236047 0.606741
vt 0.245251 0.608919
vt 0.254020 0.611136
vt 0.262538 0.613425
vt 0.271372 0.616146
vt 0.281424 0.619805
vt 0.292789 0.624032
vt 0.072931 0.502226
vt 0.081634 0.510630
vt 0.090029 0.518617
vt 0.097952 0.526086
vt 0.105638 0.533234
vt 0.113283 0.540262
vt 0.120478 0.546906
vt 0.127563 0.553461
vt 0.134548 0.559636
vt 0.142169 0.565778
vt 0.150859 0.571693
vt 0.160255 0.576949
vt 0.170094 0.581748
vt 0.180541 0.586258
vt 0.191470 0.590789
vt 0.202672 0.595418
vt 0.259725 0.560788
vt 0.254487 0.555816
vt 0.267447 0.559326
vt 0.277339 0.560418
vt 0.286299 0.564210
vt 0.291225 0.568341
vt 0.299788 0.567841
vt 0.311553 0.571027
vt 0.324036 0.576817
vt 0.117508 0.471309
vt 0.120048 0.479839
vt 0.126850 0.481397
vt 0.134943 0.487206
vt 0.143086 0.494502
vt 0.150728 0.502706
vt 0.157048 0.511465
vt 0.159398 0.519242
vt 0.167148 0.519292
vt 0.177724 0.523230
vt 0.188304 0.528015
vt 0.198779 0.532740
vt 0.209532 0.537241
vt 0.220626 0.541593
vt 0.232183 0.546018
vt 0.244060 0.550683
vt 0.255660 0.485818
vt 0.266165 0.490818
vt 0.258484 0.504482
vt 0.247386 0.499437
vt 0.276974 0.495669
vt 0.288751 0.500686
vt 0.282193 0.514476
vt 0.269701 0.509321
vt 0.312485 0.509487
vt 0.325098 0.513418
vt 0.321060 0.527803
vt 0.307674 0.523640
vt 0.162206 0.422263
vt 0.172210 0.431087
vt 0.161932 0.443502
vt 0.151818 0.434456
vt 0.203459 0.455571
vt 0.214348 0.462849
vt 0.204910 0.476861
vt 0.193425 0.469344
vt 0.171004 0.502310
vt 0.185632 0.507513
vt 0.197148 0.512617
vt 0.208014 0.517793
vt 0.266899 0.545147
vt 0.297166 0.554045
vt 0.130175 0.464492
vt 0.142803 0.472318
vt 0.152393 0.480461
vt 0.161368 0.489826
vt 0.328085 0.563082
vt 0.313956 0.557446
vt 0.282923 0.547739
vt 0.253592 0.537461
vt 0.241562 0.532204
vt 0.229935 0.527365
vt 0.218824 0.522667
vt 0.289034 0.533241
vt 0.302673 0.538188
vt 0.275168 0.528790
vt 0.317449 0.542521
vt 0.300816 0.505385
vt 0.295175 0.519247
vt 0.262223 0.523382
vt 0.250353 0.518295
vt 0.224949 0.469439
vt 0.215777 0.483316
vt 0.245391 0.480698
vt 0.236793 0.494421
vt 0.235232 0.475288
vt 0.226403 0.489148
vt 0.206426 0.497723
vt 0.195248 0.491695
vt 0.217230 0.503266
vt 0.227938 0.508385
vt 0.238851 0.513276
vt 0.181667 0.439040
vt 0.172009 0.452235
vt 0.182940 0.484476
vt 0.192045 0.447143
vt 0.182382 0.460852
vt 0.172134 0.475065
vt 0.162184 0.466241
vt 0.152171 0.457471
vt 0.338367 0.517255
vt 0.334740 0.532023
vt 0.141268 0.448225
vt 0.131354 0.437216
vt 0.274388 0.476904
vt 0.284649 0.481964
vt 0.295405 0.487098
vt 0.306326 0.491724
vt 0.317276 0.495382
vt 0.329302 0.498810
vt 0.342332 0.502279
vt 0.173036 0.410847
vt 0.182400 0.419705
vt 0.191334 0.427489
vt 0.201228 0.434605
vt 0.212507 0.441987
vt 0.223463 0.448825
vt 0.234182 0.455215
vt 0.244476 0.460925
vt 0.254341 0.466360
vt 0.264277 0.471666
vt 0.282911 0.462230
vt 0.292838 0.467995
vt 0.302581 0.473879
vt 0.311651 0.479191
vt 0.321454 0.481319
vt 0.333343 0.483950
vt 0.175551 0.390225
vt 0.184443 0.399564
vt 0.192875 0.408881
vt 0.200331 0.416843
vt 0.209738 0.422119
vt 0.220956 0.427971
vt 0.232553 0.434333
vt 0.243606 0.440463
vt 0.253816 0.446126
vt 0.263525 0.451494
vt 0.273040 0.456795
vt 0.301386 0.453190
vt 0.291310 0.446830
vt 0.310936 0.461611
vt 0.315747 0.469182
vt 0.324384 0.466908
vt 0.336888 0.468135
vt 0.349849 0.470988
vt 0.196905 0.388514
vt 0.204461 0.399297
vt 0.207112 0.408416
vt 0.216567 0.408782
vt 0.229334 0.413390
vt 0.242010 0.419514
vt 0.253263 0.425381
vt 0.263329 0.430805
vt 0.272685 0.435985
vt 0.281813 0.441168
vt 0.261319 0.389505
vt 0.271745 0.395870
vt 0.262993 0.410029
vt 0.251791 0.404321
vt 0.317642 0.420139
vt 0.329602 0.427322
vt 0.322996 0.448318
vt 0.310327 0.437572
vt 0.343535 0.432342
vt 0.339362 0.450441
vt 0.213425 0.351675
vt 0.223271 0.362043
vt 0.210294 0.376416
vt 0.200534 0.365127
vt 0.234390 0.372918
vt 0.248623 0.381923
vt 0.237936 0.397630
vt 0.220733 0.390993
vt 0.299524 0.430409
vt 0.306903 0.413979
vt 0.290443 0.424865
vt 0.297547 0.408672
vt 0.281560 0.419922
vt 0.288522 0.404485
vt 0.272654 0.415131
vt 0.280052 0.401227
vt 0.335554 0.410216
vt 0.323217 0.404184
vt 0.348049 0.415483
vt 0.360903 0.419829
vt 0.235427 0.348506
vt 0.246278 0.358124
vt 0.258818 0.367508
vt 0.270811 0.376272
vt 0.280331 0.384171
vt 0.284693 0.391360
vt 0.292659 0.390152
vt 0.302471 0.393444
vt 0.312449 0.398310
vt 0.366749 0.356859
vt 0.378062 0.360663
vt 0.373726 0.374755
vt 0.362345 0.370627
vt 0.354936 0.351621
vt 0.350189 0.365538
vt 0.327500 0.355026
vt 0.332335 0.342916
vt 0.342661 0.347691
vt 0.337940 0.360161
vt 0.307089 0.344147
vt 0.313337 0.331780
vt 0.322607 0.337685
vt 0.317255 0.349799
vt 0.285694 0.306757
vt 0.296504 0.313218
vt 0.286847 0.327213
vt 0.276387 0.319466
vt 0.304917 0.324419
vt 0.297146 0.336643
vt 0.357658 0.384880
vt 0.248216 0.315005
vt 0.364941 0.404103
vt 0.353020 0.399773
vt 0.345415 0.379716
vt 0.340385 0.394433
vt 0.322234 0.368839
vt 0.333049 0.374155
vt 0.328322 0.388871
vt 0.317251 0.383444
vt 0.300121 0.358024
vt 0.311431 0.363717
vt 0.305964 0.378577
vt 0.292245 0.374758
vt 0.266841 0.332019
vt 0.277811 0.340711
vt 0.268654 0.353982
vt 0.257042 0.344814
vt 0.289416 0.350113
vt 0.280673 0.363825
vt 0.276864 0.300266
vt 0.267149 0.311691
vt 0.257265 0.323669
vt 0.246757 0.335780
vt 0.293902 0.295043
vt 0.301914 0.299626
vt 0.310971 0.315092
vt 0.318906 0.321365
vt 0.327371 0.327175
vt 0.336309 0.332472
vt 0.345416 0.337459
vt 0.361660 0.340776
vt 0.371281 0.344035
vt 0.276944 0.282186
vt 0.285687 0.289171
vt 0.308297 0.288583
vt 0.301706 0.284261
vt 0.316194 0.306212
vt 0.323698 0.312030
vt 0.331795 0.318114
vt 0.340003 0.323991
vt 0.348427 0.329700
vt 0.374902 0.331914
vt 0.366388 0.330001
vt 0.385339 0.334098
vt 0.293837 0.278564
vt 0.388762 0.322723
vt 0.378223 0.321044
vt 0.382246 0.311496
vt 0.391904 0.312730
vt 0.369987 0.320202
vt 0.373639 0.310350
vt 0.356816 0.313369
vt 0.348733 0.306987
vt 0.353325 0.298041
vt 0.361138 0.304305
vt 0.341147 0.300716
vt 0.333941 0.294526
vt 0.339103 0.285952
vt 0.346037 0.292017
vt 0.314880 0.278714
vt 0.308716 0.274514
vt 0.314645 0.266324
vt 0.320966 0.270384
vt 0.327329 0.288613
vt 0.332682 0.280104
vt 0.301181 0.269395
vt 0.307419 0.261754
vt 0.352256 0.321813
vt 0.344119 0.315678
vt 0.336307 0.309437
vt 0.328686 0.303258
vt 0.321569 0.297391
vt 0.386487 0.302355
vt 0.395182 0.303246
vt 0.378492 0.301294
vt 0.357832 0.288998
vt 0.365041 0.294522
vt 0.344174 0.277512
vt 0.350855 0.283226
vt 0.338230 0.272128
vt 0.313718 0.254621
vt 0.320503 0.258766
vt 0.326404 0.262587
vt 0.305776 0.309793
vt 0.309427 0.301620
vt 0.314676 0.292106
vt 0.320866 0.283097
vt 0.326699 0.274704
vt 0.332285 0.266865
vt 0.352657 0.341239
vt 0.356487 0.335547
vt 0.360541 0.327476
vt 0.365254 0.318985
vt 0.368533 0.310564
vt 0.372274 0.299569
vt 0.351060 0.240620
vt 0.356045 0.244172
vt 0.349832 0.254208
vt 0.344620 0.250050
vt 0.338876 0.246430
vt 0.345356 0.237226
vt 0.320555 0.235724
vt 0.327960 0.227307
vt 0.333552 0.230612
vt 0.326724 0.239387
vt 0.388194 0.281363
vt 0.393431 0.270076
vt 0.399289 0.271789
vt 0.394499 0.282665
vt 0.380870 0.278818
vt 0.385504 0.267197
vt 0.378220 0.262756
vt 0.373311 0.274321
vt 0.343924 0.263520
vt 0.338225 0.258900
vt 0.332766 0.254970
vt 0.320208 0.247311
vt 0.313402 0.243103
vt 0.390684 0.292692
vt 0.383166 0.291511
vt 0.376054 0.289314
vt 0.369175 0.284935
vt 0.360999 0.248327
vt 0.355128 0.258825
vt 0.349573 0.268597
vt 0.366353 0.253039
vt 0.360929 0.264106
vt 0.355796 0.274079
vt 0.372208 0.258003
vt 0.367064 0.269405
vt 0.362354 0.279602
vt 0.332937 0.242904
vt 0.339413 0.233926
vt 0.326574 0.251073
vt 0.390873 0.254862
vt 0.384091 0.250696
vt 0.398318 0.258211
vt 0.404665 0.260015
vt 0.410550 0.261205
vt 0.340922 0.220563
vt 0.346377 0.223735
vt 0.351898 0.226808
vt 0.357710 0.230072
vt 0.363003 0.233619
vt 0.367900 0.237508
vt 0.373000 0.241754
vt 0.378434 0.246280
vt 0.415596 0.232476
vt 0.410998 0.230973
vt 0.418237 0.215399
vt 0.421991 0.217018
vt 0.404810 0.228884
vt 0.412466 0.214312
vt 0.397610 0.242139
vt 0.404455 0.245065
vt 0.383598 0.212991
vt 0.378497 0.209535
vt 0.387648 0.195930
vt 0.393139 0.200120
vt 0.373124 0.206613
vt 0.381637 0.194287
vt 0.368536 0.203508
vt 0.377770 0.190537
vt 0.359803 0.215512
vt 0.365121 0.218810
vt 0.370403 0.222104
vt 0.399319 0.225087
vt 0.408479 0.211589
vt 0.388487 0.216675
vt 0.397157 0.203201
vt 0.375339 0.225664
vt 0.380431 0.229711
vt 0.393948 0.221000
vt 0.402905 0.207542
vt 0.385832 0.234144
vt 0.391236 0.238280
vt 0.362274 0.199950
vt 0.370833 0.185684
vt 0.420274 0.234079
vt 0.426290 0.218798
vt 0.357222 0.196468
vt 0.365628 0.182011
vt 0.409663 0.246704
vt 0.344025 0.206182
vt 0.349010 0.209130
vt 0.354111 0.212307
vt 0.421543 0.206343
vt 0.425053 0.207355
vt 0.417354 0.205933
vt 0.394271 0.186211
vt 0.399776 0.190919
vt 0.388297 0.184363
vt 0.384176 0.180960
vt 0.403805 0.194412
vt 0.409210 0.199066
vt 0.414342 0.203302
vt 0.429419 0.208544
vt 0.371298 0.172932
vt 0.376731 0.176372
vt 0.426079 0.197476
vt 0.429337 0.198046
vt 0.422277 0.197042
vt 0.399390 0.175354
vt 0.404427 0.180485
vt 0.395613 0.173864
vt 0.392076 0.171945
vt 0.408238 0.184270
vt 0.413627 0.189322
vt 0.418931 0.194024
vt 0.433556 0.198746
vt 0.379356 0.165856
vt 0.384944 0.168667
vt 0.429493 0.188814
vt 0.432326 0.189187
vt 0.426650 0.188977
vt 0.404777 0.166697
vt 0.410507 0.172271
vt 0.401012 0.164796
vt 0.396764 0.162692
vt 0.414079 0.176197
vt 0.419055 0.181357
vt 0.424098 0.186238
vt 0.436374 0.189785
vt 0.384718 0.157900
vt 0.390334 0.160173
vt 0.433832 0.181095
vt 0.436444 0.181345
vt 0.431217 0.181444
vt 0.410174 0.158939
vt 0.415420 0.164132
vt 0.405910 0.156376
vt 0.401422 0.154181
vt 0.419132 0.168360
vt 0.423923 0.173677
vt 0.428839 0.178676
vt 0.440503 0.181929
vt 0.390326 0.150463
vt 0.395736 0.152225
vt 0.439023 0.172821
vt 0.441827 0.173187
vt 0.436507 0.172919
vt 0.415776 0.151771
vt 0.420498 0.155759
vt 0.410638 0.148211
vt 0.405493 0.145637
vt 0.424937 0.160451
vt 0.429477 0.165456
vt 0.434154 0.170305
vt 0.445729 0.173964
vt 0.395485 0.142191
vt 0.400663 0.143776
vt 0.444618 0.164404
vt 0.447654 0.165299
vt 0.441975 0.163613
vt 0.420694 0.144194
vt 0.425499 0.148108
vt 0.415091 0.140406
vt 0.409833 0.137545
vt 0.430320 0.152469
vt 0.434776 0.157109
vt 0.439073 0.161080
vt 0.451514 0.166486
vt 0.400288 0.133790
vt 0.405226 0.135502
vt 0.450096 0.156427
vt 0.453416 0.157757
vt 0.446850 0.155153
vt 0.425247 0.136777
vt 0.430288 0.140691
vt 0.419354 0.132793
vt 0.414145 0.129793
vt 0.435149 0.144790
vt 0.439730 0.149176
vt 0.443659 0.152746
vt 0.457340 0.159014
vt 0.404674 0.125619
vt 0.409504 0.127539
vt 0.466384 0.136556
vt 0.462773 0.135431
vt 0.466461 0.129192
vt 0.469869 0.130112
vt 0.459555 0.134055
vt 0.463379 0.127755
vt 0.443296 0.120284
vt 0.437794 0.116070
vt 0.441460 0.110273
vt 0.447001 0.114058
vt 0.432528 0.112456
vt 0.436908 0.106863
vt 0.426803 0.108529
vt 0.432066 0.103134
vt 0.448456 0.124470
vt 0.452491 0.118587
vt 0.453016 0.128651
vt 0.456872 0.122568
vt 0.456694 0.131908
vt 0.460437 0.125625
vt 0.470255 0.137444
vt 0.473726 0.130838
vt 0.416253 0.103422
vt 0.420251 0.097426
vt 0.421360 0.105200
vt 0.425015 0.099435
vt 0.451474 0.147613
vt 0.454695 0.149093
vt 0.448322 0.145272
vt 0.444472 0.141870
vt 0.439800 0.137600
vt 0.434883 0.133627
vt 0.429743 0.129780
vt 0.423648 0.125617
vt 0.418239 0.122276
vt 0.413602 0.119709
vt 0.408667 0.117722
vt 0.462005 0.151398
vt 0.458121 0.150282
vt 0.455953 0.140728
vt 0.458911 0.142045
vt 0.452726 0.138421
vt 0.448871 0.135055
vt 0.444240 0.130832
vt 0.439185 0.126744
vt 0.434098 0.122920
vt 0.428126 0.118792
vt 0.422390 0.115046
vt 0.417599 0.112038
vt 0.412428 0.110171
vt 0.466120 0.144168
vt 0.462184 0.143087
vt 0.476926 0.116688
vt 0.473979 0.115929
vt 0.478252 0.108655
vt 0.481323 0.109695
vt 0.471282 0.114834
vt 0.475162 0.107416
vt 0.453554 0.103204
vt 0.448188 0.099728
vt 0.452152 0.094382
vt 0.457055 0.097466
vt 0.443534 0.096496
vt 0.447283 0.090898
vt 0.439090 0.092821
vt 0.442841 0.087085
vt 0.458952 0.106773
vt 0.462331 0.100560
vt 0.463958 0.110135
vt 0.467417 0.103429
vt 0.468016 0.112803
vt 0.471630 0.105664
vt 0.480657 0.117617
vt 0.484930 0.110984
vt 0.429586 0.086146
vt 0.435006 0.080511
vt 0.434033 0.089079
vt 0.438911 0.083721
vt 0.467174 0.121543
vt 0.470097 0.122842
vt 0.464191 0.119481
vt 0.460370 0.116616
vt 0.455580 0.113120
vt 0.449917 0.108804
vt 0.444425 0.105260
vt 0.439914 0.102124
vt 0.435506 0.098447
vt 0.428962 0.094469
vt 0.424526 0.091851
vt 0.476985 0.124313
vt 0.473240 0.123602
vt 0.443980 0.078119
vt 0.447259 0.081516
vt 0.440593 0.074664
vt 0.489255 0.104053
vt 0.485698 0.102472
vt 0.470879 0.096408
vt 0.475402 0.098330
vt 0.465750 0.094107
vt 0.460624 0.091421
vt 0.451212 0.085127
vt 0.455888 0.088631
vt 0.482398 0.101149
vt 0.479102 0.099891
vt 0.452087 0.075604
vt 0.449412 0.072313
vt 0.455616 0.066820
vt 0.457469 0.070117
vt 0.446628 0.068774
vt 0.453294 0.063093
vt 0.493615 0.096625
vt 0.497337 0.088572
vt 0.490017 0.094894
vt 0.493667 0.086905
vt 0.479157 0.090662
vt 0.474380 0.089002
vt 0.477823 0.081178
vt 0.482968 0.082951
vt 0.469223 0.086981
vt 0.472593 0.079412
vt 0.464227 0.084709
vt 0.467579 0.077579
vt 0.455447 0.079081
vt 0.459782 0.073147
vt 0.459706 0.082216
vt 0.463296 0.075583
vt 0.486504 0.093401
vt 0.490191 0.085867
vt 0.483077 0.092071
vt 0.487036 0.084428
vt 0.461218 0.062024
vt 0.462641 0.065696
vt 0.458971 0.058332
vt 0.499526 0.081354
vt 0.495403 0.080471
vt 0.481330 0.073926
vt 0.486472 0.075786
vt 0.476072 0.072233
vt 0.470914 0.070653
vt 0.463311 0.068668
vt 0.466439 0.069310
vt 0.492099 0.081069
vt 0.490456 0.078356
vt 0.468515 0.062484
vt 0.495204 0.073562
vt 0.489634 0.069949
vt 0.484508 0.067811
vt 0.479416 0.066076
vt 0.474372 0.064606
vt 0.465851 0.057642
vt 0.463915 0.053920
vt 0.500925 0.074535
vt 0.492763 0.063590
vt 0.497829 0.065707
vt 0.487845 0.061927
vt 0.482660 0.060270
vt 0.478024 0.058670
vt 0.473643 0.056423
vt 0.495774 0.057184
vt 0.499933 0.058404
vt 0.491048 0.056230
vt 0.486019 0.054760
vt 0.481689 0.053257
vt 0.478055 0.051034
vt 0.497662 0.050204
vt 0.501580 0.050603
vt 0.493438 0.050798
vt 0.488977 0.049406
vt 0.485080 0.048147
vt 0.481886 0.046760
vt 0.470764 0.052928
vt 0.475376 0.048327
vt 0.480102 0.044168
vt 0.468933 0.049495
vt 0.474019 0.045252
vt 0.479462 0.041312
vt 0.502507 0.067404
vt 0.503888 0.060230
vt 0.505123 0.052555
vt 0.491838 0.044330
vt 0.494787 0.047010
vt 0.497910 0.045964
vt 0.501660 0.044962
vt 0.484651 0.035839
vt 0.483734 0.039271
vt 0.484144 0.041763
vt 0.484827 0.043895
vt 0.487596 0.044157
vt 0.487113 0.037925
vt 0.487559 0.040064
vt 0.491681 0.039684
vt 0.790329 0.929829
vt 0.785563 0.925440
vt 0.793331 0.936523
vt 0.906879 0.124095
vt 0.528557 0.169038
vt 0.529196 0.157140
vt 0.528268 0.180927
vt 0.525656 0.191160
vt 0.521371 0.200249
vt 0.515982 0.207837
vt 0.527560 0.145643
vt 0.520656 0.135771
vt 0.511769 0.126783
vt 0.918954 0.111951
vt 0.888835 0.157029
vt 0.891486 0.169766
vt 0.811116 0.957521
vt 0.502053 0.224162
vt 0.503980 0.217215
vt 0.509094 0.212544
vt 0.941184 0.179809
vt 0.495259 0.223867
vt 0.903296 0.180364
vt 0.922313 0.184136
vt 0.787832 0.155891
vt 0.229162 0.277184
vt 0.808880 0.125463
vt 0.814626 0.114099
vt 0.818306 0.103151
vt 0.818875 0.089971
vt 0.266905 0.228988
vt 0.269172 0.218309
vt 0.805611 0.069723
vt 0.799375 0.062175
vt 0.790627 0.056745
vt 0.690227 0.149962
vt 0.681190 0.152634
vt 0.673701 0.158494
vt 0.667282 0.167468
vt 0.662155 0.178576
vt 0.659202 0.190841
vt 0.658429 0.202753
vt 0.661404 0.213737
vt 0.667696 0.223571
vt 0.776146 0.153968
vt 0.690614 0.231494
vt 0.698487 0.233412
vt 0.680949 0.229123
vt 0.674792 0.227600
vt 0.408833 0.483252
vt 0.402452 0.481064
vt 0.413264 0.487259
vt 0.391667 0.483575
vt 0.411912 0.549198
vt 0.415681 0.542107
vt 0.419383 0.535056
vt 0.422318 0.524442
vt 0.422122 0.512577
vt 0.420412 0.502860
vt 0.416112 0.494664
vt 0.891720 0.512506
vt 0.880501 0.523846
vt 0.873753 0.534593
vt 0.905619 0.500333
vt 0.869968 0.545024
vt 0.890175 0.719995
vt 0.892192 0.728138
vt 0.899760 0.723205
vt 0.906644 0.718832
vt 0.914955 0.717177
vt 0.923223 0.718270
vt 0.931538 0.719348
vt 0.788935 0.616801
vt 0.782744 0.613384
vt 0.100012 0.847039
vt 0.739609 0.509864
vt 0.110175 0.841087
vt 0.118925 0.837933
vt 0.127007 0.837341
vt 0.135084 0.838683
vt 0.066450 0.687590
vt 0.062474 0.696696
vt 0.060138 0.706418
vt 0.056097 0.717396
vt 0.681585 0.478372
vt 0.671396 0.480387
vt 0.661597 0.486287
vt 0.655008 0.495298
vt 0.652497 0.506990
vt 0.650924 0.517283
vt 0.645622 0.525782
vt 0.024810 0.773692
vt 0.643602 0.537600
vt 0.649602 0.540939
vt 0.658333 0.546610
vt 0.663957 0.551598
vt 0.670744 0.557512
vt 0.676746 0.566508
vt 0.682648 0.572835
vt 0.690313 0.583275
vt 0.066017 0.833517
vt 0.724476 0.528195
vt 0.730769 0.519856
vt 0.703997 0.284698
vt 0.744377 0.223631
vt 0.755626 0.193352
vt 0.701354 0.258440
vt 0.763561 0.166299
vt 0.765266 0.151826
vt 0.705262 0.315032
vt 0.705599 0.330986
vt 0.705092 0.364455
vt 0.705597 0.347214
vt 0.704085 0.381401
vt 0.703554 0.397930
vt 0.725027 0.347233
vt 0.699567 0.438862
vt 0.701191 0.426776
vt 0.721173 0.403439
vt 0.697569 0.451726
vt 0.719721 0.415846
vt 0.946332 0.215168
vt 0.452347 0.252235
vt 0.443488 0.267492
vt 0.944059 0.202053
vt 0.942201 0.191668
vt 0.480269 0.213950
vt 0.952969 0.272210
vt 0.954027 0.295284
vt 0.949957 0.345152
vt 0.953503 0.320265
vt 0.945302 0.368444
vt 0.940534 0.387461
vt 0.399799 0.401157
vt 0.924061 0.433120
vt 0.930031 0.419064
vt 0.916541 0.449471
vt 0.388100 0.460096
vt 0.390908 0.477084
vt 0.913384 0.494679
vt 0.704368 0.543917
vt 0.704077 0.531273
vt 0.707514 0.553513
vt 0.712593 0.562435
vt 0.715832 0.570476
vt 0.407321 0.049235
vt 0.396799 0.044217
vt 0.386672 0.038948
vt 0.375005 0.034636
vt 0.362451 0.035890
vt 0.351287 0.033686
vt 0.341904 0.031644
vt 0.295018 0.075438
vt 0.284892 0.076776
vt 0.274616 0.076979
vt 0.266255 0.081482
vt 0.258224 0.089588
vt 0.252789 0.095465
vt 0.249795 0.099255
vt 0.244233 0.100066
vt 0.245863 0.104920
vt 0.249499 0.110963
vt 0.254357 0.117641
vt 0.259376 0.124602
vt 0.262396 0.131405
vt 0.265578 0.139464
vt 0.269599 0.147938
vt 0.272684 0.157800
vt 0.712448 0.718913
vt 0.720164 0.728874
vt 0.734025 0.738693
vt 0.750108 0.746676
vt 0.765039 0.759297
vt 0.778927 0.770423
vt 0.229213 0.803641
vt 0.238343 0.791207
vt 0.248869 0.778489
vt 0.259252 0.766078
vt 0.270876 0.754256
vt 0.284707 0.741955
vt 0.300782 0.729978
vt 0.317684 0.719687
vt 0.335396 0.710997
vt 0.353224 0.703724
vt 0.369033 0.697832
vt 0.384398 0.693840
vt 0.396248 0.691834
vt 0.406272 0.689600
vt 0.416957 0.687013
vt 0.427909 0.684122
vt 0.439976 0.680496
vt 0.486587 0.673776
vt 0.552344 0.675935
vt 0.571124 0.680013
vt 0.580183 0.681159
vt 0.590996 0.682347
vt 0.601771 0.684995
vt 0.613704 0.686400
vt 0.634402 0.688875
vt 0.649776 0.693645
vt 0.667352 0.699042
vt 0.684802 0.704680
vt 0.701261 0.710761
vt 0.410672 0.554884
vt 0.794892 0.620807
vt 0.800300 0.624640
vt 0.804431 0.628835
vt 0.809639 0.633010
vt 0.813102 0.637355
vt 0.443732 0.569710
vt 0.806000 0.653861
vt 0.439272 0.588948
vt 0.809395 0.647771
vt 0.439393 0.595252
vt 0.439988 0.601356
vt 0.440625 0.607727
vt 0.441024 0.614893
vt 0.441364 0.623000
vt 0.441886 0.632164
vt 0.443034 0.642872
vt 0.444689 0.653660
vt 0.454286 0.677524
vt 0.470031 0.675175
vt 0.503559 0.673289
vt 0.520388 0.673429
vt 0.536812 0.674263
vt 0.733308 0.614580
vt 0.734123 0.607143
vt 0.736129 0.599470
vt 0.734310 0.621762
vt 0.734744 0.629364
vt 0.677986 0.618182
vt 0.679266 0.612715
vt 0.690506 0.614957
vt 0.701518 0.617539
vt 0.712154 0.621205
vt 0.723108 0.624866
vt 0.657542 0.618934
vt 0.667624 0.617319
vt 0.649934 0.622328
vt 0.640393 0.623716
vt 0.713891 0.579215
vt 0.228087 0.824494
vt 0.218151 0.815016
vt 0.239057 0.834986
vt 0.251530 0.846467
vt 0.266122 0.857666
vt 0.280286 0.869155
vt 0.295110 0.879781
vt 0.310878 0.889596
vt 0.327371 0.898213
vt 0.344272 0.905457
vt 0.360258 0.911880
vt 0.375148 0.917957
vt 0.388599 0.923590
vt 0.401082 0.929239
vt 0.436647 0.944478
vt 0.424785 0.940029
vt 0.413105 0.934770
vt 0.458550 0.950468
vt 0.448109 0.948071
vt 0.468290 0.951602
vt 0.476940 0.951201
vt 0.483924 0.949311
vt 0.488100 0.947957
vt 0.555227 0.118263
vt 0.561678 0.125188
vt 0.549749 0.110044
vt 0.909379 0.055727
vt 0.896857 0.056975
vt 0.884620 0.057867
vt 0.872473 0.058456
vt 0.859697 0.058085
vt 0.846437 0.058204
vt 0.832498 0.056208
vt 0.818268 0.054236
vt 0.806769 0.049216
vt 0.694730 0.134554
vt 0.684003 0.135621
vt 0.570109 0.128947
vt 0.579991 0.130008
vt 0.589700 0.130970
vt 0.599523 0.131835
vt 0.609625 0.132641
vt 0.620361 0.133578
vt 0.631571 0.134592
vt 0.643611 0.135529
vt 0.655002 0.136007
vt 0.666239 0.136066
vt 0.675109 0.137668
vt 0.796493 0.043955
vt 0.795699 0.050583
vt 0.698505 0.147029
vt 0.544974 0.099788
vt 0.536061 0.107827
vt 0.916008 0.079824
vt 0.517898 0.118019
vt 0.928421 0.099383
vt 0.163464 0.401226
vt 0.152308 0.412929
vt 0.141870 0.424712
vt 0.331288 0.547398
vt 0.120978 0.450113
vt 0.111033 0.460914
vt 0.317898 0.593094
vt 0.085614 0.487701
vt 0.298132 0.645446
vt 0.304266 0.628510
vt 0.287852 0.678111
vt 0.027630 0.556552
vt 0.017101 0.567729
vt 0.292674 0.661903
vt 0.352727 0.193693
vt 0.415388 0.248003
vt 0.335436 0.217457
vt 0.405834 0.272997
vt 0.306384 0.249966
vt 0.398424 0.293599
vt 0.401700 0.283655
vt 0.299459 0.256449
vt 0.292581 0.263574
vt 0.285014 0.272093
vt 0.381968 0.347036
vt 0.267961 0.292640
vt 0.258289 0.303597
vt 0.369335 0.389182
vt 0.237448 0.326641
vt 0.225868 0.338791
vt 0.357170 0.436574
vt 0.187851 0.378232
vt 0.353520 0.453963
vt 0.346052 0.487045
vt 0.467277 0.045819
vt 0.461730 0.050284
vt 0.456543 0.054723
vt 0.450767 0.059598
vt 0.443882 0.065488
vt 0.437378 0.071621
vt 0.431432 0.077866
vt 0.425736 0.083884
vt 0.420518 0.089845
vt 0.416027 0.095766
vt 0.411863 0.102000
vt 0.408007 0.108880
vt 0.404204 0.116398
vt 0.400162 0.124265
vt 0.395818 0.132617
vt 0.390981 0.140988
vt 0.385754 0.149046
vt 0.380592 0.156111
vt 0.375244 0.163549
vt 0.367213 0.170258
vt 0.361646 0.179184
vt 0.488614 0.035120
vt 0.496418 0.042436
vt 0.504577 0.047341
vt 0.479589 0.037689
vt 0.473033 0.041656
vt 0.631076 0.627115
vt 0.635965 0.631351
vt 0.638335 0.635529
vt 0.640783 0.640813
vt 0.641818 0.645632
vt 0.645480 0.646512
vt 0.333911 0.030300
vt 0.332550 0.035966
vt 0.327779 0.045229
vt 0.330102 0.040530
vt 0.325830 0.050701
vt 0.326190 0.055451
vt 0.330403 0.064930
vt 0.325444 0.113393
vt 0.349319 0.102006
vt 0.326397 0.058274
vt 0.328783 0.060608
vt 0.348347 0.087134
vt 0.346475 0.094656
vt 0.170161 0.713006
vt 0.165947 0.703685
vt 0.158809 0.695804
vt 0.149374 0.690416
vt 0.140328 0.687649
vt 0.130913 0.686856
vt 0.121412 0.687142
vt 0.111968 0.688487
vt 0.102910 0.690013
vt 0.093890 0.691188
vt 0.085230 0.692009
vt 0.077759 0.692074
vt 0.071949 0.690683
vt 0.147567 0.843027
vt 0.171302 0.729633
vt 0.171023 0.722490
vt 0.877674 0.564786
vt 0.875731 0.569286
vt 0.873490 0.575572
vt 0.874287 0.582532
vt 0.876898 0.591539
vt 0.872698 0.593480
vt 0.868423 0.594836
vt 0.859572 0.596779
vt 0.863487 0.595350
vt 0.858765 0.601032
vt 0.857145 0.607029
vt 0.855735 0.613905
vt 0.855014 0.620890
vt 0.854619 0.628170
vt 0.854746 0.635996
vt 0.855216 0.643928
vt 0.856018 0.651435
vt 0.856558 0.659069
vt 0.852910 0.667357
vt 0.844085 0.676444
vt 0.899050 0.564485
vt 0.893316 0.564281
vt 0.887120 0.564654
vt 0.882176 0.565226
vt 0.867884 0.745958
vt 0.860601 0.744704
vt 0.852283 0.744477
vt 0.843150 0.745074
vt 0.834375 0.748116
vt 0.826987 0.751882
vt 0.820293 0.756074
vt 0.814486 0.761131
vt 0.810279 0.768582
vt 0.958981 0.773701
vt 0.801766 0.785335
vt 0.799352 0.792860
vt 0.797006 0.798306
vt 0.793116 0.803256
vt 0.790624 0.810168
vt 0.790201 0.816840
vt 0.785544 0.824117
vt 0.787220 0.840028
vt 0.966381 0.840481
vt 0.788407 0.846293
vt 0.788752 0.852101
vt 0.786206 0.857368
vt 0.785485 0.865079
vt 0.780555 0.870404
vt 0.776372 0.876260
vt 0.987808 0.899323
vt 0.766986 0.886526
vt 0.762563 0.893874
vt 0.089368 0.064447
vt 0.082892 0.065219
vt 0.075910 0.067297
vt 0.069123 0.070654
vt 0.062634 0.074761
vt 0.181809 0.068101
vt 0.188856 0.070497
vt 0.196072 0.072585
vt 0.201863 0.075074
vt 0.039619 0.120985
vt 0.037436 0.124572
vt 0.034628 0.130248
vt 0.032100 0.137702
vt 0.030333 0.146230
vt 0.029990 0.155751
vt 0.032167 0.165900
vt 0.034269 0.173939
vt 0.174701 0.065304
vt 0.168194 0.062345
vt 0.035483 0.182639
vt 0.037537 0.191430
vt 0.039987 0.200158
vt 0.042982 0.208562
vt 0.045752 0.216686
vt 0.047088 0.224572
vt 0.036045 0.244129
vt 0.042040 0.237088
vt 0.221288 0.175975
vt 0.033569 0.254998
vt 0.032288 0.264703
vt 0.029934 0.273303
vt 0.126088 0.075208
vt 0.126981 0.069362
vt 0.128892 0.063531
vt 0.131200 0.058396
vt 0.094803 0.064542
vt 0.528721 0.939388
vt 0.493629 0.945570
vt 0.517100 0.926193
vt 0.503597 0.935826
vn 0.692023 0.706505 0.148172
vn 0.587452 0.803353 0.097591
vn 0.590871 0.806710 -0.009531
vn 0.655443 0.748705 0.099172
vn 0.557018 0.830492 -0.003756
vn 0.607052 0.789620 0.089370
vn 0.666110 0.686546 0.291465
vn 0.554652 0.786807 0.270732
vn 0.533774 0.556702 0.636528
vn 0.562698 0.680965 0.468676
vn 0.624661 0.735186 0.263248
vn 0.605064 0.779244 0.163327
vn 0.620196 0.771189 0.143609
vn 0.666280 0.736957 0.113867
vn 0.746155 0.652171 0.133887
vn 0.738292 0.631287 0.237490
vn 0.086737 -0.959571 0.267770
vn 0.183335 -0.975712 0.119891
vn 0.181108 -0.973497 0.139657
vn -0.056462 -0.985369 0.160811
vn -0.024259 -0.968519 0.247754
vn 0.158114 -0.911646 0.379343
vn 0.251914 -0.966884 0.040922
vn 0.279347 -0.950467 0.136297
vn 0.369834 -0.818232 0.440135
vn 0.343759 -0.801837 0.488762
vn 0.123030 -0.805920 0.579099
vn 0.109942 -0.764617 0.635038
vn 0.308362 -0.850674 0.425755
vn 0.260834 -0.917932 0.298943
vn 0.302356 -0.941531 0.148661
vn 0.255709 -0.955493 0.147126
vn 0.452974 0.090967 0.886871
vn 0.488122 0.078714 0.869218
vn 0.530164 0.515356 0.673302
vn 0.513237 0.536745 0.669696
vn 0.490294 0.137547 0.860635
vn 0.531215 0.223620 0.817193
vn 0.591809 0.523537 0.612920
vn 0.562316 0.489748 0.666294
vn 0.828550 0.099054 0.551084
vn 0.922772 0.157203 0.351821
vn 0.761434 0.594478 0.258483
vn 0.752713 0.550617 0.360893
vn 0.974371 0.168218 0.149347
vn 0.885980 0.453880 0.095037
vn 0.404773 0.876717 0.259857
vn 0.306075 0.950868 0.046572
vn 0.434024 0.900560 0.024791
vn 0.469065 0.859825 0.201689
vn 0.534386 0.796193 0.283739
vn 0.414461 0.909802 0.021976
vn 0.352196 0.935674 0.021722
vn 0.476104 0.831100 0.287399
vn 0.617788 0.750582 0.234445
vn 0.744321 0.656677 0.121494
vn 0.776258 0.570697 0.267822
vn 0.512625 0.857405 0.045515
vn 0.618928 0.670862 0.408499
vn 0.484528 0.816252 0.314589
vn 0.549198 0.809230 0.208635
vn 0.531229 0.841301 0.100045
vn 0.588578 0.256663 0.766616
vn 0.675473 0.186779 0.713337
vn 0.626063 0.647888 0.433920
vn 0.632754 0.581196 0.511697
vn 0.598746 0.799524 0.047587
vn 0.481593 0.861932 0.158561
vn 0.225855 -0.900664 0.371207
vn 0.403807 -0.881516 0.244682
vn 0.361686 -0.901869 0.236254
vn 0.303671 -0.864268 0.401030
vn 0.330685 -0.849243 0.411624
vn 0.149632 -0.960729 0.233687
vn 0.321636 -0.884249 0.338606
vn 0.240814 -0.914697 0.324559
vn 0.279969 -0.891276 0.356713
vn 0.466277 -0.658917 0.590267
vn 0.443172 -0.649694 0.617654
vn 0.317775 -0.906773 0.277096
vn 0.565534 -0.636147 0.524870
vn 0.545697 -0.746479 0.380768
vn 0.690349 0.723434 -0.007907
vn 0.586157 0.805997 -0.082393
vn 0.372202 -0.927424 -0.036751
vn 0.545394 -0.832646 0.096154
vn 0.305342 -0.553805 0.774640
vn 0.441915 -0.097859 0.891703
vn 0.390109 -0.106962 0.914535
vn 0.268701 -0.539777 0.797772
vn 0.383033 -0.579661 0.719221
vn 0.459108 -0.259126 0.849749
vn 0.440039 -0.155796 0.884360
vn 0.349009 -0.547581 0.760492
vn 0.590615 -0.355009 0.724667
vn 0.518635 -0.339192 0.784835
vn 0.708334 -0.361969 0.606005
vn 0.795205 -0.431400 0.426079
vn 0.702303 -0.691687 0.168343
vn 0.876475 -0.439829 0.195813
vn 0.457802 0.022863 0.888760
vn 0.434594 0.011037 0.900559
vn 0.474934 -0.002528 0.880018
vn 0.438569 0.029874 0.898201
vn 0.643451 -0.135614 0.753379
vn 0.549103 -0.065715 0.833167
vn 0.773790 -0.162494 0.612245
vn 0.892059 -0.147274 0.427249
vn 0.973306 -0.132373 0.187493
vn 0.096895 -0.978062 0.184406
vn -0.068286 -0.967982 0.241554
vn 0.066136 -0.890170 0.450804
vn 0.147122 -0.883374 0.444978
vn -0.044114 -0.966065 0.254503
vn 0.015817 -0.966198 0.257315
vn 0.200178 -0.846259 0.493735
vn 0.125519 -0.867709 0.480965
vn 0.549881 0.419306 0.722366
vn 0.367208 -0.458782 0.809121
vn 0.393795 0.103419 0.913362
vn 0.355897 0.013136 0.934433
vn 0.342607 -0.115343 0.932371
vn 0.430955 -0.348691 0.832282
vn 0.325140 -0.292390 0.899329
vn 0.332765 -0.269664 0.903631
vn 0.429727 0.164351 0.887875
vn 0.456970 0.111419 0.882476
vn 0.510175 0.256384 0.820968
vn 0.354657 0.038661 0.934197
vn 0.412510 -0.004168 0.910944
vn 0.354233 0.073053 0.932299
vn 0.357356 -0.062718 0.931860
vn 0.365067 -0.004060 0.930972
vn 0.398337 0.015696 0.917105
vn 0.321709 0.017178 0.946683
vn 0.344929 0.020288 0.938409
vn 0.394928 0.009094 0.918667
vn 0.446259 0.888770 -0.104597
vn 0.348157 0.929956 -0.118185
vn 0.309291 0.935787 -0.169239
vn 0.318641 0.940393 -0.118866
vn 0.340359 0.940248 0.009421
vn 0.488475 0.869871 0.068679
vn 0.077058 -0.991794 0.102012
vn -0.099408 -0.987377 0.123304
vn -0.125571 -0.989471 0.071958
vn -0.106971 -0.992390 0.060982
vn -0.019769 -0.996722 0.078456
vn 0.144636 -0.979115 0.142877
vn 0.195734 -0.952604 0.232880
vn 0.201704 -0.970295 0.133582
vn 0.357724 0.903536 -0.235916
vn 0.275653 0.948713 -0.154790
vn 0.317958 0.935241 -0.155653
vn 0.407489 0.908902 -0.088595
vn 0.468439 0.881323 0.061928
vn 0.561127 0.812904 0.155959
vn 0.110908 -0.973114 0.201863
vn -0.000023 -0.991650 0.128956
vn -0.101033 -0.994883 0.000731
vn -0.159533 -0.985682 -0.054599
vn -0.136226 -0.989776 -0.042256
vn -0.047245 -0.998088 0.039857
vn -0.056777 -0.998358 0.007597
vn 0.019436 -0.992590 -0.119947
vn 0.485159 -0.027406 0.873997
vn 0.526219 -0.043900 0.849215
vn 0.517689 -0.019537 0.855346
vn 0.480110 0.011037 0.877139
vn 0.092461 -0.069104 0.993315
vn 0.136728 0.032162 0.990086
vn -0.120160 0.055040 0.991228
vn -0.112147 -0.036585 0.993018
vn 0.512654 -0.060994 0.856426
vn 0.502253 -0.058142 0.862764
vn 0.143144 0.099076 0.984730
vn -0.097329 0.168930 0.980811
vn 0.434966 -0.272397 0.858257
vn 0.436179 -0.291787 0.851239
vn 0.024390 -0.352266 0.935582
vn -0.123206 -0.325948 0.937325
vn 0.530943 0.118196 0.839124
vn 0.531151 0.195669 0.824374
vn 0.173801 0.424206 0.888731
vn -0.010353 0.479846 0.877292
vn 0.543116 0.529561 0.651606
vn 0.491160 0.600466 0.631033
vn 0.244285 0.767123 0.593167
vn 0.121551 0.755543 0.643723
vn 0.259341 -0.768637 0.584755
vn 0.275155 -0.737385 0.616890
vn -0.139651 -0.675490 0.724024
vn -0.016074 -0.705244 0.708782
vn 0.515867 0.768620 0.378291
vn 0.358808 0.849664 0.386429
vn 0.324986 0.895958 0.302726
vn 0.232133 0.883230 0.407455
vn -0.105820 -0.868297 0.484627
vn -0.003199 -0.921332 0.388763
vn 0.149584 -0.931654 0.331127
vn 0.145630 -0.942907 0.299531
vn 0.542349 0.724172 0.425950
vn 0.271806 0.835200 0.478082
vn 0.380959 0.882148 0.276923
vn 0.261472 0.919731 0.292791
vn 0.320631 0.886069 0.334780
vn 0.234765 0.938899 0.251704
vn 0.580529 0.709725 0.399094
vn 0.259397 0.796341 0.546401
vn -0.040798 -0.886308 0.461296
vn 0.014942 -0.875907 0.482248
vn 0.218639 -0.840147 0.496336
vn 0.264275 -0.861432 0.433697
vn -0.020325 -0.871788 0.489461
vn -0.096804 -0.804517 0.585988
vn 0.276680 -0.767240 0.578611
vn 0.366945 -0.784474 0.499953
vn 0.091448 0.843420 0.529415
vn 0.195674 0.904627 0.378632
vn 0.282987 0.911865 0.297355
vn 0.381530 0.713608 0.587536
vn 0.392415 0.311424 0.865462
vn 0.357172 0.008207 0.934003
vn 0.375972 -0.001602 0.926630
vn 0.354436 -0.053713 0.933536
vn 0.247194 -0.339373 0.907591
vn 0.120143 -0.729804 0.673016
vn 0.014063 -0.937372 0.348046
vn 0.012687 -0.846594 0.532088
vn 0.011728 -0.762661 0.646693
vn -0.053052 -0.998524 0.011600
vn -0.074628 -0.984675 -0.157627
vn -0.170224 -0.983435 -0.062284
vn -0.129191 -0.991058 -0.033361
vn 0.367847 0.920911 -0.128888
vn 0.454779 0.890590 -0.005058
vn 0.411780 0.910584 -0.035683
vn 0.334912 0.940774 -0.052716
vn 0.491781 0.870559 -0.016722
vn 0.554722 0.831688 0.024061
vn 0.502831 0.863700 0.034391
vn 0.579282 0.814980 0.015526
vn -0.023008 -0.999171 0.033577
vn 0.066851 -0.982736 0.172514
vn 0.124136 -0.985531 0.115406
vn 0.167556 -0.959971 0.224457
vn 0.606647 0.788204 0.103512
vn 0.651412 0.758147 0.029572
vn 0.630224 0.756618 0.174206
vn 0.645883 0.757130 0.097927
vn 0.692465 0.698529 0.180411
vn 0.699310 0.703897 0.124479
vn 0.750042 0.650186 0.121220
vn 0.723828 0.676627 0.135091
vn 0.738082 0.670315 0.076899
vn 0.705260 0.702615 0.094557
vn 0.607468 0.775200 0.173342
vn 0.598433 0.799320 0.054452
vn 0.296891 0.884390 0.360153
vn 0.360461 0.919865 0.154651
vn 0.061811 0.870202 0.488802
vn 0.200254 0.900113 0.386904
vn 0.229436 0.857501 0.460491
vn 0.261879 0.840141 0.474955
vn 0.281908 0.766823 0.576637
vn 0.341900 0.637986 0.689984
vn 0.190856 -0.956442 0.220891
vn 0.238120 -0.946267 0.218807
vn 0.264848 -0.926877 0.265999
vn 0.297540 -0.923016 0.243950
vn 0.396490 -0.885298 0.242986
vn 0.423062 -0.866313 0.265558
vn 0.380984 -0.879899 0.283952
vn 0.430611 -0.851249 0.299917
vn 0.343690 -0.884115 0.316572
vn 0.336166 -0.877808 0.341242
vn 0.378890 -0.869002 0.318242
vn 0.340043 -0.893342 0.293788
vn 0.257850 -0.923499 0.284013
vn 0.259939 -0.885872 0.384269
vn 0.011389 -0.927411 0.373871
vn -0.021597 -0.888412 0.458539
vn -0.162690 -0.847491 0.505264
vn -0.055905 -0.867701 0.493933
vn 0.189801 -0.770275 0.608812
vn 0.029772 -0.821973 0.568747
vn 0.446051 -0.756407 -0.478422
vn 0.563299 -0.707286 -0.427131
vn 0.709787 -0.592093 -0.381612
vn 0.869344 -0.389424 -0.304287
vn 0.935393 -0.156320 -0.317182
vn 0.955436 0.082226 -0.283516
vn 0.888725 0.312900 -0.335056
vn 0.782290 0.515655 -0.349460
vn 0.722389 0.599899 -0.343911
vn 0.314343 -0.919725 -0.235150
vn 0.214864 -0.900623 -0.377772
vn 0.548266 0.800587 -0.241794
vn 0.407349 -0.724342 -0.556234
vn 0.464780 -0.641826 -0.609950
vn 0.571729 -0.518095 -0.636163
vn 0.681494 -0.338840 -0.648655
vn 0.757977 -0.194560 -0.622589
vn 0.835769 0.051472 -0.546664
vn 0.820428 0.345455 -0.455586
vn 0.630990 0.631053 -0.451247
vn 0.368348 -0.745587 -0.555356
vn 0.109825 -0.909284 -0.401424
vn 0.241311 -0.807653 -0.538020
vn 0.487366 0.631754 -0.602794
vn 0.486739 0.795758 -0.360353
vn 0.448232 -0.732764 -0.512002
vn 0.602558 -0.595313 -0.531532
vn 0.720950 -0.369653 -0.586163
vn 0.764842 -0.254869 -0.591658
vn 0.825904 -0.018983 -0.563490
vn 0.762723 0.406022 -0.503388
vn 0.375082 -0.754726 -0.538240
vn 0.527431 -0.619213 -0.581715
vn 0.665929 -0.372969 -0.646090
vn 0.698672 -0.234460 -0.675933
vn 0.716329 0.025908 -0.697282
vn 0.619321 0.442838 -0.648333
vn 0.391839 0.726819 -0.564089
vn 0.463022 0.716166 -0.522223
vn 0.481709 0.744814 -0.461746
vn 0.585763 0.706545 -0.397083
vn 0.653256 0.753943 -0.069470
vn 0.668177 0.743921 0.010982
vn 0.745723 0.659852 0.092161
vn 0.750757 0.635817 0.179167
vn 0.688417 0.693232 0.213334
vn 0.601561 0.770455 0.211006
vn 0.495175 0.817764 0.293365
vn 0.410923 0.784177 0.464982
vn 0.421477 0.682601 0.597004
vn 0.421580 0.611953 0.669167
vn 0.399579 0.719088 -0.568550
vn 0.059628 -0.966774 -0.248583
vn 0.063392 -0.916232 -0.395601
vn 0.179329 -0.976649 -0.118317
vn 0.174335 -0.981034 -0.084731
vn 0.217259 -0.971987 -0.089662
vn 0.341812 -0.934793 0.096571
vn 0.461943 -0.866684 0.188326
vn 0.456792 -0.853760 0.249869
vn 0.339866 -0.890062 0.303778
vn 0.293729 -0.900808 0.319793
vn 0.266209 -0.914065 0.305971
vn 0.127194 -0.916894 0.378321
vn 0.117113 -0.849797 0.513935
vn 0.305618 -0.754960 0.580201
vn 0.319384 -0.762184 -0.563090
vn 0.250959 -0.793362 -0.554614
vn 0.425902 -0.607362 -0.670611
vn 0.524472 -0.323153 -0.787719
vn 0.531780 -0.090298 -0.842055
vn 0.492743 0.134080 -0.859783
vn 0.471569 0.397113 -0.787352
vn 0.395877 0.452998 -0.798795
vn 0.161270 -0.845924 -0.508336
vn 0.346086 0.488280 -0.801129
vn 0.340333 0.505212 -0.793054
vn 0.353681 0.496008 -0.793023
vn 0.379806 0.504114 -0.775640
vn 0.129355 -0.886232 -0.444815
vn 0.186055 -0.881809 -0.433354
vn 0.135868 -0.866850 -0.479699
vn 0.469586 0.485479 -0.737428
vn 0.128152 -0.702244 -0.700307
vn 0.185732 -0.748228 -0.636914
vn 0.208713 -0.761099 -0.614140
vn 0.277843 -0.734673 -0.618917
vn 0.335831 -0.671307 -0.660730
vn 0.379948 0.320472 -0.867720
vn 0.356331 0.422826 -0.833215
vn 0.344470 0.485774 -0.803346
vn 0.359901 0.488327 -0.794989
vn 0.391269 0.412086 -0.822857
vn 0.390596 0.288754 -0.874103
vn 0.443914 -0.299168 -0.844653
vn 0.452505 0.073472 -0.888730
vn 0.438691 0.178552 -0.880721
vn 0.409306 -0.286529 -0.866239
vn 0.350435 0.235026 -0.906619
vn 0.315241 -0.265355 -0.911159
vn 0.168568 0.117749 -0.978632
vn 0.227673 0.223938 -0.947637
vn 0.280183 0.251453 -0.926428
vn 0.245414 -0.217027 -0.944813
vn 0.165754 -0.170039 -0.971397
vn 0.065845 -0.112499 -0.991468
vn 0.090260 -0.607547 -0.789139
vn 0.126092 -0.853291 -0.505960
vn 0.614919 0.389794 -0.685518
vn 0.670896 0.549536 -0.497905
vn 0.445591 0.154264 -0.881845
vn 0.171295 -0.076181 -0.982270
vn 0.055630 -0.090583 -0.994334
vn 0.150840 -0.434617 -0.887894
vn 0.256616 -0.788743 -0.558599
vn 0.298079 -0.884264 -0.359481
vn 0.653255 0.729393 -0.203088
vn 0.404161 -0.884123 -0.234477
vn 0.736768 0.670139 -0.089927
vn 0.780739 0.624843 -0.004274
vn 0.737218 0.675655 0.000353
vn 0.676167 0.736309 0.025442
vn 0.637954 0.759096 0.129571
vn 0.602733 0.751207 0.269073
vn 0.525645 0.757421 0.387312
vn 0.506840 0.731011 0.456877
vn 0.455951 0.755551 0.470374
vn 0.459976 -0.883815 -0.085394
vn 0.406657 -0.912851 -0.036522
vn 0.325233 -0.945352 0.023088
vn 0.287580 -0.949579 0.124888
vn 0.260012 -0.943464 0.205594
vn 0.221449 -0.933879 0.280768
vn 0.242550 -0.893517 0.377886
vn 0.341582 -0.834523 0.432313
vn 0.322259 -0.673270 -0.665475
vn 0.401231 -0.836254 -0.373754
vn 0.393959 -0.856351 -0.333855
vn 0.402619 -0.891580 -0.207324
vn 0.358595 -0.932796 -0.036090
vn 0.276423 -0.959673 0.051174
vn 0.281370 -0.953629 0.106881
vn 0.313836 -0.932743 0.177475
vn 0.341931 -0.912753 0.223530
vn 0.728770 0.505361 -0.462065
vn 0.763942 0.621611 -0.173186
vn 0.695547 0.689957 -0.200434
vn 0.648665 0.739673 -0.179214
vn 0.633790 0.760114 -0.143307
vn 0.609265 0.787717 -0.091091
vn 0.545522 0.838084 -0.004589
vn 0.502185 0.861486 0.075180
vn 0.444314 0.887177 0.124507
vn 0.639837 0.322446 -0.697594
vn 0.451733 0.015056 -0.892026
vn 0.209531 -0.256246 -0.943629
vn 0.102852 -0.136109 -0.985341
vn 0.191291 -0.291819 -0.937150
vn 0.219810 -0.192188 -0.956424
vn 0.296785 -0.546002 -0.783454
vn 0.548501 0.290249 -0.784157
vn 0.625589 0.529732 -0.572733
vn 0.394232 -0.033966 -0.918383
vn 0.230447 -0.346462 -0.909317
vn 0.175523 -0.219009 -0.959806
vn 0.593894 0.696178 -0.403269
vn 0.591595 0.750391 -0.294838
vn 0.568173 0.764167 -0.305333
vn 0.519538 0.801334 -0.296554
vn 0.463997 0.849004 -0.252782
vn 0.409913 0.889488 -0.201948
vn 0.369984 -0.736467 -0.566329
vn 0.348067 -0.877590 -0.329675
vn 0.253872 -0.932737 -0.256030
vn 0.303729 -0.927506 -0.217904
vn 0.324209 -0.932124 -0.161347
vn 0.333858 -0.938758 -0.085281
vn 0.487393 0.453147 -0.746396
vn 0.490587 0.613623 -0.618702
vn 0.269382 -0.530704 -0.803608
vn 0.279500 -0.331726 -0.901021
vn 0.458210 0.227828 -0.859150
vn 0.365072 -0.103590 -0.925198
vn 0.240225 -0.395566 -0.886465
vn 0.248364 -0.275970 -0.928523
vn 0.290154 -0.132654 -0.947741
vn 0.237271 -0.702865 -0.670584
vn 0.273422 -0.745041 -0.608403
vn 0.319965 -0.768338 -0.554328
vn 0.339230 -0.801213 -0.492931
vn 0.345946 -0.858473 -0.378610
vn 0.514666 0.723096 -0.460707
vn 0.501892 0.700899 -0.506799
vn 0.484562 0.716084 -0.502418
vn 0.468511 0.757303 -0.454962
vn 0.438723 0.818683 -0.370514
vn 0.387231 -0.296062 -0.873155
vn 0.378608 -0.100689 -0.920064
vn 0.294045 -0.262077 -0.919159
vn 0.232677 -0.416241 -0.878980
vn 0.329311 -0.172963 -0.928245
vn 0.422647 0.188271 -0.886524
vn 0.442741 0.425015 -0.789521
vn 0.343813 -0.529488 -0.775523
vn 0.451839 0.573845 -0.683040
vn 0.348185 -0.571764 -0.742868
vn 0.363602 -0.591377 -0.719769
vn 0.352772 -0.739035 -0.573915
vn 0.467774 0.588385 -0.659538
vn 0.504802 0.607089 -0.613692
vn 0.474358 0.745067 -0.468892
vn 0.400923 -0.321687 -0.857775
vn 0.448703 0.424430 -0.786464
vn 0.424922 -0.077413 -0.901914
vn 0.353978 -0.199459 -0.913737
vn 0.243852 -0.400685 -0.883169
vn 0.284676 -0.211241 -0.935060
vn 0.388963 0.160483 -0.907167
vn 0.471409 0.387302 -0.792320
vn 0.350752 0.105257 -0.930534
vn 0.237058 -0.218941 -0.946503
vn 0.244860 -0.342009 -0.907234
vn 0.363646 -0.126331 -0.922931
vn 0.403022 -0.073924 -0.912200
vn 0.378205 -0.339841 -0.861086
vn 0.446373 0.294910 -0.844855
vn 0.480494 0.506443 -0.715989
vn 0.337418 0.021120 -0.941118
vn 0.236340 -0.233462 -0.943207
vn 0.234055 -0.282952 -0.930138
vn 0.309235 -0.076383 -0.947913
vn 0.344058 -0.053816 -0.937405
vn 0.354797 -0.287999 -0.889480
vn 0.355531 -0.475768 -0.804514
vn 0.436224 0.671064 -0.599485
vn 0.322761 -0.614049 -0.720256
vn 0.254528 0.490153 -0.833646
vn 0.247515 0.707411 -0.662047
vn 0.207563 -0.459459 -0.863606
vn 0.112770 -0.681803 -0.722792
vn 0.249335 -0.230223 -0.940654
vn 0.257671 -0.027338 -0.965846
vn 0.236585 -0.039670 -0.970801
vn 0.187689 -0.264694 -0.945891
vn 0.220881 -0.268607 -0.937583
vn 0.279536 -0.010127 -0.960082
vn 0.284972 0.255050 -0.923981
vn -0.022602 -0.497144 -0.867374
vn -0.151381 -0.708328 -0.689460
vn 0.102655 -0.222955 -0.969409
vn 0.182200 -0.037818 -0.982534
vn 0.199461 -0.005068 -0.979893
vn 0.136123 -0.232722 -0.962970
vn 0.101225 -0.281779 -0.954125
vn 0.110226 0.026562 -0.993552
vn 0.089016 0.280457 -0.955730
vn 0.056221 0.518641 -0.853142
vn 0.033604 0.737634 -0.674365
vn 0.119853 -0.840568 -0.528281
vn 0.159766 -0.944665 -0.286501
vn 0.173470 -0.984835 0.002955
vn -0.271301 -0.270171 0.923799
vn -0.243892 -0.634830 0.733149
vn -0.193421 -0.818748 0.540593
vn -0.146869 -0.835009 0.530272
vn 0.007791 -0.799266 0.600927
vn 0.223608 -0.708479 0.669371
vn 0.330744 -0.674875 0.659660
vn 0.326970 -0.739637 0.588241
vn 0.258902 -0.859260 0.441183
vn 0.195169 -0.949603 0.245281
vn -0.267521 0.020018 0.963344
vn -0.280887 0.084236 0.956037
vn -0.262821 0.186230 0.946702
vn -0.155941 0.438050 0.885322
vn 0.020268 0.714429 0.699415
vn 0.336372 0.826638 -0.451135
vn 0.373988 0.872826 -0.313542
vn 0.366140 0.916185 -0.162930
vn 0.340277 0.932019 0.124708
vn 0.130834 0.871434 0.472743
vn 0.162240 0.940426 0.298791
vn 0.250246 0.919145 0.304220
vn 0.355866 0.744768 0.564517
vn 0.371964 0.586221 0.719714
vn 0.334794 0.661107 0.671454
vn 0.317378 0.834740 0.449978
vn 0.073482 0.873591 -0.481082
vn 0.146053 0.937650 -0.315407
vn 0.196213 0.971201 -0.135163
vn 0.203516 0.966522 0.156256
vn 0.205337 0.885331 0.417164
vn 0.280036 0.767205 0.577041
vn 0.396150 0.650793 0.647714
vn 0.454079 0.657743 0.600988
vn 0.397141 0.794132 0.460037
vn 0.255152 0.863153 0.435734
vn 0.079190 0.788831 0.609487
vn -0.068539 0.633295 0.770870
vn -0.191530 0.361415 0.912521
vn -0.223075 0.177692 0.958469
vn -0.230717 0.082006 0.969559
vn -0.269302 0.009629 0.963008
vn -0.298771 -0.223149 0.927869
vn -0.222705 -0.569732 0.791080
vn -0.068154 -0.761509 0.644561
vn 0.105321 -0.737929 0.666609
vn 0.195338 -0.634050 0.748214
vn 0.261294 -0.610994 0.747269
vn 0.233620 -0.706385 0.668164
vn 0.149601 -0.812212 0.563853
vn 0.037647 -0.912051 0.408346
vn -0.069148 -0.973913 0.216129
vn -0.132505 -0.990190 0.044339
vn -0.170831 -0.956462 -0.236639
vn -0.188483 -0.839626 -0.509414
vn -0.244076 -0.543612 -0.803065
vn -0.014416 -0.294367 -0.955584
vn 0.171362 -0.103633 -0.979743
vn 0.232292 0.008494 -0.972609
vn 0.156420 -0.166921 -0.973484
vn 0.039188 -0.236343 -0.970879
vn -0.008019 0.062296 -0.998026
vn -0.039170 0.301303 -0.952724
vn -0.100438 0.537050 -0.837550
vn -0.173300 0.740628 -0.649182
vn -0.207487 0.860120 -0.465985
vn -0.174939 0.929611 -0.324377
vn -0.090605 0.985747 -0.141751
vn -0.011914 0.986796 0.161526
vn 0.051436 0.920396 0.387589
vn 0.129068 0.857100 0.498719
vn 0.206428 0.771030 0.602412
vn 0.252306 0.711483 0.655845
vn 0.231906 0.736308 0.635664
vn 0.140618 0.750634 0.645581
vn -0.090208 0.498267 0.862318
vn 0.028673 0.667887 0.743710
vn -0.160584 0.301698 0.939783
vn -0.174503 0.188711 0.966404
vn -0.162177 0.083889 0.983189
vn -0.162015 -0.035152 0.986162
vn -0.182860 -0.189680 0.964668
vn -0.149853 -0.450291 0.880217
vn -0.044537 -0.590751 0.805624
vn 0.073833 -0.595079 0.800268
vn 0.113096 -0.602616 0.789977
vn 0.050443 -0.666661 0.743652
vn -0.398920 -0.687983 -0.606253
vn -0.009562 -0.783516 0.621298
vn -0.122714 -0.876585 0.465338
vn -0.233583 -0.929854 0.284271
vn -0.347663 -0.930828 0.112648
vn -0.455165 -0.890404 -0.002280
vn -0.498352 -0.840539 -0.212460
vn -0.475992 -0.761536 -0.439880
vn -0.155703 0.246989 0.956427
vn -0.190444 0.188489 0.963433
vn -0.155117 -0.020793 0.987677
vn -0.148723 -0.181519 0.972076
vn -0.179526 0.127691 0.975431
vn -0.148262 -0.350619 0.924708
vn -0.153081 -0.512440 0.844969
vn -0.176356 -0.568878 0.803291
vn -0.541442 -0.840648 -0.012318
vn -0.632898 -0.770431 -0.076662
vn -0.441961 -0.882515 0.160745
vn -0.347835 -0.858106 0.377711
vn -0.270228 -0.769165 0.579105
vn -0.255402 -0.666007 0.700860
vn -0.234914 -0.607356 0.758903
vn -0.093984 0.384278 0.918421
vn -0.013219 0.551287 0.834211
vn 0.066377 0.665298 0.743621
vn 0.094605 0.719323 0.688204
vn -0.672639 -0.714636 -0.191969
vn -0.650889 -0.670481 -0.356088
vn -0.584755 -0.642495 -0.495239
vn -0.427243 -0.593517 -0.682057
vn -0.232925 -0.369075 -0.899739
vn -0.032257 -0.206176 -0.977983
vn 0.179602 -0.034938 -0.983119
vn 0.188831 -0.056090 -0.980407
vn 0.036963 -0.141432 -0.989258
vn -0.035031 0.095184 -0.994843
vn -0.107839 0.358707 -0.927200
vn -0.222770 0.592361 -0.774262
vn -0.310379 0.742305 -0.593841
vn -0.357450 0.836790 -0.414743
vn 0.066832 0.763130 0.642780
vn 0.000651 0.839327 0.543626
vn -0.075051 0.900841 0.427613
vn -0.157940 0.929176 0.334196
vn -0.254774 0.960198 0.114499
vn -0.337079 0.923812 -0.181517
vn -0.372670 0.871825 -0.317866
vn -0.701509 -0.643853 -0.305513
vn -0.610087 -0.703368 -0.364784
vn -0.713012 -0.668351 -0.211945
vn -0.690994 -0.707852 -0.146534
vn -0.648331 -0.748531 -0.139171
vn -0.594561 -0.801794 0.060194
vn -0.537610 -0.769056 0.345730
vn -0.545710 -0.637275 0.544134
vn -0.566013 -0.587292 0.578547
vn -0.502482 -0.599453 0.623032
vn -0.410122 -0.557293 0.721959
vn -0.376986 -0.496348 0.781997
vn -0.276502 -0.337669 0.899737
vn -0.236004 -0.136291 0.962147
vn -0.262945 0.036788 0.964109
vn -0.266357 0.165924 0.949486
vn -0.251865 0.173744 0.952038
vn -0.213619 0.193492 0.957564
vn -0.166148 0.339098 0.925963
vn -0.126672 0.505336 0.853575
vn -0.088314 0.623812 0.776569
vn -0.047038 0.715980 0.696534
vn -0.023248 0.786175 0.617566
vn -0.061464 0.879475 0.471960
vn -0.157077 0.930242 0.331626
vn -0.281828 0.926712 0.248552
vn -0.375767 0.925402 0.049288
vn -0.409124 0.886782 -0.215022
vn -0.424550 0.847598 -0.318333
vn -0.437098 0.816587 -0.377002
vn -0.403646 0.751268 -0.522174
vn -0.325848 0.644424 -0.691766
vn -0.229932 0.441026 -0.867541
vn -0.137076 0.158100 -0.977862
vn 0.000748 -0.021088 -0.999777
vn 0.105141 0.034720 -0.993851
vn 0.011598 -0.129392 -0.991526
vn -0.160196 -0.295060 -0.941954
vn -0.005553 -0.398158 -0.917300
vn -0.227182 -0.768341 -0.598365
vn 0.857270 -0.447910 -0.253899
vn 0.900438 -0.258169 -0.350087
vn 0.914207 -0.081120 -0.397045
vn 0.692813 -0.086824 -0.715871
vn 0.325166 0.118621 -0.938188
vn 0.133201 0.127514 -0.982852
vn -0.172835 0.275613 -0.945603
vn -0.364411 0.511227 -0.778365
vn -0.446163 0.653388 -0.611574
vn -0.476478 0.749009 -0.460385
vn -0.474443 0.799744 -0.367850
vn -0.446273 0.826209 -0.343830
vn -0.405365 0.878850 -0.251597
vn -0.357198 0.933333 -0.036032
vn -0.287042 0.946875 0.145036
vn -0.208090 0.954205 0.214924
vn -0.152603 0.911545 0.381835
vn -0.131701 0.788494 0.600777
vn -0.146540 0.683085 0.715487
vn -0.190880 0.578081 0.793339
vn -0.243250 0.480295 0.842702
vn -0.282557 0.325532 0.902325
vn -0.288920 0.177580 0.940739
vn -0.290960 0.155983 0.943934
vn -0.320647 0.153783 0.934632
vn -0.360440 0.063275 0.930634
vn -0.340222 -0.058059 0.938551
vn -0.256772 -0.334911 0.906589
vn -0.341845 -0.573096 0.744784
vn -0.561366 -0.508123 0.653207
vn -0.602745 -0.618123 0.504601
vn -0.652591 -0.594174 0.470194
vn -0.689997 -0.510572 0.513050
vn -0.629059 -0.632563 0.451829
vn -0.647720 -0.759260 0.063114
vn -0.760566 -0.625448 -0.174225
vn -0.771684 -0.621545 -0.134854
vn -0.748350 -0.641146 -0.170011
vn -0.520498 -0.847849 -0.101165
vn 0.504842 -0.747137 0.432344
vn 0.829646 -0.530878 0.172787
vn 0.796335 -0.574188 -0.190154
vn 0.822635 0.050207 -0.566348
vn 0.922562 -0.049728 -0.382630
vn 0.985744 -0.012826 -0.167761
vn 0.986179 0.076201 -0.147118
vn 0.931463 0.168433 -0.322501
vn 0.783560 0.259875 -0.564356
vn 0.320025 0.484184 -0.814341
vn -0.103905 0.640934 -0.760531
vn -0.308222 0.731341 -0.608390
vn -0.412084 0.784153 -0.463995
vn -0.444017 0.811277 -0.380367
vn -0.448442 0.814167 -0.368825
vn -0.435400 0.852015 -0.290684
vn -0.403241 0.907997 -0.113744
vn -0.365367 0.927240 0.082053
vn -0.326551 0.932402 0.154887
vn -0.297941 0.909638 0.289463
vn -0.278474 0.789303 0.547223
vn -0.273570 0.648272 0.710565
vn -0.305817 0.525185 0.794139
vn -0.346243 0.436090 0.830628
vn -0.358664 0.337658 0.870257
vn -0.327337 0.215540 0.919996
vn -0.310667 0.143866 0.939568
vn -0.333578 0.122489 0.934731
vn -0.356547 0.054944 0.932660
vn -0.358989 -0.010535 0.933282
vn -0.241834 -0.201461 0.949173
vn 0.021139 -0.550232 0.834744
vn -0.263571 -0.768612 0.582895
vn -0.421188 -0.639516 0.643133
vn -0.454161 -0.723021 0.520555
vn -0.459567 -0.749700 0.476180
vn -0.481065 -0.666635 0.569364
vn -0.387912 -0.579964 0.716356
vn 0.014746 -0.753145 0.657689
vn -0.647929 -0.561555 -0.514630
vn -0.751079 -0.628340 -0.202657
vn -0.685719 -0.722429 -0.088807
vn -0.487333 -0.869030 -0.085405
vn 0.095605 -0.988027 0.121089
vn 0.827381 -0.182657 0.531109
vn 0.851976 0.187918 0.488696
vn 0.840737 0.063238 0.537739
vn 0.472152 -0.533947 -0.701408
vn 0.502217 -0.776407 -0.380750
vn 0.889521 -0.456800 0.009313
vn 0.941020 -0.315556 0.122088
vn 0.974469 -0.057109 0.217139
vn 0.932700 0.163210 0.321610
vn 0.922790 0.233839 0.306231
vn 0.985750 0.168173 -0.003907
vn 0.965890 0.226260 0.125949
vn 0.954935 0.228346 0.189625
vn 0.991874 0.113677 -0.057126
vn 0.997603 -0.051074 0.046684
vn 0.898991 -0.437772 0.013079
vn 0.810526 -0.584874 0.031154
vn 0.735545 -0.674545 0.062955
vn 0.738733 -0.672166 0.049671
vn 0.850742 -0.525316 -0.016743
vn 0.555534 -0.825228 -0.101884
vn 0.114644 -0.969619 -0.216094
vn -0.071425 -0.954002 -0.291168
vn 0.014291 -0.965396 -0.260398
vn 0.181458 -0.949499 -0.255979
vn 0.889211 0.163578 -0.427254
vn 0.681737 -0.021828 -0.731272
vn 0.613285 -0.586746 -0.528783
vn 0.669143 -0.718541 0.189596
vn 0.943743 -0.146776 0.296322
vn 0.787331 -0.595326 -0.160304
vn 0.354950 -0.860132 -0.366310
vn 0.757905 -0.647611 -0.078607
vn 0.700941 -0.597511 -0.389439
vn 0.570651 -0.586932 -0.574342
vn 0.416183 -0.447569 -0.791501
vn 0.384407 -0.289990 -0.876434
vn 0.573237 -0.132353 -0.808630
vn 0.732108 0.136589 -0.667354
vn 0.797237 0.360951 -0.483868
vn 0.674360 0.524845 -0.519400
vn 0.532475 0.668303 -0.519463
vn 0.274096 0.822986 -0.497560
vn 0.021615 0.889552 -0.456323
vn -0.194788 0.897342 -0.396025
vn -0.317957 0.868609 -0.380030
vn -0.367095 0.869366 -0.330824
vn -0.398184 0.904122 -0.154964
vn -0.438861 0.896391 0.062326
vn -0.457537 0.879389 0.131662
vn -0.480369 0.849144 0.219545
vn -0.496505 0.743820 0.447453
vn -0.477636 0.604592 0.637442
vn -0.462118 0.487125 0.741051
vn -0.453071 0.417769 0.787525
vn -0.428780 0.373224 0.822710
vn -0.375149 0.290396 0.880303
vn -0.332872 0.152169 0.930613
vn -0.349810 0.090225 0.932466
vn -0.404301 0.039602 0.913768
vn -0.469203 -0.030421 0.882566
vn -0.534665 -0.112452 0.837549
vn -0.489561 -0.320440 0.810955
vn 0.714223 -0.528947 0.458368
vn -0.106359 -0.844644 0.524657
vn 0.739222 -0.226932 0.634076
vn 0.740487 -0.291813 0.605412
vn 0.758213 -0.471747 0.450075
vn 0.539642 -0.707243 0.456721
vn 0.470399 -0.723729 0.504918
vn 0.460144 -0.718457 0.521620
vn 0.583172 -0.775149 0.243011
vn 0.958643 -0.120581 0.257805
vn 0.992291 -0.076568 0.097442
vn 0.995579 -0.093456 0.009377
vn 0.993619 -0.104661 -0.042041
vn 0.950891 -0.306101 -0.045910
vn 0.597245 -0.799651 0.062106
vn 0.708331 -0.540688 0.453788
vn 0.557499 -0.666836 0.494495
vn 0.867448 -0.381198 0.319723
vn 0.878852 -0.408072 0.247175
vn 0.853765 -0.433979 0.287657
vn 0.631379 -0.588181 0.505375
vn -0.427337 -0.541759 0.723796
vn -0.498644 -0.583761 0.640763
vn -0.426058 -0.679829 0.596914
vn -0.481820 -0.673056 0.561110
vn -0.557518 -0.653955 0.511387
vn -0.601007 -0.631490 0.489909
vn -0.028580 -0.948613 0.315147
vn -0.205217 -0.978467 0.022087
vn -0.350170 -0.915148 -0.199712
vn -0.080209 -0.980434 -0.179765
vn 0.271910 -0.961051 -0.049445
vn 0.532331 -0.837100 0.126042
vn -0.766108 -0.464704 0.443991
vn -0.695048 -0.533940 0.481472
vn -0.808569 -0.432291 0.399176
vn -0.811068 -0.405466 0.421623
vn -0.810337 -0.343501 0.474722
vn -0.814984 -0.321233 0.482297
vn -0.802854 -0.252201 0.540204
vn -0.636191 -0.595566 0.490471
vn -0.709394 -0.650839 0.270498
vn -0.729714 -0.678036 0.088231
vn -0.205192 -0.978584 0.016415
vn -0.131402 -0.988265 -0.077884
vn 0.210583 -0.955905 0.204694
vn 0.617536 -0.734932 0.280220
vn 0.834763 -0.497794 0.235310
vn 0.935574 -0.271890 -0.225339
vn 0.793536 -0.280136 -0.540208
vn 0.535663 -0.177466 -0.825573
vn 0.089958 -0.265312 -0.959957
vn -0.029479 -0.269780 -0.962471
vn 0.176359 0.048235 -0.983143
vn 0.343555 0.382080 -0.857895
vn 0.378342 0.564679 -0.733481
vn 0.434103 0.699745 -0.567373
vn 0.432186 0.800691 -0.414861
vn 0.353950 0.864386 -0.357150
vn 0.207854 0.913686 -0.349249
vn 0.069558 0.923916 -0.376221
vn -0.074174 0.938735 -0.336564
vn -0.253932 0.958642 -0.128545
vn -0.398904 0.911789 0.097552
vn -0.464211 0.872543 0.152238
vn -0.514198 0.828449 0.221977
vn -0.563846 0.721604 0.401703
vn -0.563996 0.614594 0.551528
vn -0.529101 0.511430 0.677120
vn -0.496200 0.442345 0.747072
vn -0.477544 0.404496 0.779958
vn -0.443860 0.365772 0.818046
vn -0.371220 0.223066 0.901353
vn -0.357193 0.042993 0.933041
vn -0.504034 -0.040323 0.862742
vn -0.652137 -0.087431 0.753043
vn -0.739914 -0.148280 0.656156
vn -0.080237 -0.903668 0.420650
vn -0.814821 -0.572243 0.092764
vn 0.011783 -0.873536 0.486616
vn -0.733541 -0.624983 0.267045
vn -0.640670 -0.586237 0.495852
vn -0.494851 -0.686853 0.532311
vn 0.039167 -0.813753 0.579890
vn -0.553147 -0.742633 0.377524
vn 0.057927 -0.783425 0.618781
vn -0.427124 -0.796141 0.428632
vn 0.125639 -0.714806 0.687944
vn -0.235843 -0.676608 0.697552
vn -0.390072 -0.705408 0.591814
vn -0.428735 -0.592982 0.681585
vn 0.108501 -0.483265 0.868725
vn -0.076263 -0.439576 0.894962
vn -0.483088 -0.471155 0.737996
vn -0.214029 -0.369667 0.904178
vn 0.105098 -0.287958 0.951859
vn -0.657441 -0.402984 0.636691
vn -0.192934 0.263299 -0.945225
vn -0.067393 0.474055 -0.877912
vn -0.325624 -0.103869 -0.939777
vn -0.024310 -0.211230 -0.977134
vn 0.262019 -0.142557 -0.954476
vn 0.581957 0.077088 -0.809557
vn 0.082654 0.669498 -0.738201
vn 0.349005 0.804732 -0.480211
vn 0.456195 0.833771 -0.310985
vn 0.369092 0.891084 -0.264085
vn 0.174688 0.945952 -0.273236
vn -0.120014 0.966651 -0.226235
vn -0.380730 0.924439 -0.021363
vn -0.467754 0.873951 0.131970
vn -0.457904 0.873727 0.164090
vn -0.477454 0.839584 0.259109
vn -0.524415 0.738772 0.423325
vn -0.543013 0.657772 0.521991
vn -0.530796 0.575153 0.622458
vn -0.499112 0.493372 0.712370
vn -0.472459 0.430899 0.768836
vn -0.459602 0.398422 0.793742
vn -0.416612 0.322929 0.849795
vn -0.316091 0.075970 0.945683
vn -0.311812 -0.159712 0.936624
vn -0.511151 -0.196958 0.836620
vn -0.665341 -0.205818 0.717607
vn -0.724912 -0.265723 0.635527
vn -0.719180 -0.359776 0.594425
vn -0.446250 -0.363247 0.817871
vn 0.024304 -0.350909 0.936094
vn -0.480243 -0.340508 0.808345
vn 0.001476 -0.468689 0.883362
vn -0.289734 -0.342182 0.893849
vn 0.219783 -0.426572 0.877344
vn 0.139550 -0.230064 0.963118
vn -0.046255 -0.290534 0.955746
vn -0.102356 -0.108988 0.988759
vn -0.189094 0.066476 0.979706
vn -0.380587 0.276615 0.882404
vn -0.336360 0.207632 0.918559
vn -0.399069 0.357382 0.844407
vn -0.424011 0.362656 0.829877
vn -0.412179 0.442819 0.796254
vn -0.440695 0.416102 0.795391
vn -0.487843 0.489539 0.722746
vn -0.462350 0.557483 0.689525
vn -0.537026 0.546172 0.642883
vn -0.495254 0.586710 0.640698
vn -0.551413 0.599193 0.580441
vn -0.504855 0.623708 0.596749
vn -0.537912 0.667152 0.515324
vn -0.514438 0.695472 0.501669
vn -0.509356 0.734835 0.447855
vn -0.530622 0.723487 0.441596
vn -0.430335 0.856897 0.283796
vn -0.507467 0.822810 0.255855
vn -0.397652 0.908905 0.125561
vn -0.474712 0.877645 0.066248
vn -0.521034 0.851481 0.059190
vn -0.477257 0.877873 -0.039557
vn -0.646612 0.762575 0.019311
vn -0.538079 0.840542 -0.062923
vn -0.597374 0.801909 0.009245
vn -0.542111 0.831443 0.121731
vn -0.201412 0.978227 -0.050045
vn -0.369071 0.910154 0.188166
vn -0.057032 0.959995 -0.274150
vn -0.499344 0.777861 -0.381559
vn -0.554184 0.825786 -0.104677
vn -0.739159 0.505300 -0.445327
vn -0.755030 0.329407 -0.566940
vn -0.748903 0.188371 -0.635343
vn -0.687509 0.065281 -0.723236
vn -0.572672 -0.084044 -0.815465
vn -0.337133 -0.119323 -0.933865
vn 0.680458 0.225408 -0.697258
vn 0.620028 0.002339 -0.784576
vn 0.526423 0.046825 -0.848933
vn 0.326711 0.163894 -0.930806
vn -0.015688 0.152876 -0.988121
vn -0.413983 0.266452 -0.870415
vn -0.689312 0.288033 -0.664745
vn -0.902421 0.225369 -0.367212
vn -0.965315 0.123603 -0.229976
vn -0.934797 0.219472 -0.279262
vn -0.907892 0.282880 -0.309373
vn -0.886704 0.360963 -0.288896
vn -0.810651 0.329874 -0.483765
vn -0.652948 0.640177 -0.404762
vn -0.119900 0.950647 0.286172
vn -0.216266 0.944582 0.246968
vn -0.715908 0.589521 -0.374088
vn -0.137610 0.888996 0.436749
vn -0.618744 0.741030 -0.260827
vn -0.255446 0.922752 0.288576
vn -0.206777 0.937901 0.278540
vn -0.450008 0.874618 -0.180379
vn -0.414635 0.909733 -0.021528
vn -0.530612 0.847153 -0.027965
vn -0.606786 0.791363 0.074539
vn -0.629408 0.761261 0.155970
vn -0.584934 0.734340 0.344380
vn -0.547908 0.703418 0.452770
vn -0.517435 0.656682 0.548661
vn -0.457510 0.631869 0.625641
vn -0.404689 0.601796 0.688526
vn -0.348954 0.478222 0.805937
vn -0.309079 0.353884 0.882744
vn -0.335710 0.274153 0.901188
vn -0.314507 0.147169 0.937778
vn -0.093394 -0.126682 0.987537
vn 0.233106 -0.429630 0.872399
vn 0.389553 -0.539643 0.746347
vn 0.365866 -0.442781 0.818589
vn 0.347546 -0.370312 0.861441
vn 0.406330 -0.415292 0.813897
vn 0.554855 -0.438700 0.706879
vn 0.616763 -0.439941 0.652729
vn 0.638703 -0.492826 0.590916
vn 0.677146 -0.537599 0.502455
vn 0.677112 -0.628074 0.383462
vn 0.596432 -0.802565 -0.012609
vn 0.396238 -0.917331 -0.038715
vn 0.117564 -0.940031 0.320188
vn 0.455508 -0.809762 0.369862
vn 0.745437 -0.540313 0.390366
vn 0.995621 -0.093364 0.004667
vn 0.939135 0.146750 -0.310629
vn 0.830118 0.208405 -0.517177
vn -0.721673 0.422071 -0.548675
vn -0.617423 0.598703 -0.510238
vn -0.511803 0.739316 -0.437573
vn -0.374950 0.918503 -0.125558
vn -0.193207 0.942283 0.273449
vn -0.405546 0.837503 -0.366227
vn 0.241779 -0.330456 0.912328
vn 0.164627 -0.394488 0.904034
vn 0.296842 -0.266071 0.917110
vn -0.100012 -0.068203 0.992646
vn -0.056168 -0.053429 0.996991
vn -0.181344 -0.075614 0.980509
vn -0.229524 0.123231 0.965470
vn -0.160720 0.108163 0.981055
vn -0.288714 0.139388 0.947214
vn -0.161762 0.200943 0.966155
vn -0.228595 0.197611 0.953255
vn -0.243081 0.236045 0.940848
vn -0.252420 0.349681 0.902224
vn -0.206909 0.350292 0.913501
vn -0.239927 0.354529 0.903739
vn -0.232689 0.528289 0.816558
vn -0.297943 0.528458 0.794961
vn -0.304251 0.507839 0.805935
vn -0.370046 0.921893 0.114800
vn -0.251116 0.949566 0.187789
vn -0.199917 0.953518 0.225472
vn -0.284956 0.946121 0.153804
vn -0.329763 0.937903 0.107678
vn -0.519705 0.853564 0.036540
vn -0.269873 0.941275 0.202906
vn -0.314603 0.923304 0.220306
vn -0.552255 0.819326 0.154012
vn -0.238929 0.918438 0.315252
vn -0.346772 0.902205 0.256468
vn -0.579011 0.804470 0.132564
vn -0.373676 0.634632 0.676468
vn -0.426823 0.691862 0.582365
vn -0.488456 0.723884 0.487239
vn -0.548152 0.733502 0.401876
vn -0.585123 0.771651 0.249372
vn -0.332261 0.655555 0.678122
vn -0.328570 0.714653 0.617505
vn -0.316243 0.786054 0.531141
vn -0.351740 0.839697 0.413749
vn -0.388339 0.866055 0.314869
vn -0.234315 0.663545 0.710496
vn -0.244483 0.719944 0.649544
vn -0.245144 0.781292 0.574010
vn -0.215746 0.877594 0.428115
vn -0.219628 0.909546 0.352830
vn -0.478995 0.749427 -0.457081
vn -0.351060 0.826267 -0.440498
vn -0.566186 0.690268 -0.450515
vn -0.652114 0.631578 -0.419352
vn -0.799084 0.473536 -0.370443
vn -0.124021 0.972866 -0.195320
vn -0.410211 0.783752 -0.466326
vn -0.586265 0.627954 -0.511827
vn -0.646410 0.568503 -0.508880
vn -0.813698 0.384649 -0.435823
vn -0.194409 0.969990 -0.146031
vn 0.202234 0.929995 0.306936
vn -0.326098 0.912744 -0.246087
vn -0.532214 0.696256 -0.481640
vn -0.822327 0.393523 -0.410997
vn -0.743916 0.600795 -0.292633
vn -0.040304 0.998479 -0.037625
vn 0.209353 0.938343 0.275108
vn 0.005569 0.609895 -0.792463
vn -0.105189 0.717180 -0.688903
vn 0.170164 0.932303 -0.319149
vn 0.227927 0.521779 -0.822068
vn 0.426216 0.308092 -0.850541
vn 0.543206 0.260151 -0.798279
vn 0.605172 0.110692 -0.788362
vn 0.605468 0.047407 -0.794457
vn 0.623399 0.274356 -0.732190
vn 0.748594 0.281438 -0.600332
vn 0.888472 0.092351 -0.449543
vn 0.968714 -0.100157 -0.227071
vn 0.933096 -0.282645 0.222357
vn 0.718920 -0.248377 0.649201
vn 0.771013 -0.093999 0.629844
vn 0.604755 -0.395347 0.691355
vn 0.362957 -0.624886 0.691216
vn 0.816753 -0.576249 -0.029180
vn 0.431598 -0.844643 0.316704
vn 0.419239 -0.761212 0.494768
vn 0.876494 -0.458386 -0.147112
vn 0.769152 -0.638519 0.026440
vn 0.750487 -0.630673 0.197537
vn 0.733797 -0.590511 0.335914
vn 0.711551 -0.511008 0.482251
vn 0.696163 -0.445547 0.562890
vn 0.673332 -0.398353 0.622848
vn 0.600625 -0.335439 0.725761
vn 0.446997 -0.325389 0.833256
vn 0.148522 -0.221774 0.963721
vn -0.066131 -0.032283 0.997289
vn -0.099575 0.083806 0.991495
vn -0.151979 0.223118 0.962871
vn -0.251489 0.371258 0.893824
vn -0.284585 0.501098 0.817259
vn -0.250655 0.645145 0.721776
vn -0.235749 0.749872 0.618154
vn -0.276808 0.799244 0.533466
vn -0.287891 0.865504 0.409906
vn -0.270331 0.921605 0.278506
vn -0.283717 0.934472 0.215098
vn -0.339415 0.930838 0.135416
vn -0.159031 0.939631 0.302991
vn -0.267178 0.963214 0.028896
vn -0.349307 0.907964 -0.231487
vn -0.227271 0.890587 -0.393959
vn -0.219046 0.938756 -0.266001
vn -0.151820 0.916002 -0.371337
vn -0.061175 0.958081 -0.279888
vn 0.033506 0.998319 0.047283
vn 0.181450 0.963528 0.196698
vn 0.323281 0.836872 0.441741
vn 0.498046 0.588757 0.636645
vn 0.505566 0.760375 0.407717
vn 0.325883 0.854244 0.405053
vn 0.370924 0.884131 0.284126
vn 0.335503 0.941410 0.034432
vn 0.656652 0.594928 0.463539
vn 0.325894 0.942294 0.076653
vn 0.472300 0.873484 0.118146
vn 0.375545 0.926721 -0.012399
vn 0.351687 0.866898 -0.353275
vn 0.309827 0.716868 -0.624586
vn 0.270494 0.632610 -0.725698
vn 0.283836 0.663702 -0.692053
vn 0.355949 0.576807 -0.735251
vn 0.469403 0.379060 -0.797480
vn 0.548554 0.294313 -0.782604
vn 0.569975 0.088023 -0.816934
vn 0.525502 0.033939 -0.850115
vn 0.504212 0.316101 -0.803648
vn 0.643778 0.292856 -0.706955
vn 0.827354 -0.047315 -0.559685
vn 0.885979 -0.237397 -0.398351
vn 0.945318 -0.297677 -0.133278
vn 0.903123 -0.187053 0.386497
vn 0.757421 0.006323 0.652896
vn 0.599348 0.055320 0.798575
vn 0.440389 -0.014707 0.897687
vn 0.384281 -0.274588 0.881436
vn 0.714658 -0.694033 -0.087076
vn 0.668228 -0.654700 0.353327
vn 0.771853 -0.572969 -0.275589
vn 0.697875 -0.637428 -0.326583
vn 0.749240 -0.661536 -0.031757
vn 0.701462 -0.680652 -0.211340
vn 0.355533 0.844268 -0.401007
vn 0.339253 0.883073 -0.324176
vn 0.308268 0.587866 -0.747920
vn 0.270788 0.606240 -0.747762
vn 0.267426 0.685744 -0.676933
vn 0.307579 0.593733 -0.743557
vn 0.378128 0.423065 -0.823429
vn 0.414416 0.291652 -0.862090
vn 0.438800 0.064125 -0.896294
vn 0.443332 0.011674 -0.896282
vn 0.432880 0.352022 -0.829877
vn 0.580936 0.238237 -0.778303
vn 0.724937 -0.158599 -0.670308
vn 0.794628 -0.350896 -0.495417
vn 0.862397 -0.423139 -0.277893
vn 0.903338 -0.416118 0.104045
vn 0.800727 -0.249247 0.544713
vn 0.603899 -0.094525 0.791436
vn 0.423959 0.074278 0.902630
vn 0.282866 0.102443 0.953673
vn 0.514791 -0.203178 0.832892
vn 0.743809 -0.661186 -0.097886
vn 0.629400 -0.711123 -0.313306
vn 0.658991 -0.746541 -0.091689
vn 0.740711 -0.668781 0.063876
vn 0.716561 -0.670871 0.190976
vn 0.705529 -0.639457 0.305489
vn 0.698360 -0.558385 0.447771
vn 0.659923 -0.485251 0.573614
vn 0.578042 -0.468599 0.668044
vn 0.487665 -0.398689 0.776679
vn 0.225124 -0.306881 0.924739
vn 0.058784 -0.212829 0.975320
vn -0.018738 -0.047163 0.998711
vn -0.094410 0.106673 0.989802
vn -0.200510 0.252641 0.946556
vn -0.239036 0.391144 0.888745
vn -0.240443 0.488583 0.838734
vn -0.258485 0.641164 0.722561
vn -0.235951 0.786592 0.570614
vn -0.219643 0.845316 0.487030
vn -0.213281 0.881618 0.421023
vn -0.199887 0.916797 0.345730
vn -0.127076 0.926961 0.352980
vn -0.244003 0.961134 0.129170
vn -0.330864 0.931883 -0.148743
vn -0.253305 0.949035 -0.187537
vn -0.148869 0.975292 -0.163228
vn 0.367388 0.696578 0.616283
vn 0.549108 0.345450 0.761016
vn 0.622882 0.535300 0.570502
vn 0.591980 0.783895 0.187266
vn 0.630725 0.766397 0.121745
vn 0.493106 0.826080 -0.272833
vn 0.515277 0.818912 -0.252732
vn 0.235456 0.705441 -0.668516
vn 0.296972 0.580254 -0.758362
vn 0.297272 0.668684 -0.681536
vn 0.026774 0.447579 -0.893844
vn 0.111874 0.597874 -0.793745
vn 0.323517 0.586328 -0.742668
vn -0.119709 0.639621 -0.759312
vn 0.146225 0.641593 -0.752979
vn 0.274731 0.662831 -0.696547
vn 0.146665 0.582137 -0.799754
vn 0.009619 0.620693 -0.783995
vn 0.230005 0.593811 -0.771029
vn 0.073324 0.448914 -0.890562
vn 0.147985 0.453888 -0.878685
vn 0.248923 0.446133 -0.859653
vn 0.155994 0.209767 -0.965227
vn 0.084324 0.205798 -0.974955
vn 0.241040 0.244327 -0.939257
vn 0.158204 0.086303 -0.983628
vn 0.104545 0.092259 -0.990232
vn 0.243179 0.072136 -0.967295
vn 0.149236 0.096356 -0.984096
vn 0.218046 0.063038 -0.973900
vn 0.328501 0.002657 -0.944500
vn 0.262311 0.135326 -0.955447
vn 0.151354 0.175824 -0.972717
vn 0.361363 0.206131 -0.909355
vn 0.346808 0.456002 -0.819626
vn 0.268501 0.409898 -0.871717
vn 0.439577 0.058658 -0.896288
vn 0.511027 -0.315761 -0.799466
vn 0.213944 0.372256 -0.903135
vn 0.120540 0.139144 -0.982909
vn 0.684080 -0.452364 -0.572190
vn 0.763795 -0.502151 -0.405538
vn 0.861396 -0.492246 -0.125262
vn 0.830227 -0.413764 0.373528
vn 0.652828 -0.280715 0.703573
vn 0.471184 -0.081700 0.878243
vn 0.287168 0.067117 0.955526
vn 0.170356 0.095913 0.980703
vn 0.585792 -0.650984 0.482770
vn 0.631449 -0.729493 -0.262892
vn 0.558214 -0.802338 -0.211306
vn 0.252297 0.084530 -0.963951
vn 0.212392 -0.331882 -0.919099
vn 0.077311 -0.341202 -0.936805
vn 0.377118 -0.500075 -0.779555
vn 0.134217 -0.513364 -0.847610
vn -0.044872 -0.605556 -0.794536
vn 0.551995 -0.535464 -0.639202
vn 0.648523 -0.492653 -0.580268
vn 0.792956 -0.523007 -0.312545
vn 0.825464 -0.532931 0.185994
vn 0.703050 -0.440384 0.558375
vn 0.534670 -0.256309 0.805254
vn 0.313537 -0.060098 0.947672
vn 0.062533 0.053895 0.996587
vn 0.103867 -0.174978 0.979078
vn 0.643281 -0.723752 0.249745
vn 0.576953 -0.772375 -0.265636
vn 0.207421 -0.332483 -0.920017
vn -0.052655 -0.249560 -0.966927
vn 0.447550 -0.460258 -0.766721
vn 0.393070 -0.729593 0.559633
vn 0.526752 -0.814472 -0.243243
vn 0.623679 -0.753707 -0.207247
vn 0.459657 -0.651807 0.603211
vn 0.514210 -0.375444 0.771123
vn 0.767029 -0.633375 -0.102480
vn 0.226095 -0.347288 0.910095
vn 0.767316 -0.641269 0.000204
vn 0.656186 -0.754598 0.001305
vn -0.232419 -0.582292 0.779049
vn -0.452222 -0.746840 0.487570
vn 0.580922 -0.804610 -0.123012
vn -0.663672 -0.729051 0.167405
vn 0.519214 -0.807321 -0.280446
vn 0.331501 -0.848817 -0.411847
vn -0.765861 -0.631024 -0.123554
vn -0.799785 -0.504948 -0.324612
vn 0.196707 -0.855544 -0.478906
vn -0.532160 -0.157162 -0.831929
vn 0.168493 -0.673295 -0.719920
vn -0.201031 0.262127 -0.943862
vn 0.323819 -0.528882 -0.784491
vn -0.116797 0.342383 -0.932273
vn 0.426093 -0.466315 -0.775239
vn -0.039025 0.205544 -0.977869
vn 0.461666 -0.501942 -0.731381
vn -0.008481 0.032849 -0.999424
vn 0.429436 -0.475081 -0.768039
vn -0.106753 -0.151655 -0.982652
vn 0.172192 -0.595066 -0.785014
vn -0.083149 0.068413 0.994186
vn -0.168638 0.143546 0.975170
vn -0.184780 0.167968 0.968320
vn -0.262562 -0.027509 0.964523
vn -0.482126 -0.215757 0.849119
vn -0.674590 -0.332155 0.659243
vn -0.820460 -0.300324 0.486467
vn -0.949018 -0.226367 0.219368
vn -0.982484 -0.181158 0.043660
vn -0.843149 -0.334389 0.421050
vn -0.981298 -0.114798 -0.154516
vn -0.824875 0.194892 -0.530659
vn -0.443505 0.530406 -0.722477
vn -0.223074 0.602758 -0.766108
vn 0.009110 0.488207 -0.872680
vn 0.028696 0.159245 -0.986822
vn -0.043816 -0.019946 -0.998840
vn 0.008338 -0.102124 -0.994737
vn 0.326729 -0.274830 -0.904277
vn 0.558177 -0.409052 -0.721883
vn 0.632443 -0.453933 -0.627662
vn 0.747968 -0.524952 -0.406164
vn 0.797597 -0.602140 0.035583
vn 0.725467 -0.522799 0.447637
vn 0.082968 0.004149 0.996544
vn 0.318254 -0.176541 0.931423
vn 0.548218 -0.363856 0.753038
vn 0.023997 0.010058 0.999661
vn 0.004364 -0.001827 0.999989
vn -0.024423 -0.163979 0.986162
vn -0.278061 -0.399529 0.873532
vn -0.424597 -0.524970 0.737648
vn -0.551644 -0.537514 0.637783
vn -0.677994 -0.533299 0.505881
vn -0.915839 -0.346738 0.202515
vn -0.979929 -0.197437 0.027537
vn -0.988375 -0.063475 -0.138155
vn -0.866642 0.233007 -0.441180
vn -0.497045 0.554078 -0.667790
vn -0.215582 0.667843 -0.712398
vn 0.031752 0.689717 -0.723382
vn 0.308998 0.035663 -0.950394
vn 0.417091 0.417395 -0.807352
vn 0.478762 0.607964 -0.633378
vn 0.159046 -0.269180 -0.949866
vn 0.171261 -0.414052 -0.893997
vn 0.380899 -0.426413 -0.820420
vn 0.466357 -0.546318 -0.695735
vn 0.533865 -0.567349 -0.626980
vn 0.666162 -0.629429 -0.400060
vn 0.750780 -0.660544 -0.003462
vn 0.709212 -0.576117 0.406334
vn 0.563558 -0.436427 0.701380
vn 0.293957 -0.212403 0.931920
vn 0.249006 -0.223538 0.942352
vn 0.511394 -0.428953 0.744631
vn 0.682303 -0.628323 0.373728
vn 0.687274 -0.725335 -0.039277
vn 0.542320 -0.725619 -0.423516
vn 0.379123 -0.680636 -0.626897
vn 0.311197 -0.658117 -0.685593
vn 0.356273 -0.568541 -0.741506
vn 0.636245 -0.236412 -0.734372
vn 0.828780 0.184949 -0.528127
vn 0.857121 0.367417 -0.361038
vn 0.253120 -0.280842 0.925774
vn 0.473194 -0.483467 0.736442
vn 0.631427 -0.665531 0.397955
vn 0.622879 -0.777739 -0.084521
vn 0.468027 -0.749859 -0.467613
vn 0.386320 -0.684063 -0.618720
vn 0.421175 -0.621145 -0.660901
vn 0.558565 -0.515598 -0.649742
vn 0.796652 -0.365563 -0.481362
vn 0.938332 0.045874 -0.342678
vn 0.854193 -0.067748 -0.515523
vn 0.776874 -0.315791 -0.544740
vn 0.680683 -0.511705 -0.524241
vn 0.605674 -0.659976 -0.444511
vn 0.624265 -0.763626 -0.164831
vn 0.612303 -0.750383 0.249017
vn 0.486469 -0.618890 0.616703
vn 0.315921 -0.485567 0.815119
vn -0.059859 -0.526839 0.847855
vn 0.101718 -0.412227 0.905385
vn -0.180938 -0.631661 0.753835
vn -0.314919 -0.643882 0.697310
vn -0.362625 -0.659844 0.658110
vn 0.912647 0.329432 -0.241973
vn 0.905280 0.353375 -0.235785
vn 0.968943 0.174795 -0.174919
vn 0.979973 -0.070809 -0.186116
vn 0.930217 -0.316084 -0.186513
vn 0.839677 -0.541818 -0.037079
vn 0.708089 -0.671499 0.218401
vn 0.528143 -0.672910 0.517936
vn 0.246124 -0.629665 0.736848
vn 0.092192 -0.662824 0.743078
vn 0.417661 -0.634408 0.650450
vn -0.061998 -0.666493 0.742929
vn 0.751327 -0.482273 0.450468
vn 0.934584 -0.220843 0.278894
vn 0.981559 0.044053 0.186012
vn 0.957001 0.250525 0.146244
vn 0.926236 0.376848 0.008555
vn 0.875353 0.421175 -0.237424
vn 0.884143 0.337685 -0.322893
vn 0.873905 0.334464 -0.352738
vn 0.585000 0.559801 -0.586854
vn 0.090851 0.695484 -0.712775
vn -0.172652 0.670482 -0.721558
vn -0.489127 0.556592 -0.671536
vn -0.870318 0.219160 -0.441039
vn -0.980679 -0.098227 -0.169173
vn -0.962005 -0.272942 0.006927
vn -0.890768 -0.412663 0.190371
vn -0.674775 -0.584768 0.450250
vn -0.362420 -0.696377 0.619443
vn -0.098433 -0.702172 0.705171
vn -0.090044 -0.739936 0.666623
vn 0.309711 -0.634877 0.707820
vn 0.247471 -0.696087 0.673960
vn 0.273673 -0.718575 0.639338
vn 0.672953 -0.483716 0.559601
vn 0.613103 -0.599048 0.515021
vn 0.624656 -0.607170 0.491070
vn 0.886528 -0.282805 0.366183
vn 0.834976 -0.457868 0.305243
vn 0.824556 -0.455918 0.335032
vn 0.961396 -0.126634 0.244299
vn 0.915795 -0.344621 0.206291
vn 0.889241 -0.335566 0.310880
vn 0.991607 0.016562 0.128223
vn 0.979263 -0.184141 0.084471
vn 0.974336 -0.132652 0.181859
vn 0.977241 0.159407 -0.139962
vn 0.978410 0.061513 -0.197308
vn 0.986935 0.153155 -0.050024
vn 0.884918 0.247817 -0.394343
vn 0.906104 0.255467 -0.337213
vn 0.923662 0.362138 -0.125319
vn 0.890414 0.255143 -0.376915
vn 0.906552 0.328798 -0.264679
vn 0.879300 0.448637 -0.159865
vn 0.900169 0.299931 -0.315813
vn 0.902086 0.358870 -0.239693
vn 0.875403 0.434685 -0.211469
vn 0.710337 0.494298 -0.501090
vn 0.692956 0.538896 -0.478960
vn 0.680131 0.587256 -0.438808
vn 0.308864 0.647186 -0.696961
vn 0.181285 0.671474 -0.718512
vn 0.179813 0.730523 -0.658790
vn -0.183104 0.695289 -0.695015
vn -0.503508 0.560141 -0.657816
vn -0.858816 0.226555 -0.459466
vn -0.976649 -0.118075 -0.179488
vn -0.956552 -0.291376 -0.010427
vn -0.850458 -0.482858 0.208732
vn -0.660003 -0.622403 0.420726
vn -0.420465 -0.703176 0.573370
vn -0.136303 -0.729949 0.669773
vn 0.246423 -0.701592 0.668613
vn 0.627094 -0.564184 0.537074
vn 0.806259 -0.415809 0.420772
vn 0.860817 -0.336189 0.382061
vn 0.962557 -0.162925 0.216656
vn 0.998298 0.045192 0.036870
vn 0.971535 0.228355 -0.063044
vn 0.893104 0.399395 -0.207001
vn 0.873428 0.431049 -0.226541
vn 0.718789 0.594185 -0.360953
vn 0.245168 0.771650 -0.586898
vn -0.157059 0.763722 -0.626147
vn -0.516466 0.606382 -0.604619
vn -0.840117 0.248052 -0.482362
vn -0.960430 -0.131401 -0.245576
vn -0.953296 -0.294718 -0.066094
vn -0.884293 -0.450026 0.124511
vn -0.633952 -0.679439 0.369415
vn -0.572283 -0.666687 0.477516
vn -0.231838 -0.741903 0.629151
vn -0.287674 -0.822395 0.490827
vn 0.186010 -0.736443 0.650425
vn 0.123159 -0.834250 0.537457
vn 0.586219 -0.599442 0.544992
vn 0.533984 -0.697651 0.477644
vn 0.787013 -0.441966 0.430438
vn 0.759350 -0.517316 0.394679
vn 0.871241 -0.357360 0.336499
vn 0.890820 -0.340001 0.301397
vn 0.945351 -0.255354 0.202748
vn 0.983811 -0.124244 0.129145
vn 0.994760 0.089837 -0.048800
vn 0.925336 0.304871 -0.225406
vn 0.902232 0.382198 -0.199753
vn 0.785861 0.549810 -0.283074
vn 0.334630 0.754427 -0.564680
vn -0.057812 0.759941 -0.647415
vn -0.465582 0.599793 -0.650755
vn -0.812299 0.215407 -0.542006
vn -0.918976 -0.200547 -0.339506
vn -0.896730 -0.396382 -0.196866
vn -0.837623 -0.545450 -0.029529
vn -0.641101 -0.732045 0.230432
vn -0.419824 -0.859689 0.291003
vn 0.038737 -0.898053 0.438178
vn 0.457675 -0.752077 0.474252
vn 0.691193 -0.550604 0.468067
vn 0.872260 -0.315030 0.374057
vn 0.977874 -0.093527 0.187122
vn 0.995088 0.094494 -0.029497
vn 0.944491 0.246806 -0.216851
vn 0.943182 0.276902 -0.183667
vn 0.874732 0.425951 -0.231105
vn 0.449936 0.695007 -0.560824
vn 0.035745 0.707134 -0.706176
vn -0.354150 0.556689 -0.751448
vn -0.762906 0.175690 -0.622180
vn -0.900022 -0.232810 -0.368455
vn -0.860918 -0.455966 -0.225642
vn -0.753849 -0.654557 -0.057148
vn -0.697271 -0.716058 -0.032778
vn -0.384486 -0.881257 0.274875
vn -0.016969 -0.901302 0.432858
vn 0.225416 -0.814843 0.534059
vn 0.495816 -0.642441 0.584326
vn 0.802375 -0.337329 0.492345
vn 0.954210 -0.018116 0.298588
vn 0.962597 0.229644 0.143771
vn 0.901316 0.432282 0.027606
vn 0.872312 0.481389 0.085651
vn 0.818004 0.574071 0.036222
vn 0.438451 0.827433 -0.350879
vn -0.009581 0.801331 -0.598144
vn -0.354724 0.612082 -0.706772
vn -0.740796 0.189608 -0.644414
vn -0.878699 -0.280463 -0.386301
vn -0.816506 -0.535532 -0.215693
vn -0.646204 -0.754622 0.113870
vn -0.201445 -0.874193 0.441823
vn 0.118817 -0.740397 0.661585
vn 0.650630 -0.366090 0.665326
vn 0.833928 0.060671 0.548528
vn 0.776414 0.366361 0.512797
vn 0.659110 0.608928 0.441339
vn 0.587728 0.702781 0.400842
vn 0.538931 0.795975 0.275640
vn 0.219462 0.965372 -0.141046
vn -0.157966 0.860752 -0.483894
vn -0.463916 0.591140 -0.659799
vn -0.771758 0.094784 -0.628812
vn -0.857130 -0.351867 -0.376189
vn -0.826253 -0.534088 -0.179042
vn -0.623401 -0.732219 0.274273
vn -0.818339 -0.543331 -0.187386
vn -0.785097 -0.456084 -0.419058
vn -0.679058 -0.172053 -0.713637
vn -0.402384 0.278876 -0.871961
vn -0.134104 0.621268 -0.772037
vn 0.220066 0.889529 -0.400387
vn 0.533526 0.838056 0.114068
vn 0.626567 0.665783 0.405152
vn 0.693133 0.532103 0.486244
vn 0.740736 0.277219 0.611931
vn 0.740509 -0.039316 0.670895
vn 0.571299 -0.429721 0.699255
vn 0.145385 -0.707537 0.691560
vn -0.441134 -0.836532 0.324985
vn -0.650405 -0.688351 -0.321163
vn -0.595909 -0.604410 -0.528754
vn -0.505051 -0.420772 -0.753574
vn -0.254240 -0.064529 -0.964986
vn -0.037155 0.233904 -0.971550
vn 0.411743 0.530380 -0.741056
vn 0.806196 0.576119 -0.134665
vn 0.874929 0.427318 0.227811
vn 0.898474 0.356430 0.256325
vn 0.884564 0.086162 0.458391
vn 0.760463 -0.288990 0.581533
vn 0.551883 -0.648567 0.524200
vn 0.314256 -0.869982 0.379967
vn -0.082696 -0.991260 0.102783
vn -0.222272 -0.886709 -0.405391
vn -0.316560 -0.763766 -0.562540
vn -0.338161 -0.631910 -0.697379
vn -0.120497 -0.307552 -0.943871
vn 0.120154 -0.075904 -0.989849
vn 0.639235 -0.020236 -0.768745
vn 0.958214 -0.021699 -0.285227
vn 0.982264 -0.041182 -0.182927
vn 0.964757 0.062623 -0.255583
vn 0.981862 -0.188664 -0.018806
vn 0.804290 -0.557468 0.205785
vn 0.440202 -0.889482 0.122652
vn 0.185055 -0.967420 -0.172784
vn -0.024159 -0.890192 -0.454945
vn -0.055167 -0.793587 -0.605951
vn 0.197759 -0.601109 -0.774312
vn 0.571509 -0.403006 -0.714817
vn 0.838723 -0.364868 -0.404247
vn 0.893811 -0.233936 -0.382591
vn 0.808040 -0.409396 -0.423634
vn 0.604090 -0.618140 -0.502970
vn 0.269885 -0.760186 -0.590999
vn 0.294961 -0.897493 -0.327878
vn 0.688097 -0.630559 -0.359051
vn 0.780469 -0.301033 -0.547948
vn 0.674842 -0.441644 -0.591218
vn -0.032230 0.697660 -0.715704
vn -0.032043 0.659367 -0.751138
vn -0.042552 0.663549 -0.746922
vn -0.073784 0.731917 -0.677387
vn 0.165924 -0.474642 -0.864398
vn 0.401770 -0.445427 -0.800110
vn 0.410044 -0.425225 -0.806875
vn 0.331567 -0.400716 -0.854102
vn 0.135518 -0.425565 -0.894723
vn 0.112158 -0.476946 -0.871747
vn -0.029106 -0.159904 -0.986703
vn -0.044659 -0.098442 -0.994140
vn -0.389671 0.822905 -0.413501
vn -0.448623 0.874418 -0.184744
vn -0.447422 0.852007 -0.271840
vn -0.395185 0.744563 -0.538010
vn -0.592281 0.158688 -0.789950
vn -0.692429 -0.256820 -0.674229
vn -0.535621 0.406535 -0.740162
vn -0.369762 0.839341 -0.398476
vn -0.246209 0.774063 -0.583274
vn -0.361511 0.576933 -0.732432
vn 0.020169 0.437023 -0.899224
vn -0.042434 0.432714 -0.900532
vn -0.144954 0.483595 -0.863206
vn -0.280638 0.613123 -0.738459
vn 0.030278 0.126645 -0.991486
vn 0.009889 0.113102 -0.993534
vn -0.077166 0.240401 -0.967602
vn -0.010925 0.155101 -0.987838
vn -0.024453 0.135807 -0.990434
vn -0.018056 0.066525 -0.997621
vn -0.277729 0.551907 -0.786298
vn -0.212753 0.443462 -0.870677
vn 0.033284 -0.046457 -0.998366
vn -0.052981 0.184793 -0.981348
vn -0.028087 0.123098 -0.991997
vn -0.019002 0.084794 -0.996217
vn -0.130282 0.331347 -0.934471
vn 0.027439 0.209410 -0.977443
vn 0.046003 0.100060 -0.993917
vn 0.089623 0.120841 -0.988618
vn 0.098636 0.071806 -0.992530
vn 0.111527 0.178351 -0.977626
vn 0.003101 0.231377 -0.972859
vn -0.054411 0.267055 -0.962144
vn 0.030527 0.101461 -0.994371
vn -0.020747 0.075154 -0.996956
vn 0.024919 0.131925 -0.990946
vn -0.055630 0.117941 -0.991461
vn 0.043975 0.183498 -0.982036
vn -0.039388 0.193181 -0.980372
vn 0.140328 0.004602 -0.990094
vn 0.098237 -0.032353 -0.994637
vn 0.677783 -0.723996 -0.128217
vn 0.666538 -0.717810 -0.201185
vn 0.699661 -0.713043 0.045221
vn 0.675922 -0.736852 0.013352
vn 0.356587 -0.670597 0.650496
vn 0.391229 -0.625704 0.674859
vn 0.315456 -0.496685 0.808574
vn 0.265459 -0.533549 0.803030
vn 0.005944 0.015220 0.999867
vn -0.006537 0.020237 0.999774
vn -0.071508 0.172633 0.982387
vn -0.085124 0.166732 0.982321
vn -0.331962 0.795115 0.507536
vn -0.400407 0.780081 0.480779
vn -0.420110 0.856907 0.298694
vn -0.345410 0.870421 0.350797
vn -0.339086 0.940526 0.020765
vn -0.505007 0.398085 0.765830
vn -0.432541 0.710078 0.555605
vn -0.227329 0.969514 0.091452
vn -0.434001 0.899579 -0.048997
vn -0.442567 0.274956 0.853542
vn -0.531850 0.840720 -0.101617
vn -0.291820 0.214206 0.932179
vn -0.506552 0.859969 -0.062115
vn -0.121101 0.282620 0.951557
vn -0.333618 0.942658 0.009759
vn 0.146075 0.501379 0.852808
vn -0.210279 0.976465 -0.047950
vn 0.269409 0.649907 0.710662
vn -0.299093 0.940728 -0.159922
vn -0.366199 0.916983 -0.158241
vn -0.499173 0.859803 -0.107539
vn -0.556840 0.830292 -0.023345
vn -0.477323 0.878403 0.023896
vn -0.299027 0.933614 0.197353
vn -0.385208 0.918733 0.086865
vn -0.307331 0.949723 -0.059784
vn -0.249767 0.950964 0.182439
vn -0.245360 0.907252 0.341602
vn -0.325209 0.945613 0.007403
vn -0.485133 0.872854 0.052652
vn -0.414943 0.838532 0.353109
vn -0.337096 0.745688 0.574731
vn -0.276727 0.668582 0.690233
vn -0.307383 0.552006 0.775116
vn -0.244328 0.393690 0.886178
vn -0.594865 0.788084 0.158302
vn -0.506495 0.824304 0.252953
vn -0.507679 0.747090 0.429091
vn -0.570549 0.737337 0.361676
vn -0.468868 0.684929 0.557705
vn -0.531983 0.674955 0.511302
vn -0.313534 0.714140 0.625860
vn -0.350101 0.702660 0.619433
vn -0.431057 0.656088 0.619466
vn -0.337853 0.415705 0.844420
vn -0.447748 0.570182 0.688777
vn -0.322435 0.516009 0.793581
vn -0.274914 0.577576 0.768654
vn -0.262468 0.583282 0.768696
vn -0.215300 0.287396 0.933300
vn -0.236689 0.328104 0.914509
vn -0.210501 0.396877 0.893408
vn -0.211669 0.410642 0.886888
vn -0.170565 0.417487 0.892531
vn -0.132649 0.181805 0.974347
vn -0.159176 0.262505 0.951711
vn -0.156743 0.321399 0.933882
vn -0.150849 0.293313 0.944040
vn -0.130338 0.311851 0.941149
vn -0.016068 0.047681 0.998733
vn -0.073241 0.138900 0.987594
vn -0.099787 0.204928 0.973677
vn -0.106065 0.227877 0.967896
vn -0.063684 0.134707 0.988837
vn -0.040707 0.085293 0.995524
vn 0.030234 0.001243 0.999542
vn 0.090256 -0.116114 0.989127
vn 0.004455 0.017270 0.999841
vn 0.025353 -0.037032 0.998992
vn 0.119132 -0.111861 0.986557
vn 0.149932 -0.196567 0.968959
vn 0.082526 -0.126001 0.988592
vn 0.062786 -0.118176 0.991006
vn 0.089572 -0.121832 0.988501
vn 0.099200 -0.165327 0.981237
vn 0.189592 -0.215536 0.957914
vn 0.248726 -0.266883 0.931080
vn 0.201963 -0.350787 0.914418
vn 0.344987 -0.453185 0.821953
vn 0.436963 -0.508122 0.742210
vn 0.722795 -0.640334 0.259883
vn 0.663137 -0.600985 0.446169
vn 0.551940 -0.554642 0.622683
vn 0.636711 -0.765677 0.091312
vn 0.535320 -0.841783 -0.069530
vn 0.615051 -0.782520 -0.096822
vn 0.705405 -0.708505 -0.020584
vn 0.696818 -0.715518 -0.049798
vn 0.714258 -0.698017 0.051064
vn 0.674196 -0.717801 0.173843
vn 0.606145 -0.764014 0.221066
vn 0.329513 -0.468326 0.819812
vn 0.440911 -0.563423 0.698679
vn 0.563809 -0.646295 0.514221
vn 0.649219 -0.680191 0.340375
vn 0.581246 -0.781645 0.226239
vn 0.547542 -0.828409 0.118047
vn 0.603947 -0.754672 0.256354
vn 0.510000 -0.795305 0.327704
vn 0.611999 -0.784968 0.096353
vn 0.649848 -0.752296 0.108392
vn 0.679810 -0.721744 0.130168
vn 0.513452 -0.698185 0.498904
vn 0.514673 -0.757966 0.400749
vn 0.495611 -0.739460 0.455598
vn 0.437516 -0.784191 0.440027
vn 0.589736 -0.738259 0.327393
vn 0.631654 -0.732561 0.253709
vn 0.642946 -0.735060 0.215192
vn 0.420036 -0.560202 0.713963
vn 0.451881 -0.650910 0.610017
vn 0.532426 -0.636158 0.558414
vn 0.583804 -0.647709 0.489536
vn 0.561410 -0.686799 0.461656
vn 0.455860 -0.574360 0.679928
vn 0.348631 -0.408129 0.843734
vn 0.280847 -0.347883 0.894484
vn 0.412730 -0.571432 0.709309
vn 0.362320 -0.479615 0.799183
vn 0.493703 -0.547668 0.675513
vn 0.430941 -0.519937 0.737534
vn 0.187576 -0.278812 0.941849
vn 0.311196 -0.409551 0.857569
vn 0.123439 -0.238212 0.963337
vn 0.129822 -0.214703 0.968013
vn 0.170915 -0.227001 0.958780
vn 0.178435 -0.384061 0.905902
vn 0.215272 -0.337265 0.916466
vn 0.280288 -0.345275 0.895669
vn 0.392621 -0.473626 0.788370
vn -0.366367 0.929288 -0.046896
vn -0.907760 -0.307948 -0.284850
vn -0.712137 0.563137 0.419211
vn -0.242928 0.969823 0.020733
vn 0.129699 0.288121 -0.948770
vn 0.065018 0.179893 -0.981535
vn -0.215662 0.088840 -0.972418
vn -0.321446 -0.141650 -0.936273
vn 0.247612 0.582172 -0.774444
vn 0.455070 0.347289 0.819940
vn 0.474100 0.652190 0.591505
vn 0.473062 0.849649 0.233045
vn 0.406120 0.877108 -0.256415
vn 0.069801 0.432607 -0.898876
vn 0.326372 0.467134 0.821747
vn 0.382124 0.210507 0.899816
vn 0.240417 0.171332 0.955429
vn 0.286499 0.738980 0.609776
vn 0.275291 0.916674 0.289695
vn 0.212395 0.971244 -0.107584
vn 0.097977 0.851163 -0.515676
vn -0.040539 0.749410 -0.660864
vn -0.166575 0.399202 -0.901605
vn -0.148664 0.214797 -0.965278
vn -0.120658 0.706425 -0.697428
vn -0.054508 0.589200 -0.806147
vn -0.279970 -0.442781 -0.851799
vn -0.064576 -0.134797 -0.988767
vn 0.120771 0.313501 -0.941877
vn -0.194091 -0.677641 -0.709318
vn 0.028737 -0.539918 -0.841227
vn 0.366707 -0.112180 -0.923549
vn -0.279325 -0.794506 -0.539200
vn -0.229970 -0.766261 -0.599965
vn -0.086237 -0.722067 -0.686427
vn 0.112605 -0.618102 -0.777991
vn 0.412864 -0.406473 -0.815060
vn -0.407893 -0.867613 0.284377
vn -0.439614 -0.890811 -0.114872
vn -0.470244 -0.827894 -0.305715
vn -0.500641 -0.796506 -0.339023
vn -0.312743 -0.728732 0.609214
vn -0.186096 -0.551885 0.812891
vn -0.144254 -0.443692 0.884493
vn -0.018029 -0.287156 0.957714
vn 0.153056 0.018997 0.988035
vn 0.198761 0.472523 0.858613
vn 0.162454 0.772394 0.614017
vn 0.119403 0.942119 0.313297
vn 0.051016 0.995506 -0.079781
vn -0.031286 0.913217 -0.406271
vn -0.024307 0.881925 -0.470762
vn -0.034844 0.987090 -0.156329
vn -0.019320 0.986594 0.162044
vn 0.028849 0.840836 0.540520
vn 0.115712 0.523415 0.844185
vn -0.017445 0.527505 0.849373
vn 0.058091 0.194656 0.979150
vn -0.103597 -0.041754 0.993743
vn -0.078764 0.817325 0.570768
vn -0.154739 0.969495 0.190093
vn -0.189235 0.974740 -0.118627
vn -0.188526 0.924854 -0.330307
vn -0.077481 0.795512 -0.600963
vn 0.155178 0.729511 -0.666133
vn 0.600624 0.250037 -0.759429
vn 0.696240 -0.153608 -0.701180
vn -0.746163 -0.657154 0.106719
vn -0.713599 -0.686861 0.137836
vn -0.556944 -0.759378 0.336389
vn -0.706499 -0.417650 0.571339
vn -0.778988 -0.396235 0.485979
vn -0.531085 -0.501673 0.682841
vn -0.359918 -0.559058 0.746935
vn -0.556884 -0.008713 0.830544
vn -0.513595 0.009259 0.857983
vn -0.431728 -0.095130 0.896973
vn -0.281133 -0.315117 0.906458
vn -0.203567 -0.189978 0.960452
vn -0.280555 0.124749 0.951697
vn -0.174480 0.298287 0.938393
vn -0.101664 0.679100 0.726972
vn -0.251549 0.387607 0.886839
vn -0.026643 0.949086 0.313887
vn -0.056805 0.995363 -0.077629
vn -0.000525 0.972435 -0.233173
vn 0.808232 0.445854 -0.384675
vn 0.766387 0.633243 -0.107956
vn 0.862554 0.105652 -0.494812
vn 0.597327 0.800177 0.054011
vn 0.367248 0.877550 0.308278
vn 0.015195 0.738050 0.674575
vn 0.054964 0.717243 0.694652
vn -0.310385 0.319245 0.895401
vn -0.572360 0.000637 0.820002
vn -0.757534 -0.376206 0.533490
vn -0.334180 0.337556 0.879989
vn 0.048401 0.656611 0.752675
vn 0.471803 0.725135 0.501578
vn 0.788357 0.550692 0.274283
vn 0.936382 0.349458 -0.032668
vn 0.948038 0.141458 -0.284982
vn 0.866326 0.100283 -0.489309
vn 0.557673 -0.268896 -0.785300
vn 0.787018 0.068124 -0.613157
vn 0.280307 -0.565858 -0.775392
vn 0.088144 -0.675032 -0.732504
vn -0.045100 -0.767095 -0.639947
vn -0.244217 -0.819699 -0.518123
vn -0.487315 -0.828229 -0.276698
vn -0.730389 -0.653556 0.198485
vn 0.839333 0.382077 -0.386701
vn 0.875268 0.360419 -0.322497
vn 0.712400 0.694237 -0.102571
vn 0.745733 0.662565 -0.069932
vn 0.811313 0.580431 0.069790
vn 0.638833 0.692449 0.335271
vn 0.529304 0.812837 0.243174
vn 0.530072 0.827053 0.187101
vn 0.377868 0.753399 0.538150
vn 0.299265 0.821025 0.486168
vn 0.307272 0.826007 0.472542
vn 0.000362 0.702044 0.712134
vn -0.037788 0.728337 0.684177
vn -0.025056 0.704036 0.709722
vn -0.374069 0.463363 0.803348
vn -0.388998 0.512984 0.765198
vn -0.372972 0.496389 0.783894
vn -0.617223 0.127008 0.776469
vn -0.666739 0.215264 0.713527
vn -0.676297 0.227615 0.700581
vn -0.770052 -0.280514 0.573003
vn -0.829299 -0.158050 0.535989
vn -0.859619 -0.111381 0.498648
vn -0.840015 -0.447266 0.307127
vn -0.849395 -0.490767 0.194103
vn -0.759632 -0.548659 0.349188
vn -0.666333 -0.742941 0.063557
vn -0.739458 -0.672481 0.031162
vn -0.532914 -0.816674 -0.221466
vn -0.240265 -0.859885 -0.450411
vn 0.034075 -0.775862 -0.629982
vn 0.299367 -0.559010 -0.773232
vn 0.511554 -0.300624 -0.804946
vn 0.719710 0.015311 -0.694106
vn 0.811427 0.412523 -0.414018
vn 0.693291 0.713517 -0.101200
vn 0.518705 0.842712 0.144156
vn 0.295956 0.861774 0.412014
vn -0.042589 0.740746 0.670433
vn -0.409479 0.500654 0.762675
vn -0.717564 0.213476 0.662970
vn -0.895372 -0.090277 0.436073
vn -0.888218 -0.446014 0.110188
vn -0.629430 -0.739911 -0.237380
vn -0.282780 -0.828175 -0.483902
vn 0.039096 -0.754695 -0.654910
vn 0.005736 -0.717468 -0.696567
vn 0.329263 -0.516831 -0.790235
vn -0.387081 -0.749426 -0.537148
vn -0.723096 -0.614082 -0.316285
vn -0.930551 -0.366150 0.002941
vn -0.937805 -0.076315 0.338671
vn -0.777606 0.221530 0.588433
vn -0.478166 0.541866 0.691186
vn -0.093312 0.811019 0.577530
vn 0.247264 0.919973 0.304155
vn 0.453172 0.888633 0.070477
vn 0.629404 0.768639 -0.114216
vn 0.798727 0.437680 -0.412882
vn 0.713731 -0.035714 -0.699509
vn 0.517781 -0.312137 -0.796538
vn 0.741851 0.668746 0.049354
vn 0.580552 0.764696 0.279643
vn 0.305029 0.845657 0.437974
vn -0.097323 0.818334 0.566444
vn -0.534285 0.587367 0.607897
vn -0.833813 0.253880 0.490205
vn -0.966209 -0.077622 0.245793
vn -0.934006 -0.352810 -0.056203
vn -0.763715 -0.558976 -0.322933
vn -0.469758 -0.697765 -0.540789
vn -0.035793 -0.671653 -0.740001
vn 0.343563 -0.460363 -0.818554
vn 0.497794 -0.316512 -0.807478
vn 0.850653 0.410365 -0.328618
vn 0.715449 -0.063056 -0.695814
vn 0.703344 -0.087318 -0.705466
vn 0.935164 0.239791 -0.260708
vn 0.483221 -0.311777 -0.818103
vn 0.348356 -0.425254 -0.835349
vn -0.071348 -0.605683 -0.792500
vn -0.511247 -0.641681 -0.571727
vn -0.790028 -0.514904 -0.332761
vn -0.940427 -0.319171 -0.117161
vn -0.988935 -0.054566 0.137951
vn -0.869600 0.278250 0.407888
vn -0.581741 0.556183 0.593496
vn -0.146220 0.672615 0.725403
vn 0.312624 0.571963 0.758370
vn 0.683138 0.427400 0.592159
vn 0.902192 0.353347 0.247379
vn 0.505247 -0.341254 -0.792635
vn 0.717258 -0.256280 -0.647967
vn 0.337303 -0.435265 -0.834728
vn -0.115127 -0.568316 -0.814716
vn -0.529858 -0.552877 -0.643100
vn -0.818780 -0.416486 -0.395143
vn -0.950667 -0.244806 -0.190530
vn -0.999219 -0.030404 0.025227
vn -0.912226 0.250585 0.324116
vn -0.666315 0.440414 0.601714
vn -0.312696 0.484954 0.816726
vn 0.149127 0.457925 0.876394
vn 0.639718 0.355079 0.681675
vn 0.944453 0.179515 0.275286
vn 0.977338 -0.033908 -0.208952
vn 0.683717 -0.524400 -0.507480
vn 0.945562 -0.303722 -0.116900
vn 0.481339 -0.479330 -0.733863
vn 0.249261 -0.449857 -0.857612
vn -0.200207 -0.512064 -0.835289
vn -0.547680 -0.482325 -0.683673
vn -0.822926 -0.331725 -0.461251
vn -0.944747 -0.202485 -0.257785
vn -0.997300 -0.039534 -0.061887
vn -0.962125 0.156577 0.223158
vn -0.782600 0.317796 0.535298
vn -0.477535 0.422826 0.770181
vn 0.034643 0.498407 0.866251
vn 0.562023 0.386906 0.731050
vn 0.917843 0.066243 0.391378
vn -0.021489 -0.464667 -0.885225
vn -0.389941 -0.417948 -0.820528
vn -0.929541 0.234999 0.284128
vn -0.997930 0.056292 0.031102
vn -0.819263 0.362429 0.444358
vn -0.220711 0.621733 0.751488
vn -0.565971 0.534558 0.627634
vn -0.819626 0.561443 0.114002
vn -0.977542 -0.043543 -0.206194
vn -0.917545 -0.144799 -0.370330
vn -0.804171 -0.281048 -0.523756
vn -0.625918 -0.406744 -0.665422
vn 0.242125 -0.577256 -0.779840
vn 0.493556 -0.613249 -0.616707
vn 0.738618 -0.459619 -0.493146
vn 0.955986 -0.253195 0.148266
vn 0.828582 -0.290913 -0.478352
vn 0.832401 0.050719 0.551848
vn 0.487036 0.367340 0.792375
vn -0.661518 0.715496 0.224633
vn -0.030483 0.598908 0.800237
vn -0.364116 0.837464 0.407522
vn 0.461080 0.401862 0.791146
vn 0.818071 0.191870 0.542168
vn 0.974905 -0.111147 0.192888
vn 0.892822 -0.080118 -0.443227
vn 0.250690 0.798626 0.547129
vn 0.958773 0.260390 -0.113804
vn 0.610574 0.610052 0.505010
vn 0.804434 0.584338 0.106935
vn -0.943941 0.316168 -0.094939
vn -0.972020 0.050701 -0.229363
vn -0.922644 -0.042442 -0.383310
vn -0.861043 -0.085661 -0.501266
vn -0.695923 -0.256577 -0.670716
vn -0.473709 -0.274050 -0.836957
vn -0.746629 -0.056631 -0.662826
vn -0.840784 0.023935 -0.540842
vn -0.882537 0.100177 -0.459449
vn -0.833606 0.343976 -0.432183
vn -0.792992 0.542857 -0.276531
vn -0.756553 0.642105 -0.123812
vn -0.577664 0.816275 0.000220
vn -0.136647 0.987854 0.073972
vn 0.217094 0.976074 0.012251
vn 0.451175 0.802468 -0.390495
vn 0.649116 0.380240 -0.658837
vn 0.596227 0.081068 -0.798712
vn 0.533568 -0.078488 -0.842107
vn 0.417118 -0.244741 -0.875280
vn 0.124288 -0.388006 -0.913238
vn -0.210085 -0.364452 -0.907215
vn -0.607247 -0.091822 -0.789189
vn -0.781960 0.192867 -0.592740
vn -0.672808 0.347168 -0.653302
vn -0.726344 0.403367 -0.556524
vn -0.757783 0.486480 -0.434860
vn -0.660661 0.656161 -0.364664
vn -0.335164 0.870479 -0.360461
vn -0.023009 0.916694 -0.398926
vn 0.073533 0.646154 -0.759657
vn 0.305080 0.403146 -0.862786
vn 0.267921 0.217744 -0.938513
vn 0.219621 0.107821 -0.969609
vn 0.110341 -0.012597 -0.993814
vn -0.200794 -0.186026 -0.961809
vn -0.832613 0.296690 -0.467688
vn -0.777127 -0.047330 -0.627562
vn -0.273137 -0.141387 -0.951528
vn 0.058092 0.178419 -0.982238
vn -0.115431 0.297364 -0.947761
vn -0.082778 0.366750 -0.926630
vn -0.917381 0.266540 -0.295581
vn -0.384833 0.151165 -0.910523
vn -0.089517 0.590407 -0.802126
vn -0.594351 0.752112 -0.284736
vn -0.866344 0.354113 -0.352210
vn -0.688882 0.464395 -0.556577
vn -0.335485 0.466819 -0.818248
vn -0.381207 0.386725 -0.839717
vn -0.620755 0.460783 -0.634305
vn -0.328972 0.617969 -0.714068
vn 0.191460 -0.370594 0.908847
vn 0.249543 -0.460541 0.851839
vn 0.284972 -0.468104 0.836463
vn 0.206103 -0.381506 0.901097
vn 0.450331 -0.809213 0.377328
vn 0.458979 -0.869024 0.184757
vn 0.541906 -0.817191 0.196310
vn 0.527501 -0.768997 0.361090
vn 0.338002 -0.666599 -0.664380
vn 0.240089 -0.514835 -0.822984
vn 0.372234 -0.463440 -0.804156
vn 0.421533 -0.593989 -0.685191
vn -0.028481 -0.070033 -0.997138
vn -0.076449 0.038359 -0.996335
vn -0.047573 0.034427 -0.998274
vn 0.060550 -0.052323 -0.996793
vn -0.137189 0.084947 -0.986896
vn -0.245951 0.219243 -0.944161
vn -0.198786 0.217268 -0.955656
vn -0.101921 0.065948 -0.992604
vn -0.394571 0.918379 0.029908
vn -0.373313 0.906899 -0.195373
vn -0.398300 0.902963 -0.161291
vn -0.441052 0.892445 0.094948
vn -0.084559 0.275523 0.957568
vn -0.107401 0.344563 0.932599
vn -0.125919 0.358367 0.925050
vn -0.060904 0.260048 0.963673
vn 0.313475 -0.328712 0.890888
vn 0.257461 -0.351462 0.900105
vn 0.338438 -0.475290 0.812133
vn 0.369184 -0.433738 0.821934
vn 0.512080 -0.710995 0.481934
vn 0.429641 -0.763536 0.482100
vn 0.438070 -0.855403 0.276371
vn 0.568277 -0.778213 0.267294
vn 0.230192 -0.655648 -0.719123
vn 0.293382 -0.657913 -0.693598
vn 0.260655 -0.506478 -0.821912
vn 0.177509 -0.508907 -0.842321
vn -0.027804 -0.077548 -0.996601
vn -0.009329 -0.034770 -0.999352
vn -0.114646 0.086877 -0.989600
vn -0.136045 0.042202 -0.989803
vn -0.262478 0.347018 0.900380
vn -0.262139 0.336374 0.904509
vn -0.164381 0.243009 0.955995
vn -0.160691 0.222503 0.961598
vn -0.607597 0.792687 -0.049724
vn -0.658848 0.749379 -0.065957
vn -0.595530 0.757581 0.267236
vn -0.547456 0.788736 0.279621
vn -0.158269 0.125943 -0.979331
vn -0.261132 0.292504 -0.919919
vn -0.295618 0.259599 -0.919357
vn -0.194813 0.101645 -0.975559
vn 0.239541 -0.412047 0.879112
vn 0.258185 -0.405831 0.876722
vn 0.331297 -0.500874 0.799605
vn 0.300684 -0.529914 0.792957
vn 0.580049 -0.740002 0.340500
vn 0.574809 -0.778316 0.252624
vn 0.538235 -0.799191 0.267576
vn 0.530336 -0.769894 0.354975
vn 0.438943 -0.590156 -0.677528
vn 0.285658 -0.536449 -0.794117
vn 0.282388 -0.633642 -0.720247
vn 0.455797 -0.661895 -0.595100
vn -0.004373 -0.167549 -0.985854
vn 0.012274 -0.167207 -0.985845
vn -0.062224 -0.015959 -0.997935
vn -0.050538 -0.007364 -0.998695
vn -0.103408 0.055568 -0.993086
vn -0.154415 0.215752 -0.964161
vn -0.102282 0.249135 -0.963053
vn -0.065727 0.071851 -0.995247
vn -0.292928 0.936292 -0.193782
vn -0.281106 0.957550 -0.063854
vn -0.251261 0.964226 -0.084475
vn -0.264126 0.945215 -0.191849
vn -0.225614 0.427211 0.875551
vn -0.147342 0.404499 0.902591
vn -0.145504 0.320199 0.936110
vn -0.175806 0.314905 0.932699
vn 0.125840 -0.377017 -0.917618
vn 0.103635 -0.407854 -0.907146
vn 0.094717 -0.296398 -0.950356
vn 0.238924 -0.267168 -0.933561
vn 0.152270 -0.282727 -0.947037
vn 0.098468 -0.298450 -0.949332
vn 0.175742 -0.404774 -0.897370
vn 0.036758 -0.157482 -0.986838
vn -0.035976 0.004891 -0.999341
vn -0.042297 0.088890 -0.995143
vn -0.469028 0.552060 -0.689378
vn -0.463520 0.492677 -0.736491
vn -0.347000 0.505152 -0.790197
vn -0.323871 0.536869 -0.779025
vn -0.251906 0.561486 -0.788211
vn -0.180206 0.589404 -0.787483
vn -0.622242 0.679828 -0.388135
vn -0.589189 0.682831 -0.431970
vn -0.369987 0.819775 -0.437125
vn -0.383254 0.807591 -0.448233
vn -0.309570 0.844123 -0.437748
vn -0.240792 0.851688 -0.465453
vn -0.099880 0.274326 -0.956436
vn -0.215386 0.603033 -0.768088
vn -0.280303 0.856960 -0.432492
vn -0.292419 0.939877 -0.176417
vn -0.256079 0.964035 -0.071136
vn -0.231864 0.972696 0.010059
vn -0.524969 0.720663 0.452828
vn -0.500057 0.739050 0.451385
vn -0.400187 0.873110 0.278442
vn -0.456357 0.829636 0.321624
vn -0.223766 0.969314 0.101785
vn -0.257912 0.950422 0.173724
vn -0.267921 0.944045 0.192349
vn -0.230290 0.941924 0.244429
vn -0.188168 0.865119 0.464933
vn -0.203745 0.891290 0.405081
vn -0.384447 0.793704 0.471418
vn -0.452717 0.749263 0.483376
vn -0.471436 0.670039 0.573406
vn -0.461156 0.686095 0.562680
vn 0.349091 -0.687341 -0.636944
vn 0.544578 -0.667094 -0.508352
vn 0.554919 -0.674373 -0.487121
vn 0.407982 -0.811719 -0.417927
vn 0.459769 -0.756757 -0.464685
vn 0.344769 -0.790237 -0.506617
vn 0.329546 -0.779323 -0.532968
vn 0.477491 -0.722720 -0.499677
vn 0.568358 -0.747119 -0.344648
vn 0.588948 -0.714795 -0.377106
vn 0.414383 -0.873409 -0.255819
vn 0.471602 -0.835090 -0.283226
vn 0.466072 -0.823889 -0.322465
vn 0.375230 -0.849408 -0.371092
vn 0.556782 -0.706399 -0.437029
vn 0.564294 -0.809157 -0.163821
vn 0.592227 -0.782719 -0.191356
vn 0.419276 -0.900216 -0.117556
vn 0.492191 -0.862760 -0.115728
vn 0.413659 -0.898084 -0.149438
vn 0.553473 -0.822185 -0.132969
vn 0.615887 -0.703280 -0.355079
vn 0.638313 -0.736855 -0.222715
vn 0.434435 -0.897919 0.070766
vn 0.583339 -0.809160 0.070544
vn 0.442269 -0.895891 0.042174
vn 0.520994 -0.850976 0.066365
vn 0.562330 -0.822042 0.089623
vn 0.574313 -0.814562 0.081575
vn 0.589760 -0.806884 0.033482
vn 0.505268 -0.821808 0.263317
vn 0.538653 -0.698871 0.470565
vn 0.503107 -0.742592 0.442088
vn 0.407771 -0.709430 0.574832
vn 0.462212 -0.695452 0.550187
vn 0.449619 -0.635467 0.627714
vn 0.406935 -0.661837 0.629584
vn 0.438542 -0.611957 0.658172
vn 0.405634 -0.659577 0.632786
vn 0.335030 -0.587134 0.736904
vn 0.374707 -0.589398 0.715685
vn 0.385256 -0.581568 0.716489
vn 0.406615 -0.546120 0.732405
vn 0.465363 -0.806424 0.364853
vn 0.439266 -0.786171 0.434719
vn 0.363987 -0.691989 0.623430
vn 0.263289 -0.547380 0.794389
vn 0.184564 -0.278446 0.942552
vn 0.181811 -0.281338 0.942228
vn 0.136040 -0.260591 0.955817
vn 0.124552 -0.278003 0.952471
vn 0.233882 -0.212949 0.948658
vn 0.192460 -0.252524 0.948257
vn 0.193811 -0.416625 0.888178
vn 0.105565 -0.128445 0.986082
vn 0.080775 -0.123176 0.989092
vn 0.068577 -0.111279 0.991420
vn 0.038938 -0.120943 0.991896
vn 0.134774 -0.061918 0.988940
vn 0.099500 -0.100476 0.989952
vn 0.148387 -0.276370 0.949527
vn -0.005067 0.044726 0.998986
vn -0.030228 0.053118 0.998131
vn 0.011931 0.026986 0.999565
vn -0.017507 0.030893 0.999369
vn 0.045218 0.048257 0.997811
vn 0.007422 0.036133 0.999319
vn -0.103707 0.198965 0.974504
vn -0.102845 0.196205 0.975155
vn -0.027926 0.151654 0.988039
vn -0.057711 0.167909 0.984112
vn -0.067972 0.136129 0.988357
vn -0.050673 0.126502 0.990671
vn 0.099942 -0.141082 0.984940
vn 0.009900 0.014632 0.999844
vn -0.094536 0.171884 0.980571
vn -0.296278 0.872003 0.389654
vn -0.247903 0.554286 0.794551
vn -0.114852 0.499843 0.858467
vn -0.146135 0.398965 0.905247
vn -0.218823 0.427732 0.877019
vn -0.333762 0.463092 0.821066
vn -0.337646 0.423910 0.840414
vn -0.247166 0.676521 0.693707
vn -0.106813 0.638337 0.762310
vn -0.232473 0.527522 0.817115
vn -0.329088 0.516310 0.790648
vn -0.379986 0.553309 0.741256
vn -0.382759 0.506301 0.772758
vn -0.211341 0.786997 0.579631
vn -0.130863 0.752517 0.645440
vn -0.332641 0.693842 0.638696
vn -0.418938 0.645645 0.638461
vn -0.420555 0.628043 0.654749
vn -0.424456 0.594007 0.683369
vn -0.176486 0.296786 0.938494
vn -0.245817 0.425484 0.870941
vn -0.301329 0.577059 0.759081
vn -0.321827 0.705636 0.631272
vn -0.314651 0.801651 0.508282
vn 0.510229 -0.693183 0.509081
vn 0.414374 -0.592355 0.690948
vn 0.563194 -0.751601 0.343379
vn 0.560574 -0.798137 0.220760
vn 0.545166 -0.834197 0.083122
vn 0.544246 -0.829151 -0.127694
vn 0.541897 -0.784455 -0.301626
vn 0.509878 -0.698458 -0.502176
vn 0.428965 -0.562165 -0.707078
vn 0.374619 -0.455107 -0.807799
vn 0.268105 -0.291079 -0.918364
vn 0.081430 -0.104101 -0.991228
vn -0.056003 0.003298 -0.998425
vn -0.103775 0.057417 -0.992942
vn -0.176433 0.209624 -0.961733
vn -0.302504 0.548966 -0.779184
vn -0.356197 0.828468 -0.432163
vn -0.339626 0.917533 -0.206852
vn -0.331642 0.943261 -0.016512
vn -0.331161 0.915766 0.227390
vn -0.288790 0.832840 0.472206
vn -0.199187 0.732761 0.650681
vn -0.117172 0.578841 0.806979
vn -0.077898 0.426225 0.901257
vn -0.090228 0.367616 0.925590
vn -0.097304 0.302108 0.948295
vn -0.077075 0.188728 0.979000
vn -0.037887 0.044773 0.998279
vn 0.040752 -0.125057 0.991312
vn 0.141476 -0.288246 0.947048
vn 0.230202 -0.401121 0.886628
vn 0.315595 -0.481752 0.817505
vn 0.308953 -0.584385 0.750362
vn 0.378747 -0.712655 0.590485
vn 0.440746 -0.806391 0.394306
vn 0.480202 -0.856291 0.190187
vn 0.492392 -0.869565 0.037500
vn 0.488557 -0.865840 -0.107860
vn 0.479149 -0.848305 -0.225376
vn 0.421642 -0.806354 -0.414742
vn 0.276947 -0.682046 -0.676840
vn 0.142219 -0.532708 -0.834264
vn 0.007507 -0.313527 -0.949549
vn -0.088980 -0.104799 -0.990505
vn -0.126471 0.010541 -0.991914
vn -0.171244 0.101159 -0.980022
vn -0.264218 0.238279 -0.934565
vn -0.377436 0.485512 -0.788556
vn -0.435178 0.768669 -0.468794
vn -0.449697 0.885712 -0.115274
vn -0.478218 0.860023 0.177953
vn -0.494120 0.790897 0.361010
vn -0.480026 0.711634 0.512983
vn -0.442688 0.621562 0.646288
vn -0.371838 0.548590 0.748856
vn -0.269803 0.477652 0.836095
vn -0.161961 0.388805 0.906973
vn -0.050777 0.255546 0.965463
vn 0.011387 0.129220 0.991551
vn 0.043536 0.022433 0.998800
vn 0.099413 -0.096697 0.990337
vn 0.171797 -0.246500 0.953794
vn 0.215152 -0.365631 0.905552
vn 0.245431 -0.451791 0.857700
vn 0.352377 -0.561924 0.748379
vn 0.415687 -0.674060 0.610612
vn 0.495793 -0.750457 0.437040
vn 0.564049 -0.794476 0.225071
vn 0.594901 -0.801948 0.054524
vn 0.585676 -0.803331 -0.107908
vn 0.536826 -0.807904 -0.243122
vn 0.440040 -0.774244 -0.454875
vn 0.282894 -0.642789 -0.711894
vn 0.153791 -0.506971 -0.848133
vn 0.033398 -0.310779 -0.949895
vn -0.066354 -0.105404 -0.992213
vn -0.139104 0.010550 -0.990222
vn -0.199614 0.097175 -0.975044
vn -0.284331 0.248804 -0.925879
vn -0.415254 0.476019 -0.775222
vn -0.514317 0.723822 -0.459956
vn -0.524631 0.847993 -0.075309
vn -0.500939 0.829526 0.246875
vn -0.496910 0.764409 0.410804
vn -0.480362 0.689199 0.542455
vn -0.435854 0.626563 0.646103
vn -0.381650 0.571335 0.726581
vn -0.312354 0.492132 0.812553
vn -0.224871 0.382494 0.896176
vn -0.110113 0.229143 0.967145
vn -0.016974 0.103924 0.994440
vn 0.051008 0.024322 0.998402
vn 0.127426 -0.070643 0.989329
vn 0.226002 -0.219473 0.949081
vn 0.289754 -0.341551 0.894084
vn 0.313001 -0.434872 0.844344
vn 0.328106 -0.642728 0.692277
vn 0.339866 -0.722250 0.602367
vn 0.359729 -0.826644 0.432729
vn 0.354352 -0.905670 0.232802
vn 0.326024 -0.944452 0.041466
vn 0.296481 -0.943082 -0.150651
vn 0.306243 -0.893633 -0.328077
vn 0.362438 -0.801180 -0.476181
vn 0.388531 -0.662925 -0.639979
vn 0.313119 -0.485193 -0.816422
vn 0.152820 -0.258052 -0.953968
vn -0.016638 -0.009851 -0.999813
vn -0.107086 0.111326 -0.987998
vn -0.159413 0.142760 -0.976835
vn -0.272007 0.282071 -0.920026
vn -0.499422 0.577585 -0.645734
vn -0.650440 0.689739 -0.318101
vn -0.697200 0.709539 -0.102305
vn -0.640510 0.733099 0.228718
vn -0.562754 0.707529 0.427447
vn -0.500382 0.649155 0.572901
vn -0.441138 0.548095 0.710626
vn -0.399687 0.470357 0.786775
vn -0.345049 0.402266 0.848011
vn -0.285060 0.320084 0.903486
vn -0.212627 0.213189 0.953593
vn -0.120866 0.087271 0.988825
vn -0.048116 -0.004572 0.998831
vn 0.064247 -0.154637 0.985880
vn 0.160668 -0.308161 0.937669
vn 0.198649 -0.400294 0.894596
vn 0.274905 -0.535668 0.798428
vn 0.298490 -0.707230 0.640882
vn 0.286014 -0.793009 0.537896
vn 0.292605 -0.881757 0.369983
vn 0.292430 -0.940977 0.170434
vn 0.272972 -0.962019 -0.002569
vn 0.259226 -0.954058 -0.150253
vn 0.280421 -0.925618 -0.254156
vn 0.319151 -0.866357 -0.384145
vn 0.301549 -0.740624 -0.600453
vn 0.221826 -0.535750 -0.814718
vn 0.092162 -0.271955 -0.957887
vn -0.063203 -0.017557 -0.997846
vn -0.142245 0.102544 -0.984506
vn -0.231490 0.153094 -0.960716
vn -0.378948 0.234468 -0.895223
vn -0.606190 0.514120 -0.606806
vn -0.711726 0.663682 -0.230159
vn -0.765321 0.636651 -0.094653
vn -0.743160 0.648342 0.165427
vn -0.652477 0.657315 0.377108
vn -0.563624 0.608604 0.558506
vn -0.471191 0.502176 0.725120
vn -0.434988 0.451492 0.779064
vn -0.375631 0.368253 0.850465
vn -0.319265 0.265776 0.909634
vn -0.256010 0.159307 0.953457
vn -0.169572 0.047683 0.984364
vn -0.101060 -0.051815 0.993530
vn 0.015174 -0.208258 0.977956
vn 0.133406 -0.361914 0.922616
vn 0.180128 -0.455247 0.871954
vn 0.248469 -0.586131 0.771176
vn -0.749624 0.461603 0.474328
vn -0.746298 0.505186 0.433390
vn -0.735487 0.428137 0.525126
vn -0.789446 0.456826 0.409982
vn -0.091075 -0.249004 0.964211
vn -0.096235 -0.257341 0.961517
vn -0.187636 -0.141873 0.971939
vn -0.145681 -0.143444 0.978877
vn 0.198111 -0.653148 0.730855
vn 0.281135 -0.760021 0.585945
vn 0.209888 -0.771758 0.600281
vn 0.169486 -0.641702 0.747993
vn 0.481942 -0.858704 0.174237
vn 0.577200 -0.813700 -0.068796
vn 0.313465 -0.946598 -0.075442
vn 0.317567 -0.941597 0.112007
vn -0.775284 0.617581 0.132397
vn -0.672280 0.569103 0.473458
vn -0.799498 0.501414 0.330738
vn -0.818781 0.552622 0.155584
vn -0.826012 0.563183 0.022980
vn -0.837734 0.542386 0.063403
vn -0.866358 0.490959 -0.091565
vn -0.860130 0.499306 -0.104258
vn -0.597151 0.399320 -0.695668
vn -0.793082 0.461877 -0.397103
vn -0.778414 0.414084 -0.471812
vn -0.586523 0.352979 -0.728970
vn 0.441455 -0.803466 -0.399450
vn 0.376837 -0.764591 -0.522872
vn 0.164985 -0.856551 -0.488979
vn 0.169799 -0.923518 -0.343922
vn -0.283415 -0.289823 -0.914155
vn -0.243907 -0.182739 -0.952426
vn -0.031308 -0.513937 -0.857257
vn -0.086437 -0.540459 -0.836919
vn -0.311427 -0.092520 -0.945755
vn -0.375747 0.141035 -0.915928
vn -0.402443 0.158808 -0.901565
vn -0.298104 -0.011815 -0.954460
vn -0.811279 0.409618 0.417179
vn -0.718106 0.380606 0.582635
vn -0.596612 0.427166 0.679399
vn -0.712523 0.496103 0.496178
vn -0.193198 -0.138894 0.971279
vn -0.085989 -0.253773 0.963434
vn -0.042265 -0.240155 0.969814
vn -0.155132 -0.106154 0.982174
vn 0.181504 -0.567348 0.803226
vn 0.245222 -0.700870 0.669811
vn 0.262099 -0.630799 0.730340
vn 0.188992 -0.503275 0.843206
vn -0.853297 0.447347 0.267889
vn -0.791202 0.533398 0.299141
vn -0.844763 0.524969 -0.103846
vn -0.846893 0.529459 0.049451
vn -0.823145 0.567320 -0.024090
vn -0.781557 0.603961 -0.156206
vn -0.542832 0.301814 -0.783736
vn -0.753247 0.384421 -0.533704
vn -0.693497 0.419755 -0.585549
vn -0.485294 0.234426 -0.842339
vn 0.005291 -0.420520 -0.907268
vn -0.163277 -0.089263 -0.982534
vn -0.114534 -0.044803 -0.992408
vn 0.018412 -0.335219 -0.941960
vn -0.235887 0.039176 -0.970991
vn -0.366660 0.197866 -0.909071
vn -0.307305 0.186813 -0.933094
vn -0.176087 0.079134 -0.981189
vn -0.866167 0.485674 0.117794
vn -0.840292 0.530413 0.112120
vn 0.173073 -0.923574 -0.342136
vn 0.124672 -0.829255 -0.544787
vn 0.159977 -0.804316 -0.572261
vn 0.221680 -0.914136 -0.339431
vn 0.347953 -0.924346 0.156564
vn 0.319938 -0.947006 0.028616
vn 0.253923 -0.961639 0.103795
vn 0.288590 -0.918427 0.270568
vn -0.092780 -0.274970 0.956966
vn -0.124826 -0.165195 0.978330
vn 0.192150 -0.624319 0.757169
vn 0.320441 -0.727067 0.607199
vn 0.617789 -0.719761 0.316673
vn 0.853866 -0.374790 0.361172
vn 0.862975 -0.254980 -0.436188
vn 0.689487 -0.328243 -0.645651
vn -0.205507 -0.245674 -0.947318
vn 0.040163 -0.307656 -0.950650
vn -0.238392 -0.154921 -0.958733
vn -0.252771 0.105501 -0.961757
vn -0.468082 0.495412 -0.731756
vn -0.637797 0.622550 -0.453482
vn -0.505517 0.861317 -0.050856
vn -0.642220 0.722022 -0.257368
vn -0.298509 0.944828 0.134881
vn -0.218490 0.543189 0.810684
vn -0.513497 0.512426 0.688288
vn -0.575388 0.607708 0.547375
vn -0.639741 0.573896 0.511248
vn -0.628415 0.491906 0.602597
vn -0.644103 0.377125 0.665514
vn -0.635008 0.340974 0.693182
vn -0.536499 0.394786 0.745864
vn -0.506990 0.420855 0.752225
vn -0.486188 0.375115 0.789247
vn -0.542080 0.300760 0.784661
vn -0.548668 0.260447 0.794437
vn -0.459279 0.304146 0.834601
vn -0.384085 0.253564 0.887797
vn -0.402631 0.250539 0.880408
vn -0.454741 0.215732 0.864101
vn -0.461896 0.186340 0.867139
vn -0.380039 0.210537 0.900691
vn -0.318958 0.143276 0.936877
vn -0.323031 0.126771 0.937859
vn -0.351874 0.089809 0.931729
vn -0.372415 0.083089 0.924340
vn -0.305831 0.124471 0.943915
vn -0.214171 -0.010404 0.976741
vn -0.218852 -0.017573 0.975600
vn -0.256585 -0.037134 0.965808
vn -0.276671 -0.040858 0.960096
vn -0.221089 0.005306 0.975239
vn 0.013853 -0.443678 0.896079
vn 0.043484 -0.454152 0.889863
vn 0.059317 -0.452604 0.889736
vn 0.076033 -0.423105 0.902885
vn 0.106640 -0.392953 0.913354
vn 0.419879 -0.807562 0.414180
vn 0.331194 -0.850361 0.408898
vn 0.242194 -0.863447 0.442494
vn 0.305647 -0.807204 0.504978
vn 0.329998 -0.752159 0.570402
vn 0.467029 -0.775288 0.425220
vn 0.366968 -0.872345 0.323032
vn 0.276417 -0.919891 0.278198
vn 0.341937 -0.878878 0.332644
vn 0.324287 -0.838705 0.437507
vn 0.956171 -0.225578 0.186685
vn 0.572351 -0.806804 -0.146567
vn 0.252879 -0.950881 -0.178544
vn 0.278272 -0.957413 -0.076976
vn 0.242106 -0.969767 -0.030620
vn 0.992775 -0.116393 0.029180
vn 0.591724 -0.791653 -0.152147
vn 0.208809 -0.957128 -0.200761
vn 0.236530 -0.956574 -0.170351
vn 0.236830 -0.959942 -0.149743
vn 0.979552 -0.146744 -0.137636
vn 0.561314 -0.799271 -0.214693
vn 0.201082 -0.954499 -0.220222
vn 0.215878 -0.953657 -0.209606
vn 0.238758 -0.947537 -0.212528
vn 0.424777 -0.327727 -0.843895
vn 0.190765 -0.710927 -0.676898
vn 0.144179 -0.751081 -0.644275
vn 0.111233 -0.702911 -0.702527
vn 0.115067 -0.630009 -0.768016
vn 0.372704 0.184551 0.909413
vn 0.345554 0.242058 0.906642
vn 0.361044 -0.089655 0.928229
vn 0.585109 0.180111 0.790701
vn 0.618368 0.560298 0.551079
vn 0.793689 0.600518 0.097141
vn 0.754764 0.640814 -0.140315
vn 0.663381 0.670669 -0.331856
vn 0.197189 0.704619 -0.681637
vn -0.227105 0.707786 -0.668926
vn -0.231343 0.587614 -0.775364
vn -0.258574 0.414076 -0.872743
vn -0.131004 0.164108 -0.977705
vn -0.296572 0.297227 -0.907580
vn -0.271579 0.399852 -0.875422
vn -0.779397 -0.234460 -0.581007
vn -0.583879 -0.058878 -0.809703
vn -0.660905 0.250668 -0.707368
vn -0.852152 0.169085 -0.495224
vn -0.942317 0.239017 -0.234330
vn -0.951851 -0.224768 -0.208470
vn -0.984614 0.169636 0.041934
vn -0.985927 -0.166354 0.016591
vn -0.909069 -0.194954 0.368221
vn -0.887028 0.063646 0.457309
vn -0.605595 -0.267294 0.749539
vn -0.584827 -0.108963 0.803806
vn 0.343627 -0.035503 0.938435
vn -0.283592 0.501276 0.817495
vn 0.222109 -0.196713 0.954972
vn -0.033262 0.227766 0.973148
vn 0.002672 -0.262682 0.964879
vn -0.131429 0.056149 0.989734
vn -0.225804 -0.295699 0.928210
vn -0.333593 -0.066056 0.940400
vn 0.679174 -0.115962 0.724759
vn 0.696935 -0.173573 0.695812
vn 0.524634 -0.311626 0.792242
vn 0.272502 -0.411736 0.869607
vn 0.091529 -0.451468 0.887581
vn -0.140704 -0.432956 0.890366
vn -0.495810 -0.324671 0.805457
vn -0.752321 -0.251984 0.608702
vn -0.529021 -0.322183 0.785070
vn -0.896950 -0.279019 0.342972
vn -0.942625 -0.330912 0.044228
vn -0.918182 -0.371905 -0.136488
vn -0.871694 -0.362540 -0.329719
vn 0.204123 0.496358 -0.843778
vn 0.002710 0.423474 -0.905904
vn -0.160571 0.321392 -0.933233
vn -0.524426 -0.194145 -0.829027
vn -0.439016 -0.048165 -0.897187
vn -0.826098 -0.158170 -0.540873
vn 0.438186 0.587622 -0.680216
vn 0.650619 0.599111 -0.466648
vn 0.849792 0.470691 -0.237286
vn 0.925680 0.356252 0.127285
vn 0.822910 0.344669 0.451688
vn 0.712772 0.214756 0.667710
vn 0.679818 0.078746 0.729141
vn 0.617843 -0.041875 0.785186
vn 0.421007 -0.200584 0.884601
vn 0.237594 -0.345001 0.908033
vn 0.057270 -0.439330 0.896498
vn -0.275358 -0.442360 0.853519
vn -0.500120 -0.435353 0.748564
vn -0.710973 -0.350816 0.609464
vn -0.582362 -0.521299 0.623780
vn -0.813512 -0.446810 0.372234
vn -0.737509 -0.571491 0.359830
vn -0.914430 -0.402596 0.041636
vn -0.876170 -0.479456 -0.049483
vn -0.958834 -0.252852 -0.129240
vn -0.931053 -0.244455 -0.270891
vn -0.967163 -0.104794 -0.231549
vn -0.983670 -0.127473 -0.127055
vn -0.787941 0.137842 -0.600124
vn -0.682773 0.096883 -0.724179
vn -0.411820 0.105429 -0.905146
vn -0.345415 0.137134 -0.928377
vn -0.266287 0.261971 -0.927611
vn -0.459804 0.078995 -0.884500
vn -0.044857 0.399885 -0.915467
vn 0.168630 0.452537 -0.875657
vn 0.240693 0.632123 -0.736537
vn 0.385819 0.661908 -0.642667
vn 0.581536 0.607653 -0.540900
vn 0.641422 0.656069 -0.397682
vn 0.800727 0.567274 -0.192449
vn 0.757357 0.652770 -0.017368
vn 0.853056 0.512328 0.099071
vn 0.835619 0.382595 0.394161
vn 0.786214 0.529835 0.318028
vn 0.706335 0.351221 0.614601
vn 0.742036 0.244487 0.624187
vn 0.676291 0.157601 0.719578
vn 0.607629 0.231540 0.759722
vn 0.487952 0.104760 0.866561
vn 0.562379 0.015056 0.826743
vn 0.393791 -0.173965 0.902588
vn 0.342754 -0.068321 0.936938
vn 0.243811 -0.311042 0.918591
vn 0.130491 -0.195419 0.972000
vn -0.077764 -0.385047 0.919615
vn -0.217116 -0.283773 0.933988
vn -0.374564 -0.356915 0.855753
vn -0.372250 -0.400438 0.837305
vn -0.722688 -0.086853 -0.685696
vn -0.874973 -0.300130 -0.379927
vn -0.814843 -0.410924 -0.408867
vn -0.837987 -0.539813 -0.079878
vn -0.733407 -0.565104 0.377851
vn -0.569908 -0.498311 0.653369
vn -0.469379 -0.430317 0.771045
vn -0.479692 -0.394660 0.783671
vn -0.582728 -0.425934 0.692104
vn -0.737625 -0.516291 0.435148
vn -0.840070 -0.540519 -0.046061
vn -0.745596 -0.515415 -0.422415
vn -0.549368 0.336368 -0.764886
vn -0.452496 0.282235 -0.845926
vn 0.389094 0.553699 -0.736223
vn 0.334376 0.634719 -0.696653
vn 0.152139 0.555776 -0.817293
vn 0.027786 0.580289 -0.813937
vn -0.240174 0.504358 -0.829422
vn -0.128662 0.432452 -0.892430
vn 0.024330 0.539296 -0.841765
vn -0.141799 0.381065 -0.913610
vn -0.293373 0.222423 -0.929764
vn 0.652127 0.473799 0.591815
vn 0.504495 0.298615 0.810132
vn 0.328457 0.191670 0.924867
vn 0.143524 0.064681 0.987531
vn -0.033328 -0.103077 0.994115
vn -0.175036 -0.183581 0.967295
vn -0.328766 -0.302612 0.894617
vn -0.458125 -0.421288 0.782712
vn -0.526216 -0.481430 0.700944
vn -0.698397 -0.522224 0.489411
vn -0.862812 -0.503979 0.039509
vn -0.773707 -0.550503 -0.313565
vn -0.570692 -0.469411 -0.673768
vn -0.385756 0.159320 -0.908741
vn -0.158178 -0.058461 -0.985679
vn -0.542708 0.385122 -0.746424
vn -0.307407 0.492459 -0.814239
vn -0.071805 0.616691 -0.783924
vn 0.205205 0.702473 -0.681486
vn 0.501861 0.764400 -0.404757
vn 0.662879 0.744876 -0.075842
vn 0.713386 0.656550 0.244996
vn 0.172092 -0.015652 -0.984957
vn -0.265142 0.250518 -0.931097
vn -0.187304 0.329849 -0.925266
vn 0.223533 0.157088 -0.961955
vn 0.210227 0.419448 -0.883101
vn 0.047696 0.533298 -0.844582
vn 0.235507 0.678223 -0.696096
vn 0.235474 0.705473 -0.668475
vn 0.311960 0.820684 -0.478706
vn 0.375703 0.841603 -0.388010
vn 0.379449 0.916858 -0.124057
vn 0.440186 0.897889 0.005581
vn 0.380164 0.820279 0.427337
vn 0.305547 0.875083 0.375328
vn 0.086903 0.676278 0.731502
vn 0.203882 0.596363 0.776391
vn -0.136308 0.403762 0.904653
vn -0.008329 0.277093 0.960807
vn -0.302752 -0.471263 -0.828404
vn 0.192215 -0.395607 -0.898081
vn -0.529946 -0.712629 -0.459692
vn -0.484811 -0.845635 -0.223294
vn -0.785343 -0.610389 -0.103254
vn -0.342175 -0.937911 0.056911
vn -0.507945 -0.779310 0.366971
vn -0.407050 -0.883730 0.230936
vn -0.796599 -0.603330 0.037735
vn -0.730183 -0.618100 0.291180
vn -0.516356 -0.480596 0.708805
vn -0.540634 -0.640438 0.545485
vn -0.680923 -0.510862 0.524751
vn -0.608045 -0.388620 0.692283
vn -0.517038 -0.284883 0.807164
vn -0.480937 -0.344952 0.806044
vn -0.711523 -0.472950 0.519667
vn -0.844040 -0.458593 0.278009
vn -0.578104 -0.421155 0.698873
vn -0.056475 0.345714 -0.936639
vn 0.092209 0.523360 -0.847108
vn 0.226456 0.677728 -0.699573
vn 0.432609 0.757390 -0.489091
vn 0.385029 0.811591 -0.439401
vn 0.527719 0.809949 -0.255921
vn 0.554375 0.819282 -0.146446
vn 0.570558 0.815810 0.094434
vn 0.644964 0.745469 0.168217
vn -0.425308 -0.208214 0.880772
vn -0.415306 -0.181499 0.891392
vn -0.283507 -0.070143 0.956402
vn -0.357557 -0.047137 0.932701
vn -0.494842 -0.342228 0.798756
vn -0.410283 -0.221511 0.884647
vn -0.235325 -0.050537 0.970602
vn -0.155538 -0.096099 0.983144
vn 0.008378 0.031235 0.999477
vn -0.039977 0.030692 0.998729
vn 0.613087 0.570346 0.546653
vn 0.521038 0.694073 0.496772
vn -0.151898 0.057107 0.986745
vn -0.272555 0.158088 0.949064
vn 0.447810 0.326651 0.832325
vn 0.213615 0.152296 0.964974
vn 0.357316 0.428289 0.829997
vn 0.130021 0.147205 0.980523
vn 0.647019 -0.665947 -0.371322
vn 0.757275 -0.350969 -0.550778
vn 0.746832 -0.049314 -0.663181
vn 0.665712 0.257447 -0.700392
vn 0.505636 0.597561 -0.622297
vn 0.384693 0.790035 -0.477342
vn 0.323320 0.922957 -0.208839
vn 0.144020 0.938734 0.313108
vn -0.134066 0.734003 0.665782
vn -0.307443 0.479706 0.821804
vn -0.433006 0.286303 0.854714
vn -0.490126 0.110846 0.864575
vn -0.504788 -0.114235 0.855651
vn -0.519822 -0.275338 0.808687
vn -0.524109 -0.438685 0.729977
vn -0.480898 -0.643468 0.595555
vn -0.370891 -0.795198 0.479688
vn -0.258695 -0.893773 0.366396
vn -0.140589 -0.971044 0.193154
vn -0.012842 -0.996968 -0.076751
vn -0.060854 -0.928860 -0.365399
vn -0.046438 -0.812773 -0.580727
vn 0.254271 -0.879102 -0.403145
vn 0.474868 -0.878614 -0.050375
vn 0.359070 -0.930081 -0.077571
vn 0.351571 -0.936086 0.011848
vn 0.217994 -0.975323 -0.034975
vn 0.170965 -0.985275 0.002139
vn -0.011645 -0.998123 0.060122
vn -0.024129 -0.998001 0.058409
vn -0.603802 -0.713325 0.355795
vn -0.403199 -0.875785 0.265388
vn -0.339496 -0.867663 0.363186
vn -0.502073 -0.721524 0.476788
vn -0.693253 -0.440219 0.570621
vn -0.773986 -0.437069 0.458167
vn -0.802517 0.284917 0.524203
vn -0.845555 -0.082826 0.527424
vn -0.774794 -0.122938 0.620146
vn -0.751165 0.217885 0.623119
vn -0.680002 0.499707 0.536555
vn -0.702722 0.553735 0.446721
vn 0.074779 0.966077 -0.247192
vn 0.321978 0.868799 -0.376189
vn 0.298481 0.907912 -0.294288
vn 0.046950 0.975744 -0.213821
vn 0.903714 0.306999 -0.298416
vn 0.651194 0.681587 -0.333744
vn 0.618472 0.621590 -0.480748
vn 0.814458 0.304609 -0.493833
vn 0.855274 0.005964 -0.518142
vn 0.934234 -0.143132 -0.326679
vn 0.515781 -0.788316 -0.335450
vn 0.763996 -0.426413 -0.484233
vn 0.698497 -0.273043 -0.661475
vn 0.632335 -0.623712 -0.459495
vn 0.310748 -0.879825 -0.359645
vn 0.224028 -0.941472 -0.251878
vn 0.012941 -0.999018 -0.042382
vn -0.183785 -0.960962 0.206824
vn -0.211581 -0.964597 0.157439
vn -0.183064 -0.961507 0.204919
vn -0.317153 -0.862571 0.394189
vn -0.359750 -0.763083 0.536922
vn -0.458144 -0.718551 0.523248
vn -0.471160 -0.684885 0.555825
vn -0.603915 -0.465737 0.646820
vn -0.540348 -0.493997 0.681169
vn -0.451839 -0.585829 0.672790
vn 0.728506 -0.486544 -0.482239
vn 0.637392 -0.117668 -0.761502
vn 0.850464 -0.422930 -0.312795
vn 0.812255 -0.131469 -0.568294
vn 0.620741 0.125607 -0.773889
vn 0.600989 0.145811 -0.785844
vn 0.606917 0.287821 -0.740818
vn 0.649250 0.218651 -0.728468
vn 0.611266 0.383812 -0.692129
vn 0.521095 0.520130 -0.676702
vn -0.533516 -0.347684 0.771023
vn -0.598521 -0.255131 0.759395
vn -0.689969 -0.168990 0.703836
vn -0.698584 0.163368 0.696628
vn -0.618056 0.068436 0.783150
vn -0.563141 -0.039446 0.825419
vn -0.562820 0.050029 0.825064
vn -0.543607 0.332064 0.770860
vn -0.587737 0.381594 0.713408
vn -0.545642 0.268569 0.793817
vn -0.647000 0.440049 0.622694
vn -0.252538 0.965176 -0.068266
vn -0.199977 0.977087 -0.072872
vn 0.392593 0.727077 -0.563232
vn 0.517968 0.623375 -0.585759
vn 0.065060 0.963285 -0.260478
vn 0.182989 0.908711 -0.375179
vn 0.237877 0.873358 -0.425041
vn 0.368264 0.810190 -0.456043
vn 0.069752 0.966244 -0.248006
vn 0.096445 0.958206 -0.269332
vn 0.183802 0.921048 -0.343348
vn -0.017480 0.997139 -0.073545
vn -0.620821 0.681375 0.387697
vn -0.615299 0.722994 0.314146
vn -0.147910 0.988711 -0.023946
vn -0.140476 0.989974 0.014765
vn -0.217105 0.965134 0.146223
vn -0.518507 0.423218 0.742992
vn -0.479109 0.868989 0.123747
vn -0.483957 0.855722 0.183101
vn -0.491976 0.592531 0.637861
vn -0.538033 0.585225 0.606657
vn -0.581265 0.631431 0.513250
vn -0.428819 0.851465 0.301865
vn -0.407079 0.829930 0.381449
vn -0.481017 0.532724 0.696296
vn -0.378884 0.775893 0.504417
vn -0.178743 0.951258 0.251313
vn -0.405973 0.808707 0.425651
vn 0.235656 -0.949534 -0.207006
vn 0.552449 -0.696836 -0.457405
vn 0.721695 -0.521842 -0.454793
vn 0.201454 -0.892680 -0.403162
vn -0.033718 -0.989180 -0.142779
vn -0.153980 -0.928486 -0.337941
vn -0.312542 -0.949136 -0.038195
vn -0.438059 -0.876593 -0.199220
vn -0.545197 -0.834596 0.078801
vn -0.620957 -0.782254 -0.049908
vn -0.698926 -0.690261 0.187196
vn -0.720623 -0.691859 0.045100
vn -0.836566 -0.419920 0.351886
vn -0.874851 -0.441814 0.198583
vn -0.890958 -0.077204 0.447474
vn -0.945838 -0.043980 0.321646
vn -0.837213 0.357801 0.413584
vn -0.868822 0.382011 0.314986
vn -0.692484 0.667691 0.273228
vn -0.669107 0.702470 0.242553
vn -0.483831 0.872013 0.074166
vn -0.602149 0.780788 0.166695
vn -0.593531 0.759862 0.265201
vn -0.475018 0.833581 0.281958
vn -0.185600 0.921388 0.341464
vn -0.252780 0.967413 -0.014634
vn 0.201599 0.908471 0.366113
vn 0.058986 0.991293 -0.117722
vn 0.294009 0.928737 -0.225846
vn 0.539237 0.802911 0.254082
vn 0.604060 0.740166 -0.295407
vn 0.739504 0.672228 -0.035264
vn 0.844607 0.423355 -0.327735
vn 0.895951 -0.196035 -0.398550
vn 0.845087 0.438520 -0.305823
vn 0.828573 -0.227692 -0.511492
vn 0.665269 -0.529625 -0.526227
vn 0.469693 -0.707111 -0.528567
vn 0.109323 -0.856588 -0.504287
vn -0.201672 -0.876944 -0.436231
vn -0.420842 -0.846507 -0.326063
vn -0.636235 -0.754702 -0.160096
vn -0.746681 -0.662463 -0.060082
vn -0.894199 -0.446915 0.025977
vn -0.979639 -0.132876 0.150503
vn -0.917792 0.287465 0.273901
vn -0.692251 0.605255 0.393008
vn -0.549324 0.643595 0.532943
vn -0.393568 0.681703 0.616754
vn -0.117023 0.663320 0.739130
vn 0.112287 0.433716 0.894026
vn 0.399660 0.241766 0.884207
vn 0.759365 -0.004638 0.650649
vn 0.622272 0.011972 0.782710
vn 0.396556 0.001430 0.918010
vn 0.951256 0.253205 -0.176067
vn 0.944721 0.210875 0.251065
vn 0.849048 -0.218010 0.481238
vn 0.594015 -0.157603 0.788864
vn 0.537280 -0.065039 0.840893
vn 0.712763 -0.233482 0.661404
vn 0.666003 -0.219675 0.712869
vn 0.823648 -0.179388 -0.537981
vn 0.591017 -0.509401 -0.625468
vn 0.357748 -0.666805 -0.653749
vn 0.021060 -0.784933 -0.619223
vn -0.213307 -0.821472 -0.528852
vn -0.398304 -0.794355 -0.458643
vn -0.645031 -0.695918 -0.315647
vn -0.783398 -0.580430 -0.222237
vn -0.906471 -0.397876 -0.141438
vn -0.991735 -0.117283 0.052016
vn -0.950163 0.168760 0.262126
vn -0.798678 0.378295 0.467981
vn -0.560106 0.484914 0.671670
vn -0.388232 0.512364 0.766002
vn -0.212536 0.459951 0.862133
vn 0.161740 0.103331 0.981409
vn -0.148547 0.322194 0.934946
vn -0.083101 0.222692 0.971341
vn 0.990983 -0.133496 0.011501
vn 0.899033 -0.360589 0.248425
vn 0.934248 -0.029799 -0.355377
vn 0.751714 -0.237346 -0.615299
vn 0.469505 -0.509936 -0.720785
vn 0.257611 -0.626118 -0.735944
vn 0.029064 -0.730786 -0.681988
vn -0.221260 -0.789775 -0.572101
vn -0.399147 -0.765064 -0.505330
vn -0.635619 -0.656005 -0.406995
vn -0.779730 -0.533308 -0.328030
vn -0.878230 -0.417694 -0.232901
vn -0.965849 -0.248539 -0.073249
vn -0.993237 -0.001242 0.116094
vn -0.911454 0.263649 0.315818
vn -0.710413 0.431707 0.555826
vn -0.600931 0.474836 0.642972
vn -0.462126 0.454509 0.761486
vn -0.382734 0.325869 0.864479
vn -0.245163 0.216250 0.945056
vn 0.802296 -0.244644 0.544492
vn 0.351344 0.062640 0.934149
vn 0.095027 0.192335 0.976718
vn 0.096942 0.177461 0.979342
vn 0.649917 -0.047312 0.758532
vn 0.436670 0.079290 0.896121
vn -0.773688 0.462420 0.433099
vn -0.676857 0.346874 0.649263
vn -0.837394 0.478124 0.264894
vn -0.885821 0.428625 0.177769
vn -0.962886 0.251407 0.098210
vn -0.999237 -0.027775 -0.027475
vn -0.933116 -0.321502 -0.161032
vn -0.854714 -0.466063 -0.228582
vn -0.786689 -0.551282 -0.277866
vn -0.641120 -0.670972 -0.372507
vn -0.409468 -0.767431 -0.493341
vn -0.207306 -0.783641 -0.585603
vn 0.005191 -0.710474 -0.703704
vn 0.199180 -0.590780 -0.781861
vn 0.312816 -0.508107 -0.802480
vn 0.510616 -0.354560 -0.783299
vn 0.749478 -0.185669 -0.635461
vn 0.884040 -0.238021 -0.402268
vn 0.932423 -0.292361 -0.212396
vn 0.977644 -0.167433 0.127194
vn 0.792643 -0.006030 0.609656
vn 0.488860 0.100436 0.866561
vn 0.162291 0.158336 0.973957
vn -0.157354 0.192892 0.968521
vn -0.546279 0.226551 0.806384
vn -0.435236 0.257984 0.862562
vn -0.873071 -0.358525 -0.330466
vn -0.769492 -0.531349 -0.354332
vn -0.549385 -0.359613 -0.754224
vn -0.502822 -0.600219 -0.622019
vn -0.162913 -0.353309 -0.921212
vn -0.202820 -0.673910 -0.710429
vn -0.006437 -0.627438 -0.778640
vn 0.020379 -0.388205 -0.921348
vn 0.192061 -0.558703 -0.806823
vn 0.212695 -0.429182 -0.877818
vn 0.268053 -0.362513 -0.892598
vn 0.400248 -0.256088 -0.879898
vn 0.669838 -0.183067 -0.719586
vn 0.778857 -0.112851 -0.616965
vn 0.874318 -0.074013 -0.479678
vn 0.991014 -0.063559 0.117689
vn 0.789743 0.210700 0.576117
vn 0.565313 0.188928 0.802949
vn 0.981851 0.188412 0.021675
vn 0.255433 0.213272 0.943011
vn -0.108786 0.314704 0.942935
vn -0.454299 0.480710 0.750020
vn -0.948023 -0.147314 -0.282047
vn -0.674574 -0.202528 -0.709882
vn -0.205493 -0.214922 -0.954768
vn 0.059051 -0.301711 -0.951569
vn -0.954879 0.212501 -0.207486
vn -0.672017 0.098632 -0.733938
vn -0.233262 -0.085834 -0.968618
vn 0.034487 -0.231677 -0.972181
vn 0.286603 -0.194110 -0.938179
vn -0.020547 -0.119984 -0.992563
vn 0.429365 -0.117310 -0.895480
vn -0.282147 0.054446 -0.957825
vn -0.654752 0.305822 -0.691211
vn -0.888344 0.425091 -0.173618
vn -0.901622 0.406608 -0.147472
vn -0.711796 0.279720 -0.644285
vn -0.330435 0.109368 -0.937471
vn 0.036028 -0.024146 -0.999059
vn 0.543825 0.002201 -0.839196
vn 0.176455 0.096287 -0.979588
vn -0.267415 0.173527 -0.947828
vn -0.717768 0.260448 -0.645737
vn -0.945359 0.322892 -0.045128
vn 0.586264 0.013364 -0.810010
vn 0.299193 0.133541 -0.944802
vn -0.105927 0.230290 -0.967340
vn -0.937310 0.282862 0.203569
vn -0.847307 0.261777 0.462108
vn -0.708907 0.333351 0.621553
vn -0.921189 0.305396 -0.241131
vn -0.898597 0.407425 0.162875
vn -0.712489 0.556551 0.427330
vn -0.691365 0.457626 -0.559100
vn -0.429869 0.305765 -0.849541
vn -0.786913 0.606766 -0.112265
vn -0.575823 0.817353 0.019005
vn -0.403042 0.794832 0.453651
vn -0.036850 0.560624 0.827250
vn 0.673695 0.316997 0.667569
vn 0.365885 0.409204 0.835871
vn 0.900907 0.396173 -0.177241
vn 0.840124 0.396259 0.370366
vn 0.846805 -0.014139 -0.531716
vn 0.688545 0.122060 -0.714848
vn 0.341859 0.121764 -0.931829
vn 0.025634 0.248381 -0.968323
vn -0.224590 0.387438 -0.894121
vn -0.466077 0.663226 -0.585580
vn 0.712708 0.371658 -0.594910
vn 0.869707 0.423801 -0.252988
vn 0.398535 0.246621 -0.883373
vn 0.165278 0.454434 -0.875313
vn -0.040341 0.634588 -0.771797
vn -0.263183 0.816139 -0.514443
vn -0.237282 0.949085 -0.207208
vn -0.095679 0.991988 0.082493
vn 0.107376 0.848640 0.517958
vn 0.448307 0.790048 0.418145
vn 0.913086 0.363609 0.184558
vn 0.728634 0.605231 0.320605
vn 0.129903 0.898895 -0.418465
vn 0.292750 0.953421 -0.072706
vn 0.455613 0.701125 -0.548490
vn 0.617796 0.766772 -0.174326
vn -0.685355 0.236258 0.688818
vn -0.590933 0.163336 0.790013
vn -0.443294 0.270860 0.854474
vn -0.516522 0.320491 0.794035
vn -0.402708 0.236881 0.884146
vn -0.369613 0.208944 0.905389
vn 0.210865 -0.423900 0.880820
vn 0.238217 -0.390260 0.889354
vn 0.336665 -0.486571 0.806167
vn 0.222104 -0.495033 0.840007
vn 0.451162 -0.804566 0.386170
vn 0.570302 -0.807211 0.152206
vn 0.397543 -0.914600 0.073928
vn 0.158867 -0.875364 0.456617
vn 0.520889 -0.633754 0.571866
vn 0.626216 -0.315249 0.713072
vn 0.349226 -0.574321 0.740403
vn 0.332077 -0.322529 0.886397
vn 0.073655 -0.411754 0.908314
vn 0.124436 -0.562910 0.817098
vn 0.008613 -0.670032 0.742282
vn -0.186687 -0.570185 0.800023
vn -0.300207 -0.801770 0.516759
vn -0.285162 -0.680680 0.674802
vn 0.438272 -0.715829 0.543606
vn 0.288410 -0.683781 0.670270
vn 0.221844 -0.682523 0.696382
vn 0.308978 -0.752505 0.581608
vn 0.434534 -0.740774 0.512284
vn 0.497186 -0.721606 0.481759
vn 0.402067 -0.769690 0.495903
vn 0.373768 -0.764167 0.525687
vn 0.291058 -0.780234 0.553643
vn 0.339957 -0.802837 0.489778
vn 0.280257 -0.626243 0.727514
vn 0.402255 -0.597185 0.693946
vn 0.231306 -0.658248 0.716385
vn 0.284316 -0.709469 0.644840
vn 0.270484 -0.761114 0.589529
vn 0.252817 -0.758306 0.600879
vn -0.598045 0.325013 0.732604
vn -0.521443 0.259191 0.812968
vn -0.397555 0.149224 0.905363
vn -0.246478 0.220590 0.943710
vn -0.356303 0.421481 0.833908
vn -0.564708 0.566291 0.600349
vn -0.571113 0.439715 0.693167
vn -0.427823 0.260205 0.865598
vn -0.523915 0.408420 0.747467
vn -0.492348 0.288521 0.821188
vn -0.397036 0.314111 0.862378
vn -0.470737 0.302660 0.828736
vn -0.382182 0.245083 0.890995
vn -0.410420 0.283699 0.866643
vn -0.268467 0.094319 0.958660
vn -0.248492 0.059848 0.966783
vn -0.371508 0.181144 0.910587
vn -0.390440 0.142385 0.909551
vn -0.372354 0.124213 0.919741
vn -0.329453 0.138632 0.933939
vn -0.127623 -0.063952 0.989759
vn -0.111169 -0.083712 0.990270
vn -0.237894 0.004684 0.971280
vn -0.247903 -0.051053 0.967439
vn -0.256506 -0.064123 0.964413
vn -0.233738 -0.032746 0.971748
vn 0.050308 -0.239623 0.969562
vn 0.068030 -0.273051 0.959591
vn -0.101841 -0.130382 0.986220
vn -0.162116 -0.217244 0.962561
vn -0.133438 -0.189697 0.972733
vn -0.141621 -0.200057 0.969495
vn 0.044542 -0.304422 0.951495
vn 0.111654 -0.444293 0.888896
vn -0.037190 -0.336434 0.940972
vn -0.017022 -0.437062 0.899270
vn -0.091432 -0.338500 0.936514
vn -0.053310 -0.415772 0.907905
vn -0.091542 -0.312789 0.945401
vn -0.018316 -0.417669 0.908415
vn 0.142060 -0.607643 0.781402
vn 0.087905 -0.576568 0.812307
vn 0.041699 -0.527906 0.848279
vn 0.090099 -0.499241 0.861766
vn 0.472866 -0.854276 -0.215895
vn -0.365447 -0.910697 0.192563
vn -0.451922 -0.888420 0.080478
vn 0.424841 -0.862818 -0.273964
vn 0.221299 -0.931369 -0.289101
vn -0.516278 -0.856169 0.020787
vn -0.034128 -0.770520 -0.636502
vn -0.532721 -0.695066 -0.482796
vn -0.155916 -0.319587 -0.934641
vn -0.481747 -0.344950 -0.805562
vn -0.188737 -0.238927 -0.952519
vn -0.398917 -0.033630 -0.916370
vn -0.168763 -0.158331 -0.972857
vn -0.229283 -0.204010 -0.951740
vn -0.109337 0.201285 -0.973411
vn -0.005759 -0.063363 -0.997974
vn 0.097535 0.053964 -0.993768
vn 0.103459 0.083670 -0.991108
vn 0.157750 0.169812 -0.972769
vn -0.521782 0.137316 -0.841955
vn -0.416300 0.205743 -0.885643
vn -0.397855 0.334643 -0.854240
vn -0.514898 0.350511 -0.782318
vn -0.240410 0.347640 -0.906283
vn -0.378995 0.415917 -0.826666
vn -0.588266 0.514988 -0.623482
vn -0.075039 0.088503 -0.993245
vn -0.175125 0.146837 -0.973535
vn -0.056955 0.042817 -0.997458
vn -0.140841 0.024498 -0.989729
vn 0.165391 0.102571 -0.980880
vn 0.147420 0.333569 -0.931128
vn -0.091642 0.137946 -0.986191
vn -0.135675 0.059569 -0.988961
vn -0.050675 -0.193612 -0.979769
vn -0.142877 0.025342 -0.989416
vn -0.124269 -0.107217 -0.986439
vn -0.074858 0.020473 -0.996984
vn 0.166402 0.157428 -0.973410
vn 0.348102 0.169951 -0.921923
vn -0.341025 0.032456 -0.939494
vn -0.277879 0.068548 -0.958167
vn -0.076157 0.143326 -0.986741
vn 0.184598 0.224080 -0.956928
vn 0.407222 0.248504 -0.878872
vn 0.590508 0.216974 -0.777318
vn 0.742223 0.219924 -0.633039
vn 0.823054 0.331122 -0.461456
vn 0.910169 0.382641 -0.158675
vn 0.924959 0.370524 0.084636
vn 0.883725 0.272599 0.380420
vn 0.754902 0.124222 0.643966
vn 0.543723 -0.050398 0.837750
vn 0.323761 -0.212589 0.921946
vn 0.083355 -0.286610 0.954414
vn -0.279698 -0.343090 0.896693
vn -0.498642 -0.393338 0.772426
vn -0.595673 -0.449179 0.665892
vn -0.724069 -0.482230 0.493132
vn -0.834774 -0.464384 0.295804
vn -0.867061 -0.490580 0.086809
vn -0.121071 -0.129731 -0.984130
vn -0.320489 0.208248 -0.924078
vn -0.250166 0.095585 -0.963473
vn -0.313653 -0.127133 -0.940988
vn -0.610390 0.048368 -0.790623
vn -0.505048 -0.023758 -0.862764
vn -0.731187 0.004998 -0.682159
vn -0.406407 0.033909 -0.913063
vn -0.447206 0.196806 -0.872511
vn -0.534267 0.294446 -0.792376
vn -0.343164 0.042612 -0.938308
vn -0.495261 0.462366 -0.735482
vn -0.771798 0.332132 -0.542233
vn -0.689448 0.526283 -0.497683
vn -0.842525 0.402283 -0.358218
vn -0.841868 0.244570 -0.481087
vn -0.836142 0.415672 -0.357887
vn -0.856543 0.490130 -0.161577
vn -0.629777 0.471550 -0.617269
vn -0.705520 0.573550 -0.416271
vn -0.776182 0.611613 -0.153199
vn -0.874425 0.477760 0.084413
vn -0.790551 0.602218 0.111187
vn -0.856489 0.408254 0.315841
vn -0.779187 0.544712 0.310090
vn 0.002063 0.169637 -0.985504
vn -0.214442 0.123199 -0.968936
vn 0.225895 0.230103 -0.946586
vn 0.417056 0.287747 -0.862129
vn 0.582909 0.356015 -0.730390
vn 0.677167 0.419081 -0.604827
vn 0.749685 0.466801 -0.469115
vn 0.859172 0.474667 -0.191088
vn 0.918458 0.384997 0.090625
vn 0.884127 0.283040 0.371763
vn 0.746930 0.178318 0.640545
vn 0.498138 0.021959 0.866820
vn 0.294020 -0.006303 0.955778
vn 0.088138 0.009065 0.996067
vn -0.314979 -0.059764 0.947215
vn -0.599747 -0.062665 0.797732
vn -0.725127 -0.192060 0.661290
vn -0.737503 -0.455749 0.498380
vn -0.795523 -0.532169 0.289723
vn -0.838527 -0.544421 0.021895
vn -0.829820 -0.490673 -0.265779
vn -0.684287 -0.304300 -0.662686
vn -0.508292 -0.047481 -0.859875
vn -0.373497 0.081218 -0.924069
vn 0.407228 0.257873 -0.876166
vn 0.249762 0.206924 -0.945939
vn 0.046882 0.118328 -0.991867
vn -0.110269 0.021962 -0.993659
vn -0.246100 -0.059836 -0.967396
vn -0.420801 -0.191303 -0.886752
vn -0.650396 -0.392275 -0.650465
vn -0.791933 -0.521177 -0.318147
vn 0.517299 0.301021 -0.801117
vn 0.627567 0.362512 -0.689017
vn 0.720990 0.400490 -0.565492
vn 0.872811 0.380091 -0.306157
vn 0.948359 0.317099 0.007905
vn 0.918824 0.234896 0.317152
vn 0.796653 0.164723 0.581559
vn 0.546571 0.131432 0.827034
vn 0.322063 0.203643 0.924556
vn 0.186133 0.192397 0.963503
vn -0.054782 0.010792 0.998440
vn -0.161211 0.122647 0.979270
vn -0.326621 0.099678 0.939885
vn -0.543942 0.151318 0.825367
vn -0.760273 0.149709 0.632117
vn -0.860230 -0.346390 0.374191
vn -0.881003 -0.102619 0.461847
vn -0.819732 -0.512558 0.255585
vn -0.792642 -0.609020 -0.028525
vn -0.660771 -0.632138 -0.404701
vn -0.475550 -0.546743 -0.689148
vn -0.297115 -0.368221 -0.880986
vn -0.181041 -0.203615 -0.962167
vn -0.077779 -0.079524 -0.993794
vn 0.068408 0.024772 -0.997350
vn 0.247405 0.124251 -0.960912
vn 0.376687 0.211594 -0.901851
vn 0.458715 0.282810 -0.842377
vn 0.576760 0.352759 -0.736824
vn 0.700369 0.382527 -0.602625
vn 0.868304 0.340426 -0.360774
vn 0.963545 0.265178 -0.035524
vn 0.948215 0.187972 0.256038
vn 0.862383 0.108300 0.494538
vn 0.709151 0.067238 0.701843
vn 0.513499 0.041420 0.857090
vn 0.298230 -0.032775 0.953931
vn 0.074100 -0.059713 0.995461
vn -0.206042 0.080599 0.975218
vn -0.076599 0.013839 0.996966
vn -0.410036 0.142080 0.900935
vn -0.301608 0.005450 0.953416
vn -0.697568 0.092674 0.710500
vn -0.617879 -0.062845 0.783758
vn -0.924241 0.014354 0.381540
vn -0.913947 0.006972 0.405773
vn -0.874284 -0.093011 0.476420
vn -0.965114 -0.187757 0.182491
vn -0.971283 -0.004143 0.237890
vn -0.989924 -0.038839 0.136169
vn -0.911613 0.327446 0.248478
vn -0.988746 0.027955 0.146971
vn -0.921072 -0.352124 0.166236
vn -0.996653 0.074567 0.033505
vn -0.795647 0.597917 0.097167
vn -0.889646 -0.456560 -0.009151
vn -0.889363 -0.004044 -0.457183
vn -0.743033 0.574815 -0.342768
vn -0.672678 0.055163 -0.737876
vn -0.592153 0.622900 -0.511225
vn -0.414728 0.684326 -0.599748
vn -0.546219 0.180710 -0.817918
vn -0.332903 0.210528 -0.919159
vn -0.151398 0.582000 -0.798971
vn 0.295739 0.181086 -0.937948
vn 0.202442 0.088330 -0.975303
vn 0.440280 -0.136610 -0.887407
vn 0.518966 -0.141981 -0.842921
vn 0.663263 -0.607786 -0.436667
vn 0.685053 -0.559167 -0.466941
vn 0.654687 -0.703498 -0.276542
vn 0.640052 -0.737866 -0.214211
vn 0.196892 -0.798858 0.568383
vn 0.222307 -0.812227 0.539321
vn 0.068279 -0.699349 0.711511
vn 0.033399 -0.722761 0.690291
vn -0.385639 -0.282511 0.878334
vn -0.399755 -0.306433 0.863884
vn -0.668026 -0.019463 0.743884
vn -0.551244 0.086495 0.829849
vn -0.646417 0.644083 0.409025
vn -0.765199 0.501629 0.403533
vn -0.761573 -0.499596 -0.412807
vn -0.469868 -0.616995 -0.631301
vn -0.358838 -0.582147 -0.729617
vn -0.558485 -0.430915 -0.708806
vn -0.469114 -0.372727 -0.800629
vn -0.247278 -0.491706 -0.834913
vn -0.358794 -0.315824 -0.878363
vn -0.057908 0.278380 -0.958724
vn 0.085003 0.402675 -0.911388
vn -0.175813 -0.373703 -0.910734
vn -0.280927 -0.318285 -0.905414
vn -0.335935 -0.095847 -0.936996
vn -0.189119 0.059292 -0.980163
vn -0.079759 -0.230923 -0.969697
vn -0.188718 -0.250964 -0.949422
vn -0.227116 -0.178743 -0.957324
vn 0.057820 -0.060248 -0.996507
vn 0.645256 -0.431669 -0.630322
vn 0.644946 -0.438828 -0.625679
vn 0.304012 -0.099974 -0.947408
vn 0.049092 -0.085755 -0.995106
vn 0.174650 0.051202 -0.983298
vn 0.252749 -0.239081 -0.937528
vn 0.039769 -0.235993 -0.970941
vn -0.070262 -0.170605 -0.982831
vn 0.126842 -0.162157 -0.978579
vn -0.055886 -0.122992 -0.990833
vn 0.087010 -0.013253 -0.996119
vn 0.548901 -0.228673 -0.804000
vn 0.679126 -0.396999 -0.617397
vn 0.492994 -0.213411 -0.843453
vn 0.674299 -0.316542 -0.667175
vn 0.492436 -0.231468 -0.839005
vn 0.423047 -0.223203 -0.878187
vn 0.565217 -0.197062 -0.801059
vn 0.364713 -0.103077 -0.925397
vn 0.556294 -0.089243 -0.826180
vn 0.304591 0.176078 -0.936067
vn 0.296293 0.071502 -0.952417
vn 0.484141 0.095022 -0.869815
vn 0.432313 0.249376 -0.866555
vn 0.367176 -0.834855 0.410122
vn 0.374712 -0.859154 0.348491
vn 0.542600 -0.832429 0.112459
vn 0.537858 -0.840680 0.062978
vn -0.118731 -0.536800 0.835314
vn -0.166926 -0.556349 0.814009
vn -0.619231 0.426740 0.659125
vn -0.831629 0.162831 0.530923
vn -0.800921 -0.162787 0.576217
vn -0.650142 -0.256975 0.715038
vn -0.533116 -0.221624 0.816499
vn -0.391681 -0.378250 0.838757
vn -0.220242 -0.158019 0.962561
vn -0.135443 -0.348779 0.927366
vn 0.024638 -0.102126 0.994466
vn 0.114121 -0.265181 0.957421
vn 0.207696 -0.117473 0.971114
vn 0.324870 -0.217400 0.920433
vn 0.399322 -0.155700 0.903493
vn 0.497835 -0.215595 0.840047
vn 0.629710 -0.135710 0.764884
vn 0.692981 -0.183893 0.697109
vn 0.807738 -0.080253 0.584053
vn 0.848603 -0.134032 0.511770
vn 0.947561 -0.101475 0.303037
vn 0.914783 -0.019529 0.403474
vn 0.984026 0.061180 0.167182
vn 0.984830 0.143378 -0.097734
vn 0.910895 0.219435 -0.349456
vn 0.739890 0.282718 -0.610437
vn 0.572347 0.281903 -0.770032
vn 0.633443 0.083575 -0.769263
vn 0.784904 0.059535 -0.616751
vn 0.918066 0.028022 -0.395436
vn 0.980093 -0.020433 -0.197483
vn 0.997569 -0.060195 0.035117
vn 0.705600 -0.096386 -0.702025
vn 0.821690 -0.098425 -0.561372
vn 0.904638 -0.086909 -0.417226
vn 0.944284 -0.103861 -0.312316
vn 0.985566 -0.121925 -0.117447
vn 0.976141 -0.137802 0.167811
vn 0.886527 -0.159465 0.434328
vn 0.739511 -0.203829 0.641543
vn 0.560094 -0.251159 0.789439
vn 0.393685 -0.312913 0.864348
vn 0.184106 -0.412365 0.892222
vn -0.048595 -0.474584 0.878868
vn -0.430768 -0.375946 0.820429
vn -0.233301 -0.460334 0.856542
vn 0.728033 -0.167127 -0.664859
vn 0.872613 -0.146139 -0.466036
vn 0.953922 -0.165132 -0.250529
vn 0.981439 -0.191092 0.016157
vn 0.921740 -0.226769 0.314597
vn 0.793785 -0.256691 0.551376
vn 0.609960 -0.288440 0.738072
vn 0.413959 -0.386566 0.824139
vn 0.231953 -0.497663 0.835780
vn 0.036007 -0.553733 0.831915
vn 0.148672 -0.665694 0.731265
vn 0.299272 -0.577777 0.759348
vn 0.467980 -0.471002 0.747764
vn 0.662142 -0.333129 0.671262
vn 0.816828 -0.350278 0.458365
vn 0.933691 -0.300520 0.194702
vn 0.960932 -0.256732 -0.103430
vn 0.917650 -0.234151 -0.321080
vn 0.835920 -0.220806 -0.502477
vn 0.690449 -0.225998 -0.687172
vn 0.779749 -0.356540 -0.514656
vn 0.854501 -0.353481 -0.380631
vn 0.736751 -0.474961 -0.481259
vn 0.740148 -0.602395 -0.298835
vn 0.822033 -0.509193 -0.254921
vn 0.790979 -0.448305 -0.416384
vn 0.898877 -0.387242 -0.205095
vn 0.896800 -0.442162 0.015550
vn 0.797054 -0.603723 -0.014952
vn 0.661288 -0.749591 0.028478
vn 0.850262 -0.467507 0.241852
vn 0.715595 -0.648096 0.260567
vn 0.502040 -0.805332 0.315273
vn 0.255236 -0.791280 0.555636
vn 0.425705 -0.680053 0.596911
vn 0.616618 -0.565080 0.548149
vn 0.422853 0.333482 -0.842606
vn 0.194269 0.538771 -0.819747
vn 0.627715 -0.060712 -0.776073
vn 0.694319 -0.422076 -0.582901
vn 0.693509 -0.588477 -0.415621
vn 0.675918 -0.709458 -0.199508
vn 0.570235 -0.809014 0.142576
vn 0.372762 -0.807410 0.457316
vn 0.202643 -0.756212 0.622157
vn 0.034485 -0.693358 0.719768
vn -0.162279 -0.560103 0.812374
vn -0.356090 -0.311002 0.881180
vn -0.524533 0.030440 0.850846
vn -0.632236 0.394110 0.667049
vn -0.650035 0.656177 0.383257
vn -0.600641 0.798454 0.041264
vn -0.489850 0.843605 -0.219951
vn -0.419875 0.852322 -0.311851
vn -0.305610 0.820776 -0.482628
vn -0.051406 0.685007 -0.726721
vn 0.477042 0.403524 -0.780769
vn 0.199171 0.641868 -0.740497
vn 0.704518 -0.047979 -0.708062
vn 0.740039 -0.415128 -0.529162
vn 0.703348 -0.586597 -0.401504
vn 0.651658 -0.726212 -0.218992
vn 0.530006 -0.841181 0.107281
vn 0.347692 -0.829450 0.437176
vn 0.185398 -0.752886 0.631499
vn 0.024068 -0.662553 0.748628
vn -0.142698 -0.538627 0.830372
vn -0.337868 -0.322189 0.884330
vn -0.544179 0.009642 0.838914
vn -0.671191 0.371146 0.641680
vn -0.673729 0.646293 0.358323
vn -0.566414 0.822473 0.052095
vn -0.427874 0.888577 -0.165392
vn -0.354966 0.888157 -0.291851
vn -0.256817 0.837732 -0.481925
vn -0.040515 0.739747 -0.671665
vn 0.450298 0.395405 -0.800554
vn 0.136234 0.683081 -0.717524
vn 0.687043 -0.094375 -0.720462
vn 0.707863 -0.485853 -0.512715
vn 0.643473 -0.654511 -0.396936
vn 0.579434 -0.774985 -0.252299
vn 0.465179 -0.884138 0.043696
vn 0.274526 -0.887291 0.370609
vn 0.109984 -0.812079 0.573089
vn -0.017250 -0.705778 0.708223
vn -0.163117 -0.557103 0.814267
vn -0.362739 -0.334533 0.869775
vn -0.581928 -0.000312 0.813240
vn -0.713638 0.366330 0.597096
vn -0.721959 0.621652 0.303849
vn -0.636731 0.770315 0.034488
vn -0.506315 0.848313 -0.154953
vn -0.371305 0.872530 -0.317527
vn -0.235915 0.836521 -0.494547
vn -0.071473 0.768758 -0.635533
vn 0.387195 0.359924 -0.848843
vn 0.071000 0.690630 -0.719715
vn 0.629616 -0.167275 -0.758685
vn 0.651605 -0.561592 -0.509926
vn 0.575767 -0.730338 -0.367559
vn 0.485557 -0.830153 -0.274010
vn 0.361411 -0.931756 -0.034830
vn 0.195636 -0.937386 0.288157
vn 0.066759 -0.857351 0.510384
vn -0.039090 -0.753227 0.656598
vn -0.204099 -0.592381 0.779377
vn -0.424800 -0.347796 0.835813
vn -0.635419 -0.007278 0.772133
vn -0.743229 0.380780 0.550106
vn -0.733178 0.630267 0.255369
vn -0.664943 0.746238 0.031311
vn -0.563698 0.817659 -0.116953
vn -0.402702 0.865498 -0.297898
vn -0.222499 0.844026 -0.487970
vn -0.085351 0.781745 -0.617730
vn 0.348542 0.311927 -0.883866
vn 0.061864 0.692692 -0.718575
vn 0.573334 -0.233137 -0.785452
vn 0.620870 -0.591700 -0.514210
vn 0.571609 -0.762012 -0.304302
vn 0.463329 -0.859350 -0.216435
vn 0.334835 -0.940481 -0.058150
vn 0.195186 -0.955577 0.220851
vn 0.086481 -0.883381 0.460606
vn -0.033300 -0.774521 0.631671
vn -0.240865 -0.596597 0.765543
vn -0.481460 -0.326697 0.813305
vn -0.663590 0.019861 0.747833
vn -0.747652 0.419322 0.514961
vn -0.716473 0.658589 0.230058
vn -0.656609 0.752241 0.054763
vn -0.570879 0.818485 -0.064646
vn -0.423520 0.868471 -0.257662
vn -0.220678 0.857536 -0.464687
vn -0.063055 0.795310 -0.602914
vn 0.376622 0.317929 -0.870102
vn 0.076560 0.672473 -0.736152
vn 0.653513 -0.163925 -0.738952
vn 0.782494 -0.468514 -0.410120
vn 0.640620 -0.731606 -0.233150
vn 0.519815 -0.845159 -0.124491
vn 0.421286 -0.906927 0.001321
vn 0.298351 -0.926717 0.228435
vn 0.172402 -0.869819 0.462268
vn -0.004061 -0.766216 0.642570
vn -0.264863 -0.568820 0.778647
vn -0.515800 -0.291930 0.805436
vn -0.705907 0.005337 0.708285
vn -0.791252 0.370771 0.486261
vn -0.734021 0.639796 0.227760
vn -0.653054 0.752042 0.089184
vn -0.591630 0.804762 -0.048279
vn -0.469601 0.846862 -0.249600
vn -0.257303 0.849939 -0.459781
vn -0.056527 0.787044 -0.614301
vn 0.793701 0.521609 0.312989
vn 0.845166 0.514004 -0.146610
vn 0.529381 0.828136 -0.184245
vn 0.640331 0.332600 -0.692354
vn 0.124470 0.938437 -0.322247
vn 0.357993 0.764336 -0.536313
vn 0.121139 0.745297 -0.655635
vn -0.026727 0.750613 -0.660201
vn -0.088168 0.460872 -0.883076
vn -0.104690 0.451401 -0.886159
vn -0.212888 0.237796 -0.947698
vn -0.196942 0.256516 -0.946263
vn -0.200606 0.292745 -0.934911
vn -0.179979 0.263281 -0.947782
vn -0.266443 -0.095986 -0.959059
vn -0.299792 0.014398 -0.953896
vn -0.387708 -0.675312 -0.627405
vn -0.359613 -0.605620 -0.709861
vn 0.578111 0.432364 0.691989
vn 0.943886 -0.083046 0.319661
vn 0.750575 0.034303 0.659895
vn 0.533479 0.146102 0.833099
vn 0.351457 -0.524803 0.775281
vn 0.131374 -0.721830 0.679486
vn 0.092786 -0.670426 0.736152
vn 0.302415 -0.449916 0.840310
vn 0.826891 -0.557079 0.076901
vn 0.683164 -0.724664 0.090273
vn 0.812454 -0.266861 0.518366
vn 0.741512 -0.510074 0.435872
vn 0.581695 -0.210634 0.785662
vn 0.471147 -0.143253 0.870344
vn 0.595012 -0.365121 0.715994
vn 0.566382 -0.525790 0.634631
vn 0.366906 -0.579772 0.727492
vn 0.355520 -0.638846 0.682262
vn 0.366856 0.426535 -0.826732
vn 0.299566 0.621490 -0.723885
vn 0.141962 0.681957 -0.717483
vn -0.119658 0.452319 -0.883793
vn -0.265516 0.243698 -0.932798
vn -0.277082 0.282511 -0.918375
vn -0.290686 -0.894486 0.339700
vn -0.239506 -0.910719 0.336494
vn -0.257385 -0.959261 0.116496
vn -0.390600 -0.920189 0.026161
vn -0.094031 -0.858047 0.504889
vn -0.130857 -0.823147 0.552544
vn 0.167795 -0.754565 0.634410
vn -0.059756 -0.880662 0.469961
vn -0.207245 -0.919949 0.332782
vn -0.199960 -0.949665 0.241147
vn -0.205117 -0.964153 -0.168332
vn -0.405864 -0.889733 -0.208927
vn -0.238424 -0.886856 -0.395779
vn -0.392527 -0.849262 -0.353096
vn -0.227090 -0.973414 -0.029913
vn -0.351677 -0.843571 -0.405846
vn -0.465169 -0.432410 -0.772424
vn -0.368031 0.126188 -0.921211
vn 0.140496 -0.770968 0.621183
vn -0.095722 -0.880754 0.463799
vn -0.258227 -0.902343 0.345102
vn -0.311006 -0.889363 0.335124
vn -0.447941 -0.882233 0.144962
vn -0.608303 -0.744719 -0.274520
vn -0.614957 -0.314955 -0.722932
vn -0.434587 0.153526 -0.887448
vn -0.343461 0.255168 -0.903839
vn -0.320346 0.250255 -0.913647
vn -0.181316 0.431387 -0.883759
vn 0.047839 0.624561 -0.779510
vn 0.124282 0.626432 -0.769505
vn 0.089292 0.619277 -0.780079
vn -0.064485 0.753084 -0.654757
vn -0.295737 0.829274 -0.474177
vn -0.518612 0.809929 -0.273963
vn -0.633363 0.765066 -0.116300
vn -0.722072 0.688940 0.063034
vn -0.831486 0.515153 0.207965
vn -0.874138 0.243492 0.420232
vn -0.777365 -0.088441 0.622801
vn -0.578133 -0.301111 0.758350
vn -0.316109 -0.529681 0.787092
vn -0.025307 -0.719084 0.694462
vn 0.222760 -0.826628 0.516783
vn 0.398414 -0.859532 0.320113
vn 0.551545 -0.816749 0.169465
vn 0.605907 -0.677633 0.416761
vn 0.440863 -0.772825 0.456487
vn 0.228417 -0.787344 0.572639
vn -0.071390 -0.699559 0.711000
vn -0.373959 -0.546997 0.748965
vn -0.643405 -0.355544 0.677951
vn -0.835536 -0.160197 0.525563
vn -0.929839 0.057142 0.363504
vn -0.935733 0.293736 0.195248
vn -0.064821 0.717540 -0.693495
vn -0.346140 0.788670 -0.508121
vn -0.596773 0.747471 -0.291804
vn -0.703966 0.683777 -0.192044
vn -0.840433 0.541772 -0.012451
vn 0.485009 -0.660043 0.573681
vn 0.345139 -0.762385 0.547402
vn 0.127033 -0.803854 0.581104
vn -0.173016 -0.736945 0.653435
vn -0.468225 -0.583886 0.663206
vn -0.708048 -0.401696 0.580783
vn -0.855817 -0.250844 0.452388
vn -0.947635 -0.104979 0.301607
vn -0.985325 0.068321 0.156420
vn -0.946914 0.317229 -0.052142
vn -0.826605 0.518578 -0.218633
vn -0.712107 0.615930 -0.336947
vn -0.461974 0.663461 -0.588557
vn -0.150448 0.629770 -0.762073
vn 0.283147 -0.716105 0.637982
vn 0.146055 -0.794069 0.590020
vn -0.054232 -0.832886 0.550781
vn -0.310199 -0.780921 0.542162
vn -0.545824 -0.648001 0.531198
vn -0.737722 -0.489451 0.464978
vn -0.871713 -0.338822 0.353999
vn -0.947078 -0.207400 0.245006
vn -0.988405 -0.065721 0.136881
vn -0.991761 0.126551 -0.019872
vn -0.920575 0.342501 -0.187712
vn -0.795259 0.458598 -0.396550
vn -0.563218 0.471767 -0.678396
vn -0.318632 0.431216 -0.844113
vn 0.045637 -0.783015 0.620327
vn -0.098862 -0.801247 0.590110
vn -0.270657 -0.808896 0.521951
vn -0.432483 -0.780193 0.451947
vn -0.581303 -0.701760 0.411849
vn -0.736312 -0.569740 0.365022
vn -0.852353 -0.431681 0.295205
vn -0.925429 -0.302900 0.227668
vn -0.974882 -0.167772 0.146488
vn -0.999950 -0.007124 0.007074
vn -0.974745 0.157432 -0.158388
vn -0.845369 0.295037 -0.445314
vn -0.599808 0.320739 -0.733047
vn -0.402395 0.274091 -0.873472
vn -0.205602 -0.846596 0.490920
vn -0.343595 -0.792515 0.503848
vn -0.450222 -0.753798 0.478632
vn -0.520170 -0.730169 0.443030
vn -0.581446 -0.702965 0.409586
vn -0.699736 -0.612330 0.367996
vn -0.807524 -0.501413 0.310629
vn -0.890598 -0.384086 0.243543
vn -0.949881 -0.270762 0.156248
vn -0.990615 -0.136445 0.008065
vn -0.991378 0.001309 -0.131028
vn -0.894906 0.155143 -0.418418
vn -0.642692 0.237032 -0.728535
vn -0.423579 0.239712 -0.873567
vn -0.377207 -0.846635 0.375398
vn -0.491433 -0.768585 0.409598
vn -0.561851 -0.711250 0.422429
vn -0.625975 -0.664221 0.408614
vn -0.735584 -0.568471 0.368453
vn -0.936058 -0.301253 0.181773
vn -0.850926 -0.432704 0.297812
vn -0.982825 -0.175998 0.055497
vn -0.997413 -0.024421 -0.067608
vn -0.957881 -0.005173 -0.287120
vn -0.813234 0.057638 -0.579076
vn -0.564471 0.122567 -0.816303
vn -0.446809 -0.815221 0.368477
vn -0.542235 -0.746354 0.385923
vn -0.637675 -0.656768 0.402525
vn -0.783092 -0.543087 0.303024
vn -0.909238 -0.397301 0.124250
vn -0.967874 -0.243626 -0.062187
vn -0.690218 -0.669544 0.274425
vn -0.865830 -0.497087 0.056943
vn -0.939014 -0.248957 -0.237218
vn -0.604006 -0.759096 0.242795
vn -0.777035 -0.624820 -0.076265
vn -0.801763 -0.279975 -0.528006
vn -0.411967 -0.880367 -0.235027
vn -0.403962 -0.836813 -0.369538
vn -0.364190 -0.673128 -0.643634
vn -0.263393 -0.146570 -0.953489
vn -0.246611 0.204201 -0.947357
vn -0.252881 0.308731 -0.916917
vn -0.092521 0.487140 -0.868409
vn -0.063150 0.646121 -0.760618
vn -0.181483 0.923703 -0.337396
vn 0.040730 0.984525 0.170444
vn 0.194216 0.899408 0.391593
vn 0.355242 0.708988 0.609212
vn 0.419354 0.481596 0.769551
vn 0.409337 0.118423 0.904665
vn 0.378108 -0.109601 0.919251
vn 0.281030 -0.377116 0.882500
vn 0.119575 -0.622535 0.773403
vn -0.077891 -0.801841 0.592439
vn -0.238428 -0.898967 0.367439
vn -0.366238 -0.929977 0.031814
vn -0.139632 0.073223 -0.987493
vn -0.221638 -0.236635 -0.945981
vn -0.317793 -0.670354 -0.670547
vn -0.358679 -0.839909 -0.407311
vn -0.370154 -0.892220 -0.258707
vn -0.319054 -0.947622 0.014740
vn -0.188616 -0.907951 0.374231
vn -0.017210 -0.776563 0.629805
vn 0.143371 -0.615404 0.775063
vn 0.269466 -0.419018 0.867071
vn 0.370383 -0.190638 0.909106
vn 0.450967 0.027673 0.892111
vn 0.495151 0.332188 0.802793
vn 0.468124 0.526796 0.709469
vn 0.244302 0.665206 0.705562
vn -0.038662 0.843951 0.535025
vn 0.628958 0.440626 0.640515
vn -0.152553 0.958262 0.241787
vn -0.148479 0.939054 -0.310050
vn -0.025715 0.605699 -0.795278
vn 0.329134 0.411071 -0.850113
vn 0.169143 0.432638 -0.885559
vn -0.059069 0.222825 -0.973067
vn 0.816783 -0.041397 0.575459
vn 0.328872 0.507848 0.796199
vn 0.002208 0.815198 0.579179
vn 0.049367 0.970285 0.236875
vn 0.140037 0.949218 -0.281737
vn 0.281573 0.584245 -0.761167
vn 0.381795 0.121358 -0.916245
vn 0.640653 -0.168722 -0.749063
vn 0.889199 -0.200385 0.411304
vn 0.444055 0.724074 0.527761
vn 0.481739 0.864261 -0.144849
vn 0.564837 0.559473 -0.606589
vn 0.871132 -0.257981 -0.417820
vn 0.996899 0.073688 -0.027617
vn 0.997730 0.065398 0.016081
vn 0.843091 -0.537453 -0.018479
vn 0.891022 0.378971 0.249922
vn 0.747484 0.354185 0.561979
vn 0.675336 0.193798 0.711592
vn 0.593510 -0.028611 0.804318
vn 0.469984 -0.231955 0.851653
vn 0.338161 -0.439771 0.832015
vn 0.206008 -0.604470 0.769530
vn 0.060284 -0.740165 0.669718
vn -0.125463 -0.890839 0.436651
vn -0.284769 -0.956802 0.058632
vn -0.348958 -0.901543 -0.255828
vn -0.344525 -0.825753 -0.446580
vn -0.280329 -0.663157 -0.694002
vn -0.114026 -0.280899 -0.952939
vn 0.054091 -0.008403 -0.998501
vn 0.202696 0.108285 -0.973236
vn 0.436346 0.332868 -0.835943
vn 0.609087 0.415571 -0.675510
vn 0.712557 0.132178 -0.689052
vn 0.912126 -0.127175 -0.389682
vn 0.888204 0.404810 -0.217306
vn 0.887101 0.458637 0.051989
vn 0.860299 0.326977 0.391116
vn 0.768568 0.142130 0.623780
vn 0.674099 -0.018366 0.738413
vn 0.557693 -0.226204 0.798630
vn 0.430896 -0.445800 0.784596
vn 0.319862 -0.599369 0.733788
vn 0.209852 -0.707965 0.674350
vn 0.038908 -0.877195 0.478556
vn -0.108813 -0.991981 0.064294
vn -0.146974 -0.939243 -0.310195
vn -0.133240 -0.850767 -0.508373
vn -0.139073 -0.694844 -0.705585
vn -0.094097 -0.278921 -0.955693
vn 0.043006 0.056057 -0.997501
vn 0.175845 0.191130 -0.965685
vn 0.356052 0.398549 -0.845213
vn 0.510387 0.574588 -0.639807
vn 0.669608 0.542188 -0.507600
vn 0.881934 0.368833 0.293522
vn 0.861303 0.507424 0.026029
vn 0.812417 0.200370 0.547567
vn 0.710666 0.019237 0.703266
vn 0.619606 -0.228241 0.750996
vn 0.531197 -0.463932 0.708940
vn 0.458115 -0.604848 0.651376
vn 0.391520 -0.669414 0.631346
vn 0.267830 -0.841498 0.469199
vn 0.236227 -0.971285 -0.028332
vn 0.258844 -0.875947 -0.407083
vn 0.279244 -0.796322 -0.536558
vn 0.260501 -0.713714 -0.650194
vn 0.146130 -0.407585 -0.901399
vn 0.314889 -0.184240 -0.931075
vn 0.414195 0.005264 -0.910173
vn 0.499619 0.240320 -0.832243
vn 0.560314 0.512844 -0.650415
vn 0.646181 0.655732 -0.390468
vn 0.772384 0.612356 -0.168649
vn 0.799186 0.600475 -0.027049
vn 0.806885 0.503451 -0.308989
vn 0.813597 0.129202 -0.566893
vn 0.781867 -0.144850 -0.606385
vn 0.685635 -0.343216 -0.641956
vn 0.535366 -0.549363 -0.641547
vn 0.541116 -0.664721 -0.515111
vn 0.562199 -0.711921 -0.420834
vn 0.603559 -0.787480 -0.124863
vn 0.822295 0.563595 0.078693
vn 0.853379 0.439033 0.281060
vn 0.835495 0.260366 0.483898
vn 0.733262 0.041860 0.678657
vn 0.725038 -0.226186 0.650507
vn 0.662838 -0.482098 0.572912
vn 0.603623 -0.626678 0.492863
vn 0.604654 -0.650087 0.460196
vn 0.554513 -0.747561 0.365607
vn 0.970457 0.028924 -0.239533
vn 0.900877 -0.290658 -0.322396
vn 0.990123 0.140188 0.002044
vn 0.956519 -0.077404 0.281211
vn 0.909741 -0.402131 0.103252
vn 0.821868 -0.568539 0.036011
vn 0.774829 -0.631793 -0.021848
vn 0.771224 -0.531451 -0.350391
vn 0.748901 -0.491200 -0.444827
vn 0.863936 -0.352772 -0.359399
vn 0.862256 -0.389205 -0.324089
vn 0.920167 -0.301192 -0.250153
vn -0.714738 0.366069 0.595938
vn -0.721225 0.454589 0.522670
vn -0.644227 0.527407 0.553908
vn -0.616678 0.408126 0.673158
vn -0.546785 0.383867 0.744091
vn -0.546773 0.448274 0.707170
vn 0.612517 -0.736464 -0.287130
vn 0.595630 -0.710166 -0.375352
vn 0.613331 -0.789537 -0.021345
vn 0.618433 -0.781090 -0.086248
vn 0.556036 -0.740626 0.377224
vn 0.566654 -0.770154 0.292859
vn 0.449864 -0.608270 0.653935
vn 0.441633 -0.649882 0.618557
vn 0.358557 -0.501968 0.787061
vn 0.339196 -0.534680 0.773991
vn 0.231819 -0.374981 0.897580
vn 0.210664 -0.394640 0.894360
vn 0.042011 -0.208149 0.977195
vn 0.024964 -0.200067 0.979464
vn -0.437780 0.265357 0.859031
vn -0.298680 0.114780 0.947426
vn -0.137171 -0.047485 0.989409
vn -0.139273 -0.028801 0.989835
vn -0.284013 0.139054 0.948684
vn -0.423306 0.311025 0.850927
vn 0.519752 -0.708207 -0.477809
vn 0.276669 -0.657645 -0.700683
vn 0.065227 -0.378897 -0.923137
vn -0.077547 -0.084332 -0.993416
vn -0.197387 0.125157 -0.972304
vn -0.310789 0.308965 -0.898861
vn -0.415712 0.426548 -0.803269
vn -0.560160 0.537058 -0.630706
vn -0.665771 0.626130 -0.405846
vn -0.719023 0.676896 -0.157536
vn -0.737219 0.657424 0.155892
vn -0.713559 0.592958 0.373142
vn 0.349744 -0.557043 0.753248
vn 0.316887 -0.563797 0.762703
vn 0.471681 -0.658909 0.585966
vn 0.482353 -0.653655 0.583156
vn -0.730655 0.668159 -0.140378
vn -0.739621 0.665195 0.102356
vn -0.730961 0.666705 0.145601
vn -0.717645 0.683825 -0.131791
vn -0.003643 0.104486 -0.994520
vn -0.155880 0.270835 -0.949921
vn -0.171910 0.264845 -0.948843
vn -0.037544 0.112572 -0.992934
vn 0.311337 -0.321245 -0.894355
vn 0.340196 -0.263928 -0.902557
vn 0.162523 -0.083785 -0.983141
vn 0.121968 -0.093787 -0.988093
vn 0.621065 -0.728521 0.289025
vn 0.607428 -0.735603 0.299865
vn 0.312946 -0.569545 0.760055
vn 0.327086 -0.574103 0.750614
vn 0.441225 -0.685535 0.579104
vn 0.415994 -0.691031 0.591122
vn -0.673904 0.721337 -0.159774
vn -0.706212 0.688715 0.164123
vn -0.704122 0.690318 0.166354
vn -0.685056 0.708321 -0.170237
vn -0.080413 0.103162 -0.991409
vn -0.208515 0.258594 -0.943213
vn -0.266134 0.282217 -0.921697
vn -0.166164 0.086898 -0.982262
vn 0.192274 -0.385645 -0.902391
vn 0.285090 -0.330725 -0.899636
vn 0.085948 -0.087409 -0.992458
vn -0.039548 -0.134726 -0.990093
vn 0.564714 -0.770389 0.295972
vn 0.550386 -0.790972 0.267281
vn 0.439115 -0.681496 0.585441
vn 0.320791 -0.589491 0.741346
vn 0.361255 -0.588419 0.723366
vn 0.480812 -0.676318 0.558045
vn -0.718037 0.642845 -0.266783
vn -0.763135 0.644881 0.041869
vn -0.743117 0.665281 0.071958
vn -0.699298 0.678829 -0.223995
vn -0.059389 0.143231 -0.987906
vn -0.219640 0.263436 -0.939340
vn -0.193332 0.262675 -0.945317
vn -0.010474 0.126557 -0.991904
vn 0.284166 -0.113125 -0.952078
vn 0.109362 0.023573 -0.993722
vn 0.158867 0.000892 -0.987300
vn 0.331786 -0.131374 -0.934162
vn 0.591455 -0.732574 0.336922
vn 0.583202 -0.742191 0.330194
vn 0.187461 -0.429454 0.883418
vn 0.196618 -0.440724 0.875845
vn 0.194822 -0.437086 0.878066
vn 0.163901 -0.448907 0.878418
vn 0.202126 -0.471064 0.858629
vn 0.184035 -0.470763 0.862852
vn 0.675302 -0.736786 0.033374
vn 0.682126 -0.729412 0.051597
vn 0.691675 -0.722045 -0.015358
vn 0.657151 -0.753755 0.002435
vn 0.638977 -0.769225 0.000980
vn 0.632931 -0.772370 -0.053322
vn 0.678150 -0.688011 -0.258367
vn 0.704724 -0.677115 -0.211847
vn 0.699229 -0.691555 -0.181194
vn 0.662546 -0.724104 -0.191591
vn 0.664494 -0.707900 -0.239426
vn 0.643610 -0.715382 -0.272018
vn 0.653204 -0.594540 -0.468879
vn 0.665412 -0.561213 -0.492206
vn 0.668994 -0.623621 -0.404404
vn 0.649557 -0.644656 -0.403106
vn 0.646878 -0.634805 -0.422577
vn 0.606872 -0.684866 -0.403318
vn 0.602252 -0.462532 -0.650659
vn 0.604377 -0.430060 -0.670654
vn 0.572012 -0.490434 -0.657477
vn 0.571806 -0.534069 -0.622742
vn 0.577624 -0.594364 -0.559537
vn 0.550718 -0.660029 -0.510951
vn 0.487745 -0.272278 -0.829439
vn 0.455777 -0.266742 -0.849186
vn 0.451144 -0.444978 -0.773604
vn 0.460990 -0.372859 -0.805273
vn 0.443520 -0.509290 -0.737505
vn 0.419021 -0.557572 -0.716613
vn -0.397336 0.421429 -0.815182
vn -0.410934 0.436283 -0.800494
vn -0.366940 0.450804 -0.813714
vn -0.354677 0.442258 -0.823779
vn -0.368373 0.455583 -0.810398
vn -0.393390 0.461538 -0.795127
vn -0.538375 0.543646 -0.643895
vn -0.560068 0.565223 -0.605679
vn -0.554104 0.573650 -0.603237
vn -0.520505 0.586321 -0.620728
vn -0.502295 0.608179 -0.614669
vn -0.529901 0.585034 -0.613955
vn -0.627040 0.605073 -0.490620
vn -0.626348 0.631459 -0.457109
vn -0.667087 0.636403 -0.387280
vn -0.635211 0.657761 -0.404793
vn -0.590403 0.688419 -0.421312
vn -0.624131 0.663120 -0.413197
vn -0.747330 0.618449 0.242939
vn -0.744448 0.618599 0.251262
vn -0.712212 0.640773 0.286642
vn -0.697118 0.633786 0.335175
vn -0.677983 0.636247 0.368143
vn -0.677956 0.631177 0.376818
vn -0.729006 0.581509 0.361107
vn -0.728709 0.575002 0.371963
vn -0.673886 0.607166 0.420983
vn -0.659021 0.603396 0.449005
vn -0.646526 0.601482 0.469279
vn -0.635809 0.586399 0.501879
vn -0.653628 0.416694 0.631773
vn -0.648052 0.434440 0.625533
vn -0.590002 0.482623 0.647281
vn -0.578574 0.488619 0.653073
vn -0.563481 0.493008 0.662897
vn -0.539553 0.488725 0.685588
vn -0.467037 0.191875 0.863169
vn -0.485183 0.173901 0.856946
vn -0.420008 0.275500 0.864692
vn -0.429530 0.257593 0.865535
vn -0.412996 0.292074 0.862628
vn -0.401860 0.320342 0.857840
vn -0.269200 0.103418 0.957516
vn -0.266781 0.128164 0.955197
vn -0.287587 0.068674 0.955289
vn -0.272477 0.094163 0.957544
vn -0.318260 -0.007512 0.947974
vn -0.304433 -0.000505 0.952534
vn -0.140467 -0.059271 0.988310
vn -0.144966 -0.039150 0.988662
vn -0.135625 -0.119968 0.983470
vn -0.129376 -0.083056 0.988111
vn -0.159897 -0.155471 0.974814
vn -0.161834 -0.153873 0.974748
vn 0.008630 -0.239070 0.970964
vn 0.004250 -0.221625 0.975123
vn 0.011469 -0.294560 0.955564
vn 0.013951 -0.259496 0.965644
vn 0.023211 -0.323450 0.945961
vn 0.008074 -0.316388 0.948595
vn 0.602447 -0.736537 0.307523
vn 0.440522 -0.675617 0.591170
vn 0.701778 -0.712216 0.015998
vn 0.730042 -0.657189 -0.187462
vn 0.685774 -0.565139 -0.458619
vn 0.588096 -0.444222 -0.675877
vn 0.481915 -0.314114 -0.817980
vn 0.352158 -0.192632 -0.915903
vn 0.177917 -0.043536 -0.983082
vn 0.008563 0.106973 -0.994225
vn -0.165391 0.262547 -0.950639
vn -0.395590 0.453473 -0.798668
vn -0.566765 0.577673 -0.587428
vn -0.647741 0.642290 -0.409750
vn -0.704601 0.687389 -0.176163
vn -0.729341 0.680183 0.073580
vn -0.723107 0.642417 0.253805
vn -0.697681 0.598478 0.393784
vn -0.616236 0.461670 0.638055
vn -0.447988 0.220909 0.866318
vn -0.302151 0.025916 0.952908
vn -0.153933 -0.146199 0.977206
vn 0.013424 -0.310373 0.950520
vn 0.169646 -0.459246 0.871960
vn 0.298213 -0.578299 0.759368
vn 0.708242 -0.705463 -0.026756
vn 0.620348 -0.732757 0.279707
vn 0.692541 -0.675672 -0.252696
vn 0.642755 -0.611798 -0.461053
vn 0.554869 -0.475019 -0.682992
vn 0.419639 -0.261568 -0.869186
vn 0.260091 -0.131259 -0.956621
vn 0.060574 0.014637 -0.998056
vn -0.130640 0.145836 -0.980645
vn -0.249919 0.251376 -0.935067
vn -0.374318 0.397073 -0.837985
vn -0.484224 0.487637 -0.726455
vn -0.609119 0.576957 -0.544146
vn -0.704891 0.641012 -0.303697
vn -0.748464 0.663172 -0.002211
vn -0.727327 0.646773 0.229521
vn -0.698466 0.616385 0.363614
vn -0.653318 0.409314 0.636897
vn -0.519341 0.176343 0.836175
vn -0.348429 -0.005721 0.937318
vn -0.174129 -0.162715 0.971186
vn 0.032289 -0.329946 0.943448
vn 0.224092 -0.470314 0.853574
vn 0.402089 -0.596655 0.694498
vn 0.527353 -0.690139 0.495587
vn 0.315750 -0.541651 0.779048
vn 0.509707 -0.639178 0.575891
vn 0.449674 -0.683331 0.575197
vn 0.249433 -0.563456 0.787591
vn 0.598431 -0.688855 0.409097
vn 0.727273 -0.681511 -0.081342
vn 0.723858 -0.686254 -0.071315
vn 0.566576 -0.716219 0.407458
vn 0.506975 -0.315768 -0.802039
vn 0.219163 -0.016845 -0.975543
vn 0.179393 0.032723 -0.983233
vn 0.496235 -0.312750 -0.809900
vn -0.282997 0.401055 -0.871245
vn -0.529260 0.472533 -0.704696
vn -0.508654 0.446957 -0.735868
vn -0.276686 0.349956 -0.894973
vn -0.806134 0.357107 0.471829
vn -0.585297 0.141954 0.798296
vn -0.571689 0.156082 0.805488
vn -0.777395 0.415828 0.471958
vn -0.730108 0.493041 0.473131
vn -0.543675 0.206767 0.813428
vn -0.356573 -0.000133 0.934267
vn -0.179198 -0.177991 0.967578
vn 0.679906 -0.733299 0.000658
vn 0.422058 -0.320081 -0.848183
vn -0.332034 0.335891 -0.881437
vn -0.562019 0.522987 -0.640796
vn -0.699062 0.621657 -0.353348
vn -0.769619 0.638485 -0.004892
vn -0.135542 0.170462 -0.975997
vn 0.077191 0.018059 -0.996853
vn 0.631659 -0.592243 -0.500255
vn 0.558544 -0.716198 0.418437
vn 0.429890 -0.631285 0.645503
vn 0.229586 -0.494028 0.838586
vn 0.018938 -0.344954 0.938428
vn 0.643392 -0.547332 -0.535234
vn 0.451902 -0.322581 -0.831701
vn 0.705256 -0.706976 -0.052912
vn 0.120331 0.041319 -0.991874
vn 0.643815 -0.468700 -0.604833
vn 0.656796 -0.488326 -0.574592
vn 0.574814 -0.716572 0.395112
vn 0.443041 -0.665991 0.600142
vn -0.341069 -0.064714 0.937808
vn -0.356309 -0.043627 0.933349
vn 0.099823 -0.409582 0.906796
vn 0.057312 -0.402012 0.913839
vn -0.109287 -0.258693 0.959757
vn -0.134678 -0.235273 0.962553
vn -0.350021 -0.011056 0.936677
vn -0.549317 0.200931 0.811096
vn -0.156199 -0.201898 0.966871
vn 0.024169 -0.371628 0.928067
vn 0.226440 -0.531850 0.816003
vn -0.685133 0.493523 -0.535750
vn -0.677956 0.553249 -0.484036
vn -0.752858 0.462298 0.468493
vn -0.858206 0.506960 -0.080455
vn -0.809942 0.585257 -0.038311
vn -0.790027 0.612795 -0.018418
vn -0.688956 0.600453 -0.405952
vn -0.520397 0.480556 -0.705870
vn -0.068609 0.260624 -0.962999
vn -0.082958 0.264937 -0.960691
vn -0.278072 0.318437 -0.906242
vn -0.100825 0.222547 -0.969694
vn 0.568202 -0.579111 0.584617
vn 0.685631 -0.627234 0.369442
vn 0.766093 -0.630851 -0.123002
vn 0.637620 -0.444861 -0.628920
vn 0.503470 -0.318868 -0.803020
vn 0.221628 -0.074584 -0.972275
vn -0.088159 0.177373 -0.980187
vn -0.318727 0.351112 -0.880416
vn -0.555143 0.488111 -0.673471
vn -0.702346 0.501186 -0.505493
vn -0.880655 0.461059 -0.108959
vn -0.841308 0.337356 0.422365
vn -0.607480 0.137736 0.782302
vn -0.319812 -0.091710 0.943032
vn -0.072077 -0.285617 0.955630
vn 0.118201 -0.416924 0.901223
vn 0.339000 -0.515579 0.786929
vn 0.554797 -0.575417 0.600913
vn 0.748043 -0.593286 0.297396
vn 0.824080 -0.535525 -0.184675
vn 0.669039 -0.356554 -0.652116
vn 0.519643 -0.262597 -0.813028
vn 0.208426 -0.073585 -0.975266
vn -0.107569 0.121917 -0.986694
vn -0.327196 0.277163 -0.903396
vn -0.555945 0.441676 -0.704164
vn -0.721544 0.523354 -0.453293
vn -0.866228 0.489385 -0.100759
vn -0.865659 0.353815 0.354189
vn -0.646795 0.110412 0.754629
vn -0.325645 -0.133636 0.936000
vn -0.041494 -0.316655 0.947633
vn 0.142498 -0.434492 0.889332
vn 0.317591 -0.520975 0.792289
vn 0.769522 -0.617552 0.162684
vn 0.526415 -0.593068 0.609227
vn 0.797687 -0.475061 -0.371500
vn 0.672406 -0.281096 -0.684730
vn 0.543569 -0.219107 -0.810262
vn 0.243314 -0.043587 -0.968968
vn -0.068135 0.143308 -0.987330
vn -0.329961 0.295024 -0.896709
vn -0.582627 0.425241 -0.692616
vn -0.730343 0.511190 -0.453082
vn -0.846937 0.490153 -0.206031
vn -0.894628 0.367010 0.254841
vn -0.672484 0.092521 0.734306
vn -0.333996 -0.156491 0.929493
vn -0.024833 -0.331854 0.943004
vn 0.183678 -0.441651 0.878184
vn 0.334055 -0.526740 0.781635
vn -0.726272 0.021797 0.687061
vn -0.376223 -0.174204 0.910005
vn -0.346626 -0.165648 0.923261
vn -0.697852 0.067053 0.713096
vn 0.864352 -0.498008 0.069888
vn 0.757992 -0.276463 -0.590777
vn 0.707762 -0.331851 -0.623657
vn 0.815244 -0.578124 0.033913
vn 0.354961 -0.018935 -0.934689
vn 0.325310 -0.039686 -0.944774
vn -0.039555 0.157091 -0.986792
vn -0.344189 0.272956 -0.898348
vn -0.362478 0.296043 -0.883724
vn -0.045842 0.150458 -0.987553
vn -0.728737 0.376318 -0.572125
vn -0.954024 0.293606 0.060285
vn -0.925756 0.360228 0.114942
vn -0.741962 0.434839 -0.510301
vn 0.550634 -0.565167 0.614319
vn 0.594916 -0.500706 0.628783
vn 0.391978 -0.497779 0.773672
vn 0.415099 -0.454246 0.788260
vn 0.221376 -0.421920 0.879191
vn 0.219935 -0.399854 0.889801
vn -0.018233 -0.322052 0.946546
vn -0.033275 -0.313813 0.948902
vn 0.795325 -0.234363 -0.559046
vn 0.878146 -0.446290 0.172294
vn 0.351713 0.009452 -0.936060
vn -0.025532 0.159072 -0.986937
vn -0.312659 0.255332 -0.914904
vn -0.716504 0.323814 -0.617873
vn -0.973949 0.220148 0.054391
vn -0.717106 -0.052570 0.694978
vn -0.358100 -0.237494 0.902974
vn -0.071488 -0.325665 0.942779
vn 0.097711 -0.392702 0.914460
vn 0.332770 -0.439047 0.834567
vn 0.583380 -0.464112 0.666534
vn 0.347933 0.035216 -0.936858
vn -0.001133 0.140743 -0.990046
vn 0.011197 0.157095 -0.987520
vn 0.356144 0.050253 -0.933079
vn 0.871729 -0.228994 -0.433185
vn 0.880401 -0.233745 -0.412623
vn 0.427957 -0.391494 0.814608
vn 0.372511 -0.399729 0.837527
vn 0.757684 -0.403984 0.512555
vn 0.802830 -0.406371 0.436264
vn -0.201935 -0.224208 0.953390
vn -0.220205 -0.256202 0.941207
vn 0.092838 -0.358262 0.928994
vn 0.133872 -0.331379 0.933952
vn -0.593011 0.261649 -0.761497
vn -0.954998 0.254000 -0.153175
vn -0.972530 0.232734 0.004402
vn -0.649967 0.274649 -0.708597
vn -0.665804 -0.038044 0.745156
vn -0.668648 -0.017218 0.743380
vn 0.350875 0.049470 -0.935115
vn 0.011112 0.159193 -0.987185
vn -0.004027 0.160700 -0.986995
vn 0.346702 0.034403 -0.937344
vn 0.861037 -0.210129 -0.463099
vn 0.830661 -0.219437 -0.511713
vn 0.470920 -0.404142 0.784158
vn 0.839232 -0.401128 0.367132
vn 0.867317 -0.417610 0.270855
vn 0.527838 -0.433798 0.730210
vn -0.189148 -0.254159 0.948486
vn 0.158695 -0.353398 0.921914
vn 0.204681 -0.404872 0.891170
vn -0.184886 -0.310383 0.932459
vn -0.680655 0.301241 -0.667805
vn -0.975851 0.207985 0.066755
vn -0.978894 0.190253 0.074632
vn -0.704756 0.306675 -0.639742
vn -0.643495 -0.063239 0.762833
vn -0.659071 -0.101252 0.745234
vn -0.318494 0.197823 -0.927053
vn -0.289547 0.209359 -0.933987
vn -0.280276 0.236885 -0.930231
vn -0.294784 0.245399 -0.923516
vn -0.488643 0.338334 -0.804213
vn -0.744109 0.361449 -0.561833
vn -0.601673 -0.113576 0.790627
vn -0.229718 -0.288664 0.929464
vn 0.062539 -0.383276 0.921514
vn 0.285559 -0.418041 0.862379
vn 0.627342 -0.415441 0.658674
vn 0.676758 -0.126604 -0.725238
vn 0.294605 0.029478 -0.955165
vn 0.015696 0.124605 -0.992082
vn -0.286141 0.245362 -0.926240
vn -0.688620 0.408326 -0.599227
vn -0.420038 0.362287 -0.832056
vn -0.576259 -0.121811 0.808138
vn -0.257162 -0.280768 0.924682
vn 0.052684 -0.382250 0.922556
vn 0.230867 -0.422369 0.876530
vn 0.533804 -0.457521 0.711145
vn 0.257317 0.009968 -0.966276
vn 0.579985 -0.126765 -0.804703
vn 0.072228 0.114428 -0.990802
vn -0.207161 0.266274 -0.941373
vn 0.128213 0.092631 -0.987411
vn 0.250419 0.014377 -0.968031
vn 0.247680 0.047587 -0.967673
vn 0.159454 0.087400 -0.983329
vn 0.486449 -0.090806 -0.868978
vn 0.442416 -0.118158 -0.888992
vn 0.493036 -0.493720 0.716349
vn 0.234280 -0.426648 0.873547
vn 0.234289 -0.430934 0.871438
vn 0.456317 -0.514926 0.725690
vn 0.035266 -0.346706 0.937311
vn -0.231430 -0.214861 0.948828
vn -0.211160 -0.169908 0.962571
vn 0.057070 -0.326612 0.943434
vn -0.675025 0.392788 -0.624547
vn -0.404386 0.334801 -0.851106
vn -0.380527 0.351285 -0.855452
vn -0.631460 0.442196 -0.636962
vn -0.538859 -0.041986 0.841349
vn -0.525257 0.019289 0.850725
vn -0.169113 0.249103 -0.953598
vn -0.164196 0.265555 -0.950011
vn 0.510194 -0.480512 0.713310
vn 0.230781 -0.417119 0.879063
vn 0.041934 -0.358570 0.932561
vn -0.253349 -0.240620 0.936972
vn -0.553457 -0.055782 0.831008
vn 0.241840 0.044257 -0.969306
vn 0.154826 0.094305 -0.983431
vn 0.415984 -0.153453 -0.896331
vn 0.238384 -0.423748 0.873848
vn 0.418602 -0.522026 0.743143
vn -0.219964 -0.149033 0.964057
vn 0.063571 -0.323312 0.944155
vn -0.499837 0.068822 0.863381
vn -0.167493 0.306289 -0.937088
vn -0.337868 0.404469 -0.849853
vn -0.561813 0.521584 -0.642119
vn -0.888458 0.058837 0.455171
vn -0.926325 0.141595 0.349102
vn -0.923725 0.250493 0.289803
vn -0.930107 0.259129 0.260293
vn -0.896869 0.356566 0.261700
vn -0.841242 0.459187 0.285409
vn 0.901362 -0.363470 0.235450
vn 0.897468 -0.414374 0.151148
vn 0.869715 -0.459899 0.179133
vn 0.848550 -0.497329 0.180627
vn 0.794593 -0.575541 0.193328
vn 0.737735 -0.660076 0.141587
vn -0.712854 0.611400 0.343554
vn -0.352387 0.056744 0.934133
vn -0.486624 -0.028327 0.873152
vn -0.815118 0.469926 0.338752
vn -0.519212 0.593916 -0.614559
vn -0.464287 0.618402 -0.634048
vn 0.119605 0.112207 -0.986461
vn 0.112410 0.197757 -0.973785
vn -0.082302 0.353791 -0.931697
vn -0.118294 0.320213 -0.939931
vn 0.422289 -0.163943 -0.891513
vn 0.465371 -0.171498 -0.868343
vn 0.206564 0.162276 -0.964882
vn 0.228617 0.048896 -0.972288
vn 0.696507 -0.717550 -0.000571
vn 0.647230 -0.761254 0.039822
vn 0.246452 -0.589516 0.769242
vn 0.298101 -0.574787 0.762073
vn -0.503641 0.020204 0.863677
vn -0.833006 0.455986 0.313333
vn -0.541356 0.570579 -0.617554
vn -0.158263 0.315392 -0.935671
vn 0.130064 0.085813 -0.987785
vn 0.235980 0.012074 -0.971683
vn 0.409295 -0.177398 -0.894990
vn 0.717072 -0.693846 0.066219
vn 0.369276 -0.547367 0.751016
vn -0.238208 -0.136289 0.961604
vn -0.310161 -0.211927 0.926762
vn -0.261497 -0.192411 0.945832
vn -0.092944 -0.316421 0.944055
vn -0.059274 -0.383016 0.921838
vn 0.012814 -0.380044 0.924879
vn 0.091852 -0.471207 0.877227
vn 0.133888 -0.486542 0.863337
vn 0.190400 -0.466284 0.863903
vn -0.235367 0.431949 -0.870645
vn -0.221387 0.451274 -0.864488
vn -0.282275 0.431909 -0.856607
vn 0.562410 -0.825067 0.054399
vn 0.216753 -0.609205 0.762816
vn 0.439782 -0.296846 -0.847629
vn 0.148627 0.166340 -0.974803
vn 0.055991 0.254849 -0.965359
vn -0.109570 0.384368 -0.916655
vn -0.239041 0.478331 -0.845020
vn -0.391969 0.629269 -0.671104
vn -0.632405 0.731458 0.255016
vn -0.289007 0.139772 0.947069
vn -0.126550 -0.094788 0.987421
vn -0.023581 -0.285552 0.958073
vn 0.091225 -0.468339 0.878827
vn 0.104997 0.092500 -0.990161
vn 0.362482 -0.385098 -0.848709
vn 0.357901 -0.403124 -0.842258
vn 0.117775 0.112484 -0.986649
vn 0.474947 -0.879991 -0.006465
vn 0.440920 -0.897202 -0.024863
vn 0.501437 -0.864570 0.032859
vn 0.367742 -0.375935 -0.850552
vn -0.119434 -0.115315 0.986123
vn -0.290709 0.176480 0.940395
vn -0.294001 0.190964 0.936534
vn -0.110143 -0.115025 0.987237
vn -0.538091 0.802884 0.256584
vn -0.520107 0.796693 0.307844
vn -0.261213 0.681424 -0.683688
vn -0.266640 0.694219 -0.668553
vn -0.332442 0.639324 -0.693359
vn -0.612102 0.761183 0.214319
vn -0.313715 0.148484 0.937836
vn 0.215940 -0.666221 0.713807
vn 0.205664 -0.709772 0.673740
vn 0.016800 -0.349695 0.936713
vn 0.045875 -0.393520 0.918171
vn -0.124075 -0.119114 0.985098
vn 0.017012 -0.311710 0.950025
vn 0.136852 -0.544559 0.827483
vn 0.145879 -0.592466 0.792277
vn 0.136310 -0.486476 0.862995
vn 0.223521 -0.621162 0.751129
vn -0.139581 0.521493 -0.841762
vn -0.119914 0.503637 -0.855553
vn 0.005305 0.246989 -0.969004
vn 0.044736 0.239189 -0.969942
vn -0.063410 0.383776 -0.921247
vn -0.023204 0.352668 -0.935461
vn 0.101716 0.092104 -0.990541
vn -0.017412 0.255192 -0.966734
vn -0.131696 0.393519 -0.909835
vn -0.216227 0.501283 -0.837832
vn 0.230365 -0.533215 -0.814011
vn 0.031045 0.034638 -0.998918
vn 0.344596 -0.938516 -0.020989
vn -0.258167 0.222875 0.940041
vn -0.113298 -0.110387 0.987410
vn -0.514401 0.807335 0.289139
vn -0.310093 0.661588 -0.682747
vn 0.052332 -0.458216 0.887299
vn 0.146364 -0.643757 0.751103
vn 0.194585 -0.769070 0.608825
vn -0.033223 0.185698 -0.982045
vn -0.094129 0.302811 -0.948391
vn -0.183058 0.456068 -0.870914
vn 0.095984 -0.458171 -0.883667
vn -0.042210 0.021153 -0.998885
vn 0.217073 -0.974583 -0.055387
vn -0.184276 0.290427 0.938986
vn -0.104478 -0.071926 0.991923
vn -0.342788 0.911990 0.225324
vn -0.239367 0.700488 -0.672325
vn -0.000554 -0.441190 0.897414
vn 0.086675 -0.655365 0.750322
vn 0.153946 -0.800781 0.578835
vn -0.088682 0.177964 -0.980033
vn -0.131273 0.308709 -0.942054
vn -0.179541 0.476616 -0.860582
vn 0.097382 -0.347068 -0.932770
vn -0.006136 0.042894 -0.999061
vn 0.218277 -0.964917 -0.145913
vn -0.134176 0.327505 0.935274
vn -0.063796 -0.100238 0.992916
vn -0.183837 0.981993 0.043520
vn -0.077710 0.690923 -0.718740
vn 0.008399 -0.450004 0.892987
vn 0.070436 -0.659516 0.748383
vn 0.127301 -0.826157 0.548871
vn -0.037975 0.192004 -0.980659
vn -0.055167 0.324890 -0.944141
vn -0.058659 0.479065 -0.875817
vn 0.091546 -0.236184 -0.967386
vn 0.037660 0.061734 -0.997382
vn 0.181955 -0.957021 -0.225840
vn -0.120712 0.382399 0.916079
vn -0.026148 -0.112830 0.993270
vn -0.147193 0.989047 0.010930
vn -0.013520 0.663838 -0.747754
vn 0.030751 -0.464136 0.885230
vn 0.068581 -0.669901 0.739276
vn 0.115103 -0.848354 0.516765
vn 0.024680 0.197495 -0.979993
vn 0.019464 0.322558 -0.946350
vn 0.015381 0.452670 -0.891546
vn 0.150329 -0.226433 -0.962356
vn 0.109626 0.088892 -0.989990
vn 0.185617 -0.947596 -0.260016
vn -0.159289 0.404682 0.900478
vn -0.045938 -0.135431 0.989721
vn -0.183569 0.982612 0.027870
vn -0.015135 0.632583 -0.774345
vn 0.028416 -0.494915 0.868477
vn 0.061680 -0.698200 0.713241
vn 0.096541 -0.854937 0.509669
vn 0.087110 0.221093 -0.971354
vn 0.062071 0.332067 -0.941211
vn 0.035382 0.438762 -0.897907
vn 0.261313 -0.315113 -0.912370
vn 0.178807 0.145615 -0.973049
vn 0.232835 -0.967951 -0.094118
vn -0.199920 0.425010 0.882835
vn -0.077921 -0.156612 0.984582
vn -0.212948 0.976795 0.022922
vn -0.026648 0.619635 -0.784438
vn 0.020242 -0.502629 0.864265
vn 0.081991 -0.718012 0.691185
vn 0.111263 -0.840218 0.530711
vn 0.123792 0.277315 -0.952771
vn 0.076839 0.366704 -0.927159
vn 0.034327 0.451601 -0.891560
vn 0.269413 -0.449967 -0.851438
vn 0.147756 0.163294 -0.975450
vn 0.236440 -0.970243 0.052205
vn -0.208334 0.436074 0.875464
vn -0.083452 -0.152557 0.984765
vn -0.200987 0.979564 0.007655
vn -0.006993 0.620488 -0.784185
vn 0.018599 -0.479770 0.877197
vn 0.105307 -0.717934 0.688100
vn 0.141837 -0.836508 0.529280
vn 0.099080 0.305602 -0.946990
vn 0.068003 0.388107 -0.919102
vn 0.041495 0.467844 -0.882836
vn 0.138619 0.048171 -0.989174
vn 0.285885 -0.640856 -0.712442
vn 0.228651 -0.649761 -0.724934
vn 0.086813 0.004913 -0.996213
vn 0.234378 -0.956460 0.173928
vn 0.233382 -0.958351 0.164610
vn -0.144090 -0.116308 0.982706
vn -0.244278 0.358024 0.901192
vn -0.241937 0.318322 0.916590
vn -0.114740 -0.102864 0.988056
vn -0.283500 0.958380 0.033707
vn -0.349531 0.929098 0.120851
vn -0.069437 0.622989 -0.779142
vn -0.124184 0.657984 -0.742722
vn -0.030153 -0.449339 0.892852
vn 0.002499 -0.436220 0.899837
vn 0.078649 -0.715320 0.694357
vn 0.114008 -0.706341 0.698630
vn 0.146736 -0.844470 0.515111
vn 0.168467 -0.833436 0.526311
vn 0.087884 0.235927 -0.967789
vn 0.049530 0.191766 -0.980190
vn 0.062640 0.327003 -0.942945
vn 0.033730 0.294143 -0.955166
vn 0.021128 0.424627 -0.905122
vn -0.008048 0.420407 -0.907300
vn 0.203903 -0.973570 0.102889
vn 0.219200 -0.551586 -0.804801
vn 0.133204 -0.851155 0.507733
vn 0.082659 -0.725581 0.683154
vn -0.013724 -0.472671 0.881132
vn -0.120780 -0.149507 0.981356
vn -0.231915 0.422507 0.876187
vn -0.190623 0.981589 0.012049
vn 0.018489 0.621300 -0.783355
vn 0.061990 0.460322 -0.885585
vn 0.071296 0.376124 -0.923822
vn 0.079952 0.284003 -0.955484
vn 0.102225 0.118169 -0.987718
vn 0.225494 -0.965289 0.131793
vn 0.271533 -0.595556 -0.756031
vn 0.136943 -0.852750 0.504048
vn 0.068270 -0.723503 0.686937
vn -0.044105 -0.467982 0.882637
vn -0.160773 -0.137888 0.977312
vn -0.248162 0.383609 0.889528
vn -0.211180 0.977227 0.020743
vn -0.000288 0.620317 -0.784351
vn 0.060911 0.439844 -0.896006
vn 0.082149 0.353145 -0.931955
vn 0.100634 0.260629 -0.960180
vn 0.143066 0.077026 -0.986711
vn 0.143031 -0.015283 -0.989600
vn 0.273441 -0.533140 -0.800619
vn 0.383095 -0.481223 -0.788456
vn 0.232240 0.032481 -0.972116
vn 0.323593 -0.946162 -0.008039
vn 0.404389 -0.912931 -0.055023
vn -0.100115 -0.117694 0.987990
vn -0.283034 0.337282 0.897849
vn -0.361991 0.309836 0.879184
vn -0.126123 -0.136886 0.982525
vn -0.415839 0.900408 0.127843
vn -0.513863 0.850322 0.113565
vn -0.173953 0.662682 -0.728418
vn -0.214259 0.657093 -0.722718
vn 0.020189 -0.405410 0.913912
vn 0.018040 -0.410805 0.911545
vn 0.145108 -0.655792 0.740865
vn 0.147505 -0.636387 0.757136
vn 0.244922 -0.832438 0.497052
vn 0.279234 -0.828332 0.485690
vn 0.086590 0.172796 -0.981144
vn 0.135936 0.237845 -0.961744
vn 0.030044 0.296541 -0.954547
vn 0.044962 0.360413 -0.931709
vn -0.037707 0.425078 -0.904371
vn -0.044353 0.456099 -0.888823
vn 0.266523 -0.959387 0.092430
vn 0.219148 -0.601665 -0.768097
vn 0.211139 -0.828782 0.518209
vn 0.137402 -0.686390 0.714136
vn 0.009781 -0.421388 0.906828
vn -0.104247 -0.103196 0.989183
vn -0.252905 0.331934 0.908768
vn -0.371515 0.916760 0.146724
vn -0.145939 0.667704 -0.729981
vn -0.026742 0.415970 -0.908985
vn 0.019879 0.271814 -0.962145
vn 0.046307 0.156609 -0.986575
vn 0.081629 -0.026360 -0.996314
vn -0.074921 0.483625 -0.872063
vn -0.263079 0.660512 -0.703217
vn 0.008681 0.417939 -0.908434
vn 0.124908 0.317539 -0.939982
vn 0.287684 0.073375 -0.954910
vn 0.163949 -0.610693 0.774709
vn 0.346636 -0.812275 0.469097
vn 0.002963 -0.413403 0.910544
vn -0.187087 -0.153223 0.970320
vn -0.605998 0.789059 0.100755
vn -0.462781 0.287688 0.838492
vn 0.483573 -0.471179 -0.737663
vn 0.491961 -0.866269 -0.086906
vn -0.288792 0.664156 -0.689562
vn -0.097120 0.493829 -0.864119
vn -0.106462 0.496181 -0.861667
vn -0.329401 0.660524 -0.674687
vn -0.047095 0.454668 -0.889415
vn -0.074398 0.468102 -0.880537
vn 0.048527 0.387613 -0.920544
vn -0.017004 0.419942 -0.907392
vn 0.275960 0.103284 -0.955604
vn 0.228421 0.131456 -0.964647
vn 0.420441 -0.797514 0.432668
vn 0.160328 -0.583860 0.795866
vn 0.100345 -0.583407 0.805958
vn 0.447790 -0.807350 0.384279
vn -0.053468 -0.390482 0.919057
vn -0.157605 -0.364304 0.917847
vn -0.281670 -0.150298 0.947667
vn -0.407560 -0.121820 0.905016
vn -0.661068 0.744173 0.095895
vn -0.730152 0.676018 0.099387
vn -0.554608 0.267864 0.787819
vn -0.651766 0.236526 0.720594
vn 0.537842 -0.462740 -0.704697
vn 0.550295 -0.452003 -0.702046
vn 0.573747 -0.807728 -0.135606
vn 0.613701 -0.761048 -0.210184
vn -0.238865 0.517049 -0.821951
vn -0.556760 0.649618 -0.517701
vn -0.081048 0.469240 -0.879344
vn -0.019124 0.376191 -0.926345
vn 0.251232 0.049723 -0.966649
vn 0.053722 -0.612149 0.788915
vn 0.456699 -0.847452 0.270649
vn -0.243114 -0.344369 0.906811
vn -0.536214 -0.056816 0.842168
vn -0.800013 0.579733 0.154559
vn -0.748547 0.253807 0.612585
vn 0.579333 -0.448184 -0.680812
vn 0.627002 -0.697370 -0.347194
vn -0.854710 0.491724 0.166366
vn 0.523531 -0.368728 -0.768085
vn 0.537340 -0.838088 0.094205
vn 0.087140 -0.641497 0.762160
vn -0.282346 -0.313032 0.906803
vn -0.610190 0.017753 0.792056
vn -0.368805 0.591364 -0.717128
vn -0.075066 0.479378 -0.874392
vn 0.070131 0.309874 -0.948188
vn 0.611667 -0.790929 -0.017179
vn 0.543248 -0.355009 -0.760822
vn 0.210476 -0.650054 0.730158
vn -0.280884 -0.255169 0.925199
vn -0.634514 0.084103 0.768322
vn -0.832278 0.521991 0.186650
vn 0.677819 -0.721936 -0.139172
vn 0.564320 -0.327982 -0.757609
vn 0.280831 -0.690582 0.666506
vn -0.317192 -0.241481 0.917102
vn -0.664216 0.124247 0.737143
vn -0.832280 0.515328 0.204321
vn 0.626402 -0.732892 -0.265499
vn 0.552873 -0.363039 -0.750023
vn 0.264751 -0.770454 0.579920
vn -0.424498 -0.267196 0.865105
vn -0.726696 0.111905 0.677783
vn -0.849296 0.480447 0.218787
vn -0.414124 0.636742 -0.650432
vn -0.453356 0.646928 -0.613149
vn -0.502632 0.660096 -0.558243
vn -0.080333 0.489137 -0.868500
vn -0.095662 0.500471 -0.860452
vn -0.122870 0.527847 -0.840405
vn 0.130659 0.275882 -0.952270
vn 0.162952 0.246130 -0.955441
vn 0.219103 0.222005 -0.950109
vn -0.658566 -0.381729 0.648517
vn -0.067414 -0.868330 0.491384
vn 0.134361 -0.956257 -0.259845
vn 0.022670 -0.528888 -0.848389
vn 0.089052 0.107218 -0.990239
vn -0.344860 0.450872 -0.823278
vn -0.785231 0.502169 -0.362268
vn -0.908340 0.356264 0.219079
vn -0.871440 0.040782 0.488803
vn -0.719791 -0.138792 -0.680175
vn -0.991307 -0.079495 -0.104836
vn -0.827986 -0.550906 0.104602
s 1
g polySurface1
usemtl lambert3SG
f 1/1/1 2/2/2 3/3/3 4/4/4
f 3/3/3 5/5/5 6/6/6 4/4/4
f 1/1/1 7/7/7 8/8/8 2/2/2
f 10/9/9 9/10/10 2/2/2 8/8/8
f 3/3/3 2/2/2 9/10/10 11/11/11
f 11/11/11 12/12/12 5/5/5 3/3/3
f 14/13/13 13/14/14 4/4/4 6/6/6
f 1/1/1 4/4/4 13/14/14 15/15/15
f 15/15/15 16/16/16 7/7/7 1/1/1
f 20/17/17 17/18/18 18/19/19 19/20/20
f 19/20/20 21/21/21 22/22/22 20/17/17
f 17/18/18 23/23/23 24/24/24 18/19/19
f 18/19/19 24/24/24 25/25/25 26/26/26
f 26/26/26 27/27/27 19/20/20 18/19/19
f 27/27/27 28/28/28 21/21/21 19/20/20
f 20/17/17 22/22/22 29/29/29 30/30/30
f 17/18/18 20/17/17 30/30/30 31/31/31
f 31/31/31 32/32/32 23/23/23 17/18/18
f 77/33/33 125/34/34 126/35/35 34/36/36
f 78/37/37 134/38/38 135/39/39 33/40/40
f 81/41/41 82/42/42 39/43/43 53/44/44
f 82/42/42 292/45/45 293/46/46 39/43/43
f 127/47/47 128/48/48 43/49/49 86/50/50
f 136/51/51 137/52/52 44/53/53 87/54/54
f 88/55/55 89/56/56 46/57/57 45/58/58
f 50/59/59 90/60/60 91/61/61 49/62/62
f 50/59/59 46/57/57 89/56/56 90/60/60
f 79/63/63 80/64/64 51/65/65 37/66/66
f 80/64/64 81/41/41 53/44/44 51/65/65
f 47/67/67 37/66/66 51/65/65 48/68/68
f 53/44/44 39/43/43 48/68/68 51/65/65
f 46/57/57 50/59/59 49/62/62 45/58/58
f 95/69/69 96/70/70 56/71/71 57/72/72
f 96/70/70 97/73/73 59/74/74 56/71/71
f 94/75/75 95/69/69 57/72/72 60/76/76
f 58/77/77 52/78/78 38/79/79 55/80/80
f 54/81/81 52/78/78 58/77/77 40/82/82
f 91/61/61 294/83/83 295/84/84 49/62/62
f 287/85/85 288/86/86 94/75/75 60/76/76
f 122/87/87 123/88/88 63/89/89 35/90/90
f 131/91/91 132/92/92 64/93/93 36/94/94
f 52/78/78 66/95/95 65/96/96 38/79/79
f 54/81/81 67/97/97 66/95/95 52/78/78
f 40/82/82 68/98/98 67/97/97 54/81/81
f 289/99/99 290/100/100 68/98/98 40/82/82
f 63/89/89 123/88/88 124/101/101 70/102/102
f 64/93/93 132/92/92 133/103/103 71/104/104
f 65/96/96 66/95/95 73/105/105 72/106/106
f 66/95/95 67/97/97 74/5549/107 73/105/105
f 67/97/97 68/98/98 75/108/108 74/5549/107
f 68/98/98 290/100/100 291/5547/109 75/108/108
f 70/102/102 124/101/101 125/34/34 77/33/33
f 71/104/104 133/103/103 134/38/38 78/37/37
f 72/106/106 73/105/105 80/64/64 79/63/63
f 73/105/105 74/107/107 81/41/41 80/64/64
f 74/107/107 75/5550/108 82/42/42 81/41/41
f 75/5550/108 291/109/109 292/45/45 82/42/42
f 85/110/110 120/111/111 121/112/112 99/113/113
f 84/114/114 129/115/115 130/116/116 98/117/117
f 126/35/35 127/47/47 86/50/50 34/36/36
f 135/39/39 136/51/51 87/54/54 33/40/40
f 47/67/67 89/56/56 88/55/55 37/66/66
f 90/60/60 89/56/56 47/67/67 48/68/68
f 91/61/61 90/60/60 48/68/68 39/43/43
f 293/46/46 294/83/83 91/61/61 39/43/43
f 94/75/75 288/86/86 289/99/99 40/82/82
f 58/77/77 95/69/69 94/75/75 40/82/82
f 58/77/77 55/80/80 96/70/70 95/69/69
f 38/79/79 97/73/73 96/70/70 55/80/80
f 98/117/117 130/116/116 131/91/91 36/94/94
f 99/113/113 121/112/112 122/87/87 35/90/90
f 12/12/12 86/50/50 43/49/49 5/5/5
f 24/24/24 85/110/110 99/113/113 25/25/25
f 100/118/118 34/36/36 86/50/50 12/12/12
f 35/90/90 101/119/119 25/25/25 99/113/113
f 77/33/33 34/36/36 100/118/118 102/120/120
f 103/121/121 70/102/102 77/33/33 102/120/120
f 70/102/102 103/121/121 104/122/122 63/89/89
f 63/89/89 104/122/122 101/119/119 35/90/90
f 101/119/119 105/123/123 26/26/26 25/25/25
f 106/124/124 27/27/27 26/26/26 105/123/123
f 107/125/125 28/28/28 27/27/27 106/124/124
f 109/126/126 9/10/10 10/9/9 108/127/127
f 11/11/11 9/10/10 109/126/126 110/128/128
f 100/118/118 12/12/12 11/11/11 110/128/128
f 112/129/129 109/126/126 108/127/127 111/130/130
f 109/126/126 112/129/129 113/131/131 110/128/128
f 110/128/128 113/131/131 102/120/120 100/118/118
f 105/123/123 101/119/119 104/122/122 114/132/132
f 105/123/123 114/132/132 115/133/133 106/124/124
f 116/134/134 107/125/125 106/124/124 115/133/133
f 113/131/131 117/135/135 103/121/121 102/120/120
f 117/135/135 114/132/132 104/122/122 103/121/121
f 114/132/132 117/135/135 118/136/136 115/133/133
f 112/129/129 118/136/136 117/135/135 113/131/131
f 111/130/130 119/137/137 118/136/136 112/129/129
f 119/137/137 116/134/134 115/133/133 118/136/136
f 121/112/112 120/111/111 84/114/114 98/117/117
f 122/87/87 121/112/112 98/117/117 36/94/94
f 36/94/94 64/93/93 123/88/88 122/87/87
f 124/101/101 123/88/88 64/93/93 71/104/104
f 125/34/34 124/101/101 71/104/104 78/37/37
f 126/35/35 125/34/34 78/37/37 33/40/40
f 87/54/54 127/47/47 126/35/35 33/40/40
f 44/53/53 128/48/48 127/47/47 87/54/54
f 130/116/116 129/115/115 59/74/74 97/73/73
f 131/91/91 130/116/116 97/73/73 38/79/79
f 38/79/79 65/96/96 132/92/92 131/91/91
f 133/103/103 132/92/92 65/96/96 72/106/106
f 134/38/38 133/103/103 72/106/106 79/63/63
f 135/39/39 134/38/38 79/63/63 37/66/66
f 88/55/55 136/51/51 135/39/39 37/66/66
f 45/58/58 137/52/52 136/51/51 88/55/55
f 139/138/138 138/139/139 45/58/58 49/62/62
f 138/139/139 140/140/140 137/52/52 45/58/58
f 140/140/140 141/141/141 44/53/53 137/52/52
f 141/141/141 142/142/142 128/48/48 44/53/53
f 142/142/142 143/143/143 43/49/49 128/48/48
f 143/143/143 6/6/6 5/5/5 43/49/49
f 23/23/23 144/144/144 85/110/110 24/24/24
f 144/144/144 145/145/145 120/111/111 85/110/110
f 145/145/145 146/146/146 84/114/114 120/111/111
f 146/146/146 147/147/147 129/115/115 84/114/114
f 147/147/147 148/148/148 59/74/74 129/115/115
f 148/148/148 149/149/149 56/71/71 59/74/74
f 56/71/71 149/149/149 150/150/150 57/72/72
f 150/150/150 151/151/151 60/76/76 57/72/72
f 153/152/152 152/153/153 138/139/139 139/138/138
f 152/153/153 154/154/154 140/140/140 138/139/139
f 154/154/154 155/155/155 141/141/141 140/140/140
f 155/155/155 156/156/156 142/142/142 141/141/141
f 143/143/143 142/142/142 156/156/156 157/157/157
f 157/157/157 14/13/13 6/6/6 143/143/143
f 32/32/32 158/158/158 144/144/144 23/23/23
f 158/158/158 159/159/159 145/145/145 144/144/144
f 159/159/159 160/160/160 146/146/146 145/145/145
f 147/147/147 146/146/146 160/160/160 161/161/161
f 161/161/161 162/162/162 148/148/148 147/147/147
f 148/148/148 162/162/162 163/163/163 149/149/149
f 164/164/164 150/150/150 149/149/149 163/163/163
f 165/165/165 151/151/151 150/150/150 164/164/164
f 172/166/166 211/167/167 212/168/168 167/169/169
f 223/170/170 224/171/171 174/172/172 171/173/173
f 210/174/174 211/167/167 172/166/166 168/175/175
f 174/172/172 224/171/171 225/176/176 170/177/177
f 119/137/137 111/130/130 168/175/175 172/166/166
f 116/134/134 119/137/137 172/166/166 167/169/169
f 116/134/134 167/169/169 175/178/178 107/125/125
f 167/169/169 212/168/168 213/179/179 175/178/178
f 222/180/180 223/170/170 171/173/173 177/181/181
f 178/182/182 168/175/175 111/130/130 108/127/127
f 178/182/182 209/183/183 210/174/174 168/175/175
f 225/176/176 226/184/184 180/185/185 170/177/177
f 10/9/9 181/186/186 178/182/182 108/127/127
f 181/186/186 208/187/187 209/183/183 178/182/182
f 226/184/184 227/188/188 183/189/189 180/185/185
f 107/125/125 175/178/178 184/190/190 28/28/28
f 213/179/179 214/191/191 184/190/190 175/178/178
f 186/192/192 221/193/193 222/180/180 177/181/181
f 8/8/8 187/194/194 181/186/186 10/9/9
f 187/194/194 207/195/195 208/187/187 181/186/186
f 227/188/188 228/196/196 189/197/197 183/189/189
f 191/198/198 220/199/199 221/193/193 186/192/192
f 214/191/191 215/200/200 192/201/201 184/190/190
f 192/201/201 21/21/21 28/28/28 184/190/190
f 187/194/194 8/8/8 7/7/7 193/202/202
f 193/202/202 206/203/203 207/195/195 187/194/194
f 228/196/196 229/204/204 195/205/205 189/197/197
f 229/204/204 230/206/206 196/207/207 195/205/205
f 198/208/208 205/209/209 206/203/203 193/202/202
f 193/202/202 7/7/7 16/16/16 198/208/208
f 200/210/210 219/211/211 220/199/199 191/198/198
f 215/200/200 216/212/212 201/213/213 192/201/201
f 201/213/213 22/22/22 21/21/21 192/201/201
f 203/214/214 218/215/215 219/211/211 200/210/210
f 216/212/212 217/216/216 204/217/217 201/213/213
f 201/213/213 204/217/217 29/29/29 22/22/22
f 206/203/203 205/209/209 197/218/218 194/219/219
f 207/195/195 206/203/203 194/219/219 188/220/220
f 208/187/187 207/195/195 188/220/220 182/221/221
f 209/183/183 208/187/187 182/221/221 179/222/222
f 210/174/174 209/183/183 179/222/222 169/223/223
f 169/223/223 173/224/224 211/167/167 210/174/174
f 212/168/168 211/167/167 173/224/224 166/225/225
f 213/179/179 212/168/168 166/225/225 176/226/226
f 185/227/227 214/191/191 213/179/179 176/226/226
f 190/228/228 215/200/200 214/191/191 185/227/227
f 199/229/229 216/212/212 215/200/200 190/228/228
f 202/230/230 217/216/216 216/212/212 199/229/229
f 219/211/211 218/215/215 202/230/230 199/229/229
f 220/199/199 219/211/211 199/229/229 190/228/228
f 221/193/193 220/199/199 190/228/228 185/227/227
f 222/180/180 221/193/193 185/227/227 176/226/226
f 166/225/225 223/170/170 222/180/180 176/226/226
f 166/225/225 173/224/224 224/171/171 223/170/170
f 225/176/176 224/171/171 173/224/224 169/223/223
f 179/222/222 226/184/184 225/176/176 169/223/223
f 182/221/221 227/188/188 226/184/184 179/222/222
f 188/220/220 228/196/196 227/188/188 182/221/221
f 194/219/219 229/204/204 228/196/196 188/220/220
f 197/218/218 230/206/206 229/204/204 194/219/219
f 234/231/231 231/232/232 232/233/233 233/234/234
f 238/235/235 235/236/236 236/237/237 237/238/238
f 154/154/154 152/153/153 237/238/238 236/237/237
f 164/164/164 232/233/233 231/232/232 165/165/165
f 162/162/162 232/233/233 164/164/164 163/163/163
f 233/234/234 232/233/233 162/162/162 161/161/161
f 155/155/155 154/154/154 236/237/237 239/239/239
f 239/239/239 240/240/240 156/156/156 155/155/155
f 235/236/236 241/241/241 239/239/239 236/237/237
f 241/241/241 242/242/242 240/240/240 239/239/239
f 233/234/234 243/243/243 244/244/244 234/231/231
f 243/243/243 245/245/245 246/246/246 244/244/244
f 161/161/161 160/160/160 243/243/243 233/234/234
f 245/245/245 243/243/243 160/160/160 159/159/159
f 157/157/157 156/156/156 240/240/240 247/247/247
f 247/247/247 240/240/240 242/242/242 248/248/248
f 14/13/13 157/157/157 247/247/247 249/249/249
f 248/248/248 250/250/250 249/249/249 247/247/247
f 13/14/14 14/13/13 249/249/249 251/251/251
f 252/252/252 251/251/251 249/249/249 250/250/250
f 15/15/15 13/14/14 251/251/251 253/253/253
f 252/252/252 254/254/254 253/253/253 251/251/251
f 16/16/16 15/15/15 253/253/253 255/255/255
f 256/256/256 255/255/255 253/253/253 254/254/254
f 198/208/208 16/16/16 255/255/255 257/257/257
f 255/255/255 256/256/256 258/258/258 257/257/257
f 205/209/209 198/208/208 257/257/257 259/259/259
f 260/260/260 259/259/259 257/257/257 258/258/258
f 197/218/218 205/209/209 259/259/259 261/261/261
f 262/262/262 261/261/261 259/259/259 260/260/260
f 197/218/218 261/261/261 263/263/263 230/206/206
f 196/207/207 230/206/206 263/263/263 264/264/264
f 266/265/265 265/266/266 264/264/264 263/263/263
f 266/265/265 263/263/263 261/261/261 262/262/262
f 245/245/245 267/267/267 268/268/268 246/246/246
f 158/158/158 267/267/267 245/245/245 159/159/159
f 267/267/267 269/269/269 270/270/270 268/268/268
f 32/32/32 269/269/269 267/267/267 158/158/158
f 31/31/31 271/271/271 269/269/269 32/32/32
f 271/271/271 272/272/272 270/270/270 269/269/269
f 272/272/272 271/271/271 273/273/273 274/274/274
f 30/30/30 273/273/273 271/271/271 31/31/31
f 274/274/274 273/273/273 275/275/275 276/276/276
f 29/29/29 275/275/275 273/273/273 30/30/30
f 278/277/277 277/278/278 276/276/276 275/275/275
f 204/217/217 278/277/277 275/275/275 29/29/29
f 280/279/279 277/278/278 278/277/277 279/280/280
f 279/280/280 278/277/277 204/217/217 217/216/216
f 282/281/281 280/279/279 279/280/280 281/282/282
f 281/282/282 279/280/280 217/216/216 202/230/230
f 202/230/230 218/215/215 283/283/283 281/282/282
f 281/282/282 283/283/283 284/284/284 282/281/281
f 286/285/285 284/284/284 283/283/283 285/286/286
f 203/214/214 285/286/286 283/283/283 218/215/215
f 62/287/287 93/288/288 288/86/86 287/85/85
f 289/99/99 288/86/86 93/288/288 42/289/289
f 42/289/289 69/290/290 290/100/100 289/99/99
f 291/5547/109 290/100/100 69/290/290 76/291/291
f 292/45/45 291/109/109 76/5548/291 83/292/292
f 293/46/46 292/45/45 83/292/292 41/293/293
f 41/293/293 92/294/294 294/83/83 293/46/46
f 295/84/84 294/83/83 92/294/294 61/295/295
f 296/296/296 287/85/85 60/76/76 151/151/151
f 297/297/297 296/296/296 151/151/151 165/165/165
f 298/298/298 139/138/138 49/62/62 295/84/84
f 300/299/299 62/287/287 287/85/85 296/296/296
f 93/288/288 62/287/287 300/299/299 301/300/300
f 302/301/301 42/289/289 93/288/288 301/300/300
f 303/302/302 69/290/290 42/289/289 302/301/301
f 69/290/290 303/302/302 304/303/303 76/291/291
f 305/304/304 83/292/292 76/5548/291 304/5330/303
f 41/293/293 83/292/292 305/304/304 306/305/305
f 306/305/305 61/295/295 92/294/294 41/293/293
f 307/306/306 298/298/298 295/84/84 61/295/295
f 308/307/307 300/299/299 296/296/296 297/297/297
f 309/308/308 297/297/297 165/165/165 231/232/232
f 309/308/308 310/309/309 308/307/307 297/297/297
f 311/310/310 299/311/311 298/298/298 307/306/306
f 139/138/138 298/298/298 299/311/311 153/152/152
f 153/152/152 238/235/235 237/238/238 152/153/153
f 308/307/307 312/312/312 301/300/300 300/299/299
f 312/312/312 313/313/313 302/301/301 301/300/300
f 313/313/313 314/314/314 303/302/302 302/301/301
f 314/314/314 315/315/315 304/303/303 303/302/302
f 305/304/304 304/5330/303 315/5329/315 316/316/316
f 306/305/305 305/304/304 316/316/316 317/317/317
f 61/295/295 306/305/305 317/317/317 307/306/306
f 312/312/312 308/307/307 310/309/309 318/318/318
f 313/313/313 312/312/312 318/318/318 319/319/319
f 319/319/319 320/320/320 314/314/314 313/313/313
f 320/320/320 321/321/321 315/315/315 314/314/314
f 322/322/322 316/316/316 315/5329/315 321/5328/321
f 317/317/317 316/316/316 322/322/322 323/323/323
f 307/306/306 317/317/317 323/323/323 311/310/310
f 235/236/236 238/235/235 324/324/324 325/325/325
f 241/241/241 235/236/236 325/325/325 326/326/326
f 242/242/242 241/241/241 326/326/326 327/327/327
f 248/248/248 242/242/242 327/327/327 328/328/328
f 250/250/250 248/248/248 328/328/328 329/329/329
f 252/252/252 250/250/250 329/329/329 330/330/330
f 254/254/254 252/252/252 330/330/330 331/331/331
f 256/256/256 254/254/254 331/331/331 332/332/332
f 258/258/258 256/256/256 332/332/332 333/333/333
f 260/260/260 258/258/258 333/333/333 334/334/334
f 262/262/262 260/260/260 334/334/334 335/335/335
f 265/266/266 266/265/265 336/336/336 337/337/337
f 266/265/265 262/262/262 335/335/335 336/336/336
f 238/235/235 153/152/152 338/338/338 324/324/324
f 231/232/232 234/231/231 339/339/339 340/340/340
f 234/231/231 244/244/244 341/341/341 339/339/339
f 244/244/244 246/246/246 342/342/342 341/341/341
f 246/246/246 268/268/268 343/343/343 342/342/342
f 268/268/268 270/270/270 344/344/344 343/343/343
f 270/270/270 272/272/272 345/345/345 344/344/344
f 272/272/272 274/274/274 346/346/346 345/345/345
f 274/274/274 276/276/276 347/347/347 346/346/346
f 276/276/276 277/278/278 348/348/348 347/347/347
f 277/278/278 280/279/279 349/349/349 348/348/348
f 280/279/279 282/281/281 350/350/350 349/349/349
f 282/281/281 284/284/284 351/351/351 350/350/350
f 284/284/284 286/285/285 352/352/352 351/351/351
f 309/308/308 231/232/232 340/340/340 310/309/309
f 311/310/310 338/338/338 153/152/152 299/311/311
f 354/353/353 318/318/318 310/309/309 353/354/354
f 354/353/353 355/355/355 319/319/319 318/318/318
f 356/356/356 320/320/320 319/319/319 355/355/355
f 357/357/357 321/321/321 320/320/320 356/356/356
f 358/358/358 322/322/322 321/5328/321 357/5327/357
f 359/359/359 323/323/323 322/322/322 358/358/358
f 359/359/359 360/360/360 311/310/310 323/323/323
f 361/361/361 353/354/354 310/309/309 340/340/340
f 360/360/360 362/362/362 338/338/338 311/310/310
f 362/362/362 363/363/363 324/324/324 338/338/338
f 325/325/325 324/324/324 363/363/363 364/364/364
f 365/365/365 326/326/326 325/325/325 364/364/364
f 366/366/366 361/361/361 340/340/340 339/339/339
f 367/367/367 366/366/366 339/339/339 341/341/341
f 368/368/368 367/367/367 341/341/341 342/342/342
f 327/327/327 326/326/326 365/365/365 369/369/369
f 371/370/370 370/371/371 367/367/367 368/368/368
f 370/371/371 372/372/372 366/366/366 367/367/367
f 372/372/372 373/373/373 361/361/361 366/366/366
f 373/373/373 374/374/374 353/354/354 361/361/361
f 376/375/375 369/369/369 365/365/365 375/376/376
f 377/377/377 375/376/376 365/365/365 364/364/364
f 378/378/378 377/377/377 364/364/364 363/363/363
f 379/379/379 378/378/378 363/363/363 362/362/362
f 379/379/379 362/362/362 360/360/360 380/380/380
f 358/358/358 380/380/380 360/360/360 359/359/359
f 354/353/353 353/354/354 374/374/374 355/355/355
f 381/381/381 356/356/356 355/355/355 374/374/374
f 382/382/382 357/357/357 356/356/356 381/381/381
f 380/380/380 358/358/358 357/5327/357 382/5325/382
f 379/379/379 380/380/380 382/5325/382 383/5326/383
f 383/383/383 382/382/382 381/381/381 384/384/384
f 374/374/374 373/373/373 384/384/384 381/381/381
f 383/5326/383 385/5322/385 378/378/378 379/379/379
f 385/385/385 383/383/383 384/384/384 386/386/386
f 372/372/372 386/386/386 384/384/384 373/373/373
f 388/5321/387 376/375/375 375/376/376 387/5324/388
f 389/5323/389 387/5324/388 375/376/376 377/377/377
f 385/5322/385 389/5323/389 377/377/377 378/378/378
f 386/386/386 390/390/390 389/389/389 385/385/385
f 386/386/386 372/372/372 370/371/371 390/390/390
f 391/391/391 387/388/388 389/389/389 390/390/390
f 371/370/370 391/391/391 390/390/390 370/371/371
f 392/392/392 388/387/387 387/388/388 391/391/391
f 393/393/393 392/392/392 391/391/391 371/370/370
f 394/394/394 393/393/393 371/370/370 368/368/368
f 343/343/343 394/394/394 368/368/368 342/342/342
f 369/369/369 395/395/395 396/396/396 327/327/327
f 397/397/397 395/395/395 369/369/369 376/375/375
f 398/5320/398 397/397/397 376/375/375 388/5321/387
f 399/399/399 398/398/398 388/387/387 392/392/392
f 399/399/399 392/392/392 393/393/393 400/400/400
f 401/401/401 400/400/400 393/393/393 394/394/394
f 402/402/402 401/401/401 394/394/394 343/343/343
f 327/327/327 396/396/396 403/403/403 328/328/328
f 344/344/344 404/404/404 402/402/402 343/343/343
f 329/329/329 328/328/328 403/403/403 405/405/405
f 330/330/330 329/329/329 405/405/405 406/406/406
f 331/331/331 330/330/330 406/406/406 407/407/407
f 332/332/332 331/331/331 407/407/407 408/408/408
f 333/333/333 332/332/332 408/408/408 409/409/409
f 334/334/334 333/333/333 409/409/409 410/410/410
f 335/335/335 334/334/334 410/410/410 411/411/411
f 337/337/337 336/336/336 412/412/412 413/413/413
f 336/336/336 335/335/335 411/411/411 412/412/412
f 344/344/344 345/345/345 414/414/414 404/404/404
f 345/345/345 346/346/346 415/415/415 414/414/414
f 346/346/346 347/347/347 416/416/416 415/415/415
f 347/347/347 348/348/348 417/417/417 416/416/416
f 348/348/348 349/349/349 418/418/418 417/417/417
f 349/349/349 350/350/350 419/419/419 418/418/418
f 350/350/350 351/351/351 420/420/420 419/419/419
f 351/351/351 352/352/352 421/421/421 420/420/420
f 404/404/404 422/422/422 401/401/401 402/402/402
f 404/404/404 414/414/414 423/423/423 422/422/422
f 414/414/414 415/415/415 424/424/424 423/423/423
f 415/415/415 416/416/416 425/425/425 424/424/424
f 416/416/416 417/417/417 426/426/426 425/425/425
f 417/417/417 418/418/418 427/427/427 426/426/426
f 418/418/418 419/419/419 428/428/428 427/427/427
f 419/419/419 420/420/420 429/429/429 428/428/428
f 420/420/420 421/421/421 430/430/430 429/429/429
f 396/396/396 431/431/431 405/405/405 403/403/403
f 406/406/406 405/405/405 431/431/431 432/432/432
f 407/407/407 406/406/406 432/432/432 433/433/433
f 408/408/408 407/407/407 433/433/433 434/434/434
f 409/409/409 408/408/408 434/434/434 435/435/435
f 410/410/410 409/409/409 435/435/435 436/436/436
f 411/411/411 410/410/410 436/436/436 437/437/437
f 413/413/413 412/412/412 438/438/438 439/439/439
f 412/412/412 411/411/411 437/437/437 438/438/438
f 395/395/395 440/440/440 431/431/431 396/396/396
f 441/441/441 440/440/440 395/395/395 397/397/397
f 442/5319/442 441/441/441 397/397/397 398/5320/398
f 443/443/443 442/442/442 398/398/398 399/399/399
f 444/444/444 443/443/443 399/399/399 400/400/400
f 400/400/400 401/401/401 422/422/422 444/444/444
f 446/445/445 444/444/444 422/422/422 445/446/446
f 448/447/447 447/448/448 431/431/431 440/440/440
f 440/440/440 441/441/441 449/449/449 448/447/447
f 441/441/441 442/5319/442 450/5318/450 449/449/449
f 442/442/442 443/443/443 451/451/451 450/450/450
f 443/443/443 444/444/444 446/445/445 451/451/451
f 424/424/424 445/446/446 422/422/422 423/423/423
f 432/432/432 431/431/431 447/448/448 433/433/433
f 434/434/434 433/433/433 447/448/448 452/452/452
f 435/435/435 434/434/434 452/452/452 453/453/453
f 436/436/436 435/435/435 453/453/453 454/454/454
f 437/437/437 436/436/436 454/454/454 455/455/455
f 439/439/439 438/438/438 456/456/456 457/457/457
f 438/438/438 437/437/437 455/455/455 456/456/456
f 424/424/424 425/425/425 458/458/458 445/446/446
f 425/425/425 426/426/426 459/459/459 458/458/458
f 426/426/426 427/427/427 460/460/460 459/459/459
f 427/427/427 428/428/428 461/461/461 460/460/460
f 428/428/428 429/429/429 462/462/462 461/461/461
f 429/429/429 430/430/430 463/463/463 462/462/462
f 465/464/464 464/465/465 452/452/452 447/448/448
f 458/458/458 466/466/466 467/467/467 445/446/446
f 448/447/447 468/468/468 465/464/464 447/448/448
f 448/447/447 449/449/449 469/469/469 468/468/468
f 470/5317/470 469/469/469 449/449/449 450/5318/450
f 471/471/471 470/470/470 450/450/450 451/451/451
f 472/472/472 471/471/471 451/451/451 446/445/445
f 446/445/445 445/446/446 467/467/467 472/472/472
f 459/459/459 473/473/473 466/466/466 458/458/458
f 460/460/460 474/474/474 473/473/473 459/459/459
f 475/475/475 474/474/474 460/460/460 461/461/461
f 475/475/475 461/461/461 462/462/462 476/476/476
f 463/463/463 477/477/477 476/476/476 462/462/462
f 453/453/453 452/452/452 464/465/465 478/478/478
f 453/453/453 478/478/478 479/479/479 454/454/454
f 479/479/479 480/480/480 455/455/455 454/454/454
f 455/455/455 480/480/480 481/481/481 456/456/456
f 481/481/481 482/482/482 457/457/457 456/456/456
f 467/467/467 483/483/483 484/484/484 472/472/472
f 484/484/484 485/485/485 471/471/471 472/472/472
f 485/485/485 486/486/486 470/470/470 471/471/471
f 486/5316/486 487/487/487 469/469/469 470/5317/470
f 487/487/487 488/488/488 468/468/468 469/469/469
f 468/468/468 488/488/488 489/489/489 465/464/464
f 483/483/483 467/467/467 466/466/466 490/490/490
f 465/464/464 489/489/489 491/491/491 464/465/465
f 474/474/474 490/490/490 466/466/466 473/473/473
f 479/479/479 478/478/478 464/465/465 491/491/491
f 490/490/490 474/474/474 475/475/475 492/492/492
f 476/476/476 493/493/493 492/492/492 475/475/475
f 493/493/493 476/476/476 477/477/477 494/494/494
f 491/491/491 495/495/495 480/480/480 479/479/479
f 496/496/496 481/481/481 480/480/480 495/495/495
f 497/497/497 482/482/482 481/481/481 496/496/496
f 490/490/490 492/492/492 498/498/498 483/483/483
f 499/499/499 495/495/495 491/491/491 489/489/489
f 498/498/498 500/500/500 484/484/484 483/483/483
f 500/500/500 501/501/501 485/485/485 484/484/484
f 501/501/501 502/502/502 486/486/486 485/485/485
f 487/487/487 486/5316/486 502/5315/502 503/503/503
f 487/487/487 503/503/503 504/504/504 488/488/488
f 499/499/499 489/489/489 488/488/488 504/504/504
f 505/505/505 496/496/496 495/495/495 499/499/499
f 506/506/506 505/505/505 499/499/499 504/504/504
f 503/503/503 507/507/507 506/506/506 504/504/504
f 502/5315/502 508/5314/508 507/507/507 503/503/503
f 509/509/509 508/508/508 502/502/502 501/501/501
f 510/510/510 509/509/509 501/501/501 500/500/500
f 500/500/500 498/498/498 511/511/511 510/510/510
f 511/511/511 498/498/498 492/492/492 493/493/493
f 513/512/512 512/513/513 496/496/496 505/505/505
f 506/506/506 514/514/514 513/512/512 505/505/505
f 507/507/507 515/515/515 514/514/514 506/506/506
f 516/5313/516 515/515/515 507/507/507 508/5314/508
f 517/517/517 516/516/516 508/508/508 509/509/509
f 518/518/518 517/517/517 509/509/509 510/510/510
f 519/519/519 518/518/518 510/510/510 511/511/511
f 511/511/511 493/493/493 520/520/520 519/519/519
f 512/513/513 521/521/521 497/497/497 496/496/496
f 494/494/494 522/522/522 520/520/520 493/493/493
f 512/513/513 523/523/523 524/524/524 521/521/521
f 526/525/525 520/520/520 522/522/522 525/526/526
f 520/520/520 526/525/525 527/527/527 519/519/519
f 527/527/527 528/528/528 518/518/518 519/519/519
f 528/528/528 529/529/529 517/517/517 518/518/518
f 517/517/517 529/529/529 530/530/530 516/516/516
f 531/531/531 515/515/515 516/5313/516 530/5312/530
f 515/515/515 531/531/531 532/532/532 514/514/514
f 532/532/532 533/533/533 513/512/512 514/514/514
f 533/533/533 523/523/523 512/513/513 513/512/512
f 535/534/534 526/525/525 525/526/526 534/535/535
f 526/525/525 535/534/534 536/536/536 527/527/527
f 527/527/527 536/536/536 537/537/537 528/528/528
f 537/537/537 538/538/538 529/529/529 528/528/528
f 530/530/530 529/529/529 538/538/538 539/539/539
f 539/5311/539 540/540/540 531/531/531 530/5312/530
f 531/531/531 540/540/540 541/541/541 532/532/532
f 541/541/541 542/542/542 533/533/533 532/532/532
f 542/542/542 543/543/543 523/523/523 533/533/533
f 544/544/544 524/524/524 523/523/523 543/543/543
f 525/526/526 522/522/522 494/494/494 545/545/545
f 477/477/477 546/546/546 545/545/545 494/494/494
f 546/546/546 477/477/477 463/463/463 547/547/547
f 177/181/181 548/548/548 549/549/549 186/192/192
f 191/198/198 186/192/192 549/549/549 550/550/550
f 200/210/210 191/198/198 550/550/550 551/551/551
f 203/214/214 200/210/210 551/551/551 552/552/552
f 286/285/285 285/286/286 553/553/553 554/554/554
f 285/286/286 203/214/214 552/552/552 553/553/553
f 352/352/352 286/285/285 554/554/554 555/555/555
f 421/421/421 352/352/352 555/555/555 556/556/556
f 430/430/430 421/421/421 556/556/556 557/557/557
f 463/463/463 430/430/430 557/557/557 547/547/547
f 171/173/173 558/558/558 548/548/548 177/181/181
f 559/559/559 558/558/558 171/173/173 174/172/172
f 174/172/172 170/177/177 560/560/560 559/559/559
f 561/561/561 560/560/560 170/177/177 180/185/185
f 180/185/185 183/189/189 562/562/562 561/561/561
f 563/563/563 497/497/497 521/521/521 524/524/524
f 563/563/563 564/564/564 482/482/482 497/497/497
f 564/564/564 565/565/565 457/457/457 482/482/482
f 566/566/566 439/439/439 457/457/457 565/565/565
f 183/189/189 189/197/197 567/567/567 562/562/562
f 189/197/197 195/205/205 568/568/568 567/567/567
f 195/205/205 196/207/207 569/569/569 568/568/568
f 196/207/207 264/264/264 570/570/570 569/569/569
f 264/264/264 265/266/266 571/571/571 570/570/570
f 265/266/266 337/337/337 572/572/572 571/571/571
f 337/337/337 413/413/413 573/573/573 572/572/572
f 413/413/413 439/439/439 566/566/566 573/573/573
f 524/524/524 544/544/544 574/574/574 563/563/563
f 575/575/575 564/564/564 563/563/563 574/574/574
f 575/575/575 576/576/576 565/565/565 564/564/564
f 576/576/576 577/577/577 566/566/566 565/565/565
f 577/577/577 578/578/578 573/573/573 566/566/566
f 579/579/579 572/572/572 573/573/573 578/578/578
f 579/579/579 580/580/580 571/571/571 572/572/572
f 581/581/581 570/570/570 571/571/571 580/580/580
f 582/582/582 569/569/569 570/570/570 581/581/581
f 569/569/569 582/582/582 583/583/583 568/568/568
f 568/568/568 583/583/583 584/584/584 567/567/567
f 585/585/585 562/562/562 567/567/567 584/584/584
f 585/585/585 586/586/586 561/561/561 562/562/562
f 560/560/560 561/561/561 586/586/586 587/587/587
f 587/587/587 588/588/588 559/559/559 560/560/560
f 558/558/558 559/559/559 588/588/588 589/589/589
f 589/589/589 590/590/590 548/548/548 558/558/558
f 590/590/590 591/591/591 549/549/549 548/548/548
f 549/549/549 591/591/591 592/592/592 550/550/550
f 593/593/593 551/551/551 550/550/550 592/592/592
f 551/551/551 593/593/593 594/594/594 552/552/552
f 595/595/595 553/553/553 552/552/552 594/594/594
f 596/596/596 554/554/554 553/553/553 595/595/595
f 596/596/596 597/597/597 555/555/555 554/554/554
f 597/597/597 598/598/598 556/556/556 555/555/555
f 599/599/599 557/557/557 556/556/556 598/598/598
f 600/600/600 547/547/547 557/557/557 599/599/599
f 601/601/601 546/546/546 547/547/547 600/600/600
f 601/601/601 602/602/602 545/545/545 546/546/546
f 602/602/602 534/535/535 525/526/526 545/545/545
f 535/534/534 603/603/603 604/604/604 536/536/536
f 605/605/605 537/537/537 536/536/536 604/604/604
f 606/606/606 538/538/538 537/537/537 605/605/605
f 538/538/538 606/606/606 607/607/607 539/539/539
f 608/608/608 540/540/540 539/5311/539 607/5310/607
f 608/608/608 609/609/609 541/541/541 540/540/540
f 610/610/610 542/542/542 541/541/541 609/609/609
f 610/610/610 611/611/611 543/543/543 542/542/542
f 611/611/611 612/612/612 544/544/544 543/543/543
f 613/613/613 574/574/574 544/544/544 612/612/612
f 613/613/613 614/614/614 575/575/575 574/574/574
f 575/575/575 614/614/614 615/615/615 576/576/576
f 616/616/616 577/577/577 576/576/576 615/615/615
f 617/617/617 578/578/578 577/577/577 616/616/616
f 618/618/618 579/579/579 578/578/578 617/617/617
f 619/619/619 580/580/580 579/579/579 618/618/618
f 580/580/580 619/619/619 620/620/620 581/581/581
f 621/621/621 582/582/582 581/581/581 620/620/620
f 582/582/582 621/621/621 622/622/622 583/583/583
f 624/623/623 585/585/585 584/584/584 623/624/624
f 583/583/583 622/622/622 623/624/624 584/584/584
f 625/625/625 586/586/586 585/585/585 624/623/623
f 626/626/626 587/587/587 586/586/586 625/625/625
f 626/626/626 627/627/627 588/588/588 587/587/587
f 627/627/627 628/628/628 589/589/589 588/588/588
f 629/629/629 590/590/590 589/589/589 628/628/628
f 629/629/629 630/630/630 591/591/591 590/590/590
f 631/631/631 592/592/592 591/591/591 630/630/630
f 631/631/631 632/632/632 593/593/593 592/592/592
f 633/633/633 594/594/594 593/593/593 632/632/632
f 634/634/634 595/595/595 594/594/594 633/633/633
f 535/534/534 534/535/535 635/635/635 603/603/603
f 596/596/596 595/595/595 634/634/634 636/636/636
f 597/597/597 596/596/596 636/636/636 637/637/637
f 598/598/598 597/597/597 637/637/637 638/638/638
f 599/599/599 598/598/598 638/638/638 639/639/639
f 600/600/600 599/599/599 639/639/639 640/640/640
f 601/601/601 600/600/600 640/640/640 641/641/641
f 602/602/602 601/601/601 641/641/641 642/642/642
f 534/535/535 602/602/602 642/642/642 635/635/635
f 626/626/626 625/625/625 643/643/643 644/644/644
f 629/629/629 628/628/628 645/645/645 646/646/646
f 645/645/645 628/628/628 627/627/627 647/647/647
f 647/647/647 627/627/627 626/626/626 644/644/644
f 648/648/648 630/630/630 629/629/629 646/646/646
f 649/649/649 631/631/631 630/630/630 648/648/648
f 650/650/650 632/632/632 631/631/631 649/649/649
f 639/639/639 651/651/651 652/652/652 640/640/640
f 638/638/638 653/653/653 651/651/651 639/639/639
f 653/653/653 638/638/638 637/637/637 654/654/654
f 654/654/654 637/637/637 636/636/636 655/655/655
f 655/655/655 636/636/636 634/634/634 656/656/656
f 657/657/657 633/633/633 632/632/632 650/650/650
f 656/656/656 634/634/634 633/633/633 657/657/657
f 624/623/623 658/658/658 643/643/643 625/625/625
f 624/623/623 623/624/624 659/659/659 658/658/658
f 622/622/622 660/660/660 659/659/659 623/624/624
f 660/660/660 622/622/622 621/621/621 661/661/661
f 662/662/662 641/641/641 640/640/640 652/652/652
f 641/641/641 662/662/662 663/663/663 642/642/642
f 664/664/664 635/635/635 642/642/642 663/663/663
f 635/635/635 664/664/664 665/665/665 603/603/603
f 665/665/665 666/666/666 604/604/604 603/603/603
f 666/666/666 667/667/667 605/605/605 604/604/604
f 667/667/667 668/668/668 606/606/606 605/605/605
f 607/607/607 606/606/606 668/668/668 669/669/669
f 670/670/670 608/608/608 607/5310/607 669/5308/669
f 671/671/671 609/609/609 608/608/608 670/670/670
f 672/672/672 610/610/610 609/609/609 671/671/671
f 611/611/611 610/610/610 672/672/672 673/673/673
f 611/611/611 673/673/673 674/674/674 612/612/612
f 674/674/674 675/675/675 613/613/613 612/612/612
f 661/661/661 621/621/621 620/620/620 676/676/676
f 619/619/619 677/677/677 676/676/676 620/620/620
f 618/618/618 678/678/678 677/677/677 619/619/619
f 678/678/678 618/618/618 617/617/617 679/679/679
f 680/680/680 679/679/679 617/617/617 616/616/616
f 680/680/680 616/616/616 615/615/615 681/681/681
f 615/615/615 614/614/614 682/682/682 681/681/681
f 675/675/675 682/682/682 614/614/614 613/613/613
f 684/5268/683 683/5234/684 664/664/664 663/663/663
f 684/5268/683 663/663/663 662/662/662 685/5267/685
f 685/5267/685 662/662/662 652/652/652 686/5266/686
f 651/651/651 687/5265/687 686/5266/686 652/652/652
f 687/5265/687 651/651/651 653/653/653 688/5264/688
f 688/5264/688 653/653/653 654/654/654 689/5263/689
f 689/5263/689 654/654/654 655/655/655 690/5262/690
f 690/5262/690 655/655/655 656/656/656 691/5261/691
f 691/5261/691 656/656/656 657/657/657 692/5260/692
f 692/5260/692 657/657/657 650/650/650 693/5259/693
f 694/5258/694 693/5259/693 650/650/650 649/649/649
f 695/5291/695 694/5258/694 649/649/649 648/648/648
f 696/5290/696 695/5291/695 648/648/648 646/646/646
f 696/5290/696 646/646/646 645/645/645 697/5289/697
f 697/5289/697 645/645/645 647/647/647 698/5257/698
f 698/5257/698 647/647/647 644/644/644 699/5288/699
f 643/643/643 700/5287/700 699/5288/699 644/644/644
f 658/658/658 701/5256/701 700/5287/700 643/643/643
f 701/5256/701 658/658/658 659/659/659 702/5255/702
f 660/660/660 703/5254/703 702/5255/702 659/659/659
f 661/661/661 704/5253/704 703/5254/703 660/660/660
f 704/5253/704 661/661/661 676/676/676 705/5252/705
f 705/5252/705 676/676/676 677/677/677 706/5251/706
f 707/5250/707 706/5251/706 677/677/677 678/678/678
f 679/679/679 708/5249/708 707/5250/707 678/678/678
f 709/5248/709 708/5249/708 679/679/679 680/680/680
f 710/5247/710 709/5248/709 680/680/680 681/681/681
f 711/5246/711 710/5247/710 681/681/681 682/682/682
f 712/5245/712 711/5246/711 682/682/682 675/675/675
f 713/5244/713 712/5245/712 675/675/675 674/674/674
f 714/5243/714 713/5244/713 674/674/674 673/673/673
f 715/5242/715 714/5243/714 673/673/673 672/672/672
f 716/5241/716 715/5242/715 672/672/672 671/671/671
f 716/5241/716 671/671/671 670/670/670 717/5240/717
f 718/5309/718 717/5240/717 670/670/670 669/5308/669
f 719/5238/719 718/5239/718 669/669/669 668/668/668
f 720/5237/720 719/5238/719 668/668/668 667/667/667
f 721/5236/721 720/5237/720 667/667/667 666/666/666
f 722/5235/722 721/5236/721 666/666/666 665/665/665
f 683/5234/684 722/5235/722 665/665/665 664/664/664
f 724/723/723 723/724/724 721/721/721 722/5429/722
f 719/719/719 720/720/720 725/725/725 726/726/726
f 726/726/726 727/727/727 718/718/718 719/719/719
f 727/727/727 728/728/728 717/717/717 718/718/718
f 729/729/729 716/716/716 717/717/717 728/728/728
f 729/729/729 730/730/730 715/715/715 716/716/716
f 731/731/731 714/714/714 715/715/715 730/730/730
f 732/732/732 713/713/713 714/714/714 731/731/731
f 732/732/732 733/733/733 712/712/712 713/713/713
f 733/733/733 734/734/734 711/711/711 712/712/712
f 735/735/735 710/710/710 711/711/711 734/734/734
f 735/735/735 736/736/736 709/709/709 710/710/710
f 736/736/736 737/737/737 708/708/708 709/709/709
f 738/738/738 707/707/707 708/5286/708 737/5285/737
f 738/738/738 739/739/739 706/706/706 707/707/707
f 706/706/706 739/739/739 740/740/740 705/705/705
f 741/741/741 704/704/704 705/705/705 740/740/740
f 742/742/742 703/703/703 704/704/704 741/741/741
f 703/703/703 742/742/742 743/743/743 702/702/702
f 702/702/702 743/743/743 744/744/744 701/701/701
f 744/744/744 745/745/745 700/700/700 701/701/701
f 700/700/700 745/745/745 746/746/746 699/699/699
f 746/746/746 747/747/747 698/698/698 699/699/699
f 747/747/747 748/748/748 697/697/697 698/698/698
f 749/749/749 696/696/696 697/697/697 748/748/748
f 749/749/749 750/750/750 695/695/695 696/696/696
f 750/5232/750 751/751/751 694/694/694 695/5233/695
f 751/751/751 752/752/752 693/693/693 694/694/694
f 753/753/753 692/692/692 693/693/693 752/752/752
f 754/754/754 691/691/691 692/692/692 753/753/753
f 755/755/755 690/690/690 691/691/691 754/754/754
f 756/756/756 689/689/689 690/690/690 755/755/755
f 756/756/756 757/5437/757 688/688/688 689/689/689
f 687/687/687 688/5438/688 757/5442/757 758/758/758
f 758/758/758 759/759/759 686/686/686 687/687/687
f 759/759/759 760/760/760 685/685/685 686/686/686
f 760/760/760 761/761/761 684/683/683 685/685/685
f 761/761/761 762/762/762 683/684/684 684/683/683
f 722/722/722 683/684/684 762/762/762 763/763/763
f 764/5427/764 724/723/723 722/5429/722 763/5428/763
f 765/765/765 725/725/725 720/720/720 721/721/721
f 765/765/765 721/721/721 723/724/724 766/766/766
f 766/766/766 767/767/767 725/725/725 765/765/765
f 726/726/726 725/725/725 767/767/767 768/768/768
f 768/768/768 769/769/769 727/727/727 726/726/726
f 728/728/728 727/727/727 769/769/769 770/770/770
f 770/770/770 771/771/771 729/729/729 728/728/728
f 771/771/771 772/772/772 730/730/730 729/729/729
f 772/772/772 773/773/773 731/731/731 730/730/730
f 773/773/773 774/774/774 732/732/732 731/731/731
f 774/774/774 775/775/775 733/733/733 732/732/732
f 775/775/775 776/776/776 734/734/734 733/733/733
f 734/734/734 776/776/776 777/777/777 735/735/735
f 778/778/778 736/736/736 735/735/735 777/777/777
f 779/779/779 737/737/737 736/736/736 778/778/778
f 780/780/780 738/738/738 737/5285/737 779/5284/779
f 738/738/738 780/780/780 781/781/781 739/739/739
f 782/782/782 740/740/740 739/739/739 781/781/781
f 783/783/783 741/741/741 740/740/740 782/782/782
f 741/741/741 783/783/783 784/784/784 742/742/742
f 785/785/785 743/743/743 742/742/742 784/784/784
f 743/743/743 785/785/785 786/786/786 744/744/744
f 787/787/787 745/745/745 744/744/744 786/786/786
f 746/746/746 745/745/745 787/787/787 788/788/788
f 747/747/747 746/746/746 788/788/788 789/789/789
f 748/748/748 747/747/747 789/789/789 790/790/790
f 790/790/790 791/791/791 749/749/749 748/748/748
f 750/750/750 749/749/749 791/791/791 792/792/792
f 751/751/751 750/5232/750 792/5231/792 793/793/793
f 751/751/751 794/794/794 795/795/795 752/752/752
f 752/752/752 795/795/795 796/796/796 753/753/753
f 754/754/754 753/753/753 796/796/796 797/797/797
f 754/754/754 797/797/797 798/798/798 755/755/755
f 799/799/799 756/756/756 755/755/755 798/798/798
f 757/5437/757 756/756/756 799/799/799 800/800/800
f 802/5441/801 801/802/802 758/758/758 757/5442/757
f 801/802/802 803/803/803 759/759/759 758/758/758
f 803/803/803 804/804/804 760/760/760 759/759/759
f 804/804/804 805/805/805 761/761/761 760/760/760
f 805/805/805 806/806/806 762/762/762 761/761/761
f 808/807/807 807/808/808 762/762/762 806/806/806
f 810/809/809 809/810/810 801/802/802 802/5441/801
f 809/810/810 811/811/811 803/803/803 801/802/802
f 804/804/804 803/803/803 811/811/811 812/812/812
f 812/812/812 813/813/813 805/805/805 804/804/804
f 806/806/806 805/805/805 813/813/813 814/814/814
f 814/814/814 815/815/815 808/807/807 806/806/806
f 811/811/811 809/810/810 810/809/809 816/816/816
f 816/816/816 817/817/817 812/812/812 811/811/811
f 817/817/817 818/818/818 813/813/813 812/812/812
f 818/818/818 815/815/815 814/814/814 813/813/813
f 817/817/817 816/816/816 819/819/819 820/820/820
f 818/818/818 817/817/817 820/820/820 821/821/821
f 821/821/821 822/822/822 815/815/815 818/818/818
f 808/807/807 815/815/815 822/822/822 823/823/823
f 823/823/823 824/824/824 807/808/808 808/807/807
f 820/820/820 819/819/819 825/825/825 826/826/826
f 826/826/826 827/827/827 821/821/821 820/820/820
f 822/822/822 821/821/821 827/827/827 828/828/828
f 828/828/828 829/829/829 823/823/823 822/822/822
f 829/829/829 830/830/830 824/824/824 823/823/823
f 831/831/831 819/819/819 816/816/816 810/809/809
f 832/832/832 831/831/831 810/809/809 802/801/801
f 825/825/825 819/819/819 831/831/831 832/832/832
f 834/833/833 833/834/834 825/825/825 832/832/832
f 800/5436/800 833/834/834 834/833/833 757/757/757
f 802/801/801 757/757/757 834/833/833 832/832/832
f 807/808/808 835/835/835 763/763/763 762/762/762
f 824/824/824 836/836/836 835/835/835 807/808/808
f 764/764/764 763/763/763 835/835/835 836/836/836
f 836/836/836 824/824/824 830/830/830 837/837/837
f 764/764/764 836/836/836 837/837/837 838/838/838
f 724/723/723 764/5427/764 838/5426/838 839/839/839
f 839/839/839 840/840/840 723/724/724 724/723/723
f 766/766/766 723/724/724 840/840/840 841/841/841
f 841/841/841 842/842/842 767/767/767 766/766/766
f 842/842/842 843/843/843 768/768/768 767/767/767
f 843/843/843 844/844/844 769/769/769 768/768/768
f 770/770/770 769/769/769 844/844/844 845/845/845
f 845/845/845 846/846/846 771/771/771 770/770/770
f 846/846/846 847/847/847 772/772/772 771/771/771
f 847/847/847 848/848/848 773/773/773 772/772/772
f 774/774/774 773/773/773 848/848/848 849/849/849
f 849/849/849 850/850/850 775/775/775 774/774/774
f 850/850/850 851/851/851 776/776/776 775/775/775
f 851/851/851 852/852/852 777/777/777 776/776/776
f 852/852/852 853/853/853 778/778/778 777/777/777
f 853/853/853 854/854/854 779/779/779 778/778/778
f 854/5283/854 855/855/855 780/780/780 779/5284/779
f 855/855/855 856/856/856 781/781/781 780/780/780
f 782/782/782 781/781/781 856/856/856 857/857/857
f 858/858/858 783/783/783 782/782/782 857/857/857
f 783/783/783 858/858/858 859/859/859 784/784/784
f 784/784/784 859/859/859 860/860/860 785/785/785
f 785/785/785 860/860/860 861/861/861 786/786/786
f 862/862/862 787/787/787 786/786/786 861/861/861
f 862/862/862 863/863/863 788/788/788 787/787/787
f 789/789/789 788/788/788 863/863/863 864/864/864
f 864/864/864 865/865/865 790/790/790 789/789/789
f 865/865/865 866/866/866 791/791/791 790/790/790
f 866/866/866 867/867/867 792/792/792 791/791/791
f 867/5230/867 868/868/868 793/793/793 792/5231/792
f 833/834/834 800/5436/800 869/5440/869 870/870/870
f 872/871/871 800/800/800 799/799/799 871/872/872
f 871/872/872 799/799/799 798/798/798 873/873/873
f 797/797/797 874/874/874 873/873/873 798/798/798
f 875/875/875 874/874/874 797/797/797 796/796/796
f 876/876/876 875/875/875 796/796/796 795/795/795
f 794/794/794 877/877/877 876/876/876 795/795/795
f 872/871/871 871/872/872 873/873/873 878/878/878
f 874/874/874 879/879/879 878/878/878 873/873/873
f 880/880/880 879/879/879 874/874/874 875/875/875
f 881/881/881 880/880/880 875/875/875 876/876/876
f 882/882/882 881/881/881 876/876/876 877/877/877
f 883/883/883 882/882/882 877/877/877 794/794/794
f 793/793/793 883/883/883 794/794/794 751/751/751
f 878/878/878 869/869/869 800/800/800 872/871/871
f 885/884/884 884/885/885 869/869/869 878/878/878
f 886/886/886 885/884/884 878/878/878 879/879/879
f 887/887/887 886/886/886 879/879/879 880/880/880
f 888/888/888 887/887/887 880/880/880 881/881/881
f 889/889/889 888/888/888 881/881/881 882/882/882
f 793/793/793 889/889/889 882/882/882 883/883/883
f 868/868/868 890/890/890 889/889/889 793/793/793
f 888/888/888 889/889/889 890/890/890 891/891/891
f 887/887/887 888/888/888 891/891/891 892/892/892
f 892/892/892 893/893/893 886/886/886 887/887/887
f 893/893/893 894/894/894 885/884/884 886/886/886
f 894/894/894 895/895/895 884/885/885 885/884/884
f 869/5440/869 884/5439/885 895/5435/895 870/870/870
f 870/870/870 896/896/896 825/825/825 833/834/834
f 896/896/896 897/897/897 826/826/826 825/825/825
f 827/827/827 826/826/826 897/897/897 898/898/898
f 898/898/898 899/899/899 828/828/828 827/827/827
f 829/829/829 828/828/828 899/899/899 900/900/900
f 830/830/830 829/829/829 900/900/900 901/901/901
f 837/837/837 830/830/830 901/901/901 838/838/838
f 903/902/902 902/903/903 895/895/895 894/894/894
f 904/904/904 903/902/902 894/894/894 893/893/893
f 905/905/905 904/904/904 893/893/893 892/892/892
f 906/906/906 905/905/905 892/892/892 891/891/891
f 907/907/907 906/906/906 891/891/891 890/890/890
f 908/908/908 907/907/907 890/890/890 868/868/868
f 902/5434/903 909/909/909 870/870/870 895/5435/895
f 909/909/909 910/910/910 896/896/896 870/870/870
f 910/910/910 911/911/911 897/897/897 896/896/896
f 911/911/911 912/912/912 898/898/898 897/897/897
f 912/912/912 913/913/913 899/899/899 898/898/898
f 900/900/900 899/899/899 913/913/913 914/914/914
f 901/901/901 900/900/900 914/914/914 915/915/915
f 915/915/915 916/916/916 838/838/838 901/901/901
f 916/5425/916 917/917/917 839/839/839 838/5426/838
f 917/917/917 918/918/918 840/840/840 839/839/839
f 918/918/918 919/919/919 841/841/841 840/840/840
f 919/919/919 920/920/920 842/842/842 841/841/841
f 920/920/920 921/921/921 843/843/843 842/842/842
f 921/921/921 922/922/922 844/844/844 843/843/843
f 922/922/922 923/923/923 845/845/845 844/844/844
f 923/923/923 924/924/924 846/846/846 845/845/845
f 924/924/924 925/925/925 847/847/847 846/846/846
f 925/925/925 926/926/926 848/848/848 847/847/847
f 926/926/926 927/927/927 849/849/849 848/848/848
f 850/850/850 849/849/849 927/927/927 928/928/928
f 928/928/928 929/929/929 851/851/851 850/850/850
f 929/929/929 930/930/930 852/852/852 851/851/851
f 930/930/930 931/931/931 853/853/853 852/852/852
f 931/931/931 932/932/932 854/854/854 853/853/853
f 932/5282/932 933/933/933 855/855/855 854/5283/854
f 933/933/933 934/934/934 856/856/856 855/855/855
f 934/934/934 935/935/935 857/857/857 856/856/856
f 936/936/936 858/858/858 857/857/857 935/935/935
f 937/937/937 859/859/859 858/858/858 936/936/936
f 938/938/938 860/860/860 859/859/859 937/937/937
f 861/861/861 860/860/860 938/938/938 939/939/939
f 862/862/862 861/861/861 939/939/939 940/940/940
f 863/863/863 862/862/862 940/940/940 941/941/941
f 864/864/864 863/863/863 941/941/941 942/942/942
f 865/865/865 864/864/864 942/942/942 943/943/943
f 866/866/866 865/865/865 943/943/943 944/944/944
f 867/867/867 866/866/866 944/944/944 945/945/945
f 868/868/868 867/5230/867 945/5229/945 908/908/908
f 947/946/946 912/912/912 911/911/911 946/947/947
f 949/948/948 947/946/946 946/947/947 948/949/949
f 948/949/949 946/947/947 911/911/911 910/910/910
f 948/949/949 910/910/910 909/909/909 950/950/950
f 951/5432/951 950/950/950 909/909/909 902/5434/903
f 953/5431/952 949/948/948 948/949/949 952/5433/953
f 948/949/949 950/950/950 951/5432/951 952/5433/953
f 955/954/954 953/952/952 952/953/953 954/955/955
f 957/956/956 955/954/954 954/955/955 956/957/957
f 951/951/951 958/958/958 954/955/955 952/953/953
f 903/902/902 958/958/958 951/951/951 902/903/903
f 958/958/958 903/902/902 904/904/904 959/959/959
f 954/955/955 958/958/958 959/959/959 956/957/957
f 961/960/960 957/956/956 956/957/957 960/961/961
f 962/962/962 960/961/961 956/957/957 959/959/959
f 959/959/959 904/904/904 905/905/905 962/962/962
f 960/961/961 963/963/963 964/964/964 961/960/960
f 960/961/961 962/962/962 965/965/965 963/963/963
f 906/906/906 965/965/965 962/962/962 905/905/905
f 924/924/924 923/923/923 966/966/966 967/967/967
f 968/968/968 966/966/966 923/923/923 922/922/922
f 969/969/969 968/968/968 922/922/922 921/921/921
f 970/970/970 969/969/969 921/921/921 920/920/920
f 920/920/920 919/919/919 971/971/971 970/970/970
f 973/972/972 972/973/973 926/926/926 925/925/925
f 925/925/925 924/924/924 967/967/967 973/972/972
f 972/973/973 974/974/974 927/927/927 926/926/926
f 974/974/974 975/975/975 928/928/928 927/927/927
f 975/975/975 976/976/976 929/929/929 928/928/928
f 976/976/976 977/977/977 930/930/930 929/929/929
f 977/977/977 978/978/978 931/931/931 930/930/930
f 932/932/932 931/931/931 978/978/978 979/979/979
f 979/5281/979 980/980/980 933/933/933 932/5282/932
f 934/934/934 933/933/933 980/980/980 981/981/981
f 982/982/982 935/935/935 934/934/934 981/981/981
f 935/935/935 982/982/982 983/983/983 936/936/936
f 984/984/984 937/937/937 936/936/936 983/983/983
f 985/985/985 938/938/938 937/937/937 984/984/984
f 938/938/938 985/985/985 986/986/986 939/939/939
f 987/987/987 940/940/940 939/939/939 986/986/986
f 987/987/987 988/988/988 941/941/941 940/940/940
f 990/989/989 989/990/990 943/943/943 942/942/942
f 988/988/988 990/989/989 942/942/942 941/941/941
f 989/990/990 991/991/991 944/944/944 943/943/943
f 991/991/991 992/992/992 945/945/945 944/944/944
f 992/5228/992 993/993/993 908/908/908 945/5229/945
f 994/994/994 907/907/907 908/908/908 993/993/993
f 965/965/965 906/906/906 907/907/907 994/994/994
f 994/994/994 995/995/995 963/963/963 965/965/965
f 995/995/995 996/996/996 964/964/964 963/963/963
f 993/993/993 997/997/997 995/995/995 994/994/994
f 997/997/997 998/998/998 996/996/996 995/995/995
f 997/997/997 993/993/993 992/5228/992 999/5227/999
f 999/5227/999 1000/5226/1000 998/998/998 997/997/997
f 1002/1001/1001 1000/1000/1000 999/999/999 1001/1002/1002
f 1001/1002/1002 999/999/999 992/992/992 991/991/991
f 991/991/991 989/990/990 1003/1003/1003 1001/1002/1002
f 1004/1004/1004 1002/1001/1001 1001/1002/1002 1003/1003/1003
f 1006/1005/1005 1004/1004/1004 1003/1003/1003 1005/1006/1006
f 989/990/990 990/989/989 1005/1006/1006 1003/1003/1003
f 1008/1007/1007 1006/1005/1005 1005/1006/1006 1007/1008/1008
f 1007/1008/1008 1005/1006/1006 990/989/989 988/988/988
f 1010/1009/1009 1008/1007/1007 1007/1008/1008 1009/1010/1010
f 1007/1008/1008 988/988/988 987/987/987 1009/1010/1010
f 1010/1009/1009 1009/1010/1010 1011/1011/1011 1012/1012/1012
f 1009/1010/1010 987/987/987 986/986/986 1011/1011/1011
f 1011/1011/1011 986/986/986 985/985/985 1013/1013/1013
f 1013/1013/1013 1014/1014/1014 1012/1012/1012 1011/1011/1011
f 984/984/984 1015/1015/1015 1013/1013/1013 985/985/985
f 1015/1015/1015 1016/1016/1016 1014/1014/1014 1013/1013/1013
f 1016/1016/1016 1015/1015/1015 1017/1017/1017 1018/1018/1018
f 983/983/983 1017/1017/1017 1015/1015/1015 984/984/984
f 982/982/982 1019/1019/1019 1017/1017/1017 983/983/983
f 1019/1019/1019 1020/1020/1020 1018/1018/1018 1017/1017/1017
f 1019/1019/1019 982/982/982 981/981/981 1021/1021/1021
f 1021/1021/1021 1022/1022/1022 1020/1020/1020 1019/1019/1019
f 1023/1023/1023 1021/1021/1021 981/981/981 980/980/980
f 1024/1024/1024 1022/1022/1022 1021/1021/1021 1023/1023/1023
f 1025/5280/1025 1023/1023/1023 980/980/980 979/5281/979
f 1026/5279/1026 1024/1024/1024 1023/1023/1023 1025/5280/1025
f 1027/1027/1027 1025/1025/1025 979/979/979 978/978/978
f 1026/1026/1026 1025/1025/1025 1027/1027/1027 1028/1028/1028
f 1029/1029/1029 1027/1027/1027 978/978/978 977/977/977
f 1030/1030/1030 1028/1028/1028 1027/1027/1027 1029/1029/1029
f 1031/1031/1031 1029/1029/1029 977/977/977 976/976/976
f 1032/1032/1032 1030/1030/1030 1029/1029/1029 1031/1031/1031
f 976/976/976 975/975/975 1033/1033/1033 1031/1031/1031
f 975/975/975 974/974/974 1034/1034/1034 1033/1033/1033
f 1035/1035/1035 1032/1032/1032 1031/1031/1031 1033/1033/1033
f 1036/1036/1036 1034/1034/1034 974/974/974 972/973/973
f 1037/1037/1037 1036/1036/1036 972/973/973 973/972/972
f 1038/1038/1038 1037/1037/1037 973/972/972 967/967/967
f 1039/1039/1039 1038/1038/1038 967/967/967 966/966/966
f 1040/1040/1040 1039/1039/1039 966/966/966 968/968/968
f 1041/1041/1041 1040/1040/1040 968/968/968 969/969/969
f 1043/5304/1042 1042/5297/1043 970/970/970 971/971/971
f 1042/5297/1043 1044/1044/1044 969/969/969 970/970/970
f 1044/1044/1044 1045/1045/1045 1041/1041/1041 969/969/969
f 1045/1045/1045 1046/1046/1046 1040/1040/1040 1041/1041/1041
f 1046/1046/1046 1047/1047/1047 1039/1039/1039 1040/1040/1040
f 1047/1047/1047 1048/1048/1048 1038/1038/1038 1039/1039/1039
f 1048/1048/1048 1049/1049/1049 1037/1037/1037 1038/1038/1038
f 1049/1049/1049 1050/1050/1050 1036/1036/1036 1037/1037/1037
f 1050/1050/1050 1051/1051/1051 1034/1034/1034 1036/1036/1036
f 1051/1051/1051 1052/1052/1052 1033/1033/1033 1034/1034/1034
f 1052/1052/1052 1053/1053/1053 1035/1035/1035 1033/1033/1033
f 1053/1053/1053 1054/1054/1054 1055/1055/1055 1035/1035/1035
f 1035/1035/1035 1055/1055/1055 1056/1056/1056 1032/1032/1032
f 1056/1056/1056 1057/1057/1057 1030/1030/1030 1032/1032/1032
f 1055/1055/1055 1058/1058/1058 1059/1059/1059 1056/1056/1056
f 1058/1058/1058 1060/1060/1060 1061/1061/1061 1059/1059/1059
f 1063/1062/1062 1061/1061/1061 1060/1060/1060 1062/1063/1063
f 1057/1057/1057 1064/1064/1064 1028/1028/1028 1030/1030/1030
f 1064/1064/1064 1065/1065/1065 1026/1026/1026 1028/1028/1028
f 1065/5277/1065 1066/1066/1066 1024/1024/1024 1026/5279/1026
f 1066/1066/1066 1067/1067/1067 1022/1022/1022 1024/1024/1024
f 1022/1022/1022 1067/1067/1067 1068/1068/1068 1020/1020/1020
f 1069/1069/1069 1018/1018/1018 1020/1020/1020 1068/1068/1068
f 1018/1018/1018 1069/1069/1069 1070/1070/1070 1016/1016/1016
f 1071/1071/1071 1014/1014/1014 1016/1016/1016 1070/1070/1070
f 1072/1072/1072 1012/1012/1012 1014/1014/1014 1071/1071/1071
f 1073/1073/1073 1010/1009/1009 1012/1012/1012 1072/1072/1072
f 1073/1073/1073 1074/1074/1074 1008/1007/1007 1010/1009/1009
f 1006/1005/1005 1008/1007/1007 1074/1074/1074 1075/1075/1075
f 1004/1004/1004 1006/1005/1005 1075/1075/1075 1076/1076/1076
f 1076/1076/1076 1077/1077/1077 1002/1001/1001 1004/1004/1004
f 1077/1077/1077 1078/1078/1078 1000/1000/1000 1002/1001/1001
f 1000/5226/1000 1078/5225/1078 1079/5224/1079 998/998/998
f 1080/5223/1080 996/996/996 998/998/998 1079/5224/1079
f 1081/5222/1081 964/964/964 996/996/996 1080/5223/1080
f 1081/5222/1081 1082/5221/1082 961/960/960 964/964/964
f 1082/5221/1082 1083/5220/1083 957/956/956 961/960/960
f 1083/5220/1083 1084/5219/1084 955/954/954 957/956/956
f 1084/5219/1084 1085/5218/1085 953/952/952 955/954/954
f 949/948/948 953/5431/952 1085/5430/1085 1086/5217/1086
f 947/946/946 949/948/948 1086/5217/1086 1087/5216/1087
f 1087/5216/1087 1088/5215/1088 912/912/912 947/946/946
f 913/913/913 912/912/912 1088/5215/1088 1089/5214/1089
f 1089/5214/1089 1090/5213/1090 914/914/914 913/913/913
f 915/915/915 914/914/914 1090/5213/1090 1091/5212/1091
f 916/916/916 915/915/915 1091/5212/1091 1092/5211/1092
f 1092/5424/1092 1093/5306/1093 917/917/917 916/5425/916
f 918/918/918 917/917/917 1093/5306/1093 1094/5305/1094
f 1094/5305/1094 1095/5303/1095 919/919/919 918/918/918
f 1043/5304/1042 971/971/971 919/919/919 1095/5303/1095
f 1054/1054/1054 1096/1096/1096 1058/1058/1058 1055/1055/1055
f 1096/1096/1096 1097/1097/1097 1060/1060/1060 1058/1058/1058
f 1062/1063/1063 1060/1060/1060 1097/1097/1097 1098/1098/1098
f 1062/1063/1063 1099/1099/1099 1100/1100/1100 1063/1062/1062
f 1098/1098/1098 1101/1101/1101 1099/1099/1099 1062/1063/1063
f 1103/1102/1102 1081/1081/1081 1080/1080/1080 1102/1103/1103
f 1079/1079/1079 1078/1078/1078 1102/1103/1103 1080/1080/1080
f 1103/1102/1102 1104/1104/1104 1082/1082/1082 1081/1081/1081
f 1103/1102/1102 1105/1105/1105 1106/1106/1106 1104/1104/1104
f 1102/1103/1103 1107/1107/1107 1105/1105/1105 1103/1102/1102
f 1077/1077/1077 1107/1107/1107 1102/1103/1103 1078/1078/1078
f 1105/1105/1105 1108/1108/1108 1109/1109/1109 1106/1106/1106
f 1107/1107/1107 1110/1110/1110 1108/1108/1108 1105/1105/1105
f 1077/1077/1077 1076/1076/1076 1110/1110/1110 1107/1107/1107
f 1112/1111/1111 1109/1109/1109 1108/1108/1108 1111/1112/1112
f 1110/1110/1110 1113/1113/1113 1111/1112/1112 1108/1108/1108
f 1076/1076/1076 1075/1075/1075 1113/1113/1113 1110/1110/1110
f 1111/1112/1112 1114/1114/1114 1115/1115/1115 1112/1111/1111
f 1113/1113/1113 1116/1116/1116 1114/1114/1114 1111/1112/1112
f 1075/1075/1075 1074/1074/1074 1116/1116/1116 1113/1113/1113
f 1118/1117/1117 1115/1115/1115 1114/1114/1114 1117/1118/1118
f 1117/1118/1118 1114/1114/1114 1116/1116/1116 1119/1119/1119
f 1073/1073/1073 1119/1119/1119 1116/1116/1116 1074/1074/1074
f 1059/1059/1059 1061/1061/1061 1057/1057/1057 1056/1056/1056
f 1120/1120/1120 1064/1064/1064 1057/1057/1057 1061/1061/1061
f 1121/1121/1121 1120/1120/1120 1061/1061/1061 1063/1062/1062
f 1122/1122/1122 1121/1121/1121 1063/1062/1062 1100/1100/1100
f 1121/1121/1121 1122/1122/1122 1123/1123/1123 1124/5278/1124
f 1124/5278/1124 1125/5276/1125 1120/1120/1120 1121/1121/1121
f 1125/5276/1125 1065/1065/1065 1064/1064/1064 1120/1120/1120
f 1124/1124/1124 1123/5275/1123 1126/1126/1126 1127/1127/1127
f 1127/1127/1127 1128/1128/1128 1125/1125/1125 1124/1124/1124
f 1125/1125/1125 1128/1128/1128 1066/1066/1066 1065/5277/1065
f 1130/1129/1129 1129/1130/1130 1127/1127/1127 1126/1126/1126
f 1128/1128/1128 1127/1127/1127 1129/1130/1130 1131/1131/1131
f 1067/1067/1067 1066/1066/1066 1128/1128/1128 1131/1131/1131
f 1119/1119/1119 1073/1073/1073 1072/1072/1072 1132/1132/1132
f 1132/1132/1132 1072/1072/1072 1071/1071/1071 1133/1133/1133
f 1133/1133/1133 1071/1071/1071 1070/1070/1070 1134/1134/1134
f 1134/1134/1134 1070/1070/1070 1069/1069/1069 1135/1135/1135
f 1136/1136/1136 1135/1135/1135 1069/1069/1069 1068/1068/1068
f 1131/1131/1131 1136/1136/1136 1068/1068/1068 1067/1067/1067
f 1119/1119/1119 1132/1132/1132 1137/1137/1137 1117/1118/1118
f 1132/1132/1132 1133/1133/1133 1138/1138/1138 1137/1137/1137
f 1138/1138/1138 1133/1133/1133 1134/1134/1134 1139/1139/1139
f 1134/1134/1134 1135/1135/1135 1140/1140/1140 1139/1139/1139
f 1140/1140/1140 1135/1135/1135 1136/1136/1136 1141/1141/1141
f 1141/1141/1141 1136/1136/1136 1131/1131/1131 1129/1130/1130
f 1142/1142/1142 1118/1117/1117 1117/1118/1118 1137/1137/1137
f 1142/1142/1142 1137/1137/1137 1138/1138/1138 1143/1143/1143
f 1143/1143/1143 1138/1138/1138 1139/1139/1139 1144/1144/1144
f 1144/1144/1144 1139/1139/1139 1140/1140/1140 1145/1145/1145
f 1145/1145/1145 1140/1140/1140 1141/1141/1141 1146/1146/1146
f 1146/1146/1146 1141/1141/1141 1129/1130/1130 1130/1129/1129
f 1098/1098/1098 1147/1147/1147 1148/1148/1148 1101/1101/1101
f 1098/1098/1098 1097/1097/1097 1149/1149/1149 1147/1147/1147
f 1096/1096/1096 1150/1150/1150 1149/1149/1149 1097/1097/1097
f 1054/1054/1054 1151/1151/1151 1150/1150/1150 1096/1096/1096
f 1053/1053/1053 1052/1052/1052 1151/1151/1151 1054/1054/1054
f 1153/1152/1152 1148/1148/1148 1147/1147/1147 1152/1153/1153
f 1152/1153/1153 1147/1147/1147 1149/1149/1149 1154/1154/1154
f 1150/1150/1150 1155/1155/1155 1154/1154/1154 1149/1149/1149
f 1151/1151/1151 1156/1156/1156 1155/1155/1155 1150/1150/1150
f 1151/1151/1151 1052/1052/1052 1051/1051/1051 1156/1156/1156
f 1152/1153/1153 1157/1157/1157 1158/1158/1158 1153/1152/1152
f 1157/1157/1157 1152/1153/1153 1154/1154/1154 1159/1159/1159
f 1159/1159/1159 1154/1154/1154 1155/1155/1155 1160/1160/1160
f 1160/1160/1160 1155/1155/1155 1156/1156/1156 1161/1161/1161
f 1050/1050/1050 1161/1161/1161 1156/1156/1156 1051/1051/1051
f 1050/1050/1050 1049/1049/1049 1162/1162/1162 1161/1161/1161
f 1163/1163/1163 1160/1160/1160 1161/1161/1161 1162/1162/1162
f 1160/1160/1160 1163/1163/1163 1164/1164/1164 1159/1159/1159
f 1157/1157/1157 1159/1159/1159 1164/1164/1164 1158/1158/1158
f 1166/5296/1165 1165/1166/1166 1049/1049/1049 1048/1048/1048
f 1165/1166/1166 1167/1167/1167 1162/1162/1162 1049/1049/1049
f 1168/5302/1168 1166/5296/1165 1048/1048/1048 1047/1047/1047
f 1169/5301/1169 1168/5302/1168 1047/1047/1047 1046/1046/1046
f 1170/5300/1170 1169/5301/1169 1046/1046/1046 1045/1045/1045
f 1171/5299/1171 1170/5300/1170 1045/1045/1045 1044/1044/1044
f 1172/5298/1172 1171/5299/1171 1044/1044/1044 1042/5297/1043
f 1173/1173/1173 1172/1172/1172 1042/1043/1043 1043/1042/1042
f 1174/1174/1174 1173/1173/1173 1043/1042/1042 1095/1095/1095
f 1175/1175/1175 1174/1174/1174 1095/1095/1095 1094/1094/1094
f 1176/1176/1176 1175/1175/1175 1094/1094/1094 1093/1093/1093
f 1177/5210/1177 1176/1176/1176 1093/1093/1093 1092/5307/1092
f 1177/1177/1177 1092/1092/1092 1178/1178/1178 1179/1179/1179
f 1180/1180/1180 1178/1178/1178 1092/1092/1092 1091/1091/1091
f 1091/1091/1091 1090/1090/1090 1181/1181/1181 1180/1180/1180
f 1183/1182/1182 1182/1183/1183 1090/1090/1090 1089/1089/1089
f 1184/1184/1184 1181/1181/1181 1090/1090/1090 1182/1183/1183
f 1185/1185/1185 1183/1182/1182 1089/1089/1089 1088/1088/1088
f 1187/1186/1186 1185/1185/1185 1088/1088/1088 1186/1187/1187
f 1188/1188/1188 1186/1187/1187 1088/1088/1088 1087/1087/1087
f 1189/1189/1189 1188/1188/1188 1087/1087/1087 1086/1086/1086
f 1085/1085/1085 1190/1190/1190 1189/1189/1189 1086/1086/1086
f 1191/1191/1191 1190/1190/1190 1085/1085/1085 1084/1084/1084
f 1192/1192/1192 1191/1191/1191 1084/1084/1084 1083/1083/1083
f 1193/1193/1193 1192/1192/1192 1083/1083/1083 1082/1082/1082
f 1194/1194/1194 1193/1193/1193 1082/1082/1082 1104/1104/1104
f 1104/1104/1104 1106/1106/1106 1195/1195/1195 1194/1194/1194
f 1196/1196/1196 1195/1195/1195 1106/1106/1106 1109/1109/1109
f 1197/1197/1197 1196/1196/1196 1109/1109/1109 1112/1111/1111
f 1112/1111/1111 1115/1115/1115 1198/1198/1198 1197/1197/1197
f 1118/1117/1117 1199/1199/1199 1198/1198/1198 1115/1115/1115
f 1200/1200/1200 1199/1199/1199 1118/1117/1117 1142/1142/1142
f 1143/1143/1143 1201/1201/1201 1200/1200/1200 1142/1142/1142
f 1144/1144/1144 1202/1202/1202 1201/1201/1201 1143/1143/1143
f 1145/1145/1145 1203/1203/1203 1202/1202/1202 1144/1144/1144
f 1146/1146/1146 1204/1204/1204 1203/1203/1203 1145/1145/1145
f 1130/1129/1129 1205/1205/1205 1204/1204/1204 1146/1146/1146
f 1126/1126/1126 1206/1206/1206 1205/1205/1205 1130/1129/1129
f 1123/5275/1123 1207/1207/1207 1206/1206/1206 1126/1126/1126
f 1123/1123/1123 1122/1122/1122 1100/1100/1100 1207/5274/1207
f 1099/1099/1099 1208/5273/1208 1207/5274/1207 1100/1100/1100
f 1209/5272/1209 1208/5273/1208 1099/1099/1099 1101/1101/1101
f 1101/1101/1101 1210/1210/1210 1211/5271/1211 1209/5272/1209
f 1210/1210/1210 1101/1101/1101 1148/1148/1148 1212/1212/1212
f 1212/1212/1212 1213/5270/1213 1211/5271/1211 1210/1210/1210
f 1214/1214/1214 1212/1212/1212 1148/1148/1148 1153/1152/1152
f 1214/1214/1214 1215/5138/1215 1213/5270/1213 1212/1212/1212
f 1216/1216/1216 1214/1214/1214 1153/1152/1152 1158/1158/1158
f 1214/1214/1214 1216/1216/1216 1217/5139/1217 1215/5138/1215
f 1219/1218/1218 1216/1216/1216 1158/1158/1158 1218/1219/1219
f 1220/1220/1220 1218/1219/1219 1158/1158/1158 1164/1164/1164
f 1221/1221/1221 1220/1220/1220 1164/1164/1164 1163/1163/1163
f 1167/1167/1167 1221/1221/1221 1163/1163/1163 1162/1162/1162
f 1216/1216/1216 1219/1218/1218 1222/1222/1222 1217/5139/1217
f 1218/1219/1219 1223/1223/1223 1224/1224/1224 1219/1218/1218
f 1218/1219/1219 1220/1220/1220 1225/1225/1225 1223/1223/1223
f 1226/1226/1226 1225/1225/1225 1220/1220/1220 1221/1221/1221
f 1226/1226/1226 1221/1221/1221 1167/1167/1167 1227/1227/1227
f 1165/1166/1166 1228/1228/1228 1227/1227/1227 1167/1167/1167
f 1228/1228/1228 1165/1166/1166 1166/5296/1165 1229/5295/1229
f 1230/1230/1230 1229/1229/1229 1166/1165/1165 1168/1168/1168
f 1231/1231/1231 1230/1230/1230 1168/1168/1168 1169/1169/1169
f 1232/1232/1232 1231/1231/1231 1169/1169/1169 1170/1170/1170
f 1233/1233/1233 1232/1232/1232 1170/1170/1170 1171/1171/1171
f 1234/1234/1234 1233/1233/1233 1171/1171/1171 1172/1172/1172
f 1235/1235/1235 1234/1234/1234 1172/1172/1172 1173/1173/1173
f 1173/1173/1173 1174/1174/1174 1236/1236/1236 1235/1235/1235
f 1174/1174/1174 1175/1175/1175 1237/1237/1237 1236/1236/1236
f 1176/1176/1176 1238/1238/1238 1237/1237/1237 1175/1175/1175
f 1238/1238/1238 1176/1176/1176 1177/5210/1177 1239/5209/1239
f 1239/1239/1239 1177/1177/1177 1179/1179/1179 1240/1240/1240
f 1241/1241/1241 1240/1240/1240 1179/1179/1179 1178/1178/1178
f 1242/1242/1242 1241/1241/1241 1178/1178/1178 1180/1180/1180
f 1180/1180/1180 1181/1181/1181 1243/1243/1243 1242/1242/1242
f 1243/1243/1243 1181/1181/1181 1184/1184/1184 1244/1244/1244
f 1245/1245/1245 1184/1184/1184 1182/1183/1183 1183/1182/1182
f 1245/1245/1245 1246/1246/1246 1244/1244/1244 1184/1184/1184
f 1185/1185/1185 1247/1247/1247 1245/1245/1245 1183/1182/1182
f 1246/1246/1246 1245/1245/1245 1247/1247/1247 1248/1248/1248
f 1248/1248/1248 1247/1247/1247 1249/1249/1249 1250/1250/1250
f 1247/1247/1247 1185/1185/1185 1187/1186/1186 1249/1249/1249
f 1251/1251/1251 1223/1223/1223 1225/1225/1225 1226/1226/1226
f 1252/1252/1252 1224/1224/1224 1223/1223/1223 1251/1251/1251
f 1227/1227/1227 1253/1253/1253 1251/1251/1251 1226/1226/1226
f 1228/1228/1228 1254/1254/1254 1253/1253/1253 1227/1227/1227
f 1229/5295/1229 1255/5292/1255 1254/1254/1254 1228/1228/1228
f 1229/1229/1229 1230/1230/1230 1256/1256/1256 1255/1255/1255
f 1257/1257/1257 1256/1256/1256 1230/1230/1230 1231/1231/1231
f 1258/1258/1258 1257/1257/1257 1231/1231/1231 1232/1232/1232
f 1259/1259/1259 1258/1258/1258 1232/1232/1232 1233/1233/1233
f 1233/1233/1233 1234/1234/1234 1260/1260/1260 1259/1259/1259
f 1261/1261/1261 1260/1260/1260 1234/1234/1234 1235/1235/1235
f 1262/1262/1262 1261/1261/1261 1235/1235/1235 1236/1236/1236
f 1263/1263/1263 1262/1262/1262 1236/1236/1236 1237/1237/1237
f 1264/1264/1264 1263/1263/1263 1237/1237/1237 1238/1238/1238
f 1264/1264/1264 1238/1238/1238 1239/5209/1239 1265/5208/1265
f 1240/1240/1240 1266/1266/1266 1265/1265/1265 1239/1239/1239
f 1267/1267/1267 1266/1266/1266 1240/1240/1240 1241/1241/1241
f 1268/1268/1268 1267/1267/1267 1241/1241/1241 1242/1242/1242
f 1269/1269/1269 1268/1268/1268 1242/1242/1242 1243/1243/1243
f 1244/1244/1244 1270/1270/1270 1269/1269/1269 1243/1243/1243
f 1271/1271/1271 1270/1270/1270 1244/1244/1244 1246/1246/1246
f 1271/1271/1271 1246/1246/1246 1248/1248/1248 1272/1272/1272
f 1250/1250/1250 1273/1273/1273 1272/1272/1272 1248/1248/1248
f 1275/1274/1274 1273/1273/1273 1250/1250/1250 1274/1275/1275
f 1274/1275/1275 1250/1250/1250 1249/1249/1249 1276/1276/1276
f 1276/1276/1276 1249/1249/1249 1187/1186/1186 1186/1187/1187
f 1186/1187/1187 1188/1188/1188 1277/1277/1277 1276/1276/1276
f 1278/1278/1278 1277/1277/1277 1188/1188/1188 1189/1189/1189
f 1278/1278/1278 1189/1189/1189 1190/1190/1190 1279/1279/1279
f 1279/1279/1279 1190/1190/1190 1191/1191/1191 1280/1280/1280
f 1280/1280/1280 1191/1191/1191 1192/1192/1192 1281/1281/1281
f 1282/1282/1282 1281/1281/1281 1192/1192/1192 1193/1193/1193
f 1283/1283/1283 1282/1282/1282 1193/1193/1193 1194/1194/1194
f 1284/1284/1284 1283/1283/1283 1194/1194/1194 1195/1195/1195
f 1195/1195/1195 1196/1196/1196 1285/1285/1285 1284/1284/1284
f 1286/1286/1286 1285/1285/1285 1196/1196/1196 1197/1197/1197
f 1198/1198/1198 1287/1287/1287 1286/1286/1286 1197/1197/1197
f 1287/1287/1287 1198/1198/1198 1199/1199/1199 1288/1288/1288
f 1288/1288/1288 1199/1199/1199 1200/1200/1200 1289/1289/1289
f 1289/1289/1289 1200/1200/1200 1201/1201/1201 1290/1290/1290
f 1290/1290/1290 1201/1201/1201 1202/1202/1202 1291/1291/1291
f 1203/1203/1203 1292/1292/1292 1291/1291/1291 1202/1202/1202
f 1204/1204/1204 1293/1293/1293 1292/1292/1292 1203/1203/1203
f 1205/1205/1205 1294/1294/1294 1293/1293/1293 1204/1204/1204
f 1294/1294/1294 1205/1205/1205 1206/1206/1206 1207/1207/1207
f 1208/1208/1208 1295/1295/1295 1294/1294/1294 1207/1207/1207
f 1296/1296/1296 1295/1295/1295 1208/1208/1208 1209/1209/1209
f 1297/1297/1297 1296/1296/1296 1209/1209/1209 1211/1211/1211
f 1298/1298/1298 1297/1297/1297 1211/1211/1211 1213/1213/1213
f 1299/5119/1299 1298/1298/1298 1213/1213/1213 1215/5269/1215
f 1300/1300/1300 1299/1299/1299 1215/1215/1215 1217/1217/1217
f 1301/1301/1301 1300/1300/1300 1217/1217/1217 1222/5137/1222
f 1303/1302/1302 1301/1301/1301 1222/5137/1222 1302/5136/1303
f 1302/1303/1303 1222/1222/1222 1219/1218/1218 1224/1224/1224
f 1302/5136/1303 1304/5135/1304 1305/1305/1305 1303/1302/1302
f 1252/1252/1252 1304/1304/1304 1302/1303/1303 1224/1224/1224
f 1304/5135/1304 1306/5134/1306 1307/1307/1307 1305/1305/1305
f 1308/1308/1308 1306/1306/1306 1304/1304/1304 1252/1252/1252
f 1253/1253/1253 1308/1308/1308 1252/1252/1252 1251/1251/1251
f 1310/1309/1309 1307/1307/1307 1306/5134/1306 1309/5133/1310
f 1306/1306/1306 1308/1308/1308 1311/1311/1311 1309/1310/1310
f 1308/1308/1308 1253/1253/1253 1254/1254/1254 1311/1311/1311
f 1313/5131/1312 1310/1309/1309 1309/5133/1310 1312/5132/1313
f 1312/5294/1313 1309/1310/1310 1311/1311/1311 1314/5293/1314
f 1311/1311/1311 1254/1254/1254 1255/5292/1255 1314/5293/1314
f 1312/1313/1313 1315/1315/1315 1316/1316/1316 1313/1312/1312
f 1314/1314/1314 1317/1317/1317 1315/1315/1315 1312/1313/1313
f 1256/1256/1256 1317/1317/1317 1314/1314/1314 1255/1255/1255
f 1319/1318/1318 1316/1316/1316 1315/1315/1315 1318/1319/1319
f 1318/1319/1319 1315/1315/1315 1317/1317/1317 1320/1320/1320
f 1320/1320/1320 1317/1317/1317 1256/1256/1256 1257/1257/1257
f 1318/1319/1319 1321/1321/1321 1322/1322/1322 1319/1318/1318
f 1321/1321/1321 1318/1319/1319 1320/1320/1320 1323/1323/1323
f 1323/1323/1323 1320/1320/1320 1257/1257/1257 1258/1258/1258
f 1321/1321/1321 1324/1324/1324 1325/1325/1325 1322/1322/1322
f 1324/1324/1324 1321/1321/1321 1323/1323/1323 1326/1326/1326
f 1258/1258/1258 1259/1259/1259 1326/1326/1326 1323/1323/1323
f 1328/1327/1327 1325/1325/1325 1324/1324/1324 1327/1328/1328
f 1326/1326/1326 1329/1329/1329 1327/1328/1328 1324/1324/1324
f 1329/1329/1329 1326/1326/1326 1259/1259/1259 1260/1260/1260
f 1327/1328/1328 1330/1330/1330 1331/1331/1331 1328/1327/1327
f 1260/1260/1260 1261/1261/1261 1332/1332/1332 1329/1329/1329
f 1330/1330/1330 1327/1328/1328 1329/1329/1329 1332/1332/1332
f 1261/1261/1261 1333/1333/1333 1334/1334/1334 1332/1332/1332
f 1335/1335/1335 1333/1333/1333 1261/1261/1261 1262/1262/1262
f 1336/1336/1336 1335/1335/1335 1262/1262/1262 1263/1263/1263
f 1337/1337/1337 1330/1330/1330 1332/1332/1332 1334/1334/1334
f 1330/1330/1330 1337/1337/1337 1338/1338/1338 1331/1331/1331
f 1339/1339/1339 1336/1336/1336 1263/1263/1263 1264/1264/1264
f 1340/5206/1340 1339/1339/1339 1264/1264/1264 1265/5208/1265
f 1266/1266/1266 1341/1341/1341 1340/1340/1340 1265/1265/1265
f 1342/1342/1342 1341/1341/1341 1266/1266/1266 1267/1267/1267
f 1267/1267/1267 1268/1268/1268 1343/1343/1343 1342/1342/1342
f 1268/1268/1268 1269/1269/1269 1344/1344/1344 1343/1343/1343
f 1270/1270/1270 1345/1345/1345 1344/1344/1344 1269/1269/1269
f 1346/1346/1346 1345/1345/1345 1270/1270/1270 1271/1271/1271
f 1272/1272/1272 1347/1347/1347 1346/1346/1346 1271/1271/1271
f 1348/1348/1348 1347/1347/1347 1272/1272/1272 1273/1273/1273
f 1349/1349/1349 1348/1348/1348 1273/1273/1273 1275/1274/1274
f 1350/1350/1350 1334/1334/1334 1333/1333/1333 1335/1335/1335
f 1337/1337/1337 1334/1334/1334 1350/1350/1350 1338/1338/1338
f 1351/1351/1351 1350/1350/1350 1335/1335/1335 1336/1336/1336
f 1351/1351/1351 1352/1352/1352 1338/1338/1338 1350/1350/1350
f 1336/1336/1336 1353/5167/1353 1354/5168/1354 1351/1351/1351
f 1354/5168/1354 1355/5141/1355 1352/1352/1352 1351/1351/1351
f 1356/1356/1356 1353/5167/1353 1336/1336/1336 1339/1339/1339
f 1357/5207/1357 1356/1356/1356 1339/1339/1339 1340/5206/1340
f 1340/1340/1340 1341/1341/1341 1358/5164/1358 1357/5165/1357
f 1359/5163/1359 1358/5164/1358 1341/1341/1341 1342/1342/1342
f 1360/5162/1360 1359/5163/1359 1342/1342/1342 1343/1343/1343
f 1361/5161/1361 1360/5162/1360 1343/1343/1343 1344/1344/1344
f 1345/1345/1345 1362/5160/1362 1361/5161/1361 1344/1344/1344
f 1363/5159/1363 1362/5160/1362 1345/1345/1345 1346/1346/1346
f 1347/1347/1347 1364/5158/1364 1363/5159/1363 1346/1346/1346
f 1365/1365/1365 1364/5158/1364 1347/1347/1347 1348/1348/1348
f 1366/1366/1366 1365/1365/1365 1348/1348/1348 1349/1349/1349
f 1355/1355/1355 1354/1354/1354 1367/1367/1367 1368/1368/1368
f 1367/1367/1367 1354/1354/1354 1353/1353/1353 1369/1369/1369
f 1356/5166/1356 1357/1357/1357 1369/1369/1369 1353/1353/1353
f 1371/5156/1370 1365/1365/1365 1366/1366/1366 1370/1371/1371
f 1370/1371/1371 1372/1372/1372 1373/5155/1373 1371/5156/1370
f 1375/5154/1374 1373/5155/1373 1372/1372/1372 1374/1375/1375
f 1377/5153/1376 1375/5154/1374 1374/1375/1375 1376/1377/1377
f 1376/1377/1377 1378/1378/1378 1379/5152/1379 1377/5153/1376
f 1381/5151/1380 1379/5152/1379 1378/1378/1378 1380/1381/1381
f 1383/5150/1382 1381/5151/1380 1380/1381/1381 1382/1383/1383
f 1382/5149/1383 1384/5148/1384 1385/1385/1385 1383/1382/1382
f 1387/1386/1386 1385/1385/1385 1384/5148/1384 1386/5147/1387
f 1389/5455/1388 1387/1386/1386 1386/5147/1387 1388/5146/1389
f 1391/1390/1390 1389/1388/1388 1388/5456/1389 1390/5145/1391
f 1393/1392/1392 1391/1390/1390 1390/5145/1391 1392/5144/1393
f 1395/1394/1394 1393/1392/1392 1392/5144/1393 1394/5143/1395
f 1397/1396/1396 1395/1394/1394 1394/5143/1395 1396/5142/1397
f 1399/1398/1398 1397/1396/1396 1396/5142/1397 1398/5140/1399
f 1368/1368/1368 1399/1398/1398 1398/5140/1399 1355/1355/1355
f 1365/5157/1365 1371/1370/1370 1400/1400/1400 1364/1364/1364
f 1401/1401/1401 1400/1400/1400 1371/1370/1370 1373/1373/1373
f 1402/1402/1402 1401/1401/1401 1373/1373/1373 1375/1374/1374
f 1403/1403/1403 1402/1402/1402 1375/1374/1374 1377/1376/1376
f 1404/1404/1404 1403/1403/1403 1377/1376/1376 1379/1379/1379
f 1379/1379/1379 1381/1380/1380 1405/1405/1405 1404/1404/1404
f 1406/1406/1406 1405/1405/1405 1381/1380/1380 1383/1382/1382
f 1408/1407/1407 1383/1382/1382 1385/1385/1385 1407/1408/1408
f 1406/1406/1406 1383/1382/1382 1408/1407/1407 1409/1409/1409
f 1410/1410/1410 1407/1408/1408 1385/1385/1385 1387/1386/1386
f 1411/5454/1411 1410/1410/1410 1387/1386/1386 1389/5455/1388
f 1412/1412/1412 1411/1411/1411 1389/1388/1388 1391/1390/1390
f 1413/1413/1413 1412/1412/1412 1391/1390/1390 1393/1392/1392
f 1414/1414/1414 1413/1413/1413 1393/1392/1392 1395/1394/1394
f 1415/1415/1415 1414/1414/1414 1395/1394/1394 1397/1396/1396
f 1397/1396/1396 1399/1398/1398 1416/1416/1416 1415/1415/1415
f 1368/1368/1368 1417/1417/1417 1416/1416/1416 1399/1398/1398
f 1417/1417/1417 1368/1368/1368 1367/1367/1367 1418/1418/1418
f 1369/1369/1369 1419/1419/1419 1418/1418/1418 1367/1367/1367
f 1357/1357/1357 1420/1420/1420 1419/1419/1419 1369/1369/1369
f 1420/1420/1420 1357/1357/1357 1358/1358/1358 1421/1421/1421
f 1422/1422/1422 1421/1421/1421 1358/1358/1358 1359/1359/1359
f 1423/1423/1423 1422/1422/1422 1359/1359/1359 1360/1360/1360
f 1424/1424/1424 1363/1363/1363 1364/1364/1364 1400/1400/1400
f 1424/1424/1424 1425/1425/1425 1362/1362/1362 1363/1363/1363
f 1362/1362/1362 1425/1425/1425 1426/1426/1426 1361/1361/1361
f 1426/1426/1426 1423/1423/1423 1360/1360/1360 1361/1361/1361
f 1427/1427/1427 1424/1424/1424 1400/1400/1400 1401/1401/1401
f 1428/1428/1428 1427/1427/1427 1401/1401/1401 1402/1402/1402
f 1429/1429/1429 1428/1428/1428 1402/1402/1402 1403/1403/1403
f 1430/1430/1430 1429/1429/1429 1403/1403/1403 1404/1404/1404
f 1431/1431/1431 1430/1430/1430 1404/1404/1404 1405/1405/1405
f 1432/1432/1432 1431/1431/1431 1405/1405/1405 1406/1406/1406
f 1432/1432/1432 1406/1406/1406 1409/1409/1409 1433/1433/1433
f 1409/1409/1409 1408/1407/1407 1434/1434/1434 1433/1433/1433
f 1434/1434/1434 1408/1407/1407 1407/1408/1408 1435/1435/1435
f 1436/1436/1436 1435/1435/1435 1407/1408/1408 1410/1410/1410
f 1436/1436/1436 1410/1410/1410 1411/5454/1411 1437/5453/1437
f 1438/1438/1438 1437/1437/1437 1411/1411/1411 1412/1412/1412
f 1412/1412/1412 1413/1413/1413 1439/1439/1439 1438/1438/1438
f 1440/1440/1440 1439/1439/1439 1413/1413/1413 1414/1414/1414
f 1442/1441/1441 1441/1442/1442 1414/1414/1414 1415/1415/1415
f 1441/1442/1442 1443/1443/1443 1440/1440/1440 1414/1414/1414
f 1416/1416/1416 1444/1444/1444 1442/1441/1441 1415/1415/1415
f 1417/1417/1417 1445/1445/1445 1444/1444/1444 1416/1416/1416
f 1418/1418/1418 1446/1446/1446 1445/1445/1445 1417/1417/1417
f 1419/1419/1419 1447/1447/1447 1446/1446/1446 1418/1418/1418
f 1447/1447/1447 1419/1419/1419 1420/1420/1420 1448/1448/1448
f 1448/1448/1448 1420/1420/1420 1421/1421/1421 1449/1449/1449
f 1449/1449/1449 1421/1421/1421 1422/1422/1422 1450/1450/1450
f 1422/1422/1422 1423/1423/1423 1451/1451/1451 1450/1450/1450
f 1452/1452/1452 1451/1451/1451 1423/1423/1423 1426/1426/1426
f 1425/1425/1425 1453/1453/1453 1452/1452/1452 1426/1426/1426
f 1424/1424/1424 1427/1427/1427 1453/1453/1453 1425/1425/1425
f 1428/1428/1428 1454/1454/1454 1453/1453/1453 1427/1427/1427
f 1454/1454/1454 1455/1455/1455 1452/1452/1452 1453/1453/1453
f 1455/1455/1455 1456/1456/1456 1451/1451/1451 1452/1452/1452
f 1456/1456/1456 1457/1457/1457 1450/1450/1450 1451/1451/1451
f 1458/1458/1458 1449/1449/1449 1450/1450/1450 1457/1457/1457
f 1459/1459/1459 1448/1448/1448 1449/1449/1449 1458/1458/1458
f 1460/1460/1460 1447/1447/1447 1448/1448/1448 1459/1459/1459
f 1445/1445/1445 1446/1446/1446 1447/1447/1447 1460/1460/1460
f 1460/1460/1460 1461/1461/1461 1444/1444/1444 1445/1445/1445
f 1442/1441/1441 1444/1444/1444 1461/1461/1461 1462/1462/1462
f 1463/1463/1463 1441/1442/1442 1442/1441/1441 1462/1462/1462
f 1463/1463/1463 1464/1464/1464 1443/1443/1443 1441/1442/1442
f 1429/1429/1429 1465/1465/1465 1454/1454/1454 1428/1428/1428
f 1466/1466/1466 1455/1455/1455 1454/1454/1454 1465/1465/1465
f 1467/1467/1467 1456/1456/1456 1455/1455/1455 1466/1466/1466
f 1467/1467/1467 1468/1468/1468 1457/1457/1457 1456/1456/1456
f 1468/1468/1468 1469/1469/1469 1458/1458/1458 1457/1457/1457
f 1470/1470/1470 1459/1459/1459 1458/1458/1458 1469/1469/1469
f 1471/1471/1471 1460/1460/1460 1459/1459/1459 1470/1470/1470
f 1471/1471/1471 1472/1472/1472 1461/1461/1461 1460/1460/1460
f 1472/1472/1472 1473/1473/1473 1462/1462/1462 1461/1461/1461
f 1462/1462/1462 1473/1473/1473 1474/1474/1474 1463/1463/1463
f 1473/1473/1473 1472/1472/1472 1475/1475/1475 1474/1474/1474
f 1471/1471/1471 1476/1476/1476 1475/1475/1475 1472/1472/1472
f 1470/1470/1470 1477/1477/1477 1476/1476/1476 1471/1471/1471
f 1469/1469/1469 1478/1478/1478 1477/1477/1477 1470/1470/1470
f 1478/1478/1478 1469/1469/1469 1468/1468/1468 1479/1479/1479
f 1480/1480/1480 1479/1479/1479 1468/1468/1468 1467/1467/1467
f 1480/1480/1480 1467/1467/1467 1466/1466/1466 1481/1481/1481
f 1466/1466/1466 1465/1465/1465 1482/1482/1482 1481/1481/1481
f 1484/1483/1483 1483/1484/1484 1429/1429/1429 1430/1430/1430
f 1482/1482/1482 1465/1465/1465 1429/1429/1429 1483/1484/1484
f 1485/1485/1485 1484/1483/1483 1430/1430/1430 1431/1431/1431
f 1486/1486/1486 1485/1485/1485 1431/1431/1431 1432/1432/1432
f 1487/1487/1487 1486/1486/1486 1432/1432/1432 1433/1433/1433
f 1464/1464/1464 1463/1463/1463 1474/1474/1474 1488/1488/1488
f 1475/1475/1475 1489/1489/1489 1488/1488/1488 1474/1474/1474
f 1489/1489/1489 1475/1475/1475 1476/1476/1476 1490/1490/1490
f 1477/1477/1477 1491/1491/1491 1490/1490/1490 1476/1476/1476
f 1478/1478/1478 1492/1492/1492 1491/1491/1491 1477/1477/1477
f 1479/1479/1479 1493/1493/1493 1492/1492/1492 1478/1478/1478
f 1494/1494/1494 1493/1493/1493 1479/1479/1479 1480/1480/1480
f 1494/1494/1494 1480/1480/1480 1481/1481/1481 1495/1495/1495
f 1496/1496/1496 1495/1495/1495 1481/1481/1481 1482/1482/1482
f 1484/1483/1483 1496/1496/1496 1482/1482/1482 1483/1484/1484
f 1497/1497/1497 1496/1496/1496 1484/1483/1483 1485/1485/1485
f 1498/1498/1498 1495/1495/1495 1496/1496/1496 1497/1497/1497
f 1499/1499/1499 1497/1497/1497 1485/1485/1485 1486/1486/1486
f 1498/1498/1498 1500/1500/1500 1494/1494/1494 1495/1495/1495
f 1500/1500/1500 1501/1501/1501 1493/1493/1493 1494/1494/1494
f 1502/1502/1502 1492/1492/1492 1493/1493/1493 1501/1501/1501
f 1492/1492/1492 1502/1502/1502 1503/1503/1503 1491/1491/1491
f 1503/1503/1503 1504/1504/1504 1490/1490/1490 1491/1491/1491
f 1504/1504/1504 1505/1505/1505 1489/1489/1489 1490/1490/1490
f 1505/1505/1505 1506/1506/1506 1488/1488/1488 1489/1489/1489
f 1506/1506/1506 1507/1507/1507 1464/1464/1464 1488/1488/1488
f 1507/1507/1507 1508/1508/1508 1443/1443/1443 1464/1464/1464
f 1508/1508/1508 1509/1509/1509 1440/1440/1440 1443/1443/1443
f 1509/1509/1509 1510/1510/1510 1439/1439/1439 1440/1440/1440
f 1510/1510/1510 1511/1511/1511 1438/1438/1438 1439/1439/1439
f 1437/1437/1437 1438/1438/1438 1511/1511/1511 1512/1512/1512
f 1512/5452/1512 1513/1513/1513 1436/1436/1436 1437/5453/1437
f 1513/1513/1513 1514/1514/1514 1435/1435/1435 1436/1436/1436
f 1515/1515/1515 1434/1434/1434 1435/1435/1435 1514/1514/1514
f 1515/1515/1515 1516/1516/1516 1433/1433/1433 1434/1434/1434
f 1517/1517/1517 1487/1487/1487 1433/1433/1433 1516/1516/1516
f 1518/1518/1518 1499/1499/1499 1486/1486/1486 1487/1487/1487
f 1519/1519/1519 1518/1518/1518 1487/1487/1487 1517/1517/1517
f 1520/1520/1520 1498/1498/1498 1497/1497/1497 1499/1499/1499
f 1520/1520/1520 1499/1499/1499 1518/1518/1518 1521/1521/1521
f 1518/1518/1518 1519/1519/1519 1522/1522/1522 1521/1521/1521
f 1520/1520/1520 1523/1523/1523 1500/1500/1500 1498/1498/1498
f 1523/1523/1523 1520/1520/1520 1521/1521/1521 1524/1524/1524
f 1521/1521/1521 1522/1522/1522 1525/1525/1525 1524/1524/1524
f 1501/1501/1501 1500/1500/1500 1523/1523/1523 1526/1526/1526
f 1524/1524/1524 1527/1527/1527 1526/1526/1526 1523/1523/1523
f 1524/1524/1524 1525/1525/1525 1528/1528/1528 1527/1527/1527
f 1526/1526/1526 1529/1529/1529 1502/1502/1502 1501/1501/1501
f 1527/1527/1527 1530/1530/1530 1529/1529/1529 1526/1526/1526
f 1527/1527/1527 1528/1528/1528 1531/1531/1531 1530/1530/1530
f 1532/1532/1532 1503/1503/1503 1502/1502/1502 1529/1529/1529
f 1530/1530/1530 1533/1533/1533 1532/1532/1532 1529/1529/1529
f 1530/1530/1530 1531/1531/1531 1534/1534/1534 1533/1533/1533
f 1503/1503/1503 1532/1532/1532 1535/1535/1535 1504/1504/1504
f 1535/1535/1535 1532/1532/1532 1533/1533/1533 1536/1536/1536
f 1537/1537/1537 1536/1536/1536 1533/1533/1533 1534/1534/1534
f 1535/1535/1535 1538/1538/1538 1505/1505/1505 1504/1504/1504
f 1536/1536/1536 1539/1539/1539 1538/1538/1538 1535/1535/1535
f 1537/1537/1537 1540/1540/1540 1539/1539/1539 1536/1536/1536
f 1538/1538/1538 1541/1541/1541 1506/1506/1506 1505/1505/1505
f 1541/1541/1541 1538/1538/1538 1539/1539/1539 1542/1542/1542
f 1540/1540/1540 1543/1543/1543 1542/1542/1542 1539/1539/1539
f 1541/1541/1541 1544/1544/1544 1507/1507/1507 1506/1506/1506
f 1542/1542/1542 1545/1545/1545 1544/1544/1544 1541/1541/1541
f 1543/1543/1543 1546/1546/1546 1545/1545/1545 1542/1542/1542
f 1544/1544/1544 1547/1547/1547 1508/1508/1508 1507/1507/1507
f 1545/1545/1545 1548/1548/1548 1547/1547/1547 1544/1544/1544
f 1546/1546/1546 1549/1549/1549 1548/1548/1548 1545/1545/1545
f 1547/1547/1547 1550/1550/1550 1509/1509/1509 1508/1508/1508
f 1552/1551/1551 1548/1548/1548 1549/1549/1549 1551/1552/1552
f 1550/1550/1550 1547/1547/1547 1548/1548/1548 1552/1551/1551
f 1509/1509/1509 1550/1550/1550 1552/1551/1551 1510/1510/1510
f 1551/1552/1552 1553/1553/1553 1510/1510/1510 1552/1551/1551
f 1553/1553/1553 1554/1554/1554 1511/1511/1511 1510/1510/1510
f 1554/1554/1554 1555/1555/1555 1512/1512/1512 1511/1511/1511
f 1555/5451/1555 1556/1556/1556 1513/1513/1513 1512/5452/1512
f 1514/1514/1514 1513/1513/1513 1556/1556/1556 1557/1557/1557
f 1557/1557/1557 1558/1558/1558 1515/1515/1515 1514/1514/1514
f 1558/1558/1558 1559/1559/1559 1516/1516/1516 1515/1515/1515
f 1560/1560/1560 1517/1517/1517 1516/1516/1516 1559/1559/1559
f 1560/1560/1560 1561/1561/1561 1519/1519/1519 1517/1517/1517
f 1561/1561/1561 1562/1562/1562 1522/1522/1522 1519/1519/1519
f 1563/1563/1563 1525/1525/1525 1522/1522/1522 1562/1562/1562
f 1525/1525/1525 1563/1563/1563 1564/1564/1564 1528/1528/1528
f 1565/1565/1565 1531/1531/1531 1528/1528/1528 1564/1564/1564
f 1566/1566/1566 1534/1534/1534 1531/1531/1531 1565/1565/1565
f 1534/1534/1534 1566/1566/1566 1567/1567/1567 1537/1537/1537
f 1537/1537/1537 1567/1567/1567 1568/1568/1568 1540/1540/1540
f 1569/1569/1569 1543/1543/1543 1540/1540/1540 1568/1568/1568
f 1570/1570/1570 1546/1546/1546 1543/1543/1543 1569/1569/1569
f 1570/1570/1570 1571/1571/1571 1549/1549/1549 1546/1546/1546
f 1551/1552/1552 1549/1549/1549 1571/1571/1571 1572/1572/1572
f 1572/1572/1572 1573/1573/1573 1553/1553/1553 1551/1552/1552
f 1554/1554/1554 1553/1553/1553 1573/1573/1573 1574/1574/1574
f 1574/1574/1574 1575/1575/1575 1555/1555/1555 1554/1554/1554
f 1575/5450/1575 1576/1576/1576 1556/1556/1556 1555/5451/1555
f 1576/1576/1576 1577/1577/1577 1557/1557/1557 1556/1556/1556
f 1577/1577/1577 1578/1578/1578 1558/1558/1558 1557/1557/1557
f 1580/1579/1579 1579/1580/1580 1558/1558/1558 1578/1578/1578
f 1559/1559/1559 1558/1558/1558 1579/1580/1580 1560/1560/1560
f 1579/1580/1580 1581/1581/1581 1561/1561/1561 1560/1560/1560
f 1580/1579/1579 1582/1582/1582 1581/1581/1581 1579/1580/1580
f 1562/1562/1562 1561/1561/1561 1581/1581/1581 1583/1583/1583
f 1582/1582/1582 1584/1584/1584 1583/1583/1583 1581/1581/1581
f 1562/1562/1562 1583/1583/1583 1585/1585/1585 1563/1563/1563
f 1586/1586/1586 1585/1585/1585 1583/1583/1583 1584/1584/1584
f 1563/1563/1563 1585/1585/1585 1587/1587/1587 1564/1564/1564
f 1588/1588/1588 1587/1587/1587 1585/1585/1585 1586/1586/1586
f 1589/1589/1589 1565/1565/1565 1564/1564/1564 1587/1587/1587
f 1590/1590/1590 1589/1589/1589 1587/1587/1587 1588/1588/1588
f 1565/1565/1565 1589/1589/1589 1591/1591/1591 1566/1566/1566
f 1589/1589/1589 1590/1590/1590 1592/1592/1592 1591/1591/1591
f 1566/1566/1566 1591/1591/1591 1592/1592/1592 1567/1567/1567
f 1567/1567/1567 1592/1592/1592 1593/1593/1593 1568/1568/1568
f 1594/1594/1594 1569/1569/1569 1568/1568/1568 1593/1593/1593
f 1569/1569/1569 1594/1594/1594 1595/1595/1595 1570/1570/1570
f 1596/1596/1596 1571/1571/1571 1570/1570/1570 1595/1595/1595
f 1597/1597/1597 1572/1572/1572 1571/1571/1571 1596/1596/1596
f 1598/1598/1598 1573/1573/1573 1572/1572/1572 1597/1597/1597
f 1598/1598/1598 1599/1599/1599 1574/1574/1574 1573/1573/1573
f 1575/1575/1575 1574/1574/1574 1599/1599/1599 1600/1600/1600
f 1600/5449/1600 1601/1601/1601 1576/1576/1576 1575/5450/1575
f 1601/1601/1601 1602/1602/1602 1577/1577/1577 1576/1576/1576
f 1578/1578/1578 1577/1577/1577 1602/1602/1602 1603/1603/1603
f 1604/1604/1604 1580/1579/1579 1578/1578/1578 1603/1603/1603
f 1604/1604/1604 1605/1605/1605 1582/1582/1582 1580/1579/1579
f 1606/1606/1606 1584/1584/1584 1582/1582/1582 1605/1605/1605
f 1584/1584/1584 1606/1606/1606 1607/1607/1607 1586/1586/1586
f 1586/1586/1586 1607/1607/1607 1608/1608/1608 1588/1588/1588
f 1590/1590/1590 1588/1588/1588 1608/1608/1608 1609/1609/1609
f 1592/1592/1592 1590/1590/1590 1609/1609/1609 1610/1610/1610
f 1592/1592/1592 1610/1610/1610 1611/1611/1611 1593/1593/1593
f 1612/1612/1612 1594/1594/1594 1593/1593/1593 1611/1611/1611
f 1612/1612/1612 1613/1613/1613 1595/1595/1595 1594/1594/1594
f 1595/1595/1595 1613/1613/1613 1614/1614/1614 1596/1596/1596
f 1615/1615/1615 1597/1597/1597 1596/1596/1596 1614/1614/1614
f 1598/1598/1598 1597/1597/1597 1615/1615/1615 1616/1616/1616
f 1617/1617/1617 1599/1599/1599 1598/1598/1598 1616/1616/1616
f 1617/1617/1617 1618/1618/1618 1600/1600/1600 1599/1599/1599
f 1619/1619/1619 1601/1601/1601 1600/5449/1600 1618/5448/1618
f 1620/1620/1620 1602/1602/1602 1601/1601/1601 1619/1619/1619
f 1620/1620/1620 1621/1621/1621 1603/1603/1603 1602/1602/1602
f 1604/1604/1604 1603/1603/1603 1621/1621/1621 1605/1605/1605
f 1623/1622/1622 1622/1623/1623 1605/1605/1605 1621/1621/1621
f 1624/1624/1624 1606/1606/1606 1605/1605/1605 1622/1623/1623
f 1607/1607/1607 1606/1606/1606 1624/1624/1624 1625/1625/1625
f 1607/1607/1607 1625/1625/1625 1626/1626/1626 1608/1608/1608
f 1626/1626/1626 1627/1627/1627 1609/1609/1609 1608/1608/1608
f 1627/1627/1627 1628/1628/1628 1610/1610/1610 1609/1609/1609
f 1610/1610/1610 1628/1628/1628 1629/1629/1629 1611/1611/1611
f 1630/1630/1630 1612/1612/1612 1611/1611/1611 1629/1629/1629
f 1631/1631/1631 1613/1613/1613 1612/1612/1612 1630/1630/1630
f 1632/1632/1632 1614/1614/1614 1613/1613/1613 1631/1631/1631
f 1633/1633/1633 1615/1615/1615 1614/1614/1614 1632/1632/1632
f 1615/1615/1615 1633/1633/1633 1634/1634/1634 1616/1616/1616
f 1635/1635/1635 1617/1617/1617 1616/1616/1616 1634/1634/1634
f 1635/1635/1635 1636/1636/1636 1618/1618/1618 1617/1617/1617
f 1636/5447/1636 1637/1637/1637 1619/1619/1619 1618/5448/1618
f 1637/1637/1637 1638/1638/1638 1620/1620/1620 1619/1619/1619
f 1621/1621/1621 1620/1620/1620 1638/1638/1638 1623/1622/1622
f 1622/1623/1623 1623/1622/1622 1639/1639/1639 1640/1640/1640
f 1624/1624/1624 1622/1623/1623 1640/1640/1640 1625/1625/1625
f 1625/1625/1625 1640/1640/1640 1641/1641/1641 1626/1626/1626
f 1641/1641/1641 1642/1642/1642 1627/1627/1627 1626/1626/1626
f 1642/1642/1642 1643/1643/1643 1628/1628/1628 1627/1627/1627
f 1644/1644/1644 1629/1629/1629 1628/1628/1628 1643/1643/1643
f 1629/1629/1629 1644/1644/1644 1645/1645/1645 1630/1630/1630
f 1630/1630/1630 1645/1645/1645 1646/1646/1646 1631/1631/1631
f 1647/1647/1647 1632/1632/1632 1631/1631/1631 1646/1646/1646
f 1632/1632/1632 1647/1647/1647 1648/1648/1648 1633/1633/1633
f 1633/1633/1633 1648/1648/1648 1649/1649/1649 1634/1634/1634
f 1650/1650/1650 1635/1635/1635 1634/1634/1634 1649/1649/1649
f 1650/1650/1650 1651/1651/1651 1636/1636/1636 1635/1635/1635
f 1651/5446/1651 1652/1652/1652 1637/1637/1637 1636/5447/1636
f 1638/1638/1638 1637/1637/1637 1652/1652/1652 1653/1653/1653
f 1653/1653/1653 1639/1639/1639 1623/1622/1622 1638/1638/1638
f 1641/1641/1641 1640/1640/1640 1639/1639/1639 1654/1654/1654
f 1655/1655/1655 1654/1654/1654 1639/1639/1639 1653/1653/1653
f 1653/1653/1653 1652/1652/1652 1656/1656/1656 1655/1655/1655
f 1651/5446/1651 1657/5445/1657 1656/1656/1656 1652/1652/1652
f 1658/1658/1658 1657/1657/1657 1651/1651/1651 1650/1650/1650
f 1649/1649/1649 1659/1659/1659 1658/1658/1658 1650/1650/1650
f 1659/1659/1659 1649/1649/1649 1648/1648/1648 1660/1660/1660
f 1647/1647/1647 1661/1661/1661 1660/1660/1660 1648/1648/1648
f 1662/1662/1662 1661/1661/1661 1647/1647/1647 1646/1646/1646
f 1662/1662/1662 1646/1646/1646 1645/1645/1645 1663/1663/1663
f 1644/1644/1644 1664/1664/1664 1663/1663/1663 1645/1645/1645
f 1665/1665/1665 1664/1664/1664 1644/1644/1644 1643/1643/1643
f 1666/1666/1666 1665/1665/1665 1643/1643/1643 1642/1642/1642
f 1667/1667/1667 1666/1666/1666 1642/1642/1642 1641/1641/1641
f 1668/1668/1668 1667/1667/1667 1641/1641/1641 1654/1654/1654
f 1669/1669/1669 1668/1668/1668 1654/1654/1654 1655/1655/1655
f 1670/1670/1670 1669/1669/1669 1655/1655/1655 1656/1656/1656
f 1671/5444/1671 1670/1670/1670 1656/1656/1656 1657/5445/1657
f 1672/1672/1672 1671/1671/1671 1657/1657/1657 1658/1658/1658
f 1672/1672/1672 1658/1658/1658 1659/1659/1659 1673/1673/1673
f 1660/1660/1660 1674/1674/1674 1673/1673/1673 1659/1659/1659
f 1661/1661/1661 1675/1675/1675 1674/1674/1674 1660/1660/1660
f 1662/1662/1662 1676/1676/1676 1675/1675/1675 1661/1661/1661
f 1663/1663/1663 1677/1677/1677 1676/1676/1676 1662/1662/1662
f 1664/1664/1664 1678/1678/1678 1677/1677/1677 1663/1663/1663
f 1679/1679/1679 1678/1678/1678 1664/1664/1664 1665/1665/1665
f 1680/1680/1680 1679/1679/1679 1665/1665/1665 1666/1666/1666
f 1681/1681/1681 1680/1680/1680 1666/1666/1666 1667/1667/1667
f 1667/1667/1667 1668/1668/1668 1682/1682/1682 1681/1681/1681
f 1683/1683/1683 1682/1682/1682 1668/1668/1668 1669/1669/1669
f 1684/1684/1684 1683/1683/1683 1669/1669/1669 1670/1670/1670
f 1685/5443/1685 1684/1684/1684 1670/1670/1670 1671/5444/1671
f 1686/1686/1686 1685/1685/1685 1671/1671/1671 1672/1672/1672
f 1687/1687/1687 1686/1686/1686 1672/1672/1672 1673/1673/1673
f 1674/1674/1674 1688/1688/1688 1687/1687/1687 1673/1673/1673
f 1675/1675/1675 1689/1689/1689 1688/1688/1688 1674/1674/1674
f 1676/1676/1676 1690/1690/1690 1689/1689/1689 1675/1675/1675
f 1691/1691/1691 1690/1690/1690 1676/1676/1676 1677/1677/1677
f 1691/1691/1691 1677/1677/1677 1678/1678/1678 1692/1692/1692
f 1693/1693/1693 1692/1692/1692 1678/1678/1678 1679/1679/1679
f 1694/1694/1694 1693/1693/1693 1679/1679/1679 1680/1680/1680
f 1695/1695/1695 1694/1694/1694 1680/1680/1680 1681/1681/1681
f 1695/1695/1695 1681/1681/1681 1682/1682/1682 1683/1683/1683
f 1683/1683/1683 1684/1684/1684 1696/1696/1696 1695/1695/1695
f 1697/5458/1697 1696/1696/1696 1684/1684/1684 1685/5443/1685
f 1698/1698/1698 1697/1697/1697 1685/1685/1685 1686/1686/1686
f 1699/1699/1699 1698/1698/1698 1686/1686/1686 1687/1687/1687
f 1700/1700/1700 1699/1699/1699 1687/1687/1687 1688/1688/1688
f 1701/1701/1701 1700/1700/1700 1688/1688/1688 1689/1689/1689
f 1691/1691/1691 1701/1701/1701 1689/1689/1689 1690/1690/1690
f 1701/1701/1701 1702/1702/1702 1699/1699/1699 1700/1700/1700
f 1699/1699/1699 1702/1702/1702 1703/1703/1703 1698/1698/1698
f 1698/1698/1698 1703/1703/1703 1704/1704/1704 1697/1697/1697
f 1704/5457/1704 1705/1705/1705 1696/1696/1696 1697/5458/1697
f 1705/1705/1705 1694/1694/1694 1695/1695/1695 1696/1696/1696
f 1693/1693/1693 1694/1694/1694 1705/1705/1705 1706/1706/1706
f 1706/1706/1706 1707/1707/1707 1692/1692/1692 1693/1693/1693
f 1707/1707/1707 1701/1701/1701 1691/1691/1691 1692/1692/1692
f 1708/1708/1708 1706/1706/1706 1705/1705/1705 1704/5457/1704
f 1704/1704/1704 1703/1703/1703 1702/1702/1702 1708/1708/1708
f 1706/1706/1706 1708/1708/1708 1702/1702/1702 1707/1707/1707
f 1701/1701/1701 1707/1707/1707 1702/1702/1702
f 1316/1316/1316 1709/1709/1709 1710/5130/1710 1313/1312/1312
f 1712/5128/1711 1710/5130/1710 1709/1709/1709 1711/1712/1712
f 1355/5141/1355 1398/1399/1399 1713/1713/1713 1352/1352/1352
f 1714/1714/1714 1713/1713/1713 1398/1399/1399 1396/1397/1397
f 1715/1715/1715 1714/1714/1714 1396/1397/1397 1394/1395/1395
f 1716/1716/1716 1715/1715/1715 1394/1395/1395 1392/1393/1393
f 1716/1716/1716 1392/1393/1393 1390/1391/1391 1717/1717/1717
f 1718/1718/1718 1717/1717/1717 1390/1391/1391 1388/1389/1389
f 1717/1717/1717 1718/1718/1718 1737/1719/1719 1738/1720/1720
f 1719/1721/1721 1721/1722/1722 1722/1723/1723 1720/1724/1724
f 1724/5129/1725 1722/1723/1723 1721/1722/1722 1723/5205/1726
f 1724/5129/1725 1727/5126/1727 1728/1728/1728 1722/1723/1723
f 1726/1729/1729 1725/5127/1730 1712/5128/1711 1711/1712/1712
f 1728/1728/1728 1727/5126/1727 1725/5127/1730 1726/1729/1729
f 1316/1316/1316 1319/1318/1318 1729/1731/1731 1709/1709/1709
f 1729/1731/1731 1730/1732/1732 1711/1712/1712 1709/1709/1709
f 1730/1732/1732 1731/1733/1733 1726/1729/1729 1711/1712/1712
f 1731/1733/1733 1732/1734/1734 1728/1728/1728 1726/1729/1729
f 1732/1734/1734 1720/1724/1724 1722/1723/1723 1728/1728/1728
f 1734/1735/1735 1733/1736/1736 1739/1737/1737 1740/1738/1738
f 1736/1739/1739 1735/1740/1740 1733/1736/1736 1734/1735/1735
f 1738/1720/1720 1737/1719/1719 1735/1740/1740 1736/1739/1739
f 1740/1738/1738 1739/1737/1737 1741/1741/1741 1742/1742/1742
f 1742/1742/1742 1741/1741/1741 1719/1721/1721 1720/1724/1724
f 1743/1743/1743 1716/1716/1716 1717/1717/1717 1738/1720/1720
f 1744/1744/1744 1743/1743/1743 1738/1720/1720 1736/1739/1739
f 1745/1745/1745 1744/1744/1744 1736/1739/1739 1734/1735/1735
f 1734/1735/1735 1740/1738/1738 1746/1746/1746 1745/1745/1745
f 1740/1738/1738 1742/1742/1742 1747/1747/1747 1746/1746/1746
f 1732/1734/1734 1747/1747/1747 1742/1742/1742 1720/1724/1724
f 1729/1731/1731 1319/1318/1318 1322/1322/1322 1748/1748/1748
f 1325/1325/1325 1749/1749/1749 1748/1748/1748 1322/1322/1322
f 1328/1327/1327 1750/1750/1750 1749/1749/1749 1325/1325/1325
f 1352/1352/1352 1713/1713/1713 1751/1751/1751 1338/1338/1338
f 1751/1751/1751 1752/1752/1752 1331/1331/1331 1338/1338/1338
f 1752/1752/1752 1750/1750/1750 1328/1327/1327 1331/1331/1331
f 1729/1731/1731 1748/1748/1748 1753/1753/1753 1730/1732/1732
f 1754/1754/1754 1731/1733/1733 1730/1732/1732 1753/1753/1753
f 1754/1754/1754 1747/1747/1747 1732/1734/1734 1731/1733/1733
f 1755/1755/1755 1753/1753/1753 1748/1748/1748 1749/1749/1749
f 1756/1756/1756 1754/1754/1754 1753/1753/1753 1755/1755/1755
f 1747/1747/1747 1754/1754/1754 1756/1756/1756 1746/1746/1746
f 1757/1757/1757 1755/1755/1755 1749/1749/1749 1750/1750/1750
f 1758/1758/1758 1756/1756/1756 1755/1755/1755 1757/1757/1757
f 1756/1756/1756 1758/1758/1758 1745/1745/1745 1746/1746/1746
f 1759/1759/1759 1757/1757/1757 1750/1750/1750 1752/1752/1752
f 1760/1760/1760 1758/1758/1758 1757/1757/1757 1759/1759/1759
f 1758/1758/1758 1760/1760/1760 1744/1744/1744 1745/1745/1745
f 1761/1761/1761 1759/1759/1759 1752/1752/1752 1751/1751/1751
f 1762/1762/1762 1760/1760/1760 1759/1759/1759 1761/1761/1761
f 1760/1760/1760 1762/1762/1762 1743/1743/1743 1744/1744/1744
f 1713/1713/1713 1714/1714/1714 1761/1761/1761 1751/1751/1751
f 1715/1715/1715 1762/1762/1762 1761/1761/1761 1714/1714/1714
f 1762/1762/1762 1715/1715/1715 1716/1716/1716 1743/1743/1743
f 1382/1383/1383 1380/1381/1381 1763/1763/1763 1764/1764/1764
f 1764/1764/1764 1763/1763/1763 1860/1765/1765 1861/1766/1766
f 1766/1767/1767 1765/1768/1768 1903/1769/1769 1904/1770/1770
f 1768/1771/1771 1767/1772/1772 1832/1773/1773 1833/1774/1774
f 1770/1775/1775 1769/1776/1776 1804/1777/1777 1805/1778/1778
f 1771/1779/1779 1773/5125/1780 1774/5117/1781 1772/1782/1782
f 1771/1779/1779 1775/1783/1783 1776/5124/1784 1773/5125/1780
f 1775/1783/1783 1777/1785/1785 1778/5123/1786 1776/5124/1784
f 1777/1785/1785 1779/1787/1787 1780/5122/1788 1778/5123/1786
f 1779/1787/1787 1781/1789/1789 1782/5121/1790 1780/5122/1788
f 1781/1789/1789 1783/1791/1791 1784/5120/1792 1782/5121/1790
f 1783/1791/1791 1298/1298/1298 1299/5119/1299 1784/5120/1792
f 1783/1791/1791 1785/1793/1793 1297/1297/1297 1298/1298/1298
f 1786/1794/1794 1785/1793/1793 1783/1791/1791 1781/1789/1789
f 1787/1795/1795 1786/1794/1794 1781/1789/1789 1779/1787/1787
f 1788/1796/1796 1787/1795/1795 1779/1787/1787 1777/1785/1785
f 1789/1797/1797 1788/1796/1796 1777/1785/1785 1775/1783/1783
f 1791/1798/1798 1790/1799/1799 1771/1779/1779 1772/1782/1782
f 1790/1799/1799 1789/1797/1797 1775/1783/1783 1771/1779/1779
f 1785/1793/1793 1792/1800/1800 1296/1296/1296 1297/1297/1297
f 1793/1801/1801 1295/1295/1295 1296/1296/1296 1792/1800/1800
f 1793/1801/1801 1293/1293/1293 1294/1294/1294 1295/1295/1295
f 1794/1802/1802 1292/1292/1292 1293/1293/1293 1793/1801/1801
f 1795/1803/1803 1794/1802/1802 1793/1801/1801 1792/1800/1800
f 1786/1794/1794 1795/1803/1803 1792/1800/1800 1785/1793/1793
f 1290/1290/1290 1291/1291/1291 1292/1292/1292 1794/1802/1802
f 1796/1804/1804 1795/1803/1803 1786/1794/1794 1787/1795/1795
f 1796/1804/1804 1797/1805/1805 1794/1802/1802 1795/1803/1803
f 1797/1805/1805 1798/1806/1806 1290/1290/1290 1794/1802/1802
f 1799/1807/1807 1289/1289/1289 1290/1290/1290 1798/1806/1806
f 1799/1807/1807 1800/1808/1808 1288/1288/1288 1289/1289/1289
f 1800/1808/1808 1801/1809/1809 1287/1287/1287 1288/1288/1288
f 1787/1795/1795 1788/1796/1796 1802/1810/1810 1796/1804/1804
f 1803/1811/1811 1802/1810/1810 1788/1796/1796 1789/1797/1797
f 1805/1778/1778 1804/1777/1777 1790/1799/1799 1791/1798/1798
f 1789/1797/1797 1790/1799/1799 1804/1777/1777 1803/1811/1811
f 1769/1776/1776 1806/1812/1812 1803/1811/1811 1804/1777/1777
f 1806/1812/1812 1807/1813/1813 1802/1810/1810 1803/1811/1811
f 1796/1804/1804 1802/1810/1810 1807/1813/1813 1797/1805/1805
f 1808/1814/1814 1798/1806/1806 1797/1805/1805 1807/1813/1813
f 1809/1815/1815 1808/1814/1814 1807/1813/1813 1806/1812/1812
f 1811/1816/1816 1810/1817/1817 1769/1776/1776 1770/1775/1775
f 1810/1817/1817 1812/1818/1818 1806/1812/1812 1769/1776/1776
f 1800/1808/1808 1799/1807/1807 1798/1806/1806 1808/1814/1814
f 1814/1819/1819 1801/1809/1809 1800/1808/1808 1813/1820/1820
f 1808/1814/1814 1809/1815/1815 1813/1820/1820 1800/1808/1808
f 1809/1815/1815 1806/1812/1812 1812/1818/1818 1813/1820/1820
f 1815/1821/1821 1814/1819/1819 1813/1820/1820 1812/1818/1818
f 1817/1822/1822 1816/1823/1823 1810/1817/1817 1811/1816/1816
f 1812/1818/1818 1810/1817/1817 1816/1823/1823 1815/1821/1821
f 1801/1809/1809 1818/1824/1824 1286/1286/1286 1287/1287/1287
f 1818/1824/1824 1801/1809/1809 1814/1819/1819 1819/1825/1825
f 1820/1826/1826 1819/1825/1825 1814/1819/1819 1815/1821/1821
f 1822/1827/1827 1821/1828/1828 1816/1823/1823 1817/1822/1822
f 1815/1821/1821 1816/1823/1823 1821/1828/1828 1820/1826/1826
f 1818/1824/1824 1823/1829/1829 1285/1285/1285 1286/1286/1286
f 1819/1825/1825 1824/1830/1830 1823/1829/1829 1818/1824/1824
f 1825/1831/1831 1824/1830/1830 1819/1825/1825 1820/1826/1826
f 1827/1832/1832 1826/1833/1833 1821/1828/1828 1822/1827/1827
f 1820/1826/1826 1821/1828/1828 1826/1833/1833 1825/1831/1831
f 1823/1829/1829 1828/1834/1834 1284/1284/1284 1285/1285/1285
f 1824/1830/1830 1829/1835/1835 1828/1834/1834 1823/1829/1829
f 1830/1836/1836 1829/1835/1835 1824/1830/1830 1825/1831/1831
f 1831/1837/1837 1830/1836/1836 1825/1831/1831 1826/1833/1833
f 1833/1774/1774 1832/1773/1773 1826/1833/1833 1827/1832/1832
f 1831/1837/1837 1826/1833/1833 1832/1773/1773 1834/1838/1838
f 1834/1838/1838 1835/1839/1839 1830/1836/1836 1831/1837/1837
f 1835/1839/1839 1836/1840/1840 1829/1835/1835 1830/1836/1836
f 1828/1834/1834 1829/1835/1835 1836/1840/1840 1837/1841/1841
f 1837/1841/1841 1283/1283/1283 1284/1284/1284 1828/1834/1834
f 1838/1842/1842 1834/1838/1838 1832/1773/1773 1767/1772/1772
f 1838/1842/1842 1839/1843/1843 1835/1839/1839 1834/1838/1838
f 1839/1843/1843 1840/1844/1844 1836/1840/1840 1835/1839/1839
f 1837/1841/1841 1836/1840/1840 1840/1844/1844 1841/1845/1845
f 1841/1845/1845 1282/1282/1282 1283/1283/1283 1837/1841/1841
f 1843/1846/1846 1842/1847/1847 1767/1772/1772 1768/1771/1771
f 1844/1848/1848 1838/1842/1842 1767/1772/1772 1842/1847/1847
f 1838/1842/1842 1844/1848/1848 1845/1849/1849 1839/1843/1843
f 1840/1844/1844 1839/1843/1843 1845/1849/1849 1846/1850/1850
f 1841/1845/1845 1840/1844/1844 1846/1850/1850 1847/1851/1851
f 1282/1282/1282 1841/1845/1845 1847/1851/1851 1848/1852/1852
f 1849/1853/1853 1281/1281/1281 1282/1282/1282 1848/1852/1852
f 1849/1853/1853 1850/1854/1854 1280/1280/1280 1281/1281/1281
f 1276/1276/1276 1277/1277/1277 1851/1855/1855 1274/1275/1275
f 1277/1277/1277 1278/1278/1278 1852/1856/1856 1851/1855/1855
f 1279/1279/1279 1853/1857/1857 1852/1856/1856 1278/1278/1278
f 1853/1857/1857 1279/1279/1279 1280/1280/1280 1850/1854/1854
f 1854/1858/1858 1275/1274/1274 1274/1275/1275 1851/1855/1855
f 1855/1859/1859 1349/1349/1349 1275/1274/1274 1854/1858/1858
f 1366/1366/1366 1349/1349/1349 1855/1859/1859 1370/1371/1371
f 1855/1859/1859 1856/1860/1860 1372/1372/1372 1370/1371/1371
f 1856/1860/1860 1857/1861/1861 1374/1375/1375 1372/1372/1372
f 1380/1381/1381 1378/1378/1378 1858/1862/1862 1763/1763/1763
f 1378/1378/1378 1376/1377/1377 1859/1863/1863 1858/1862/1862
f 1376/1377/1377 1374/1375/1375 1857/1861/1861 1859/1863/1863
f 1861/1766/1766 1860/1765/1765 1868/1864/1864 1869/1865/1865
f 1763/1763/1763 1858/1862/1862 1859/1863/1863 1860/1765/1765
f 1850/1854/1854 1849/1853/1853 1848/1852/1852 1862/1866/1866
f 1853/1857/1857 1850/1854/1854 1862/1866/1866 1863/1867/1867
f 1852/1856/1856 1853/1857/1857 1863/1867/1867 1864/1868/1868
f 1851/1855/1855 1852/1856/1856 1864/1868/1868 1865/1869/1869
f 1865/1869/1869 1866/1870/1870 1854/1858/1858 1851/1855/1855
f 1866/1870/1870 1867/1871/1871 1855/1859/1859 1854/1858/1858
f 1869/1865/1865 1868/1864/1864 1875/1872/1872 1876/1873/1873
f 1867/1871/1871 1870/1874/1874 1856/1860/1860 1855/1859/1859
f 1857/1861/1861 1856/1860/1860 1870/1874/1874 1871/1875/1875
f 1871/1875/1875 1872/1876/1876 1859/1863/1863 1857/1861/1861
f 1872/1876/1876 1868/1864/1864 1860/1765/1765 1859/1863/1863
f 1865/1869/1869 1864/1868/1868 1873/1877/1877 1866/1870/1870
f 1874/1878/1878 1867/1871/1871 1866/1870/1870 1873/1877/1877
f 1876/1873/1873 1875/1872/1872 1885/1879/1879 1886/1880/1880
f 1877/1881/1881 1870/1874/1874 1867/1871/1871 1874/1878/1878
f 1871/1875/1875 1870/1874/1874 1877/1881/1881 1878/1882/1882
f 1872/1876/1876 1871/1875/1875 1878/1882/1882 1879/1883/1883
f 1868/1864/1864 1872/1876/1876 1879/1883/1883 1875/1872/1872
f 1880/1884/1884 1873/1877/1877 1864/1868/1868 1863/1867/1867
f 1881/1885/1885 1874/1878/1878 1873/1877/1877 1880/1884/1884
f 1874/1878/1878 1881/1885/1885 1882/1886/1886 1877/1881/1881
f 1883/1887/1887 1878/1882/1882 1877/1881/1881 1882/1886/1886
f 1879/1883/1883 1878/1882/1882 1883/1887/1887 1884/1888/1888
f 1886/1880/1880 1885/1879/1879 1765/1768/1768 1766/1767/1767
f 1875/1872/1872 1879/1883/1883 1884/1888/1888 1885/1879/1879
f 1887/1889/1889 1765/1768/1768 1885/1879/1879 1884/1888/1888
f 1862/1866/1866 1848/1852/1852 1847/1851/1851 1888/1890/1890
f 1863/1867/1867 1862/1866/1866 1888/1890/1890 1880/1884/1884
f 1847/1851/1851 1846/1850/1850 1889/1891/1891 1888/1890/1890
f 1891/1892/1892 1881/1885/1885 1880/1884/1884 1890/1893/1893
f 1889/1891/1891 1890/1893/1893 1880/1884/1884 1888/1890/1890
f 1887/1889/1889 1884/1888/1888 1883/1887/1887 1892/1894/1894
f 1892/1894/1894 1883/1887/1887 1882/1886/1886 1893/1895/1895
f 1893/1895/1895 1882/1886/1886 1881/1885/1885 1891/1892/1892
f 1845/1849/1849 1894/1896/1896 1889/1891/1891 1846/1850/1850
f 1895/1897/1897 1890/1893/1893 1889/1891/1891 1894/1896/1896
f 1891/1892/1892 1890/1893/1893 1895/1897/1897 1893/1895/1895
f 1897/1898/1898 1896/1899/1899 1842/1847/1847 1843/1846/1846
f 1898/1900/1900 1844/1848/1848 1842/1847/1847 1896/1899/1899
f 1844/1848/1848 1898/1900/1900 1894/1896/1896 1845/1849/1849
f 1900/1901/1901 1899/1902/1902 1896/1899/1899 1897/1898/1898
f 1899/1902/1902 1901/1903/1903 1898/1900/1900 1896/1899/1899
f 1898/1900/1900 1901/1903/1903 1895/1897/1897 1894/1896/1896
f 1901/1903/1903 1902/1904/1904 1893/1895/1895 1895/1897/1897
f 1904/1770/1770 1903/1769/1769 1899/1902/1902 1900/1901/1901
f 1901/1903/1903 1899/1902/1902 1903/1769/1769 1902/1904/1904
f 1892/1894/1894 1893/1895/1895 1902/1904/1904 1887/1889/1889
f 1887/1889/1889 1902/1904/1904 1903/1769/1769 1765/1768/1768
f 1721/5204/1722 1905/1905/1905 1906/5116/1906 1723/5118/1726
f 1772/1782/1782 1774/5117/1781 1907/5115/1907 1908/1908/1908
f 1907/5115/1907 1906/5116/1906 1905/1905/1905 1908/1908/1908
f 1313/5131/1312 1710/1710/1710 1909/1909/1909 1310/1309/1309
f 1710/1710/1710 1712/1711/1711 1910/1910/1910 1909/1909/1909
f 1712/1711/1711 1725/1730/1730 1911/1911/1911 1910/1910/1910
f 1725/1730/1730 1727/1727/1727 1912/1912/1912 1911/1911/1911
f 1909/1909/1909 1913/1913/1913 1307/1307/1307 1310/1309/1309
f 1300/1300/1300 1914/1914/1914 1784/1792/1792 1299/1299/1299
f 1914/1914/1914 1300/1300/1300 1301/1301/1301 1915/1915/1915
f 1301/1301/1301 1303/1302/1302 1916/1916/1916 1915/1915/1915
f 1303/1302/1302 1305/1305/1305 1917/1917/1917 1916/1916/1916
f 1913/1913/1913 1917/1917/1917 1305/1305/1305 1307/1307/1307
f 1910/1910/1910 1918/1918/1918 1913/1913/1913 1909/1909/1909
f 1914/1914/1914 1919/1919/1919 1920/1920/1920 1784/1792/1792
f 1782/1790/1790 1784/1792/1792 1920/1920/1920 1921/1921/1921
f 1915/1915/1915 1922/1922/1922 1919/1919/1919 1914/1914/1914
f 1923/1923/1923 1922/1922/1922 1915/1915/1915 1916/1916/1916
f 1924/1924/1924 1923/1923/1923 1916/1916/1916 1917/1917/1917
f 1917/1917/1917 1913/1913/1913 1925/1925/1925 1924/1924/1924
f 1918/1918/1918 1926/1926/1926 1925/1925/1925 1913/1913/1913
f 1911/1911/1911 1927/1927/1927 1918/1918/1918 1910/1910/1910
f 1927/1927/1927 1911/1911/1911 1912/1912/1912 1928/1928/1928
f 1927/1927/1927 1929/1929/1929 1926/1926/1926 1918/1918/1918
f 1929/1929/1929 1927/1927/1927 1928/1928/1928 1930/1930/1930
f 1931/1931/1931 1912/1912/1912 1727/1727/1727 1724/1725/1725
f 1932/1932/1932 1928/1928/1928 1912/1912/1912 1931/1931/1931
f 1928/1928/1928 1932/1932/1932 1933/1933/1933 1930/1930/1930
f 1931/1931/1931 1724/1725/1725 1723/1726/1726 1934/1934/1934
f 1932/1932/1932 1931/1931/1931 1934/1934/1934 1935/1935/1935
f 1936/1936/1936 1933/1933/1933 1932/1932/1932 1935/1935/1935
f 1906/5478/1906 1937/5477/1937 1934/1934/1934 1723/1726/1726
f 1937/5477/1937 1938/5476/1938 1939/1939/1939 1934/1934/1934
f 1935/1935/1935 1934/1934/1934 1939/1939/1939 1940/1940/1940
f 1940/1940/1940 1941/1941/1941 1936/1936/1936 1935/1935/1935
f 1906/1906/1906 1907/1907/1907 1942/1942/1942 1943/1943/1943
f 1944/1944/1944 1937/1937/1937 1906/1906/1906 1943/1943/1943
f 1945/1945/1945 1938/1938/1938 1937/1937/1937 1944/1944/1944
f 1942/1942/1942 1907/1907/1907 1774/1781/1781 1946/1946/1946
f 1947/1947/1947 1946/1946/1946 1774/1781/1781 1773/1780/1780
f 1948/1948/1948 1947/1947/1947 1773/1780/1780 1776/1784/1784
f 1949/1949/1949 1948/1948/1948 1776/1784/1784 1778/1786/1786
f 1950/1950/1950 1949/1949/1949 1778/1786/1786 1780/1788/1788
f 1921/1921/1921 1950/1950/1950 1780/1788/1788 1782/1790/1790
f 1919/1919/1919 1951/1951/1951 1921/1921/1921 1920/1920/1920
f 1922/1922/1922 1952/1952/1952 1951/1951/1951 1919/1919/1919
f 1923/1923/1923 1953/1953/1953 1952/1952/1952 1922/1922/1922
f 1954/1954/1954 1953/1953/1953 1923/1923/1923 1924/1924/1924
f 1955/1955/1955 1954/1954/1954 1924/1924/1924 1925/1925/1925
f 1929/1929/1929 1955/1955/1955 1925/1925/1925 1926/1926/1926
f 1930/1930/1930 1956/1956/1956 1955/1955/1955 1929/1929/1929
f 1957/1957/1957 1954/1954/1954 1955/1955/1955 1956/1956/1956
f 1957/1957/1957 1958/1958/1958 1953/1953/1953 1954/1954/1954
f 1958/1958/1958 1959/1959/1959 1952/1952/1952 1953/1953/1953
f 1951/1951/1951 1952/1952/1952 1959/1959/1959 1960/1960/1960
f 1950/1950/1950 1921/1921/1921 1951/1951/1951 1960/1960/1960
f 1962/1961/1961 1961/1962/1962 1950/1950/1950 1960/1960/1960
f 1963/1963/1963 1949/1949/1949 1950/1950/1950 1961/1962/1962
f 1964/1964/1964 1962/1961/1961 1960/1960/1960 1959/1959/1959
f 1959/1959/1959 1958/1958/1958 1965/1965/1965 1964/1964/1964
f 1966/1966/1966 1965/1965/1965 1958/1958/1958 1957/1957/1957
f 1966/1966/1966 1957/1957/1957 1956/1956/1956 1967/1967/1967
f 1968/1968/1968 1967/1967/1967 1956/1956/1956 1930/1930/1930
f 1969/1969/1969 1968/1968/1968 1930/1930/1930 1933/1933/1933
f 1933/1933/1933 1936/1936/1936 1970/1970/1970 1969/1969/1969
f 1941/1941/1941 1971/1971/1971 1970/1970/1970 1936/1936/1936
f 1973/1972/1972 1945/1945/1945 1944/1944/1944 1972/1973/1973
f 1974/1974/1974 1972/1973/1973 1944/1944/1944 1943/1943/1943
f 1943/1943/1943 1942/1942/1942 1946/1946/1946 1974/1974/1974
f 1972/1973/1973 1975/1975/1975 1976/1976/1976 1973/1972/1972
f 1975/1975/1975 1972/1973/1973 1974/1974/1974 1977/1977/1977
f 1978/1978/1978 1977/1977/1977 1974/1974/1974 1946/1946/1946
f 1980/1979/1979 1976/1976/1976 1975/1975/1975 1979/1980/1980
f 1977/1977/1977 1981/1981/1981 1979/1980/1980 1975/1975/1975
f 1977/1977/1977 1978/1978/1978 1982/1982/1982 1981/1981/1981
f 1947/1947/1947 1982/1982/1982 1978/1978/1978 1946/1946/1946
f 1983/1983/1983 1982/1982/1982 1947/1947/1947 1948/1948/1948
f 1963/1963/1963 1983/1983/1983 1948/1948/1948 1949/1949/1949
f 1984/1984/1984 1981/1981/1981 1982/1982/1982 1983/1983/1983
f 1983/1983/1983 1963/1963/1963 1985/1985/1985 1984/1984/1984
f 1962/1961/1961 1985/1985/1985 1963/1963/1963 1961/1962/1962
f 1964/1964/1964 1986/1986/1986 1985/1985/1985 1962/1961/1961
f 1984/1984/1984 1985/1985/1985 1986/1986/1986 1987/1987/1987
f 1981/1981/1981 1984/1984/1984 1987/1987/1987 1979/1980/1980
f 1965/1965/1965 1988/1988/1988 1986/1986/1986 1964/1964/1964
f 1989/1989/1989 1988/1988/1988 1965/1965/1965 1966/1966/1966
f 1966/1966/1966 1967/1967/1967 1990/1990/1990 1989/1989/1989
f 1968/1968/1968 1969/1969/1969 1990/1990/1990 1967/1967/1967
f 1992/1991/1991 1991/1992/1992 1990/1990/1990 1969/1969/1969
f 1993/1993/1993 1992/1991/1991 1969/1969/1969 1970/1970/1970
f 1991/1992/1992 1994/1994/1994 1989/1989/1989 1990/1990/1990
f 1994/1994/1994 1995/1995/1995 1988/1988/1988 1989/1989/1989
f 1997/1996/1996 1988/1988/1988 1995/1995/1995 1996/1997/1997
f 1988/1988/1988 1997/1996/1996 1987/1987/1987 1986/1986/1986
f 1996/1997/1997 1998/1998/1998 1987/1987/1987 1997/1996/1996
f 1998/1998/1998 1980/1979/1979 1979/1980/1980 1987/1987/1987
f 1980/1979/1979 1999/1999/1999 2000/2000/2000 1976/1976/1976
f 2001/2001/2001 1999/1999/1999 1980/1979/1979 1998/1998/1998
f 2002/2002/2002 2001/2001/2001 1998/1998/1998 1996/1997/1997
f 1996/1997/1997 1995/1995/1995 2003/2003/2003 2002/2002/2002
f 2004/2004/2004 2003/2003/2003 1995/1995/1995 1994/1994/1994
f 1994/1994/1994 1991/1992/1992 2005/2005/2005 2004/2004/2004
f 2005/2005/2005 1991/1992/1992 1992/1991/1991 2006/2006/2006
f 1993/1993/1993 2007/2007/2007 2006/2006/2006 1992/1991/1991
f 1971/1971/1971 2007/2007/2007 1993/1993/1993 1970/1970/1970
f 1971/1971/1971 2008/2008/2008 2009/2009/2009 2007/2007/2007
f 2008/2008/2008 1971/1971/1971 1941/1941/1941 2010/2010/2010
f 2011/2011/2011 2010/2010/2010 1941/1941/1941 1940/1940/1940
f 1939/1939/1939 2012/2012/2012 2011/2011/2011 1940/1940/1940
f 1938/5476/1938 2013/5475/2013 2012/2012/2012 1939/1939/1939
f 2014/2014/2014 2013/2013/2013 1938/1938/1938 1945/1945/1945
f 2015/2015/2015 2014/2014/2014 1945/1945/1945 1973/1972/1972
f 1976/1976/1976 2000/2000/2000 2015/2015/2015 1973/1972/1972
f 2017/2016/2016 2016/2017/2017 2007/2007/2007 2009/2009/2009
f 2017/2016/2016 2018/2018/2018 2019/2019/2019 2016/2017/2017
f 2006/2006/2006 2007/2007/2007 2016/2017/2017 2005/2005/2005
f 2019/2019/2019 2020/2020/2020 2005/2005/2005 2016/2017/2017
f 2020/2020/2020 2021/2021/2021 2004/2004/2004 2005/2005/2005
f 2019/2019/2019 2022/2022/2022 2021/2021/2021 2020/2020/2020
f 2018/2018/2018 2023/2023/2023 2022/2022/2022 2019/2019/2019
f 2021/2021/2021 2024/2024/2024 2003/2003/2003 2004/2004/2004
f 2026/2025/2025 2022/2022/2022 2023/2023/2023 2025/2026/2026
f 2024/2024/2024 2021/2021/2021 2022/2022/2022 2026/2025/2025
f 2002/2002/2002 2003/2003/2003 2024/2024/2024 2027/2027/2027
f 2026/2025/2025 2028/2028/2028 2027/2027/2027 2024/2024/2024
f 2025/2026/2026 2029/2029/2029 2028/2028/2028 2026/2025/2025
f 2002/2002/2002 2027/2027/2027 2030/2030/2030 2001/2001/2001
f 2028/2028/2028 2031/2031/2031 2030/2030/2030 2027/2027/2027
f 2029/2029/2029 2032/2032/2032 2031/2031/2031 2028/2028/2028
f 2030/2030/2030 2033/2033/2033 1999/1999/1999 2001/2001/2001
f 2031/2031/2031 2034/2034/2034 2033/2033/2033 2030/2030/2030
f 2032/2032/2032 2035/2035/2035 2034/2034/2034 2031/2031/2031
f 1999/1999/1999 2033/2033/2033 2036/2036/2036 2000/2000/2000
f 2036/2036/2036 2033/2033/2033 2034/2034/2034 2037/2037/2037
f 2035/2035/2035 2038/2038/2038 2037/2037/2037 2034/2034/2034
f 2040/2039/2039 2037/2037/2037 2038/2038/2038 2039/2040/2040
f 2037/2037/2037 2040/2039/2039 2041/2041/2041 2036/2036/2036
f 2036/2036/2036 2041/2041/2041 2015/2015/2015 2000/2000/2000
f 2041/2041/2041 2042/2042/2042 2014/2014/2014 2015/2015/2015
f 2040/2039/2039 2043/2043/2043 2042/2042/2042 2041/2041/2041
f 2043/2043/2043 2040/2039/2039 2039/2040/2040 2044/2044/2044
f 2014/2014/2014 2042/2042/2042 2043/2043/2043 2044/2044/2044
f 2014/2014/2014 2044/2044/2044 2045/2045/2045 2013/2013/2013
f 2046/2046/2046 2012/2012/2012 2013/5475/2013 2045/5474/2045
f 2011/2011/2011 2012/2012/2012 2046/2046/2046 2010/2010/2010
f 2010/2010/2010 2047/2047/2047 2048/2048/2048 2008/2008/2008
f 2009/2009/2009 2008/2008/2008 2048/2048/2048 2049/2049/2049
f 2018/2018/2018 2017/2016/2016 2050/2050/2050 2051/2051/2051
f 2017/2016/2016 2009/2009/2009 2049/2049/2049 2050/2050/2050
f 2053/2052/2052 2052/2053/2053 2025/2026/2026 2023/2023/2023
f 2051/2051/2051 2053/2052/2052 2023/2023/2023 2018/2018/2018
f 2055/2054/2054 2054/2055/2055 2032/2032/2032 2029/2029/2029
f 2029/2029/2029 2025/2026/2026 2052/2053/2053 2055/2054/2054
f 2054/2055/2055 2056/2056/2056 2035/2035/2035 2032/2032/2032
f 2035/2035/2035 2056/2056/2056 2057/2057/2057 2038/2038/2038
f 2058/2058/2058 2039/2040/2040 2038/2038/2038 2057/2057/2057
f 2058/2058/2058 2059/2059/2059 2044/2044/2044 2039/2040/2040
f 2059/2059/2059 2060/2060/2060 2045/2045/2045 2044/2044/2044
f 2060/5473/2060 2061/2061/2061 2046/2046/2046 2045/5474/2045
f 2061/2061/2061 2047/2047/2047 2010/2010/2010 2046/2046/2046
f 2063/2062/2062 2062/2063/2063 2047/2047/2047 2061/2061/2061
f 2064/5472/2064 2063/2062/2062 2061/2061/2061 2060/5473/2060
f 2065/2065/2065 2064/2064/2064 2060/2060/2060 2059/2059/2059
f 2065/2065/2065 2059/2059/2059 2058/2058/2058 2066/2066/2066
f 2057/2057/2057 2067/2067/2067 2066/2066/2066 2058/2058/2058
f 2067/2067/2067 2057/2057/2057 2056/2056/2056 2068/2068/2068
f 2069/2069/2069 2068/2068/2068 2056/2056/2056 2054/2055/2055
f 2070/2070/2070 2069/2069/2069 2054/2055/2055 2055/2054/2054
f 2071/2071/2071 2070/2070/2070 2055/2054/2054 2052/2053/2053
f 2053/2052/2052 2072/2072/2072 2071/2071/2071 2052/2053/2053
f 2051/2051/2051 2073/2073/2073 2072/2072/2072 2053/2052/2052
f 2074/2074/2074 2073/2073/2073 2051/2051/2051 2050/2050/2050
f 2049/2049/2049 2075/2075/2075 2074/2074/2074 2050/2050/2050
f 2048/2048/2048 2076/2076/2076 2075/2075/2075 2049/2049/2049
f 2076/2076/2076 2048/2048/2048 2047/2047/2047 2062/2063/2063
f 2078/2077/2077 2077/2078/2078 2072/2072/2072 2073/2073/2073
f 2077/2078/2078 2079/2079/2079 2071/2071/2071 2072/2072/2072
f 2079/2079/2079 2080/2080/2080 2070/2070/2070 2071/2071/2071
f 2080/2080/2080 2081/2081/2081 2069/2069/2069 2070/2070/2070
f 2081/2081/2081 2082/2082/2082 2068/2068/2068 2069/2069/2069
f 2082/2082/2082 2083/2083/2083 2067/2067/2067 2068/2068/2068
f 2083/2083/2083 2084/2084/2084 2066/2066/2066 2067/2067/2067
f 2085/2085/2085 2065/2065/2065 2066/2066/2066 2084/2084/2084
f 2085/2085/2085 2086/2086/2086 2064/2064/2064 2065/2065/2065
f 2063/2062/2062 2064/5472/2064 2086/5471/2086 2087/2087/2087
f 2062/2063/2063 2063/2062/2062 2087/2087/2087 2088/2088/2088
f 2088/2088/2088 2089/2089/2089 2076/2076/2076 2062/2063/2063
f 2090/2090/2090 2078/2077/2077 2073/2073/2073 2074/2074/2074
f 2091/2091/2091 2090/2090/2090 2074/2074/2074 2075/2075/2075
f 2089/2089/2089 2091/2091/2091 2075/2075/2075 2076/2076/2076
f 2090/2090/2090 2091/2091/2091 2092/2092/2092 2093/2093/2093
f 2094/2094/2094 2092/2092/2092 2091/2091/2091 2089/2089/2089
f 2095/2095/2095 2094/2094/2094 2089/2089/2089 2088/2088/2088
f 2087/2087/2087 2096/2096/2096 2095/2095/2095 2088/2088/2088
f 2097/5470/2097 2096/2096/2096 2087/2087/2087 2086/5471/2086
f 2097/2097/2097 2086/2086/2086 2085/2085/2085 2098/2098/2098
f 2084/2084/2084 2099/2099/2099 2098/2098/2098 2085/2085/2085
f 2099/2099/2099 2084/2084/2084 2083/2083/2083 2100/2100/2100
f 2100/2100/2100 2083/2083/2083 2082/2082/2082 2101/2101/2101
f 2102/2102/2102 2101/2101/2101 2082/2082/2082 2081/2081/2081
f 2103/2103/2103 2102/2102/2102 2081/2081/2081 2080/2080/2080
f 2104/2104/2104 2103/2103/2103 2080/2080/2080 2079/2079/2079
f 2105/2105/2105 2104/2104/2104 2079/2079/2079 2077/2078/2078
f 2106/2106/2106 2105/2105/2105 2077/2078/2078 2078/2077/2077
f 2078/2077/2077 2090/2090/2090 2093/2093/2093 2106/2106/2106
f 2108/2107/2107 2107/2108/2108 2092/2092/2092 2094/2094/2094
f 2095/2095/2095 2109/2109/2109 2108/2107/2107 2094/2094/2094
f 2096/2096/2096 2110/2110/2110 2109/2109/2109 2095/2095/2095
f 2111/5469/2111 2110/2110/2110 2096/2096/2096 2097/5470/2097
f 2098/2098/2098 2112/2112/2112 2111/2111/2111 2097/2097/2097
f 2112/2112/2112 2098/2098/2098 2099/2099/2099 2113/2113/2113
f 2113/2113/2113 2099/2099/2099 2100/2100/2100 2114/2114/2114
f 2101/2101/2101 2115/2115/2115 2114/2114/2114 2100/2100/2100
f 2116/2116/2116 2115/2115/2115 2101/2101/2101 2102/2102/2102
f 2102/2102/2102 2103/2103/2103 2117/2117/2117 2116/2116/2116
f 2118/2118/2118 2117/2117/2117 2103/2103/2103 2104/2104/2104
f 2104/2104/2104 2105/2105/2105 2119/2119/2119 2118/2118/2118
f 2106/2106/2106 2120/2120/2120 2119/2119/2119 2105/2105/2105
f 2121/2121/2121 2120/2120/2120 2106/2106/2106 2093/2093/2093
f 2093/2093/2093 2092/2092/2092 2107/2108/2108 2121/2121/2121
f 2123/2122/2122 2122/2123/2123 2121/2121/2121 2107/2108/2108
f 2123/2122/2122 2107/2108/2108 2108/2107/2107 2124/2124/2124
f 2124/2124/2124 2108/2107/2107 2109/2109/2109 2125/2125/2125
f 2110/2110/2110 2126/2126/2126 2125/2125/2125 2109/2109/2109
f 2111/5469/2111 2127/5468/2127 2126/2126/2126 2110/2110/2110
f 2112/2112/2112 2128/2128/2128 2127/2127/2127 2111/2111/2111
f 2113/2113/2113 2129/2129/2129 2128/2128/2128 2112/2112/2112
f 2114/2114/2114 2130/2130/2130 2129/2129/2129 2113/2113/2113
f 2115/2115/2115 2131/2131/2131 2130/2130/2130 2114/2114/2114
f 2131/2131/2131 2115/2115/2115 2116/2116/2116 2132/2132/2132
f 2116/2116/2116 2117/2117/2117 2133/2133/2133 2132/2132/2132
f 2134/2134/2134 2133/2133/2133 2117/2117/2117 2118/2118/2118
f 2118/2118/2118 2119/2119/2119 2135/2135/2135 2134/2134/2134
f 2136/2136/2136 2135/2135/2135 2119/2119/2119 2120/2120/2120
f 2120/2120/2120 2121/2121/2121 2122/2123/2123 2136/2136/2136
f 2138/5465/2137 2125/2125/2125 2126/2126/2126 2137/5467/2138
f 2132/2132/2132 2139/2139/2139 2140/2140/2140 2131/2131/2131
f 2141/2141/2141 2139/2139/2139 2132/2132/2132 2133/2133/2133
f 2143/2142/2142 2142/2143/2143 2133/2133/2133 2134/2134/2134
f 2142/2143/2143 2144/2144/2144 2141/2141/2141 2133/2133/2133
f 2131/2131/2131 2140/2140/2140 2145/2145/2145 2130/2130/2130
f 2146/2146/2146 2129/2129/2129 2130/2130/2130 2145/2145/2145
f 2129/2129/2129 2146/2146/2146 2147/2147/2147 2128/2128/2128
f 2128/2128/2128 2147/2147/2147 2148/2148/2148 2127/2127/2127
f 2127/5468/2127 2148/5466/2148 2137/5467/2138 2126/2126/2126
f 2125/2125/2125 2138/5465/2137 2149/5464/2149 2124/2124/2124
f 2149/5464/2149 2150/5463/2150 2123/2122/2122 2124/2124/2124
f 2150/5463/2150 2151/2151/2151 2122/2123/2123 2123/2122/2122
f 2153/2152/2152 2122/2123/2123 2151/2151/2151 2152/2153/2153
f 2153/2152/2152 2154/2154/2154 2136/2136/2136 2122/2123/2123
f 2154/2154/2154 2155/2155/2155 2135/2135/2135 2136/2136/2136
f 2134/2134/2134 2135/2135/2135 2155/2155/2155 2143/2142/2142
f 2142/2143/2143 2143/2142/2142 2156/2156/2156 2144/2144/2144
f 2143/2142/2142 2157/2157/2157 2158/2158/2158 2156/2156/2156
f 2159/2159/2159 2157/2157/2157 2143/2142/2142 2155/2155/2155
f 2160/2160/2160 2159/2159/2159 2155/2155/2155 2154/2154/2154
f 2161/2161/2161 2160/2160/2160 2154/2154/2154 2153/2152/2152
f 2161/2161/2161 2153/2152/2152 2152/2153/2153 2162/2162/2162
f 2157/2157/2157 2159/2159/2159 2163/2163/2163 2158/2158/2158
f 2162/2162/2162 2164/2164/2164 2160/2160/2160 2161/2161/2161
f 2165/2165/2165 2163/2163/2163 2159/2159/2159 2160/2160/2160
f 2165/2165/2165 2160/2160/2160 2164/2164/2164 2166/2166/2166
f 2139/2139/2139 2141/2141/2141 2144/2144/2144 2167/2167/2167
f 2139/2139/2139 2167/2167/2167 2168/2168/2168 2140/2140/2140
f 2140/2140/2140 2168/2168/2168 2169/2169/2169 2145/2145/2145
f 2170/2170/2170 2146/2146/2146 2145/2145/2145 2169/2169/2169
f 2171/2171/2171 2147/2147/2147 2146/2146/2146 2170/2170/2170
f 2171/2171/2171 2137/2138/2138 2148/2148/2148 2147/2147/2147
f 2137/2138/2138 2171/2171/2171 2172/2172/2172 2138/2137/2137
f 2173/2173/2173 2172/2172/2172 2171/2171/2171 2170/2170/2170
f 2173/2173/2173 2170/2170/2170 2169/2169/2169 2174/2174/2174
f 2169/2169/2169 2168/2168/2168 2175/2175/2175 2174/2174/2174
f 2167/2167/2167 2176/2176/2176 2175/2175/2175 2168/2168/2168
f 2177/2177/2177 2176/2176/2176 2167/2167/2167 2144/2144/2144
f 2178/2178/2178 2177/2177/2177 2144/2144/2144 2156/2156/2156
f 2179/2179/2179 2178/2178/2178 2156/2156/2156 2158/2158/2158
f 2180/2180/2180 2179/2179/2179 2158/2158/2158 2163/2163/2163
f 2181/2181/2181 2180/2180/2180 2163/2163/2163 2165/2165/2165
f 2166/2166/2166 2182/2182/2182 2181/2181/2181 2165/2165/2165
f 2183/2183/2183 2182/2182/2182 2166/2166/2166 2164/2164/2164
f 2184/2184/2184 2183/2183/2183 2164/2164/2164 2162/2162/2162
f 2162/2162/2162 2152/2153/2153 2185/2185/2185 2184/2184/2184
f 2186/2186/2186 2185/2185/2185 2152/2153/2153 2151/2151/2151
f 2151/2151/2151 2150/5463/2150 2187/5462/2187 2186/2186/2186
f 2188/2188/2188 2187/2187/2187 2150/2150/2150 2149/2149/2149
f 2172/2172/2172 2188/2188/2188 2149/2149/2149 2138/2137/2137
f 2188/2188/2188 2172/2172/2172 2173/2173/2173 2189/2189/2189
f 2174/2174/2174 2190/2190/2190 2189/2189/2189 2173/2173/2173
f 2174/2174/2174 2175/2175/2175 2176/2176/2176 2190/2190/2190
f 2192/2191/2191 2176/2176/2176 2177/2177/2177 2191/2192/2192
f 2177/2177/2177 2178/2178/2178 2193/2193/2193 2191/2192/2192
f 2194/2194/2194 2193/2193/2193 2178/2178/2178 2179/2179/2179
f 2195/2195/2195 2194/2194/2194 2179/2179/2179 2180/2180/2180
f 2181/2181/2181 2196/2196/2196 2195/2195/2195 2180/2180/2180
f 2196/2196/2196 2181/2181/2181 2182/2182/2182 2197/2197/2197
f 2183/2183/2183 2198/2198/2198 2197/2197/2197 2182/2182/2182
f 2199/2199/2199 2198/2198/2198 2183/2183/2183 2184/2184/2184
f 2199/2199/2199 2184/2184/2184 2185/2185/2185 2200/2200/2200
f 2185/2185/2185 2186/2186/2186 2201/2201/2201 2200/2200/2200
f 2201/2201/2201 2186/2186/2186 2187/5462/2187 2202/5461/2202
f 2187/2187/2187 2188/2188/2188 2189/2189/2189 2202/2202/2202
f 2192/2191/2191 2203/2203/2203 2190/2190/2190 2176/2176/2176
f 2204/2204/2204 2189/2189/2189 2190/2190/2190 2203/2203/2203
f 2204/2204/2204 2205/2205/2205 2202/2202/2202 2189/2189/2189
f 2205/5460/2205 2206/2206/2206 2201/2201/2201 2202/5461/2202
f 2200/2200/2200 2201/2201/2201 2206/2206/2206 2207/2207/2207
f 2207/2207/2207 2208/2208/2208 2199/2199/2199 2200/2200/2200
f 2208/2208/2208 2197/2197/2197 2198/2198/2198 2199/2199/2199
f 2210/2209/2209 2209/2210/2210 2205/2205/2205 2204/2204/2204
f 2211/5482/2211 2206/2206/2206 2205/5460/2205 2209/5459/2210
f 2209/2210/2210 2210/2209/2209 2212/2212/2212 2211/2211/2211
f 2213/2213/2213 2210/2209/2209 2204/2204/2204 2203/2203/2203
f 2212/2212/2212 2210/2209/2209 2213/2213/2213 2214/2214/2214
f 2211/5482/2211 2215/5481/2215 2207/2207/2207 2206/2206/2206
f 2214/2214/2214 2215/2215/2215 2211/2211/2211 2212/2212/2212
f 2203/2203/2203 2192/2191/2191 2191/2192/2192 2213/2213/2213
f 2193/2193/2193 2214/2214/2214 2213/2213/2213 2191/2192/2192
f 2215/5481/2215 2216/5480/2216 2208/2208/2208 2207/2207/2207
f 2214/2214/2214 2217/2217/2217 2216/2216/2216 2215/2215/2215
f 2217/2217/2217 2214/2214/2214 2193/2193/2193 2194/2194/2194
f 2218/5479/2218 2197/2197/2197 2208/2208/2208 2216/5480/2216
f 2197/2197/2197 2218/5479/2218 2195/2195/2195 2196/2196/2196
f 2218/2218/2218 2217/2217/2217 2194/2194/2194 2195/2195/2195
f 2218/2218/2218 2216/2216/2216 2217/2217/2217
f 2475/2219/2219 2476/2220/2220 2440/2221/2221 2441/2222/2222
f 2447/2223/2223 2448/2224/2224 2436/2225/2225 2437/2226/2226
f 2453/2227/2227 2454/2228/2228 2430/2229/2229 2431/2230/2230
f 2456/2231/2231 2457/2232/2232 2427/2233/2233 2428/2234/2234
f 2458/2235/2235 2459/2236/2236 2425/2237/2237 2426/2238/2238
f 2421/2239/2239 2422/5199/2240 2462/2241/2241 2463/2242/2242
f 2414/2243/2243 2415/2244/2244 2469/2245/2245 2470/2246/2246
f 2336/2247/2247 2571/2248/2248 2572/2249/2249 2330/2250/2250
f 2320/2251/2251 2543/2252/2252 2544/2253/2253 2309/2254/2254
f 2294/2255/2255 2549/2256/2256 2550/2257/2257 2288/2258/2258
f 2253/2259/2259 2552/2260/2260 2553/2261/2261 2248/2262/2262
f 2362/2263/2263 2565/2264/2264 2566/2265/2265 2357/2266/2266
f 2275/2267/2267 2558/2268/2268 2559/2269/2269 2278/2270/2270
f 2554/2271/2271 2555/2272/2272 2260/2273/2273 2228/2274/2274
f 2334/2275/2275 2411/2276/2276 2412/2277/2277 2332/2278/2278
f 2383/2279/2279 2384/2280/2280 2311/2281/2281 2318/2282/2282
f 2389/2283/2283 2390/2284/2284 2290/2285/2285 2292/2286/2286
f 2251/2287/2287 2392/2288/2288 2393/2289/2289 2250/2290/2290
f 2394/2291/2291 2395/2292/2292 2262/2293/2293 2244/2294/2294
f 2398/2295/2295 2399/2296/2296 2280/2297/2297 2273/2298/2298
f 2360/2299/2299 2405/2300/2300 2406/2301/2301 2359/2302/2302
f 2248/2262/2262 2553/2261/2261 2554/2271/2271 2228/2274/2274
f 2457/2232/2232 2458/2235/2235 2426/2238/2238 2427/2233/2233
f 2250/2290/2290 2393/2289/2289 2394/2291/2291 2244/2294/2294
f 2391/2303/2303 2392/2288/2288 2251/2287/2287 2243/2304/2304
f 2455/2305/2305 2456/2231/2231 2428/2234/2234 2429/2306/2306
f 2551/2307/2307 2552/2260/2260 2253/2259/2259 2226/2308/2308
f 2256/2309/2309 2255/2310/2310 1737/1719/1719 1718/1718/1718
f 2255/2310/2310 2256/2309/2309 2243/2304/2304 2251/2287/2287
f 2255/2310/2310 2257/2311/2311 1735/1740/1740 1737/1719/1719
f 2257/2311/2311 2255/2310/2310 2251/2287/2287 2250/2290/2290
f 2257/2311/2311 2258/2312/2312 1733/1736/1736 1735/1740/1740
f 2258/2312/2312 2257/2311/2311 2250/2290/2290 2244/2294/2294
f 2260/2273/2273 2555/2272/2272 2556/2313/2313 2264/2314/2314
f 2459/2236/2236 2460/2315/2315 2424/2316/2316 2425/2237/2237
f 2262/2293/2293 2395/2292/2292 2396/2317/2317 2266/2318/2318
f 2264/2314/2314 2556/2313/2313 2557/2319/2319 2229/2320/2320
f 2423/2321/2321 2424/2316/2316 2460/2315/2315 2461/2322/2322
f 2266/2318/2318 2396/2317/2317 2397/2323/2323 2245/2324/2324
f 2244/2294/2294 2262/2293/2293 2267/2325/2325 2258/2312/2312
f 1739/1737/1737 1733/1736/1736 2258/2312/2312 2267/2325/2325
f 2267/2325/2325 2268/2326/2326 1741/1741/1741 1739/1737/1737
f 2268/2326/2326 2267/2325/2325 2262/2293/2293 2266/2318/2318
f 2268/2326/2326 2269/2327/2327 1719/1721/1721 1741/1741/1741
f 2245/2324/2324 2269/2327/2327 2268/2326/2326 2266/2318/2318
f 2269/2327/2327 2270/2328/2328 1721/1722/1722 1719/1721/1721
f 2270/5203/2328 2271/2329/2329 1905/1905/1905 1721/5204/1722
f 1908/1908/1908 1905/1905/1905 2271/2329/2329 2272/2330/2330
f 2397/2323/2323 2398/5200/2295 2273/5202/2298 2245/2324/2324
f 2461/2322/2322 2462/5198/2241 2422/2240/2240 2423/2321/2321
f 2229/2320/2320 2557/2319/2319 2558/5194/2268 2275/5196/2267
f 2278/2270/2270 2559/2269/2269 2560/2331/2331 2231/2332/2332
f 2420/2333/2333 2421/2239/2239 2463/2242/2242 2464/2334/2334
f 2246/2335/2335 2280/2297/2297 2399/2296/2296 2400/2336/2336
f 2270/2328/2328 2269/2327/2327 2245/2324/2324 2273/5202/2298
f 2280/2297/2297 2271/2329/2329 2270/5203/2328 2273/2298/2298
f 2272/2330/2330 2271/2329/2329 2280/2297/2297 2246/2335/2335
f 1772/1782/1782 1908/1908/1908 2281/2337/2337 1791/1798/1798
f 2272/2330/2330 2282/2338/2338 2281/2337/2337 1908/1908/1908
f 2400/2336/2336 2401/2339/2339 2283/2340/2340 2246/2335/2335
f 2419/2341/2341 2420/2333/2333 2464/2334/2334 2465/2342/2342
f 2231/2332/2332 2560/2331/2331 2561/2343/2343 2285/2344/2344
f 2283/2340/2340 2282/2338/2338 2272/2330/2330 2246/2335/2335
f 2288/2258/2258 2550/2257/2257 2551/2307/2307 2226/2308/2308
f 2454/2228/2228 2455/2305/2305 2429/2306/2306 2430/2229/2229
f 2243/2304/2304 2290/2285/2285 2390/2284/2284 2391/2303/2303
f 1718/1718/1718 1388/1389/1389 2291/2345/2345 2256/2309/2309
f 2291/2345/2345 2290/2285/2285 2243/2304/2304 2256/2309/2309
f 2388/2346/2346 2389/2283/2283 2292/2286/2286 2297/2347/2347
f 2452/2348/2348 2453/2227/2227 2431/2230/2230 2432/5181/2349
f 2299/2350/2350 2548/2351/2351 2549/2256/2256 2294/2255/2255
f 2291/2345/2345 1388/1389/1389 1386/1387/1387 2296/2352/2352
f 2290/2285/2285 2291/2345/2345 2296/2352/2352 2292/2286/2286
f 2387/2353/2353 2388/5182/2346 2297/5185/2347 2302/2354/2354
f 2451/2355/2355 2452/5180/2348 2432/2349/2349 2433/2356/2356
f 2304/2357/2357 2547/2358/2358 2548/5176/2351 2299/5178/2350
f 2301/5184/2359 2296/2352/2352 1386/1387/1387 1384/5186/1384
f 2296/2352/2352 2301/5184/2359 2297/2347/2347 2292/2286/2286
f 2386/2360/2360 2387/2353/2353 2302/2354/2354 2242/2361/2361
f 2450/2362/2362 2451/2355/2355 2433/2356/2356 2434/2363/2363
f 2546/2364/2364 2547/2358/2358 2304/2357/2357 2224/2365/2365
f 2306/2366/2366 2301/2359/2359 1384/1384/1384 1382/1383/1383
f 2301/2359/2359 2306/2366/2366 2302/2354/2354 2297/5185/2347
f 2307/2367/2367 2306/2366/2366 1382/1383/1383 1764/1764/1764
f 2306/2366/2366 2307/2367/2367 2242/2361/2361 2302/2354/2354
f 2309/2254/2254 2544/2253/2253 2545/2368/2368 2313/2369/2369
f 2448/2224/2224 2449/2370/2370 2435/2371/2371 2436/2225/2225
f 2384/2280/2280 2385/2372/2372 2315/2373/2373 2311/2281/2281
f 2313/2369/2369 2545/2368/2368 2546/2364/2364 2224/2365/2365
f 2449/2370/2370 2450/2362/2362 2434/2363/2363 2435/2371/2371
f 2242/2361/2361 2315/2373/2373 2385/2372/2372 2386/2360/2360
f 2307/2367/2367 2316/2374/2374 2315/2373/2373 2242/2361/2361
f 2316/2374/2374 2307/2367/2367 1764/1764/1764 1861/1766/1766
f 2316/2374/2374 2317/2375/2375 2311/2281/2281 2315/2373/2373
f 1861/1766/1766 1869/1865/1865 2317/2375/2375 2316/2374/2374
f 2382/2376/2376 2383/2279/2279 2318/2282/2282 2322/2377/2377
f 2446/2378/2378 2447/2223/2223 2437/2226/2226 2438/2379/2379
f 2324/2380/2380 2542/2381/2381 2543/2252/2252 2320/2251/2251
f 2381/2382/2382 2382/2376/2376 2322/2377/2377 2240/2383/2383
f 2445/2384/2384 2446/2378/2378 2438/2379/2379 2439/2385/2385
f 2541/2386/2386 2542/2381/2381 2324/2380/2380 2221/2387/2387
f 2317/2375/2375 2326/2388/2388 2318/2282/2282 2311/2281/2281
f 1876/1873/1873 2326/2388/2388 2317/2375/2375 1869/1865/1865
f 2326/2388/2388 2327/2389/2389 2322/2377/2377 2318/2282/2282
f 2327/2389/2389 2326/2388/2388 1876/1873/1873 1886/1880/1880
f 2327/2389/2389 2328/2390/2390 2240/2383/2383 2322/2377/2377
f 2328/2390/2390 2327/2389/2389 1886/1880/1880 1766/1767/1767
f 2330/2250/2250 2572/2249/2249 2541/2386/2386 2221/2387/2387
f 2439/2385/2385 2440/2221/2221 2476/2220/2220 2445/2384/2384
f 2332/2278/2278 2412/2277/2277 2381/2382/2382 2240/2383/2383
f 2328/2390/2390 2333/2391/2391 2332/2278/2278 2240/2383/2383
f 2333/2391/2391 2328/2390/2390 1766/1767/1767 1904/1770/1770
f 2339/2392/2392 2410/2393/2393 2411/2276/2276 2334/2275/2275
f 2474/2394/2394 2475/2219/2219 2441/2222/2222 2442/2395/2395
f 2341/2396/2396 2570/2397/2397 2571/2248/2248 2336/2247/2247
f 2338/2398/2398 2333/2391/2391 1904/1770/1770 1900/1901/1901
f 2333/2391/2391 2338/2398/2398 2334/2275/2275 2332/2278/2278
f 2344/2399/2399 2409/2400/2400 2410/2393/2393 2339/2392/2392
f 2473/2401/2401 2474/2394/2394 2442/2395/2395 2443/2402/2402
f 2346/2403/2403 2569/2404/2404 2570/2397/2397 2341/2396/2396
f 2338/2398/2398 2343/2405/2405 2339/2392/2392 2334/2275/2275
f 2343/2405/2405 2338/2398/2398 1900/1901/1901 1897/1898/1898
f 2348/2406/2406 2408/2407/2407 2409/2400/2400 2344/2399/2399
f 2472/2408/2408 2473/2401/2401 2443/2402/2402 2444/2409/2409
f 2350/2410/2410 2568/2411/2411 2569/2404/2404 2346/2403/2403
f 2407/2412/2412 2408/2407/2407 2348/2406/2406 2241/2413/2413
f 2471/2414/2414 2472/2408/2408 2444/2409/2409 2413/2415/2415
f 2567/2416/2416 2568/2411/2411 2350/2410/2410 2220/2417/2417
f 2344/2399/2399 2339/2392/2392 2343/2405/2405 2352/2418/2418
f 2352/2418/2418 2343/2405/2405 1897/1898/1898 1843/1846/1846
f 1768/1771/1771 2353/2419/2419 2352/2418/2418 1843/1846/1846
f 2348/2406/2406 2344/2399/2399 2352/2418/2418 2353/2419/2419
f 2354/2420/2420 2241/2413/2413 2348/2406/2406 2353/2419/2419
f 2353/2419/2419 1768/1771/1771 1833/1774/1774 2354/2420/2420
f 2281/2337/2337 2355/2421/2421 1805/1778/1778 1791/1798/1798
f 2283/2340/2340 2355/2421/2421 2281/2337/2337 2282/2338/2338
f 2357/2266/2266 2566/2265/2265 2567/2416/2416 2220/2417/2417
f 2413/2415/2415 2414/2243/2243 2470/2246/2246 2471/2414/2414
f 2359/2302/2302 2406/2301/2301 2407/2412/2412 2241/2413/2413
f 2364/2422/2422 2404/2423/2423 2405/2300/2300 2360/2299/2299
f 2415/2244/2244 2416/2424/2424 2468/2425/2425 2469/2245/2245
f 2366/2426/2426 2564/2427/2427 2565/2264/2264 2362/2263/2263
f 2368/2428/2428 2403/2429/2429 2404/2423/2423 2364/2422/2422
f 2416/2424/2424 2417/2430/2430 2467/2431/2431 2468/2425/2425
f 2370/2432/2432 2563/2433/2433 2564/2427/2427 2366/2426/2426
f 2372/2434/2434 2402/2435/2435 2403/2429/2429 2368/2428/2428
f 2417/2430/2430 2418/2436/2436 2466/2437/2437 2467/2431/2431
f 2374/2438/2438 2562/2439/2439 2563/2433/2433 2370/2432/2432
f 2283/2340/2340 2401/2339/2339 2402/2435/2435 2372/2434/2434
f 2418/2436/2436 2419/2341/2341 2465/2342/2342 2466/2437/2437
f 2285/2344/2344 2561/2343/2343 2562/2439/2439 2374/2438/2438
f 1827/1832/1832 2376/2440/2440 2354/2420/2420 1833/1774/1774
f 2376/2440/2440 2359/2302/2302 2241/2413/2413 2354/2420/2420
f 1822/1827/1827 2377/2441/2441 2376/2440/2440 1827/1832/1832
f 2359/2302/2302 2376/2440/2440 2377/2441/2441 2360/2299/2299
f 2377/2441/2441 1822/1827/1827 1817/1822/1822 2378/2442/2442
f 2360/2299/2299 2377/2441/2441 2378/2442/2442 2364/2422/2422
f 2378/2442/2442 1817/1822/1822 1811/1816/1816 2379/2443/2443
f 2379/2443/2443 2368/2428/2428 2364/2422/2422 2378/2442/2442
f 1770/1775/1775 2380/2444/2444 2379/2443/2443 1811/1816/1816
f 2368/2428/2428 2379/2443/2443 2380/2444/2444 2372/2434/2434
f 1805/1778/1778 2355/2421/2421 2380/2444/2444 1770/1775/1775
f 2372/2434/2434 2380/2444/2444 2355/2421/2421 2283/2340/2340
f 2323/2445/2445 2382/2376/2376 2381/2382/2382 2222/2446/2446
f 2319/2447/2447 2383/2279/2279 2382/2376/2376 2323/2445/2445
f 2310/2448/2448 2384/2280/2280 2383/2279/2279 2319/2447/2447
f 2314/2449/2449 2385/2372/2372 2384/2280/2280 2310/2448/2448
f 2386/2360/2360 2385/2372/2372 2314/2449/2449 2223/2450/2450
f 2303/2451/2451 2387/2353/2353 2386/2360/2360 2223/2450/2450
f 2298/5183/2452 2388/5182/2346 2387/2353/2353 2303/2451/2451
f 2293/2453/2453 2389/2283/2283 2388/2346/2346 2298/2452/2452
f 2289/2454/2454 2390/2284/2284 2389/2283/2283 2293/2453/2453
f 2391/2303/2303 2390/2284/2284 2289/2454/2454 2225/2455/2455
f 2225/2455/2455 2252/2456/2456 2392/2288/2288 2391/2303/2303
f 2393/2289/2289 2392/2288/2288 2252/2456/2456 2249/2457/2457
f 2394/2291/2291 2393/2289/2289 2249/2457/2457 2227/2458/2458
f 2227/2458/2458 2261/2459/2459 2395/2292/2292 2394/2291/2291
f 2396/2317/2317 2395/2292/2292 2261/2459/2459 2265/2460/2460
f 2397/2323/2323 2396/2317/2317 2265/2460/2460 2230/2461/2461
f 2274/5201/2462 2398/5200/2295 2397/2323/2323 2230/2461/2461
f 2279/2463/2463 2399/2296/2296 2398/2295/2295 2274/2462/2462
f 2400/2336/2336 2399/2296/2296 2279/2463/2463 2232/2464/2464
f 2232/2464/2464 2284/2465/2465 2401/2339/2339 2400/2336/2336
f 2402/2435/2435 2401/2339/2339 2284/2465/2465 2373/2466/2466
f 2403/2429/2429 2402/2435/2435 2373/2466/2466 2369/2467/2467
f 2404/2423/2423 2403/2429/2429 2369/2467/2467 2365/2468/2468
f 2405/2300/2300 2404/2423/2423 2365/2468/2468 2361/2469/2469
f 2406/2301/2301 2405/2300/2300 2361/2469/2469 2358/2470/2470
f 2407/2412/2412 2406/2301/2301 2358/2470/2470 2219/2471/2471
f 2219/2471/2471 2349/2472/2472 2408/2407/2407 2407/2412/2412
f 2409/2400/2400 2408/2407/2407 2349/2472/2472 2345/2473/2473
f 2410/2393/2393 2409/2400/2400 2345/2473/2473 2340/2474/2474
f 2411/2276/2276 2410/2393/2393 2340/2474/2474 2335/2475/2475
f 2412/2277/2277 2411/2276/2276 2335/2475/2475 2331/2476/2476
f 2381/2382/2382 2412/2277/2277 2331/2476/2476 2222/2446/2446
f 2358/2470/2470 2414/2243/2243 2413/2415/2415 2219/2471/2471
f 2361/2469/2469 2415/2244/2244 2414/2243/2243 2358/2470/2470
f 2365/2468/2468 2416/2424/2424 2415/2244/2244 2361/2469/2469
f 2369/2467/2467 2417/2430/2430 2416/2424/2424 2365/2468/2468
f 2373/2466/2466 2418/2436/2436 2417/2430/2430 2369/2467/2467
f 2284/2465/2465 2419/2341/2341 2418/2436/2436 2373/2466/2466
f 2232/2464/2464 2420/2333/2333 2419/2341/2341 2284/2465/2465
f 2279/2463/2463 2421/2239/2239 2420/2333/2333 2232/2464/2464
f 2274/2462/2462 2422/5199/2240 2421/2239/2239 2279/2463/2463
f 2423/2321/2321 2422/2240/2240 2274/5201/2462 2230/2461/2461
f 2230/2461/2461 2265/2460/2460 2424/2316/2316 2423/2321/2321
f 2425/2237/2237 2424/2316/2316 2265/2460/2460 2261/2459/2459
f 2426/2238/2238 2425/2237/2237 2261/2459/2459 2227/2458/2458
f 2427/2233/2233 2426/2238/2238 2227/2458/2458 2249/2457/2457
f 2428/2234/2234 2427/2233/2233 2249/2457/2457 2252/2456/2456
f 2429/2306/2306 2428/2234/2234 2252/2456/2456 2225/2455/2455
f 2430/2229/2229 2429/2306/2306 2225/2455/2455 2289/2454/2454
f 2431/2230/2230 2430/2229/2229 2289/2454/2454 2293/2453/2453
f 2432/5181/2349 2431/2230/2230 2293/2453/2453 2298/2452/2452
f 2433/2356/2356 2432/2349/2349 2298/5183/2452 2303/2451/2451
f 2434/2363/2363 2433/2356/2356 2303/2451/2451 2223/2450/2450
f 2435/2371/2371 2434/2363/2363 2223/2450/2450 2314/2449/2449
f 2436/2225/2225 2435/2371/2371 2314/2449/2449 2310/2448/2448
f 2437/2226/2226 2436/2225/2225 2310/2448/2448 2319/2447/2447
f 2438/2379/2379 2437/2226/2226 2319/2447/2447 2323/2445/2445
f 2439/2385/2385 2438/2379/2379 2323/2445/2445 2222/2446/2446
f 2222/2446/2446 2331/2476/2476 2440/2221/2221 2439/2385/2385
f 2441/2222/2222 2440/2221/2221 2331/2476/2476 2335/2475/2475
f 2442/2395/2395 2441/2222/2222 2335/2475/2475 2340/2474/2474
f 2443/2402/2402 2442/2395/2395 2340/2474/2474 2345/2473/2473
f 2444/2409/2409 2443/2402/2402 2345/2473/2473 2349/2472/2472
f 2413/2415/2415 2444/2409/2409 2349/2472/2472 2219/2471/2471
f 2477/2477/2477 2478/2478/2478 2446/2378/2378 2445/2384/2384
f 2478/2478/2478 2479/2479/2479 2447/2223/2223 2446/2378/2378
f 2479/2479/2479 2480/2480/2480 2448/2224/2224 2447/2223/2223
f 2480/2480/2480 2481/2481/2481 2449/2370/2370 2448/2224/2224
f 2481/2481/2481 2482/2482/2482 2450/2362/2362 2449/2370/2370
f 2482/2482/2482 2483/2483/2483 2451/2355/2355 2450/2362/2362
f 2483/2483/2483 2484/5179/2484 2452/5180/2348 2451/2355/2355
f 2484/2484/2484 2485/2485/2485 2453/2227/2227 2452/2348/2348
f 2485/2485/2485 2486/2486/2486 2454/2228/2228 2453/2227/2227
f 2486/2486/2486 2487/2487/2487 2455/2305/2305 2454/2228/2228
f 2487/2487/2487 2488/2488/2488 2456/2231/2231 2455/2305/2305
f 2488/2488/2488 2489/2489/2489 2457/2232/2232 2456/2231/2231
f 2489/2489/2489 2490/2490/2490 2458/2235/2235 2457/2232/2232
f 2490/2490/2490 2491/2491/2491 2459/2236/2236 2458/2235/2235
f 2491/2491/2491 2492/2492/2492 2460/2315/2315 2459/2236/2236
f 2461/2322/2322 2460/2315/2315 2492/2492/2492 2493/2493/2493
f 2493/2493/2493 2494/5197/2494 2462/5198/2241 2461/2322/2322
f 2463/2242/2242 2462/2241/2241 2494/2494/2494 2495/2495/2495
f 2464/2334/2334 2463/2242/2242 2495/2495/2495 2496/2496/2496
f 2465/2342/2342 2464/2334/2334 2496/2496/2496 2497/2497/2497
f 2466/2437/2437 2465/2342/2342 2497/2497/2497 2498/2498/2498
f 2467/2431/2431 2466/2437/2437 2498/2498/2498 2499/2499/2499
f 2468/2425/2425 2467/2431/2431 2499/2499/2499 2500/2500/2500
f 2469/2245/2245 2468/2425/2425 2500/2500/2500 2501/2501/2501
f 2470/2246/2246 2469/2245/2245 2501/2501/2501 2502/2502/2502
f 2471/2414/2414 2470/2246/2246 2502/2502/2502 2503/2503/2503
f 2503/2503/2503 2504/2504/2504 2472/2408/2408 2471/2414/2414
f 2504/2504/2504 2505/2505/2505 2473/2401/2401 2472/2408/2408
f 2505/2505/2505 2506/2506/2506 2474/2394/2394 2473/2401/2401
f 2506/2506/2506 2507/2507/2507 2475/2219/2219 2474/2394/2394
f 2507/2507/2507 2508/2508/2508 2476/2220/2220 2475/2219/2219
f 2445/2384/2384 2476/2220/2220 2508/2508/2508 2477/2477/2477
f 2509/2509/2509 2510/2510/2510 2478/2478/2478 2477/2477/2477
f 2510/2510/2510 2511/2511/2511 2479/2479/2479 2478/2478/2478
f 2511/2511/2511 2512/2512/2512 2480/2480/2480 2479/2479/2479
f 2512/2512/2512 2513/2513/2513 2481/2481/2481 2480/2480/2480
f 2513/2513/2513 2514/2514/2514 2482/2482/2482 2481/2481/2481
f 2514/2514/2514 2515/2515/2515 2483/2483/2483 2482/2482/2482
f 2515/2515/2515 2516/5177/2516 2484/5179/2484 2483/2483/2483
f 2516/2516/2516 2517/2517/2517 2485/2485/2485 2484/2484/2484
f 2517/2517/2517 2518/2518/2518 2486/2486/2486 2485/2485/2485
f 2518/2518/2518 2519/2519/2519 2487/2487/2487 2486/2486/2486
f 2519/2519/2519 2520/2520/2520 2488/2488/2488 2487/2487/2487
f 2520/2520/2520 2521/2521/2521 2489/2489/2489 2488/2488/2488
f 2521/2521/2521 2522/2522/2522 2490/2490/2490 2489/2489/2489
f 2522/2522/2522 2523/2523/2523 2491/2491/2491 2490/2490/2490
f 2523/2523/2523 2524/2524/2524 2492/2492/2492 2491/2491/2491
f 2493/2493/2493 2492/2492/2492 2524/2524/2524 2525/2525/2525
f 2525/2525/2525 2526/5195/2526 2494/5197/2494 2493/2493/2493
f 2495/2495/2495 2494/2494/2494 2526/2526/2526 2527/2527/2527
f 2496/2496/2496 2495/2495/2495 2527/2527/2527 2528/2528/2528
f 2497/2497/2497 2496/2496/2496 2528/2528/2528 2529/2529/2529
f 2498/2498/2498 2497/2497/2497 2529/2529/2529 2530/2530/2530
f 2499/2499/2499 2498/2498/2498 2530/2530/2530 2531/2531/2531
f 2500/2500/2500 2499/2499/2499 2531/2531/2531 2532/2532/2532
f 2501/2501/2501 2500/2500/2500 2532/2532/2532 2533/2533/2533
f 2502/2502/2502 2501/2501/2501 2533/2533/2533 2534/2534/2534
f 2503/2503/2503 2502/2502/2502 2534/2534/2534 2535/2535/2535
f 2535/2535/2535 2536/2536/2536 2504/2504/2504 2503/2503/2503
f 2536/2536/2536 2537/2537/2537 2505/2505/2505 2504/2504/2504
f 2537/2537/2537 2538/2538/2538 2506/2506/2506 2505/2505/2505
f 2538/2538/2538 2539/2539/2539 2507/2507/2507 2506/2506/2506
f 2539/2539/2539 2540/2540/2540 2508/2508/2508 2507/2507/2507
f 2477/2477/2477 2508/2508/2508 2540/2540/2540 2509/2509/2509
f 2324/2380/2380 2510/2510/2510 2509/2509/2509 2221/2387/2387
f 2320/2251/2251 2511/2511/2511 2510/2510/2510 2324/2380/2380
f 2309/2254/2254 2512/2512/2512 2511/2511/2511 2320/2251/2251
f 2313/2369/2369 2513/2513/2513 2512/2512/2512 2309/2254/2254
f 2224/2365/2365 2514/2514/2514 2513/2513/2513 2313/2369/2369
f 2304/2357/2357 2515/2515/2515 2514/2514/2514 2224/2365/2365
f 2299/5178/2350 2516/5177/2516 2515/2515/2515 2304/2357/2357
f 2294/2255/2255 2517/2517/2517 2516/2516/2516 2299/2350/2350
f 2288/2258/2258 2518/2518/2518 2517/2517/2517 2294/2255/2255
f 2226/2308/2308 2519/2519/2519 2518/2518/2518 2288/2258/2258
f 2253/2259/2259 2520/2520/2520 2519/2519/2519 2226/2308/2308
f 2248/2262/2262 2521/2521/2521 2520/2520/2520 2253/2259/2259
f 2228/2274/2274 2522/2522/2522 2521/2521/2521 2248/2262/2262
f 2260/2273/2273 2523/2523/2523 2522/2522/2522 2228/2274/2274
f 2264/2314/2314 2524/2524/2524 2523/2523/2523 2260/2273/2273
f 2525/2525/2525 2524/2524/2524 2264/2314/2314 2229/2320/2320
f 2229/2320/2320 2275/5196/2267 2526/5195/2526 2525/2525/2525
f 2527/2527/2527 2526/2526/2526 2275/2267/2267 2278/2270/2270
f 2528/2528/2528 2527/2527/2527 2278/2270/2270 2231/2332/2332
f 2529/2529/2529 2528/2528/2528 2231/2332/2332 2285/2344/2344
f 2530/2530/2530 2529/2529/2529 2285/2344/2344 2374/2438/2438
f 2531/2531/2531 2530/2530/2530 2374/2438/2438 2370/2432/2432
f 2532/2532/2532 2531/2531/2531 2370/2432/2432 2366/2426/2426
f 2533/2533/2533 2532/2532/2532 2366/2426/2426 2362/2263/2263
f 2534/2534/2534 2533/2533/2533 2362/2263/2263 2357/2266/2266
f 2535/2535/2535 2534/2534/2534 2357/2266/2266 2220/2417/2417
f 2350/2410/2410 2536/2536/2536 2535/2535/2535 2220/2417/2417
f 2346/2403/2403 2537/2537/2537 2536/2536/2536 2350/2410/2410
f 2341/2396/2396 2538/2538/2538 2537/2537/2537 2346/2403/2403
f 2336/2247/2247 2539/2539/2539 2538/2538/2538 2341/2396/2396
f 2330/2250/2250 2540/2540/2540 2539/2539/2539 2336/2247/2247
f 2509/2509/2509 2540/2540/2540 2330/2250/2250 2221/2387/2387
f 2573/2541/2541 2574/2542/2542 2542/2381/2381 2541/2386/2386
f 2543/2252/2252 2542/2381/2381 2574/2542/2542 2575/2543/2543
f 2544/2253/2253 2543/2252/2252 2575/2543/2543 2576/2544/2544
f 2545/2368/2368 2544/2253/2253 2576/2544/2544 2577/2545/2545
f 2546/2364/2364 2545/2368/2368 2577/2545/2545 2578/2546/2546
f 2578/2546/2546 2579/2547/2547 2547/2358/2358 2546/2364/2364
f 2548/5176/2351 2547/2358/2358 2579/2547/2547 2580/5175/2548
f 2549/2256/2256 2548/2351/2351 2580/2548/2548 2581/2549/2549
f 2550/2257/2257 2549/2256/2256 2581/2549/2549 2582/2550/2550
f 2551/2307/2307 2550/2257/2257 2582/2550/2550 2583/2551/2551
f 2583/2551/2551 2584/2552/2552 2552/2260/2260 2551/2307/2307
f 2553/2261/2261 2552/2260/2260 2584/2552/2552 2585/2553/2553
f 2554/2271/2271 2553/2261/2261 2585/2553/2553 2586/2554/2554
f 2586/2554/2554 2587/2555/2555 2555/2272/2272 2554/2271/2271
f 2556/2313/2313 2555/2272/2272 2587/2555/2555 2588/2556/2556
f 2557/2319/2319 2556/2313/2313 2588/2556/2556 2589/2557/2557
f 2558/5194/2268 2557/2319/2319 2589/2557/2557 2590/5193/2558
f 2559/2269/2269 2558/2268/2268 2590/2558/2558 2591/2559/2559
f 2560/2331/2331 2559/2269/2269 2591/2559/2559 2592/2560/2560
f 2561/2343/2343 2560/2331/2331 2592/2560/2560 2593/2561/2561
f 2562/2439/2439 2561/2343/2343 2593/2561/2561 2594/2562/2562
f 2563/2433/2433 2562/2439/2439 2594/2562/2562 2595/2563/2563
f 2564/2427/2427 2563/2433/2433 2595/2563/2563 2596/2564/2564
f 2565/2264/2264 2564/2427/2427 2596/2564/2564 2597/2565/2565
f 2566/2265/2265 2565/2264/2264 2597/2565/2565 2598/2566/2566
f 2567/2416/2416 2566/2265/2265 2598/2566/2566 2599/2567/2567
f 2599/2567/2567 2600/2568/2568 2568/2411/2411 2567/2416/2416
f 2569/2404/2404 2568/2411/2411 2600/2568/2568 2601/2569/2569
f 2570/2397/2397 2569/2404/2404 2601/2569/2569 2602/2570/2570
f 2571/2248/2248 2570/2397/2397 2602/2570/2570 2603/2571/2571
f 2572/2249/2249 2571/2248/2248 2603/2571/2571 2604/2572/2572
f 2541/2386/2386 2572/2249/2249 2604/2572/2572 2573/2541/2541
f 2233/2573/2573 2325/2574/2574 2574/2542/2542 2573/2541/2541
f 2575/2543/2543 2574/2542/2542 2325/2574/2574 2321/2575/2575
f 2576/2544/2544 2575/2543/2543 2321/2575/2575 2308/2576/2576
f 2577/2545/2545 2576/2544/2544 2308/2576/2576 2312/2577/2577
f 2578/2546/2546 2577/2545/2545 2312/2577/2577 2235/2578/2578
f 2235/2578/2578 2305/2579/2579 2579/2547/2547 2578/2546/2546
f 2580/5175/2548 2579/2547/2547 2305/2579/2579 2300/2580/2580
f 2581/2549/2549 2580/2548/2548 2300/5170/2580 2295/2581/2581
f 2582/2550/2550 2581/2549/2549 2295/2581/2581 2287/2582/2582
f 2583/2551/2551 2582/2550/2550 2287/2582/2582 2236/2583/2583
f 2236/2583/2583 2254/2584/2584 2584/2552/2552 2583/2551/2551
f 2585/2553/2553 2584/2552/2552 2254/2584/2584 2247/2585/2585
f 2586/2554/2554 2585/2553/2553 2247/2585/2585 2237/2586/2586
f 2237/2586/2586 2259/2587/2587 2587/2555/2555 2586/2554/2554
f 2588/2556/2556 2587/2555/2555 2259/2587/2587 2263/2588/2588
f 2589/2557/2557 2588/2556/2556 2263/2588/2588 2239/2589/2589
f 2590/5193/2558 2589/2557/2557 2239/2589/2589 2276/2590/2590
f 2591/2559/2559 2590/2558/2558 2276/5189/2590 2277/2591/2591
f 2592/2560/2560 2591/2559/2559 2277/2591/2591 2238/2592/2592
f 2593/2561/2561 2592/2560/2560 2238/2592/2592 2286/2593/2593
f 2594/2562/2562 2593/2561/2561 2286/2593/2593 2375/2594/2594
f 2595/2563/2563 2594/2562/2562 2375/2594/2594 2371/2595/2595
f 2596/2564/2564 2595/2563/2563 2371/2595/2595 2367/2596/2596
f 2597/2565/2565 2596/2564/2564 2367/2596/2596 2363/2597/2597
f 2598/2566/2566 2597/2565/2565 2363/2597/2597 2356/2598/2598
f 2599/2567/2567 2598/2566/2566 2356/2598/2598 2234/2599/2599
f 2234/2599/2599 2351/2600/2600 2600/2568/2568 2599/2567/2567
f 2601/2569/2569 2600/2568/2568 2351/2600/2600 2347/2601/2601
f 2602/2570/2570 2601/2569/2569 2347/2601/2601 2342/2602/2602
f 2603/2571/2571 2602/2570/2570 2342/2602/2602 2337/2603/2603
f 2604/2572/2572 2603/2571/2571 2337/2603/2603 2329/2604/2604
f 2573/2541/2541 2604/2572/2572 2329/2604/2604 2233/2573/2573
f 2648/2605/2605 2666/2606/2606 2667/2607/2607 2607/2608/2608
f 2711/2609/2609 2712/2610/2610 2606/2611/2611 2638/2612/2612
f 2639/2613/2613 2721/2614/2614 2722/2615/2615 2610/2616/2616
f 2640/2617/2617 2736/2618/2618 2737/2619/2619 2612/2620/2620
f 2646/2621/2621 2647/2622/2622 2626/2623/2623 2615/2624/2624
f 2662/5191/2625 2663/5190/2626 2617/2627/2627 2645/2628/2628
f 2644/2629/2629 2658/2630/2630 2659/2631/2631 2619/2632/2632
f 2641/5173/2633 2756/2634/2634 2757/2635/2635 2614/2636/2636
f 2650/2637/2637 2651/2638/2638 2622/2639/2639 2642/2640/2640
f 2643/2641/2641 2654/2642/2642 2655/2643/2643 2624/2644/2644
f 2626/2623/2623 2647/2622/2622 2648/2605/2605 2607/2608/2608
f 2695/2645/2645 2696/2646/2646 2668/2647/2647 2628/2648/2648
f 2681/2649/2649 2713/2650/2650 2714/2651/2651 2627/2652/2652
f 2682/2653/2653 2723/2654/2654 2724/2655/2655 2629/2656/2656
f 2694/2657/2657 2695/2645/2645 2628/2648/2648 2631/2658/2658
f 2691/2659/2659 2692/5187/2660 2664/2661/2661 2633/2662/2662
f 2689/2663/2663 2690/2664/2664 2660/2665/2665 2634/2666/2666
f 2685/2667/2667 2686/2668/2668 2652/2669/2669 2635/2670/2670
f 2687/2671/2671 2688/2672/2672 2656/2673/2673 2636/2674/2674
f 2693/2675/2675 2694/2657/2657 2631/2658/2658 2632/2676/2676
f 2684/5171/2677 2758/2678/2678 2759/2679/2679 2637/2680/2680
f 2683/2681/2681 2738/2682/2682 2739/2683/2683 2630/2684/2684
f 2631/2658/2658 2628/2648/2648 2286/2593/2593 2238/2592/2592
f 2632/2676/2676 2631/2658/2658 2238/2592/2592 2277/2591/2591
f 2710/2685/2685 2711/2609/2609 2638/2612/2612 2605/2686/2686
f 2609/2687/2687 2720/2688/2688 2721/2614/2614 2639/2613/2613
f 2611/2689/2689 2735/5109/2690 2736/2618/2618 2640/2617/2617
f 2613/5174/2691 2755/5110/2692 2756/2634/2634 2641/5173/2633
f 2649/2693/2693 2650/2637/2637 2642/2640/2640 2621/2694/2694
f 2623/2695/2695 2653/2696/2696 2654/2642/2642 2643/2641/2641
f 2620/2697/2697 2657/5088/2698 2658/2630/2630 2644/2629/2629
f 2661/5086/2699 2662/5191/2625 2645/2628/2628 2618/5089/2700
f 2616/5087/2701 2625/5083/2702 2647/2622/2622 2646/2621/2621
f 2648/2605/2605 2647/2622/2622 2625/5083/2702 2608/2703/2703
f 2608/2703/2703 2665/2704/2704 2666/2606/2606 2648/2605/2605
f 2643/2641/2641 2650/2637/2637 2649/2693/2693 2623/2695/2695
f 2624/2644/2644 2651/2638/2638 2650/2637/2637 2643/2641/2641
f 2652/2669/2669 2686/2668/2668 2687/2671/2671 2636/2674/2674
f 2635/2670/2670 2652/2669/2669 2254/2584/2584 2236/2583/2583
f 2247/2585/2585 2254/2584/2584 2652/2669/2669 2636/2674/2674
f 2654/2642/2642 2653/2696/2696 2620/2697/2697 2644/2629/2629
f 2655/2643/2643 2654/2642/2642 2644/2629/2629 2619/2632/2632
f 2656/2673/2673 2688/2672/2672 2689/2663/2663 2634/2666/2666
f 2636/2674/2674 2656/2673/2673 2237/2586/2586 2247/2585/2585
f 2259/2587/2587 2237/2586/2586 2656/2673/2673 2634/2666/2666
f 2658/2630/2630 2657/5088/2698 2618/5089/2700 2645/2628/2628
f 2659/2631/2631 2658/2630/2630 2645/2628/2628 2617/2627/2627
f 2660/2665/2665 2690/2664/2664 2691/2659/2659 2633/2662/2662
f 2263/2588/2588 2259/2587/2587 2634/2666/2666 2660/2665/2665
f 2239/2589/2589 2263/2588/2588 2660/2665/2665 2633/2662/2662
f 2646/2621/2621 2662/2625/2625 2661/5192/2699 2616/5087/2701
f 2615/2624/2624 2663/2626/2626 2662/2625/2625 2646/2621/2621
f 2664/5188/2661 2692/2660/2660 2693/2675/2675 2632/2676/2676
f 2633/2662/2662 2664/2661/2661 2276/2590/2590 2239/2589/2589
f 2664/5188/2661 2632/2676/2676 2277/2591/2591 2276/5189/2590
f 2666/2606/2606 2665/2704/2704 2669/2705/2705 2670/2706/2706
f 2667/2607/2607 2666/2606/2606 2670/2706/2706 2671/2707/2707
f 2668/2647/2647 2696/2646/2646 2697/2708/2708 2672/2709/2709
f 2670/2706/2706 2669/2705/2705 2673/2710/2710 2674/2711/2711
f 2671/2707/2707 2670/2706/2706 2674/2711/2711 2675/2712/2712
f 2672/2709/2709 2697/2708/2708 2698/2713/2713 2676/2714/2714
f 2668/2647/2647 2375/2594/2594 2286/2593/2593 2628/2648/2648
f 2672/2709/2709 2371/2595/2595 2375/2594/2594 2668/2647/2647
f 2674/2711/2711 2673/2710/2710 2677/2715/2715 2678/2716/2716
f 2675/2712/2712 2674/2711/2711 2678/2716/2716 2679/2717/2717
f 2676/2714/2714 2698/2713/2713 2699/2718/2718 2680/2719/2719
f 2678/2716/2716 2677/2715/2715 2700/2720/2720 2701/2721/2721
f 2679/2717/2717 2678/2716/2716 2701/2721/2721 2702/2722/2722
f 2680/2719/2719 2699/2718/2718 2703/2723/2723 2704/2724/2724
f 2676/2714/2714 2367/2596/2596 2371/2595/2595 2672/2709/2709
f 2680/2719/2719 2363/2597/2597 2367/2596/2596 2676/2714/2714
f 2606/2611/2611 2712/2610/2610 2713/2650/2650 2681/2649/2649
f 2610/2616/2616 2722/2615/2615 2723/2654/2654 2682/2653/2653
f 2612/2620/2620 2737/2619/2619 2738/2682/2682 2683/2681/2681
f 2614/2636/2636 2757/2635/2635 2758/2678/2678 2684/5171/2677
f 2622/2639/2639 2651/2638/2638 2686/2668/2668 2685/2667/2667
f 2687/2671/2671 2686/2668/2668 2651/2638/2638 2624/2644/2644
f 2624/2644/2644 2655/2643/2643 2688/2672/2672 2687/2671/2671
f 2689/2663/2663 2688/2672/2672 2655/2643/2643 2619/2632/2632
f 2619/2632/2632 2659/2631/2631 2690/2664/2664 2689/2663/2663
f 2691/2659/2659 2690/2664/2664 2659/2631/2631 2617/2627/2627
f 2617/2627/2627 2663/5190/2626 2692/5187/2660 2691/2659/2659
f 2693/2675/2675 2692/2660/2660 2663/2626/2626 2615/2624/2624
f 2615/2624/2624 2626/2623/2623 2694/2657/2657 2693/2675/2675
f 2626/2623/2623 2607/2608/2608 2695/2645/2645 2694/2657/2657
f 2607/2608/2608 2667/2607/2607 2696/2646/2646 2695/2645/2645
f 2697/2708/2708 2696/2646/2646 2667/2607/2607 2671/2707/2707
f 2698/2713/2713 2697/2708/2708 2671/2707/2707 2675/2712/2712
f 2699/2718/2718 2698/2713/2713 2675/2712/2712 2679/2717/2717
f 2702/2722/2722 2703/2723/2723 2699/2718/2718 2679/2717/2717
f 2701/2721/2721 2700/2720/2720 2705/2725/2725 2706/2726/2726
f 2702/2722/2722 2701/2721/2721 2706/2726/2726 2707/2727/2727
f 2707/2727/2727 2708/2728/2728 2703/2723/2723 2702/2722/2722
f 2704/2724/2724 2703/2723/2723 2708/2728/2728 2709/2729/2729
f 2706/2726/2726 2705/2725/2725 2605/2686/2686 2638/2612/2612
f 2707/2727/2727 2706/2726/2726 2638/2612/2612 2606/2611/2611
f 2681/2649/2649 2708/2728/2728 2707/2727/2727 2606/2611/2611
f 2709/2729/2729 2708/2728/2728 2681/2649/2649 2627/2652/2652
f 2704/2724/2724 2356/2598/2598 2363/2597/2597 2680/2719/2719
f 2709/2729/2729 2234/2599/2599 2356/2598/2598 2704/2724/2724
f 2627/2652/2652 2351/2600/2600 2234/2599/2599 2709/2729/2729
f 2715/2730/2730 2716/2731/2731 2711/2609/2609 2710/2685/2685
f 2716/2731/2731 2717/2732/2732 2712/2610/2610 2711/2609/2609
f 2713/2650/2650 2712/2610/2610 2717/2732/2732 2718/2733/2733
f 2714/2651/2651 2713/2650/2650 2718/2733/2733 2719/2734/2734
f 2639/2613/2613 2716/2731/2731 2715/2730/2730 2609/2687/2687
f 2610/2616/2616 2717/2732/2732 2716/2731/2731 2639/2613/2613
f 2718/2733/2733 2717/2732/2732 2610/2616/2616 2682/2653/2653
f 2719/2734/2734 2718/2733/2733 2682/2653/2653 2629/2656/2656
f 2714/2651/2651 2347/2601/2601 2351/2600/2600 2627/2652/2652
f 2347/2601/2601 2714/2651/2651 2719/2734/2734 2342/2602/2602
f 2629/2656/2656 2337/2603/2603 2342/2602/2602 2719/2734/2734
f 2721/2614/2614 2720/2688/2688 2725/2735/2735 2726/2736/2736
f 2722/2615/2615 2721/2614/2614 2726/2736/2736 2727/2737/2737
f 2723/2654/2654 2722/2615/2615 2727/2737/2737 2728/2738/2738
f 2724/2655/2655 2723/2654/2654 2728/2738/2738 2729/2739/2739
f 2724/2655/2655 2329/2604/2604 2337/2603/2603 2629/2656/2656
f 2726/2736/2736 2725/2735/2735 2730/2740/2740 2731/2741/2741
f 2727/2737/2737 2726/2736/2736 2731/2741/2741 2732/2742/2742
f 2728/2738/2738 2727/2737/2737 2732/2742/2742 2733/2743/2743
f 2729/2739/2739 2728/2738/2738 2733/2743/2743 2734/2744/2744
f 2729/2739/2739 2233/2573/2573 2329/2604/2604 2724/2655/2655
f 2731/2741/2741 2730/2740/2740 2611/2689/2689 2640/2617/2617
f 2732/2742/2742 2731/2741/2741 2640/2617/2617 2612/2620/2620
f 2733/2743/2743 2732/2742/2742 2612/2620/2620 2683/2681/2681
f 2734/2744/2744 2733/2743/2743 2683/2681/2681 2630/2684/2684
f 2734/2744/2744 2325/2574/2574 2233/2573/2573 2729/2739/2739
f 2630/2684/2684 2321/2575/2575 2325/2574/2574 2734/2744/2744
f 2736/2618/2618 2735/5109/2690 2740/5114/2745 2741/2746/2746
f 2737/2619/2619 2736/2618/2618 2741/2746/2746 2742/2747/2747
f 2738/2682/2682 2737/2619/2619 2742/2747/2747 2743/2748/2748
f 2739/2683/2683 2738/2682/2682 2743/2748/2748 2744/2749/2749
f 2739/2683/2683 2308/2576/2576 2321/2575/2575 2630/2684/2684
f 2741/2746/2746 2740/5114/2745 2745/5113/2750 2746/2751/2751
f 2742/2747/2747 2741/2746/2746 2746/2751/2751 2747/2752/2752
f 2743/2748/2748 2742/2747/2747 2747/2752/2752 2748/2753/2753
f 2744/2749/2749 2743/2748/2748 2748/2753/2753 2749/2754/2754
f 2744/2749/2749 2312/2577/2577 2308/2576/2576 2739/2683/2683
f 2746/2751/2751 2745/5113/2750 2750/5111/2755 2751/2756/2756
f 2747/2752/2752 2746/2751/2751 2751/2756/2756 2752/2757/2757
f 2748/2753/2753 2747/2752/2752 2752/2757/2757 2753/2758/2758
f 2749/2754/2754 2748/2753/2753 2753/2758/2758 2754/2759/2759
f 2312/2577/2577 2744/2749/2749 2749/2754/2754 2235/2578/2578
f 2751/2756/2756 2750/5111/2755 2613/5112/2691 2641/2633/2633
f 2752/2757/2757 2751/2756/2756 2641/2633/2633 2614/5172/2636
f 2753/2758/2758 2752/2757/2757 2614/5172/2636 2684/2677/2677
f 2754/2759/2759 2753/2758/2758 2684/2677/2677 2637/5169/2680
f 2754/2759/2759 2305/2579/2579 2235/2578/2578 2749/2754/2754
f 2637/5169/2680 2300/2580/2580 2305/2579/2579 2754/2759/2759
f 2756/2634/2634 2755/5110/2692 2760/5090/2760 2761/2761/2761
f 2757/2635/2635 2756/2634/2634 2761/2761/2761 2762/2762/2762
f 2758/2678/2678 2757/2635/2635 2762/2762/2762 2763/2763/2763
f 2759/2679/2679 2758/2678/2678 2763/2763/2763 2764/2764/2764
f 2761/2761/2761 2760/5090/2760 2621/2694/2694 2642/2640/2640
f 2762/2762/2762 2761/2761/2761 2642/2640/2640 2622/2639/2639
f 2763/2763/2763 2762/2762/2762 2622/2639/2639 2685/2667/2667
f 2764/2764/2764 2763/2763/2763 2685/2667/2667 2635/2670/2670
f 2759/2679/2679 2295/2581/2581 2300/5170/2580 2637/2680/2680
f 2764/2764/2764 2287/2582/2582 2295/2581/2581 2759/2679/2679
f 2287/2582/2582 2764/2764/2764 2635/2670/2670 2236/2583/2583
f 2766/5085/2765 2765/5075/2766 2665/2704/2704 2608/2703/2703
f 2767/5084/2767 2766/5085/2765 2608/2703/2703 2625/5083/2702
f 2769/2768/2768 2767/2767/2767 2625/2702/2702 2768/2769/2769
f 2616/2701/2701 2770/2770/2770 2768/2769/2769 2625/2702/2702
f 2616/2701/2701 2661/2699/2699 2771/2771/2771 2770/2770/2770
f 2772/2772/2772 2771/2771/2771 2661/2699/2699 2618/2700/2700
f 2773/2773/2773 2772/2772/2772 2618/2700/2700 2657/2698/2698
f 2657/2698/2698 2620/5082/2697 2774/2774/2774 2773/2773/2773
f 2776/5080/2775 2774/5081/2774 2620/2697/2697 2775/2776/2776
f 2775/2776/2776 2620/2697/2697 2653/2696/2696 2777/2777/2777
f 2775/2776/2776 2778/2778/2778 2779/2779/2779 2776/5080/2775
f 2783/5079/2780 2781/5069/2781 2780/2782/2782 2782/2783/2783
f 2782/2783/2783 2784/2784/2784 2785/5363/2785 2783/5079/2780
f 2784/5362/2784 2786/2786/2786 2787/5077/2787 2785/5078/2785
f 2789/5076/2788 2787/5077/2787 2786/2786/2786 2788/2789/2789
f 2791/5071/2790 2789/5076/2788 2788/2789/2789 2790/2791/2791
f 2665/2704/2704 2765/5075/2766 2792/5074/2792 2793/2793/2793
f 2792/5074/2792 2794/5073/2794 2795/2795/2795 2793/2793/2793
f 2794/5073/2794 2796/5072/2796 2797/2797/2797 2795/2795/2795
f 2796/5072/2796 2798/5070/2798 2799/2799/2799 2797/2797/2797
f 2798/5070/2798 2791/5071/2790 2790/2791/2791 2799/2799/2799
f 2767/2767/2767 2769/2768/2768 2800/2800/2800 2766/2765/2765
f 2801/2801/2801 2765/2766/2766 2766/2765/2765 2800/2800/2800
f 2801/2801/2801 2802/2802/2802 2792/2792/2792 2765/2766/2766
f 2802/2802/2802 2803/2803/2803 2794/2794/2794 2792/2792/2792
f 2803/2803/2803 2804/2804/2804 2796/2796/2796 2794/2794/2794
f 2804/2804/2804 2805/2805/2805 2798/2798/2798 2796/2796/2796
f 2807/2806/2806 2806/2807/2807 2791/2790/2790 2798/2798/2798
f 2798/2798/2798 2805/2805/2805 2808/2808/2808 2807/2806/2806
f 2806/2807/2807 2809/2809/2809 2789/2788/2788 2791/2790/2790
f 2787/2787/2787 2789/2788/2788 2809/2809/2809 2810/2810/2810
f 2810/2810/2810 2811/2811/2811 2785/2785/2785 2787/2787/2787
f 2811/5509/2811 2812/2812/2812 2783/2780/2780 2785/5510/2785
f 2814/2813/2813 2774/2774/2774 2776/2775/2775 2813/2814/2814
f 2815/2815/2815 2813/2814/2814 2776/2775/2775 2779/5068/2779
f 2817/2816/2816 2816/2817/2817 2781/2781/2781 2783/2780/2780
f 2819/2818/2818 2817/2816/2816 2783/2780/2780 2812/2812/2812
f 2773/2773/2773 2774/2774/2774 2814/2813/2813 2821/2819/2819
f 2821/2819/2819 2822/2820/2820 2772/2772/2772 2773/2773/2773
f 2771/2771/2771 2772/2772/2772 2822/2820/2820 2823/2821/2821
f 2823/2821/2821 2824/2822/2822 2770/2770/2770 2771/2771/2771
f 2768/2769/2769 2770/2770/2770 2824/2822/2822 2825/2823/2823
f 2826/2824/2824 2769/2768/2768 2768/2769/2769 2825/2823/2823
f 2827/2825/2825 2800/2800/2800 2769/2768/2768 2826/2824/2824
f 2800/2800/2800 2827/2825/2825 2828/2826/2826 2801/2801/2801
f 2802/2802/2802 2801/2801/2801 2828/2826/2826 2829/2827/2827
f 2829/2827/2827 2830/2828/2828 2803/2803/2803 2802/2802/2802
f 2830/2828/2828 2831/2829/2829 2804/2804/2804 2803/2803/2803
f 2805/2805/2805 2804/2804/2804 2831/2829/2829 2832/2830/2830
f 2832/2830/2830 2833/2831/2831 2808/2808/2808 2805/2805/2805
f 2835/2832/2832 2808/2808/2808 2833/2831/2831 2834/2833/2833
f 2808/2808/2808 2835/2832/2832 2806/2807/2807 2807/2806/2806
f 2809/2809/2809 2806/2807/2807 2835/2832/2832 2836/2834/2834
f 2834/2833/2833 2837/2835/2835 2836/2834/2834 2835/2832/2832
f 2839/2836/2836 2836/2834/2834 2837/2835/2835 2838/2837/2837
f 2836/2834/2834 2839/2836/2836 2810/2810/2810 2809/2809/2809
f 2839/2836/2836 2840/5508/2838 2811/2811/2811 2810/2810/2810
f 2838/2837/2837 2841/2839/2839 2840/5508/2838 2839/2836/2836
f 2841/5507/2839 2842/2840/2840 2843/2841/2841 2840/2838/2838
f 2812/2812/2812 2811/5509/2811 2840/2838/2838 2843/2841/2841
f 2843/2841/2841 2842/2840/2840 2819/2818/2818 2812/2812/2812
f 2842/2840/2840 2844/2842/2842 2845/2843/2843 2819/2818/2818
f 2846/2844/2844 2817/2816/2816 2819/2818/2818 2845/2843/2843
f 2817/2816/2816 2846/2844/2844 2847/2845/2845 2816/2817/2817
f 2847/2845/2845 2820/2846/2846 2818/2847/2847 2816/2817/2817
f 2820/2846/2846 2848/2848/2848 2813/2814/2814 2815/2815/2815
f 2849/2849/2849 2814/2813/2813 2813/2814/2814 2848/2848/2848
f 2850/2850/2850 2821/2819/2819 2814/2813/2813 2849/2849/2849
f 2850/2850/2850 2851/2851/2851 2822/2820/2820 2821/2819/2819
f 2851/2851/2851 2852/2852/2852 2823/2821/2821 2822/2820/2820
f 2823/2821/2821 2852/2852/2852 2853/2853/2853 2854/2854/2854
f 2854/2854/2854 2853/2853/2853 2855/2855/2855 2856/2856/2856
f 2854/2854/2854 2856/2856/2856 2824/2822/2822 2823/2821/2821
f 2825/2823/2823 2824/2822/2822 2856/2856/2856 2857/2857/2857
f 2857/2857/2857 2856/2856/2856 2855/2855/2855 2858/2858/2858
f 2858/2858/2858 2859/2859/2859 2860/2860/2860 2857/2857/2857
f 2826/2824/2824 2825/2823/2823 2857/2857/2857 2860/2860/2860
f 2826/2824/2824 2860/2860/2860 2861/2861/2861 2827/2825/2825
f 2862/2862/2862 2861/2861/2861 2860/2860/2860 2859/2859/2859
f 2864/2863/2863 2863/2864/2864 2861/2861/2861 2862/2862/2862
f 2827/2825/2825 2861/2861/2861 2863/2864/2864 2828/2826/2826
f 2865/2865/2865 2829/2827/2827 2828/2826/2826 2863/2864/2864
f 2866/2866/2866 2865/2865/2865 2863/2864/2864 2864/2863/2863
f 2830/2828/2828 2829/2827/2827 2865/2865/2865 2867/2867/2867
f 2867/2867/2867 2865/2865/2865 2866/2866/2866 2868/2868/2868
f 2867/2867/2867 2869/2869/2869 2831/2829/2829 2830/2828/2828
f 2869/2869/2869 2867/2867/2867 2868/2868/2868 2870/2870/2870
f 2869/2869/2869 2870/2870/2870 2871/2871/2871 2872/2872/2872
f 2832/2830/2830 2831/2829/2829 2869/2869/2869 2872/2872/2872
f 2874/2873/2873 2844/2842/2842 2842/2840/2840 2873/2874/2874
f 2873/2874/2874 2842/2840/2840 2841/5507/2839 2875/5506/2875
f 2876/2876/2876 2875/2875/2875 2841/2839/2839 2838/2837/2837
f 2877/2877/2877 2876/2876/2876 2838/2837/2837 2837/2835/2835
f 2878/2878/2878 2877/2877/2877 2837/2835/2835 2834/2833/2833
f 2879/2879/2879 2878/2878/2878 2834/2833/2833 2833/2831/2831
f 2833/2831/2831 2832/2830/2830 2872/2872/2872 2879/2879/2879
f 2871/2871/2871 2880/2880/2880 2879/2879/2879 2872/2872/2872
f 2881/2881/2881 2878/2878/2878 2879/2879/2879 2880/2880/2880
f 2881/2881/2881 2882/2882/2882 2877/2877/2877 2878/2878/2878
f 2882/2882/2882 2883/2883/2883 2876/2876/2876 2877/2877/2877
f 2883/2883/2883 2884/2884/2884 2875/2875/2875 2876/2876/2876
f 2884/5505/2884 2874/2873/2873 2873/2874/2874 2875/5506/2875
f 2874/2873/2873 2885/2885/2885 2886/2886/2886 2844/2842/2842
f 2852/2852/2852 2887/2887/2887 2888/2888/2888 2853/2853/2853
f 2887/2887/2887 2889/2889/2889 2890/2890/2890 2888/2888/2888
f 2885/2885/2885 2891/2891/2891 2892/2892/2892 2886/2886/2886
f 2889/2889/2889 2892/2892/2892 2891/2891/2891 2890/2890/2890
f 2889/2889/2889 2887/2887/2887 2852/2852/2852 2851/2851/2851
f 2886/2886/2886 2846/2844/2844 2845/2843/2843 2844/2842/2842
f 2850/2850/2850 2893/2893/2893 2889/2889/2889 2851/2851/2851
f 2892/2892/2892 2889/2889/2889 2893/2893/2893 2894/2894/2894
f 2892/2892/2892 2894/2894/2894 2895/2895/2895 2886/2886/2886
f 2846/2844/2844 2886/2886/2886 2895/2895/2895 2847/2845/2845
f 2847/2845/2845 2895/2895/2895 2894/2894/2894 2820/2846/2846
f 2820/2846/2846 2894/2894/2894 2893/2893/2893 2848/2848/2848
f 2893/2893/2893 2850/2850/2850 2849/2849/2849 2848/2848/2848
f 2859/2859/2859 2896/2896/2896 2897/2897/2897 2862/2862/2862
f 2898/2898/2898 2864/2863/2863 2862/2862/2862 2897/2897/2897
f 2899/2899/2899 2866/2866/2866 2864/2863/2863 2898/2898/2898
f 2900/2900/2900 2868/2868/2868 2866/2866/2866 2899/2899/2899
f 2901/2901/2901 2870/2870/2870 2868/2868/2868 2900/2900/2900
f 2902/2902/2902 2871/2871/2871 2870/2870/2870 2901/2901/2901
f 2902/2902/2902 2903/2903/2903 2880/2880/2880 2871/2871/2871
f 2903/2903/2903 2904/2904/2904 2881/2881/2881 2880/2880/2880
f 2904/2904/2904 2905/2905/2905 2882/2882/2882 2881/2881/2881
f 2905/2905/2905 2906/2906/2906 2883/2883/2883 2882/2882/2882
f 2906/2906/2906 2907/2907/2907 2884/2884/2884 2883/2883/2883
f 2907/5504/2907 2908/2908/2908 2874/2873/2873 2884/5505/2884
f 2910/2909/2909 2874/2873/2873 2908/2908/2908 2909/2910/2910
f 2910/2909/2909 2911/2911/2911 2885/2885/2885 2874/2873/2873
f 2911/2911/2911 2912/2912/2912 2891/2891/2891 2885/2885/2885
f 2912/2912/2912 2913/2913/2913 2890/2890/2890 2891/2891/2891
f 2913/2913/2913 2914/2914/2914 2888/2888/2888 2890/2890/2890
f 2914/2914/2914 2915/2915/2915 2853/2853/2853 2888/2888/2888
f 2915/2915/2915 2916/2916/2916 2855/2855/2855 2853/2853/2853
f 2916/2916/2916 2917/2917/2917 2858/2858/2858 2855/2855/2855
f 2917/2917/2917 2896/2896/2896 2859/2859/2859 2858/2858/2858
f 2909/2910/2910 2918/2918/2918 2919/2919/2919 2910/2909/2909
f 2912/2912/2912 2911/2911/2911 2910/2909/2909 2919/2919/2919
f 2921/2920/2920 2919/2919/2919 2918/2918/2918 2920/2921/2921
f 2920/2921/2921 2922/2922/2922 2923/2923/2923 2921/2920/2920
f 2922/2922/2922 2924/2924/2924 2925/2925/2925 2923/2923/2923
f 2924/2924/2924 2926/2926/2926 2927/2927/2927 2925/2925/2925
f 2926/2926/2926 2928/2928/2928 2929/2929/2929 2927/2927/2927
f 2931/2930/2930 2929/2929/2929 2928/2928/2928 2930/2931/2931
f 2930/2931/2931 2932/2932/2932 2933/2933/2933 2931/2930/2930
f 2932/2932/2932 2979/2934/2934 2980/2935/2935 2933/2933/2933
f 2918/2918/2918 2909/2910/2910 2936/2936/2936 2937/2937/2937
f 2908/2908/2908 2938/2938/2938 2936/2936/2936 2909/2910/2910
f 2907/5504/2907 2939/5503/2939 2938/2938/2938 2908/2908/2908
f 2907/2907/2907 2940/2940/2940 2941/2941/2941 2939/2939/2939
f 2943/2942/2942 2946/2943/2943 2947/2944/2944 2942/2945/2945
f 2945/2946/2946 2950/2947/2947 2951/2948/2948 2944/2949/2949
f 2944/2949/2949 2962/2950/2950 2963/2951/2951 2945/2946/2946
f 2947/2944/2944 2946/2943/2943 2941/2941/2941 2940/2940/2940
f 2940/2940/2940 2907/2907/2907 2906/2906/2906 2947/2944/2944
f 2949/2952/2952 2948/2953/2953 2906/2906/2906 2905/2905/2905
f 2948/2953/2953 2942/2945/2945 2947/2944/2944 2906/2906/2906
f 2951/2948/2948 2950/2947/2947 2943/2942/2942 2942/2945/2945
f 2949/2952/2952 2951/2948/2948 2942/2945/2945 2948/2953/2953
f 2904/2904/2904 2952/2954/2954 2949/2952/2952 2905/2905/2905
f 2952/2954/2954 2944/2949/2949 2951/2948/2948 2949/2952/2952
f 2953/2955/2955 2912/2912/2912 2919/2919/2919 2921/2920/2920
f 2953/2955/2955 2954/2956/2956 2913/2913/2913 2912/2912/2912
f 2954/2956/2956 2953/2955/2955 2921/2920/2920 2923/2923/2923
f 2913/2913/2913 2954/2956/2956 2955/2957/2957 2914/2914/2914
f 2954/2956/2956 2923/2923/2923 2925/2925/2925 2955/2957/2957
f 2957/2958/2958 2956/2959/2959 2955/2957/2957 2925/2925/2925
f 2914/2914/2914 2955/2957/2957 2956/2959/2959 2915/2915/2915
f 2925/2925/2925 2927/2927/2927 2958/2960/2960 2957/2958/2958
f 2956/2959/2959 2957/2958/2958 2958/2960/2960 2959/2961/2961
f 2915/2915/2915 2956/2959/2959 2959/2961/2961 2916/2916/2916
f 2960/2962/2962 2958/2960/2960 2927/2927/2927 2929/2929/2929
f 2959/2961/2961 2958/2960/2960 2960/2962/2962 2961/2963/2963
f 2961/2963/2963 2917/2917/2917 2916/2916/2916 2959/2961/2961
f 2965/2964/2964 2966/2965/2965 2935/2966/2966 2934/2967/2967
f 2903/2903/2903 2964/2968/2968 2952/2954/2954 2904/2904/2904
f 2944/2949/2949 2952/2954/2954 2964/2968/2968 2962/2950/2950
f 2963/2951/2951 2962/2950/2950 2966/2965/2965 2965/2964/2964
f 2967/2969/2969 2966/2965/2965 2962/2950/2950 2964/2968/2968
f 2964/2968/2968 2903/2903/2903 2902/2902/2902 2967/2969/2969
f 2968/2970/2970 2935/2966/2966 2966/2965/2965 2967/2969/2969
f 2969/2971/2971 2968/2970/2970 2967/2969/2969 2902/2902/2902
f 2901/2901/2901 2970/2972/2972 2969/2971/2971 2902/2902/2902
f 2970/2972/2972 2971/2973/2973 2968/2970/2970 2969/2971/2971
f 2972/2974/2974 2896/2896/2896 2917/2917/2917 2961/2963/2963
f 2973/2975/2975 2972/2974/2974 2961/2963/2963 2960/2962/2962
f 2960/2962/2962 2929/2929/2929 2931/2930/2930 2973/2975/2975
f 2975/2976/2976 2974/2977/2977 2934/2967/2967 2935/2966/2966
f 2935/2966/2966 2968/2970/2970 2971/2973/2973 2975/2976/2976
f 2901/2901/2901 2900/2900/2900 2899/2899/2899 2970/2972/2972
f 2976/2978/2978 2897/2897/2897 2896/2896/2896 2972/2974/2974
f 2977/2979/2979 2898/2898/2898 2897/2897/2897 2976/2978/2978
f 2898/2898/2898 2977/2979/2979 2970/2972/2972 2899/2899/2899
f 2978/2980/2980 2976/2978/2978 2972/2974/2974 2973/2975/2975
f 2933/2933/2933 2978/2980/2980 2973/2975/2975 2931/2930/2930
f 2980/2935/2935 2979/2934/2934 2974/2977/2977 2975/2976/2976
f 2977/2979/2979 2981/2981/2981 2971/2973/2973 2970/2972/2972
f 2981/2981/2981 2977/2979/2979 2976/2978/2978 2978/2980/2980
f 2978/2980/2980 2933/2933/2933 2980/2935/2935 2981/2981/2981
f 2975/2976/2976 2971/2973/2973 2981/2981/2981 2980/2935/2935
f 2918/2918/2918 2937/2937/2937 2982/2982/2982 2983/2983/2983
f 2983/2983/2983 2984/2984/2984 2920/2921/2921 2918/2918/2918
f 2922/2922/2922 2920/2921/2921 2984/2984/2984 2985/2985/2985
f 2985/2985/2985 2986/2986/2986 2924/2924/2924 2922/2922/2922
f 2986/2986/2986 2987/2987/2987 2926/2926/2926 2924/2924/2924
f 2987/2987/2987 2988/2988/2988 2928/2928/2928 2926/2926/2926
f 2988/2988/2988 2989/2989/2989 2930/2931/2931 2928/2928/2928
f 2989/2989/2989 2990/2990/2990 2932/2932/2932 2930/2931/2931
f 2990/2990/2990 2991/2991/2991 2979/2934/2934 2932/2932/2932
f 2992/2992/2992 2974/2977/2977 2979/2934/2934 2991/2991/2991
f 2993/2993/2993 2934/2967/2967 2974/2977/2977 2992/2992/2992
f 2994/2994/2994 2965/2964/2964 2934/2967/2967 2993/2993/2993
f 2995/2995/2995 2963/2951/2951 2965/2964/2964 2994/2994/2994
f 2995/2995/2995 2996/2996/2996 2945/2946/2946 2963/2951/2951
f 2996/2996/2996 2997/2997/2997 2950/2947/2947 2945/2946/2946
f 2998/2998/2998 2943/2942/2942 2950/2947/2947 2997/2997/2997
f 2943/2942/2942 2998/2998/2998 2999/2999/2999 2946/2943/2943
f 2946/2943/2943 2999/2999/2999 3000/3000/3000 2941/2941/2941
f 3001/3001/3001 2939/2939/2939 2941/2941/2941 3000/3000/3000
f 2939/5503/2939 3001/5502/3001 3002/3002/3002 2938/2938/2938
f 3003/3003/3003 2936/2936/2936 2938/2938/2938 3002/3002/3002
f 2937/2937/2937 2936/2936/2936 3003/3003/3003 3004/3004/3004
f 3005/3005/3005 2982/2982/2982 2937/2937/2937 3004/3004/3004
f 3004/3004/3004 3006/3006/3006 3007/3007/3007 3005/3005/3005
f 3006/3006/3006 3008/3008/3008 3009/3009/3009 3007/3007/3007
f 3008/3008/3008 3010/3010/3010 3011/5499/3011 3009/3009/3009
f 3013/3012/3012 3035/3013/3013 3036/3014/3014 3012/3015/3015
f 3012/3015/3015 3040/3016/3016 3041/3017/3017 3013/3012/3012
f 3017/3018/3018 3015/3019/3019 3014/3020/3020 3016/3021/3021
f 3016/3021/3021 3068/3022/3022 3069/3023/3023 3017/3018/3018
f 3018/3024/3024 3070/3025/3025 3071/3026/3026 3019/3027/3027
f 3023/3028/3028 3021/3029/3029 3020/3030/3030 3022/3031/3031
f 3022/3031/3031 3051/3032/3032 3052/3033/3033 3023/3028/3028
f 3027/3034/3034 3025/3035/3035 3024/3036/3036 3026/3037/3037
f 3027/3034/3034 3026/3037/3037 3005/3005/3005 3007/3007/3007
f 3003/3003/3003 3028/3038/3038 3006/3006/3006 3004/3004/3004
f 3002/3002/3002 3029/3039/3039 3028/3038/3038 3003/3003/3003
f 3006/3006/3006 3028/3038/3038 3029/3039/3039 3008/3008/3008
f 3001/5502/3001 3030/5500/3040 3029/3039/3039 3002/3002/3002
f 3030/5500/3040 3010/3010/3010 3008/3008/3008 3029/3039/3039
f 3032/3041/3041 3031/3042/3042 3011/3011/3011 3010/5501/3010
f 3000/3000/3000 3033/3043/3043 3030/3040/3040 3001/3001/3001
f 3033/3043/3043 3032/3041/3041 3010/5501/3010 3030/3040/3040
f 3033/3043/3043 3000/3000/3000 2999/2999/2999 3034/3044/3044
f 3036/3014/3014 3035/3013/3013 3031/3042/3042 3032/3041/3041
f 3032/3041/3041 3033/3043/3043 3034/3044/3044 3036/3014/3014
f 2998/2998/2998 3037/3045/3045 3034/3044/3044 2999/2999/2999
f 3034/3044/3044 3038/3046/3046 3012/3015/3015 3036/3014/3014
f 3037/3045/3045 3039/3047/3047 3038/3046/3046 3034/3044/3044
f 3041/3017/3017 3040/3016/3016 3014/3020/3020 3015/3019/3019
f 3038/3046/3046 3042/3048/3048 3040/3016/3016 3012/3015/3015
f 3043/3049/3049 3042/3048/3048 3038/3046/3046 3039/3047/3047
f 3039/3047/3047 3037/3045/3045 3044/3050/3050 3043/3049/3049
f 3044/3050/3050 3037/3045/3045 2998/2998/2998 2997/2997/2997
f 3026/3037/3037 3045/3051/3051 2982/2982/2982 3005/3005/3005
f 3045/3051/3051 3026/3037/3037 3024/3036/3036 3046/3052/3052
f 2983/2983/2983 2982/2982/2982 3045/3051/3051 3047/3053/3053
f 3046/3052/3052 3048/3054/3054 3047/3053/3053 3045/3051/3051
f 2984/2984/2984 2983/2983/2983 3047/3053/3053 3048/3054/3054
f 3046/3052/3052 3049/3055/3055 3050/3056/3056 3048/3054/3054
f 3052/3033/3033 3051/3032/3032 3024/3036/3036 3025/3035/3035
f 3049/3055/3055 3046/3052/3052 3024/3036/3036 3051/3032/3032
f 3053/3057/3057 3049/3055/3055 3051/3032/3032 3022/3031/3031
f 3053/3057/3057 3054/3058/3058 3050/3056/3056 3049/3055/3055
f 3050/3056/3056 3054/3058/3058 2984/2984/2984 3048/3054/3054
f 2985/2985/2985 2984/2984/2984 3054/3058/3058 3055/3059/3059
f 3055/3059/3059 3054/3058/3058 3053/3057/3057 3056/3060/3060
f 3056/3060/3060 3053/3057/3057 3022/3031/3031 3020/3030/3030
f 2997/2997/2997 2996/2996/2996 3057/3061/3061 3044/3050/3050
f 3057/3061/3061 3058/3062/3062 3043/3049/3049 3044/3050/3050
f 3058/3062/3062 3059/3063/3063 3042/3048/3048 3043/3049/3049
f 3042/3048/3048 3059/3063/3063 3014/3020/3020 3040/3016/3016
f 3059/3063/3063 3060/3064/3064 3016/3021/3021 3014/3020/3020
f 3061/3065/3065 3060/3064/3064 3059/3063/3063 3058/3062/3062
f 3062/3066/3066 3061/3065/3065 3058/3062/3062 3057/3061/3061
f 3057/3061/3061 2996/2996/2996 2995/2995/2995 3062/3066/3066
f 3062/3066/3066 2995/2995/2995 2994/2994/2994 3063/3067/3067
f 3062/3066/3066 3064/3068/3068 3065/3069/3069 3061/3065/3065
f 3066/3070/3070 3064/3068/3068 3062/3066/3066 3063/3067/3067
f 3060/3064/3064 3061/3065/3065 3065/3069/3069 3067/3071/3071
f 3082/3072/3072 3083/3073/3073 3018/3024/3024 3019/3027/3027
f 3067/3071/3071 3068/3022/3022 3016/3021/3021 3060/3064/3064
f 3063/3067/3067 2994/2994/2994 2993/2993/2993 3066/3070/3070
f 3071/3026/3026 3070/3025/3025 3020/3030/3030 3021/3029/3029
f 3020/3030/3030 3070/3025/3025 3072/3074/3074 3056/3060/3060
f 3072/3074/3074 3073/3075/3075 3055/3059/3059 3056/3060/3060
f 2986/2986/2986 2985/2985/2985 3055/3059/3059 3073/3075/3075
f 3075/3076/3076 3074/3077/3077 3070/3025/3025 3018/3024/3024
f 3074/3077/3077 3076/3078/3078 3072/3074/3074 3070/3025/3025
f 3076/3078/3078 3077/3079/3079 3073/3075/3075 3072/3074/3074
f 2987/2987/2987 2986/2986/2986 3073/3075/3075 3077/3079/3079
f 3074/3077/3077 3075/3076/3076 3078/3080/3080 3076/3078/3078
f 3078/3080/3080 3079/3081/3081 3077/3079/3079 3076/3078/3078
f 2987/2987/2987 3077/3079/3079 3079/3081/3081 3080/3082/3082
f 3081/3083/3083 2988/2988/2988 2987/2987/2987 3080/3082/3082
f 3069/3023/3023 3068/3022/3022 3088/3084/3084 3089/3085/3085
f 3083/3073/3073 3084/3086/3086 3075/3076/3076 3018/3024/3024
f 3078/3080/3080 3075/3076/3076 3084/3086/3086 3085/3087/3087
f 3085/3087/3087 3086/3088/3088 3079/3081/3081 3078/3080/3080
f 3080/3082/3082 3079/3081/3081 3086/3088/3088 3081/3083/3083
f 2992/2992/2992 3087/3089/3089 3066/3070/3070 2993/2993/2993
f 3093/3090/3090 3094/3091/3091 3083/3073/3073 3082/3072/3072
f 3064/3068/3068 3066/3070/3070 3087/3089/3089 3090/3092/3092
f 3090/3092/3092 3091/3093/3093 3065/3069/3069 3064/3068/3068
f 3091/3093/3093 3092/3094/3094 3067/3071/3071 3065/3069/3069
f 3092/3094/3094 3088/3084/3084 3068/3022/3022 3067/3071/3071
f 3089/3085/3085 3088/3084/3084 3094/3091/3091 3093/3090/3090
f 3084/3086/3086 3083/3073/3073 3094/3091/3091 3095/3095/3095
f 3095/3095/3095 3094/3091/3091 3088/3084/3084 3092/3094/3094
f 3085/3087/3087 3084/3086/3086 3095/3095/3095 3096/3096/3096
f 3091/3093/3093 3096/3096/3096 3095/3095/3095 3092/3094/3094
f 2991/2991/2991 3097/3097/3097 3087/3089/3089 2992/2992/2992
f 2990/2990/2990 3098/3098/3098 3097/3097/3097 2991/2991/2991
f 2989/2989/2989 3099/3099/3099 3098/3098/3098 2990/2990/2990
f 2988/2988/2988 3081/3083/3083 3099/3099/3099 2989/2989/2989
f 3099/3099/3099 3081/3083/3083 3086/3088/3088 3098/3098/3098
f 3087/3089/3089 3097/3097/3097 3098/3098/3098 3090/3092/3092
f 3090/3092/3092 3100/3100/3100 3096/3096/3096 3091/3093/3093
f 3086/3088/3088 3085/3087/3087 3096/3096/3096 3100/3100/3100
f 3086/3088/3088 3100/3100/3100 3090/3092/3092 3098/3098/3098
f 3007/3007/3007 3009/3009/3009 3101/3101/3101 3027/3034/3034
f 3103/3102/3102 3102/3103/3103 3025/3035/3035 3027/3034/3034
f 3104/3104/3104 3103/3102/3102 3027/3034/3034 3101/3101/3101
f 3105/5498/3105 3101/3101/3101 3009/3009/3009 3011/5499/3011
f 3101/3101/3101 3105/5498/3105 3106/5497/3106 3104/3104/3104
f 3107/3107/3107 3105/3105/3105 3011/3011/3011 3031/3042/3042
f 3108/3108/3108 3106/3106/3106 3105/3105/3105 3107/3107/3107
f 3107/3107/3107 3031/3042/3042 3035/3013/3013 3109/3109/3109
f 3108/3108/3108 3107/3107/3107 3109/3109/3109 3110/3110/3110
f 3035/3013/3013 3013/3012/3012 3111/3111/3111 3109/3109/3109
f 3111/3111/3111 3112/3112/3112 3110/3110/3110 3109/3109/3109
f 3013/3012/3012 3041/3017/3017 3113/3113/3113 3111/3111/3111
f 3111/3111/3111 3113/3113/3113 3114/3114/3114 3112/3112/3112
f 3041/3017/3017 3015/3019/3019 3115/3115/3115 3113/3113/3113
f 3116/3116/3116 3114/3114/3114 3113/3113/3113 3115/3115/3115
f 3117/3117/3117 3115/3115/3115 3015/3019/3019 3017/3018/3018
f 3118/3118/3118 3116/3116/3116 3115/3115/3115 3117/3117/3117
f 3117/3117/3117 3017/3018/3018 3069/3023/3023 3119/3119/3119
f 3119/3119/3119 3120/3120/3120 3118/3118/3118 3117/3117/3117
f 3122/3121/3121 3121/3122/3122 3089/3085/3085 3093/3090/3090
f 3121/3122/3122 3123/3123/3123 3120/3120/3120 3119/3119/3119
f 3123/3123/3123 3121/3122/3122 3122/3121/3121 3124/3124/3124
f 3119/3119/3119 3069/3023/3023 3089/3085/3085 3121/3122/3122
f 3126/3125/3125 3124/3124/3124 3122/3121/3121 3125/3126/3126
f 3128/3127/3127 3126/3125/3125 3125/3126/3126 3127/3128/3128
f 3127/3128/3128 3125/3126/3126 3082/3072/3072 3019/3027/3027
f 3093/3090/3090 3082/3072/3072 3125/3126/3126 3122/3121/3121
f 3129/3129/3129 3127/3128/3128 3019/3027/3027 3071/3026/3026
f 3127/3128/3128 3129/3129/3129 3130/3130/3130 3128/3127/3127
f 3131/3131/3131 3129/3129/3129 3071/3026/3026 3021/3029/3029
f 3129/3129/3129 3131/3131/3131 3132/3132/3132 3130/3130/3130
f 3021/3029/3029 3023/3028/3028 3133/3133/3133 3131/3131/3131
f 3023/3028/3028 3052/3033/3033 3134/3134/3134 3133/3133/3133
f 3134/3134/3134 3052/3033/3033 3025/3035/3035 3102/3103/3103
f 3135/3135/3135 3132/3132/3132 3131/3131/3131 3133/3133/3133
f 3133/3133/3133 3134/3134/3134 3136/3136/3136 3135/3135/3135
f 3134/3134/3134 3102/3103/3103 3137/3137/3137 3136/3136/3136
f 3137/3137/3137 3102/3103/3103 3103/3102/3102 3138/3138/3138
f 3104/3104/3104 3139/3139/3139 3138/3138/3138 3103/3102/3102
f 3140/5496/3140 3139/3139/3139 3104/3104/3104 3106/5497/3106
f 3141/3141/3141 3140/3140/3140 3106/3106/3106 3108/3108/3108
f 3110/3110/3110 3142/3142/3142 3141/3141/3141 3108/3108/3108
f 3112/3112/3112 3143/3143/3143 3142/3142/3142 3110/3110/3110
f 3143/3143/3143 3112/3112/3112 3114/3114/3114 3144/3144/3144
f 3116/3116/3116 3145/3145/3145 3144/3144/3144 3114/3114/3114
f 3146/3146/3146 3145/3145/3145 3116/3116/3116 3118/3118/3118
f 3120/3120/3120 3147/3147/3147 3146/3146/3146 3118/3118/3118
f 3123/3123/3123 3148/3148/3148 3147/3147/3147 3120/3120/3120
f 3124/3124/3124 3149/3149/3149 3148/3148/3148 3123/3123/3123
f 3149/3149/3149 3124/3124/3124 3126/3125/3125 3150/3150/3150
f 3126/3125/3125 3128/3127/3127 3151/3151/3151 3150/3150/3150
f 3152/3152/3152 3151/3151/3151 3128/3127/3127 3130/3130/3130
f 3154/3153/3153 3153/3154/3154 3130/3130/3130 3132/3132/3132
f 3153/3154/3154 3155/3155/3155 3152/3152/3152 3130/3130/3130
f 3157/3156/3156 3156/3157/3157 3132/3132/3132 3135/3135/3135
f 3154/3153/3153 3132/3132/3132 3156/3157/3157 3158/3158/3158
f 3153/3154/3154 3159/3159/3159 3160/3160/3160 3155/3155/3155
f 3158/3158/3158 3161/3161/3161 3162/3162/3162 3154/3153/3153
f 3159/3159/3159 3162/3162/3162 3161/3161/3161 3160/3160/3160
f 3159/3159/3159 3153/3154/3154 3154/3153/3153 3162/3162/3162
f 3163/3163/3163 3157/3156/3156 3135/3135/3135 3136/3136/3136
f 3164/3164/3164 3163/3163/3163 3136/3136/3136 3137/3137/3137
f 3137/3137/3137 3138/3138/3138 3165/3165/3165 3164/3164/3164
f 3165/3165/3165 3138/3138/3138 3139/3139/3139 3166/3166/3166
f 3167/5495/3167 3166/3166/3166 3139/3139/3139 3140/5496/3140
f 3168/3168/3168 3167/3167/3167 3140/3140/3140 3141/3141/3141
f 3142/3142/3142 3169/3169/3169 3168/3168/3168 3141/3141/3141
f 3143/3143/3143 3170/3170/3170 3169/3169/3169 3142/3142/3142
f 3170/3170/3170 3143/3143/3143 3144/3144/3144 3171/3171/3171
f 3145/3145/3145 3172/3172/3172 3171/3171/3171 3144/3144/3144
f 3145/3145/3145 3146/3146/3146 3173/3173/3173 3172/3172/3172
f 3173/3173/3173 3146/3146/3146 3147/3147/3147 3174/3174/3174
f 3174/3174/3174 3147/3147/3147 3148/3148/3148 3175/3175/3175
f 3148/3148/3148 3149/3149/3149 3176/3176/3176 3175/3175/3175
f 3176/3176/3176 3149/3149/3149 3150/3150/3150 3177/3177/3177
f 3155/3155/3155 3178/3178/3178 3151/3151/3151 3152/3152/3152
f 3151/3151/3151 3179/3179/3179 3177/3177/3177 3150/3150/3150
f 3178/3178/3178 3180/3180/3180 3179/3179/3179 3151/3151/3151
f 3156/3157/3157 3181/3181/3181 3182/3182/3182 3158/3158/3158
f 3156/3157/3157 3157/3156/3156 3183/3183/3183 3181/3181/3181
f 3184/3184/3184 3183/3183/3183 3157/3156/3156 3163/3163/3163
f 3185/3185/3185 3184/3184/3184 3163/3163/3163 3164/3164/3164
f 3186/3186/3186 3185/3185/3185 3164/3164/3164 3165/3165/3165
f 3187/3187/3187 3186/3186/3186 3165/3165/3165 3166/3166/3166
f 3188/5494/3188 3187/3187/3187 3166/3166/3166 3167/5495/3167
f 3167/3167/3167 3168/3168/3168 3189/3189/3189 3188/3188/3188
f 3169/3169/3169 3190/3190/3190 3189/3189/3189 3168/3168/3168
f 3191/3191/3191 3190/3190/3190 3169/3169/3169 3170/3170/3170
f 3171/3171/3171 3192/3192/3192 3191/3191/3191 3170/3170/3170
f 3193/3193/3193 3192/3192/3192 3171/3171/3171 3172/3172/3172
f 3172/3172/3172 3173/3173/3173 3194/3194/3194 3193/3193/3193
f 3195/3195/3195 3194/3194/3194 3173/3173/3173 3174/3174/3174
f 3175/3175/3175 3196/3196/3196 3195/3195/3195 3174/3174/3174
f 3175/3175/3175 3176/3176/3176 3197/3197/3197 3196/3196/3196
f 3177/3177/3177 3198/3198/3198 3197/3197/3197 3176/3176/3176
f 3179/3179/3179 3199/3199/3199 3198/3198/3198 3177/3177/3177
f 3179/3179/3179 3180/3180/3180 3200/3200/3200 3199/3199/3199
f 3158/3158/3158 3182/3182/3182 3201/3201/3201 3161/3161/3161
f 3178/3178/3178 3155/3155/3155 3160/3160/3160 3202/3202/3202
f 3180/3180/3180 3178/3178/3178 3202/3202/3202 3203/3203/3203
f 3204/3204/3204 3200/3200/3200 3180/3180/3180 3203/3203/3203
f 3160/3160/3160 3161/3161/3161 3201/3201/3201 3205/3205/3205
f 3205/3205/3205 3206/3206/3206 3202/3202/3202 3160/3160/3160
f 3203/3203/3203 3202/3202/3202 3206/3206/3206 3204/3204/3204
f 3208/3207/3207 3198/3198/3198 3199/3199/3199 3207/3208/3208
f 3197/3197/3197 3198/3198/3198 3208/3207/3207 3209/3209/3209
f 3197/3197/3197 3209/3209/3209 3210/3210/3210 3196/3196/3196
f 3211/3211/3211 3195/3195/3195 3196/3196/3196 3210/3210/3210
f 3211/3211/3211 3212/3212/3212 3194/3194/3194 3195/3195/3195
f 3213/3213/3213 3193/3193/3193 3194/3194/3194 3212/3212/3212
f 3214/3214/3214 3192/3192/3192 3193/3193/3193 3213/3213/3213
f 3192/3192/3192 3214/3214/3214 3215/3215/3215 3191/3191/3191
f 3191/3191/3191 3215/3215/3215 3216/3216/3216 3190/3190/3190
f 3217/3217/3217 3189/3189/3189 3190/3190/3190 3216/3216/3216
f 3189/3189/3189 3217/3217/3217 3218/3218/3218 3188/3188/3188
f 3188/5494/3188 3218/5493/3218 3219/3219/3219 3187/3187/3187
f 3187/3187/3187 3219/3219/3219 3220/3220/3220 3186/3186/3186
f 3221/3221/3221 3185/3185/3185 3186/3186/3186 3220/3220/3220
f 3184/3184/3184 3185/3185/3185 3221/3221/3221 3222/3222/3222
f 3222/3222/3222 3223/3223/3223 3183/3183/3183 3184/3184/3184
f 3183/3183/3183 3223/3223/3223 3224/3224/3224 3181/3181/3181
f 3225/3225/3225 3182/3182/3182 3181/3181/3181 3224/3224/3224
f 3225/3225/3225 3226/3226/3226 3201/3201/3201 3182/3182/3182
f 3205/3205/3205 3201/3201/3201 3226/3226/3226 3227/3227/3227
f 3206/3206/3206 3205/3205/3205 3227/3227/3227 3228/3228/3228
f 3204/3204/3204 3206/3206/3206 3228/3228/3228 3229/3229/3229
f 3229/3229/3229 3230/3230/3230 3200/3200/3200 3204/3204/3204
f 3200/3200/3200 3231/3231/3231 3207/3208/3208 3199/3199/3199
f 3231/3231/3231 3200/3200/3200 3230/3230/3230 3232/3232/3232
f 3213/3213/3213 3233/3233/3233 3234/3234/3234 3214/3214/3214
f 3215/3215/3215 3214/3214/3214 3234/3234/3234 3216/3216/3216
f 3233/3233/3233 3235/3235/3235 3236/3236/3236 3234/3234/3234
f 3216/3216/3216 3234/3234/3234 3236/3236/3236 3217/3217/3217
f 3235/3235/3235 3237/3237/3237 3238/5492/3238 3236/3236/3236
f 3238/5492/3238 3218/3218/3218 3217/3217/3217 3236/3236/3236
f 3239/3239/3239 3219/3219/3219 3218/5493/3218 3238/3238/3238
f 3240/3240/3240 3239/3239/3239 3238/3238/3238 3237/5491/3237
f 3219/3219/3219 3239/3239/3239 3241/3241/3241 3220/3220/3220
f 3241/3241/3241 3239/3239/3239 3240/3240/3240 3242/3242/3242
f 3220/3220/3220 3241/3241/3241 3242/3242/3242 3221/3221/3221
f 3221/3221/3221 3242/3242/3242 3243/3243/3243 3222/3222/3222
f 3243/3243/3243 3244/3244/3244 3223/3223/3223 3222/3222/3222
f 3244/3244/3244 3245/3245/3245 3224/3224/3224 3223/3223/3223
f 3225/3225/3225 3224/3224/3224 3245/3245/3245 3246/3246/3246
f 3246/3246/3246 3247/3247/3247 3226/3226/3226 3225/3225/3225
f 3247/3247/3247 3248/3248/3248 3227/3227/3227 3226/3226/3226
f 3250/3249/3249 3249/3250/3250 3228/3228/3228 3227/3227/3227
f 3251/3251/3251 3250/3249/3249 3227/3227/3227 3248/3248/3248
f 3249/3250/3250 3252/3252/3252 3229/3229/3229 3228/3228/3228
f 3230/3230/3230 3229/3229/3229 3252/3252/3252 3253/3253/3253
f 3254/3254/3254 3232/3232/3232 3230/3230/3230 3253/3253/3253
f 3212/3212/3212 3255/3255/3255 3233/3233/3233 3213/3213/3213
f 3255/3255/3255 3256/3256/3256 3235/3235/3235 3233/3233/3233
f 3237/3237/3237 3235/3235/3235 3256/3256/3256 3257/3257/3257
f 3237/5491/3237 3257/5490/3257 3258/3258/3258 3240/3240/3240
f 3242/3242/3242 3240/3240/3240 3258/3258/3258 3243/3243/3243
f 3211/3211/3211 3259/3259/3259 3255/3255/3255 3212/3212/3212
f 3259/3259/3259 3260/3260/3260 3256/3256/3256 3255/3255/3255
f 3257/3257/3257 3256/3256/3256 3260/3260/3260 3261/3261/3261
f 3258/3258/3258 3257/5490/3257 3261/5489/3261 3262/3262/3262
f 3243/3243/3243 3258/3258/3258 3262/3262/3262 3244/3244/3244
f 3264/3263/3263 3244/3244/3244 3262/3262/3262 3263/3264/3264
f 3265/3265/3265 3245/3245/3245 3244/3244/3244 3264/3263/3263
f 3262/3262/3262 3261/5489/3261 3266/5488/3266 3263/3264/3264
f 3261/3261/3261 3260/3260/3260 3267/3267/3267 3266/3266/3266
f 3268/3268/3268 3267/3267/3267 3260/3260/3260 3259/3259/3259
f 3259/3259/3259 3211/3211/3211 3210/3210/3210 3268/3268/3268
f 3209/3209/3209 3269/3269/3269 3268/3268/3268 3210/3210/3210
f 3269/3269/3269 3270/3270/3270 3267/3267/3267 3268/3268/3268
f 3266/3266/3266 3267/3267/3267 3270/3270/3270 3271/3271/3271
f 3263/3264/3264 3266/5488/3266 3271/5487/3271 3272/3272/3272
f 3264/3263/3263 3263/3264/3264 3272/3272/3272 3265/3265/3265
f 3265/3265/3265 3273/3273/3273 3246/3246/3246 3245/3245/3245
f 3274/3274/3274 3273/3273/3273 3265/3265/3265 3272/3272/3272
f 3275/5486/3275 3274/3274/3274 3272/3272/3272 3271/5487/3271
f 3276/3276/3276 3275/3275/3275 3271/3271/3271 3270/3270/3270
f 3270/3270/3270 3269/3269/3269 3277/3277/3277 3276/3276/3276
f 3269/3269/3269 3209/3209/3209 3208/3207/3207 3277/3277/3277
f 3273/3273/3273 3278/3278/3278 3247/3247/3247 3246/3246/3246
f 3279/3279/3279 3278/3278/3278 3273/3273/3273 3274/3274/3274
f 3280/5485/3280 3279/3279/3279 3274/3274/3274 3275/5486/3275
f 3207/3208/3208 3281/3281/3281 3277/3277/3277 3208/3207/3207
f 3231/3231/3231 3282/3282/3282 3281/3281/3281 3207/3208/3208
f 3232/3232/3232 3283/3283/3283 3282/3282/3282 3231/3231/3231
f 3281/3281/3281 3284/3284/3284 3276/3276/3276 3277/3277/3277
f 3282/3282/3282 3285/3285/3285 3284/3284/3284 3281/3281/3281
f 3283/3283/3283 3286/3286/3286 3285/3285/3285 3282/3282/3282
f 3283/3283/3283 3232/3232/3232 3254/3254/3254 3286/3286/3286
f 3284/3284/3284 3287/3287/3287 3288/3288/3288 3276/3276/3276
f 3288/3288/3288 3280/3280/3280 3275/3275/3275 3276/3276/3276
f 3285/3285/3285 3289/3289/3289 3287/3287/3287 3284/3284/3284
f 3289/3289/3289 3285/3285/3285 3286/3286/3286 3290/3290/3290
f 3291/3291/3291 3290/3290/3290 3286/3286/3286 3254/3254/3254
f 3292/3292/3292 3291/3291/3291 3254/3254/3254 3253/3253/3253
f 3294/3293/3293 3293/3294/3294 3252/3252/3252 3249/3250/3250
f 3253/3253/3253 3252/3252/3252 3293/3294/3294 3292/3292/3292
f 3296/3295/3295 3295/3296/3296 3250/3249/3249 3251/3251/3251
f 3250/3249/3249 3295/3296/3296 3294/3293/3293 3249/3250/3250
f 3251/3251/3251 3297/3297/3297 3298/3298/3298 3296/3295/3295
f 3297/3297/3297 3251/3251/3251 3248/3248/3248 3247/3247/3247
f 3278/3278/3278 3298/3298/3298 3297/3297/3297 3247/3247/3247
f 3278/3278/3278 3279/3279/3279 3299/3299/3299 3298/3298/3298
f 3300/5484/3300 3299/3299/3299 3279/3279/3279 3280/5485/3280
f 3280/3280/3280 3288/3288/3288 3301/3301/3301 3300/3300/3300
f 3301/3301/3301 3288/3288/3288 3287/3287/3287 3302/3302/3302
f 3287/3287/3287 3289/3289/3289 3290/3290/3290 3302/3302/3302
f 3304/3303/3303 3303/3304/3304 3296/3295/3295 3298/3298/3298
f 3304/3303/3303 3298/3298/3298 3299/3299/3299 3305/3305/3305
f 3299/3299/3299 3300/5484/3300 3306/5483/3306 3305/3305/3305
f 3307/3307/3307 3306/3306/3306 3300/3300/3300 3301/3301/3301
f 3308/3308/3308 3307/3307/3307 3301/3301/3301 3302/3302/3302
f 3290/3290/3290 3309/3309/3309 3308/3308/3308 3302/3302/3302
f 3291/3291/3291 3310/3310/3310 3309/3309/3309 3290/3290/3290
f 3291/3291/3291 3292/3292/3292 3311/3311/3311 3310/3310/3310
f 3292/3292/3292 3293/3294/3294 3312/3312/3312 3311/3311/3311
f 3296/3295/3295 3303/3304/3304 3313/3313/3313 3295/3296/3296
f 3294/3293/3293 3295/3296/3296 3313/3313/3313 3314/3314/3314
f 3314/3314/3314 3312/3312/3312 3293/3294/3294 3294/3293/3293
f 3307/3307/3307 3308/3308/3308 3309/3309/3309 3315/3315/3315
f 3316/3316/3316 3310/3310/3310 3311/3311/3311 3312/3312/3312
f 3305/3305/3305 3306/5483/3306 3317/3317/3317 3304/3303/3303
f 3314/3314/3314 3313/3313/3313 3303/3304/3304 3318/3318/3318
f 3304/3303/3303 3317/3317/3317 3318/3318/3318 3303/3304/3304
f 3310/3310/3310 3316/3316/3316 3315/3315/3315 3309/3309/3309
f 3317/3317/3317 3306/3306/3306 3307/3307/3307 3315/3315/3315
f 3316/3316/3316 3318/3318/3318 3317/3317/3317 3315/3315/3315
f 3312/3312/3312 3314/3314/3314 3318/3318/3318 3316/3316/3316
f 2790/2791/2791 2788/2789/2789 3353/3319/3319 3354/3320/3320
f 3320/3321/3321 3319/3322/3322 3369/3323/3323 3370/3324/3324
f 3322/3325/3325 3321/3326/3326 3400/3327/3327 3401/3328/3328
f 3324/3329/3329 3323/3330/3330 3335/3331/3331 3336/3332/3332
f 2611/2689/2689 3327/3333/3333 3328/5108/3334 2735/5109/2690
f 3327/3333/3333 3329/3335/3335 3330/5107/3336 3328/5108/3334
f 3332/5106/3337 3330/5107/3336 3329/3335/3335 3331/3338/3338
f 3331/3338/3338 3333/3339/3339 3334/5105/3340 3332/5106/3337
f 3336/3332/3332 3335/3331/3331 3325/5103/3341 3326/5104/3342
f 3326/5104/3342 3334/5105/3340 3333/3339/3339 3336/3332/3332
f 3327/3333/3333 2611/2689/2689 2730/2740/2740 3337/3343/3343
f 3337/3343/3343 3338/3344/3344 3329/3335/3335 3327/3333/3333
f 3338/3344/3344 3339/3345/3345 3331/3338/3338 3329/3335/3335
f 3333/3339/3339 3331/3338/3338 3339/3345/3345 3340/3346/3346
f 3336/3332/3332 3333/3339/3339 3340/3346/3346 3324/3329/3329
f 3342/3347/3347 3341/3348/3348 3323/3330/3330 3324/3329/3329
f 3324/3329/3329 3340/3346/3346 3343/3349/3349 3342/3347/3347
f 3340/3346/3346 3339/3345/3345 3344/3350/3350 3343/3349/3349
f 3345/3351/3351 3344/3350/3350 3339/3345/3345 3338/3344/3344
f 3346/3352/3352 3345/3351/3351 3338/3344/3344 3337/3343/3343
f 2730/2740/2740 2725/2735/2735 3346/3352/3352 3337/3343/3343
f 3348/3353/3353 3347/3354/3354 3341/3348/3348 3342/3347/3347
f 3342/3347/3347 3343/3349/3349 3349/3355/3355 3348/3353/3353
f 3343/3349/3349 3344/3350/3350 3350/3356/3356 3349/3355/3355
f 3351/3357/3357 3350/3356/3356 3344/3350/3350 3345/3351/3351
f 3352/3358/3358 3351/3357/3357 3345/3351/3351 3346/3352/3352
f 2725/2735/2735 2720/2688/2688 3352/3358/3358 3346/3352/3352
f 3354/3320/3320 3353/3319/3319 3359/3359/3359 3360/3360/3360
f 3354/3320/3320 3355/3361/3361 2799/2799/2799 2790/2791/2791
f 3355/3361/3361 3356/3362/3362 2797/2797/2797 2799/2799/2799
f 3356/3362/3362 3357/3363/3363 2795/2795/2795 2797/2797/2797
f 2793/2793/2793 2795/2795/2795 3357/3363/3363 3358/3364/3364
f 2669/2705/2705 2665/2704/2704 2793/2793/2793 3358/3364/3364
f 3360/3360/3360 3359/3359/3359 3319/3322/3322 3320/3321/3321
f 2677/2715/2715 2673/2710/2710 3361/3365/3365 3362/3366/3366
f 3361/3365/3365 2673/2710/2710 2669/2705/2705 3358/3364/3364
f 3358/3364/3364 3357/3363/3363 3363/3367/3367 3361/3365/3365
f 3364/3368/3368 3362/3366/3366 3361/3365/3365 3363/3367/3367
f 3357/3363/3363 3356/3362/3362 3365/3369/3369 3363/3367/3367
f 3363/3367/3367 3365/3369/3369 3366/3370/3370 3364/3368/3368
f 3367/3371/3371 3365/3369/3369 3356/3362/3362 3355/3361/3361
f 3368/3372/3372 3366/3370/3370 3365/3369/3369 3367/3371/3371
f 3355/3361/3361 3354/3320/3320 3360/3360/3360 3367/3371/3371
f 3367/3371/3371 3360/3360/3360 3320/3321/3321 3368/3372/3372
f 3370/3324/3324 3369/3323/3323 3375/3373/3373 3376/3374/3374
f 3370/3324/3324 3371/3375/3375 3368/3372/3372 3320/3321/3321
f 3371/3375/3375 3372/3376/3376 3366/3370/3370 3368/3372/3372
f 3372/3376/3376 3373/3377/3377 3364/3368/3368 3366/3370/3370
f 3373/3377/3377 3374/3378/3378 3362/3366/3366 3364/3368/3368
f 2700/2720/2720 2677/2715/2715 3362/3366/3366 3374/3378/3378
f 3376/3374/3374 3375/3373/3373 3381/3379/3379 3382/3380/3380
f 3376/3374/3374 3377/3381/3381 3371/3375/3375 3370/3324/3324
f 3377/3381/3381 3378/3382/3382 3372/3376/3376 3371/3375/3375
f 3373/3377/3377 3372/3376/3376 3378/3382/3382 3379/3383/3383
f 3379/3383/3383 3380/3384/3384 3374/3378/3378 3373/3377/3377
f 2705/2725/2725 2700/2720/2720 3374/3378/3378 3380/3384/3384
f 3382/3380/3380 3381/3379/3379 3387/3385/3385 3388/3386/3386
f 3382/3380/3380 3383/3387/3387 3377/3381/3381 3376/3374/3374
f 3385/3388/3388 3379/3383/3383 3378/3382/3382 3384/3389/3389
f 3386/3390/3390 3380/3384/3384 3379/3383/3383 3385/3388/3388
f 3380/3384/3384 3386/3390/3390 2605/2686/2686 2705/2725/2725
f 3383/3387/3387 3384/3389/3389 3378/3382/3382 3377/3381/3381
f 3388/3386/3386 3387/3385/3385 3321/3326/3326 3322/3325/3325
f 3383/3387/3387 3382/3380/3380 3388/3386/3386 3389/3391/3391
f 3322/3325/3325 3390/3392/3392 3389/3391/3391 3388/3386/3386
f 3389/3391/3391 3391/3393/3393 3384/3389/3389 3383/3387/3387
f 3391/3393/3393 3389/3391/3391 3390/3392/3392 3392/3394/3394
f 3385/3388/3388 3384/3389/3389 3391/3393/3393 3393/3395/3395
f 3392/3394/3394 3394/3396/3396 3393/3395/3395 3391/3393/3393
f 3393/3395/3395 3395/3397/3397 3386/3390/3390 3385/3388/3388
f 3395/3397/3397 2710/2685/2685 2605/2686/2686 3386/3390/3390
f 3396/3398/3398 2715/2730/2730 2710/2685/2685 3395/3397/3397
f 3395/3397/3397 3393/3395/3395 3394/3396/3396 3396/3398/3398
f 3396/3398/3398 3397/3399/3399 2609/2687/2687 2715/2730/2730
f 3397/3399/3399 3352/3358/3358 2720/2688/2688 2609/2687/2687
f 3398/3400/3400 3351/3357/3357 3352/3358/3358 3397/3399/3399
f 3394/3396/3396 3398/3400/3400 3397/3399/3399 3396/3398/3398
f 3350/3356/3356 3351/3357/3357 3398/3400/3400 3399/3401/3401
f 3392/3394/3394 3399/3401/3401 3398/3400/3400 3394/3396/3396
f 3401/3328/3328 3400/3327/3327 3347/3354/3354 3348/3353/3353
f 3402/3402/3402 3399/3401/3401 3392/3394/3394 3390/3392/3392
f 3401/3328/3328 3402/3402/3402 3390/3392/3392 3322/3325/3325
f 3349/3355/3355 3402/3402/3402 3401/3328/3328 3348/3353/3353
f 3350/3356/3356 3399/3401/3401 3402/3402/3402 3349/3355/3355
f 3325/5103/3341 3335/3331/3331 3403/3403/3403 3404/5102/3404
f 3406/5101/3405 3404/5102/3404 3403/3403/3403 3405/3406/3406
f 3405/3406/3406 3407/3407/3407 3408/5358/3408 3406/5101/3405
f 3407/5357/3407 3409/3409/3409 3410/5099/3410 3408/5100/3408
f 3409/3409/3409 3411/3411/3411 3412/5098/3412 3410/5099/3410
f 3411/5097/3411 3413/5096/3413 3414/3414/3414 3412/3412/3412
f 3411/3411/3411 3416/3415/3415 3415/3416/3416 3413/3413/3413
f 2777/2777/2777 3417/3417/3417 2778/2778/2778 2775/2776/2776
f 3419/3418/3418 2777/2777/2777 2653/2696/2696 2623/2695/2695
f 3419/3418/3418 3420/3419/3419 3417/3417/3417 2777/2777/2777
f 3424/3420/3420 3419/3418/3418 2623/2695/2695 2649/2693/2693
f 3424/3420/3420 3425/3421/3421 3420/3419/3419 3419/3418/3418
f 3426/5067/3422 2781/2781/2781 2816/2817/2817 2818/2847/2847
f 3427/5066/3423 2820/2846/2846 2815/2815/2815 2779/5068/2779
f 3426/5067/3422 2818/2847/2847 2820/2846/2846 3427/5066/3423
f 3428/3424/3424 3427/3423/3423 2779/2779/2779 2778/2778/2778
f 3429/3425/3425 3426/3422/3422 3427/3423/3423 3428/3424/3424
f 3429/3425/3425 2780/2782/2782 2781/5069/2781 3426/3422/3422
f 3430/3426/3426 3428/3424/3424 2778/2778/2778 3417/3417/3417
f 3431/3427/3427 3429/3425/3425 3428/3424/3424 3430/3426/3426
f 3418/3428/3428 2780/2782/2782 3429/3425/3425 3431/3427/3427
f 3417/3417/3417 3420/3419/3419 3432/3429/3429 3430/3426/3426
f 3430/3426/3426 3432/3429/3429 3433/3430/3430 3431/3427/3427
f 3432/3429/3429 3435/3431/3431 3434/3432/3432 3433/3430/3430
f 3420/3419/3419 3425/3421/3421 3435/3431/3431 3432/3429/3429
f 3436/3433/3433 3424/3420/3420 2649/2693/2693 2621/2694/2694
f 3436/3433/3433 3437/3434/3434 3425/3421/3421 3424/3420/3420
f 3437/3434/3434 3438/3435/3435 3435/3431/3431 3425/3421/3421
f 3439/3436/3436 3434/3432/3432 3435/3431/3431 3438/3435/3435
f 3441/5095/3437 3413/3413/3413 3415/3416/3416 3440/3438/3438
f 3441/5095/3437 3440/3438/3438 3439/3436/3436 3442/5094/3439
f 3442/5094/3439 3439/3436/3436 3438/3435/3435 3443/5093/3440
f 3443/5093/3440 3438/3435/3435 3437/3434/3434 3444/5092/3441
f 3445/3442/3442 3444/5092/3441 3437/3434/3434 3436/3433/3433
f 3446/3443/3443 3414/3414/3414 3413/5096/3413 3441/3437/3437
f 3446/3443/3443 3441/3437/3437 3442/3439/3439 3447/3444/3444
f 3443/3440/3440 3448/3445/3445 3447/3444/3444 3442/3439/3439
f 3448/3445/3445 3443/3440/3440 3444/3441/3441 3449/3446/3446
f 3450/3447/3447 3449/3446/3446 3444/3441/3441 3445/5091/3442
f 3436/3433/3433 2621/2694/2694 2760/5090/2760 3445/3442/3442
f 3451/3448/3448 3450/3447/3447 3445/5091/3442 2760/2760/2760
f 3452/3449/3449 3451/3448/3448 2760/2760/2760 2755/2692/2692
f 2613/2691/2691 3453/3450/3450 3452/3449/3449 2755/2692/2692
f 3453/3450/3450 2613/2691/2691 2750/2755/2755 3454/3451/3451
f 2750/2755/2755 2745/2750/2750 3455/3452/3452 3454/3451/3451
f 3455/3452/3452 2745/2750/2750 2740/2745/2745 3456/3453/3453
f 2735/2690/2690 3457/3454/3454 3456/3453/3453 2740/2745/2745
f 3457/3454/3454 2735/2690/2690 3328/3334/3334 3458/3455/3455
f 3330/3336/3336 3459/3456/3456 3458/3455/3455 3328/3334/3334
f 3330/3336/3336 3332/3337/3337 3460/3457/3457 3459/3456/3456
f 3332/3337/3337 3334/3340/3340 3461/3458/3458 3460/3457/3457
f 3334/3340/3340 3326/3342/3342 3462/3459/3459 3461/3458/3458
f 3326/3342/3342 3325/3341/3341 3463/3460/3460 3462/3459/3459
f 3404/3404/3404 3464/3461/3461 3463/3460/3460 3325/3341/3341
f 3464/3461/3461 3404/3404/3404 3406/3405/3405 3465/3462/3462
f 3408/3408/3408 3466/3463/3463 3465/3462/3462 3406/3405/3405
f 3467/3464/3464 3421/3465/3465 3433/3430/3430 3434/3432/3432
f 3434/3432/3432 3439/3436/3436 3440/3438/3438 3468/3466/3466
f 3468/3466/3466 3469/3467/3467 3467/3464/3464 3434/3432/3432
f 3469/3467/3467 3422/3468/3468 3421/3465/3465 3467/3464/3464
f 3470/3469/3469 3423/3470/3470 3422/3468/3468 3469/3467/3467
f 3471/3471/3471 3470/3469/3469 3469/3467/3467 3468/3466/3466
f 3415/3416/3416 3471/3471/3471 3468/3466/3466 3440/3438/3438
f 3473/3472/3472 3472/3473/3473 3423/3470/3470 3470/3469/3469
f 3474/3474/3474 3473/3472/3472 3470/3469/3469 3471/3471/3471
f 3471/3471/3471 3415/3416/3416 3416/3415/3415 3474/3474/3474
f 3421/3465/3465 3475/3475/3475 3431/3427/3427 3433/3430/3430
f 3476/3476/3476 3475/3475/3475 3421/3465/3465 3422/3468/3468
f 3418/3428/3428 3431/3427/3427 3475/3475/3475 3477/3477/3477
f 2782/2783/2783 2780/2782/2782 3418/3428/3428 3477/3477/3477
f 3476/3476/3476 3478/3478/3478 3477/3477/3477 3475/3475/3475
f 2782/2783/2783 3477/3477/3477 3478/3478/3478 2784/2784/2784
f 3479/3479/3479 3476/3476/3476 3422/3468/3468 3423/3470/3470
f 3478/3478/3478 3476/3476/3476 3479/3479/3479 3480/3480/3480
f 3480/3480/3480 3481/5361/3481 2784/2784/2784 3478/3478/3478
f 3472/3473/3473 3482/3482/3482 3479/3479/3479 3423/3470/3470
f 3482/3482/3482 3483/3483/3483 3480/3480/3480 3479/3479/3479
f 3483/3483/3483 3484/3484/3484 3481/5361/3481 3480/3480/3480
f 3481/3481/3481 3485/3485/3485 2786/2786/2786 2784/5362/2784
f 3481/3481/3481 3484/5360/3484 3486/3486/3486 3485/3485/3485
f 3485/3485/3485 3487/3487/3487 2788/2789/2789 2786/2786/2786
f 3486/3486/3486 3488/3488/3488 3487/3487/3487 3485/3485/3485
f 3490/3489/3489 3489/3490/3490 3447/3444/3444 3448/3445/3445
f 3490/3489/3489 3448/3445/3445 3449/3446/3446 3491/3491/3491
f 3491/3491/3491 3449/3446/3446 3450/3447/3447 3492/3492/3492
f 3451/3448/3448 3493/3493/3493 3492/3492/3492 3450/3447/3447
f 3452/3449/3449 3494/3494/3494 3493/3493/3493 3451/3448/3448
f 3494/3494/3494 3452/3449/3449 3453/3450/3450 3495/3495/3495
f 3454/3451/3451 3496/3496/3496 3495/3495/3495 3453/3450/3450
f 3454/3451/3451 3455/3452/3452 3497/3497/3497 3496/3496/3496
f 3498/3498/3498 3497/3497/3497 3455/3452/3452 3456/3453/3453
f 3498/3498/3498 3456/3453/3453 3457/3454/3454 3499/3499/3499
f 3458/3455/3455 3500/3500/3500 3499/3499/3499 3457/3454/3454
f 3459/3456/3456 3501/3501/3501 3500/3500/3500 3458/3455/3455
f 3460/3457/3457 3502/3502/3502 3501/3501/3501 3459/3456/3456
f 3503/3503/3503 3502/3502/3502 3460/3457/3457 3461/3458/3458
f 3461/3458/3458 3462/3459/3459 3504/3504/3504 3503/3503/3503
f 3505/3505/3505 3504/3504/3504 3462/3459/3459 3463/3460/3460
f 3463/3460/3460 3464/3461/3461 3506/3506/3506 3505/3505/3505
f 3506/3506/3506 3464/3461/3461 3465/3462/3462 3507/3507/3507
f 3466/3463/3463 3508/3508/3508 3507/3507/3507 3465/3462/3462
f 3410/5541/3410 3509/5540/3509 3466/3463/3463 3408/3408/3408
f 3510/3510/3510 3509/3509/3509 3410/3410/3410 3412/3412/3412
f 3510/3510/3510 3412/3412/3412 3414/3414/3414 3511/3511/3511
f 3446/3443/3443 3512/3512/3512 3511/3511/3511 3414/3414/3414
f 3512/3512/3512 3446/3443/3443 3447/3444/3444 3489/3490/3490
f 3492/3492/3492 3513/3513/3513 3514/3514/3514 3491/3491/3491
f 3515/3515/3515 3490/3489/3489 3491/3491/3491 3514/3514/3514
f 3515/3515/3515 3516/3516/3516 3489/3490/3490 3490/3489/3489
f 3489/3490/3490 3516/3516/3516 3517/3517/3517 3512/3512/3512
f 3512/3512/3512 3517/3517/3517 3518/3518/3518 3511/3511/3511
f 3519/3519/3519 3510/3510/3510 3511/3511/3511 3518/3518/3518
f 3519/3519/3519 3520/3520/3520 3509/3509/3509 3510/3510/3510
f 3520/5539/3520 3508/3508/3508 3466/3463/3463 3509/5540/3509
f 3513/3513/3513 3492/3492/3492 3493/3493/3493 3521/3521/3521
f 3521/3521/3521 3493/3493/3493 3494/3494/3494 3522/3522/3522
f 3523/3523/3523 3522/3522/3522 3494/3494/3494 3495/3495/3495
f 3496/3496/3496 3524/3524/3524 3523/3523/3523 3495/3495/3495
f 3525/3525/3525 3524/3524/3524 3496/3496/3496 3497/3497/3497
f 3498/3498/3498 3526/3526/3526 3525/3525/3525 3497/3497/3497
f 3499/3499/3499 3527/3527/3527 3526/3526/3526 3498/3498/3498
f 3528/3528/3528 3527/3527/3527 3499/3499/3499 3500/3500/3500
f 3501/3501/3501 3529/3529/3529 3528/3528/3528 3500/3500/3500
f 3529/3529/3529 3501/3501/3501 3502/3502/3502 3530/3530/3530
f 3532/3531/3531 3530/3530/3530 3502/3502/3502 3531/3532/3532
f 3533/3533/3533 3531/3532/3532 3502/3502/3502 3503/3503/3503
f 3503/3503/3503 3504/3504/3504 3534/3534/3534 3533/3533/3533
f 3535/3535/3535 3534/3534/3534 3504/3504/3504 3505/3505/3505
f 3537/3536/3536 3536/3537/3537 3505/3505/3505 3506/3506/3506
f 3538/3538/3538 3537/3536/3536 3506/3506/3506 3507/3507/3507
f 3508/3508/3508 3539/3539/3539 3538/3538/3538 3507/3507/3507
f 3508/3508/3508 3520/5539/3520 3540/5536/3540 3539/3539/3539
f 3520/3520/3520 3519/3519/3519 3541/3541/3541 3540/3540/3540
f 3518/3518/3518 3542/3542/3542 3541/3541/3541 3519/3519/3519
f 3543/3543/3543 3542/3542/3542 3518/3518/3518 3517/3517/3517
f 3544/3544/3544 3543/3543/3543 3517/3517/3517 3516/3516/3516
f 3516/3516/3516 3515/3515/3515 3545/3545/3545 3544/3544/3544
f 3545/3545/3545 3515/3515/3515 3514/3514/3514 3546/3546/3546
f 3513/3513/3513 3547/3547/3547 3546/3546/3546 3514/3514/3514
f 3521/3521/3521 3548/3548/3548 3547/3547/3547 3513/3513/3513
f 3522/3522/3522 3549/3549/3549 3548/3548/3548 3521/3521/3521
f 3550/3550/3550 3549/3549/3549 3522/3522/3522 3523/3523/3523
f 3524/3524/3524 3551/3551/3551 3550/3550/3550 3523/3523/3523
f 3552/3552/3552 3551/3551/3551 3524/3524/3524 3525/3525/3525
f 3553/3553/3553 3552/3552/3552 3525/3525/3525 3526/3526/3526
f 3554/3554/3554 3553/3553/3553 3526/3526/3526 3527/3527/3527
f 3528/3528/3528 3555/3555/3555 3554/3554/3554 3527/3527/3527
f 3555/3555/3555 3528/3528/3528 3529/3529/3529 3556/3556/3556
f 3530/3530/3530 3557/3557/3557 3556/3556/3556 3529/3529/3529
f 3558/3558/3558 3557/3557/3557 3530/3530/3530 3532/3531/3531
f 3559/3559/3559 3532/3531/3531 3531/3532/3532 3533/3533/3533
f 3560/3560/3560 3558/3558/3558 3532/3531/3531 3559/3559/3559
f 3561/3561/3561 3559/3559/3559 3533/3533/3533 3534/3534/3534
f 3562/3562/3562 3560/3560/3560 3559/3559/3559 3561/3561/3561
f 3563/3563/3563 3561/3561/3561 3534/3534/3534 3535/3535/3535
f 3564/3564/3564 3562/3562/3562 3561/3561/3561 3563/3563/3563
f 3565/3565/3565 3535/3535/3535 3505/3505/3505 3536/3537/3537
f 3566/3566/3566 3563/3563/3563 3535/3535/3535 3565/3565/3565
f 3567/3567/3567 3564/3564/3564 3563/3563/3563 3566/3566/3566
f 3536/3537/3537 3537/3536/3536 3568/3568/3568 3565/3565/3565
f 3570/3569/3569 3567/3567/3567 3566/3566/3566 3569/3570/3570
f 3569/3570/3570 3566/3566/3566 3565/3565/3565 3568/3568/3568
f 3572/3571/3571 3570/3569/3569 3569/3570/3570 3571/3572/3572
f 3571/3572/3572 3569/3570/3570 3568/3568/3568 3573/3573/3573
f 3573/3573/3573 3568/3568/3568 3537/3536/3536 3538/3538/3538
f 3571/3572/3572 3574/3574/3574 3575/3575/3575 3572/3571/3571
f 3573/3573/3573 3576/3576/3576 3574/3574/3574 3571/3572/3572
f 3539/3539/3539 3576/3576/3576 3573/3573/3573 3538/3538/3538
f 3578/3577/3577 3577/5535/3578 3575/3575/3575 3574/3574/3574
f 3578/5538/3577 3579/3579/3579 3580/3580/3580 3577/3578/3578
f 3582/3581/3581 3580/3580/3580 3579/3579/3579 3581/3582/3582
f 3582/3581/3581 3581/3582/3582 3600/3583/3583 3601/3584/3584
f 3584/3585/3585 3583/3586/3586 3612/3587/3587 3613/3588/3588
f 3586/3589/3589 3585/3590/3590 3642/3591/3591 3643/3592/3592
f 3588/3593/3593 3587/3594/3594 3644/3595/3595 3645/3596/3596
f 3590/3597/3597 3589/3598/3598 3650/3599/3599 3651/3600/3600
f 3572/3571/3571 3575/3575/3575 3592/3601/3601 3591/3602/3602
f 3574/3574/3574 3576/3576/3576 3593/5537/3603 3578/3577/3577
f 3540/5536/3540 3593/5537/3603 3576/3576/3576 3539/3539/3539
f 3595/3604/3604 3540/3540/3540 3541/3541/3541 3594/3605/3605
f 3593/3603/3603 3540/3540/3540 3595/3604/3604 3596/3606/3606
f 3578/5538/3577 3593/3603/3603 3596/3606/3606 3579/3579/3579
f 3597/3607/3607 3581/3582/3582 3579/3579/3579 3596/3606/3606
f 3594/3605/3605 3597/3607/3607 3596/3606/3606 3595/3604/3604
f 3542/3542/3542 3598/3608/3608 3594/3605/3605 3541/3541/3541
f 3598/3608/3608 3599/3609/3609 3597/3607/3607 3594/3605/3605
f 3601/3584/3584 3600/3583/3583 3605/3610/3610 3606/3611/3611
f 3581/3582/3582 3597/3607/3607 3599/3609/3609 3600/3583/3583
f 3543/3543/3543 3602/3612/3612 3598/3608/3608 3542/3542/3542
f 3602/3612/3612 3603/3613/3613 3599/3609/3609 3598/3608/3608
f 3603/3613/3613 3604/3614/3614 3600/3583/3583 3599/3609/3609
f 3606/3611/3611 3605/3610/3610 3583/3586/3586 3584/3585/3585
f 3604/3614/3614 3607/3615/3615 3605/3610/3610 3600/3583/3583
f 3544/3544/3544 3608/3616/3616 3602/3612/3612 3543/3543/3543
f 3608/3616/3616 3609/3617/3617 3603/3613/3613 3602/3612/3612
f 3609/3617/3617 3610/3618/3618 3604/3614/3614 3603/3613/3613
f 3610/3618/3618 3611/3619/3619 3607/3615/3615 3604/3614/3614
f 3611/3619/3619 3583/3586/3586 3605/3610/3610 3607/3615/3615
f 3613/3588/3588 3612/3587/3587 3614/3620/3620 3615/3621/3621
f 3615/3621/3621 3614/3620/3620 3585/3590/3590 3586/3589/3589
f 3612/3587/3587 3583/3586/3586 3611/3619/3619 3616/3622/3622
f 3608/3616/3616 3544/3544/3544 3545/3545/3545 3617/3623/3623
f 3546/3546/3546 3618/3624/3624 3617/3623/3623 3545/3545/3545
f 3620/3625/3625 3616/3622/3622 3611/3619/3619 3619/3626/3626
f 3621/3627/3627 3619/3626/3626 3611/3619/3619 3610/3618/3618
f 3622/3628/3628 3620/3625/3625 3619/3626/3626 3621/3627/3627
f 3610/3618/3618 3609/3617/3617 3623/3629/3629 3621/3627/3627
f 3621/3627/3627 3623/3629/3629 3624/3630/3630 3622/3628/3628
f 3609/3617/3617 3608/3616/3616 3617/3623/3623 3623/3629/3629
f 3618/3624/3624 3624/3630/3630 3623/3629/3629 3617/3623/3623
f 3612/3587/3587 3625/3631/3631 3626/3632/3632 3614/3620/3620
f 3612/3587/3587 3616/3622/3622 3627/3633/3633 3625/3631/3631
f 3628/3634/3634 3626/3632/3632 3625/3631/3631 3627/3633/3633
f 3629/3635/3635 3627/3633/3633 3616/3622/3622 3620/3625/3625
f 3620/3625/3625 3630/3636/3636 3631/3637/3637 3629/3635/3635
f 3620/3625/3625 3622/3628/3628 3632/3638/3638 3630/3636/3636
f 3631/3637/3637 3630/3636/3636 3632/3638/3638 3633/3639/3639
f 3635/3640/3640 3634/3641/3641 3624/3630/3630 3618/3624/3624
f 3634/3641/3641 3632/3638/3638 3622/3628/3628 3624/3630/3630
f 3547/3547/3547 3635/3640/3640 3618/3624/3624 3546/3546/3546
f 3636/3642/3642 3633/3639/3639 3632/3638/3638 3634/3641/3641
f 3637/3643/3643 3636/3642/3642 3634/3641/3641 3635/3640/3640
f 3548/3548/3548 3637/3643/3643 3635/3640/3640 3547/3547/3547
f 3639/3644/3644 3638/3645/3645 3587/3594/3594 3588/3593/3593
f 3641/3646/3646 3640/3647/3647 3638/3645/3645 3639/3644/3644
f 3643/3592/3592 3642/3591/3591 3640/3647/3647 3641/3646/3646
f 3645/3596/3596 3644/3595/3595 3646/3648/3648 3647/3649/3649
f 3647/3649/3649 3646/3648/3648 3589/3598/3598 3590/3597/3597
f 3649/3650/3650 3648/3651/3651 3591/3602/3602 3592/3601/3601
f 3591/3602/3602 3648/3651/3651 3570/3569/3569 3572/3571/3571
f 3651/3600/3600 3650/3599/3599 3648/3651/3651 3649/3650/3650
f 3648/3651/3651 3652/3652/3652 3567/3567/3567 3570/3569/3569
f 3652/3652/3652 3648/3651/3651 3650/3599/3599 3653/3653/3653
f 3652/3652/3652 3654/3654/3654 3564/3564/3564 3567/3567/3567
f 3654/3654/3654 3652/3652/3652 3653/3653/3653 3655/3655/3655
f 3654/3654/3654 3656/3656/3656 3562/3562/3562 3564/3564/3564
f 3655/3655/3655 3657/3657/3657 3656/3656/3656 3654/3654/3654
f 3560/3560/3560 3562/3562/3562 3656/3656/3656 3658/3658/3658
f 3658/3658/3658 3656/3656/3656 3657/3657/3657 3659/3659/3659
f 3658/3658/3658 3660/3660/3660 3558/3558/3558 3560/3560/3560
f 3659/3659/3659 3661/3661/3661 3660/3660/3660 3658/3658/3658
f 3557/3557/3557 3558/3558/3558 3660/3660/3660 3662/3662/3662
f 3662/3662/3662 3660/3660/3660 3661/3661/3661 3663/3663/3663
f 3556/3556/3556 3557/3557/3557 3662/3662/3662 3664/3664/3664
f 3664/3664/3664 3662/3662/3662 3663/3663/3663 3665/3665/3665
f 3556/3556/3556 3664/3664/3664 3666/3666/3666 3555/3555/3555
f 3665/3665/3665 3667/3667/3667 3666/3666/3666 3664/3664/3664
f 3667/3667/3667 3668/3668/3668 3669/3669/3669 3666/3666/3666
f 3554/3554/3554 3555/3555/3555 3666/3666/3666 3669/3669/3669
f 3554/3554/3554 3669/3669/3669 3670/3670/3670 3553/3553/3553
f 3670/3670/3670 3671/3671/3671 3552/3552/3552 3553/3553/3553
f 3551/3551/3551 3552/3552/3552 3671/3671/3671 3672/3672/3672
f 3672/3672/3672 3673/3673/3673 3550/3550/3550 3551/3551/3551
f 3549/3549/3549 3674/3674/3674 3637/3643/3643 3548/3548/3548
f 3550/3550/3550 3673/3673/3673 3674/3674/3674 3549/3549/3549
f 3636/3642/3642 3637/3643/3643 3674/3674/3674 3675/3675/3675
f 3673/3673/3673 3676/3676/3676 3675/3675/3675 3674/3674/3674
f 3672/3672/3672 3677/3677/3677 3676/3676/3676 3673/3673/3673
f 3678/3678/3678 3677/3677/3677 3672/3672/3672 3671/3671/3671
f 3670/3670/3670 3679/3679/3679 3678/3678/3678 3671/3671/3671
f 3668/3668/3668 3679/3679/3679 3670/3670/3670 3669/3669/3669
f 3633/3639/3639 3636/3642/3642 3675/3675/3675 3680/3680/3680
f 3676/3676/3676 3681/3681/3681 3680/3680/3680 3675/3675/3675
f 3681/3681/3681 3676/3676/3676 3677/3677/3677 3682/3682/3682
f 3683/3683/3683 3682/3682/3682 3677/3677/3677 3678/3678/3678
f 3679/3679/3679 3684/3684/3684 3683/3683/3683 3678/3678/3678
f 3668/3668/3668 3685/3685/3685 3684/3684/3684 3679/3679/3679
f 3686/3686/3686 3685/3685/3685 3668/3668/3668 3667/3667/3667
f 3667/3667/3667 3665/3665/3665 3687/3687/3687 3686/3686/3686
f 3688/3688/3688 3687/3687/3687 3665/3665/3665 3663/3663/3663
f 3663/3663/3663 3661/3661/3661 3689/3689/3689 3688/3688/3688
f 3690/3690/3690 3689/3689/3689 3661/3661/3661 3659/3659/3659
f 3691/3691/3691 3690/3690/3690 3659/3659/3659 3657/3657/3657
f 3692/3692/3692 3653/3653/3653 3650/3599/3599 3589/3598/3598
f 3653/3653/3653 3692/3692/3692 3693/3693/3693 3655/3655/3655
f 3655/3655/3655 3693/3693/3693 3691/3691/3691 3657/3657/3657
f 3631/3637/3637 3633/3639/3639 3680/3680/3680 3694/3694/3694
f 3694/3694/3694 3680/3680/3680 3681/3681/3681 3695/3695/3695
f 3683/3683/3683 3695/3695/3695 3681/3681/3681 3682/3682/3682
f 3684/3684/3684 3696/3696/3696 3695/3695/3695 3683/3683/3683
f 3685/3685/3685 3697/3697/3697 3696/3696/3696 3684/3684/3684
f 3686/3686/3686 3698/3698/3698 3697/3697/3697 3685/3685/3685
f 3699/3699/3699 3698/3698/3698 3686/3686/3686 3687/3687/3687
f 3700/3700/3700 3699/3699/3699 3687/3687/3687 3688/3688/3688
f 3701/3701/3701 3700/3700/3700 3688/3688/3688 3689/3689/3689
f 3702/3702/3702 3701/3701/3701 3689/3689/3689 3690/3690/3690
f 3691/3691/3691 3703/3703/3703 3702/3702/3702 3690/3690/3690
f 3703/3703/3703 3691/3691/3691 3693/3693/3693 3646/3648/3648
f 3693/3693/3693 3692/3692/3692 3589/3598/3598 3646/3648/3648
f 3703/3703/3703 3646/3648/3648 3644/3595/3595 3704/3704/3704
f 3703/3703/3703 3704/3704/3704 3705/3705/3705 3702/3702/3702
f 3702/3702/3702 3705/3705/3705 3706/3706/3706 3701/3701/3701
f 3700/3700/3700 3701/3701/3701 3706/3706/3706 3707/3707/3707
f 3707/3707/3707 3708/3708/3708 3699/3699/3699 3700/3700/3700
f 3699/3699/3699 3708/3708/3708 3709/3709/3709 3698/3698/3698
f 3710/3710/3710 3697/3697/3697 3698/3698/3698 3709/3709/3709
f 3710/3710/3710 3711/3711/3711 3696/3696/3696 3697/3697/3697
f 3695/3695/3695 3696/3696/3696 3711/3711/3711 3712/3712/3712
f 3695/3695/3695 3712/3712/3712 3713/3713/3713 3694/3694/3694
f 3694/3694/3694 3713/3713/3713 3629/3635/3635 3631/3637/3637
f 3627/3633/3633 3629/3635/3635 3713/3713/3713 3628/3634/3634
f 3628/3634/3634 3713/3713/3713 3712/3712/3712 3714/3714/3714
f 3714/3714/3714 3712/3712/3712 3711/3711/3711 3715/3715/3715
f 3716/3716/3716 3585/3590/3590 3614/3620/3620 3626/3632/3632
f 3626/3632/3632 3628/3634/3634 3714/3714/3714 3716/3716/3716
f 3585/3590/3590 3716/3716/3716 3717/3717/3717 3642/3591/3591
f 3719/3718/3718 3717/3717/3717 3716/3716/3716 3718/3719/3719
f 3715/3715/3715 3718/3719/3719 3716/3716/3716 3714/3714/3714
f 3720/3720/3720 3719/3718/3718 3718/3719/3719 3715/3715/3715
f 3711/3711/3711 3710/3710/3710 3720/3720/3720 3715/3715/3715
f 3709/3709/3709 3721/3721/3721 3720/3720/3720 3710/3710/3710
f 3721/3721/3721 3722/3722/3722 3719/3718/3718 3720/3720/3720
f 3717/3717/3717 3719/3718/3718 3722/3722/3722 3723/3723/3723
f 3642/3591/3591 3717/3717/3717 3723/3723/3723 3640/3647/3647
f 3709/3709/3709 3708/3708/3708 3724/3724/3724 3721/3721/3721
f 3722/3722/3722 3721/3721/3721 3724/3724/3724 3725/3725/3725
f 3725/3725/3725 3726/3726/3726 3723/3723/3723 3722/3722/3722
f 3726/3726/3726 3638/3645/3645 3640/3647/3647 3723/3723/3723
f 3644/3595/3595 3587/3594/3594 3727/3727/3727 3704/3704/3704
f 3726/3726/3726 3727/3727/3727 3587/3594/3594 3638/3645/3645
f 3729/3728/3728 3726/3726/3726 3725/3725/3725 3728/3729/3729
f 3725/3725/3725 3724/3724/3724 3708/3708/3708 3728/3729/3729
f 3707/3707/3707 3706/3706/3706 3728/3729/3729 3708/3708/3708
f 3706/3706/3706 3705/3705/3705 3729/3728/3728 3728/3729/3729
f 3704/3704/3704 3727/3727/3727 3729/3728/3728 3705/3705/3705
f 3726/3726/3726 3729/3728/3728 3727/3727/3727
f 3584/3585/3585 3730/3730/3730 3731/3731/3731 3606/3611/3611
f 3613/3588/3588 3732/3732/3732 3730/3730/3730 3584/3585/3585
f 3615/3621/3621 3733/3733/3733 3732/3732/3732 3613/3588/3588
f 3586/3589/3589 3734/3734/3734 3733/3733/3733 3615/3621/3621
f 3643/3592/3592 3735/3735/3735 3734/3734/3734 3586/3589/3589
f 3641/3646/3646 3736/3736/3736 3735/3735/3735 3643/3592/3592
f 3736/3736/3736 3641/3646/3646 3639/3644/3644 3737/3737/3737
f 3588/3593/3593 3738/3738/3738 3737/3737/3737 3639/3644/3644
f 3738/3738/3738 3588/3593/3593 3645/3596/3596 3739/3739/3739
f 3740/3740/3740 3739/3739/3739 3645/3596/3596 3647/3649/3649
f 3590/3597/3597 3741/3741/3741 3740/3740/3740 3647/3649/3649
f 3742/3742/3742 3741/3741/3741 3590/3597/3597 3651/3600/3600
f 3649/3650/3650 3743/3743/3743 3742/3742/3742 3651/3600/3600
f 3743/3743/3743 3649/3650/3650 3592/3601/3601 3744/3744/3744
f 3575/3575/3575 3745/3745/3745 3744/3744/3744 3592/3601/3601
f 3746/5534/3746 3745/3745/3745 3575/3575/3575 3577/5535/3578
f 3747/3747/3747 3746/3746/3746 3577/3578/3578 3580/3580/3580
f 3748/3748/3748 3747/3747/3747 3580/3580/3580 3582/3581/3581
f 3601/3584/3584 3606/3611/3611 3731/3731/3731 3749/3749/3749
f 3749/3749/3749 3748/3748/3748 3582/3581/3581 3601/3584/3584
f 3731/3731/3731 3730/3730/3730 3750/3750/3750 3751/3751/3751
f 3730/3730/3730 3732/3732/3732 3752/3752/3752 3750/3750/3750
f 3732/3732/3732 3733/3733/3733 3753/3753/3753 3752/3752/3752
f 3733/3733/3733 3734/3734/3734 3754/3754/3754 3753/3753/3753
f 3734/3734/3734 3735/3735/3735 3755/3755/3755 3754/3754/3754
f 3735/3735/3735 3736/3736/3736 3756/3756/3756 3755/3755/3755
f 3736/3736/3736 3737/3737/3737 3757/3757/3757 3756/3756/3756
f 3737/3737/3737 3738/3738/3738 3758/3758/3758 3757/3757/3757
f 3738/3738/3738 3739/3739/3739 3759/3759/3759 3758/3758/3758
f 3739/3739/3739 3740/3740/3740 3760/3760/3760 3759/3759/3759
f 3740/3740/3740 3741/3741/3741 3761/3761/3761 3760/3760/3760
f 3741/3741/3741 3742/3742/3742 3762/3762/3762 3761/3761/3761
f 3742/3742/3742 3743/3743/3743 3763/3763/3763 3762/3762/3762
f 3743/3743/3743 3744/3744/3744 3764/3764/3764 3763/3763/3763
f 3744/3744/3744 3745/3745/3745 3765/3765/3765 3764/3764/3764
f 3745/3745/3745 3746/5534/3746 3766/5533/3766 3765/3765/3765
f 3746/3746/3746 3747/3747/3747 3767/3767/3767 3766/3766/3766
f 3747/3747/3747 3748/3748/3748 3768/3768/3768 3767/3767/3767
f 3749/3749/3749 3731/3731/3731 3751/3751/3751 3769/3769/3769
f 3748/3748/3748 3749/3749/3749 3769/3769/3769 3768/3768/3768
f 3751/3751/3751 3750/3750/3750 3770/3770/3770 3771/3771/3771
f 3750/3750/3750 3752/3752/3752 3772/3772/3772 3770/3770/3770
f 3752/3752/3752 3753/3753/3753 3773/3773/3773 3772/3772/3772
f 3753/3753/3753 3754/3754/3754 3774/3774/3774 3773/3773/3773
f 3754/3754/3754 3755/3755/3755 3775/3775/3775 3774/3774/3774
f 3755/3755/3755 3756/3756/3756 3776/3776/3776 3775/3775/3775
f 3756/3756/3756 3757/3757/3757 3777/3777/3777 3776/3776/3776
f 3757/3757/3757 3758/3758/3758 3778/3778/3778 3777/3777/3777
f 3758/3758/3758 3759/3759/3759 3779/3779/3779 3778/3778/3778
f 3759/3759/3759 3760/3760/3760 3780/3780/3780 3779/3779/3779
f 3760/3760/3760 3761/3761/3761 3781/3781/3781 3780/3780/3780
f 3761/3761/3761 3762/3762/3762 3782/3782/3782 3781/3781/3781
f 3762/3762/3762 3763/3763/3763 3783/3783/3783 3782/3782/3782
f 3763/3763/3763 3764/3764/3764 3784/3784/3784 3783/3783/3783
f 3764/3764/3764 3765/3765/3765 3785/3785/3785 3784/3784/3784
f 3765/3765/3765 3766/5533/3766 3786/5532/3786 3785/3785/3785
f 3766/3766/3766 3767/3767/3767 3787/3787/3787 3786/3786/3786
f 3767/3767/3767 3768/3768/3768 3788/3788/3788 3787/3787/3787
f 3769/3769/3769 3751/3751/3751 3771/3771/3771 3789/3789/3789
f 3768/3768/3768 3769/3769/3769 3789/3789/3789 3788/3788/3788
f 3771/3771/3771 3770/3770/3770 3790/3790/3790 3791/3791/3791
f 3770/3770/3770 3772/3772/3772 3792/3792/3792 3790/3790/3790
f 3772/3772/3772 3773/3773/3773 3793/3793/3793 3792/3792/3792
f 3773/3773/3773 3774/3774/3774 3794/3794/3794 3793/3793/3793
f 3774/3774/3774 3775/3775/3775 3795/3795/3795 3794/3794/3794
f 3775/3775/3775 3776/3776/3776 3796/3796/3796 3795/3795/3795
f 3776/3776/3776 3777/3777/3777 3797/3797/3797 3796/3796/3796
f 3777/3777/3777 3778/3778/3778 3798/3798/3798 3797/3797/3797
f 3778/3778/3778 3779/3779/3779 3799/3799/3799 3798/3798/3798
f 3779/3779/3779 3780/3780/3780 3800/3800/3800 3799/3799/3799
f 3780/3780/3780 3781/3781/3781 3801/3801/3801 3800/3800/3800
f 3781/3781/3781 3782/3782/3782 3802/3802/3802 3801/3801/3801
f 3782/3782/3782 3783/3783/3783 3803/3803/3803 3802/3802/3802
f 3783/3783/3783 3784/3784/3784 3804/3804/3804 3803/3803/3803
f 3784/3784/3784 3785/3785/3785 3805/3805/3805 3804/3804/3804
f 3785/3785/3785 3786/5532/3786 3806/5531/3806 3805/3805/3805
f 3786/3786/3786 3787/3787/3787 3807/3807/3807 3806/3806/3806
f 3787/3787/3787 3788/3788/3788 3808/3808/3808 3807/3807/3807
f 3789/3789/3789 3771/3771/3771 3791/3791/3791 3809/3809/3809
f 3788/3788/3788 3789/3789/3789 3809/3809/3809 3808/3808/3808
f 3791/3791/3791 3790/3790/3790 3810/3810/3810 3811/3811/3811
f 3790/3790/3790 3792/3792/3792 3812/3812/3812 3810/3810/3810
f 3792/3792/3792 3793/3793/3793 3813/3813/3813 3812/3812/3812
f 3793/3793/3793 3794/3794/3794 3814/3814/3814 3813/3813/3813
f 3794/3794/3794 3795/3795/3795 3815/3815/3815 3814/3814/3814
f 3795/3795/3795 3796/3796/3796 3816/3816/3816 3815/3815/3815
f 3796/3796/3796 3797/3797/3797 3817/3817/3817 3816/3816/3816
f 3797/3797/3797 3798/3798/3798 3818/3818/3818 3817/3817/3817
f 3798/3798/3798 3799/3799/3799 3819/3819/3819 3818/3818/3818
f 3799/3799/3799 3800/3800/3800 3820/3820/3820 3819/3819/3819
f 3800/3800/3800 3801/3801/3801 3821/3821/3821 3820/3820/3820
f 3801/3801/3801 3802/3802/3802 3822/3822/3822 3821/3821/3821
f 3802/3802/3802 3803/3803/3803 3823/3823/3823 3822/3822/3822
f 3803/3803/3803 3804/3804/3804 3824/3824/3824 3823/3823/3823
f 3804/3804/3804 3805/3805/3805 3825/3825/3825 3824/3824/3824
f 3805/3805/3805 3806/5531/3806 3826/5530/3826 3825/3825/3825
f 3806/3806/3806 3807/3807/3807 3827/3827/3827 3826/3826/3826
f 3807/3807/3807 3808/3808/3808 3828/3828/3828 3827/3827/3827
f 3809/3809/3809 3791/3791/3791 3811/3811/3811 3829/3829/3829
f 3808/3808/3808 3809/3809/3809 3829/3829/3829 3828/3828/3828
f 3811/3811/3811 3810/3810/3810 3830/3830/3830 3831/3831/3831
f 3810/3810/3810 3812/3812/3812 3832/3832/3832 3830/3830/3830
f 3812/3812/3812 3813/3813/3813 3833/3833/3833 3832/3832/3832
f 3813/3813/3813 3814/3814/3814 3834/3834/3834 3833/3833/3833
f 3814/3814/3814 3815/3815/3815 3835/3835/3835 3834/3834/3834
f 3815/3815/3815 3816/3816/3816 3836/3836/3836 3835/3835/3835
f 3816/3816/3816 3817/3817/3817 3837/3837/3837 3836/3836/3836
f 3817/3817/3817 3818/3818/3818 3838/3838/3838 3837/3837/3837
f 3818/3818/3818 3819/3819/3819 3839/3839/3839 3838/3838/3838
f 3819/3819/3819 3820/3820/3820 3840/3840/3840 3839/3839/3839
f 3820/3820/3820 3821/3821/3821 3841/3841/3841 3840/3840/3840
f 3821/3821/3821 3822/3822/3822 3842/3842/3842 3841/3841/3841
f 3822/3822/3822 3823/3823/3823 3843/3843/3843 3842/3842/3842
f 3823/3823/3823 3824/3824/3824 3844/3844/3844 3843/3843/3843
f 3824/3824/3824 3825/3825/3825 3845/3845/3845 3844/3844/3844
f 3825/3825/3825 3826/5530/3826 3846/5527/3846 3845/3845/3845
f 3826/3826/3826 3827/3827/3827 3847/3847/3847 3846/3846/3846
f 3827/3827/3827 3828/3828/3828 3848/3848/3848 3847/3847/3847
f 3829/3829/3829 3811/3811/3811 3831/3831/3831 3849/3849/3849
f 3828/3828/3828 3829/3829/3829 3849/3849/3849 3848/3848/3848
f 3851/3850/3850 3850/3851/3851 3832/3832/3832 3833/3833/3833
f 3850/3851/3851 3852/3852/3852 3853/3853/3853 3832/3832/3832
f 3852/3852/3852 3854/3854/3854 3855/3855/3855 3853/3853/3853
f 3857/3856/3856 3855/3855/3855 3854/3854/3854 3856/3857/3857
f 3859/3858/3858 3857/3856/3856 3856/3857/3857 3858/3859/3859
f 3861/3860/3860 3859/3858/3858 3858/3859/3859 3860/3861/3861
f 3863/3862/3862 3861/3860/3860 3860/3861/3861 3862/3863/3863
f 3862/3863/3863 3864/3864/3864 3865/5529/3865 3863/3862/3862
f 3864/5515/3864 3905/3866/3866 3906/3867/3867 3865/3865/3865
f 3869/3868/3868 3851/3850/3850 3833/3833/3833 3868/3869/3869
f 3869/3868/3868 3868/3869/3869 3876/3870/3870 3877/3871/3871
f 3870/3872/3872 3890/3873/3873 3891/3874/3874 3871/3875/3875
f 3834/3834/3834 3872/3876/3876 3868/3869/3869 3833/3833/3833
f 3873/3877/3877 3872/3876/3876 3834/3834/3834 3835/3835/3835
f 3875/3878/3878 3872/3876/3876 3873/3877/3877 3874/3879/3879
f 3877/3871/3871 3876/3870/3870 3878/3880/3880 3879/3881/3881
f 3876/3870/3870 3868/3869/3869 3872/3876/3876 3875/3878/3878
f 3879/3881/3881 3878/3880/3880 3870/3872/3872 3871/3875/3875
f 3878/3880/3880 3876/3870/3870 3875/3878/3878 3880/3882/3882
f 3874/3879/3879 3881/3883/3883 3880/3882/3882 3875/3878/3878
f 3880/3882/3882 3882/3884/3884 3870/3872/3872 3878/3880/3880
f 3882/3884/3884 3880/3882/3882 3881/3883/3883 3883/3885/3885
f 3853/3853/3853 3884/3886/3886 3830/3830/3830 3832/3832/3832
f 3885/3887/3887 3884/3886/3886 3853/3853/3853 3855/3855/3855
f 3855/3855/3855 3857/3856/3856 3886/3888/3888 3885/3887/3887
f 3887/3889/3889 3886/3888/3888 3857/3856/3856 3859/3858/3858
f 3859/3858/3858 3861/3860/3860 3888/3890/3890 3887/3889/3889
f 3888/3890/3890 3861/3860/3860 3863/3862/3862 3889/3891/3891
f 3894/3892/3892 3895/3893/3893 3867/3894/3894 3866/3895/3895
f 3891/3874/3874 3890/3873/3873 3893/3896/3896 3892/3897/3897
f 3892/3897/3897 3893/3896/3896 3895/3893/3893 3894/3892/3892
f 3890/3873/3873 3870/3872/3872 3882/3884/3884 3896/3898/3898
f 3896/3898/3898 3897/3899/3899 3893/3896/3896 3890/3873/3873
f 3897/3899/3899 3898/3900/3900 3895/3893/3893 3893/3896/3896
f 3898/3900/3900 3899/3901/3901 3867/3894/3894 3895/3893/3893
f 3901/3902/3902 3900/3903/3903 3866/3895/3895 3867/3894/3894
f 3903/3904/3904 3902/3905/3905 3900/3903/3903 3901/3902/3902
f 3901/3902/3902 3867/3894/3894 3899/3901/3901 3904/3906/3906
f 3906/3867/3867 3905/3866/3866 3902/3905/3905 3903/3904/3904
f 3907/3907/3907 3903/3904/3904 3901/3902/3902 3904/3906/3906
f 3903/3904/3904 3907/3907/3907 3908/3908/3908 3906/3867/3867
f 3909/3909/3909 3865/3865/3865 3906/3867/3867 3908/3908/3908
f 3909/5528/3909 3889/3891/3891 3863/3862/3862 3865/5529/3865
f 3883/3885/3885 3910/3910/3910 3896/3898/3898 3882/3884/3884
f 3910/3910/3910 3911/3911/3911 3897/3899/3899 3896/3898/3898
f 3911/3911/3911 3912/3912/3912 3898/3900/3900 3897/3899/3899
f 3912/3912/3912 3913/3913/3913 3899/3901/3901 3898/3900/3900
f 3904/3906/3906 3899/3901/3901 3913/3913/3913 3914/3914/3914
f 3914/3914/3914 3915/3915/3915 3907/3907/3907 3904/3906/3906
f 3907/3907/3907 3915/3915/3915 3916/3916/3916 3908/3908/3908
f 3909/3909/3909 3908/3908/3908 3916/3916/3916 3917/3917/3917
f 3917/5516/3917 3918/3918/3918 3889/3891/3891 3909/5528/3909
f 3918/3918/3918 3919/3919/3919 3888/3890/3890 3889/3891/3891
f 3888/3890/3890 3919/3919/3919 3920/3920/3920 3887/3889/3889
f 3920/3920/3920 3921/3921/3921 3886/3888/3888 3887/3889/3889
f 3886/3888/3888 3921/3921/3921 3922/3922/3922 3885/3887/3887
f 3922/3922/3922 3923/3923/3923 3884/3886/3886 3885/3887/3887
f 3884/3886/3886 3923/3923/3923 3831/3831/3831 3830/3830/3830
f 3923/3923/3923 3924/3924/3924 3849/3849/3849 3831/3831/3831
f 3848/3848/3848 3849/3849/3849 3924/3924/3924 3925/3925/3925
f 3847/3847/3847 3848/3848/3848 3925/3925/3925 3926/3926/3926
f 3926/3926/3926 3927/3927/3927 3846/3846/3846 3847/3847/3847
f 3928/3928/3928 3845/3845/3845 3846/5527/3846 3927/5526/3927
f 3845/3845/3845 3928/3928/3928 3929/3929/3929 3844/3844/3844
f 3929/3929/3929 3930/3930/3930 3843/3843/3843 3844/3844/3844
f 3843/3843/3843 3930/3930/3930 3931/3931/3931 3842/3842/3842
f 3931/3931/3931 3932/3932/3932 3841/3841/3841 3842/3842/3842
f 3932/3932/3932 3933/3933/3933 3840/3840/3840 3841/3841/3841
f 3933/3933/3933 3934/3934/3934 3839/3839/3839 3840/3840/3840
f 3934/3934/3934 3935/3935/3935 3838/3838/3838 3839/3839/3839
f 3837/3837/3837 3838/3838/3838 3935/3935/3935 3936/3936/3936
f 3936/3936/3936 3937/3937/3937 3836/3836/3836 3837/3837/3837
f 3937/3937/3937 3873/3877/3877 3835/3835/3835 3836/3836/3836
f 3938/3938/3938 3874/3879/3879 3873/3877/3877 3937/3937/3937
f 3939/3939/3939 3938/3938/3938 3937/3937/3937 3936/3936/3936
f 3940/3940/3940 3939/3939/3939 3936/3936/3936 3935/3935/3935
f 3935/3935/3935 3934/3934/3934 3941/3941/3941 3940/3940/3940
f 3942/3942/3942 3941/3941/3941 3934/3934/3934 3933/3933/3933
f 3943/3943/3943 3942/3942/3942 3933/3933/3933 3932/3932/3932
f 3943/3943/3943 3932/3932/3932 3931/3931/3931 3944/3944/3944
f 3930/3930/3930 3945/3945/3945 3944/3944/3944 3931/3931/3931
f 3929/3929/3929 3946/3946/3946 3945/3945/3945 3930/3930/3930
f 3922/3922/3922 3947/3947/3947 3924/3924/3924 3923/3923/3923
f 3947/3947/3947 3948/3948/3948 3925/3925/3925 3924/3924/3924
f 3948/3948/3948 3949/3949/3949 3926/3926/3926 3925/3925/3925
f 3950/3950/3950 3927/3927/3927 3926/3926/3926 3949/3949/3949
f 3951/3951/3951 3928/3928/3928 3927/5526/3927 3950/5525/3950
f 3928/3928/3928 3951/3951/3951 3946/3946/3946 3929/3929/3929
f 3938/3938/3938 3952/3952/3952 3881/3883/3883 3874/3879/3879
f 3938/3938/3938 3939/3939/3939 3953/3953/3953 3952/3952/3952
f 3954/3954/3954 3953/3953/3953 3939/3939/3939 3940/3940/3940
f 3955/3955/3955 3954/3954/3954 3940/3940/3940 3941/3941/3941
f 3941/3941/3941 3942/3942/3942 3956/3956/3956 3955/3955/3955
f 3942/3942/3942 3943/3943/3943 3957/3957/3957 3956/3956/3956
f 3943/3943/3943 3944/3944/3944 3958/3958/3958 3957/3957/3957
f 3945/3945/3945 3959/3959/3959 3958/3958/3958 3944/3944/3944
f 3946/3946/3946 3960/3960/3960 3959/3959/3959 3945/3945/3945
f 3960/3960/3960 3946/3946/3946 3951/3951/3951 3961/3961/3961
f 3961/3961/3961 3951/3951/3951 3950/5525/3950 3962/5524/3962
f 3949/3949/3949 3963/3963/3963 3962/3962/3962 3950/3950/3950
f 3964/3964/3964 3963/3963/3963 3949/3949/3949 3948/3948/3948
f 3948/3948/3948 3947/3947/3947 3965/3965/3965 3964/3964/3964
f 3921/3921/3921 3965/3965/3965 3947/3947/3947 3922/3922/3922
f 3883/3885/3885 3881/3883/3883 3952/3952/3952 3966/3966/3966
f 3953/3953/3953 3967/3967/3967 3966/3966/3966 3952/3952/3952
f 3968/3968/3968 3967/3967/3967 3953/3953/3953 3954/3954/3954
f 3955/3955/3955 3969/3969/3969 3968/3968/3968 3954/3954/3954
f 3970/3970/3970 3969/3969/3969 3955/3955/3955 3956/3956/3956
f 3970/3970/3970 3956/3956/3956 3957/3957/3957 3971/3971/3971
f 3957/3957/3957 3958/3958/3958 3972/3972/3972 3971/3971/3971
f 3972/3972/3972 3958/3958/3958 3959/3959/3959 3973/3973/3973
f 3960/3960/3960 3974/3974/3974 3973/3973/3973 3959/3959/3959
f 3961/3961/3961 3975/3975/3975 3974/3974/3974 3960/3960/3960
f 3975/3975/3975 3961/3961/3961 3962/5524/3962 3976/5523/3976
f 3976/3976/3976 3962/3962/3962 3963/3963/3963 3977/3977/3977
f 3963/3963/3963 3964/3964/3964 3978/3978/3978 3977/3977/3977
f 3964/3964/3964 3965/3965/3965 3979/3979/3979 3978/3978/3978
f 3920/3920/3920 3979/3979/3979 3965/3965/3965 3921/3921/3921
f 3966/3966/3966 3980/3980/3980 3910/3910/3910 3883/3885/3885
f 3980/3980/3980 3966/3966/3966 3967/3967/3967 3981/3981/3981
f 3981/3981/3981 3967/3967/3967 3968/3968/3968 3982/3982/3982
f 3969/3969/3969 3983/3983/3983 3982/3982/3982 3968/3968/3968
f 3970/3970/3970 3984/3984/3984 3983/3983/3983 3969/3969/3969
f 3984/3984/3984 3970/3970/3970 3971/3971/3971 3985/3985/3985
f 3972/3972/3972 3986/3986/3986 3985/3985/3985 3971/3971/3971
f 3986/3986/3986 3972/3972/3972 3973/3973/3973 3987/3987/3987
f 3987/3987/3987 3973/3973/3973 3974/3974/3974 3988/3988/3988
f 3975/3975/3975 3989/3989/3989 3988/3988/3988 3974/3974/3974
f 3989/3989/3989 3975/3975/3975 3976/5523/3976 3990/5522/3990
f 3977/3977/3977 3991/3991/3991 3990/3990/3990 3976/3976/3976
f 3991/3991/3991 3977/3977/3977 3978/3978/3978 3992/3992/3992
f 3993/3993/3993 3992/3992/3992 3978/3978/3978 3979/3979/3979
f 3919/3919/3919 3993/3993/3993 3979/3979/3979 3920/3920/3920
f 3911/3911/3911 3910/3910/3910 3980/3980/3980 3994/3994/3994
f 3994/3994/3994 3980/3980/3980 3981/3981/3981 3995/3995/3995
f 3982/3982/3982 3996/3996/3996 3995/3995/3995 3981/3981/3981
f 3996/3996/3996 3982/3982/3982 3983/3983/3983 3997/3997/3997
f 3984/3984/3984 3998/3998/3998 3997/3997/3997 3983/3983/3983
f 3985/3985/3985 3999/3999/3999 3998/3998/3998 3984/3984/3984
f 3999/3999/3999 3985/3985/3985 3986/3986/3986 4000/4000/4000
f 3987/3987/3987 4001/4001/4001 4000/4000/4000 3986/3986/3986
f 3988/3988/3988 4002/4002/4002 4001/4001/4001 3987/3987/3987
f 3989/3989/3989 4003/4003/4003 4002/4002/4002 3988/3988/3988
f 3990/5522/3990 4004/5521/4004 4003/4003/4003 3989/3989/3989
f 3991/3991/3991 4005/4005/4005 4004/4004/4004 3990/3990/3990
f 4006/4006/4006 4005/4005/4005 3991/3991/3991 3992/3992/3992
f 4007/4007/4007 4006/4006/4006 3992/3992/3992 3993/3993/3993
f 3993/3993/3993 3919/3919/3919 3918/3918/3918 4007/4007/4007
f 3994/3994/3994 4008/4008/4008 3912/3912/3912 3911/3911/3911
f 3995/3995/3995 4009/4009/4009 4008/4008/4008 3994/3994/3994
f 3996/3996/3996 4010/4010/4010 4009/4009/4009 3995/3995/3995
f 3997/3997/3997 4011/4011/4011 4010/4010/4010 3996/3996/3996
f 3997/3997/3997 3998/3998/3998 3999/3999/3999 4011/4011/4011
f 4011/4011/4011 3999/3999/3999 4000/4000/4000 4012/4012/4012
f 4002/4002/4002 4013/4013/4013 4014/4014/4014 4001/4001/4001
f 4003/4003/4003 4015/4015/4015 4013/4013/4013 4002/4002/4002
f 4012/4012/4012 4000/4000/4000 4001/4001/4001 4014/4014/4014
f 4015/4015/4015 4003/4003/4003 4004/5521/4004 4016/5520/4016
f 4016/4016/4016 4004/4004/4004 4005/4005/4005 4017/5519/4017
f 4006/4006/4006 4018/5518/4018 4017/5519/4017 4005/4005/4005
f 4006/4006/4006 4007/4007/4007 4019/5517/4019 4018/5518/4018
f 3917/5516/3917 4019/5517/4019 4007/4007/4007 3918/3918/3918
f 3913/3913/3913 3912/3912/3912 4008/4008/4008 4020/4020/4020
f 4009/4009/4009 4021/4021/4021 4020/4020/4020 4008/4008/4008
f 4021/4021/4021 4009/4009/4009 4010/4010/4010 4022/4022/4022
f 4010/4010/4010 4011/4011/4011 4012/4012/4012 4022/4022/4022
f 4014/4014/4014 4023/4023/4023 4022/4022/4022 4012/4012/4012
f 4013/4013/4013 4024/4024/4024 4023/4023/4023 4014/4014/4014
f 4024/4024/4024 4013/4013/4013 4015/4015/4015 4025/4025/4025
f 4015/4015/4015 4016/5520/4016 4017/4017/4017 4025/4025/4025
f 4023/4023/4023 4026/4026/4026 4021/4021/4021 4022/4022/4022
f 4024/4024/4024 4027/4027/4027 4026/4026/4026 4023/4023/4023
f 4027/4027/4027 4024/4024/4024 4025/4025/4025 4028/4028/4028
f 4025/4025/4025 4017/4017/4017 4018/4018/4018 4028/4028/4028
f 4029/4029/4029 4020/4020/4020 4021/4021/4021 4026/4026/4026
f 3913/3913/3913 4020/4020/4020 4029/4029/4029 3914/3914/3914
f 4027/4027/4027 4030/4030/4030 4029/4029/4029 4026/4026/4026
f 4029/4029/4029 4030/4030/4030 3915/3915/3915 3914/3914/3914
f 4028/4028/4028 4031/4031/4031 4030/4030/4030 4027/4027/4027
f 4031/4031/4031 3916/3916/3916 3915/3915/3915 4030/4030/4030
f 4031/4031/4031 4028/4028/4028 4018/4018/4018 4019/4019/4019
f 3916/3916/3916 4031/4031/4031 4019/4019/4019 3917/3917/3917
f 4033/4032/4032 3900/3903/3903 3902/3905/3905 4032/4033/4033
f 4032/4033/4033 3902/3905/3905 3905/3866/3866 4034/4034/4034
f 3864/5515/3864 4035/5514/4035 4034/4034/4034 3905/3866/3866
f 4036/4036/4036 4035/4035/4035 3864/3864/3864 3862/3863/3863
f 3862/3863/3863 3860/3861/3861 4037/4037/4037 4036/4036/4036
f 4038/4038/4038 4037/4037/4037 3860/3861/3861 3858/3859/3859
f 4039/4039/4039 4038/4038/4038 3858/3859/3859 3856/3857/3857
f 4040/4040/4040 4039/4039/4039 3856/3857/3857 3854/3854/3854
f 4041/4041/4041 4040/4040/4040 3854/3854/3854 3852/3852/3852
f 3850/3851/3851 4042/4042/4042 4041/4041/4041 3852/3852/3852
f 4042/4042/4042 3850/3851/3851 3851/3850/3850 4043/4043/4043
f 4044/4044/4044 4043/4043/4043 3851/3850/3850 3869/3868/3868
f 3877/3871/3871 4045/4045/4045 4044/4044/4044 3869/3868/3868
f 3877/3871/3871 3879/3881/3881 4046/4046/4046 4045/4045/4045
f 3879/3881/3881 3871/3875/3875 4047/4047/4047 4046/4046/4046
f 3871/3875/3875 3891/3874/3874 4048/4048/4048 4047/4047/4047
f 3891/3874/3874 3892/3897/3897 4049/4049/4049 4048/4048/4048
f 4050/4050/4050 4049/4049/4049 3892/3897/3897 3894/3892/3892
f 3866/3895/3895 4051/4051/4051 4050/4050/4050 3894/3892/3892
f 3900/3903/3903 4033/4032/4032 4051/4051/4051 3866/3895/3895
f 4053/4052/4052 4052/4053/4053 4035/4035/4035 4036/4036/4036
f 4054/4054/4054 4034/4034/4034 4035/5514/4035 4052/5513/4053
f 4055/4055/4055 4032/4033/4033 4034/4034/4034 4054/4054/4054
f 4056/4056/4056 4033/4032/4032 4032/4033/4033 4055/4055/4055
f 4057/4057/4057 4051/4051/4051 4033/4032/4032 4056/4056/4056
f 4058/4058/4058 4050/4050/4050 4051/4051/4051 4057/4057/4057
f 4050/4050/4050 4058/4058/4058 4059/4059/4059 4049/4049/4049
f 4059/4059/4059 4060/4060/4060 4048/4048/4048 4049/4049/4049
f 4047/4047/4047 4048/4048/4048 4060/4060/4060 4061/4061/4061
f 4047/4047/4047 4061/4061/4061 4062/4062/4062 4046/4046/4046
f 4046/4046/4046 4062/4062/4062 4063/4063/4063 4045/4045/4045
f 4064/4064/4064 4044/4044/4044 4045/4045/4045 4063/4063/4063
f 4065/4065/4065 4043/4043/4043 4044/4044/4044 4064/4064/4064
f 4043/4043/4043 4066/4066/4066 4067/4067/4067 4042/4042/4042
f 4043/4043/4043 4065/4065/4065 4068/4068/4068 4066/4066/4066
f 4069/4069/4069 4041/4041/4041 4042/4042/4042 4067/4067/4067
f 4041/4041/4041 4069/4069/4069 4070/4070/4070 4040/4040/4040
f 4071/4071/4071 4039/4039/4039 4040/4040/4040 4070/4070/4070
f 4039/4039/4039 4072/4072/4072 4073/4073/4073 4038/4038/4038
f 4073/4073/4073 4074/4074/4074 4037/4037/4037 4038/4038/4038
f 4074/4074/4074 4053/4052/4052 4036/4036/4036 4037/4037/4037
f 4066/4066/4066 4068/4068/4068 4075/4075/4075 4076/4076/4076
f 4067/4067/4067 4066/4066/4066 4076/4076/4076 4077/4077/4077
f 4077/4077/4077 4078/4078/4078 4069/4069/4069 4067/4067/4067
f 4078/4078/4078 4079/4079/4079 4070/4070/4070 4069/4069/4069
f 4079/4079/4079 4080/4080/4080 4071/4071/4071 4070/4070/4070
f 4039/4039/4039 4071/4071/4071 4081/4081/4081 4072/4072/4072
f 4082/4082/4082 4081/4081/4081 4071/4071/4071 4080/4080/4080
f 4075/4075/4075 4083/4083/4083 4084/4084/4084 4076/4076/4076
f 4077/4077/4077 4076/4076/4076 4084/4084/4084 4078/4078/4078
f 4084/4084/4084 4085/4085/4085 4079/4079/4079 4078/4078/4078
f 4080/4080/4080 4079/4079/4079 4085/4085/4085 4086/4086/4086
f 4087/4087/4087 4082/4082/4082 4080/4080/4080 4086/4086/4086
f 4083/4083/4083 4088/4088/4088 4085/4085/4085 4084/4084/4084
f 4086/4086/4086 4085/4085/4085 4088/4088/4088 4087/4087/4087
f 4075/4075/4075 4089/4089/4089 4090/4090/4090 4083/4083/4083
f 4090/4090/4090 4087/4087/4087 4088/4088/4088 4083/4083/4083
f 4091/4091/4091 4089/4089/4089 4075/4075/4075 4068/4068/4068
f 4092/4092/4092 4091/4091/4091 4068/4068/4068 4065/4065/4065
f 4093/4093/4093 4092/4092/4092 4065/4065/4065 4064/4064/4064
f 4094/4094/4094 4093/4093/4093 4064/4064/4064 4063/4063/4063
f 4062/4062/4062 4095/4095/4095 4094/4094/4094 4063/4063/4063
f 4061/4061/4061 4096/4096/4096 4095/4095/4095 4062/4062/4062
f 4097/4097/4097 4096/4096/4096 4061/4061/4061 4060/4060/4060
f 4060/4060/4060 4059/4059/4059 4098/4098/4098 4097/4097/4097
f 4059/4059/4059 4058/4058/4058 4099/4099/4099 4098/4098/4098
f 4099/4099/4099 4058/4058/4058 4057/4057/4057 4100/4100/4100
f 4056/4056/4056 4101/4101/4101 4100/4100/4100 4057/4057/4057
f 4055/4055/4055 4102/4102/4102 4101/4101/4101 4056/4056/4056
f 4102/4102/4102 4055/4055/4055 4054/4054/4054 4103/4103/4103
f 4052/5513/4053 4104/5512/4104 4103/4103/4103 4054/4054/4054
f 4105/4105/4105 4104/4104/4104 4052/4053/4053 4053/4052/4052
f 4053/4052/4052 4074/4074/4074 4106/4106/4106 4105/4105/4105
f 4107/4107/4107 4106/4106/4106 4074/4074/4074 4073/4073/4073
f 4108/4108/4108 4107/4107/4107 4073/4073/4073 4072/4072/4072
f 4081/4081/4081 4109/4109/4109 4108/4108/4108 4072/4072/4072
f 4082/4082/4082 4110/4110/4110 4109/4109/4109 4081/4081/4081
f 4082/4082/4082 4087/4087/4087 4090/4090/4090 4110/4110/4110
f 4089/4089/4089 4111/4111/4111 4110/4110/4110 4090/4090/4090
f 4112/4112/4112 4111/4111/4111 4089/4089/4089 4091/4091/4091
f 4112/4112/4112 4091/4091/4091 4092/4092/4092 4113/4113/4113
f 4093/4093/4093 4114/4114/4114 4113/4113/4113 4092/4092/4092
f 4094/4094/4094 4115/4115/4115 4114/4114/4114 4093/4093/4093
f 4095/4095/4095 4116/4116/4116 4115/4115/4115 4094/4094/4094
f 4095/4095/4095 4096/4096/4096 4117/4117/4117 4116/4116/4116
f 4096/4096/4096 4097/4097/4097 4118/4118/4118 4117/4117/4117
f 4097/4097/4097 4098/4098/4098 4119/4119/4119 4118/4118/4118
f 4099/4099/4099 4120/4120/4120 4119/4119/4119 4098/4098/4098
f 4100/4100/4100 4121/4121/4121 4120/4120/4120 4099/4099/4099
f 4101/4101/4101 4122/4122/4122 4121/4121/4121 4100/4100/4100
f 4102/4102/4102 4123/4123/4123 4122/4122/4122 4101/4101/4101
f 4103/4103/4103 4124/4124/4124 4123/4123/4123 4102/4102/4102
f 4124/4124/4124 4103/4103/4103 4104/5512/4104 4125/5511/4125
f 4105/4105/4105 4126/4126/4126 4125/4125/4125 4104/4104/4104
f 4106/4106/4106 4127/4127/4127 4126/4126/4126 4105/4105/4105
f 4128/4128/4128 4127/4127/4127 4106/4106/4106 4107/4107/4107
f 4108/4108/4108 4129/4129/4129 4128/4128/4128 4107/4107/4107
f 4109/4109/4109 4130/4130/4130 4129/4129/4129 4108/4108/4108
f 4109/4109/4109 4110/4110/4110 4111/4111/4111 4130/4130/4130
f 4132/4131/4131 4131/4132/4132 4112/4112/4112 4113/4113/4113
f 4132/4131/4131 4113/4113/4113 4114/4114/4114 4133/4133/4133
f 4115/4115/4115 4134/4134/4134 4133/4133/4133 4114/4114/4114
f 4116/4116/4116 4135/4135/4135 4134/4134/4134 4115/4115/4115
f 4135/4135/4135 4116/4116/4116 4117/4117/4117 4136/4136/4136
f 4136/4136/4136 4117/4117/4117 4118/4118/4118 4137/4137/4137
f 4137/4137/4137 4118/4118/4118 4119/4119/4119 4138/4138/4138
f 4120/4120/4120 4139/4139/4139 4138/4138/4138 4119/4119/4119
f 4139/4139/4139 4120/4120/4120 4121/4121/4121 4140/4140/4140
f 4140/4140/4140 4121/4121/4121 4122/4122/4122 4141/4141/4141
f 4123/4123/4123 4142/4142/4142 4141/4141/4141 4122/4122/4122
f 4142/4142/4142 4123/4123/4123 4124/4124/4124 4143/4143/4143
f 4125/5511/4125 4144/5546/4144 4143/4143/4143 4124/4124/4124
f 4144/4144/4144 4125/4125/4125 4126/4126/4126 4145/5545/4145
f 4146/5544/4146 4145/5545/4145 4126/4126/4126 4127/4127/4127
f 4147/5543/4147 4146/5544/4146 4127/4127/4127 4128/4128/4128
f 4148/5542/4148 4147/5543/4147 4128/4128/4128 4129/4129/4129
f 4149/4149/4149 4148/5542/4148 4129/4129/4129 4130/4130/4130
f 4130/4130/4130 4111/4111/4111 4150/4150/4150 4149/4149/4149
f 4112/4112/4112 4131/4132/4132 4150/4150/4150 4111/4111/4111
f 4150/4150/4150 4151/4151/4151 4152/4152/4152 4149/4149/4149
f 4153/4153/4153 4148/4148/4148 4149/4149/4149 4152/4152/4152
f 4153/4153/4153 4154/4154/4154 4147/4147/4147 4148/4148/4148
f 4154/4154/4154 4155/4155/4155 4146/4146/4146 4147/4147/4147
f 4156/4156/4156 4145/4145/4145 4146/4146/4146 4155/4155/4155
f 4144/5546/4144 4145/4145/4145 4156/4156/4156 4143/4143/4143
f 4143/4143/4143 4156/4156/4156 4157/4157/4157 4142/4142/4142
f 4158/4158/4158 4141/4141/4141 4142/4142/4142 4157/4157/4157
f 4159/4159/4159 4140/4140/4140 4141/4141/4141 4158/4158/4158
f 4131/4132/4132 4160/4160/4160 4151/4151/4151 4150/4150/4150
f 4160/4160/4160 4131/4132/4132 4132/4131/4131 4161/4161/4161
f 4161/4161/4161 4132/4131/4131 4133/4133/4133 4162/4162/4162
f 4134/4134/4134 4163/4163/4163 4162/4162/4162 4133/4133/4133
f 4135/4135/4135 4164/4164/4164 4163/4163/4163 4134/4134/4134
f 4136/4136/4136 4165/4165/4165 4164/4164/4164 4135/4135/4135
f 4137/4137/4137 4166/4166/4166 4165/4165/4165 4136/4136/4136
f 4138/4138/4138 4167/4167/4167 4166/4166/4166 4137/4137/4137
f 4139/4139/4139 4168/4168/4168 4167/4167/4167 4138/4138/4138
f 4140/4140/4140 4159/4159/4159 4168/4168/4168 4139/4139/4139
f 4170/4169/4169 4169/4170/4170 4153/4153/4153 4152/4152/4152
f 4151/4151/4151 4171/4171/4171 4170/4169/4169 4152/4152/4152
f 4160/4160/4160 4161/4161/4161 4171/4171/4171 4151/4151/4151
f 4162/4162/4162 4172/4172/4172 4171/4171/4171 4161/4161/4161
f 4163/4163/4163 4164/4164/4164 4172/4172/4172 4162/4162/4162
f 4165/4165/4165 4173/4173/4173 4172/4172/4172 4164/4164/4164
f 4173/4173/4173 4165/4165/4165 4166/4166/4166 4174/4174/4174
f 4174/4174/4174 4166/4166/4166 4167/4167/4167 4175/4175/4175
f 4159/4159/4159 4175/4175/4175 4167/4167/4167 4168/4168/4168
f 4158/4158/4158 4176/4176/4176 4175/4175/4175 4159/4159/4159
f 4176/4176/4176 4158/4158/4158 4157/4157/4157 4177/4177/4177
f 4157/4157/4157 4156/4156/4156 4155/4155/4155 4177/4177/4177
f 4178/4178/4178 4177/4177/4177 4155/4155/4155 4154/4154/4154
f 4169/4170/4170 4178/4178/4178 4154/4154/4154 4153/4153/4153
f 4178/4178/4178 4179/4179/4179 4176/4176/4176 4177/4177/4177
f 4176/4176/4176 4179/4179/4179 4174/4174/4174 4175/4175/4175
f 4169/4170/4170 4180/4180/4180 4179/4179/4179 4178/4178/4178
f 4174/4174/4174 4179/4179/4179 4180/4180/4180 4173/4173/4173
f 4171/4171/4171 4172/4172/4172 4173/4173/4173 4180/4180/4180
f 4169/4170/4170 4170/4169/4169 4171/4171/4171 4180/4180/4180
f 4181/4181/4181 3353/3319/3319 2788/2789/2789 3487/3487/3487
f 4182/4182/4182 4181/4181/4181 3487/3487/3487 3488/3488/3488
f 4184/5332/4183 4183/4184/4184 4181/4181/4181 4182/4182/4182
f 4181/4181/4181 4183/4184/4184 3359/3359/3359 3353/3319/3319
f 3319/3322/3322 3359/3359/3359 4183/4184/4184 4185/4185/4185
f 4186/5345/4186 4185/4185/4185 4183/4184/4184 4184/5332/4183
f 3405/3406/3406 3403/3403/3403 4187/5355/4187 4188/5344/4188
f 3403/3403/3403 3335/3331/3331 3323/3330/3330 4189/4189/4189
f 4187/5355/4187 3403/3403/3403 4189/4189/4189 4190/5354/4190
f 4189/4189/4189 3323/3330/3330 3341/3348/3348 4191/4191/4191
f 4190/5354/4190 4189/4189/4189 4191/4191/4191 4192/5353/4192
f 4193/4193/4193 4191/4191/4191 3341/3348/3348 3347/3354/3354
f 4194/5352/4194 4192/5353/4192 4191/4191/4191 4193/4193/4193
f 4195/4195/4195 4193/4193/4193 3347/3354/3354 3400/3327/3327
f 4196/5351/4196 4194/5352/4194 4193/4193/4193 4195/4195/4195
f 4197/4197/4197 4195/4195/4195 3400/3327/3327 3321/3326/3326
f 4198/5350/4198 4196/5351/4196 4195/4195/4195 4197/4197/4197
f 3387/3385/3385 4199/4199/4199 4197/4197/4197 3321/3326/3326
f 4200/5349/4200 4198/5350/4198 4197/4197/4197 4199/4199/4199
f 4201/4201/4201 3369/3323/3323 3319/3322/3322 4185/4185/4185
f 4202/4202/4202 3375/3373/3373 3369/3323/3323 4201/4201/4201
f 4202/4202/4202 4203/4203/4203 3381/3379/3379 3375/3373/3373
f 4203/4203/4203 4199/4199/4199 3387/3385/3385 3381/3379/3379
f 4199/4199/4199 4203/4203/4203 4204/5348/4204 4200/5349/4200
f 4203/4203/4203 4202/4202/4202 4205/5347/4205 4204/5348/4204
f 4202/4202/4202 4201/4201/4201 4206/5346/4206 4205/5347/4205
f 4206/5346/4206 4201/4201/4201 4185/4185/4185 4186/5345/4186
f 4188/5344/4188 4207/5343/4207 3407/3407/3407 3405/3406/3406
f 4207/5356/4207 4208/5342/4208 3409/3409/3409 3407/5357/3407
f 3411/3411/3411 3409/3409/3409 4208/5342/4208 4209/5341/4209
f 4209/5341/4209 4210/5340/4210 3416/3415/3415 3411/3411/3411
f 4210/5340/4210 4211/5339/4211 3474/3474/3474 3416/3415/3415
f 3473/3472/3472 3474/3474/3474 4211/5339/4211 4212/5338/4212
f 4212/5338/4212 4213/5337/4213 3472/3473/3473 3473/3472/3472
f 4214/5336/4214 3482/3482/3482 3472/3473/3473 4213/5337/4213
f 4215/5335/4215 3483/3483/3483 3482/3482/3482 4214/5336/4214
f 3484/3484/3484 3483/3483/3483 4215/5335/4215 4216/5334/4216
f 3484/5360/3484 4216/5359/4216 4217/5333/4217 3486/3486/3486
f 4218/5331/4218 3488/3488/3488 3486/3486/3486 4217/5333/4217
f 4218/5331/4218 4184/5332/4183 4182/4182/4182 3488/3488/3488
f 4240/4219/4219 4368/4220/4220 4344/4221/4221 4220/4222/4222
f 4358/4223/4223 4359/4224/4224 4289/4225/4225 4223/4226/4226
f 4353/4227/4227 4354/4228/4228 4273/4229/4229 4225/4230/4230
f 4264/4231/4231 4351/4232/4232 4352/4233/4233 4269/4234/4234
f 4344/4221/4221 4345/4235/4235 4245/4236/4236 4220/4222/4222
f 4239/4237/4237 4343/4238/4238 4319/4239/4239 4229/4240/4240
f 4333/4241/4241 4334/4242/4242 4290/4243/4243 4231/4244/4244
f 4328/4245/4245 4329/4246/4246 4274/4247/4247 4232/5375/4248
f 4263/4249/4249 4326/4250/4250 4327/4251/4251 4270/4252/4252
f 4319/4239/4239 4320/4253/4253 4246/4254/4254 4229/4240/4240
f 4388/4255/4255 4389/4256/4256 4417/4257/4257 4418/4258/4258
f 4407/4259/4259 4408/4260/4260 4373/4261/4261 4374/4262/4262
f 4402/4263/4263 4403/4264/4264 4378/4265/4265 4379/5371/4266
f 4400/4267/4267 4401/4268/4268 4380/4269/4269 4381/4270/4270
f 4418/4258/4258 4394/4271/4271 4387/4272/4272 4388/4255/4255
f 4315/4273/4273 4342/4274/4274 4343/4238/4238 4239/4237/4237
f 4316/4275/4275 4367/4276/4276 4368/4220/4220 4240/4219/4219
f 4416/4277/4277 4417/4257/4257 4389/4256/4256 4390/4278/4278
f 4194/4194/4194 4196/4196/4196 4239/4237/4237 4229/4240/4240
f 4394/4271/4271 4395/4279/4279 4386/4280/4280 4387/4272/4272
f 4345/4235/4235 4346/4281/4281 4249/4282/4282 4245/4236/4236
f 4246/4254/4254 4320/4253/4253 4321/4283/4283 4250/4284/4284
f 4395/4279/4279 4396/4285/4285 4385/4286/4286 4386/4280/4280
f 4346/4281/4281 4347/4287/4287 4253/4288/4288 4249/4282/4282
f 4250/4284/4284 4321/4283/4283 4322/4289/4289 4254/4290/4290
f 4192/4192/4192 4194/4194/4194 4229/4240/4240 4246/4254/4254
f 4192/4192/4192 4246/4254/4254 4250/4284/4284 4190/4190/4190
f 4396/4285/4285 4397/4291/4291 4384/4292/4292 4385/4286/4286
f 4347/4287/4287 4348/4293/4293 4257/4294/4294 4253/4288/4288
f 4254/4290/4290 4322/4289/4289 4323/4295/4295 4258/4296/4296
f 4397/4291/4291 4398/4297/4297 4383/4298/4298 4384/4292/4292
f 4348/4293/4293 4349/4299/4299 4261/4300/4300 4257/4294/4294
f 4258/4296/4296 4323/4295/4295 4324/4301/4301 4262/4302/4302
f 4190/4190/4190 4250/4284/4284 4254/4290/4290 4187/4187/4187
f 4258/4296/4296 4188/4188/4188 4187/4187/4187 4254/4290/4290
f 4382/4303/4303 4383/4298/4298 4398/4297/4297 4399/4304/4304
f 4227/4305/4305 4261/4300/4300 4349/4299/4299 4350/4306/4306
f 4262/4302/4302 4324/4301/4301 4325/4307/4307 4233/4308/4308
f 4258/4296/4296 4262/4302/4302 4207/4207/4207 4188/4188/4188
f 4262/4302/4302 4233/4308/4308 4208/4208/4208 4207/4207/4207
f 4325/4307/4307 4326/4250/4250 4263/4249/4249 4233/4308/4308
f 4350/4306/4306 4351/4232/4232 4264/4231/4231 4227/4305/4305
f 4399/4304/4304 4400/4267/4267 4381/4270/4270 4382/4303/4303
f 4379/4266/4266 4380/4269/4269 4401/4268/4268 4402/5370/4263
f 4269/4234/4234 4352/4233/4233 4353/5372/4227 4225/5377/4230
f 4270/4252/4252 4327/4251/4251 4328/5374/4245 4232/4248/4248
f 4208/4208/4208 4233/4308/4308 4263/4249/4249 4209/4209/4209
f 4263/4249/4249 4270/4252/4252 4210/4210/4210 4209/4209/4209
f 4232/4248/4248 4211/4211/4211 4210/4210/4210 4270/4252/4252
f 4403/4264/4264 4404/4309/4309 4377/4310/4310 4378/4265/4265
f 4354/4228/4228 4355/4311/4311 4277/4312/4312 4273/4229/4229
f 4274/4247/4247 4329/4246/4246 4330/4313/4313 4278/4314/4314
f 4404/4309/4309 4405/4315/4315 4376/4316/4316 4377/4310/4310
f 4355/4311/4311 4356/4317/4317 4281/4318/4318 4277/4312/4312
f 4278/4314/4314 4330/4313/4313 4331/4319/4319 4282/4320/4320
f 4211/5376/4211 4232/5375/4248 4274/4247/4247 4212/4212/4212
f 4212/4212/4212 4274/4247/4247 4278/4314/4314 4213/4213/4213
f 4405/4315/4315 4406/4321/4321 4375/4322/4322 4376/4316/4316
f 4356/4317/4317 4357/4323/4323 4285/4324/4324 4281/4318/4318
f 4282/4320/4320 4331/4319/4319 4332/4325/4325 4286/4326/4326
f 4374/4262/4262 4375/4322/4322 4406/4321/4321 4407/4259/4259
f 4223/4226/4226 4285/4324/4324 4357/4323/4323 4358/4223/4223
f 4286/4326/4326 4332/4325/4325 4333/4241/4241 4231/4244/4244
f 4213/4213/4213 4278/4314/4314 4282/4320/4320 4214/4214/4214
f 4214/4214/4214 4282/4320/4320 4286/4326/4326 4215/4215/4215
f 4215/4215/4215 4286/4326/4326 4231/4244/4244 4216/4216/4216
f 4408/4260/4260 4409/4327/4327 4372/4328/4328 4373/4261/4261
f 4359/4224/4224 4360/4329/4329 4293/4330/4330 4289/4225/4225
f 4290/4243/4243 4334/4242/4242 4335/4331/4331 4294/4332/4332
f 4409/4327/4327 4410/4333/4333 4371/4334/4334 4372/4328/4328
f 4360/4329/4329 4361/4335/4335 4297/4336/4336 4293/4330/4330
f 4294/4332/4332 4335/4331/4331 4336/4337/4337 4298/4338/4338
f 4410/4333/4333 4411/4339/4339 4370/4340/4340 4371/4334/4334
f 4361/4335/4335 4362/4341/4341 4301/4342/4342 4297/4336/4336
f 4298/4338/4338 4336/4337/4337 4337/4343/4343 4302/4344/4344
f 4216/4216/4216 4231/4244/4244 4290/4243/4243 4217/4217/4217
f 4294/4332/4332 4218/4218/4218 4217/4217/4217 4290/4243/4243
f 4218/4218/4218 4294/4332/4332 4298/4338/4338 4184/4183/4183
f 4369/4345/4345 4370/4340/4340 4411/4339/4339 4412/4346/4346
f 4221/4347/4347 4301/4342/4342 4362/4341/4341 4363/4348/4348
f 4302/4344/4344 4337/4343/4343 4338/4349/4349 4230/4350/4350
f 4184/4183/4183 4298/4338/4338 4302/4344/4344 4186/4186/4186
f 4186/4186/4186 4302/4344/4344 4230/4350/4350 4206/4206/4206
f 4338/4349/4349 4339/4351/4351 4303/4352/4352 4230/4350/4350
f 4363/4348/4348 4364/4353/4353 4304/4354/4354 4221/4347/4347
f 4412/4346/4346 4413/4355/4355 4393/4356/4356 4369/4345/4345
f 4303/4352/4352 4339/4351/4351 4340/4357/4357 4307/4358/4358
f 4304/4354/4354 4364/4353/4353 4365/4359/4359 4308/4360/4360
f 4413/4355/4355 4414/4361/4361 4392/4362/4362 4393/4356/4356
f 4307/4358/4358 4340/4357/4357 4341/4363/4363 4311/4364/4364
f 4308/4360/4360 4365/4359/4359 4366/4365/4365 4312/4366/4366
f 4414/4361/4361 4415/4367/4367 4391/4368/4368 4392/4362/4362
f 4311/4364/4364 4341/4363/4363 4342/4274/4274 4315/4273/4273
f 4312/4366/4366 4366/4365/4365 4367/4276/4276 4316/4275/4275
f 4415/4367/4367 4416/4277/4277 4390/4278/4278 4391/4368/4368
f 4303/4352/4352 4205/4205/4205 4206/4206/4206 4230/4350/4350
f 4307/4358/4358 4204/4204/4204 4205/4205/4205 4303/4352/4352
f 4311/4364/4364 4200/4200/4200 4204/4204/4204 4307/4358/4358
f 4200/4200/4200 4311/4364/4364 4315/4273/4273 4198/4198/4198
f 4198/4198/4198 4315/4273/4273 4239/4237/4237 4196/4196/4196
f 4220/4222/4222 4245/4236/4236 4320/4253/4253 4319/4239/4239
f 4321/4283/4283 4320/4253/4253 4245/4236/4236 4249/4282/4282
f 4322/4289/4289 4321/4283/4283 4249/4282/4282 4253/4288/4288
f 4323/4295/4295 4322/4289/4289 4253/4288/4288 4257/4294/4294
f 4324/4301/4301 4323/4295/4295 4257/4294/4294 4261/4300/4300
f 4325/4307/4307 4324/4301/4301 4261/4300/4300 4227/4305/4305
f 4227/4305/4305 4264/4231/4231 4326/4250/4250 4325/4307/4307
f 4327/4251/4251 4326/4250/4250 4264/4231/4231 4269/4234/4234
f 4328/5374/4245 4327/4251/4251 4269/4234/4234 4225/5377/4230
f 4225/4230/4230 4273/4229/4229 4329/4246/4246 4328/4245/4245
f 4330/4313/4313 4329/4246/4246 4273/4229/4229 4277/4312/4312
f 4331/4319/4319 4330/4313/4313 4277/4312/4312 4281/4318/4318
f 4332/4325/4325 4331/4319/4319 4281/4318/4318 4285/4324/4324
f 4333/4241/4241 4332/4325/4325 4285/4324/4324 4223/4226/4226
f 4223/4226/4226 4289/4225/4225 4334/4242/4242 4333/4241/4241
f 4335/4331/4331 4334/4242/4242 4289/4225/4225 4293/4330/4330
f 4336/4337/4337 4335/4331/4331 4293/4330/4330 4297/4336/4336
f 4337/4343/4343 4336/4337/4337 4297/4336/4336 4301/4342/4342
f 4338/4349/4349 4337/4343/4343 4301/4342/4342 4221/4347/4347
f 4221/4347/4347 4304/4354/4354 4339/4351/4351 4338/4349/4349
f 4340/4357/4357 4339/4351/4351 4304/4354/4354 4308/4360/4360
f 4341/4363/4363 4340/4357/4357 4308/4360/4360 4312/4366/4366
f 4342/4274/4274 4341/4363/4363 4312/4366/4366 4316/4275/4275
f 4343/4238/4238 4342/4274/4274 4316/4275/4275 4240/4219/4219
f 4319/4239/4239 4343/4238/4238 4240/4219/4219 4220/4222/4222
f 4244/4369/4369 4345/4235/4235 4344/4221/4221 4219/4370/4370
f 4248/4371/4371 4346/4281/4281 4345/4235/4235 4244/4369/4369
f 4252/4372/4372 4347/4287/4287 4346/4281/4281 4248/4371/4371
f 4256/4373/4373 4348/4293/4293 4347/4287/4287 4252/4372/4372
f 4260/4374/4374 4349/4299/4299 4348/4293/4293 4256/4373/4373
f 4350/4306/4306 4349/4299/4299 4260/4374/4374 4228/4375/4375
f 4228/4375/4375 4265/4376/4376 4351/4232/4232 4350/4306/4306
f 4352/4233/4233 4351/4232/4232 4265/4376/4376 4268/4377/4377
f 4353/5372/4227 4352/4233/4233 4268/4377/4377 4226/5373/4378
f 4272/4379/4379 4354/4228/4228 4353/4227/4227 4226/4378/4378
f 4276/4380/4380 4355/4311/4311 4354/4228/4228 4272/4379/4379
f 4280/4381/4381 4356/4317/4317 4355/4311/4311 4276/4380/4380
f 4284/4382/4382 4357/4323/4323 4356/4317/4317 4280/4381/4381
f 4358/4223/4223 4357/4323/4323 4284/4382/4382 4224/4383/4383
f 4288/4384/4384 4359/4224/4224 4358/4223/4223 4224/4383/4383
f 4292/4385/4385 4360/4329/4329 4359/4224/4224 4288/4384/4384
f 4296/4386/4386 4361/4335/4335 4360/4329/4329 4292/4385/4385
f 4300/4387/4387 4362/4341/4341 4361/4335/4335 4296/4386/4386
f 4363/4348/4348 4362/4341/4341 4300/4387/4387 4222/4388/4388
f 4222/4388/4388 4305/4389/4389 4364/4353/4353 4363/4348/4348
f 4365/4359/4359 4364/4353/4353 4305/4389/4389 4309/4390/4390
f 4366/4365/4365 4365/4359/4359 4309/4390/4390 4313/4391/4391
f 4367/4276/4276 4366/4365/4365 4313/4391/4391 4317/4392/4392
f 4368/4220/4220 4367/4276/4276 4317/4392/4392 4241/4393/4393
f 4344/4221/4221 4368/4220/4220 4241/4393/4393 4219/4370/4370
f 4222/4388/4388 4300/4387/4387 4370/4340/4340 4369/4345/4345
f 4371/4334/4334 4370/4340/4340 4300/4387/4387 4296/4386/4386
f 4372/4328/4328 4371/4334/4334 4296/4386/4386 4292/4385/4385
f 4373/4261/4261 4372/4328/4328 4292/4385/4385 4288/4384/4384
f 4374/4262/4262 4373/4261/4261 4288/4384/4384 4224/4383/4383
f 4224/4383/4383 4284/4382/4382 4375/4322/4322 4374/4262/4262
f 4376/4316/4316 4375/4322/4322 4284/4382/4382 4280/4381/4381
f 4377/4310/4310 4376/4316/4316 4280/4381/4381 4276/4380/4380
f 4378/4265/4265 4377/4310/4310 4276/4380/4380 4272/4379/4379
f 4379/5371/4266 4378/4265/4265 4272/4379/4379 4226/4378/4378
f 4226/5373/4378 4268/4377/4377 4380/4269/4269 4379/4266/4266
f 4381/4270/4270 4380/4269/4269 4268/4377/4377 4265/4376/4376
f 4382/4303/4303 4381/4270/4270 4265/4376/4376 4228/4375/4375
f 4228/4375/4375 4260/4374/4374 4383/4298/4298 4382/4303/4303
f 4384/4292/4292 4383/4298/4298 4260/4374/4374 4256/4373/4373
f 4385/4286/4286 4384/4292/4292 4256/4373/4373 4252/4372/4372
f 4386/4280/4280 4385/4286/4286 4252/4372/4372 4248/4371/4371
f 4387/4272/4272 4386/4280/4280 4248/4371/4371 4244/4369/4369
f 4388/4255/4255 4387/4272/4272 4244/4369/4369 4219/4370/4370
f 4219/4370/4370 4241/4393/4393 4389/4256/4256 4388/4255/4255
f 4390/4278/4278 4389/4256/4256 4241/4393/4393 4317/4392/4392
f 4391/4368/4368 4390/4278/4278 4317/4392/4392 4313/4391/4391
f 4392/4362/4362 4391/4368/4368 4313/4391/4391 4309/4390/4390
f 4393/4356/4356 4392/4362/4362 4309/4390/4390 4305/4389/4389
f 4369/4345/4345 4393/4356/4356 4305/4389/4389 4222/4388/4388
f 4247/4394/4394 4395/4279/4279 4394/4271/4271 4243/4395/4395
f 4251/4396/4396 4396/4285/4285 4395/4279/4279 4247/4394/4394
f 4255/4397/4397 4397/4291/4291 4396/4285/4285 4251/4396/4396
f 4259/4398/4398 4398/4297/4297 4397/4291/4291 4255/4397/4397
f 4399/4304/4304 4398/4297/4297 4259/4398/4398 4238/4399/4399
f 4266/4400/4400 4400/4267/4267 4399/4304/4304 4238/4399/4399
f 4267/4401/4401 4401/4268/4268 4400/4267/4267 4266/4400/4400
f 4402/5370/4263 4401/4268/4268 4267/4401/4401 4237/4402/4402
f 4271/4403/4403 4403/4264/4264 4402/4263/4263 4237/5369/4402
f 4275/4404/4404 4404/4309/4309 4403/4264/4264 4271/4403/4403
f 4279/4405/4405 4405/4315/4315 4404/4309/4309 4275/4404/4404
f 4283/4406/4406 4406/4321/4321 4405/4315/4315 4279/4405/4405
f 4407/4259/4259 4406/4321/4321 4283/4406/4406 4236/4407/4407
f 4287/4408/4408 4408/4260/4260 4407/4259/4259 4236/4407/4407
f 4291/4409/4409 4409/4327/4327 4408/4260/4260 4287/4408/4408
f 4295/4410/4410 4410/4333/4333 4409/4327/4327 4291/4409/4409
f 4299/4411/4411 4411/4339/4339 4410/4333/4333 4295/4410/4410
f 4412/4346/4346 4411/4339/4339 4299/4411/4411 4234/4412/4412
f 4306/4413/4413 4413/4355/4355 4412/4346/4346 4234/4412/4412
f 4310/4414/4414 4414/4361/4361 4413/4355/4355 4306/4413/4413
f 4314/4415/4415 4415/4367/4367 4414/4361/4361 4310/4414/4414
f 4318/4416/4416 4416/4277/4277 4415/4367/4367 4314/4415/4415
f 4242/4417/4417 4417/4257/4257 4416/4277/4277 4318/4416/4416
f 4418/4258/4258 4417/4257/4257 4242/4417/4417 4235/4418/4418
f 4243/4395/4395 4394/4271/4271 4418/4258/4258 4235/4418/4418
f 4503/4419/4419 4487/4420/4420 4419/4421/4421 4458/4422/4422
f 4488/4423/4423 4489/4424/4424 4423/4425/4425 4454/4426/4426
f 4491/4427/4427 4492/4428/4428 4425/4429/4429 4452/4430/4430
f 4494/4431/4431 4495/4432/4432 4427/4433/4433 4481/4434/4434
f 4498/4435/4435 4499/4436/4436 4420/4437/4437 4471/4438/4438
f 4429/4439/4439 4299/4411/4411 4295/4410/4410 4291/4409/4409
f 4430/4440/4440 4234/4412/4412 4299/4411/4411 4429/4439/4439
f 4234/4412/4412 4430/4440/4440 4431/4441/4441 4306/4413/4413
f 4432/4442/4442 4310/4414/4414 4306/4413/4413 4431/4441/4441
f 4247/4394/4394 4243/4395/4395 4433/4443/4443 4251/4396/4396
f 4266/4400/4400 4238/4399/4399 4259/4398/4398 4434/4444/4444
f 4271/4403/4403 4435/4445/4445 4279/4405/4405 4275/4404/4404
f 4279/4405/4405 4435/4445/4445 4436/4446/4446 4283/4406/4406
f 4283/4406/4406 4436/4446/4446 4437/4447/4447 4236/4407/4407
f 4236/4407/4407 4437/4447/4447 4438/4448/4448 4287/4408/4408
f 4429/4439/4439 4291/4409/4409 4287/4408/4408 4438/4448/4448
f 4271/4403/4403 4237/5369/4402 4439/5368/4449 4435/4445/4445
f 4237/4402/4402 4267/4401/4401 4440/4450/4450 4439/4449/4449
f 4266/4400/4400 4434/4444/4444 4440/4450/4450 4267/4401/4401
f 4255/4397/4397 4441/4451/4451 4434/4444/4444 4259/4398/4398
f 4251/4396/4396 4433/4443/4443 4441/4451/4451 4255/4397/4397
f 4433/4443/4443 4243/4395/4395 4235/4418/4418 4442/4452/4452
f 4235/4418/4418 4242/4417/4417 4443/4453/4453 4442/4452/4452
f 4443/4453/4453 4242/4417/4417 4318/4416/4416 4444/4454/4454
f 4444/4454/4454 4318/4416/4416 4314/4415/4415 4445/4455/4455
f 4445/4455/4455 4314/4415/4415 4310/4414/4414 4432/4442/4442
f 4447/4456/4456 4446/4457/4457 4434/4444/4444 4441/4451/4451
f 4448/4458/4458 4447/4456/4456 4441/4451/4451 4433/4443/4443
f 4446/4457/4457 4449/4459/4459 4440/4450/4450 4434/4444/4444
f 4489/4424/4424 4490/4460/4460 4450/4461/4461 4423/4425/4425
f 4490/4460/4460 4491/4427/4427 4452/4430/4430 4450/4461/4461
f 4425/4429/4429 4449/4459/4459 4446/4457/4457 4452/4430/4430
f 4447/4456/4456 4450/4461/4461 4452/4430/4430 4446/4457/4457
f 4447/4456/4456 4448/4458/4458 4423/4425/4425 4450/4461/4461
f 4487/4420/4420 4488/4423/4423 4454/4426/4426 4419/4421/4421
f 4433/4443/4443 4442/4452/4452 4456/4462/4462 4448/4458/4458
f 4456/4462/4462 4454/4426/4426 4423/4425/4425 4448/4458/4458
f 4456/4462/4462 4442/4452/4452 4443/4453/4453 4457/4463/4463
f 4457/4463/4463 4419/4421/4421 4454/4426/4426 4456/4462/4462
f 4499/4436/4436 4500/4464/4464 4465/4465/4465 4420/4437/4437
f 4502/4466/4466 4503/4419/4419 4458/4422/4422 4461/4467/4467
f 4501/4468/4468 4502/4466/4466 4461/4467/4467 4463/4469/4469
f 4500/4464/4464 4501/4468/4468 4463/4469/4469 4465/4465/4465
f 4467/4470/4470 4431/4441/4441 4430/4440/4440 4466/4471/4471
f 4466/4471/4471 4420/4437/4437 4465/4465/4465 4467/4470/4470
f 4431/4441/4441 4467/4470/4470 4468/4472/4472 4432/4442/4442
f 4467/4470/4470 4465/4465/4465 4463/4469/4469 4468/4472/4472
f 4432/4442/4442 4468/4472/4472 4469/4473/4473 4445/4455/4455
f 4461/4467/4467 4469/4473/4473 4468/4472/4472 4463/4469/4469
f 4470/4474/4474 4444/4454/4454 4445/4455/4455 4469/4473/4473
f 4458/4422/4422 4470/4474/4474 4469/4473/4473 4461/4467/4467
f 4419/4421/4421 4457/4463/4463 4470/4474/4474 4458/4422/4422
f 4457/4463/4463 4443/4453/4453 4444/4454/4454 4470/4474/4474
f 4495/4432/4432 4496/4475/4475 4478/4476/4476 4427/4433/4433
f 4429/4439/4439 4473/4477/4477 4466/4471/4471 4430/4440/4440
f 4420/4437/4437 4466/4471/4471 4473/4477/4477 4471/4438/4438
f 4497/4478/4478 4498/4435/4435 4471/4438/4438 4475/4479/4479
f 4476/4480/4480 4473/4477/4477 4429/4439/4439 4438/4448/4448
f 4471/4438/4438 4473/4477/4477 4476/4480/4480 4475/4479/4479
f 4496/4475/4475 4497/4478/4478 4475/4479/4479 4478/4476/4476
f 4437/4447/4447 4479/4481/4481 4476/4480/4480 4438/4448/4448
f 4479/4481/4481 4478/4476/4476 4475/4479/4479 4476/4480/4480
f 4436/4446/4446 4480/4482/4482 4479/4481/4481 4437/4447/4447
f 4480/4482/4482 4427/4433/4433 4478/4476/4476 4479/4481/4481
f 4492/4428/4428 4493/4483/4483 4485/4484/4484 4425/4429/4429
f 4435/4445/4445 4483/4485/4485 4480/4482/4482 4436/4446/4446
f 4483/4485/4485 4481/4434/4434 4427/4433/4433 4480/4482/4482
f 4493/5365/4483 4494/4431/4431 4481/4434/4434 4485/5366/4484
f 4483/4485/4485 4486/4486/4486 4485/5366/4484 4481/4434/4434
f 4485/4484/4484 4486/5367/4486 4449/4459/4459 4425/4429/4429
f 4440/4450/4450 4449/4459/4459 4486/5367/4486 4439/4449/4449
f 4486/4486/4486 4483/4485/4485 4435/4445/4445 4439/5368/4449
f 4504/4487/4487 4505/4488/4488 4488/4423/4423 4487/4420/4420
f 4505/4488/4488 4506/4489/4489 4489/4424/4424 4488/4423/4423
f 4506/4489/4489 4507/4490/4490 4490/4460/4460 4489/4424/4424
f 4507/4490/4490 4508/4491/4491 4491/4427/4427 4490/4460/4460
f 4508/4491/4491 4509/4492/4492 4492/4428/4428 4491/4427/4427
f 4509/4492/4492 4510/4493/4493 4493/4483/4483 4492/4428/4428
f 4510/5364/4493 4511/4494/4494 4494/4431/4431 4493/5365/4483
f 4511/4494/4494 4512/4495/4495 4495/4432/4432 4494/4431/4431
f 4512/4495/4495 4513/4496/4496 4496/4475/4475 4495/4432/4432
f 4513/4496/4496 4514/4497/4497 4497/4478/4478 4496/4475/4475
f 4514/4497/4497 4515/4498/4498 4498/4435/4435 4497/4478/4478
f 4515/4498/4498 4516/4499/4499 4499/4436/4436 4498/4435/4435
f 4516/4499/4499 4517/4500/4500 4500/4464/4464 4499/4436/4436
f 4517/4500/4500 4518/4501/4501 4501/4468/4468 4500/4464/4464
f 4518/4501/4501 4519/4502/4502 4502/4466/4466 4501/4468/4468
f 4519/4502/4502 4520/4503/4503 4503/4419/4419 4502/4466/4466
f 4520/4503/4503 4504/4487/4487 4487/4420/4420 4503/4419/4419
f 4521/4504/4504 4522/4505/4505 4505/4488/4488 4504/4487/4487
f 4522/4505/4505 4523/4506/4506 4506/4489/4489 4505/4488/4488
f 4523/4506/4506 4524/4507/4507 4507/4490/4490 4506/4489/4489
f 4524/4507/4507 4525/4508/4508 4508/4491/4491 4507/4490/4490
f 4525/4508/4508 4526/4509/4509 4509/4492/4492 4508/4491/4491
f 4526/4509/4509 4527/5397/4510 4510/4493/4493 4509/4492/4492
f 4527/4510/4510 4528/4511/4511 4511/4494/4494 4510/5364/4493
f 4528/4511/4511 4529/4512/4512 4512/4495/4495 4511/4494/4494
f 4529/4512/4512 4530/4513/4513 4513/4496/4496 4512/4495/4495
f 4530/4513/4513 4531/4514/4514 4514/4497/4497 4513/4496/4496
f 4531/4514/4514 4532/4515/4515 4515/4498/4498 4514/4497/4497
f 4532/4515/4515 4533/4516/4516 4516/4499/4499 4515/4498/4498
f 4533/4516/4516 4534/4517/4517 4517/4500/4500 4516/4499/4499
f 4534/4517/4517 4535/4518/4518 4518/4501/4501 4517/4500/4500
f 4535/4518/4518 4536/4519/4519 4519/4502/4502 4518/4501/4501
f 4536/4519/4519 4537/4520/4520 4520/4503/4503 4519/4502/4502
f 4537/4520/4520 4521/4504/4504 4504/4487/4487 4520/4503/4503
f 4455/4521/4521 4522/4505/4505 4521/4504/4504 4422/4522/4522
f 4424/4523/4523 4523/4506/4506 4522/4505/4505 4455/4521/4521
f 4451/4524/4524 4524/4507/4507 4523/4506/4506 4424/4523/4523
f 4453/4525/4525 4525/4508/4508 4524/4507/4507 4451/4524/4524
f 4426/4526/4526 4526/4509/4509 4525/4508/4508 4453/4525/4525
f 4484/4527/4527 4527/5397/4510 4526/4509/4509 4426/4526/4526
f 4482/4528/4528 4528/4511/4511 4527/4510/4510 4484/5395/4527
f 4428/4529/4529 4529/4512/4512 4528/4511/4511 4482/4528/4528
f 4477/4530/4530 4530/4513/4513 4529/4512/4512 4428/4529/4529
f 4474/4531/4531 4531/4514/4514 4530/4513/4513 4477/4530/4530
f 4472/4532/4532 4532/4515/4515 4531/4514/4514 4474/4531/4531
f 4421/4533/4533 4533/4516/4516 4532/4515/4515 4472/4532/4532
f 4464/4534/4534 4534/4517/4517 4533/4516/4516 4421/4533/4533
f 4462/4535/4535 4535/4518/4518 4534/4517/4517 4464/4534/4534
f 4460/4536/4536 4536/4519/4519 4535/4518/4518 4462/4535/4535
f 4459/4537/4537 4537/4520/4520 4536/4519/4519 4460/4536/4536
f 4422/4522/4522 4521/4504/4504 4537/4520/4520 4459/4537/4537
f 4571/4538/4538 4572/4539/4539 4563/4540/4540 4540/4541/4541
f 4564/4542/4542 4565/4543/4543 4542/4544/4544 4539/4545/4545
f 4565/4543/4543 4566/4546/4546 4544/4547/4547 4542/4544/4544
f 4567/4548/4548 4568/4549/4549 4546/4550/4550 4552/4551/4551
f 4569/4552/4552 4570/4553/4553 4548/4554/4554 4550/4555/4555
f 4570/4553/4553 4571/4538/4538 4540/4541/4541 4548/4554/4554
f 4474/4531/4531 4477/4530/4530 4428/4529/4529 4550/4555/4555
f 4568/4549/4549 4569/4552/4552 4550/4555/4555 4546/4550/4550
f 4550/4555/4555 4428/4529/4529 4482/4528/4528 4546/4550/4550
f 4474/4531/4531 4550/4555/4555 4548/4554/4554 4472/4532/4532
f 4566/4546/4546 4567/5394/4548 4552/5396/4551 4544/4547/4547
f 4484/5395/4527 4552/4551/4551 4546/4550/4550 4482/4528/4528
f 4552/5396/4551 4484/4527/4527 4426/4526/4526 4544/4547/4547
f 4451/4524/4524 4424/4523/4523 4542/4544/4544 4453/4525/4525
f 4544/4547/4547 4426/4526/4526 4453/4525/4525 4542/4544/4544
f 4455/4521/4521 4539/4545/4545 4542/4544/4544 4424/4523/4523
f 4555/4556/4556 4576/4557/4557 4564/4542/4542 4539/4545/4545
f 4557/4558/4558 4575/4559/4559 4576/4557/4557 4555/4556/4556
f 4539/4545/4545 4455/4521/4521 4422/4522/4522 4555/4556/4556
f 4459/4537/4537 4557/4558/4558 4555/4556/4556 4422/4522/4522
f 4559/4560/4560 4574/4561/4561 4575/4559/4559 4557/4558/4558
f 4561/4562/4562 4573/4563/4563 4574/4561/4561 4559/4560/4560
f 4557/4558/4558 4459/4537/4537 4460/4536/4536 4559/4560/4560
f 4462/4535/4535 4561/4562/4562 4559/4560/4560 4460/4536/4536
f 4563/4540/4540 4572/4539/4539 4573/4563/4563 4561/4562/4562
f 4464/4534/4534 4563/4540/4540 4561/4562/4562 4462/4535/4535
f 4421/4533/4533 4540/4541/4541 4563/4540/4540 4464/4534/4534
f 4540/4541/4541 4421/4533/4533 4472/4532/4532 4548/4554/4554
f 4543/4564/4564 4565/4543/4543 4564/4542/4542 4538/4565/4565
f 4545/4566/4566 4566/4546/4546 4565/4543/4543 4543/4564/4564
f 4553/4567/4567 4567/5394/4548 4566/4546/4546 4545/4566/4566
f 4547/4568/4568 4568/4549/4549 4567/4548/4548 4553/5393/4567
f 4551/4569/4569 4569/4552/4552 4568/4549/4549 4547/4568/4568
f 4549/4570/4570 4570/4553/4553 4569/4552/4552 4551/4569/4569
f 4541/4571/4571 4571/4538/4538 4570/4553/4553 4549/4570/4570
f 4541/4571/4571 4562/4572/4572 4572/4539/4539 4571/4538/4538
f 4573/4563/4563 4572/4539/4539 4562/4572/4572 4560/4573/4573
f 4574/4561/4561 4573/4563/4563 4560/4573/4573 4558/4574/4574
f 4575/4559/4559 4574/4561/4561 4558/4574/4574 4556/4575/4575
f 4576/4557/4557 4575/4559/4559 4556/4575/4575 4554/4576/4576
f 4564/4542/4542 4576/4557/4557 4554/4576/4576 4538/4565/4565
f 4629/4577/4577 4630/4578/4578 4605/4579/4579 4578/4580/4580
f 4628/4581/4581 4629/4577/4577 4578/4580/4580 4581/4582/4582
f 4584/4583/4583 4626/4584/4584 4627/4585/4585 4602/4586/4586
f 4586/4587/4587 4624/4588/4588 4625/4589/4589 4599/4590/4590
f 4621/4591/4591 4622/4592/4592 4587/4593/4593 4577/4594/4594
f 4622/4592/4592 4623/4595/4595 4596/4596/4596 4587/4593/4593
f 4618/4597/4597 4619/5391/4598 4606/4599/4599 4590/4600/4600
f 4617/4601/4601 4618/4597/4597 4590/4600/4600 4591/4602/4602
f 4615/4603/4603 4616/4604/4604 4603/4605/4605 4592/4606/4606
f 4613/4607/4607 4614/4608/4608 4600/4609/4609 4593/4610/4610
f 4610/4611/4611 4611/4612/4612 4594/4613/4613 4589/4614/4614
f 4611/4612/4612 4612/4615/4615 4597/4616/4616 4594/4613/4613
f 4594/4613/4613 4549/4570/4570 4551/4569/4569 4589/4614/4614
f 4623/4595/4595 4624/4588/4588 4586/4587/4587 4596/4596/4596
f 4597/4616/4616 4612/4615/4615 4613/4607/4607 4593/4610/4610
f 4549/4570/4570 4594/4613/4613 4597/4616/4616 4541/4571/4571
f 4593/4610/4610 4558/4574/4574 4560/4573/4573 4562/4572/4572
f 4541/4571/4571 4597/4616/4616 4593/4610/4610 4562/4572/4572
f 4599/4590/4590 4625/4589/4589 4626/4584/4584 4584/4583/4583
f 4600/4609/4609 4614/4608/4608 4615/4603/4603 4592/4606/4606
f 4600/4609/4609 4556/4575/4575 4558/4574/4574 4593/4610/4610
f 4592/4606/4606 4554/4576/4576 4556/4575/4575 4600/4609/4609
f 4602/4586/4586 4627/4585/4585 4628/4581/4581 4581/4582/4582
f 4603/4605/4605 4616/4604/4604 4617/4601/4601 4591/4602/4602
f 4554/4576/4576 4592/4606/4606 4603/4605/4605 4538/4565/4565
f 4538/4565/4565 4603/4605/4605 4591/4602/4602 4543/4564/4564
f 4591/4602/4602 4590/4600/4600 4545/4566/4566 4543/4564/4564
f 4630/5389/4578 4631/4617/4617 4608/4618/4618 4605/5390/4579
f 4606/5392/4599 4619/4598/4598 4620/4619/4619 4609/4620/4620
f 4631/4617/4617 4621/4591/4591 4577/4594/4594 4608/4618/4618
f 4609/4620/4620 4620/4619/4619 4610/4611/4611 4589/4614/4614
f 4606/4599/4599 4553/4567/4567 4545/4566/4566 4590/4600/4600
f 4609/4620/4620 4547/4568/4568 4553/5393/4567 4606/5392/4599
f 4589/4614/4614 4551/4569/4569 4547/4568/4568 4609/4620/4620
f 4577/4594/4594 4587/4593/4593 4611/4612/4612 4610/4611/4611
f 4587/4593/4593 4596/4596/4596 4612/4615/4615 4611/4612/4612
f 4613/4607/4607 4612/4615/4615 4596/4596/4596 4586/4587/4587
f 4586/4587/4587 4599/4590/4590 4614/4608/4608 4613/4607/4607
f 4615/4603/4603 4614/4608/4608 4599/4590/4590 4584/4583/4583
f 4584/4583/4583 4602/4586/4586 4616/4604/4604 4615/4603/4603
f 4617/4601/4601 4616/4604/4604 4602/4586/4586 4581/4582/4582
f 4581/4582/4582 4578/4580/4580 4618/4597/4597 4617/4601/4601
f 4578/4580/4580 4605/4579/4579 4619/5391/4598 4618/4597/4597
f 4620/4619/4619 4619/4598/4598 4605/5390/4579 4608/4618/4618
f 4610/4611/4611 4620/4619/4619 4608/4618/4618 4577/4594/4594
f 4632/4621/4621 4633/4622/4622 4622/4592/4592 4621/4591/4591
f 4634/4623/4623 4635/4624/4624 4624/4588/4588 4623/4595/4595
f 4625/4589/4589 4624/4588/4588 4635/4624/4624 4636/4625/4625
f 4626/4584/4584 4625/4589/4589 4636/4625/4625 4637/4626/4626
f 4627/4585/4585 4626/4584/4584 4637/4626/4626 4638/4627/4627
f 4639/4628/4628 4640/4629/4629 4629/4577/4577 4628/4581/4581
f 4640/4629/4629 4641/5388/4630 4630/4578/4578 4629/4577/4577
f 4641/4630/4630 4642/4631/4631 4631/4617/4617 4630/5389/4578
f 4642/4631/4631 4632/4621/4621 4621/4591/4591 4631/4617/4617
f 4588/4632/4632 4633/4622/4622 4632/4621/4621 4580/4633/4633
f 4688/4634/4634 4689/4635/4635 4635/4624/4624 4634/4623/4623
f 4636/4625/4625 4635/4624/4624 4689/4635/4635 4690/4636/4636
f 4637/4626/4626 4636/4625/4625 4690/4636/4636 4691/4637/4637
f 4638/4627/4627 4637/4626/4626 4691/4637/4637 4692/4638/4638
f 4579/4639/4639 4640/4629/4629 4639/4628/4628 4582/4640/4640
f 4604/4641/4641 4641/5388/4630 4640/4629/4629 4579/4639/4639
f 4607/4642/4642 4642/4631/4631 4641/4630/4630 4604/5387/4641
f 4580/4633/4633 4632/4621/4621 4642/4631/4631 4607/4642/4642
f 4664/4643/4643 4654/4644/4644 4643/4645/4645 4644/4646/4646
f 4654/4644/4644 4655/4647/4647 4645/4648/4648 4643/4645/4645
f 4656/4649/4649 4657/4650/4650 4646/4651/4651 4647/4652/4652
f 4658/4653/4653 4659/4654/4654 4648/4655/4655 4649/4656/4656
f 4661/4657/4657 4662/4658/4658 4650/4659/4659 4651/4660/4660
f 4659/4654/4654 4660/4661/4661 4652/4662/4662 4648/4655/4655
f 4657/4650/4650 4658/4653/4653 4649/4656/4656 4646/4651/4651
f 4663/4663/4663 4664/5386/4643 4644/5385/4646 4653/4664/4664
f 4662/4658/4658 4663/4663/4663 4653/4664/4664 4650/4659/4659
f 4579/4639/4639 4582/4640/4640 4655/4647/4647 4654/4644/4644
f 4601/4665/4665 4583/4666/4666 4657/4650/4650 4656/4649/4649
f 4583/4666/4666 4598/4667/4667 4658/4653/4653 4657/4650/4650
f 4598/4667/4667 4585/4668/4668 4659/4654/4654 4658/4653/4653
f 4585/4668/4668 4595/4669/4669 4660/4661/4661 4659/4654/4654
f 4588/4632/4632 4580/4633/4633 4662/4658/4658 4661/4657/4657
f 4580/4633/4633 4607/4642/4642 4663/4663/4663 4662/4658/4658
f 4607/4642/4642 4604/5387/4641 4664/5386/4643 4663/4663/4663
f 4604/4641/4641 4579/4639/4639 4654/4644/4644 4664/4643/4643
f 4644/4646/4646 4643/4645/4645 4665/4670/4670 4666/4671/4671
f 4643/4645/4645 4645/4648/4648 4667/4672/4672 4665/4670/4670
f 4647/4652/4652 4646/4651/4651 4668/4673/4673 4669/4674/4674
f 4649/4656/4656 4648/4655/4655 4670/4675/4675 4671/4676/4676
f 4648/4655/4655 4652/4662/4662 4674/4677/4677 4670/4675/4675
f 4646/4651/4651 4649/4656/4656 4671/4676/4676 4668/4673/4673
f 4653/4664/4664 4644/5385/4646 4666/5382/4671 4675/4678/4678
f 4650/4659/4659 4653/4664/4664 4675/4678/4678 4672/4679/4679
f 4676/4680/4680 4651/4660/4660 4650/4659/4659 4672/4679/4679
f 4622/4592/4592 4677/4681/4681 4634/4623/4623 4623/4595/4595
f 4677/4681/4681 4622/4592/4592 4633/4622/4622 4678/4682/4682
f 4679/4683/4683 4678/4682/4682 4633/4622/4622 4588/4632/4632
f 4680/4684/4684 4679/4683/4683 4588/4632/4632 4661/4657/4657
f 4681/4685/4685 4680/4684/4684 4661/4657/4657 4651/4660/4660
f 4673/4686/4686 4681/4685/4685 4651/4660/4660 4676/4680/4680
f 4682/4687/4687 4628/4581/4581 4627/4585/4585 4638/4627/4627
f 4628/4581/4581 4682/4687/4687 4683/4688/4688 4639/4628/4628
f 4683/4688/4688 4684/4689/4689 4582/4640/4640 4639/4628/4628
f 4684/4689/4689 4685/4690/4690 4655/4647/4647 4582/4640/4640
f 4645/4648/4648 4655/4647/4647 4685/4690/4690 4686/4691/4691
f 4667/4672/4672 4645/4648/4648 4686/4691/4691 4687/4692/4692
f 4585/4668/4668 4689/4635/4635 4688/4634/4634 4595/4669/4669
f 4690/4636/4636 4689/4635/4635 4585/4668/4668 4598/4667/4667
f 4691/4637/4637 4690/4636/4636 4598/4667/4667 4583/4666/4666
f 4692/4638/4638 4691/4637/4637 4583/4666/4666 4601/4665/4665
f 4682/4687/4687 4638/4627/4627 4692/4638/4638 4683/4688/4688
f 4683/4688/4688 4692/4638/4638 4601/4665/4665 4684/4689/4689
f 4685/4690/4690 4684/4689/4689 4601/4665/4665 4656/4649/4649
f 4656/4649/4649 4647/4652/4652 4686/4691/4691 4685/4690/4690
f 4647/4652/4652 4669/4674/4674 4687/4692/4692 4686/4691/4691
f 4634/4623/4623 4677/4681/4681 4678/4682/4682 4688/4634/4634
f 4688/4634/4634 4678/4682/4682 4679/4683/4683 4595/4669/4669
f 4660/4661/4661 4595/4669/4669 4679/4683/4683 4680/4684/4684
f 4680/4684/4684 4681/4685/4685 4652/4662/4662 4660/4661/4661
f 4681/4685/4685 4673/4686/4686 4674/4677/4677 4652/4662/4662
f 4740/4693/4693 4741/4694/4694 4712/4695/4695 4695/4696/4696
f 4698/4697/4697 4739/4698/4698 4740/4693/4693 4695/4696/4696
f 4700/4699/4699 4736/4700/4700 4737/4701/4701 4727/4702/4702
f 4702/4703/4703 4734/4704/4704 4735/4705/4705 4730/4706/4706
f 4704/4707/4707 4733/4708/4708 4734/4704/4704 4702/4703/4703
f 4732/4709/4709 4733/4708/4708 4704/4707/4707 4694/4710/4710
f 4695/4696/4696 4712/4695/4695 4713/4711/4711 4706/4712/4712
f 4698/4697/4697 4695/4696/4696 4706/4712/4712 4707/4713/4713
f 4700/4699/4699 4727/4702/4702 4728/4714/4714 4708/4715/4715
f 4702/4703/4703 4730/4706/4706 4731/4716/4716 4709/4717/4717
f 4704/4707/4707 4702/4703/4703 4709/4717/4717 4710/4718/4718
f 4694/4710/4710 4704/4707/4707 4710/4718/4718 4705/4719/4719
f 4712/4695/4695 4741/4694/4694 4742/4720/4720 4715/4721/4721
f 4713/4711/4711 4712/4695/4695 4715/4721/4721 4716/4722/4722
f 4715/4721/4721 4742/4720/4720 4743/4723/4723 4718/4724/4724
f 4716/4722/4722 4715/4721/4721 4718/4724/4724 4719/4725/4725
f 4718/4724/4724 4743/4723/4723 4744/4726/4726 4721/4727/4727
f 4719/4725/4725 4718/4724/4724 4721/4727/4727 4722/4728/4728
f 4721/4727/4727 4744/4726/4726 4732/4709/4709 4694/4710/4710
f 4722/4728/4728 4721/4727/4727 4694/4710/4710 4705/4719/4719
f 4722/4728/4728 4705/4719/4719 4669/4674/4674 4668/4673/4673
f 4671/4676/4676 4719/4725/4725 4722/4728/4728 4668/4673/4673
f 4671/4676/4676 4670/4675/4675 4716/4722/4722 4719/4725/4725
f 4713/4711/4711 4716/4722/4722 4670/4675/4675 4674/4677/4677
f 4713/4711/4711 4674/4677/4677 4673/4686/4686 4706/4712/4712
f 4676/4680/4680 4707/4713/4713 4706/4712/4712 4673/4686/4686
f 4724/4729/4729 4738/4730/4730 4739/4698/4698 4698/4697/4697
f 4725/4731/4731 4724/4729/4729 4698/4697/4697 4707/4713/4713
f 4672/4679/4679 4725/4731/4731 4707/4713/4713 4676/4680/4680
f 4727/4702/4702 4737/4701/4701 4738/4730/4730 4724/4729/4729
f 4728/4714/4714 4727/4702/4702 4724/4729/4729 4725/4731/4731
f 4725/4731/4731 4672/4679/4679 4675/4678/4678 4728/4714/4714
f 4666/5382/4671 4708/4715/4715 4728/4714/4714 4675/4678/4678
f 4730/4706/4706 4735/4705/4705 4736/5381/4700 4700/5384/4699
f 4731/4716/4716 4730/4706/4706 4700/5384/4699 4708/5383/4715
f 4708/5383/4715 4666/4671/4671 4665/4670/4670 4731/4716/4716
f 4667/4672/4672 4709/4717/4717 4731/4716/4716 4665/4670/4670
f 4687/4692/4692 4710/4718/4718 4709/4717/4717 4667/4672/4672
f 4669/4674/4674 4705/4719/4719 4710/4718/4718 4687/4692/4692
f 4703/4732/4732 4733/4708/4708 4732/4709/4709 4693/4733/4733
f 4734/4704/4704 4733/4708/4708 4703/4732/4732 4701/4734/4734
f 4735/4705/4705 4734/4704/4704 4701/4734/4734 4729/4735/4735
f 4736/5381/4700 4735/4705/4705 4729/4735/4735 4699/4736/4736
f 4737/4701/4701 4736/4700/4700 4699/5380/4736 4726/4737/4737
f 4738/4730/4730 4737/4701/4701 4726/4737/4737 4723/4738/4738
f 4739/4698/4698 4738/4730/4730 4723/4738/4738 4697/4739/4739
f 4740/4693/4693 4739/4698/4698 4697/4739/4739 4696/4740/4740
f 4696/4740/4740 4711/4741/4741 4741/4694/4694 4740/4693/4693
f 4742/4720/4720 4741/4694/4694 4711/4741/4741 4714/4742/4742
f 4743/4723/4723 4742/4720/4720 4714/4742/4742 4717/4743/4743
f 4744/4726/4726 4743/4723/4723 4717/4743/4743 4720/4744/4744
f 4732/4709/4709 4744/4726/4726 4720/4744/4744 4693/4733/4733
f 4783/4745/4745 4771/4746/4746 4745/4747/4747 4763/4748/4748
f 4771/4746/4746 4772/4749/4749 4749/4750/4750 4745/4747/4747
f 4703/4732/4732 4750/4751/4751 4748/4752/4752 4701/4734/4734
f 4776/4753/4753 4777/4754/4754 4751/4755/4755 4755/4756/4756
f 4777/4754/4754 4778/4757/4757 4753/4758/4758 4751/4755/4755
f 4753/4758/4758 4778/4757/4757 4779/4759/4759 4746/4760/4760
f 4697/4739/4739 4747/4761/4761 4754/4762/4762 4696/4740/4740
f 4696/4740/4740 4754/4762/4762 4752/4763/4763 4711/4741/4741
f 4772/4749/4749 4773/4764/4764 4760/4765/4765 4749/4750/4750
f 4775/4766/4766 4776/4753/4753 4755/4756/4756 4758/4767/4767
f 4711/4741/4741 4752/4763/4763 4756/4768/4768 4714/4742/4742
f 4714/4742/4742 4756/4768/4768 4757/4769/4769 4717/4743/4743
f 4774/4770/4770 4775/4766/4766 4758/4767/4767 4761/4771/4771
f 4773/4764/4764 4774/4770/4770 4761/4771/4771 4760/4765/4765
f 4717/4743/4743 4757/4769/4769 4762/4772/4772 4720/4744/4744
f 4720/4744/4744 4762/4772/4772 4759/4773/4773 4693/4733/4733
f 4693/4733/4733 4759/4773/4773 4750/4751/4751 4703/4732/4732
f 4779/4759/4759 4780/4774/4774 4770/4775/4775 4746/4760/4760
f 4782/4776/4776 4783/4745/4745 4763/4748/4748 4766/4777/4777
f 4781/4778/4778 4782/5378/4776 4766/5418/4777 4768/4779/4779
f 4780/4774/4774 4781/4778/4778 4768/4779/4779 4770/4775/4775
f 4764/4780/4780 4729/4735/4735 4701/4734/4734 4748/4752/4752
f 4765/5379/4781 4699/4736/4736 4729/4735/4735 4764/4780/4780
f 4767/4782/4782 4726/4737/4737 4699/5380/4736 4765/4781/4781
f 4769/4783/4783 4723/4738/4738 4726/4737/4737 4767/4782/4782
f 4723/4738/4738 4769/4783/4783 4747/4761/4761 4697/4739/4739
f 4750/4751/4751 4772/4749/4749 4771/4746/4746 4748/4752/4752
f 4759/4773/4773 4773/4764/4764 4772/4749/4749 4750/4751/4751
f 4762/4772/4772 4774/4770/4770 4773/4764/4764 4759/4773/4773
f 4757/4769/4769 4775/4766/4766 4774/4770/4770 4762/4772/4772
f 4756/4768/4768 4776/4753/4753 4775/4766/4766 4757/4769/4769
f 4752/4763/4763 4777/4754/4754 4776/4753/4753 4756/4768/4768
f 4754/4762/4762 4778/4757/4757 4777/4754/4754 4752/4763/4763
f 4779/4759/4759 4778/4757/4757 4754/4762/4762 4747/4761/4761
f 4769/4783/4783 4780/4774/4774 4779/4759/4759 4747/4761/4761
f 4767/4782/4782 4781/4778/4778 4780/4774/4774 4769/4783/4783
f 4765/4781/4781 4782/5378/4776 4781/4778/4778 4767/4782/4782
f 4764/4780/4780 4783/4745/4745 4782/4776/4776 4765/5379/4781
f 4748/4752/4752 4771/4746/4746 4783/4745/4745 4764/4780/4780
f 4763/4748/4748 4745/4747/4747 4784/4784/4784 4785/4785/4785
f 4745/4747/4747 4749/4750/4750 4786/4786/4786 4784/4784/4784
f 4755/4756/4756 4751/4755/4755 4787/4787/4787 4788/4788/4788
f 4751/4755/4755 4753/4758/4758 4789/4789/4789 4787/4787/4787
f 4753/4758/4758 4746/4760/4760 4790/4790/4790 4789/4789/4789
f 4758/4767/4767 4755/4756/4756 4788/4788/4788 4791/4791/4791
f 4761/4771/4771 4758/4767/4767 4791/4791/4791 4792/4792/4792
f 4749/4750/4750 4760/4765/4765 4793/4793/4793 4786/4786/4786
f 4760/4765/4765 4761/4771/4771 4792/4792/4792 4793/4793/4793
f 4766/4777/4777 4763/4748/4748 4785/4785/4785 4794/4794/4794
f 4768/4779/4779 4766/5418/4777 4794/5417/4794 4795/4795/4795
f 4770/4775/4775 4768/4779/4779 4795/4795/4795 4796/4796/4796
f 4746/4760/4760 4770/4775/4775 4796/4796/4796 4790/4790/4790
f 4785/4785/4785 4784/4784/4784 4797/4797/4797 4798/4798/4798
f 4784/4784/4784 4786/4786/4786 4799/4799/4799 4797/4797/4797
f 4788/4788/4788 4787/4787/4787 4800/4800/4800 4801/4801/4801
f 4787/4787/4787 4789/4789/4789 4802/4802/4802 4800/4800/4800
f 4789/4789/4789 4790/4790/4790 4803/4803/4803 4802/4802/4802
f 4791/4791/4791 4788/4788/4788 4801/4801/4801 4804/4804/4804
f 4792/4792/4792 4791/4791/4791 4804/4804/4804 4805/4805/4805
f 4786/4786/4786 4793/4793/4793 4806/4806/4806 4799/4799/4799
f 4793/4793/4793 4792/4792/4792 4805/4805/4805 4806/4806/4806
f 4794/4794/4794 4785/4785/4785 4798/4798/4798 4807/4807/4807
f 4795/4795/4795 4794/5417/4794 4807/5416/4807 4808/4808/4808
f 4796/4796/4796 4795/4795/4795 4808/4808/4808 4809/4809/4809
f 4790/4790/4790 4796/4796/4796 4809/4809/4809 4803/4803/4803
f 4798/4798/4798 4797/4797/4797 4810/4810/4810 4811/4811/4811
f 4797/4797/4797 4799/4799/4799 4812/4812/4812 4810/4810/4810
f 4801/4801/4801 4800/4800/4800 4813/4813/4813 4814/4814/4814
f 4800/4800/4800 4802/4802/4802 4815/4815/4815 4813/4813/4813
f 4802/4802/4802 4803/4803/4803 4816/4816/4816 4815/4815/4815
f 4804/4804/4804 4801/4801/4801 4814/4814/4814 4817/4817/4817
f 4805/4805/4805 4804/4804/4804 4817/4817/4817 4818/4818/4818
f 4799/4799/4799 4806/4806/4806 4819/4819/4819 4812/4812/4812
f 4806/4806/4806 4805/4805/4805 4818/4818/4818 4819/4819/4819
f 4807/4807/4807 4798/4798/4798 4811/4811/4811 4820/4820/4820
f 4808/4808/4808 4807/5416/4807 4820/5415/4820 4821/4821/4821
f 4809/4809/4809 4808/4808/4808 4821/4821/4821 4822/4822/4822
f 4803/4803/4803 4809/4809/4809 4822/4822/4822 4816/4816/4816
f 4811/4811/4811 4810/4810/4810 4823/4823/4823 4824/4824/4824
f 4810/4810/4810 4812/4812/4812 4825/4825/4825 4823/4823/4823
f 4814/4814/4814 4813/4813/4813 4826/4826/4826 4827/4827/4827
f 4813/4813/4813 4815/4815/4815 4828/4828/4828 4826/4826/4826
f 4815/4815/4815 4816/4816/4816 4829/4829/4829 4828/4828/4828
f 4817/4817/4817 4814/4814/4814 4827/4827/4827 4830/4830/4830
f 4818/4818/4818 4817/4817/4817 4830/4830/4830 4831/4831/4831
f 4812/4812/4812 4819/4819/4819 4832/4832/4832 4825/4825/4825
f 4819/4819/4819 4818/4818/4818 4831/4831/4831 4832/4832/4832
f 4820/4820/4820 4811/4811/4811 4824/4824/4824 4833/4833/4833
f 4821/4821/4821 4820/5415/4820 4833/5414/4833 4834/4834/4834
f 4822/4822/4822 4821/4821/4821 4834/4834/4834 4835/4835/4835
f 4816/4816/4816 4822/4822/4822 4835/4835/4835 4829/4829/4829
f 4824/4824/4824 4823/4823/4823 4836/4836/4836 4837/4837/4837
f 4823/4823/4823 4825/4825/4825 4838/4838/4838 4836/4836/4836
f 4827/4827/4827 4826/4826/4826 4839/4839/4839 4840/4840/4840
f 4826/4826/4826 4828/4828/4828 4841/4841/4841 4839/4839/4839
f 4828/4828/4828 4829/4829/4829 4842/4842/4842 4841/4841/4841
f 4830/4830/4830 4827/4827/4827 4840/4840/4840 4843/4843/4843
f 4831/4831/4831 4830/4830/4830 4843/4843/4843 4844/4844/4844
f 4825/4825/4825 4832/4832/4832 4845/4845/4845 4838/4838/4838
f 4832/4832/4832 4831/4831/4831 4844/4844/4844 4845/4845/4845
f 4833/4833/4833 4824/4824/4824 4837/4837/4837 4846/4846/4846
f 4834/4834/4834 4833/5414/4833 4846/5413/4846 4847/4847/4847
f 4835/4835/4835 4834/4834/4834 4847/4847/4847 4848/4848/4848
f 4829/4829/4829 4835/4835/4835 4848/4848/4848 4842/4842/4842
f 4837/4837/4837 4836/4836/4836 4849/4849/4849 4850/4850/4850
f 4836/4836/4836 4838/4838/4838 4851/4851/4851 4849/4849/4849
f 4840/4840/4840 4839/4839/4839 4852/4852/4852 4853/4853/4853
f 4839/4839/4839 4841/4841/4841 4854/4854/4854 4852/4852/4852
f 4841/4841/4841 4842/4842/4842 4855/4855/4855 4854/4854/4854
f 4843/4843/4843 4840/4840/4840 4853/4853/4853 4856/4856/4856
f 4844/4844/4844 4843/4843/4843 4856/4856/4856 4857/4857/4857
f 4838/4838/4838 4845/4845/4845 4858/4858/4858 4851/4851/4851
f 4845/4845/4845 4844/4844/4844 4857/4857/4857 4858/4858/4858
f 4846/4846/4846 4837/4837/4837 4850/4850/4850 4859/4859/4859
f 4847/4847/4847 4846/5413/4846 4859/5412/4859 4860/4860/4860
f 4848/4848/4848 4847/4847/4847 4860/4860/4860 4861/4861/4861
f 4842/4842/4842 4848/4848/4848 4861/4861/4861 4855/4855/4855
f 4850/4850/4850 4849/4849/4849 4862/4862/4862 4863/4863/4863
f 4849/4849/4849 4851/4851/4851 4864/4864/4864 4862/4862/4862
f 4853/4853/4853 4852/4852/4852 4865/4865/4865 4866/4866/4866
f 4852/4852/4852 4854/4854/4854 4867/4867/4867 4865/4865/4865
f 4854/4854/4854 4855/4855/4855 4868/4868/4868 4867/4867/4867
f 4856/4856/4856 4853/4853/4853 4866/4866/4866 4869/4869/4869
f 4857/4857/4857 4856/4856/4856 4869/4869/4869 4870/4870/4870
f 4851/4851/4851 4858/4858/4858 4871/4871/4871 4864/4864/4864
f 4858/4858/4858 4857/4857/4857 4870/4870/4870 4871/4871/4871
f 4859/4859/4859 4850/4850/4850 4863/4863/4863 4872/4872/4872
f 4860/4860/4860 4859/5412/4859 4872/5411/4872 4873/4873/4873
f 4861/4861/4861 4860/4860/4860 4873/4873/4873 4874/4874/4874
f 4855/4855/4855 4861/4861/4861 4874/4874/4874 4868/4868/4868
f 4926/4875/4875 4914/4876/4876 4875/4877/4877 4876/4878/4878
f 4914/4876/4876 4915/4879/4879 4877/4880/4880 4875/4877/4877
f 4919/4881/4881 4920/4882/4882 4878/4883/4883 4879/4884/4884
f 4920/4882/4882 4921/4885/4885 4880/4886/4886 4878/4883/4883
f 4921/4885/4885 4922/4887/4887 4881/4888/4888 4880/4886/4886
f 4918/4889/4889 4919/4881/4881 4879/4884/4884 4882/4890/4890
f 4917/4891/4891 4918/4889/4889 4882/4890/4890 4883/4892/4892
f 4915/4879/4879 4916/4893/4893 4884/4894/4894 4877/4880/4880
f 4916/4893/4893 4917/4891/4891 4883/4892/4892 4884/4894/4894
f 4925/4895/4895 4926/4875/4875 4876/4878/4878 4885/4896/4896
f 4924/4897/4897 4925/5408/4895 4885/5407/4896 4886/4898/4898
f 4923/4899/4899 4924/4897/4897 4886/4898/4898 4887/4900/4900
f 4922/4887/4887 4923/4899/4899 4887/4900/4900 4881/4888/4888
f 4862/4862/4862 4864/4864/4864 4889/4901/4901 4888/4902/4902
f 4864/4864/4864 4871/4871/4871 4890/4903/4903 4889/4901/4901
f 4871/4871/4871 4870/4870/4870 4891/4904/4904 4890/4903/4903
f 4870/4870/4870 4869/4869/4869 4892/4905/4905 4891/4904/4904
f 4869/4869/4869 4866/4866/4866 4893/4906/4906 4892/4905/4905
f 4866/4866/4866 4865/4865/4865 4894/4907/4907 4893/4906/4906
f 4865/4865/4865 4867/4867/4867 4895/4908/4908 4894/4907/4907
f 4867/4867/4867 4868/4868/4868 4896/4909/4909 4895/4908/4908
f 4868/4868/4868 4874/4874/4874 4897/4910/4910 4896/4909/4909
f 4874/4874/4874 4873/4873/4873 4898/4911/4911 4897/4910/4910
f 4873/4873/4873 4872/5411/4872 4899/5410/4912 4898/4911/4911
f 4872/4872/4872 4863/4863/4863 4900/4913/4913 4899/4912/4912
f 4863/4863/4863 4862/4862/4862 4888/4902/4902 4900/4913/4913
f 4888/4902/4902 4889/4901/4901 4902/4914/4914 4901/4915/4915
f 4889/4901/4901 4890/4903/4903 4903/4916/4916 4902/4914/4914
f 4890/4903/4903 4891/4904/4904 4904/4917/4917 4903/4916/4916
f 4891/4904/4904 4892/4905/4905 4905/4918/4918 4904/4917/4917
f 4892/4905/4905 4893/4906/4906 4906/4919/4919 4905/4918/4918
f 4893/4906/4906 4894/4907/4907 4907/4920/4920 4906/4919/4919
f 4894/4907/4907 4895/4908/4908 4908/4921/4921 4907/4920/4920
f 4895/4908/4908 4896/4909/4909 4909/4922/4922 4908/4921/4921
f 4896/4909/4909 4897/4910/4910 4910/4923/4923 4909/4922/4922
f 4897/4910/4910 4898/4911/4911 4911/4924/4924 4910/4923/4923
f 4898/4911/4911 4899/5410/4912 4912/5409/4925 4911/4924/4924
f 4899/4912/4912 4900/4913/4913 4913/4926/4926 4912/4925/4925
f 4900/4913/4913 4888/4902/4902 4901/4915/4915 4913/4926/4926
f 4901/4915/4915 4902/4914/4914 4915/4879/4879 4914/4876/4876
f 4902/4914/4914 4903/4916/4916 4916/4893/4893 4915/4879/4879
f 4903/4916/4916 4904/4917/4917 4917/4891/4891 4916/4893/4893
f 4904/4917/4917 4905/4918/4918 4918/4889/4889 4917/4891/4891
f 4905/4918/4918 4906/4919/4919 4919/4881/4881 4918/4889/4889
f 4906/4919/4919 4907/4920/4920 4920/4882/4882 4919/4881/4881
f 4907/4920/4920 4908/4921/4921 4921/4885/4885 4920/4882/4882
f 4908/4921/4921 4909/4922/4922 4922/4887/4887 4921/4885/4885
f 4909/4922/4922 4910/4923/4923 4923/4899/4899 4922/4887/4887
f 4910/4923/4923 4911/4924/4924 4924/4897/4897 4923/4899/4899
f 4911/4924/4924 4912/5409/4925 4925/5408/4895 4924/4897/4897
f 4912/4925/4925 4913/4926/4926 4926/4875/4875 4925/4895/4895
f 4913/4926/4926 4901/4915/4915 4914/4876/4876 4926/4875/4875
f 4965/4927/4927 4953/4928/4928 4927/4929/4929 4928/4930/4930
f 4953/4928/4928 4954/4931/4931 4929/4932/4932 4927/4929/4929
f 4958/4933/4933 4959/4934/4934 4930/4935/4935 4931/4936/4936
f 4959/4934/4934 4960/4937/4937 4932/4938/4938 4930/4935/4935
f 4960/4937/4937 4961/4939/4939 4933/4940/4940 4932/4938/4938
f 4957/4941/4941 4958/4933/4933 4931/4936/4936 4934/4942/4942
f 4956/4943/4943 4957/4941/4941 4934/4942/4942 4935/4944/4944
f 4954/4931/4931 4955/4945/4945 4936/4946/4946 4929/4932/4932
f 4955/4945/4945 4956/4943/4943 4935/4944/4944 4936/4946/4946
f 4964/4947/4947 4965/4927/4927 4928/4930/4930 4937/4948/4948
f 4963/4949/4949 4964/5405/4947 4937/5404/4948 4938/4950/4950
f 4962/4951/4951 4963/4949/4949 4938/4950/4950 4939/4952/4952
f 4961/4939/4939 4962/4951/4951 4939/4952/4952 4933/4940/4940
f 4875/4877/4877 4877/4880/4880 4941/4953/4953 4940/4954/4954
f 4877/4880/4880 4884/4894/4894 4942/4955/4955 4941/4953/4953
f 4884/4894/4894 4883/4892/4892 4943/4956/4956 4942/4955/4955
f 4883/4892/4892 4882/4890/4890 4944/4957/4957 4943/4956/4956
f 4882/4890/4890 4879/4884/4884 4945/4958/4958 4944/4957/4957
f 4879/4884/4884 4878/4883/4883 4946/4959/4959 4945/4958/4958
f 4878/4883/4883 4880/4886/4886 4947/4960/4960 4946/4959/4959
f 4880/4886/4886 4881/4888/4888 4948/4961/4961 4947/4960/4960
f 4881/4888/4888 4887/4900/4900 4949/4962/4962 4948/4961/4961
f 4887/4900/4900 4886/4898/4898 4950/4963/4963 4949/4962/4962
f 4886/4898/4898 4885/5407/4896 4951/5406/4964 4950/4963/4963
f 4885/4896/4896 4876/4878/4878 4952/4965/4965 4951/4964/4964
f 4876/4878/4878 4875/4877/4877 4940/4954/4954 4952/4965/4965
f 4940/4954/4954 4941/4953/4953 4954/4931/4931 4953/4928/4928
f 4941/4953/4953 4942/4955/4955 4955/4945/4945 4954/4931/4931
f 4942/4955/4955 4943/4956/4956 4956/4943/4943 4955/4945/4945
f 4943/4956/4956 4944/4957/4957 4957/4941/4941 4956/4943/4943
f 4944/4957/4957 4945/4958/4958 4958/4933/4933 4957/4941/4941
f 4945/4958/4958 4946/4959/4959 4959/4934/4934 4958/4933/4933
f 4946/4959/4959 4947/4960/4960 4960/4937/4937 4959/4934/4934
f 4947/4960/4960 4948/4961/4961 4961/4939/4939 4960/4937/4937
f 4948/4961/4961 4949/4962/4962 4962/4951/4951 4961/4939/4939
f 4949/4962/4962 4950/4963/4963 4963/4949/4949 4962/4951/4951
f 4950/4963/4963 4951/5406/4964 4964/5405/4947 4963/4949/4949
f 4951/4964/4964 4952/4965/4965 4965/4927/4927 4964/4947/4947
f 4952/4965/4965 4940/4954/4954 4953/4928/4928 4965/4927/4927
f 4933/4940/4940 4939/4952/4952 4968/4966/4966 4967/4967/4967
f 4938/4950/4950 4969/4968/4968 4968/4966/4966 4939/4952/4952
f 4937/5404/4948 4970/5403/4969 4969/4968/4968 4938/4950/4950
f 4928/4930/4930 4971/4970/4970 4970/4969/4969 4937/4948/4948
f 4935/4944/4944 4972/4971/4971 4966/4972/4972 4936/4946/4946
f 4973/4973/4973 4972/4971/4971 4935/4944/4944 4934/4942/4942
f 4934/4942/4942 4931/4936/4936 4974/4974/4974 4973/4973/4973
f 4933/4940/4940 4967/4967/4967 4975/4975/4975 4932/4938/4938
f 4932/4938/4938 4975/4975/4975 4976/4976/4976 4930/4935/4935
f 4976/4976/4976 4974/4974/4974 4931/4936/4936 4930/4935/4935
f 4927/4929/4929 4977/4977/4977 4971/4970/4970 4928/4930/4930
f 4977/4977/4977 4927/4929/4929 4929/4932/4932 4978/4978/4978
f 4978/4978/4978 4929/4932/4932 4936/4946/4946 4966/4972/4972
f 5004/4979/4979 4992/4980/4980 4979/4981/4981 4980/4982/4982
f 4992/4980/4980 4993/4983/4983 4981/4984/4984 4979/4981/4981
f 4993/4983/4983 4994/5402/4985 4982/5401/4986 4981/4984/4984
f 4994/4985/4985 4995/4987/4987 4983/4988/4988 4982/4986/4986
f 4998/4989/4989 4999/4990/4990 4984/4991/4991 4985/4992/4992
f 4999/4990/4990 5000/4993/4993 4986/4994/4994 4984/4991/4991
f 5000/4993/4993 5001/4995/4995 4987/4996/4996 4986/4994/4994
f 5003/4997/4997 5004/4979/4979 4980/4982/4982 4988/4998/4998
f 5002/4999/4999 5003/4997/4997 4988/4998/4998 4989/5000/5000
f 5001/4995/4995 5002/4999/4999 4989/5000/5000 4987/4996/4996
f 4995/4987/4987 4996/5001/5001 4990/5002/5002 4983/4988/4988
f 4996/5001/5001 4997/5003/5003 4991/5004/5004 4990/5002/5002
f 4997/5003/5003 4998/4989/4989 4985/4992/4992 4991/5004/5004
f 4968/4966/4966 4969/4968/4968 4993/4983/4983 4992/4980/4980
f 4969/4968/4968 4970/5403/4969 4994/5402/4985 4993/4983/4983
f 4970/4969/4969 4971/4970/4970 4995/4987/4987 4994/4985/4985
f 4971/4970/4970 4977/4977/4977 4996/5001/5001 4995/4987/4987
f 4977/4977/4977 4978/4978/4978 4997/5003/5003 4996/5001/5001
f 4978/4978/4978 4966/4972/4972 4998/4989/4989 4997/5003/5003
f 4966/4972/4972 4972/4971/4971 4999/4990/4990 4998/4989/4989
f 4972/4971/4971 4973/4973/4973 5000/4993/4993 4999/4990/4990
f 4973/4973/4973 4974/4974/4974 5001/4995/4995 5000/4993/4993
f 4974/4974/4974 4976/4976/4976 5002/4999/4999 5001/4995/4995
f 4976/4976/4976 4975/4975/4975 5003/4997/4997 5002/4999/4999
f 4975/4975/4975 4967/4967/4967 5004/4979/4979 5003/4997/4997
f 4967/4967/4967 4968/4966/4966 4992/4980/4980 5004/4979/4979
f 4980/4982/4982 4979/4981/4981 5005/5005/5005 5006/5006/5006
f 4979/4981/4981 4981/4984/4984 5007/5007/5007 5005/5005/5005
f 4981/4984/4984 4982/5401/4986 5008/5400/5008 5007/5007/5007
f 4982/4986/4986 4983/4988/4988 5009/5009/5009 5008/5008/5008
f 4985/4992/4992 4984/4991/4991 5010/5010/5010 5011/5011/5011
f 4984/4991/4991 4986/4994/4994 5012/5012/5012 5010/5010/5010
f 4986/4994/4994 4987/4996/4996 5013/5013/5013 5012/5012/5012
f 4988/4998/4998 4980/4982/4982 5006/5006/5006 5014/5014/5014
f 4989/5000/5000 4988/4998/4998 5014/5014/5014 5015/5015/5015
f 4987/4996/4996 4989/5000/5000 5015/5015/5015 5013/5013/5013
f 4983/4988/4988 4990/5002/5002 5016/5016/5016 5009/5009/5009
f 4990/5002/5002 4991/5004/5004 5017/5017/5017 5016/5016/5016
f 4991/5004/5004 4985/4992/4992 5011/5011/5011 5017/5017/5017
f 5006/5006/5006 5018/5018/5018 5015/5015/5015 5014/5014/5014
f 5016/5016/5016 5017/5017/5017 5019/5019/5019 5009/5009/5009
f 5011/5011/5011 5020/5020/5020 5019/5019/5019 5017/5017/5017
f 5010/5010/5010 5021/5021/5021 5020/5020/5020 5011/5011/5011
f 5021/5021/5021 5010/5010/5010 5012/5012/5012 5022/5022/5022
f 5013/5013/5013 5023/5023/5023 5022/5022/5022 5012/5012/5012
f 5015/5015/5015 5018/5018/5018 5023/5023/5023 5013/5013/5013
f 5005/5005/5005 5024/5024/5024 5018/5018/5018 5006/5006/5006
f 5024/5024/5024 5005/5005/5005 5007/5007/5007 5025/5025/5025
f 5008/5400/5008 5026/5399/5026 5025/5025/5025 5007/5007/5007
f 5019/5019/5019 5026/5026/5026 5008/5008/5008 5009/5009/5009
f 5019/5019/5019 5020/5020/5020 5027/5027/5027 5028/5028/5028
f 5020/5020/5020 5021/5021/5021 5029/5029/5029 5027/5027/5027
f 5021/5021/5021 5022/5022/5022 5030/5030/5030 5029/5029/5029
f 5022/5022/5022 5023/5023/5023 5031/5031/5031 5030/5030/5030
f 5023/5023/5023 5018/5018/5018 5032/5032/5032 5031/5031/5031
f 5028/5028/5028 5027/5027/5027 5033/5033/5033 5034/5034/5034
f 5027/5027/5027 5029/5029/5029 5035/5035/5035 5033/5033/5033
f 5029/5029/5029 5030/5030/5030 5036/5036/5036 5035/5035/5035
f 5030/5030/5030 5031/5031/5031 5037/5037/5037 5036/5036/5036
f 5031/5031/5031 5032/5032/5032 5038/5038/5038 5037/5037/5037
f 5034/5034/5034 5033/5033/5033 5039/5039/5039 5040/5040/5040
f 5033/5033/5033 5035/5035/5035 5041/5041/5041 5039/5039/5039
f 5035/5035/5035 5036/5036/5036 5042/5042/5042 5041/5041/5041
f 5036/5036/5036 5037/5037/5037 5043/5043/5043 5042/5042/5042
f 5037/5037/5037 5038/5038/5038 5044/5044/5044 5043/5043/5043
f 5032/5032/5032 5018/5018/5018 5024/5024/5024 5045/5045/5045
f 5045/5045/5045 5046/5046/5046 5038/5038/5038 5032/5032/5032
f 5046/5046/5046 5047/5047/5047 5044/5044/5044 5038/5038/5038
f 5045/5045/5045 5024/5024/5024 5025/5025/5025 5048/5048/5048
f 5048/5048/5048 5049/5049/5049 5046/5046/5046 5045/5045/5045
f 5047/5047/5047 5046/5046/5046 5049/5049/5049 5050/5050/5050
f 5051/5398/5051 5048/5048/5048 5025/5025/5025 5026/5399/5026
f 5049/5049/5049 5048/5048/5048 5051/5398/5051 5052/5423/5052
f 5050/5050/5050 5049/5049/5049 5052/5423/5052 5053/5422/5053
f 5028/5028/5028 5051/5051/5051 5026/5026/5026 5019/5019/5019
f 5028/5028/5028 5034/5034/5034 5052/5052/5052 5051/5051/5051
f 5034/5034/5034 5040/5040/5040 5053/5053/5053 5052/5052/5052
f 5042/5042/5042 5054/5054/5054 5055/5055/5055 5041/5041/5041
f 5041/5041/5041 5055/5055/5055 5056/5056/5056 5039/5039/5039
f 5057/5057/5057 5040/5040/5040 5039/5039/5039 5056/5056/5056
f 5058/5421/5058 5053/5053/5053 5040/5040/5040 5057/5057/5057
f 5053/5422/5053 5058/5058/5058 5059/5059/5059 5050/5050/5050
f 5060/5060/5060 5047/5047/5047 5050/5050/5050 5059/5059/5059
f 5047/5047/5047 5060/5060/5060 5061/5061/5061 5044/5044/5044
f 5044/5044/5044 5061/5061/5061 5062/5062/5062 5043/5043/5043
f 5043/5043/5043 5062/5062/5062 5054/5054/5054 5042/5042/5042
f 5059/5059/5059 5063/5063/5063 5064/5064/5064 5060/5060/5060
f 5060/5060/5060 5064/5064/5064 5062/5062/5062 5061/5061/5061
f 5059/5059/5059 5058/5058/5058 5057/5419/5057 5063/5063/5063
f 5065/5420/5065 5056/5056/5056 5055/5055/5055 5054/5054/5054
f 5054/5054/5054 5062/5062/5062 5064/5064/5064 5065/5065/5065
f 5057/5419/5057 5065/5065/5065 5064/5064/5064 5063/5063/5063
f 5057/5057/5057 5056/5056/5056 5065/5420/5065
