

mtllib coruja2.mtl
g default
v -51.770486 208.647019 -9.176509
v -53.565288 210.777970 -8.130801
v -55.847357 209.248948 -11.082557
v -53.768727 207.624284 -12.012384
v -51.230323 205.366196 -8.300378
v -53.019604 204.637894 -11.421739
v -50.297895 209.374192 -5.957943
v -51.758050 211.942490 -5.738822
v -49.672465 206.247178 -5.152461
v -54.397989 200.389756 -25.514780
v -55.628822 203.646104 -25.466435
v -53.619867 205.061692 -28.173176
v -52.478763 201.915147 -28.760472
v -51.857785 206.523026 -31.052226
v -50.876020 203.675889 -32.043985
v -56.122025 206.009232 -29.755833
v -57.714394 204.835068 -27.335064
v -54.055365 208.364762 -31.402052
v -57.642163 198.916550 -23.722073
v -58.361702 201.824448 -24.100702
v -59.271618 204.339860 -24.928699
v -57.528190 208.020341 -13.291018
v -56.490952 206.273606 -13.423659
v -55.860497 203.912217 -12.892775
v -60.941351 201.214341 -21.828268
v -60.146540 204.088486 -22.285787
v -60.862235 197.967545 -21.539590
v -62.143992 201.539506 -19.543537
v -61.383643 204.179093 -20.101892
v -62.917135 198.603196 -19.234738
v -59.485510 206.378403 -15.157880
v -59.127153 204.324387 -15.219036
v -59.184503 202.177415 -14.758573
v -60.977984 204.813523 -16.969438
v -60.971867 202.532700 -16.775027
v -61.640043 199.935258 -16.712192
v -52.412452 210.453660 -34.030672
v -50.063223 208.614671 -33.866458
v -48.301510 205.909684 -34.590052
v -48.311353 210.537003 -3.348549
v -49.853387 213.355515 -3.373296
v -47.227685 207.288071 -2.711443
v -46.005384 211.982438 -1.277164
v -47.285705 214.987748 -2.003827
v -44.475204 208.811112 -0.999159
v -43.666768 214.015244 1.110315
v -44.545317 216.718735 -1.282802
v -41.848306 210.660477 0.725650
v -29.444807 221.021409 -0.819383
v -33.738409 223.805711 -4.123413
v -38.945201 219.929246 -1.850625
v -35.664021 215.320512 1.131389
v -24.335534 225.425126 -7.739553
v -30.220651 227.417832 -9.794106
v -23.042602 226.923814 -18.204594
v -29.457674 228.698106 -18.230084
v -26.065570 225.152879 -29.581502
v -31.522036 227.130051 -27.699982
v -33.740798 219.569718 -37.880257
v -38.483762 222.177354 -34.269929
v -42.989648 212.004227 -40.043015
v -46.186154 216.073777 -35.951706
v -49.756534 213.528916 -35.633450
v -46.379436 208.536881 -37.839597
v -38.791962 212.892228 1.351099
v -41.637484 218.076096 -1.454614
v -40.237933 215.786851 0.255622
v -37.354777 217.825639 -0.089327
v -31.654757 222.674577 -2.341021
v -27.315883 226.740037 -8.686431
v -26.299401 228.047837 -18.282290
v -28.838815 226.299363 -28.695417
v -36.295741 221.117905 -36.098948
v -44.675384 214.359086 -37.693180
v -48.238228 211.125230 -36.924118
v -42.401002 219.148179 -35.613600
v -40.719998 218.016831 -37.861565
v -38.599660 216.388993 -40.324888
v -29.389663 222.774888 -34.496118
v -32.080873 224.098313 -33.274394
v -34.474967 224.778184 -31.721466
v -30.118731 228.260972 -22.874965
v -27.169362 227.412034 -23.455265
v -24.174605 226.170975 -23.852037
v -23.143439 226.522538 -12.698635
v -26.327466 227.917741 -13.247406
v -29.434802 228.668015 -13.762163
v -31.683710 225.662217 -6.608993
v -29.219193 224.813004 -5.130889
v -26.573608 223.526231 -3.726200
v -32.581125 218.200211 0.787506
v -34.493408 220.309739 -0.704566
v -36.261448 221.817979 -2.642524
v -63.511064 194.729447 -19.322207
v -62.985266 195.303086 -16.291822
v -62.982747 191.089738 -19.020773
v -62.606675 191.662064 -16.064816
v -62.047115 188.427506 -18.014817
v -62.128294 188.645371 -16.612888
v -59.334821 188.613908 -18.159266
v -59.299605 188.651841 -16.089015
v -55.837151 189.799851 -18.741137
v -56.121347 189.472489 -15.693066
v -61.039759 194.993455 -21.484804
v -58.892315 191.518143 -20.109982
v -57.295018 195.258500 -24.022711
v -56.268390 192.624161 -22.965202
v -60.187671 197.565110 -14.237530
v -59.005902 193.118912 -14.355128
v -56.388948 193.798020 -12.108169
v -56.773396 198.793809 -12.466379
v -53.774348 197.311448 -26.135896
v -53.099927 200.316666 -10.127769
v -53.062520 194.578507 -9.301648
v -52.969118 192.611588 -27.112702
v -51.628059 191.135941 -20.376921
v -53.894930 191.889054 -22.598104
v -51.387066 192.195817 -25.106614
v -51.686080 192.097001 -14.887149
v -53.915783 192.094163 -12.254775
v -50.834551 193.375932 -10.177435
v -48.104492 194.446397 -7.773108
v -51.026579 193.426377 -5.311995
v -44.844784 194.924027 -5.584160
v -48.513060 193.978043 -2.426870
v -50.018612 192.195878 -29.860900
v -48.018265 190.107468 -26.811397
v -45.406078 185.721299 -27.292012
v -49.607241 190.111832 -23.129402
v -48.764274 187.021744 -24.130846
v -47.764449 183.628892 -23.764194
v -48.545367 192.102586 -12.173840
v -47.559893 189.978715 -10.253396
v -46.754036 187.295487 -7.829757
v -51.690215 191.724625 -17.391780
v -55.877533 189.321061 -17.073304
v -59.253541 188.246629 -17.024606
v -62.199173 188.405442 -17.230194
v -63.576196 191.262864 -17.297201
v -63.787670 195.076188 -17.554645
v -62.502498 199.402146 -17.778728
v -61.744613 202.130509 -17.962119
v -61.521862 204.416886 -18.205319
v -48.130450 191.343278 -17.243982
v -46.331999 188.659562 -17.003416
v -44.796146 185.306657 -16.827090
v -51.205170 201.427445 -7.050333
v -48.736524 202.293839 -4.432953
v -46.312588 203.596421 -1.948585
v -46.050188 195.815110 0.082467
v -46.025818 199.757249 -0.755294
v -48.751321 198.514176 -3.204541
v -50.936583 197.470078 -6.225991
v -53.162614 197.275742 -9.609888
v -56.790059 196.242966 -11.983542
v -59.873978 195.255143 -13.806942
v -62.881281 193.438615 -16.074492
v -63.810527 193.120896 -17.397001
v -63.359208 192.833176 -19.261509
v -60.310304 192.852769 -21.435138
v -57.071741 193.716782 -23.861213
v -53.427534 194.786484 -26.847892
v -44.133637 193.243851 -1.496409
v -43.863314 188.238786 -2.574444
v -51.870829 198.866959 -29.548917
v -51.216595 195.619279 -30.277463
v -48.047340 197.106248 -33.168496
v -49.397456 200.565110 -32.626738
v -43.426626 189.660599 4.427380
v -43.783275 193.531296 2.807300
v -43.566393 197.257645 3.077809
v -43.165095 201.362443 1.507691
v -43.589214 205.199265 0.044777
v -40.590505 193.194321 9.651838
v -40.687909 196.083146 6.461261
v -40.055978 199.949204 4.852278
v -39.875651 203.570908 2.883948
v -40.479891 207.221146 1.261133
v -46.845605 193.141892 -33.597666
v -26.464799 198.253953 -40.352504
v -33.291134 192.455613 -35.944080
v -43.629679 205.459611 -38.032108
v -35.759869 213.260117 -42.394875
v -22.731188 223.622300 -30.365821
v -7.962521 213.759995 -30.402041
v -19.909720 225.040208 -12.112202
v -6.370652 215.403458 -8.542333
v -30.632876 215.753525 2.421698
v -22.807743 203.961045 8.766738
v -37.477427 209.765702 2.604543
v -34.743166 197.880662 11.748087
v -34.058714 212.530289 2.632919
v -28.823891 201.308671 11.163514
v -27.093383 218.804856 0.509093
v -17.882506 207.480729 4.892197
v -23.977494 221.350022 -2.800464
v -12.083251 212.129929 1.049379
v -21.474583 223.534653 -6.958038
v -9.300618 213.939927 -3.106568
v -19.991095 225.016557 -18.029813
v -5.969782 216.144395 -15.488393
v -20.894873 224.535599 -24.105723
v -6.581253 215.538468 -23.704255
v -26.283408 220.827134 -35.629108
v -13.797548 209.325944 -38.701791
v -30.693248 217.511002 -39.508561
v -19.847169 204.201157 -42.018915
v -30.513789 194.699357 -38.941319
v -40.022090 208.839494 -40.084923
v -40.873203 202.184922 -37.384646
v -37.229912 205.617844 -39.915959
v -32.787014 209.660233 -42.069067
v -27.506886 214.509660 -40.744911
v -22.739795 218.451005 -36.700169
v -19.149837 221.389390 -30.848239
v -17.402377 222.505875 -24.168368
v -16.680207 222.871934 -17.690613
v -16.620386 222.925431 -11.445243
v -18.436968 221.191819 -6.129093
v -21.331738 218.762376 -2.017769
v -24.665288 216.150803 1.709057
v -28.583508 212.622880 3.356163
v -32.471902 209.333878 3.958532
v -36.251354 206.310624 3.689793
v -38.811630 198.307420 -38.102302
v -34.930134 201.800370 -40.370877
v -30.166974 206.030595 -41.633540
v -24.537298 211.057542 -41.361074
v -19.127445 215.493272 -37.328680
v -15.561316 218.711442 -31.005908
v -13.824061 220.163773 -24.031113
v -13.030520 220.790726 -17.151964
v -13.393218 220.262589 -10.683497
v -15.248653 218.765488 -5.174198
v -18.610089 216.024522 -1.308814
v -22.257446 213.206620 2.816136
v -26.718979 209.265946 3.723395
v -30.979741 205.753403 4.816611
v -35.371660 202.746384 5.334902
v -36.206203 195.234269 -37.090653
v -32.699293 198.187180 -39.687314
v -28.064132 202.322984 -40.490307
v -22.167973 207.525407 -41.463552
v -16.173012 212.514420 -37.764011
v -12.015003 215.922410 -30.712941
v -10.116710 217.847031 -23.737286
v -9.268152 218.506516 -16.294786
v -10.063983 217.848862 -9.795944
v -12.238541 216.274186 -4.330848
v -15.622664 213.595628 -0.421144
v -20.178726 210.186143 3.324034
v -24.690912 205.542252 4.938454
v -29.799995 202.751420 7.216070
v -35.098040 199.928941 7.929537
v -37.472670 188.554642 -33.671727
v -40.287537 191.477433 -34.950842
v -44.555762 199.273820 -35.513800
v -46.866841 202.664994 -35.702911
v -42.561232 195.236680 -35.666523
v -45.180316 189.430680 -32.693103
v -42.563106 186.191270 -31.152520
v -59.145177 206.942857 -24.972387
v -58.284594 207.384660 -26.989757
v -60.069366 206.943131 -22.844050
v -59.179893 209.674393 -13.084078
v -57.911007 210.862992 -10.154539
v -54.814592 213.428330 -7.486124
v -52.485606 214.901047 -5.902109
v -50.193978 216.052598 -4.855358
v -47.741459 217.415574 -4.035778
v -57.200396 208.707261 -28.769190
v -55.971122 210.442582 -30.901468
v -53.913298 213.065690 -32.496404
v -50.990546 215.463425 -33.639965
v -47.491024 217.871476 -33.988531
v -44.024435 220.422837 -33.606642
v -40.514155 223.024552 -32.190680
v -45.292963 218.730942 -3.480870
v -42.846806 220.133408 -3.565848
v -60.291948 207.191514 -20.542424
v -59.451297 208.759019 -15.245353
v -60.181995 207.560166 -18.580042
v -59.894266 207.910172 -16.911914
v -40.408698 221.585862 -4.021984
v -37.972702 223.114762 -4.785483
v -35.798989 224.737351 -6.087687
v -34.135010 226.325486 -8.182076
v -32.995954 227.848222 -10.921331
v -32.380383 228.926286 -14.236122
v -32.445106 229.056199 -17.983244
v -33.203791 228.839249 -22.027831
v -34.619629 227.523881 -26.074270
v -37.062421 225.324692 -29.646253
v -58.108461 209.961655 -15.283845
v -57.474623 209.888200 -16.704358
v -58.381177 211.751023 -14.335011
v -57.636947 209.515580 -18.887999
v -58.878017 209.749772 -20.874839
v -59.442070 209.658158 -23.105064
v -58.810072 209.139817 -25.189869
v -58.154050 208.934098 -26.513397
v -57.523459 210.217576 -27.563357
v -56.351013 212.372178 -28.786932
v -54.432804 214.646012 -30.059940
v -51.792105 217.180772 -31.161106
v -48.532264 219.567948 -31.647226
v -45.628771 221.830155 -31.222600
v -42.422896 223.862778 -29.834706
v -39.652348 225.689774 -27.121528
v -37.523719 227.511948 -24.097653
v -36.076603 228.689896 -20.817155
v -35.186944 228.844956 -17.541588
v -36.441458 226.742448 -9.721607
v -37.668499 225.535203 -7.944956
v -35.483753 227.952714 -12.038875
v -34.911352 228.764909 -14.620589
v -39.521454 224.389725 -7.002434
v -41.695212 223.172074 -6.391014
v -43.876773 221.967362 -6.102028
v -46.043970 220.799882 -6.110984
v -48.308790 219.751389 -6.354585
v -50.565151 218.573167 -7.070449
v -52.772262 217.250932 -8.121738
v -55.160162 215.698777 -9.640581
v -58.250987 213.901658 -11.716039
v -58.483167 211.475571 -25.886264
v -57.665717 213.008927 -16.286121
v -57.986676 211.889359 -23.507624
v -57.395584 212.168870 -21.258597
v -57.209120 212.725907 -18.905153
v -57.838319 215.730546 -14.175270
v -55.654291 217.832474 -12.294748
v -55.039895 215.969743 -27.398875
v -56.841163 213.585892 -26.597735
v -44.426296 224.669724 -26.578627
v -41.920666 226.120103 -24.405338
v -47.277102 223.082749 -27.766155
v -50.111759 221.101487 -28.341391
v -52.858691 218.641801 -28.190054
v -38.369488 228.356766 -19.461379
v -37.497684 228.532609 -16.782772
v -39.843966 227.430772 -21.951768
v -36.650306 228.350938 -14.878482
v -37.605670 227.764939 -13.299762
v -38.519512 226.741074 -11.041718
v -38.922328 225.890702 -9.388091
v -40.538355 225.326157 -9.219446
v -53.302212 219.372269 -11.003537
v -50.766941 220.437577 -10.159073
v -48.436012 221.396348 -9.520854
v -46.303125 222.411759 -9.054733
v -44.296419 223.335374 -8.797467
v -42.397329 224.275162 -8.784567
v -56.500693 214.120835 -23.992881
v -57.146557 214.897172 -21.586688
v -57.757938 214.996751 -19.285237
v -57.799368 215.146806 -17.376517
v -57.340087 217.145982 -16.327467
v -54.859084 218.447282 -15.466898
v -52.898115 220.367295 -14.352182
v -50.699918 221.914780 -13.419265
v -48.428578 223.012894 -12.627717
v -55.438123 216.807206 -24.514644
v -53.710947 219.537247 -24.863263
v -51.164767 221.716996 -24.686869
v -48.696389 223.752671 -24.122590
v -46.064393 225.095475 -22.995879
v -43.649086 226.225663 -21.357469
v -46.235625 223.834183 -11.947043
v -44.201665 224.497208 -11.315493
v -39.955076 228.019547 -18.158985
v -39.784412 227.699357 -15.330421
v -41.535588 227.272752 -19.591512
v -42.614320 225.032975 -10.689712
v -41.011683 226.137681 -11.999815
v -56.210485 217.459519 -21.840393
v -57.492810 218.115372 -19.101736
v -54.835686 219.596146 -18.359942
v -54.118978 219.594193 -21.535672
v -52.770480 221.485886 -17.640102
v -52.074658 221.820634 -21.118420
v -43.498400 225.842362 -13.698909
v -42.566413 227.025590 -16.674125
v -50.411209 223.119614 -16.800127
v -48.004410 224.143845 -15.942142
v -45.821663 225.234544 -14.893022
v -49.768761 223.791337 -20.427329
v -47.281158 225.002427 -19.403229
v -44.905386 225.966508 -18.179703
v -44.800353 179.874985 0.475030
v -42.231515 178.519364 -16.038285
v -41.582402 159.030259 -11.895131
v -42.992074 161.457749 3.593265
v -38.958533 185.888108 13.462019
v -37.366139 167.559800 17.871373
v -31.818765 191.069016 15.706879
v -7.093305 189.401780 23.294536
v -14.703405 200.321152 13.630212
v 12.397677 198.210129 4.426037
v -1.565717 208.664078 0.009101
v 16.210834 195.044938 -25.689344
v 1.986658 209.052506 -24.905765
v -2.799906 180.054185 -44.892839
v -14.365608 196.586961 -44.634151
v -23.273968 167.157456 -46.942921
v -29.606430 184.889970 -40.604914
v -36.879965 179.006455 -31.685560
v -32.187186 162.524277 -34.886657
v -43.662345 177.233933 -22.685683
v -37.275360 147.479096 -9.764994
v -36.396093 149.266373 3.179921
v -30.311752 152.690415 14.562795
v -1.127298 177.995469 24.972567
v 20.859193 185.836289 7.647066
v 23.794052 181.489884 -24.454398
v 3.510238 167.507432 -46.723268
v -18.022890 154.473344 -46.688238
v -29.033084 147.060395 -34.181860
v -33.861416 181.471665 -36.282385
v -29.654473 163.902055 -42.269536
v -25.979288 150.482835 -42.264057
v -21.696582 191.412797 -43.332206
v -10.333737 174.712418 -46.863993
v -4.669970 162.588059 -49.178190
v -7.356754 201.824601 -40.918001
v 5.578573 185.923234 -42.657131
v 11.490481 172.597977 -42.011737
v -1.352685 206.553941 -33.793090
v 12.880654 191.598069 -36.011129
v 18.346389 177.412644 -34.143429
v -40.588236 177.947343 -27.707540
v -25.754116 187.883469 -41.414541
v -16.769067 170.791123 -48.066879
v -11.768842 157.983109 -47.646468
v 2.208531 210.546403 -15.700959
v 16.711716 197.037583 -15.133215
v 24.481973 183.960557 -13.133085
v 1.005895 210.437455 -7.798968
v 15.463358 198.234971 -4.908012
v 24.829358 185.837388 -2.191080
v -5.053032 207.476121 5.673627
v 7.412032 196.666611 12.413181
v 14.454896 184.740983 15.452599
v -9.777766 204.730790 10.712859
v 0.244863 192.388932 17.414239
v 7.292889 182.475724 21.897238
v -23.157415 195.141953 15.033709
v -14.408654 184.936417 25.316517
v -8.123575 173.963578 27.666703
v -43.532859 182.469010 7.987552
v -41.023796 164.140671 11.404690
v -34.066082 151.251267 9.885718
v -44.366742 178.573746 -7.588631
v -43.109692 159.734818 -4.544686
v -37.254622 147.746293 -3.644826
v -34.515631 185.470048 -33.104934
v -30.636416 188.870682 -36.815317
v -27.820529 191.489823 -39.188581
v -24.442150 195.155503 -42.143871
v -17.351210 200.602067 -43.211794
v -10.932737 205.788529 -39.785905
v -4.696508 210.802232 -32.271249
v -2.627867 212.466141 -24.239885
v -2.052844 213.797013 -15.588359
v -2.873858 213.290971 -8.148633
v -5.755681 211.489579 -1.686790
v -8.797828 210.236130 3.328753
v -14.154272 207.228867 8.362360
v -19.159561 202.536729 11.322157
v -25.913647 198.249985 12.810185
v -33.202857 194.432664 13.636957
v -39.561705 189.666947 11.410101
v -43.487226 186.450242 6.104444
v -45.077870 184.235093 -0.761764
v -44.750409 183.104661 -7.975620
v -43.490797 182.305527 -16.520464
v -44.510568 181.222489 -23.305736
v -41.400139 183.032700 -26.087280
v -38.465271 183.518449 -29.889619
v -44.575690 174.664017 1.646994
v -43.478665 177.521378 9.844877
v -39.127828 181.836564 16.087322
v -32.236129 187.914292 19.017776
v -22.012578 191.397294 18.205885
v -12.907147 197.099686 16.618796
v -6.335301 201.360703 12.972287
v -1.156627 204.307603 7.784438
v 2.595540 205.589799 1.201984
v 5.452198 206.735947 -6.822209
v 6.911635 206.590134 -15.500265
v 6.779600 205.307023 -25.156828
v 3.165869 202.197587 -34.617309
v -2.927272 197.431382 -41.912546
v -10.470725 191.809617 -45.684439
v -18.179225 186.443711 -45.785174
v -23.250154 183.058366 -45.648624
v -27.962389 179.919297 -44.940646
v -33.853163 176.480180 -39.949368
v -35.800160 174.128922 -33.423923
v -42.566098 172.348588 -15.132075
v -43.228438 173.057603 -6.625239
v -44.403907 168.381974 2.843970
v -42.584854 171.294450 11.167265
v -38.541929 176.013474 18.329195
v -17.884389 188.970933 22.103462
v -10.399426 193.245164 19.576829
v -3.030752 197.335191 15.399365
v 2.991428 200.754777 10.041305
v 7.188197 201.935746 2.584627
v 10.078503 202.355149 -5.998963
v 11.786672 202.153123 -15.439412
v 11.424120 200.572526 -25.509079
v 7.907634 197.270463 -35.337535
v 1.592495 192.189011 -42.759111
v -6.364455 186.104783 -45.465026
v -13.940566 180.671708 -46.715778
v -19.665479 176.982529 -47.051599
v -25.675017 173.645036 -46.235649
v -31.705437 170.439774 -41.377226
v -34.117172 168.690964 -34.436709
v -41.482681 165.879716 -15.796130
v -43.692209 166.549943 -5.818825
v -39.881728 152.803391 -10.663695
v -28.773774 155.398972 -33.585831
v -27.846685 156.988480 -42.696009
v -20.719366 160.597886 -46.735876
v -14.217259 164.280045 -48.380190
v -7.340624 168.749680 -48.293462
v 0.140257 173.543259 -44.545229
v 8.644968 179.260545 -41.915288
v 16.365118 184.525864 -35.441781
v 20.395255 188.479386 -25.299122
v 21.039123 190.808274 -14.340862
v 21.185609 193.067643 -3.557938
v 17.585510 192.916672 6.307312
v 11.633941 191.294785 14.513706
v 3.842165 187.557664 19.890218
v -3.952731 183.766068 24.660765
v -11.198994 179.476212 26.465693
v -35.851542 158.545518 18.232252
v -37.876284 157.138016 11.026922
v -40.111943 154.896989 3.722589
v -40.715893 153.313462 -4.039944
v -40.685928 172.889054 -29.001027
v -43.987636 171.665696 -22.061602
v -43.953684 168.889909 -18.667125
v -40.033615 167.411698 -30.359134
v -44.124823 166.701218 -23.922491
v -37.956617 161.581864 -30.481449
v -42.639066 161.532700 -24.805827
v -43.301242 157.125809 -16.770940
v -44.874932 161.981827 -18.614895
v -35.344463 155.958695 -29.505876
v -40.368138 156.249863 -24.003751
v -39.791795 152.556779 -15.932526
v -38.514405 151.896607 -22.497337
v -34.059220 150.958024 -28.807850
v -40.996071 147.638566 -14.345290
v -38.853542 147.419755 -21.090584
v -32.011217 146.297288 -27.907672
v -28.698622 151.800370 -30.309135
v -25.224254 147.871476 -30.241339
v -26.619785 187.803941 22.637297
v -24.035387 184.832108 24.536325
v -32.445268 183.325639 21.511307
v -29.936516 180.072922 23.676293
v -33.224775 171.445206 22.805554
v -34.703864 175.920487 22.410718
v -28.098617 176.092210 26.290589
v -21.104857 180.371567 26.072740
v -18.199719 176.072282 30.052103
v -14.630608 170.406846 32.269710
v -25.019880 170.970597 27.963185
v -21.287732 165.453385 28.864115
v -31.578258 166.072098 24.312288
v -28.644332 160.467515 26.787255
v -34.116931 155.687699 22.081781
v -34.173557 154.645371 17.094284
v -34.807614 153.228257 18.722758
v -31.409742 151.017213 16.546119
v -34.264592 149.751267 17.686586
v -34.490797 142.263306 -9.268436
v -33.686601 141.886246 -3.047686
v -32.341702 142.167619 3.293636
v -29.624683 143.059357 9.348344
v -26.039147 144.729478 14.048055
v -26.188701 145.991334 17.398916
v -32.170834 144.606461 17.543750
v -40.161591 141.315858 -12.512192
v -37.683335 140.565751 -20.224035
v -30.760680 140.149934 -25.662334
v -23.884115 143.413178 -29.931546
v -25.174392 141.707627 -33.279760
v -28.092890 141.042252 -35.833542
v -29.205552 144.321213 -36.466012
v -25.301229 145.852723 -41.562456
v -23.669048 141.351334 -41.155647
v -16.334298 150.378098 -46.518310
v -16.534688 145.409013 -45.547628
v -10.299278 153.262620 -47.553327
v -8.282439 148.436951 -47.657848
v -32.532079 150.561997 22.931419
v -31.034035 145.214967 23.449990
v -25.983671 155.288773 28.319622
v -23.458353 149.956498 29.342467
v -17.535303 160.273621 30.074557
v -14.170163 155.138749 31.344791
v -11.251051 164.695359 31.530887
v -8.185118 159.202866 31.252122
v -5.112966 168.537064 28.786258
v -1.899913 162.781846 29.388861
v 1.402269 172.643510 27.086895
v 4.383231 166.354844 27.111753
v 10.417065 177.789933 24.643016
v 13.665412 171.406968 25.927566
v 15.719441 178.196824 15.909234
v 19.489344 172.911362 18.373199
v 21.467950 178.440140 8.125627
v 23.247633 171.984727 9.073740
v 25.536011 178.243485 -1.133663
v 25.873783 170.776353 0.020448
v 26.875293 176.618546 -11.621134
v 27.814465 169.004380 -9.620314
v 25.815130 174.138261 -22.882303
v 26.215478 166.716294 -20.411978
v 20.105571 170.601334 -32.804398
v 22.736905 164.784898 -31.375248
v 14.756308 165.415818 -42.270077
v 17.404182 161.182359 -38.722510
v 6.515503 160.263627 -47.151635
v -2.856792 156.685471 -47.485551
v 5.091809 153.758713 -45.744555
v -1.445902 151.008073 -47.151509
v 8.808352 159.000260 -43.263807
v 12.475898 160.783646 -43.513507
v 9.869644 155.296128 -44.581172
v 14.511173 157.908097 -43.322895
v 15.696669 153.110245 -41.518581
v 11.587010 150.654984 -45.052575
v 20.034291 155.947617 -38.061882
v 6.280077 148.176499 -45.888341
v 0.345926 145.220170 -47.082538
v -5.905128 142.040437 -47.313615
v -14.395256 138.200120 -44.424853
v -20.573876 135.591172 -40.781302
v -25.661630 135.113862 -35.448560
v -21.523161 137.226426 -32.996176
v -23.224493 138.451432 -30.306519
v -28.270945 135.253388 -26.379895
v -34.092728 135.109147 -18.503104
v -37.005050 136.147813 -11.238770
v -33.140022 137.023759 -7.289424
v -31.045694 137.370637 -2.324134
v -29.888137 137.493180 3.475353
v -27.647674 138.360245 9.537863
v -22.909605 140.586045 14.990000
v -23.555466 141.317551 18.040358
v -29.500434 140.220902 18.176714
v -28.777854 140.901520 24.682147
v -21.201738 144.694352 30.100666
v -11.324361 149.753541 32.651281
v -5.159702 154.134080 32.113563
v 0.849269 157.684922 30.193122
v 7.325507 160.700608 26.792403
v 15.488562 164.568009 24.897724
v 21.148103 166.246140 18.109068
v 25.694542 166.123643 10.259121
v 27.310931 164.278886 1.508532
v 27.329484 161.853898 -7.380103
v 28.277973 159.634370 -17.266770
v 25.914155 159.400193 -30.786433
v -34.571479 131.348649 -9.799090
v -33.214526 132.465958 -3.850484
v -28.920639 133.184876 -1.410622
v -27.748171 133.381394 3.791193
v -32.877418 130.335145 -17.663273
v -27.318107 130.549241 -26.290413
v -22.989784 133.749314 -30.485602
v -20.313031 133.785203 -32.920499
v -22.831486 131.055619 -34.984379
v -18.709226 131.156800 -39.989269
v -11.554997 132.790421 -44.107874
v -3.836129 136.104966 -46.719958
v 2.342277 139.700761 -46.922377
v 8.079160 142.824036 -45.743543
v 13.595998 145.640092 -44.707475
v 18.432810 148.275086 -41.520886
v 22.857348 150.756852 -37.424994
v 28.703445 153.512467 -30.588466
v 31.911091 154.963120 -17.610837
v 27.418031 155.039811 -11.819325
v 29.716165 151.707047 -10.571121
v 28.425732 157.116990 -6.147123
v 31.004566 153.073167 -5.905700
v 29.617431 160.120896 2.062410
v 31.589885 155.597001 2.359741
v 27.860820 161.603104 10.775848
v 29.703228 156.945939 11.256411
v 23.185540 161.204362 18.284977
v 25.082684 156.197205 18.770530
v 17.131642 159.286790 24.451404
v 18.580577 154.239350 24.581673
v -25.191715 133.976029 9.874690
v -20.016511 136.187333 16.107845
v -21.581366 137.038804 18.618499
v -27.125156 135.802689 18.638417
v -27.104618 136.209306 24.821460
v -18.995535 139.734315 30.870296
v -7.446563 145.137986 33.384988
v -3.546942 150.836930 32.765121
v 2.480673 153.437760 31.241271
v 2.649524 148.541459 32.366692
v 9.541168 156.228944 27.849190
v 11.275053 151.783921 29.606796
v -31.049845 127.673356 -8.376393
v -30.731189 127.974412 -1.893757
v -26.660345 129.531693 -0.611422
v -25.837134 129.495103 4.153148
v -23.611269 130.206528 10.368906
v -17.732934 132.801774 17.036184
v -19.196513 132.917649 19.238809
v -24.171152 131.034486 19.320500
v -24.360749 131.418168 25.265316
v -16.906885 134.785065 31.516263
v -6.537097 139.378159 34.313239
v 3.842315 143.526841 33.570429
v 12.700373 146.862626 30.368052
v 20.419420 149.430131 25.934285
v 26.074146 150.572083 19.191214
v 31.655215 151.328995 12.201955
v 34.890383 150.599686 3.263972
v 33.394830 147.977555 -5.490332
v 32.692585 147.683762 -10.431650
v 33.904187 149.320740 -16.998410
v 30.752117 148.321549 -29.738187
v 25.630090 145.902406 -36.503947
v 20.881758 143.394395 -40.856686
v 15.579792 140.623429 -43.650519
v 10.113174 137.704789 -45.672676
v 4.257678 134.499863 -46.708941
v -2.054759 130.941880 -45.947799
v -9.478816 126.965577 -43.060332
v -15.741927 126.441849 -38.903744
v -19.286534 127.384904 -35.071361
v -18.781622 130.292603 -32.681402
v -21.619092 129.775956 -30.807760
v -26.061209 127.362534 -26.615143
v -31.953795 125.951096 -17.140502
v -27.697370 124.289201 -7.354920
v -26.829897 124.900559 -1.618752
v -24.373968 125.985871 0.544238
v -23.590198 126.038651 5.050532
v -21.562588 126.560288 11.441543
v -30.831273 122.112992 -16.100445
v -25.579648 123.643433 -25.622653
v -21.320433 126.108781 -30.856151
v -17.757848 126.788468 -32.061689
v -16.909081 124.563828 -34.736231
v -13.062596 122.954270 -38.330183
v -7.638143 123.283936 -42.225011
v -0.261874 126.212693 -45.426182
v -15.848239 128.931016 17.840515
v -17.251537 128.767945 19.985560
v -21.335984 126.879395 20.169420
v -20.957193 126.939683 25.950061
v -14.365490 130.172868 32.057074
v -13.610531 124.413346 20.702070
v -17.246462 122.095734 21.052286
v -16.931661 122.165971 26.585783
v -11.345825 125.166306 32.557596
v -9.303394 119.204514 20.944691
v -12.426682 117.111497 22.075551
v -12.434224 117.342759 27.085574
v -7.224341 120.092210 32.772946
v -5.114544 114.187226 21.358140
v -7.741116 112.347550 22.914082
v -7.896825 112.554520 27.306774
v -3.123837 114.982545 33.202658
v -4.748253 134.464829 34.967558
v -2.540567 129.591050 35.529347
v 1.226802 124.408128 35.651392
v 4.963997 118.911500 35.832024
v 5.542471 138.782197 34.410702
v 7.625880 134.047013 35.224299
v 10.672646 128.931260 36.267355
v 14.404264 123.562608 36.715950
v 14.257781 142.058366 31.141703
v 16.302715 137.189408 32.234553
v 19.158780 132.173234 33.556426
v 22.436419 126.746629 34.511973
v 22.385856 144.757859 27.442925
v 24.277779 139.752503 28.378563
v 26.540530 134.511307 29.049388
v 29.350082 129.176423 29.429263
v 27.036283 145.176163 20.020391
v 29.488915 140.576615 21.487131
v 31.758851 135.631333 21.912868
v 33.474192 130.367478 21.790121
v 32.223459 145.589829 13.695585
v 31.712866 140.093064 14.170865
v 31.026943 135.104966 13.747801
v 32.380674 129.737687 13.499126
v 36.052923 144.571671 6.784244
v 36.367967 139.901047 8.791165
v 36.138981 135.013322 9.253862
v 36.005584 130.250474 8.323121
v 35.799877 142.825547 -3.199066
v 34.200907 141.947526 -10.068051
v 38.834548 139.140641 -0.218996
v 38.997105 134.454545 3.595010
v 39.455774 130.107651 3.907696
v 35.414632 137.098710 -7.380420
v 38.230124 133.160508 -5.001718
v 39.659357 129.147156 -4.018297
v 35.770357 143.815385 -16.650749
v 32.261641 142.968369 -28.865782
v 27.966936 140.961655 -35.371521
v 37.152994 137.984803 -15.373778
v 38.183109 131.479020 -14.099444
v 38.330125 125.481797 -13.663637
v 33.363227 138.633317 -27.851006
v 35.034286 132.364213 -26.236842
v 36.412922 125.775620 -24.116925
v 30.036796 136.080521 -34.548287
v 32.158099 130.488969 -33.473524
v 33.838281 124.680604 -31.936843
v 23.396840 138.559800 -40.492347
v 17.901264 135.685838 -43.305590
v 12.309313 132.747422 -45.754173
v 6.181679 129.595383 -46.272409
v 25.820348 133.554185 -39.988084
v 28.150037 128.202164 -39.222822
v 30.541809 122.742799 -38.248134
v 20.381703 130.696915 -43.316433
v 22.938672 125.462067 -43.083561
v 25.346959 120.124131 -42.155469
v 14.592433 127.763718 -45.728091
v 16.937186 122.540925 -45.208644
v 19.424243 117.320634 -43.984112
v 8.189304 124.695206 -45.587840
v 10.478934 119.688004 -44.659007
v 13.184928 114.605881 -43.870889
v 1.598617 121.736649 -44.455082
v 3.606023 116.915452 -43.487579
v 6.579548 111.475419 -42.393003
v -5.707086 119.007401 -41.195027
v -3.703067 114.527879 -39.641343
v -0.404691 108.985429 -38.301709
v -10.131474 118.646088 -37.151154
v -7.330808 114.898270 -35.628261
v -2.661721 109.459138 -34.134989
v -13.908800 125.079453 18.126611
v -11.373576 119.041077 17.795202
v -8.630719 113.461060 18.124786
v -18.954274 122.742844 12.276760
v -16.084279 117.776139 12.410773
v -12.073679 113.461777 11.708478
v -20.876085 122.212876 6.029105
v -17.642945 118.086900 6.614576
v -14.354700 113.636948 6.193456
v -21.757836 121.995194 1.426481
v -19.072493 117.769700 2.283624
v -17.925961 113.359284 3.555322
v -17.335508 122.648148 -31.624524
v -21.894296 121.378220 -30.012347
v -14.548446 121.489457 -33.727403
v -25.180437 120.088105 -24.581118
v -29.139858 118.375932 -15.560435
v -27.141220 119.780686 -7.057374
v -23.560215 121.350449 -2.407977
v -22.022271 117.038590 -1.552739
v -20.176705 112.832947 -0.950641
v -25.646816 115.946213 -6.027044
v -24.069347 111.178315 -5.331369
v -27.155012 114.947190 -14.542309
v -25.222192 110.804917 -13.867663
v -12.893375 117.253129 -32.200248
v -9.452662 110.527894 -31.738518
v -17.686030 117.752106 -31.300514
v -21.700058 117.920426 -29.635484
v -24.030987 116.176545 -23.459405
v -16.938792 112.193894 -30.624860
v -21.046529 112.153764 -28.210870
v -22.502551 111.903519 -21.987432
v -0.051317 109.607255 21.764214
v -2.881764 107.668412 23.296835
v -4.103982 106.826203 26.901942
v 2.096326 108.295899 32.625378
v 9.840941 111.968003 35.723569
v 18.719624 117.261948 36.973910
v 25.961158 121.053849 34.678310
v 32.113387 123.594437 28.991909
v 35.899919 125.079148 21.533094
v 37.027462 124.651902 13.431505
v 36.827205 125.354356 6.181413
v 38.583698 124.217026 2.170617
v 40.571858 123.872300 -3.602225
v 39.406696 119.117661 -11.434435
v 38.154115 120.068711 -22.733030
v 36.007606 119.306580 -30.789543
v 32.628199 117.535325 -36.992988
v 27.669778 114.950028 -40.880591
v 21.947361 112.355515 -42.432792
v 16.143280 109.511491 -42.980905
v 10.106224 106.715882 -41.176480
v 3.964220 103.967210 -36.902996
v 0.770008 104.974580 -32.577002
v -5.408982 105.479310 -31.402256
v -14.796235 106.880860 -30.102410
v -19.207135 107.161149 -27.461985
v -22.731257 106.444779 -24.175717
v -23.372791 109.315842 -24.605525
v -21.371379 109.294633 -20.995833
v -23.189626 107.857484 -13.533053
v -20.344592 106.653702 -20.947940
v -21.494347 105.184678 -13.489488
v -21.669822 108.346925 -6.030023
v -20.019863 105.301713 -6.048972
v -18.646671 109.648988 -0.842434
v -17.178091 106.350754 -0.230044
v -17.812705 110.293046 3.766160
v -14.870819 108.233933 6.045709
v -9.093019 109.367417 10.797904
v -5.991471 108.751206 18.028314
v 6.528914 99.428483 -28.934294
v 9.108307 98.398865 -34.615061
v -2.073403 100.565293 -30.458830
v 13.722742 101.739533 -39.709232
v 19.153922 104.979478 -41.586036
v 24.402230 107.824097 -40.748807
v 29.677391 110.339341 -38.976697
v 34.371891 112.642915 -35.559877
v 38.786117 114.835404 -30.419761
v 40.960532 115.129502 -22.372786
v 43.027402 113.405228 -11.373337
v -11.201084 100.426606 -28.564298
v -17.578712 101.927018 -25.916847
v -22.757358 102.915375 -22.470138
v -20.879359 103.575425 -20.119911
v -19.353056 102.533799 -13.378150
v -18.579387 102.136582 -6.521560
v -15.926990 101.989152 -0.293331
v -13.821241 103.535722 7.093810
v -6.273183 105.664231 9.512133
v -4.027293 104.669114 16.929035
v 2.485999 106.057481 21.149568
v 0.702169 103.932313 23.418995
v -0.625576 102.693604 26.684222
v 4.406771 104.894837 31.863808
v 11.654877 107.682908 35.228873
v 21.199169 112.136109 36.794167
v 29.141697 115.626542 33.982577
v 35.012643 118.366013 28.280546
v 38.517543 120.034470 21.044479
v 40.065282 120.996232 13.579367
v 39.093214 121.643067 6.293789
v 38.373129 118.821625 1.180414
v 40.042084 118.744401 -3.794908
v 38.358339 110.782655 -3.016396
v 38.365132 111.962815 -4.816788
v 37.359963 113.520112 -2.668937
v 38.312893 112.034348 -1.355152
v 41.131416 113.348191 -7.073303
v 39.140369 116.758530 -3.372345
v 39.368247 114.038865 -0.000750
v 41.751156 111.686143 -4.637344
v 42.497356 115.658189 4.192678
v 42.021284 116.984360 11.619078
v 41.694806 115.399934 19.803761
v 38.399720 112.967576 27.073577
v 32.496500 110.275162 32.796430
v 24.767097 107.190415 35.669155
v 16.065965 104.032487 35.086380
v 8.394783 101.156373 32.479056
v 4.082553 99.055878 26.669550
v 4.545563 100.027055 23.377382
v 6.146036 101.972611 21.173953
v -1.260998 101.402085 15.730378
v -4.957047 101.225800 9.552099
v -13.077736 99.459107 7.424027
v -14.310997 98.391450 1.208825
v -17.984822 99.083329 -3.181240
v -17.200321 96.292451 -2.833246
v -17.027203 99.430985 -7.292587
v -17.386095 99.592606 -13.132078
v -15.420130 96.718552 -7.210055
v -15.272108 96.854554 -13.053980
v -19.040296 99.573106 -17.926703
v -17.575874 96.211869 -16.611175
v -22.489398 99.087235 -19.288034
v -20.408560 95.226273 -17.178463
v -17.136670 98.187455 -23.514947
v -16.300747 94.429215 -21.631362
v -10.550304 96.655442 -26.779346
v -9.566649 92.876389 -24.843280
v -0.963698 96.895890 -29.852565
v 1.146839 93.473283 -28.623474
v 8.086706 96.965928 -27.799502
v 11.658718 94.803422 -25.161545
v 11.633138 96.383866 -33.696587
v 15.734690 93.424348 -31.678332
v 16.057410 98.912614 -38.996981
v 18.648413 95.709611 -37.727951
v 21.609487 101.458527 -40.122017
v 24.034489 98.447861 -38.362346
v 26.586752 104.004624 -38.857338
v 28.850337 100.532578 -37.285488
v 31.557334 106.247880 -37.190965
v 33.592093 102.637467 -35.509934
v 36.280443 108.516862 -34.245162
v 38.197117 104.922105 -32.683854
v 40.549432 110.776414 -29.845780
v 42.415745 107.439698 -28.584816
v 43.155656 112.084855 -23.378865
v 46.087152 109.795319 -23.150823
v 43.847309 110.805100 -7.709533
v 45.957798 109.295579 -14.981115
v 44.224526 111.673264 -16.853308
v 44.025041 109.630448 0.745404
v 44.948771 106.175843 -4.425400
v 48.052580 106.435044 -12.788066
v 49.539061 103.931214 -17.728413
v 46.666148 106.681565 -19.306055
v 48.273788 108.102250 -22.552532
v 51.175589 105.676102 -19.800781
v 44.293842 104.600022 -26.924187
v 47.136038 101.844559 -24.231944
v 40.258410 101.638688 -30.864301
v 42.613180 98.001069 -28.744202
v 35.570024 99.203919 -33.643596
v 37.647099 95.362672 -31.770986
v 30.869702 97.310746 -35.815044
v 33.091092 93.220612 -33.766770
v 26.045832 95.903580 -37.025654
v 28.757663 91.459489 -35.024040
v 20.135151 93.350281 -36.957123
v 23.333738 89.151459 -34.624641
v 17.377362 91.415940 -30.981372
v 21.864207 87.630280 -28.573086
v 15.827528 92.347260 -24.764472
v 20.452973 88.539780 -23.459893
v 7.545820 90.097398 -25.618783
v 14.366901 85.682832 -22.382155
v -3.327581 89.395447 -26.084147
v 4.816493 85.391083 -24.887551
v -4.517575 85.785615 -22.756367
v -1.037278 83.418671 -24.891615
v -10.682619 89.567536 -20.951019
v -15.781876 91.410859 -19.298897
v -18.341312 92.579102 -16.225253
v -15.213033 93.541276 -16.069077
v -14.117909 93.846177 -12.707194
v -13.908215 93.002381 -6.866999
v -15.223989 92.670457 -3.236378
v -12.993989 94.837556 1.235565
v -13.955153 94.803025 6.885387
v -4.036197 96.688584 9.439395
v 1.380659 96.816209 14.614694
v 11.824924 97.093827 21.097960
v 9.217880 95.728379 23.377703
v 8.602632 95.399552 26.414330
v 13.147405 96.939774 32.004420
v 20.273387 99.282410 34.281183
v 28.670942 101.930375 34.003584
v 35.898026 104.523972 31.435156
v 42.440803 106.985276 25.357408
v 45.531156 109.714677 18.249713
v 46.649725 110.988938 10.117649
v 48.577131 105.302872 3.580213
v 48.119713 101.612107 -1.125739
v 48.900374 105.111832 8.495536
v 51.510324 106.381730 9.026623
v 50.292878 109.220048 10.732806
v 48.473468 105.893662 16.527610
v 50.985160 102.110215 15.610403
v 50.743639 101.436723 -10.077295
v 52.123468 101.407761 -15.188052
v 52.813024 102.714020 -17.293937
v 50.024528 99.303559 -21.810724
v 45.598980 93.750733 -26.098133
v 39.880424 91.024628 -29.536448
v 35.015030 88.771073 -31.345667
v 30.799659 87.011719 -33.042535
v 27.068698 85.540147 -32.395266
v 25.641343 84.667130 -26.182621
v 25.185176 85.160737 -20.736066
v 20.874172 83.238007 -18.332818
v 11.626356 81.765855 -22.162636
v 17.314036 78.510422 -19.119044
v 5.264274 80.884858 -22.928226
v -0.107335 79.797181 -24.101286
v -4.384061 81.755952 -20.227472
v -9.353881 84.235032 -17.335282
v -13.373690 87.186997 -16.361050
v -14.061904 89.667710 -15.699240
v -13.862925 91.052979 -14.735775
v -13.820365 90.936845 -12.407748
v -12.908376 90.336884 -7.851056
v -12.880805 89.765107 -4.673843
v -11.484752 91.520753 0.694749
v -10.186981 91.067673 4.353742
v -4.597798 92.004563 7.726738
v 1.039152 92.646668 12.007396
v 6.408034 91.045914 16.350884
v 4.658853 94.243638 16.841051
v 17.006905 92.651780 21.534252
v 13.135866 91.547013 23.367405
v 11.723647 91.008469 25.726548
v 12.546008 91.522172 18.460585
v 8.386962 94.833329 18.928665
v 16.860224 92.922745 31.103102
v 24.125550 94.133256 32.567372
v 32.697951 96.619218 32.602409
v 38.641125 98.659440 30.442982
v 44.162563 101.167802 25.979136
v 46.874450 102.278916 22.238881
v 45.768696 105.142991 21.637430
v 30.121128 80.952836 -15.530198
v 26.070255 80.153794 -14.630310
v 26.495731 74.579697 -12.091236
v 31.755680 79.616471 -20.317678
v 32.256169 79.609254 -28.580397
v 35.350992 81.038987 -29.317771
v 38.398652 83.150223 -27.992829
v 42.473530 85.290391 -26.407120
v 48.203613 89.260850 -23.460912
v 52.404284 92.871751 -19.651340
v 55.901178 98.617295 -14.856408
v 54.565483 98.458726 -13.087567
v 52.725007 97.625016 -9.099475
v 50.370788 98.433518 -0.620937
v 50.939768 99.642503 7.620143
v 50.739460 99.434861 4.111717
v 53.076158 102.010239 7.866487
v 53.531875 98.693864 13.658849
v 49.983534 97.373673 20.757379
v 46.480128 96.500138 25.357552
v 41.868240 94.378861 29.141643
v 35.216563 92.260087 31.472298
v 27.701443 89.797135 31.612394
v 21.726984 88.863236 30.273124
v 15.569876 87.642289 25.703656
v 15.765763 88.327927 23.392760
v 17.371789 89.339341 21.177011
v 14.916015 87.712235 17.597091
v 9.612809 86.764451 17.320596
v 5.224577 88.552216 11.612275
v 6.688206 85.624436 13.445779
v 0.932116 90.230851 11.937914
v -4.079072 89.115678 7.597479
v -8.030927 88.687119 4.275704
v -9.775613 89.225938 0.456224
v -11.390367 86.827286 -4.584529
v -13.610552 87.187180 -8.285814
v -13.389267 86.639649 -11.788165
v -12.134919 83.171647 -14.746948
v -9.168099 81.104737 -16.520015
v -4.172144 78.809815 -18.898380
v -0.632920 76.684952 -22.569512
v 4.707566 77.094819 -21.112721
v 10.934678 76.050431 -19.576941
v 15.946500 74.203965 -18.631781
v 20.744010 74.838410 -14.984759
v 19.323141 73.011445 -15.325880
v 24.853040 72.086274 -11.773429
v 22.096113 68.943116 -13.017258
v 32.791411 75.518250 -7.457417
v 30.215181 79.878373 -10.008103
v 32.459195 80.157792 -11.449172
v 35.128700 75.467377 -12.753518
v 35.088139 74.315095 -19.669969
v 34.919018 77.905289 -21.876105
v 33.600798 77.601395 -27.275091
v 34.144406 73.110307 -25.767493
v 36.841771 78.536774 -28.285397
v 39.259940 74.746094 -25.854328
v 39.952301 80.300767 -26.734425
v 41.595212 76.403641 -24.941707
v 43.446962 82.753678 -24.988847
v 49.033376 86.584061 -22.390473
v 46.116536 78.649247 -22.233782
v 51.887828 82.521394 -19.211915
v 53.463865 90.159409 -18.627315
v 55.455673 86.182236 -16.363479
v 57.102126 95.697190 -13.916756
v 58.968431 91.780137 -11.616695
v 55.322714 96.008317 -11.671691
v 56.805279 92.761521 -9.730988
v 53.976557 95.207459 -8.902002
v 55.215223 92.070588 -7.480688
v 52.281407 95.401017 -0.584001
v 53.687083 91.871995 -0.244825
v 51.893862 96.017777 4.240879
v 53.207985 91.347153 4.107941
v 52.115295 96.584763 7.621123
v 53.911287 92.091157 7.115233
v 54.347773 99.713242 7.406691
v 56.265943 94.535096 6.831974
v 55.300447 96.687546 11.781571
v 57.439186 93.281144 10.584887
v 52.282776 94.792863 19.009134
v 53.967716 91.332749 18.314101
v 43.728823 92.520509 28.465500
v 37.030252 89.702363 30.406978
v 48.403689 94.145615 24.253419
v 50.477370 90.270615 23.137676
v 46.167442 88.331345 27.450179
v 39.070935 85.703294 29.250087
v 29.097842 87.615311 31.134225
v 32.364174 83.884309 29.731485
v 25.180221 86.257432 29.163274
v 29.050890 83.618073 28.370026
v 18.308501 85.156510 25.685011
v 22.527230 81.691300 25.302724
v 17.046470 85.654694 23.075487
v 20.691956 81.308640 22.386809
v 18.494489 86.238007 20.497481
v 20.142120 82.806535 20.064201
v 15.573862 85.486192 17.384460
v 16.206723 82.511979 16.724400
v 12.010529 84.792191 18.158219
v 12.347346 81.948945 17.834900
v 7.636197 83.278641 16.175742
v 8.146711 80.494035 16.492467
v 30.091491 70.320664 -10.347081
v 28.048559 66.272050 -10.605614
v 25.296658 63.265855 -11.321727
v 34.922199 70.492982 -7.383891
v 37.548422 70.763169 -10.925115
v 36.359870 69.068574 -17.532393
v 37.259566 67.409348 -23.657265
v 42.731847 68.725999 -22.178900
v 55.279139 86.338059 5.909937
v 54.460738 85.765748 4.683514
v 55.198801 87.429032 0.920905
v 57.399633 88.479264 -4.950556
v 59.238423 88.790131 -6.632238
v 61.541859 89.048280 -7.995212
v 58.290387 89.565842 5.590736
v 59.610925 89.144639 9.122811
v 46.168644 71.729264 -20.786907
v 49.618967 74.944916 -18.685318
v 54.681305 79.795640 -16.290511
v 58.345857 83.665177 -13.260433
v 53.274618 84.964982 21.460746
v 48.710546 83.305039 25.643767
v 56.754458 86.608445 16.481782
v 38.351514 79.670792 26.840075
v 42.317941 80.200486 27.460879
v 33.442484 79.841523 26.048614
v 27.606768 78.457871 24.574854
v 24.513763 77.906266 22.581360
v 24.383751 79.415452 19.430011
v 22.910298 80.222367 14.164472
v 17.095448 79.940079 14.197991
v 10.982556 79.440110 17.548997
v 13.664237 77.883683 15.614511
v 8.448072 78.375504 16.316579
v 57.037305 85.984940 4.076302
v 55.416475 84.533967 3.894947
v 56.042561 84.997086 2.011940
v 58.485237 87.245255 -2.585600
v 60.165420 87.885422 -4.772785
v 62.707413 87.132951 -6.622799
v 59.260448 88.134537 4.615235
v 60.905530 87.056260 6.913141
v 57.530804 85.425584 2.423768
v 59.064959 85.954392 -0.245793
v 60.554947 86.209214 -1.635083
v 63.050011 85.458497 -3.663345
v 59.141413 86.551179 3.257773
v 59.938197 85.854951 2.129001
v 61.301317 85.294327 0.639790
v 62.906109 84.466874 -1.526110
v 61.338264 86.221635 4.922065
v 62.132293 84.554688 4.207831
v 62.520299 84.508836 2.422738
v 63.453614 82.718568 1.371848
v 29.843603 77.458741 11.556774
v 29.889377 76.495316 17.046035
v 29.797247 74.731919 21.064914
v 32.386446 75.060303 23.916076
v 38.248326 72.413178 9.445074
v 35.266769 72.806123 15.161005
v 34.091094 71.536942 19.607378
v 36.098605 71.132004 22.510105
v 40.524632 70.323991 -6.177602
v 38.000495 70.213639 -2.347330
v 44.186011 69.162812 -3.188058
v 41.349805 70.684541 1.772372
v 35.295994 71.995118 4.737748
v 39.545408 71.534180 5.479140
v 39.482593 67.430726 -11.205530
v 43.689895 65.800248 -7.885381
v 41.220589 61.217927 -14.935411
v 38.421601 64.631135 -17.066161
v 41.949895 64.091492 -21.038038
v 44.482274 59.914582 -17.395605
v 47.468402 67.674699 -18.708945
v 50.236450 64.104523 -14.943776
v 52.086956 71.729356 -15.996760
v 54.821729 68.260407 -12.630084
v 56.769383 76.214906 -13.579949
v 58.749065 72.523469 -10.468690
v 60.635182 81.125550 -10.596473
v 62.129568 76.594559 -8.312265
v 62.712844 81.944321 -7.869217
v 63.202631 84.161134 -6.584933
v 63.894853 79.673508 -6.390618
v 64.283085 82.471696 -4.542270
v 36.311127 76.623582 24.870836
v 39.772962 71.912858 23.173724
v 40.601629 76.752946 25.575047
v 44.362595 72.076371 24.487172
v 45.494015 77.431031 26.128714
v 49.228334 73.319413 24.017240
v 50.944659 79.795472 24.227310
v 53.863849 75.271424 22.175114
v 55.052274 81.955979 20.281443
v 57.559198 77.594407 18.539921
v 58.232590 84.114396 15.602969
v 60.373784 79.876893 14.378488
v 62.364185 81.924088 9.555394
v 60.873529 84.748276 10.170441
v 66.141037 78.759736 2.395389
v 66.637610 78.192429 -1.522987
v 64.150111 77.058686 8.441947
v 63.270656 74.104234 12.099238
v 60.855391 71.764512 15.857978
v 48.284869 67.502656 22.366959
v 52.594596 68.750077 21.792739
v 57.111251 70.207185 19.635831
v 41.532114 66.302323 20.961840
v 44.649831 67.395768 21.404951
v 42.677074 68.582658 9.282434
v 41.254585 67.729020 13.983641
v 40.412246 66.641999 18.381492
v 42.795186 69.453416 6.287329
v 45.178005 67.837723 3.768478
v 47.304788 65.823045 -0.609833
v 47.379816 62.919678 -4.989512
v 46.727847 59.679490 -8.762370
v 49.552003 57.626557 -11.754768
v 53.925332 61.046464 -10.222101
v 57.793452 64.931229 -8.654630
v 61.713837 69.059434 -7.137467
v 64.398140 73.113572 -5.155399
v 65.726813 76.111192 -3.325219
v 69.460683 75.230164 4.656761
v 69.608770 75.066239 2.021604
v 68.735916 73.193238 0.049024
v 68.027372 70.505814 -1.270058
v 65.381706 65.838105 -3.662355
v 61.469014 61.463242 -4.708014
v 59.094347 57.419999 -5.510382
v 53.371314 57.635049 -6.472214
v 67.033485 72.391755 7.220623
v 65.271476 69.323869 10.183183
v 63.998311 66.481614 13.416474
v 60.218204 65.059846 17.593696
v 55.379284 63.958741 20.446693
v 51.691972 63.113465 19.449045
v 45.881687 62.573716 16.241961
v 46.355453 62.348786 19.165194
v 48.629174 63.302415 19.813267
v 46.440387 62.985688 12.445585
v 47.455995 63.843064 7.078664
v 49.932014 61.828782 1.916644
v 50.699585 60.112580 -2.121385
v 51.113782 58.503617 -5.078616
v 50.541328 58.313157 15.312881
v 50.476120 58.979310 18.064922
v 51.332592 57.705552 12.031157
v 52.195602 57.608140 7.556436
v 53.405734 57.053712 3.273277
v 54.013075 56.781266 -0.255131
v 53.774448 57.093232 -2.806318
v 55.990705 55.608338 -3.070987
v 59.104383 54.181855 -3.772009
v 58.553165 52.574181 1.272078
v 57.310983 52.652146 5.151401
v 57.121238 52.285989 8.061011
v 61.938516 51.659455 -1.080993
v 56.415523 52.856644 11.978448
v 55.104544 54.572495 14.968490
v 54.343063 56.492051 17.362319
v 51.727213 60.216279 19.013084
v 53.417537 60.815797 18.746536
v 55.110199 57.674836 17.865121
v 56.618804 58.284379 17.861241
v 62.339945 58.268128 -2.835537
v 64.050751 53.857369 -1.742690
v 56.470786 62.119324 20.096536
v 58.585056 59.200150 18.525929
v 61.204653 63.408601 16.784326
v 62.829436 60.124207 16.227551
v 65.094137 64.351762 13.027923
v 65.996719 61.503999 12.926389
v 67.126887 66.327470 8.985205
v 70.030193 62.679398 8.045305
v 69.216302 69.634110 6.671975
v 71.534988 65.473008 6.962103
v 71.329367 72.402085 5.199717
v 72.070881 68.826142 6.292580
v 70.898640 71.968568 2.772968
v 70.261509 70.794221 1.404299
v 69.806862 68.423951 0.434898
v 72.207554 68.122361 5.450601
v 67.628617 64.512742 -1.509457
v 70.583402 63.488236 1.495841
v 68.215519 58.643723 0.097592
v 67.192704 54.037827 1.165217
v 58.539244 54.246918 16.386541
v 61.486633 55.132287 15.833901
v 65.027551 56.548516 14.506938
v 67.719750 58.093209 12.145823
v 72.814251 58.776505 7.595807
v 73.305882 61.608414 7.345133
v 73.532384 65.114716 7.845194
v 73.916253 65.066361 7.212299
v 72.951813 62.487305 4.794735
v 71.598201 57.827981 3.219560
v 70.142957 52.922478 4.012470
v 63.661313 50.131882 1.145357
v 66.209273 47.974587 3.800286
v 61.087163 50.156373 3.959186
v 64.006911 47.979722 6.413033
v 60.257670 49.986748 6.710178
v 60.355864 49.658913 8.994006
v 59.817629 50.402650 11.810871
v 59.019550 51.743912 13.995796
v 65.755782 47.018914 8.417608
v 65.294469 47.202950 10.226793
v 65.164010 47.859437 12.157562
v 62.385752 50.521767 14.039873
v 74.410634 61.865891 7.114593
v 74.547955 59.368241 6.532728
v 74.182679 55.955758 5.987205
v 73.353109 52.096764 6.215919
v 71.947719 46.825349 6.348009
v 74.428873 55.996148 7.756815
v 74.085603 51.902009 7.414716
v 73.118032 46.682893 7.306396
v 71.081274 55.222344 9.957103
v 66.950218 53.309190 12.766976
v 72.309167 52.355042 9.173373
v 69.072667 50.041947 11.285199
v 70.579959 46.327203 7.906321
v 68.304863 46.703416 6.815562
v 72.251410 48.883446 8.899142
v 70.605120 47.426163 9.723633
v 24.466473 73.516297 12.473091
v 27.853836 73.033219 10.303307
v 19.631461 73.022294 13.880609
v 14.117211 74.088486 12.508610
v 34.042992 67.587525 7.211038
v 38.331839 64.035249 -1.303678
v 38.468874 62.800309 -7.285095
v 33.032876 64.586289 -9.704480
v 30.387256 62.121583 -9.803853
v 26.968434 59.279298 -10.474971
v 21.313982 57.841874 -8.913895
v 20.888546 60.998856 -9.759279
v 20.234082 65.861771 -13.186051
v 18.406503 69.237260 -15.465011
v 16.145092 70.427628 -18.052565
v 12.081635 71.207688 -17.966502
v 7.385710 72.868546 -17.839053
v 7.064270 74.967454 -20.096237
v 4.178645 75.172196 -19.519513
v 0.007138 74.161149 -21.516931
v 4.082013 72.188309 -15.829920
v -0.120631 70.460862 -19.693178
v -2.784453 74.582688 -18.538350
v -2.365574 70.918458 -16.574897
v -7.460407 72.689851 -14.019673
v -7.855561 76.101029 -15.890986
v -10.674275 73.811997 -11.208583
v -11.426366 77.771561 -13.113963
v -12.754350 81.598679 -10.323813
v -13.203192 83.100556 -7.151869
v -11.901547 77.878556 -8.354777
v -12.759595 79.577195 -5.075245
v -11.750226 84.284699 -3.742631
v -12.520755 80.863023 -2.395158
v -8.522493 85.871629 -0.003058
v -8.613933 82.281327 -0.655029
v -6.085627 85.979798 3.393401
v -6.781460 82.223496 2.366805
v -3.600209 86.270829 6.883469
v -1.905947 82.745866 5.209116
v -1.075166 87.915787 10.989675
v 2.332540 84.418900 8.363501
v 2.025236 87.074021 11.155176
v 3.815574 84.120438 10.165365
v 6.329105 82.052415 12.175441
v 6.753576 80.318497 12.486781
v 6.768537 77.594773 12.827862
v 11.152122 73.941575 15.803099
v 11.300322 76.343552 16.260905
v 8.034794 74.698807 15.588603
v 6.417752 74.014603 13.167751
v 8.257195 73.806916 10.949161
v 8.182736 76.985795 10.951090
v 8.215235 80.122330 10.409348
v 6.809550 81.621506 9.998515
v 5.040002 82.392045 8.479221
v 4.606823 82.624833 6.818968
v 1.952272 81.971802 4.125320
v -3.222624 80.439484 3.902360
v -2.142729 79.349046 4.176998
v -6.265780 79.851426 2.267194
v -8.326507 80.168870 0.096936
v -9.174315 79.999955 -3.004994
v -13.287297 78.144273 -2.341078
v -11.031476 76.616975 -6.178433
v -10.036348 73.239167 -8.293682
v -7.508357 69.354386 -11.849767
v -2.242686 68.611069 -15.422751
v -0.367565 68.180405 -17.357899
v 3.310392 69.715379 -13.591625
v 7.960625 71.109040 -13.011598
v 10.128739 68.986192 -15.652140
v 13.996747 67.987641 -18.268114
v 17.698244 67.181168 -16.467505
v 18.541376 64.183152 -14.684317
v 17.506107 60.424241 -11.077025
v 18.630299 56.797189 -10.488341
v 20.683653 52.968194 -8.178886
v 16.848309 53.890229 -9.680024
v 26.177067 52.564881 -9.656484
v 30.967256 55.122559 -9.065916
v 32.898798 59.101121 -10.422493
v 36.561645 61.327927 -6.575606
v 27.403830 50.065095 -9.136455
v 31.776236 50.986214 -9.580854
v 33.603184 53.329880 -10.771913
v 37.673945 56.620995 -6.465703
v 22.695168 49.577241 -5.784762
v 21.379318 49.106873 -2.353943
v 17.136235 51.636849 -3.185164
v 21.682283 48.843941 3.562289
v 17.142624 51.013123 2.643886
v 22.205892 49.548096 7.292180
v 17.606890 51.959046 6.742701
v 22.909871 52.988465 10.443301
v 19.932283 55.574891 9.463395
v 18.633763 70.268082 10.489883
v 13.343961 70.885560 11.196166
v 22.661580 68.245805 12.617085
v 24.751664 65.136903 13.090417
v 29.817802 63.638566 10.385796
v 33.768017 58.759171 9.041579
v 35.387413 63.153214 6.959529
v 39.698356 59.466294 1.474052
v 39.424538 54.135773 5.908737
v 40.039824 58.546090 -7.683091
v 41.367892 53.038392 0.596724
v 40.514242 56.583138 -0.428225
v 40.995354 55.078278 -7.399160
v 38.133125 54.526307 -6.309135
v 34.601549 50.648713 -11.122973
v 32.445655 48.563828 -10.885023
v 29.288594 46.781670 -8.507693
v 26.187117 46.822320 -4.930114
v 41.645614 51.683930 -7.226892
v 38.585848 51.732453 -6.340157
v 36.430566 48.438042 -10.197251
v 34.023371 46.164147 -11.258588
v 31.416551 44.709069 -8.931101
v 29.193476 44.450532 -5.440711
v 25.216832 46.869622 -1.546504
v 29.298329 43.826707 -1.226519
v 25.976600 47.198029 4.107066
v 30.984357 44.264840 4.466288
v 25.290325 48.497803 6.864146
v 31.060089 45.598572 6.553042
v 26.889296 51.543458 8.937008
v 30.835937 48.483887 9.168888
v 28.708747 57.850205 11.746321
v 31.796114 52.822694 11.767392
v 26.187267 60.093690 10.122302
v 22.330119 63.512238 10.532070
v 18.172301 65.764176 9.997732
v 16.939208 58.589356 8.648019
v 12.603221 54.418633 5.803510
v 12.866387 53.622849 2.693520
v 14.011339 53.931168 -4.033589
v 14.331790 66.650986 8.833579
v 14.088138 60.859116 8.012106
v 11.702435 55.337548 6.203339
v 9.010507 56.430100 5.958547
v 10.603474 58.892922 9.240154
v 12.102992 65.144746 9.859879
v 12.150101 69.628648 12.290434
v 11.064356 54.942071 2.844048
v 8.658219 56.199647 2.798772
v 12.146761 55.476395 -4.035520
v 10.604139 57.094376 -4.327021
v 13.291083 55.189576 -10.047913
v 12.042010 57.043122 -10.472984
v 16.936849 55.011483 -12.565346
v 16.871242 56.834626 -12.807891
v 16.325252 59.515427 -13.146543
v 18.017908 62.406235 -15.451429
v 14.658237 65.039063 -18.444426
v 17.273071 64.239320 -17.373855
v 10.361625 65.255860 -15.926102
v 9.270957 59.100251 7.815969
v 8.866916 58.221108 5.953574
v 5.930727 57.674783 2.919767
v 8.395666 58.618615 -3.474530
v 11.715285 59.568467 -9.855115
v 11.182533 65.263871 13.241925
v 10.330425 61.023774 13.639802
v 11.109012 69.090836 14.411476
v 9.236451 71.530122 15.876763
v 7.523522 71.887391 15.368384
v 6.423267 71.184907 13.412396
v 8.652669 70.788377 10.721670
v 8.081467 66.485047 10.811836
v 6.171217 67.336320 13.375743
v 7.090086 68.388108 15.160787
v 8.524857 67.979234 15.756245
v 8.146463 62.035859 15.720731
v 6.540064 63.001389 15.355110
v 5.522649 62.842805 13.703389
v 6.628598 62.469376 11.028943
v 9.262911 60.984727 9.090721
v 10.604749 65.199830 8.635591
v 10.585691 69.844956 8.588868
v 10.874446 73.237412 8.600518
v 10.555275 76.389634 8.730793
v 10.622396 79.716813 7.846202
v 8.970069 80.981156 7.730026
v 8.175618 81.703599 6.677593
v 7.832068 81.504700 4.927846
v 6.472045 81.533143 3.104684
v 2.869349 79.615647 3.057420
v 9.745862 61.869065 6.542042
v 7.482964 59.533372 9.816381
v 9.122064 56.854310 9.834890
v 7.464806 57.256547 10.146346
v 5.234145 57.786027 11.789119
v 5.381470 59.680222 11.789687
v 5.230090 60.393342 14.474187
v 4.804432 58.449708 14.491108
v 6.648712 60.350205 15.895353
v 6.356422 58.330819 15.978978
v 9.191532 58.317483 14.830684
v 8.353140 56.932984 15.469395
v 10.144335 56.819680 11.395333
v 9.750780 55.256844 12.909335
v 9.208679 60.801530 4.687542
v 7.791812 59.709962 3.905680
v 4.101997 58.748070 3.823005
v 5.285262 60.031846 5.504107
v 5.380396 59.603867 -0.494806
v 7.047380 60.907258 -3.983253
v 9.469676 60.473237 -5.506932
v 11.863128 61.359071 -9.414800
v 15.132133 52.424317 -11.972909
v 11.818159 53.188607 -13.109781
v 10.920862 55.621247 -13.430805
v 10.557827 58.787186 -13.214774
v 10.481095 61.053315 -13.162075
v 16.952915 52.941460 -14.349679
v 17.068533 55.738168 -15.886073
v 16.901331 58.172852 -16.612670
v 16.998303 60.434983 -17.016136
v 16.460312 61.941666 -18.084934
v 14.503727 62.767625 -18.464493
v 10.895470 62.520951 -16.757594
v 10.961665 64.387315 -12.085204
v 12.038197 64.485032 -8.043238
v 9.073072 62.836167 -6.256723
v 6.276544 63.328553 -4.200643
v 4.039815 61.336533 -1.434135
v 2.693987 60.981278 3.238983
v 3.698407 61.811539 6.081612
v 7.685265 62.043992 3.980534
v 5.401862 63.111298 5.892158
v 9.558044 64.006837 5.625071
v 10.033418 66.632554 6.695493
v 10.125705 69.229508 6.120882
v 8.103075 64.998063 4.060957
v 5.492727 64.948869 5.705645
v 8.001830 67.518693 3.708775
v 4.752099 67.917908 5.681096
v 3.203228 63.928651 6.025398
v 1.839421 63.125581 3.356790
v 2.579223 63.445481 -1.184693
v 3.663316 64.121003 -4.982355
v 7.921283 65.857529 -6.918716
v 10.121403 66.884583 -8.114980
v 10.429849 67.481736 -11.925884
v 7.797668 69.962113 -11.293071
v 7.444499 68.631730 -9.036923
v 6.125797 67.435593 -8.027552
v 3.889076 66.255296 -6.592549
v 2.223827 65.825089 -1.924118
v 1.462927 65.933793 2.634105
v 2.524638 66.588349 5.116961
v 8.882730 54.167557 10.021172
v 6.947496 54.810288 10.471080
v 4.870403 55.194154 11.723607
v 4.320452 55.700188 14.457000
v 5.048979 55.314225 15.790572
v 7.191364 54.863862 15.923297
v 9.072591 52.736634 13.852937
v 9.206454 51.426751 10.274551
v 6.938747 52.170472 10.267116
v 4.668291 52.455506 11.456169
v 3.544168 53.374429 14.443770
v 4.283559 53.273225 15.780947
v 6.074881 52.467667 16.176410
v 8.069791 50.892716 14.955209
v 8.912428 49.167077 11.518194
v 7.412293 49.278947 9.769647
v 4.088733 50.210618 11.336477
v 2.658675 51.014649 14.122102
v 3.470619 51.093827 15.796473
v 4.986971 50.530030 16.391598
v 6.689568 49.117799 15.848696
v 8.063214 47.231896 12.651208
v 7.122994 47.282700 9.911582
v 4.088832 47.445473 10.514227
v 1.593188 47.027680 13.574945
v 2.178906 47.512933 15.354529
v 3.286216 47.011147 16.394488
v 3.452545 68.585770 -12.167920
v 0.167295 67.051713 -14.614927
v 3.753575 68.204636 -10.690289
v 3.500789 68.111130 -9.182291
v 2.813884 68.563462 -7.249940
v 0.912705 67.011109 -12.242672
v 1.491678 67.827210 -10.128322
v 1.775050 69.756776 -8.021310
v -1.454534 66.627564 -14.381953
v -0.390569 65.645707 -12.757313
v 0.003536 67.037293 -10.333730
v -0.407322 68.691636 -8.199175
v -5.231120 68.251862 -12.086716
v -3.000285 68.107011 -13.650894
v -2.312937 66.492020 -13.124786
v -1.854410 65.440186 -12.100465
v -1.996064 66.918244 -10.152843
v -2.008429 69.311036 -8.237698
v -4.364864 69.481263 -8.210761
v -4.872062 67.007340 -10.126804
v -3.255983 66.648850 -11.449259
v -6.380358 69.208268 -6.854276
v -7.201989 67.626878 -8.597998
v -9.000742 71.174058 -6.271971
v -6.773948 71.731995 -5.560178
v -9.293837 75.360261 -4.887776
v -7.357539 73.998704 -3.359739
v -9.736958 77.886002 -3.540430
v -7.839919 78.848466 -2.950231
v -7.663515 76.000046 -2.362720
v -8.156433 78.291184 0.661214
v -7.017557 77.108262 -1.624985
v -7.669489 76.351975 1.133453
v -5.121767 78.055650 2.532242
v -1.440366 78.470322 3.116055
v -0.637129 77.452653 2.316680
v -4.271047 77.171983 2.957247
v -3.522292 76.311234 3.032072
v -7.248675 74.602708 1.691553
v -6.910382 74.699647 -0.931011
v -6.539320 72.550400 1.951537
v -5.940588 73.135422 -0.690977
v -5.106374 73.428071 -3.657086
v -4.010151 72.211991 -5.799842
v -3.015829 74.451127 2.343486
v 0.202034 75.400971 1.737545
v 2.814635 76.819993 3.538991
v 6.624182 78.615769 2.939221
v 7.701821 79.219132 4.968756
v 9.027346 79.610978 6.514647
v -0.959446 72.312012 -6.939742
v -2.545282 73.164353 -4.206948
v -4.219222 72.327256 -0.925384
v -4.896085 72.139634 1.274202
v -2.222115 73.818604 0.591744
v 0.333725 74.295838 0.301336
v -1.515849 73.782197 -1.483747
v 1.270754 74.679673 -2.625029
v -0.939690 73.928483 -4.039893
v 2.207031 74.553849 -4.734718
v 0.548518 73.361970 -7.134113
v 2.435029 72.455994 -6.812358
v 2.909672 70.118180 -5.189228
v 10.070421 76.519364 6.553661
v 10.675193 73.193635 5.955134
v 1.285264 67.844956 1.265549
v 1.709100 68.233323 -1.252899
v 2.139230 70.425309 -2.496374
v 1.598788 71.131989 -0.547802
v 1.761882 72.463975 0.813077
v 2.400328 70.168793 4.388416
v 2.054147 73.838303 1.702185
v 3.444140 74.575639 3.050938
v 7.001076 75.549058 1.881427
v 8.833525 76.785218 3.618510
v 8.325790 70.826066 2.721745
v 5.236791 70.710953 4.177314
v 15.879360 56.694550 -18.349730
v 15.449882 58.829468 -18.477825
v 12.063168 58.793122 -17.500918
v 11.816842 55.730584 -17.514079
v 12.078768 53.768632 -18.056941
v 15.813099 52.280320 -18.254947
v 15.848826 54.676591 -18.263373
v 12.787351 51.311318 -18.868296
v 10.767914 50.275567 -16.400354
v 11.153492 52.196366 -16.463216
v 11.884899 51.836159 -13.891509
v 11.484795 49.775437 -14.500885
v 14.539029 50.601258 -12.439027
v 14.564029 48.984498 -12.743829
v 16.557488 50.782723 -14.195856
v 16.422272 48.206055 -14.592204
v 16.098453 50.525460 -17.755551
v 16.292523 48.385369 -17.579875
v 13.677433 49.933366 -19.268046
v 14.330848 48.051812 -19.501025
v 10.668629 48.653474 -17.489232
v 10.788126 46.980653 -18.528855
v 11.107453 47.844369 -15.020881
v 10.475817 45.776078 -15.381100
v 14.171407 46.800660 -13.376635
v 12.582898 44.358735 -14.094562
v 16.051318 46.254678 -14.957285
v 15.338913 43.538819 -15.310169
v 16.197510 46.527535 -17.833236
v 15.994671 44.142251 -17.837585
v 14.295393 46.286462 -19.632862
v 14.720635 43.698128 -19.697011
v 11.211103 45.315415 -19.404954
v 11.623944 43.363892 -20.131111
v 9.967724 44.478173 -16.564022
v 9.794678 42.603074 -17.284978
v 11.212468 40.824189 -15.212391
v 11.206988 42.959908 -14.796807
v 14.340704 41.913171 -15.024140
v 14.695631 39.909364 -15.275643
v 15.887217 42.455575 -17.315327
v 15.902878 40.250039 -17.549392
v 14.954855 42.197343 -19.898309
v 15.212619 40.336793 -19.966122
v 11.948876 41.371827 -20.525783
v 12.850514 39.494614 -20.997331
v 9.744423 40.767525 -18.100771
v 9.875607 39.025117 -19.057085
v 10.355969 39.639069 -15.644186
v 9.727967 37.761185 -15.729038
v 13.420717 38.338181 -14.430130
v 12.633376 37.046845 -13.892256
v 15.209945 37.800843 -14.429871
v 16.033854 38.382401 -15.575091
v 15.090996 36.586991 -13.630853
v 16.071169 38.384690 -17.638651
v 15.516955 38.429444 -20.072274
v 16.309414 36.261811 -20.009916
v 16.666768 36.335877 -17.348418
v 18.223713 37.539376 -15.017067
v 17.148818 36.466172 -13.478168
v 17.131204 37.380555 -14.388886
v 13.439441 38.050187 -21.390810
v 14.605437 35.922974 -22.006536
v 9.691466 37.418999 -20.154940
v 9.636010 35.495583 -21.475945
v 8.547921 36.434045 -16.225695
v 11.279895 35.294816 -12.885892
v 0.536246 44.023156 12.878263
v 2.727975 44.536820 9.900346
v 1.762112 44.456757 15.281289
v 2.741728 44.016923 16.223745
v 5.336547 46.564645 16.326810
v 5.252944 43.854089 16.316973
v 7.763661 45.419358 13.297097
v 7.796574 43.162110 13.145688
v 6.547594 45.133164 9.858101
v 7.307010 43.401391 10.101145
v 3.684791 43.159928 9.013793
v -0.078893 42.366074 12.010451
v 0.762533 42.225899 15.566588
v 35.457506 52.022332 9.476777
v 33.751820 48.366585 10.397088
v 33.652473 45.731599 8.754390
v 33.193181 42.054467 5.173686
v 39.595480 47.437325 -6.072253
v 38.474896 45.193497 -8.289291
v 42.748443 47.257516 -6.888913
v 35.797056 42.995728 -10.322682
v 33.818081 41.734841 -8.241068
v 31.642137 41.612458 -4.778297
v 32.040431 40.947243 -0.582343
v 39.746626 48.890809 7.631982
v 40.997947 50.106301 5.027143
v 36.858471 47.143311 9.928863
v 35.213928 44.516701 9.195237
v 34.778325 40.925240 7.561312
v 33.565159 38.387238 1.497604
v 34.183438 38.403603 -3.474330
v 36.459600 38.686570 -6.415380
v 38.180942 40.001229 -7.994530
v 39.049836 41.923211 -7.936082
v 40.499330 44.111214 -6.536488
v 43.060424 43.906235 -7.294086
v 42.793350 48.364800 -1.173037
v 43.807057 44.239075 -1.084051
v 42.579243 45.492043 4.341914
v 40.786697 44.643914 7.890788
v 38.424323 43.905595 9.644221
v 36.759973 41.896165 9.763346
v 35.783705 38.841599 8.522247
v 33.001652 37.222924 3.273110
v 32.962735 36.966523 -0.137701
v 34.121506 34.757592 0.113409
v 35.833574 36.154626 -2.895997
v 37.822632 36.322579 -5.218461
v 40.097167 37.431062 -7.235793
v 41.438373 40.495927 -7.899077
v 38.012045 32.419732 -0.438417
v 35.721317 31.579186 2.490092
v 39.978661 32.942017 -3.442546
v 42.240229 34.317261 -6.557105
v 43.249065 38.000291 -7.710952
v 43.942300 40.870339 -6.964088
v 44.628339 40.939759 -1.670391
v 43.739675 41.668999 3.270980
v 42.205783 41.436570 6.871951
v 40.250171 40.872514 8.996132
v 38.449618 39.786210 10.473097
v 36.708439 37.417588 10.286745
v 39.091048 36.988877 11.885025
v 39.998134 38.256745 10.445194
v 41.728347 38.079827 8.870932
v 43.048360 37.775895 6.841365
v 44.548904 37.417008 3.354480
v 45.286593 37.149438 -0.637520
v 45.118873 37.295380 -5.453319
v 44.611226 36.340897 -6.959740
v 44.616290 33.319352 -6.132617
v 41.622787 31.294488 -2.824149
v 39.253414 30.810441 1.216168
v 37.488849 29.472611 4.317882
v 42.054707 36.506440 11.124540
v 43.154365 33.830659 8.050019
v 44.844816 33.171693 3.631639
v 45.414052 33.053971 0.543697
v 45.596226 33.497247 -3.716451
v 46.323432 30.956498 -2.669361
v 45.513196 30.297318 -5.033428
v 43.357839 29.771691 -3.165595
v 42.072027 29.275147 3.204438
v 40.729657 28.057862 5.675084
v 46.367163 30.912095 0.951511
v 46.163430 30.980698 4.129901
v 43.976152 31.274377 8.079358
v 42.826596 34.118958 11.076979
v 42.819284 31.762597 11.074660
v 43.272925 36.223771 12.148854
v 40.515832 36.706368 13.748755
v 45.371581 34.916123 12.840404
v 45.750128 32.207482 13.469589
v 45.215974 36.523652 13.597889
v 47.944381 35.491204 14.676245
v 48.433649 32.118104 15.196344
v 46.956841 36.634080 15.556540
v 42.319456 36.595628 15.506177
v 44.385377 36.536408 17.115637
v 33.970323 36.919495 6.822005
v 33.698050 36.647752 9.212786
v 30.295998 36.707940 1.043155
v 29.925977 36.709115 3.461824
v 32.887440 36.893380 5.051753
v 30.402989 36.682496 6.138551
v 31.195474 34.356606 1.680679
v 32.640895 30.897042 4.399013
v 35.085561 28.319840 4.371155
v 38.424524 27.340272 2.935489
v 42.312809 28.473229 7.414616
v 42.162467 29.111130 10.703525
v 47.765342 29.870957 12.698895
v 44.939275 29.654252 12.578890
v 43.020930 27.117097 9.669962
v 42.568375 27.432885 7.612935
v 47.654584 28.602433 10.481850
v 44.581106 27.911652 11.253276
v 45.591433 29.721459 6.593984
v 43.880605 26.722634 6.176921
v 45.446712 26.815919 8.406308
v 47.805685 30.307908 3.740938
v 48.060294 29.448869 6.534801
v 46.832139 26.858254 7.171020
v 47.859595 30.052857 0.829606
v 48.196042 29.736405 -2.391552
v 47.320477 29.628114 -6.696359
v 45.230577 28.603280 -5.195372
v 44.767764 28.344002 2.339293
v 42.156696 27.222153 4.252054
v 40.163866 26.682404 -0.472533
v 46.159634 26.430749 5.263281
v 44.586190 25.919015 0.978669
v 46.964292 27.117799 2.541342
v 47.030373 26.692948 -0.997877
v 1.995066 41.637681 17.118223
v 4.705418 41.221009 17.145343
v 8.613622 39.923737 13.973186
v 9.198355 40.014191 9.803927
v 13.408069 39.848176 12.498851
v 11.540127 39.369149 15.559700
v 4.639058 37.831223 17.907657
v -1.648657 39.495995 15.856354
v 0.020125 38.633065 18.920378
v -1.737962 39.244950 11.378594
v 5.565951 40.747437 7.198193
v 7.205039 42.831040 8.662812
v 9.009601 41.542130 7.759959
v 6.072251 42.992341 8.392441
v 6.935564 42.227479 6.923458
v -5.844509 38.360421 13.486832
v -5.093254 38.148141 16.196444
v 2.392338 37.248986 20.592036
v 0.242503 37.704896 21.132039
v -1.445960 37.223672 18.999449
v -2.854945 37.611703 16.835894
v 15.934272 39.576142 14.767118
v 14.042947 39.157685 17.733085
v 9.931616 36.021561 17.550591
v 12.611634 36.463990 18.661116
v 6.294447 35.705872 18.037401
v 4.134404 33.924401 20.675627
v 0.695485 35.881799 24.794421
v 2.595003 33.397851 24.690480
v -1.610219 35.521035 29.640523
v 0.552944 32.894929 29.525515
v -3.848624 35.752991 33.427070
v -2.613468 33.213723 33.598463
v -6.583657 35.259858 35.467632
v -5.816218 33.328995 35.368238
v -7.337348 36.049630 34.330428
v -5.323917 36.551316 31.631316
v -3.663271 36.486283 28.510334
v -1.511442 36.533456 23.536733
v -1.390989 34.365487 18.415330
v -2.526830 35.190751 16.608306
v -2.334470 34.406029 22.466067
v -4.678845 34.070290 27.561069
v -6.217438 34.365563 30.253708
v -7.275840 34.442223 33.353735
v -8.336500 34.495179 36.713555
v -7.754661 33.097924 37.058363
v -8.666285 35.165650 36.004347
v -8.011828 33.785317 35.113729
v -9.976055 33.522332 36.386127
v -10.053653 34.270158 37.031709
v -9.526457 34.546883 37.638119
v -8.824694 33.074692 38.492302
v -10.657688 33.171960 38.586042
v -8.543592 32.369828 39.119386
v -11.372808 32.982667 38.217518
v -11.610448 32.674042 37.474430
v 10.140546 38.125352 8.763958
v 13.884243 38.303841 11.483807
v 9.534616 35.391953 9.348926
v 14.254370 35.873467 10.242612
v 16.577965 38.057908 13.867782
v 17.647636 35.742142 12.513080
v 16.902966 39.129922 17.523512
v 17.833584 37.303674 17.996367
v 18.958288 35.150063 17.853882
v 15.252240 38.754761 19.001591
v 14.419080 36.543458 19.914888
v 16.856866 36.962258 20.188400
v 17.522233 34.688981 20.442071
v 14.966297 34.131242 20.810145
v 9.811655 33.561806 18.576589
v 7.437336 33.457406 18.673846
v 12.480065 33.650086 19.730650
v 5.606579 32.982293 22.755203
v 4.253166 32.573510 26.621522
v 1.877342 32.369057 31.380592
v -1.721355 32.378701 34.742081
v -4.474427 32.190072 37.999976
v -4.749838 31.904923 40.540716
v 6.977560 35.033265 9.661547
v 6.648840 37.426400 9.282099
v -0.076790 38.028458 10.184258
v 4.217748 38.700364 8.715352
v 3.383072 34.904687 10.409647
v -0.104692 34.106538 11.917315
v 6.677127 39.118562 6.908057
v 6.795503 41.080712 5.858322
v 8.040649 40.839394 3.944989
v 10.859136 39.077454 4.841333
v 11.352408 39.834153 5.453191
v 11.040976 41.015733 5.965842
v 10.162823 39.467271 2.411744
v 9.749106 40.790101 2.554400
v 13.007530 40.415086 2.871051
v 12.270333 41.554215 2.623239
v 14.166766 38.101449 -0.528252
v 13.619451 39.534234 -0.492730
v 10.164774 41.995194 5.778339
v 11.306007 41.213052 1.898953
v 12.321905 39.163674 2.803631
v 13.392952 38.033517 0.442037
v 12.642737 39.261025 -0.348233
v 14.896198 37.517243 -0.728277
v 14.442127 37.740838 -1.726765
v 13.391410 38.019898 -1.668903
v 7.923517 41.914574 5.041214
v 8.928484 41.508996 3.617991
v 11.709925 39.427628 1.202462
v 12.644800 38.436097 0.187204
v 13.057315 36.930329 -0.912746
v 13.805361 37.122147 -0.033003
v -5.489339 36.937920 12.273969
v -4.739355 33.464715 13.219615
v -11.730304 33.035889 14.039752
v -11.359920 35.113786 15.080505
v -11.393399 36.311303 15.766997
v -11.357309 36.812058 18.729248
v -4.635721 36.795869 16.533613
v -2.839057 33.597298 13.853093
v -10.610626 35.831246 18.949252
v -9.508859 33.993081 18.196316
v -15.120920 32.750886 15.172842
v -14.713344 34.686600 16.360317
v -14.565890 35.598778 16.874931
v -14.057154 36.292901 19.672676
v -13.561911 35.242882 20.091571
v -13.165765 33.704713 20.004371
v -15.395667 36.080651 19.432842
v -15.483061 35.855347 17.907836
v -15.913990 34.535752 17.218533
v -16.742561 32.567414 16.810068
v -15.232281 34.708558 20.047713
v -15.105150 32.781373 20.391085
v -16.545880 34.089417 18.998334
v -16.714828 32.611390 19.010262
v 12.760520 36.103310 0.556938
v 13.985503 36.586594 1.087223
v 12.788727 36.507516 -2.676420
v 11.496695 35.794274 -1.262985
v 13.810330 36.947480 -3.777578
v 15.695980 36.943871 -3.247789
v 17.081421 36.899476 -1.430503
v 15.410564 36.876374 1.277886
v 17.523675 36.781602 2.051477
v 9.914196 35.223283 1.602610
v 11.549222 35.376107 2.448651
v 14.081098 35.633446 3.566721
v 15.982732 35.889031 4.341191
v 14.681393 35.337846 8.116242
v 12.466956 35.051408 6.835402
v 6.728693 34.478928 8.331973
v 8.299188 34.618539 7.904590
v 10.320873 34.940377 5.359427
v 8.273052 34.769601 4.040536
v 6.440935 34.463517 5.471272
v 3.049916 33.954835 6.629741
v 18.695883 36.150117 5.663108
v 17.709332 35.686761 9.254411
v -1.571486 33.259721 7.364328
v -6.463952 32.812196 8.417616
v -12.280479 32.644616 10.700990
v -17.867723 32.328362 12.580202
v -20.261943 32.077485 15.598111
v -18.802492 31.349511 18.773805
v -16.245977 31.760819 22.409548
v -12.646248 32.387116 21.549436
v -9.081861 32.665902 19.535545
v -2.083404 33.196809 16.626792
v -3.767839 32.552071 19.964978
v -3.727288 33.016152 16.356136
v -4.263369 32.620782 22.811467
v -6.977688 32.530579 27.303693
v -7.711198 32.581780 30.016830
v -9.010885 32.561272 32.429061
v -9.255892 32.734414 34.190481
v -10.570239 32.664811 35.365737
v -13.174535 31.631921 36.562208
v -7.841869 32.433350 22.321756
v -10.872033 32.326112 25.114136
v -14.094537 32.274918 26.533156
v -10.443871 32.279565 28.300198
v -11.806676 32.304566 29.594302
v -11.360327 32.443284 33.608696
v -15.750101 31.563264 33.389776
v -18.324745 31.620927 29.147785
v -17.990681 30.464013 24.246293
v -18.257541 29.587525 21.159428
v -20.473129 28.894707 19.266250
v -18.950553 27.707352 21.643645
v -21.332326 31.621636 17.216792
v -22.591464 29.343240 18.313399
v -21.981832 32.201157 15.110810
v 28.030343 30.687394 2.046037
v 26.862144 34.351273 1.618838
v 25.815735 36.021638 1.653024
v 23.080628 30.459748 -0.696092
v 22.062309 34.143632 -1.306171
v 21.565497 36.036187 -0.921180
v 18.659283 30.056168 -4.258079
v 17.442176 33.642388 -4.683098
v 17.164292 35.663934 -4.493903
v 15.601957 29.681779 -8.034044
v 14.690939 32.496926 -7.779577
v 15.296053 34.904305 -8.750960
v 14.181945 31.806885 -11.140740
v 17.828883 34.055054 -11.559133
v 14.671334 29.434525 -11.146574
v 13.812840 31.184579 -15.141290
v 16.673503 33.250977 -15.917837
v 16.059183 28.420487 -15.078405
v 15.551606 30.021783 -18.699168
v 16.727192 32.219201 -19.567669
v 18.167950 27.854005 -18.377199
v 17.977903 29.165055 -23.086827
v 17.424057 31.132691 -23.474942
v 19.724421 27.567055 -22.698137
v 18.004734 28.884675 -25.336955
v 17.528989 30.812760 -25.684643
v 19.733628 27.638299 -26.078679
v 16.341806 31.329362 -27.458443
v 13.941504 31.132745 -25.036017
v 14.299015 28.229272 -27.879640
v 12.755574 28.669541 -25.935817
v 16.750140 34.096116 -19.925354
v 17.019823 35.189912 -16.989951
v 16.434225 32.979340 -22.551566
v 14.312812 32.782853 -23.823788
v 13.512029 33.914193 -22.911090
v 10.525010 33.316407 -22.926170
v 10.583142 29.930115 -24.757294
v 7.843803 29.756295 -26.942766
v 6.759828 32.825074 -25.093233
v 5.273779 29.679452 -29.819933
v 4.231904 32.452698 -28.028256
v 2.495580 29.961869 -32.495911
v 1.366109 32.571496 -30.609582
v -0.386486 29.986062 -34.826832
v -1.306368 33.047349 -33.248435
v -3.227768 32.997811 -34.365097
v -2.948753 30.039750 -36.023276
v -4.252038 34.470246 -33.179772
v -2.237549 34.567200 -31.774182
v 5.600899 34.105584 -23.980416
v 2.964369 34.109055 -27.159585
v 0.345378 34.265092 -29.425745
v -5.054968 33.122109 -32.133522
v -2.740587 32.623879 -29.427832
v -0.841841 32.357865 -27.599027
v 1.552893 32.985505 -25.568846
v 3.743067 33.453301 -22.930385
v 7.056542 34.720444 -19.567117
v 1.199636 32.892106 -21.791680
v -0.811751 30.960320 -24.068168
v -2.299442 30.641373 -26.002737
v -4.572346 30.775254 -28.520963
v -7.100016 31.017152 -31.419856
v -7.900902 30.732941 -35.317864
v -5.444709 31.970834 -33.833179
v -4.377315 32.336198 -34.479931
v -4.690887 30.364838 -35.650892
v 3.924496 34.199227 -18.247504
v 5.346490 35.909547 -15.884869
v 17.948090 35.271386 -12.029410
v 14.472562 34.929490 -11.370171
v 20.003155 34.343789 -11.518102
v 19.222294 35.370301 -12.027813
v 18.285473 36.811410 -13.307514
v 18.344443 35.677705 -15.492893
v 18.204296 33.996827 -14.225081
v 19.426538 33.998757 -12.819729
v 20.419025 34.385018 -12.288404
v -2.856934 32.078675 -23.404299
v -2.205764 34.160439 -21.438998
v -0.479929 35.209786 -19.073779
v 0.314713 37.526650 -17.324425
v -2.887210 38.794427 -17.856017
v -3.026619 35.824540 -19.103616
v -4.289929 34.328255 -21.087423
v -5.209655 32.930016 -22.810209
v -6.552212 35.776376 -18.303753
v -6.723057 38.387772 -17.818318
v -6.314289 34.527093 -19.947137
v -7.715100 34.257302 -22.105561
v -2.569861 38.079308 -15.252113
v -6.308588 38.198060 -15.090815
v 0.344033 37.510102 -15.223182
v 4.840250 35.447671 -13.705718
v -8.115497 38.370141 -16.695590
v -7.318384 38.223801 -15.330844
v -7.872537 36.086625 -16.612690
v -7.802273 34.933167 -18.235188
v -7.396254 36.350304 -15.131617
v -5.753677 35.992890 -13.828275
v -2.293172 36.271004 -13.904881
v 0.881395 35.715180 -13.086087
v 3.995366 35.337235 -12.382427
v 11.071571 34.840684 -11.353777
v 11.582115 35.988091 -6.746845
v 13.933168 36.255013 -5.967385
v 15.903360 36.504754 -4.287126
v 19.823514 36.720849 0.625612
v 19.501173 36.503320 2.944549
v 25.140019 36.567910 3.050584
v 20.830769 36.091813 6.475882
v 24.585658 36.371636 4.761034
v 24.557762 36.142922 6.896004
v 20.721146 35.838715 9.903073
v 20.731981 35.561753 12.911859
v 21.581013 35.074586 17.609398
v 30.721273 36.160790 11.883041
v 28.772695 36.210763 8.884806
v 24.065789 35.848923 9.962091
v 26.425529 35.740990 11.503739
v 28.191620 35.636628 14.026182
v 23.176305 35.522332 13.005947
v 24.963027 35.436700 13.745363
v 26.265644 35.314187 15.929721
v 23.702256 35.407395 16.531426
v 20.385793 34.216363 20.515130
v 24.460438 35.014161 19.548161
v 26.276723 35.079514 19.346256
v 29.106918 35.419579 17.186924
v 32.200242 35.976990 15.070954
v 35.630118 36.351311 12.999112
v 9.141516 35.298440 -9.472708
v 6.241244 35.342042 -8.796461
v 9.964739 35.741578 -5.820588
v 8.203606 35.338341 -3.548296
v 2.221887 35.008408 -9.119992
v 3.824457 34.875420 -3.972631
v 4.756169 34.537316 0.680030
v 7.172642 34.860818 0.188783
v -0.930922 34.607522 -9.231461
v 0.200352 34.375748 -4.007525
v 1.366370 34.152337 1.161609
v -4.420526 34.174889 -9.072558
v -3.457431 33.857911 -3.779722
v -2.579321 33.644440 1.612617
v -8.262949 34.754479 -16.197172
v -7.984556 34.583726 -14.765664
v -9.302239 34.573067 -17.958458
v -9.153919 34.509904 -20.363314
v -10.898796 34.421227 -20.113714
v -7.866579 34.011361 -12.578927
v -7.552074 33.710183 -8.254039
v -7.001720 33.389252 -3.386920
v -6.584140 33.318467 1.956219
v 17.263341 30.809327 -29.863845
v 17.389991 28.682030 -30.746206
v 18.539238 30.983063 -28.837649
v 19.615282 29.667596 -28.673816
v 20.146492 30.020737 -30.629794
v 19.121540 31.395715 -31.145262
v 18.356676 31.116555 -32.634881
v 18.688627 28.992585 -32.003021
v 19.376464 28.420846 -30.416591
v 19.601609 29.088624 -31.804484
v 19.251580 30.788224 -34.192708
v 19.755492 29.740472 -33.875453
v 19.976828 31.157853 -33.562582
v 20.618839 30.263192 -33.162679
v 20.341640 29.523301 -33.496648
v 20.820805 30.881615 -35.568132
v 20.178698 30.574555 -35.766647
v 21.836074 29.776063 -37.200912
v 21.201940 29.677201 -37.240106
v 22.200165 28.587289 -37.993793
v 21.896284 28.527444 -38.035187
v 20.176143 30.016022 -35.601721
v 21.098034 29.536141 -36.880783
v 21.893069 28.409402 -37.762798
v 21.055146 30.349503 -35.057951
v 21.866854 29.647752 -36.808138
v 20.719883 29.875870 -35.271334
v 21.423968 29.518052 -36.583480
v 21.955564 28.553254 -37.635013
v 22.213194 28.560036 -37.776782
v -6.195175 33.377953 -33.717393
v -5.178569 34.342736 -34.126737
v -4.388521 34.081567 -34.775814
v -4.923123 33.012917 -35.868945
v -6.432536 32.378060 -34.938634
v -7.122745 32.881562 -36.043688
v -6.355420 33.160020 -36.202563
v -7.388410 33.428094 -35.171839
v -6.635121 34.155434 -35.352560
v -6.352367 34.096894 -36.051579
v -8.012202 33.006921 -36.808886
v -7.650203 33.224084 -37.123166
v -8.380206 33.294533 -36.484500
v -8.276670 33.830292 -36.499697
v -7.648004 33.802262 -37.110758
v -8.569672 33.156304 -37.990735
v -9.006861 33.087823 -37.553416
v -8.992416 32.303696 -38.617040
v -9.336713 32.240411 -38.277704
v -9.227267 30.769906 -38.742200
v -9.356412 30.721925 -38.589979
v -8.256197 32.814706 -37.879693
v -8.652437 32.076363 -38.371565
v -8.992658 30.782326 -38.561579
v -8.858081 32.763612 -37.314107
v -9.123426 32.130852 -37.953977
v -9.263311 30.633332 -38.471416
v -8.449460 32.278992 -37.718954
v -8.646136 31.946213 -38.039389
v -9.003805 30.793717 -38.407822
v -8.740309 36.454156 -16.152014
v -9.656403 38.204247 -16.635782
v -8.956235 38.781892 -14.980770
v -8.736549 36.979386 -14.950846
v -11.232974 38.120637 -16.007729
v -10.987832 38.407166 -15.250794
v -11.019283 37.336892 -14.897940
v -11.095275 36.965989 -15.831566
v -12.444383 37.488488 -15.793724
v -12.485646 37.740113 -15.078407
v -13.802929 36.102525 -15.226678
v -13.816963 36.195290 -14.771158
v -14.144206 34.599610 -14.520229
v -14.153547 34.617707 -14.325995
v -12.024414 37.090256 -14.929382
v -13.187429 35.873269 -14.725048
v -13.910324 34.532479 -14.281454
v -12.085967 36.852303 -15.536088
v -13.227033 35.722314 -15.149723
v -13.860239 34.503205 -14.500669
v 20.623166 34.773080 -14.462874
v 20.409329 37.268296 -14.523678
v 20.174325 37.543366 -12.546864
v 20.588627 36.556168 -11.759543
v 21.662572 35.240655 -13.381515
v 21.726640 37.274094 -13.473584
v 21.419451 37.532746 -12.306485
v 21.581057 36.941155 -11.491507
v 21.154914 35.663384 -12.034627
v 22.147421 36.028764 -11.335942
v 22.673144 35.869851 -12.534118
v 22.917194 37.384812 -12.536097
v 22.545841 37.737992 -11.732941
v 22.545167 37.306817 -11.190296
v 23.432917 36.520814 -11.163474
v 24.369231 36.826646 -11.588483
v 24.206358 37.552537 -11.673279
v 23.771342 37.665993 -11.074624
v 23.615484 37.300957 -10.818796
v 24.074956 36.640519 -10.763112
v 24.944532 36.102090 -10.985210
v 24.754419 36.641740 -10.365085
v 25.072345 36.647530 -10.889375
v 25.462549 35.527055 -9.854549
v 25.741112 35.566827 -10.282897
v 25.665644 34.112443 -9.780967
v 25.766015 34.159142 -9.992103
v 25.536064 35.282243 -10.429267
v 25.658705 34.215195 -10.079574
v 25.161994 35.368897 -10.034469
v 25.515761 34.178887 -9.897021
v -17.504987 35.786362 18.194660
v -17.327747 35.747468 20.114706
v -17.102438 34.358544 18.119689
v -16.733711 34.731766 19.976544
v -16.584126 34.258607 18.950753
v -20.020248 34.294762 20.128045
v -19.903349 34.060548 19.544891
v -20.280786 34.235825 19.176973
v -20.286478 34.656686 20.173267
v -20.621232 34.791039 19.510381
v -21.816657 32.999184 19.986733
v -21.485813 33.000329 20.342719
v -21.969931 31.600594 20.002764
v -21.854277 31.566682 20.162075
v -21.103578 33.071389 20.247319
v -21.612245 31.636994 20.111369
v -21.326660 32.675393 19.616963
v -21.752695 31.600899 19.781875
v -21.020302 32.869080 19.874682
v -21.579959 31.488808 19.926539
v 17.026710 38.133591 20.463556
v 15.923827 38.217728 20.212924
v 16.302383 38.911378 19.743841
v 17.334435 38.843598 18.614577
v 18.124458 37.951867 18.888791
v 18.275692 37.318932 20.271204
v 18.602924 37.942200 20.922992
v 17.329326 38.927094 20.114656
v 18.005543 38.926331 19.282080
v 19.120785 38.376214 19.473578
v 19.275028 37.371232 20.448345
v 19.372943 37.904221 21.244289
v 19.141649 38.759614 20.882299
v 19.671378 38.749100 20.287756
v 19.914093 38.303498 20.151164
v 19.601051 38.368577 21.266361
v 20.306925 38.372895 20.809410
v 20.427115 37.787087 20.681916
v 20.073807 37.244149 21.430994
v 20.797271 36.873109 21.983857
v 21.225310 36.893586 21.596459
v 21.047785 36.822388 21.277841
v 20.707065 37.133652 21.552486
v 21.341383 36.181237 22.176805
v 21.464380 36.189339 21.893053
v 21.302476 36.336365 21.740864
v 21.143605 36.075433 22.003698
v 21.148110 36.155205 22.160912
v -32.163394 30.986115 -1.402399
v -32.195213 30.650254 -3.445187
v -32.444676 30.787957 1.180106
v -27.744569 18.941392 17.381524
v -26.362678 30.310784 16.936889
v -24.855049 19.332696 20.289391
v -22.139954 19.290215 22.087699
v -20.998259 19.512460 24.770337
v -18.857927 28.870064 26.004897
v -20.491172 19.047044 28.068000
v -17.330664 29.548493 33.537157
v 1.819479 29.106469 43.723671
v 23.902791 30.448090 41.384014
v 40.530695 32.576737 31.049704
v 46.202250 15.610993 23.977639
v 49.086922 32.888581 19.774517
v -29.700371 30.362427 -17.382950
v -26.986035 30.369942 -25.974162
v -22.027739 29.603120 -30.922675
v -26.693982 29.519776 -28.298559
v -24.279486 29.347359 -29.285433
v -5.514369 26.605790 -40.884634
v 18.185956 23.601258 -45.460031
v 35.043632 22.717919 -39.190351
v 42.231447 22.484147 -33.299726
v 37.997395 22.183709 -38.415320
v 41.205121 22.447381 -36.030067
v 49.642320 23.685349 -15.673079
v 52.912250 24.882722 6.799365
v 51.211808 11.976006 5.496932
v -19.203430 29.337418 30.229567
v -18.496570 18.161713 32.541797
v -14.045007 29.541993 37.234396
v -10.236594 29.660035 39.960685
v -8.023112 29.562768 41.066461
v -4.402686 29.401223 42.387232
v -25.013466 32.098428 15.756444
v -31.419505 32.887627 0.846361
v -31.023899 32.710366 -1.738847
v -30.874387 32.600991 -4.148999
v -27.766666 32.755799 -17.628304
v -28.612489 30.379082 -20.637475
v -26.704296 32.807275 -20.754873
v -26.326458 33.384843 -25.888510
v -26.227431 34.115151 -28.329539
v -24.116125 32.849030 -29.387651
v -21.566935 32.271630 -30.592677
v -23.094240 33.609978 -26.616018
v -20.428466 33.335709 -28.042099
v -3.688691 29.424874 -40.650618
v 18.565362 26.494492 -44.047347
v 34.179746 24.849091 -37.827211
v 36.865051 24.486153 -36.625645
v 39.548156 24.614899 -34.977995
v 41.569616 25.145203 -33.111885
v 44.816560 23.436539 -29.527336
v 45.145222 27.002732 -29.874861
v 48.696780 24.266633 20.409287
v 40.272296 27.493584 31.349605
v 23.120717 25.925172 41.627052
v 2.358609 25.135888 43.971669
v -4.508318 25.322999 42.465617
v -7.899755 25.435441 41.247525
v -11.563370 25.053933 39.351299
v -14.357482 26.089028 37.318645
v -17.342955 25.590607 34.118273
v -19.512940 25.758233 30.574982
v -19.851047 25.676751 26.539129
v -19.691663 25.182954 22.789144
v -21.314502 25.665025 20.213080
v -23.734476 26.157159 18.885337
v -27.050214 26.677842 17.572899
v -32.397594 26.969430 2.046736
v -32.141961 26.960603 -0.992258
v -32.379934 27.009873 -4.377701
v -29.756746 26.864396 -17.130378
v -28.856346 26.590020 -19.925476
v -26.839700 26.318955 -25.203554
v -26.223488 25.880990 -27.511303
v -23.985989 25.749711 -28.901451
v -22.170617 25.747926 -30.639981
v -6.010346 22.548936 -40.334038
v 17.957426 19.378823 -45.195536
v 34.520697 18.756226 -39.707009
v 38.787949 18.916535 -37.662110
v 40.233540 19.720704 -35.446324
v 41.892776 19.237748 -33.071663
v 44.433041 19.577256 -29.010000
v 48.874492 20.199013 -15.784786
v 51.685028 20.619027 7.084377
v 46.541792 23.116563 -26.035358
v 45.764975 20.179299 -26.278867
v 48.157737 27.223618 -26.302448
v 48.542179 22.536851 -20.710457
v 47.723203 19.668519 -20.156453
v 49.257413 25.535310 -20.767783
v 50.460441 28.127885 -15.770424
v 50.798202 32.289551 15.662128
v 51.433969 31.059731 13.176992
v 50.819704 29.857957 11.035280
v 49.502948 28.770898 7.913528
v 49.517371 29.799073 6.531651
v 50.192120 29.946633 3.525310
v 50.429998 29.557023 0.207578
v 50.638611 29.426026 -2.772992
v 49.585080 29.378388 -7.092222
v 52.562278 33.229562 12.295448
v 52.173061 33.834092 15.018217
v 52.664942 30.492997 10.158315
v 52.312248 29.243142 7.701032
v 51.938466 29.882127 6.237420
v 52.259498 29.377625 3.388579
v 52.714136 28.912583 -0.031960
v 52.679020 28.727860 -3.051747
v 52.067565 29.000985 -7.474291
v 46.914332 26.642068 -6.370944
v 45.542868 25.552911 -3.660622
v 43.213080 25.752747 -2.169708
v 46.716736 28.762772 -9.417639
v 39.370425 26.361405 -3.499388
v 36.787979 27.035950 -1.170856
v 33.848592 27.538583 0.923520
v 31.906050 28.376969 2.817621
v 29.118202 28.774598 -0.196362
v 24.653583 28.230012 -2.412000
v 20.919044 28.334718 -5.945038
v 18.722033 28.478188 -8.906691
v 19.295854 28.092652 -12.217511
v 20.262589 27.589295 -15.528370
v 22.258780 27.168145 -18.983514
v 23.165497 26.937058 -22.919801
v 22.784801 27.011430 -25.883070
v 23.008158 26.988900 -31.383978
v 18.442016 27.607842 -32.765942
v 45.134497 25.293351 -8.658881
v 46.594835 26.839120 -11.289766
v 42.214387 25.601403 -5.919863
v 45.989029 25.764512 -14.446484
v 43.405493 24.975884 -11.858491
v 39.811520 25.602776 -8.975593
v 37.008796 26.251168 -6.631539
v 34.562868 26.841019 -5.107063
v 31.323277 27.804284 -3.073713
v 48.563654 28.998284 -10.175186
v 48.235509 28.613099 -12.760197
v 47.527870 27.783372 -16.543327
v 50.436205 29.055352 -11.145143
v 49.903957 28.890366 -13.475069
v 49.603679 29.197617 -16.778757
v 48.400790 20.773080 -17.965857
v 49.029335 23.268929 -18.155494
v 50.319489 27.291871 -18.464750
v 50.904905 28.253602 -13.716064
v 50.424513 23.767480 -13.041303
v 49.865461 20.438042 -11.946344
v 51.935424 27.654687 -11.814991
v 53.241835 26.625596 -7.601261
v 53.697441 28.232247 5.587243
v 53.563433 27.597565 3.463912
v 54.163122 27.136864 0.091298
v 53.743686 26.480531 -3.402439
v 51.102816 23.763886 -10.529366
v 50.511831 21.119759 -9.768987
v 51.942090 22.976823 -6.956600
v 51.031022 20.219102 -6.948067
v 52.428575 23.141282 -2.884375
v 51.517990 20.279206 -2.417163
v 52.591516 23.495194 0.579209
v 51.872823 21.231225 0.775140
v 51.983999 24.160905 3.998112
v 51.331103 20.575600 3.364007
v 51.058920 11.533875 -1.282702
v 27.517767 27.325227 -5.712848
v 23.644060 27.752915 -9.318970
v 47.484439 22.674416 -23.243377
v 46.634786 19.466286 -23.955917
v 48.761490 25.715241 -23.486317
v 49.048086 28.517121 -18.760489
v 48.199931 26.641236 -20.597773
v 47.703718 26.297227 -22.680905
v 47.163423 26.983979 -25.793998
v 44.669533 27.809174 -29.419813
v 41.040227 25.511063 -32.126574
v 38.395331 25.053971 -33.086775
v 35.434342 25.139672 -34.173969
v 32.091649 25.596474 -35.075285
v 47.041148 26.679353 -18.137279
v 44.919639 25.112893 -17.065432
v 41.749641 24.882523 -15.467868
v 46.425766 25.796883 -20.063748
v 45.830287 25.349519 -22.702927
v 45.500788 25.532357 -24.849423
v 43.557042 25.439042 -26.768564
v 40.398054 25.126672 -28.250608
v 36.952331 25.251466 -29.397604
v 33.699682 25.606232 -30.783005
v 29.461703 26.135873 -31.222526
v 30.322528 26.595742 -9.179569
v 25.899720 27.002137 -12.958255
v 33.256601 26.197137 -11.868143
v 29.102623 26.424363 -17.071892
v 37.421189 25.592095 -13.842993
v 44.035856 24.884797 -19.880818
v 40.778510 24.940263 -19.499477
v 43.378829 24.889947 -22.995149
v 40.273391 25.012795 -23.942859
v 35.093996 25.648347 -18.353675
v 34.819186 25.569764 -24.525928
v 28.970938 26.171021 -22.987877
v 32.384740 25.794732 -27.506817
v 28.508032 26.267030 -27.036506
v 29.742830 18.939751 -42.689526
v 30.554556 23.462800 -42.265510
v 29.850632 25.375054 -39.852958
v 27.853436 26.116532 -36.358504
v 23.952115 19.178361 -44.460033
v 24.496077 23.752656 -44.427507
v 24.164629 26.001511 -42.048704
v 21.492275 26.751519 -37.523932
v 16.870913 27.199723 -38.344539
v 14.696955 27.784081 -32.039886
v 10.928210 28.392442 -29.144408
v 7.969221 28.756531 -32.206103
v 10.986586 28.117982 -34.476670
v 12.394133 27.568665 -38.782267
v 12.339617 19.921159 -45.036929
v 12.834968 24.299172 -45.291501
v 13.262710 26.855111 -43.099570
v 4.261654 29.258179 -35.172892
v 1.282744 29.510842 -36.316482
v -1.671824 29.661668 -38.766267
v -3.988031 29.789391 -38.656308
v -2.460083 21.902024 -41.483098
v -2.597492 26.061455 -41.805694
v -1.824662 29.300263 -41.366334
v 1.625611 21.302712 -42.751005
v 0.995857 25.601525 -43.069144
v 1.229304 28.874284 -41.912183
v 1.878624 29.108430 -39.365718
v 7.476624 28.568688 -36.237461
v 7.172594 28.330727 -39.201708
v 6.699088 20.586922 -44.117451
v 6.561865 25.001496 -44.495499
v 7.001121 27.857308 -42.457353
v -6.122189 29.998620 -37.605379
v -9.576772 23.234025 -39.100771
v -9.363142 27.449631 -39.528164
v -7.436145 30.024285 -38.539805
v -12.277879 23.750458 -37.938693
v -11.708498 27.945824 -38.517021
v -9.987735 30.648545 -37.657120
v -3.924232 30.879609 -24.899611
v -5.485368 31.584336 -24.012216
v -8.202296 32.062859 -24.306608
v -11.636607 33.161988 -24.104711
v -10.856327 34.373391 -22.060155
v -14.693020 25.514504 -36.639599
v -14.488219 28.488793 -37.011507
v -12.811669 31.038094 -35.903464
v -11.735980 31.113938 -33.899698
v -10.204377 31.111726 -30.725776
v -7.294178 30.935494 -27.594856
v -11.137575 31.777116 -26.501947
v -17.585997 24.768265 -34.643060
v -17.280378 29.003480 -35.061134
v -15.773151 31.374772 -33.869070
v -14.442725 31.413239 -31.616661
v -12.847858 31.557641 -28.812622
v -20.197841 25.303155 -32.538601
v -19.971438 29.327653 -32.795698
v -19.046725 31.890839 -32.019522
v -17.541800 32.505952 -29.770306
v -16.067682 32.775346 -27.357316
v -15.030912 33.243378 -25.078776
v -14.544571 33.816628 -23.054878
v -19.438414 33.385567 -25.680306
v -18.615559 33.335046 -23.368882
v -17.796608 33.372826 -21.293281
v -27.622651 26.428643 -22.780746
v -27.394339 30.284577 -23.248039
v -26.145157 32.894830 -23.377365
v -22.740682 33.232140 -24.224922
v -22.659469 32.958665 -21.114801
v -23.967812 32.696084 -17.828549
v -20.379686 33.069245 -20.147612
v -20.745977 32.932893 -17.995752
v -13.946149 34.052842 -21.043473
v -17.272673 33.419892 -18.989764
v -13.302224 33.938187 -18.850697
v -16.810241 33.431901 -16.802824
v -11.051025 34.082696 -16.287872
v -16.039847 33.403847 -14.168585
v -20.755159 32.891938 -15.536369
v -20.651756 32.855805 -12.533096
v -24.648510 32.712022 -14.875861
v -25.133129 32.662095 -11.738884
v -30.472979 26.731728 -14.535618
v -30.442247 30.480675 -14.959009
v -28.545610 32.721917 -14.785602
v -31.414271 26.870476 -11.036156
v -31.072405 30.564919 -11.758965
v -29.395721 32.647530 -11.592870
v -11.237384 33.629372 -12.022884
v -15.525763 33.143182 -10.619825
v -31.888647 27.687005 -7.897507
v -31.722588 30.716462 -8.006386
v -30.244195 32.718316 -7.957208
v -25.512258 32.576081 -8.322092
v -20.170239 32.692147 -9.151134
v -26.179340 31.639565 -29.250327
v -26.966239 31.905343 -27.761265
v -26.598036 32.926682 -28.661202
v -11.126511 33.386727 -7.515839
v -15.640318 32.814652 -6.056779
v -21.445338 32.714684 -4.134162
v -26.292164 32.409600 -4.774075
v -22.843494 32.432595 13.566185
v -29.825693 26.835892 13.807938
v -29.209024 30.967408 13.117210
v -26.865056 32.708405 11.847640
v -31.384141 26.977799 9.641755
v -30.929719 31.168046 8.978723
v -28.227820 32.819932 7.855239
v -32.140523 27.602990 5.130272
v -32.421370 31.281861 5.161485
v -30.179045 32.906846 4.351842
v -23.289634 32.512810 9.870682
v -23.993110 32.522164 6.078675
v -25.099002 32.551018 2.349031
v -27.699547 32.300286 -2.443716
v -26.387526 32.459382 -0.782300
v -10.755133 33.078294 -2.701737
v -10.147036 33.009705 1.881831
v -13.526285 32.647477 6.973887
v -9.861447 32.788796 5.850129
v -15.004158 32.640687 -1.597671
v -14.307689 32.721108 2.796994
v -19.911259 32.696069 0.017314
v -19.003227 32.655732 4.246787
v -18.384175 32.572373 8.379770
v -1.384903 25.222481 43.296249
v -1.909600 29.287003 43.098151
v -1.430327 31.711495 41.681070
v 2.134856 31.345544 42.386216
v 39.702693 34.293816 29.419358
v 48.256881 35.859101 19.426705
v 23.528073 32.238564 39.467346
v -0.720156 31.943429 38.420738
v 3.665603 31.842980 37.842373
v 0.697157 32.116311 35.586705
v 4.711681 32.157868 32.923330
v 7.053804 32.674157 27.570936
v 8.697259 32.847413 22.786243
v 11.574563 32.966264 23.036249
v 10.595287 32.819398 27.394986
v 9.194340 32.473244 32.197091
v 8.153413 31.881478 36.917772
v 7.055507 25.368920 44.474837
v 6.603129 29.650422 44.186065
v 7.192319 31.449479 41.251490
v 12.346564 25.615357 44.219934
v 12.182659 29.956856 43.960759
v 12.375347 31.647095 40.449426
v 12.804311 32.181229 36.014276
v 13.410446 32.647530 31.311609
v 14.243936 32.901650 26.650112
v 14.744134 33.373383 23.003536
v 17.775598 25.755975 43.264062
v 17.890905 30.256280 43.141463
v 17.603386 31.907777 40.112565
v 17.467352 32.390847 35.207004
v 17.508822 32.800141 30.289890
v 17.806348 33.436829 25.488905
v 17.854354 33.883538 22.490730
v 20.792071 34.029870 22.472873
v 21.329009 33.765916 24.946040
v 21.532703 33.334054 29.313186
v 22.254940 32.769265 34.289116
v 50.669687 33.433053 17.665408
v 49.144794 36.052483 17.468421
v 48.932262 35.622514 15.825386
v 42.180623 17.083802 29.665342
v 46.199158 26.432542 24.190677
v 47.009865 32.852021 23.253011
v 45.964554 35.407029 22.296772
v 37.294004 36.162537 15.733138
v 39.203305 36.015908 17.950297
v 42.195023 35.844208 19.964028
v 27.958297 26.519418 39.643613
v 28.311527 31.103089 39.574110
v 27.746404 32.653535 37.613951
v 26.398287 33.178574 32.482873
v 25.451141 33.687424 27.806008
v 25.493542 34.221345 23.456432
v 23.448529 34.334496 21.619698
v 29.041378 35.019990 20.480726
v 33.243307 35.594971 18.383362
v 29.214569 34.307381 25.315583
v 34.562565 35.101212 22.508800
v 30.201341 33.679154 30.206007
v 34.102099 34.173241 27.929052
v 39.091547 35.272050 23.310679
v 32.184301 27.021287 37.386334
v 32.125408 31.611924 37.190431
v 31.393693 32.983475 35.097924
v 36.159832 27.506478 34.786304
v 35.918989 32.304185 34.742215
v 35.250750 33.658890 32.772088
v 37.526627 34.606766 26.838212
v 43.608164 27.662713 27.861506
v 44.033355 32.841439 27.458137
v 43.090295 34.880952 26.029854
v 53.806311 27.455140 7.924972
v 54.832421 28.931168 9.523411
v 53.827386 25.060258 8.707498
v 55.482388 26.134629 9.989897
v 52.437043 20.766045 9.390577
v 54.136818 21.284287 10.221815
v 51.293163 12.509385 9.015274
v 51.588762 16.881531 9.253243
v 51.429063 16.573655 6.137999
v 51.413434 17.033875 -0.469588
v 23.430226 14.525300 -44.297189
v 17.588711 14.786668 -44.947689
v 11.965095 15.252686 -44.701704
v 6.660168 15.877030 -43.686717
v 1.838483 16.585953 -42.311345
v -2.463020 17.357201 -40.944361
v -6.602426 18.108689 -39.801806
v -10.724119 19.069939 -38.390791
v -27.495832 22.978272 17.542200
v -24.516043 22.868485 19.660071
v -21.837138 22.457391 21.075182
v -20.364069 22.336930 23.932192
v -20.350667 22.393571 27.458997
v -18.733646 21.797753 32.330918
v -14.316487 21.680032 37.317705
v 6.673708 20.643540 44.727699
v 12.325966 20.852944 44.423087
v 17.380652 20.595475 43.474093
v 22.407604 20.470963 42.054271
v 27.228348 20.695908 40.119068
v 31.863147 21.097481 37.758053
v 36.366671 21.690331 34.793456
v 40.599290 22.505761 31.178999
v 43.157861 23.704438 28.411918
v 45.028199 21.813546 25.942233
v 47.913472 20.267121 21.731780
v 53.078496 17.120560 10.826173
v 51.802135 13.021485 11.278475
v 53.271855 17.419671 13.271995
v 51.750605 13.725007 13.534761
v 51.283582 13.981614 16.356480
v 52.808835 17.431267 15.837063
v 48.764553 14.767403 19.090806
v 50.293726 18.967118 18.146893
v 55.200900 21.302140 12.447748
v 54.514311 21.377206 15.787651
v 53.153737 22.331139 17.976286
v 50.266398 20.622788 19.290999
v 51.963086 22.050568 19.687656
v 49.908900 20.553254 21.502471
v 50.356857 22.799973 20.650334
v 51.066351 21.728303 21.294858
v 50.690931 20.547265 21.417204
v 51.471510 21.571549 20.845266
v 51.013357 20.353287 20.726840
v 50.228460 28.722535 18.673245
v 51.537018 31.543755 17.948542
v 50.030277 26.010392 19.184276
v 57.141122 25.893327 11.798852
v 56.318756 25.326936 15.034344
v 55.116669 25.855332 17.498610
v 52.704394 24.850854 18.935004
v 51.325592 25.145913 19.605687
v 58.420445 28.929070 11.398663
v 57.902610 28.873269 14.520660
v 56.860731 29.397858 17.685786
v 54.640994 28.819039 18.613650
v 53.096952 29.365433 18.929684
v 53.250344 32.329659 18.745315
v 55.473261 30.707024 19.814962
v 57.676372 31.391557 17.968163
v 58.943449 31.486901 15.009939
v 59.295799 31.902016 10.904102
v 56.217602 31.746537 9.317177
v 54.483550 33.167290 9.422850
v 54.148365 35.289147 11.531880
v 54.242508 35.785142 13.931580
v 52.763268 33.837495 16.728084
v 54.688807 35.502198 16.457261
v 54.312628 33.876984 18.357637
v 56.341854 34.903046 18.329828
v 58.511719 33.252000 17.903052
v 59.514260 33.992310 15.209636
v 60.049340 34.028695 10.711426
v 57.268497 34.473107 9.743591
v 55.711488 35.523942 10.022494
v 55.743624 36.480622 11.315961
v 56.130849 37.120423 13.577835
v 56.930443 36.615311 16.338004
v 60.147486 35.714257 14.018711
v 60.685778 36.037881 11.388087
v 57.809414 36.644562 10.487270
v 58.293023 37.798692 12.959554
v 58.427966 36.881882 15.367288
v 58.437521 35.506356 17.100931
v 56.975543 33.199471 18.868706
v 10.438286 -9.357955 -43.490993
v -27.418114 11.492295 17.865059
v 19.923877 -4.330825 43.395150
v 50.033139 4.088967 12.208176
v 47.766493 10.453233 20.684417
v 49.411012 9.524789 17.155895
v 50.068155 9.103814 13.957710
v 50.561738 8.570954 11.605530
v 50.811303 7.770562 9.042000
v 50.882834 6.893922 4.783392
v 45.368533 10.173905 25.361107
v 41.204016 9.886719 30.937451
v -27.573452 14.877183 17.552933
v -24.789554 15.433526 20.843767
v -22.212621 15.964509 23.476630
v -21.293342 17.098290 25.346969
v -20.659971 15.614663 27.984118
v -18.420193 14.130494 32.473563
v 50.577166 6.131943 -1.388014
v -24.677712 11.308923 21.372825
v -21.407384 11.733170 26.031501
v -18.668953 9.466492 31.948974
v -9.839022 -6.740577 -38.133141
v -4.985246 -7.617618 -38.284993
v -0.363318 -8.023559 -38.268975
v 1.303740 6.549355 -40.904899
v 3.013940 -8.807220 -41.026856
v 5.870919 5.783036 -42.532105
v 7.036684 -9.146678 -42.568277
v 10.798836 5.011109 -43.814985
v 50.223112 0.341508 -1.212076
v 50.291566 2.833581 10.004097
v 50.545230 1.387223 5.172190
v 49.510287 3.911958 14.687224
v 48.378789 4.702073 18.846486
v 47.231589 6.360398 21.699629
v 45.252708 4.825547 25.533426
v 40.636194 3.281388 31.775773
v 33.176388 -5.508830 38.197373
v 28.195939 -5.288795 40.629552
v 24.024646 -4.645965 41.881296
v 15.717289 -4.049712 44.938758
v 10.937773 -3.620574 45.846537
v 4.652491 -2.152313 45.838628
v 14.857540 -1.222450 -44.201218
v 9.760504 -0.110549 -43.420824
v 5.094971 0.751084 -41.993947
v 0.750321 1.547196 -40.144661
v -26.058010 6.493188 20.027096
v -22.206104 5.425057 25.398163
v -19.122954 3.896600 31.507718
v 12.853428 -6.317348 -43.875806
v 8.425040 -4.944907 -43.024115
v 4.139181 -4.114028 -41.435878
v 0.187257 -3.340865 -39.251298
v -4.465427 -2.670387 -38.577422
v 22.037094 -19.539733 40.247682
v 18.681016 -19.204463 42.336596
v 17.521274 -24.038253 41.140493
v 21.086660 -24.183437 38.394965
v 25.962737 -20.220477 40.986422
v 25.230360 -24.806236 40.539753
v 16.474447 -23.757537 44.316537
v 16.521344 -19.217559 44.834160
v 17.045735 -29.288177 41.175360
v 20.586256 -29.720870 38.920604
v 24.691115 -29.317291 40.638496
v 16.404978 -28.596339 44.061671
v 31.825768 -25.729247 40.307363
v 30.315332 -30.214690 41.526873
v 32.595700 -20.833041 39.365500
v 14.909276 -28.026580 46.710042
v 14.429259 -23.613277 46.497278
v 13.455306 -19.009193 46.282394
v 17.859641 -36.389945 43.422150
v 20.988147 -36.958076 41.804712
v 24.425953 -36.778365 42.741543
v 16.553010 -35.577628 45.923231
v 29.724521 -36.096328 41.999578
v 14.260810 -35.049575 47.371928
v 18.011987 -41.364845 45.150112
v 21.256466 -42.038955 43.506247
v 24.535375 -41.561973 43.536115
v 16.090223 -40.478187 46.759443
v 29.802055 -40.835288 41.912188
v 13.405890 -40.038512 47.712204
v -32.911498 -61.814201 9.690103
v -32.890307 -61.848335 6.124211
v -31.805451 -66.140815 6.997635
v -31.735830 -66.503196 9.983194
v -33.190969 -56.967086 10.405333
v -33.121937 -57.078010 5.535878
v -33.072566 -51.652854 10.839628
v -33.258933 -52.011070 4.797898
v -33.006432 -46.073287 10.104729
v -33.666370 -46.632491 3.461997
v -33.003797 -40.658256 8.930663
v -33.691458 -41.071967 2.387580
v -32.986466 -35.267234 7.966757
v -33.619082 -35.780265 1.559882
v -33.050237 -67.032386 12.868963
v -32.886763 -62.151450 14.395001
v -32.308497 -57.249915 15.973419
v -30.540700 -51.050758 18.871415
v -30.966159 -44.922126 17.346867
v -31.052794 -39.320075 16.091300
v -31.165285 -33.862846 14.806235
v -34.260462 -62.137046 2.315169
v -33.687695 -66.926566 4.996142
v -34.199252 -57.346473 0.565812
v -34.090074 -52.421195 -1.191415
v -33.761796 -47.022964 -4.334026
v -33.573728 -41.043098 -4.754015
v -33.423695 -35.749122 -5.327762
v 2.436037 -23.745345 -29.507889
v -1.896238 -23.406368 -28.859771
v -1.825732 -18.857963 -30.357497
v 1.620550 -18.978332 -31.094433
v -6.608089 -25.265342 -33.088320
v -5.985287 -21.034850 -33.817834
v 4.336758 -25.409759 -35.034819
v 2.726001 -19.874618 -35.147333
v 1.821293 -29.950294 -32.020023
v -2.529702 -29.114120 -30.683614
v -6.526335 -29.918952 -33.619906
v 3.939421 -29.211368 -35.633104
v -0.150796 -17.658759 -34.484009
v 1.135085 -17.903976 -36.621048
v -2.486225 -17.777221 -33.840333
v -5.818099 -19.200439 -35.515101
v -8.284603 -22.443500 -37.372469
v -8.062691 -19.742522 -37.769749
v -8.555237 -25.854179 -36.830484
v -8.540712 -30.032581 -36.921928
v 2.368859 -17.839614 -40.063505
v 2.964154 -20.531944 -39.598384
v 3.803813 -25.479072 -39.466511
v 3.784969 -29.616641 -39.574444
v 2.985286 -33.114890 -39.985813
v 2.493292 -32.371124 -36.679960
v 0.965640 -32.076942 -34.385586
v -1.927799 -32.097869 -33.432985
v -5.403899 -32.333747 -34.467778
v -7.604245 -33.682784 -36.874909
v -5.524643 -17.051116 -36.753631
v -2.988477 -15.465633 -36.300520
v -7.330901 -16.267135 -38.041625
v -1.123192 -15.149223 -36.542751
v 0.511798 -15.430625 -37.711945
v 1.895855 -13.698924 -40.118451
v 4.910684 -17.970737 -42.472335
v 5.115493 -21.476012 -42.801836
v 5.083288 -25.655898 -42.988904
v 4.917816 -29.531455 -43.243400
v 4.393108 -33.254012 -43.245898
v 6.262272 -13.393584 -42.479026
v 10.840614 -17.566222 -44.008936
v 9.974669 -22.500098 -44.118195
v 8.967681 -25.935638 -44.109898
v 9.412857 -29.459449 -44.266855
v 8.930672 -33.341331 -44.244346
v 11.286700 -12.534187 -43.808359
v -12.508510 -22.255836 -38.139856
v -12.123411 -18.939208 -38.084738
v -12.616610 -25.786918 -38.421517
v -12.485617 -29.641395 -38.759955
v -11.963970 -33.640647 -38.978223
v -11.206480 -15.459769 -38.249731
v -17.756880 -21.945472 -35.237642
v -17.306641 -18.174766 -35.266448
v -18.007721 -25.786491 -35.366127
v -17.990739 -29.768123 -35.580383
v -17.710455 -33.846732 -35.854828
v -16.547641 -14.298282 -35.334123
v -5.298365 -12.678466 -37.726410
v -0.920096 -12.220687 -37.250935
v -10.393060 -11.362994 -38.264768
v -15.862747 -10.106757 -35.461185
v 3.011439 -36.959777 -42.197755
v 1.411866 -36.742057 -38.549433
v -5.824969 -39.464599 -36.951989
v -11.121620 -37.986541 -38.891248
v 2.121208 -40.660239 -41.937129
v -0.031720 -40.870841 -38.957150
v -6.719231 -43.204856 -37.850785
v -10.581325 -42.115279 -38.669139
v 1.568937 -44.176658 -41.938870
v -0.693757 -44.868697 -39.723356
v 0.576272 -35.076942 -36.629887
v -4.274100 -36.422691 -35.826867
v -0.625462 -34.816833 -35.702287
v -2.257008 -34.497428 -35.098502
v -0.843706 -38.054298 -36.863494
v -1.844917 -37.763984 -36.281987
v -2.760620 -41.370399 -37.158956
v -3.102250 -44.965011 -37.977664
v 7.559742 -37.149337 -44.081635
v 6.987834 -40.830802 -43.816676
v 7.210802 -44.460059 -43.551805
v -17.268423 -38.017638 -36.073667
v -16.899945 -42.199607 -36.062774
v 23.365085 -10.321628 41.797399
v 19.545764 -10.195182 43.350440
v 27.409283 -10.881210 40.958039
v 15.913847 -10.131187 45.097148
v 32.690502 -10.984824 38.716576
v 11.798006 -9.715461 45.983645
v 12.558246 -14.631286 46.145401
v 16.293740 -14.940063 45.097001
v 19.311572 -15.023593 43.105678
v 22.776905 -15.170322 41.303601
v 26.784599 -15.664085 41.104656
v 32.679595 -15.844325 39.000401
v 28.146209 -33.038825 42.609038
v 24.345186 -33.193366 41.714199
v 20.716424 -33.596633 40.501331
v 17.483667 -32.960792 42.304231
v 16.609023 -32.105689 45.018187
v 14.531552 -31.570434 47.142523
v -22.708014 -21.690475 -31.059143
v -22.341322 -17.612483 -31.255137
v -22.936035 -25.790275 -31.002932
v -22.878983 -34.143066 -31.170712
v -22.977313 -29.944221 -31.036089
v -21.816960 -13.455177 -31.540919
v -22.641892 -38.383506 -31.279134
v 6.547960 -22.519424 47.379049
v 6.801307 -26.987823 47.719262
v 6.023075 -17.814986 47.062274
v 6.679456 -31.129630 47.967453
v 6.568618 -35.260864 48.186431
v 6.362183 -39.842674 48.397020
v 5.424516 -12.954841 46.687223
v 4.949969 -7.746150 46.335286
v 6.422829 -44.508689 48.566771
v 17.431524 -45.411666 46.199179
v 20.492056 -46.222953 44.680774
v 24.164274 -44.861190 43.901081
v 15.387364 -44.239829 47.208925
v 28.279362 -45.448852 42.657147
v 13.247026 -44.353278 47.850295
v 50.084712 16.830216 -9.188797
v 48.041838 16.527955 -17.773069
v 45.290974 16.067879 -26.423699
v 40.534587 15.538041 -34.187017
v 35.050711 14.362229 -39.165485
v 29.316905 14.306512 -42.472320
v 11.501156 10.193360 -44.279691
v 6.377603 10.857835 -43.183719
v 1.682856 11.605309 -41.662390
v 17.034323 9.600838 -44.716778
v 16.195303 4.225350 -44.449799
v -9.386320 -1.847305 -38.086019
v -15.306767 -5.584174 -35.642276
v -14.689837 -0.846206 -35.856863
v -3.845535 2.290726 -38.944847
v -8.821166 3.123193 -38.189392
v -13.990238 4.041291 -36.167433
v -3.221772 7.327691 -39.408104
v -8.041848 8.107445 -38.603034
v -13.088270 9.015656 -36.707868
v -2.733744 12.384461 -40.124689
v -7.233732 13.142060 -39.200244
v -12.001580 14.069016 -37.453424
v -15.986909 20.811166 -35.645391
v -21.214679 -9.135551 -31.821037
v -20.559573 -4.619384 -32.053223
v -19.914114 0.081841 -32.463743
v -19.173117 4.942803 -32.983099
v -18.332218 9.970452 -33.658268
v -17.349678 15.213448 -34.526645
v -22.151088 21.759804 -30.644604
v -26.871896 22.131554 -24.599537
v -29.938549 23.118104 -16.910975
v -31.954878 23.322144 -8.293270
v -32.050921 22.822060 -1.153645
v -32.193392 22.586350 5.310150
v -29.982510 22.488175 13.582822
v 20.425520 1.951371 43.197937
v 24.935265 1.752618 41.543638
v 29.579994 1.605782 39.749030
v 34.792933 1.964967 36.830335
v 15.759110 2.260903 44.521088
v 10.591999 2.813546 45.370824
v 4.571067 3.759484 45.594903
v 21.041971 8.305756 42.811165
v 25.817846 8.240647 41.074738
v 30.716546 8.397309 38.893181
v 35.952934 8.939011 35.689440
v 16.140944 8.544045 44.254270
v 10.832802 8.961335 45.121682
v 4.833880 9.628899 45.262508
v 21.715590 14.517159 42.439181
v 26.581448 14.594186 40.605186
v 31.464429 14.919762 38.205779
v 36.615634 15.649453 34.841380
v 16.717635 14.659959 43.877396
v 11.435455 14.944001 44.785529
v 5.597053 15.237168 44.988782
v -6.332856 21.752610 41.944396
v 0.663304 20.719620 43.893269
v 49.599082 11.096680 -9.000885
v 47.578366 10.549554 -17.431388
v 44.906311 10.034837 -25.897279
v 40.575473 9.524255 -33.286927
v 35.056258 9.032204 -38.657661
v 29.025344 8.973405 -42.228751
v 22.972688 9.157815 -44.150248
v -22.798692 16.134598 -29.981062
v -27.230315 16.784775 -23.983816
v -30.250293 17.421265 -16.469957
v -32.000177 17.666001 -8.553083
v -32.301385 17.672601 -1.173725
v -32.179728 17.718468 5.761117
v -30.319429 18.077981 12.746949
v -14.298045 17.266061 37.337281
v -7.732297 16.427109 41.505687
v -0.844338 15.714295 43.945678
v -14.256817 12.764382 37.289785
v -8.452310 11.630860 41.298159
v -1.729305 10.560502 44.009721
v -14.452136 7.878434 37.151524
v -8.742232 6.442643 41.359958
v -2.118991 5.072282 44.231150
v -14.681509 2.398637 37.051653
v -8.941742 0.942719 41.538972
v -2.273390 -0.542785 44.577478
v 49.178610 5.428109 -8.873621
v 47.284718 4.834687 -16.964168
v 44.583940 4.172318 -25.454095
v 40.271262 3.620225 -32.708195
v 34.742221 3.260087 -38.328151
v 28.572078 3.162698 -42.049816
v 22.162309 3.474534 -44.070192
v 48.908785 -0.479446 -8.496427
v 47.099028 -1.000442 -16.361637
v 44.288250 -1.833350 -24.914015
v 39.878555 -2.505904 -32.295093
v 34.174690 -2.942939 -37.963477
v 27.650959 -3.077659 -42.023674
v 20.664536 -2.647933 -44.108801
v -23.548927 10.836541 -29.271829
v -27.757431 11.559403 -23.227411
v -30.444994 12.128037 -15.999576
v -32.052250 12.489899 -8.401486
v -32.479974 12.685296 -1.099157
v -32.151496 12.905228 6.030772
v -30.198172 13.468880 12.822888
v -24.185630 5.782334 -28.505672
v -28.162688 6.499856 -22.500212
v -30.595228 7.069916 -15.509196
v -32.127896 7.461533 -8.216079
v -32.628425 7.696687 -0.991694
v -32.118883 7.898103 6.330751
v -29.597039 8.294701 14.150530
v -32.228965 -2.244674 5.381930
v -32.827208 -2.173499 -1.046950
v -30.765773 -2.774551 11.317805
v -32.199059 -2.370208 -7.817389
v -32.140368 2.495377 -8.031429
v -32.673524 2.693497 -1.044974
v -32.233993 2.662217 5.859244
v -30.260504 2.284081 12.587290
v -24.770182 0.900147 -27.872257
v -28.527853 1.590691 -21.892312
v -30.799886 2.126237 -15.081592
v -25.273801 -3.821990 -27.287233
v -28.869695 -3.187736 -21.331920
v -30.929949 -2.707328 -14.649552
v -32.351049 -7.141948 -7.538297
v -32.851269 -6.905216 -0.862147
v -32.353847 -6.750800 5.349815
v -31.331685 -6.597213 10.271227
v -32.481380 -11.875541 -7.172493
v -32.941353 -11.642986 -0.378902
v -32.298886 -11.307834 6.477798
v -30.136895 -10.282241 14.045449
v -25.760510 -8.404857 -26.838691
v -29.123004 -7.860290 -20.846720
v -31.188427 -7.447219 -14.271955
v -26.231220 -12.867370 -26.468223
v -29.357456 -12.444465 -20.412358
v -31.347541 -12.124313 -13.883943
v -32.706392 -16.621455 -6.867023
v -33.077133 -16.548309 -0.100393
v -32.480900 -16.603248 6.677787
v -30.533870 -16.928100 13.737017
v -32.870427 -21.340286 -6.614688
v -33.193108 -21.378135 -0.002454
v -32.619053 -21.638366 6.347557
v -31.217128 -22.428535 12.633800
v -33.004340 -26.021285 -6.316483
v -33.373100 -26.014251 0.165475
v -32.691341 -25.963454 6.027380
v -32.026969 -25.754123 10.567140
v -26.552336 -17.231475 -26.086240
v -29.575050 -16.958793 -20.035943
v -31.551164 -16.759750 -13.543653
v -26.831045 -21.534225 -25.813615
v -29.791761 -21.432075 -19.727967
v -31.739209 -21.369712 -13.246467
v -27.043129 -25.837852 -25.640641
v -29.991397 -25.905029 -19.484236
v -31.965297 -25.974044 -12.961612
v -33.237816 -30.776542 -5.867623
v -33.500883 -30.720893 0.777113
v -32.834790 -30.274375 6.923659
v -31.451742 -28.823650 13.036256
v -27.173614 -30.168655 -25.542119
v -30.169747 -30.411163 -19.273555
v -32.164522 -30.634174 -12.634459
v -27.195015 -34.538352 -25.506896
v -30.317621 -34.970084 -19.108277
v -32.320385 -35.404289 -12.298661
v -27.155536 -38.935310 -25.491506
v -30.385281 -39.562568 -18.980415
v -32.485982 -40.279708 -12.026179
v -22.436438 -42.666122 -31.254256
v -27.029650 -43.307952 -25.416787
v -30.385120 -44.090965 -18.935564
v -32.603792 -45.129081 -12.009031
v 47.875179 -37.070411 1.998215
v 47.068852 -37.903610 -6.945592
v 40.305786 -3.357787 32.328452
v 46.303325 -1.231551 23.313299
v 49.435087 -2.064460 13.871748
v 50.143254 -4.628417 6.461715
v 49.845177 -5.984725 -0.610405
v 48.565544 -6.889762 -8.183542
v 39.955419 -9.906436 32.993758
v 45.465949 -9.428897 24.808870
v 48.667206 -10.272292 15.846490
v 49.729068 -11.412215 7.683493
v 39.536353 -15.863841 33.539426
v 44.770434 -16.135028 25.938407
v 47.977515 -16.890731 17.288757
v 49.168714 -17.836803 8.669944
v 38.950733 -21.566249 34.305308
v 44.078093 -22.326789 26.964633
v 47.363544 -23.163982 18.434807
v 48.729570 -24.042224 9.528544
v 37.834287 -27.323898 35.546189
v 43.266962 -28.382282 28.220135
v 46.746525 -29.312351 19.558999
v 48.301661 -30.196605 10.395493
v 35.602702 -33.647872 37.716317
v 42.222696 -34.482200 29.707392
v 46.102912 -35.431831 20.834776
v 47.871806 -36.461181 11.313162
v 35.856758 -40.094703 37.542988
v 41.519701 -40.403037 30.600567
v 45.369260 -41.355781 22.291470
v 47.355978 -43.440299 12.849747
v 46.763697 -7.324378 -16.187858
v 43.851083 -8.136779 -24.681101
v 39.280154 -8.885516 -32.095187
v 33.373492 -9.457294 -37.890754
v 26.274949 -9.779247 -42.134402
v 17.708937 -9.710407 -44.251053
v -27.205129 -43.027374 24.379528
v -26.970937 -47.709312 25.794892
v -27.197482 0.938561 18.546199
v -23.163766 -0.424529 24.353814
v -19.647498 -1.825172 30.797541
v -15.148644 -3.215682 36.887689
v -9.171793 -4.624236 41.693767
v -2.242419 -6.127792 44.896809
v -28.410651 -4.563857 16.907451
v -24.441996 -6.165946 23.284569
v -20.407572 -7.545993 30.084955
v -15.705525 -8.821754 36.635787
v -9.414811 -10.098407 41.839854
v -2.151821 -11.471660 45.246638
v -25.768489 -12.060714 21.994461
v -26.699986 -18.429534 21.055113
v -28.098906 -25.421180 19.480494
v -27.602634 -32.068809 21.783610
v -27.379265 -37.786414 23.133772
v -22.923670 -41.669975 31.209616
v -22.822596 -46.225127 32.049759
v -17.599480 -40.770408 37.840797
v -17.534795 -45.385047 38.346062
v -10.478407 -40.195411 43.494677
v -10.504603 -44.872482 43.806135
v -2.112609 -39.915611 47.226497
v -2.163146 -44.587051 47.509941
v -1.945175 -21.489166 46.009353
v -1.938446 -26.228454 46.346090
v -2.013466 -16.593772 45.637725
v -2.009207 -30.796165 46.604451
v -2.072928 -35.292976 46.917393
v -9.977475 -20.648177 42.203473
v -10.224130 -25.727088 42.481693
v -9.689655 -15.450515 42.038626
v -10.324892 -30.663245 42.790300
v -10.425931 -35.454337 43.111896
v -16.874332 -19.910403 36.413252
v -17.271140 -25.410171 36.460888
v -16.287734 -14.383025 36.442466
v -17.464185 -30.759071 36.882830
v -17.548213 -35.883247 37.339580
v -22.909983 -36.632591 30.358240
v -21.241356 -13.320731 29.395962
v -22.903214 -31.210586 29.439630
v -22.027403 -19.260078 28.898067
v -22.785096 -25.322742 28.650586
v 49.418424 -12.502029 -0.123830
v 48.189691 -13.414710 -8.063699
v 48.964646 -18.809974 0.351257
v 47.834899 -19.746837 -7.968662
v 48.561752 -24.946124 0.795713
v 47.508494 -25.862350 -7.835420
v 48.212417 -30.990974 1.329773
v 47.262064 -31.892539 -7.558073
v 47.588758 -43.245582 2.866809
v 46.914791 -43.940215 -5.958671
v 17.340837 -17.234740 -44.127909
v 15.349391 -24.876933 -44.165010
v 15.730655 -31.119666 -43.912901
v 15.198517 -36.056854 -43.742590
v 14.733203 -40.451377 -43.532672
v 14.626543 -44.631774 -43.143835
v 46.314285 -14.158248 -16.364530
v 43.330347 -14.904689 -24.746985
v 38.591000 -15.491775 -32.033051
v 32.499412 -16.110732 -37.859749
v 25.258043 -16.693073 -42.033329
v 45.960315 -20.631435 -16.431866
v 42.753103 -21.392566 -24.809302
v 37.884463 -21.937362 -31.980526
v 31.669228 -22.623256 -37.822872
v 24.150325 -23.509521 -42.021877
v 45.621739 -26.733875 -16.555532
v 42.281313 -27.438899 -24.859655
v 37.335571 -28.018298 -31.909092
v 30.992153 -28.720870 -37.655609
v 23.623711 -29.651798 -41.753096
v 45.334483 -32.627174 -16.432773
v 41.876282 -33.229331 -24.644361
v 36.829204 -33.768317 -31.707616
v 30.474913 -34.345779 -37.437776
v 23.076490 -35.071388 -41.509150
v 45.142444 -38.451835 -15.900921
v 41.625718 -38.884712 -24.249258
v 36.448453 -39.258872 -31.379000
v 30.061404 -39.623603 -37.170024
v 22.615954 -40.016212 -41.278776
v 45.027301 -44.174003 -15.051601
v 41.527896 -44.406448 -23.565768
v 36.194531 -44.563560 -30.918516
v 29.746381 -44.661552 -36.775836
v 22.354769 -44.680961 -40.884609
v 43.251595 -63.771751 2.638181
v 46.214991 -64.133926 -1.679293
v 46.431934 -60.110778 -1.977373
v 43.670648 -59.246703 2.969360
v 46.832469 -59.372802 7.881263
v 46.432928 -63.623435 6.676679
v 44.629984 -67.198898 2.333612
v 45.988970 -67.663718 -0.646957
v 45.432932 -67.726074 5.114821
v 45.869752 -54.601562 2.455274
v 47.099850 -54.625533 8.796362
v 46.665307 -55.059982 -3.751114
v 46.786475 -49.482291 -4.982022
v 47.003196 -49.034683 2.424020
v 47.319961 -49.373107 9.845395
v 46.175286 -63.515647 13.575835
v 46.287980 -67.427894 10.574973
v 46.112370 -59.317489 15.405253
v 46.106715 -54.856063 16.542294
v 46.185624 -50.368133 17.365968
v 46.227666 -46.638969 18.214377
v 44.382783 -46.053077 24.322602
v 40.626169 -45.618545 31.666379
v 34.927892 -45.435134 38.240888
v 15.420253 -49.538512 47.342630
v 23.947554 -50.153938 44.302021
v 33.430270 -50.403159 39.410988
v 39.926082 -50.472373 32.425469
v 43.962964 -50.514602 24.778648
v 43.832507 -55.028983 24.552875
v 39.565901 -55.180694 32.646717
v 32.754552 -55.352790 39.818012
v 23.752864 -55.551009 44.633461
v 15.470108 -54.680564 47.462294
v 6.911914 -49.269531 48.709180
v 6.944517 -53.981765 48.913308
v -2.103845 -49.238349 47.759036
v -2.187350 -53.754554 47.987063
v -10.565883 -49.395835 44.121926
v -10.789414 -53.797401 44.283933
v -17.631565 -49.707038 38.720046
v -18.078558 -53.937980 38.720016
v -22.709868 -50.085532 32.778021
v -23.510230 -53.943488 32.152108
v -25.891173 -50.423866 27.963621
v -27.577752 -53.357291 25.709292
v -29.167456 -57.903678 23.847796
v -30.384729 -62.693946 22.196322
v -31.047924 -67.252715 21.253937
v 13.883220 -66.798187 48.367154
v 21.651583 -68.106147 45.914628
v 15.017471 -59.128127 47.762495
v 22.846670 -60.572501 45.155152
v 14.485075 -63.029105 48.056234
v 22.195838 -64.411620 45.539845
v 43.903299 -59.414550 23.802712
v 39.489914 -59.663383 32.448657
v 32.355616 -60.029670 40.084554
v 44.209654 -63.501144 22.366344
v 39.696045 -63.800102 31.847482
v 32.161362 -64.239005 40.154054
v 44.863618 -67.264045 19.344990
v 40.201584 -67.552795 30.871682
v 32.179629 -68.040488 40.106325
v 6.728245 -58.297569 49.017377
v -2.344071 -58.077033 48.159136
v -11.130337 -58.128639 44.442239
v -18.723330 -58.266578 38.512096
v -24.581303 -58.305434 31.297172
v 6.523288 -62.195083 49.159356
v -2.347495 -62.172233 48.373830
v -11.420753 -62.426017 44.574353
v -19.334476 -62.631561 38.387733
v -25.537394 -62.819251 30.672378
v 6.064724 -66.085731 49.307923
v -2.782010 -66.151099 48.451079
v -11.899412 -66.465156 44.548529
v -19.942182 -66.797324 38.201140
v -26.352164 -67.226249 30.150627
v -34.288997 -62.211509 -3.856611
v -34.552743 -66.913444 -1.769802
v -33.950070 -57.584983 -5.302506
v -33.661387 -53.262237 -6.598153
v -33.442676 -49.816779 -7.796417
v -32.415713 -49.121703 -12.770301
v -32.542777 -53.135085 -12.401744
v -32.753602 -57.459350 -11.764894
v -33.037244 -61.981834 -10.911960
v -33.302798 -66.647529 -9.742033
v -8.816633 -65.350486 -36.789417
v -14.574538 -65.429221 -34.731388
v -10.277371 -45.996253 -38.401684
v -16.604596 -46.341636 -35.858256
v -9.966929 -49.678565 -38.088748
v -16.214720 -50.452979 -35.610617
v -9.940055 -53.567580 -37.631816
v -15.778314 -55.107612 -35.314321
v -9.122670 -59.487647 -37.204491
v -15.183360 -59.931518 -35.061753
v -22.199615 -46.912521 -31.167706
v -26.890639 -47.622344 -25.360988
v -30.298895 -48.370910 -19.020285
v -21.948454 -51.219337 -31.025582
v -26.769035 -51.950935 -25.245775
v -30.297229 -52.629020 -18.838963
v -21.643049 -55.716682 -30.949547
v -26.639729 -56.372443 -25.135268
v -30.343332 -57.014404 -18.541968
v -21.133985 -60.232528 -30.987596
v -26.432813 -60.886428 -25.133462
v -30.473958 -61.549667 -18.205972
v -20.728498 -65.264137 -30.911781
v -26.243413 -65.570045 -25.105425
v -30.580991 -66.149223 -17.824313
v 13.555457 -66.366836 -40.801449
v 7.988741 -66.058753 -41.026176
v 14.742598 -48.771835 -42.692766
v 7.562549 -48.138801 -43.168541
v 14.769521 -53.002082 -42.185084
v 7.965952 -52.123267 -42.708738
v 14.582076 -57.383415 -41.703796
v 8.084804 -56.281394 -42.236025
v 14.216160 -61.907905 -41.231056
v 8.064926 -61.427619 -41.561528
v -6.684984 -47.019065 -38.040259
v 2.210200 -47.925109 -42.180944
v -0.375252 -48.594001 -40.494308
v -2.744403 -48.771568 -38.657263
v -6.472798 -50.404121 -38.027510
v 3.164565 -51.838416 -41.982227
v 0.020473 -52.014472 -40.735456
v -2.494550 -52.062385 -39.007499
v -6.527705 -54.336608 -37.992655
v 3.431797 -56.083488 -41.582696
v 0.155734 -56.010169 -40.440326
v -2.582312 -56.023727 -39.113849
v -6.341215 -60.212775 -37.736199
v 3.528333 -61.117568 -40.987473
v 0.449947 -60.974555 -40.106469
v -2.325359 -60.993629 -39.008296
v -5.840181 -65.687240 -37.488332
v 3.684266 -65.855262 -40.462440
v 0.822445 -65.840614 -39.743960
v -2.005668 -66.204948 -38.785428
v 44.778541 -64.302818 -11.598530
v 44.931165 -59.940742 -12.062447
v 44.587094 -67.812301 -11.390270
v 44.986374 -55.047370 -13.020594
v 45.006197 -49.702331 -14.058386
v 41.085575 -64.187240 -21.196074
v 41.282089 -59.805854 -21.407678
v 40.724424 -67.268554 -21.305694
v 41.384221 -54.947486 -22.000977
v 41.446663 -49.762077 -22.794974
v 35.412798 -64.018050 -29.054206
v 35.747184 -59.574157 -29.274260
v 34.801974 -67.396117 -29.236853
v 35.921553 -54.753951 -29.742142
v 36.056111 -49.722823 -30.270766
v 28.639336 -63.667838 -35.080523
v 28.990124 -59.141990 -35.330342
v 28.304234 -67.208816 -34.885557
v 29.272839 -54.365089 -35.696396
v 29.602575 -49.566673 -36.321100
v 21.301568 -63.093589 -39.092489
v 21.786835 -58.354423 -39.485994
v 20.522729 -66.593299 -38.971676
v 22.094146 -53.777618 -39.884440
v 22.197420 -49.238967 -40.411664
v -34.577312 -67.940559 -1.635127
v -33.684975 -68.294212 5.061294
v -31.054998 -67.929176 6.955126
v -30.735170 -68.171287 9.854634
v -32.983695 -68.501273 12.866074
v -31.267687 -68.789954 20.936383
v -26.702905 -68.949607 29.925665
v -20.449192 -69.342498 37.990310
v -12.051770 -69.692390 44.753841
v -3.413433 -69.814079 48.468224
v 4.452265 -70.133727 49.461188
v 12.468068 -70.183158 48.755991
v 20.777925 -70.378455 46.355082
v 31.763974 -70.311469 40.426946
v 40.015267 -70.157676 31.031530
v 44.600871 -69.888213 19.854450
v 46.170636 -69.616943 10.758389
v 45.671512 -69.578872 5.357859
v 45.108705 -69.107841 2.272056
v 45.985269 -69.559196 -0.616929
v 44.538168 -69.259116 -11.341930
v 40.465665 -68.767989 -21.491459
v 35.005293 -68.499030 -28.872215
v 28.263045 -68.187736 -34.754888
v 20.146598 -68.057250 -38.922477
v 13.668075 -67.575210 -40.618264
v 8.019861 -67.674697 -40.826704
v 3.894689 -67.730170 -40.285548
v 0.790199 -67.632346 -39.533355
v -1.918297 -67.506866 -38.715369
v -5.684297 -67.511344 -37.431720
v -8.791164 -67.381385 -36.642788
v -14.349206 -67.308959 -34.689946
v -20.676349 -67.544311 -30.781504
v -26.064974 -67.454170 -25.221434
v -30.475761 -67.332244 -18.036633
v -33.270634 -67.715881 -9.874807
v -28.781652 -68.342613 2.693771
v -28.887932 -68.194999 -2.348660
v -26.895586 -68.474906 5.932631
v -25.529116 -68.614005 9.779245
v -24.829139 -68.763221 14.453083
v -22.754863 -68.992728 20.928410
v -19.265940 -69.269202 28.020844
v -14.703235 -69.554282 34.644804
v -9.163845 -69.818961 39.863055
v -2.617357 -70.019752 42.145469
v 4.497563 -70.186958 42.857499
v 12.031477 -70.317008 41.981639
v 20.032631 -70.415984 39.693792
v 29.109527 -70.494079 35.913354
v 36.041206 -70.426101 28.601254
v 38.520752 -70.211547 19.388867
v 39.944734 -70.008300 11.323282
v 40.718393 -69.843253 5.047158
v 42.161065 -69.780494 1.839685
v 40.377333 -69.640319 -1.745629
v 37.756099 -69.351806 -9.876246
v 34.799770 -69.036041 -18.712310
v 31.252450 -68.735397 -26.601285
v 26.599171 -68.440955 -33.484600
v 19.566982 -68.216575 -36.238457
v 13.435024 -68.044395 -37.825362
v 8.193375 -67.919364 -38.413623
v 4.123178 -67.854148 -37.765953
v 1.285338 -67.812019 -37.197797
v -1.221716 -67.769660 -36.874534
v -4.027365 -67.757835 -35.279100
v -7.753188 -67.724097 -33.785437
v -12.793437 -67.669120 -32.088470
v -17.600769 -67.692130 -27.854762
v -21.329617 -67.774909 -22.318697
v -24.612733 -67.891364 -15.933735
v -27.083787 -68.040092 -9.009792
v -0.810208 -67.887908 -33.068723
v 3.088083 -67.922286 -34.663167
v 5.924587 -68.022758 -33.206780
v 11.150274 -68.166938 -31.942897
v 17.109411 -68.310966 -31.208307
v 23.182369 -68.497184 -29.092461
v 24.688331 -68.690101 -23.479522
v 27.385029 -68.964698 -15.885489
v 30.544042 -69.271835 -7.493664
v 33.752400 -69.601058 1.628684
v 32.101613 -69.813644 10.179903
v 30.735212 -70.006431 17.841970
v 28.419828 -70.163932 24.958552
v 24.138075 -70.232627 30.401100
v 17.872357 -70.191772 33.463325
v 10.873765 -70.100990 35.318368
v 3.944935 -69.987090 36.321910
v -2.377625 -69.863181 36.545405
v -17.498774 -68.906760 14.190175
v -15.314811 -69.126205 20.238163
v -12.540055 -69.363441 26.480987
v -9.554406 -69.589835 32.197082
v -7.052212 -69.760528 36.327153
v -19.426739 -68.712959 8.847961
v -21.610915 -68.534454 4.219633
v -24.407925 -68.402717 1.651294
v -22.465384 -68.335960 -2.052040
v -5.622697 -67.860435 -30.580851
v -9.834758 -67.849296 -27.956315
v -13.659228 -67.865257 -24.668896
v -16.135908 -67.946113 -20.094746
v -18.378034 -68.063781 -14.411914
v -20.530228 -68.201408 -8.101138
v 21.325427 -69.137214 -5.571744
v 18.674669 -68.852279 -13.557059
v 23.286042 -69.406921 2.378496
v 23.427778 -69.627891 9.939476
v 23.003284 -69.819579 16.889677
v 22.032803 -69.975250 22.981600
v 20.833937 -70.072639 27.215445
v 15.970381 -70.001777 28.234713
v 9.528073 -69.901260 29.354738
v 2.729821 -69.789161 30.327200
v -3.773099 -69.678825 31.149941
v -5.830747 -69.469032 25.346142
v -12.321104 -68.808204 7.071638
v -10.170470 -69.028693 13.179541
v -8.005462 -69.248908 19.267787
v -15.245318 -68.553031 0.313863
v -10.371196 -68.092574 -19.136944
v -11.909635 -68.219169 -13.647474
v -13.423309 -68.373496 -7.213919
v -10.373363 -67.988044 -22.760117
v -6.758995 -68.009841 -24.587995
v -3.730247 -67.983787 -27.656677
v 1.318766 -68.079559 -27.944832
v 8.054903 -68.281989 -25.740724
v 15.457509 -68.539596 -22.099869
v 14.061581 -69.248801 3.490136
v 12.285228 -69.005294 -3.683896
v 10.185674 -68.756110 -10.823392
v 7.618262 -68.518012 -17.244447
v 4.316338 -68.339904 -21.060053
v -2.694255 -68.217551 -20.291046
v -4.966618 -68.348129 -14.139276
v -5.529012 -68.521842 -7.713304
v -5.647117 -68.720191 -0.750802
v -4.038304 -68.943069 5.826999
v 14.794629 -69.461486 10.340983
v 15.243601 -69.658523 16.851908
v 15.507734 -69.837814 22.880354
v 8.405653 -69.708938 23.488372
v 1.191028 -69.585746 24.373781
v -2.350800 -69.159446 12.123753
v -0.523841 -69.374656 18.279965
v 7.324931 -69.509788 17.355500
v 6.062007 -69.304328 11.133666
v 4.775964 -69.090652 4.643674
v 3.319792 -68.866172 -2.099247
v 2.095936 -68.644744 -8.902507
v 0.495123 -68.432609 -15.114155
vt 0.132831 0.798461
vt 0.133052 0.805367
vt 0.122885 0.803102
vt 0.123836 0.797265
vt 0.124089 0.790323
vt 0.133933 0.790551
vt 0.140676 0.807692
vt 0.141933 0.800364
vt 0.143652 0.792324
vt 0.060127 0.822686
vt 0.063622 0.812588
vt 0.070926 0.816144
vt 0.067891 0.824730
vt 0.058994 0.833276
vt 0.066697 0.833930
vt 0.076882 0.819513
vt 0.074617 0.826515
vt 0.073738 0.834633
vt 0.075296 0.808179
vt 0.068942 0.803613
vt 0.080238 0.813097
vt 0.115012 0.802178
vt 0.115193 0.797212
vt 0.115348 0.791070
vt 0.081701 0.801263
vt 0.085092 0.807514
vt 0.076239 0.795588
vt 0.088233 0.797419
vt 0.090696 0.803294
vt 0.084653 0.791617
vt 0.106685 0.801103
vt 0.105392 0.796167
vt 0.104092 0.790988
vt 0.099300 0.800067
vt 0.097351 0.795096
vt 0.093778 0.790045
vt 0.093168 0.796160
vt 0.095503 0.800876
vt 0.089591 0.790817
vt 0.067061 0.843787
vt 0.074033 0.843476
vt 0.059182 0.844285
vt 0.076560 0.853444
vt 0.069310 0.854336
vt 0.061572 0.855657
vt 0.150464 0.803394
vt 0.148024 0.811150
vt 0.153131 0.795087
vt 0.158145 0.807653
vt 0.154763 0.815567
vt 0.161903 0.799640
vt 0.160725 0.821330
vt 0.165403 0.813864
vt 0.169907 0.805865
vt 0.176351 0.829031
vt 0.180182 0.838213
vt 0.173679 0.842043
vt 0.170207 0.834249
vt 0.174370 0.870487
vt 0.176134 0.860452
vt 0.183558 0.859346
vt 0.182479 0.870811
vt 0.178888 0.882751
vt 0.170543 0.880796
vt 0.111643 0.902322
vt 0.124194 0.906249
vt 0.120828 0.914539
vt 0.107460 0.908953
vt 0.095365 0.900154
vt 0.100174 0.894645
vt 0.079511 0.863393
vt 0.084836 0.874021
vt 0.078799 0.877479
vt 0.073264 0.865578
vt 0.166045 0.827140
vt 0.171599 0.821293
vt 0.176871 0.814124
vt 0.182472 0.823464
vt 0.186944 0.833988
vt 0.191566 0.857946
vt 0.191119 0.870800
vt 0.188144 0.884135
vt 0.116928 0.922919
vt 0.102875 0.915760
vt 0.089966 0.906167
vt 0.071414 0.881445
vt 0.065050 0.868101
vt 0.091757 0.884506
vt 0.086174 0.889197
vt 0.079584 0.894409
vt 0.136500 0.908645
vt 0.173210 0.894708
vt 0.182581 0.897699
vt 0.175927 0.850814
vt 0.182835 0.848311
vt 0.190107 0.845543
vt 0.083765 0.782833
vt 0.079123 0.784906
vt 0.081523 0.779357
vt 0.076511 0.781698
vt 0.074393 0.778389
vt 0.079208 0.776139
vt 0.073113 0.771759
vt 0.074965 0.770018
vt 0.064525 0.773098
vt 0.081461 0.762312
vt 0.053439 0.777994
vt 0.090140 0.755717
vt 0.071536 0.790172
vt 0.066796 0.786686
vt 0.062404 0.782585
vt 0.061010 0.797860
vt 0.057969 0.794996
vt 0.054453 0.792079
vt 0.087644 0.781165
vt 0.098727 0.781052
vt 0.095540 0.769857
vt 0.097537 0.775348
vt 0.085796 0.777410
vt 0.083442 0.774107
vt 0.083888 0.763649
vt 0.077211 0.769789
vt 0.092713 0.758302
vt 0.106100 0.766788
vt 0.108285 0.772878
vt 0.110019 0.779355
vt 0.056346 0.809399
vt 0.123203 0.779458
vt 0.120117 0.763654
vt 0.121607 0.771432
vt 0.044329 0.804651
vt 0.049892 0.806792
vt 0.046970 0.791211
vt 0.040160 0.785327
vt 0.039720 0.799620
vt 0.040558 0.776810
vt 0.105962 0.750331
vt 0.108132 0.759057
vt 0.120553 0.755399
vt 0.131866 0.753273
vt 0.133465 0.762001
vt 0.142214 0.752166
vt 0.144796 0.762016
vt 0.028816 0.806177
vt 0.036471 0.814080
vt 0.032231 0.793880
vt 0.022730 0.797316
vt 0.821726 0.415907
vt 0.811931 0.422786
vt 0.117484 0.746193
vt 0.125169 0.741631
vt 0.866006 0.400963
vt 0.031612 0.776489
vt 0.023224 0.776670
vt 0.839429 0.405471
vt 0.134258 0.780750
vt 0.133745 0.771180
vt 0.145072 0.782376
vt 0.145669 0.772688
vt 0.155450 0.785479
vt 0.157011 0.775062
vt 0.156694 0.763872
vt 0.153777 0.753617
vt 0.881559 0.394173
vt 0.052650 0.820440
vt 0.044776 0.817931
vt 0.050561 0.832283
vt 0.041599 0.830823
vt 0.901144 0.387805
vt 0.166948 0.757196
vt 0.169171 0.767833
vt 0.168119 0.779866
vt 0.165247 0.790324
vt 0.920662 0.389227
vt 0.182125 0.765480
vt 0.181013 0.777020
vt 0.178316 0.787716
vt 0.174250 0.797418
vt 0.031873 0.828378
vt 0.023668 0.876400
vt 0.030159 0.894696
vt 0.903331 0.636714
vt 0.912637 0.623725
vt 0.042023 0.916247
vt 0.888912 0.658747
vt 0.859757 0.709016
vt 0.078704 0.952666
vt 0.097056 0.962949
vt 0.851589 0.727780
vt 0.599251 0.991671
vt 0.230721 0.883940
vt 0.231233 0.866745
vt 0.581070 0.989714
vt 0.518703 0.985819
vt 0.218480 0.811152
vt 0.209470 0.794710
vt 0.498143 0.988434
vt 0.197937 0.780179
vt 0.478451 0.990860
vt 0.540144 0.988572
vt 0.224189 0.830252
vt 0.565420 0.987975
vt 0.229333 0.849918
vt 0.617157 0.998781
vt 0.227677 0.901631
vt 0.876369 0.680898
vt 0.058592 0.936365
vt 0.020168 0.860482
vt 0.921851 0.614439
vt 0.182242 0.806521
vt 0.055056 0.870941
vt 0.045219 0.873661
vt 0.041492 0.858600
vt 0.051872 0.857367
vt 0.061693 0.885974
vt 0.051561 0.889843
vt 0.062189 0.906262
vt 0.071848 0.900344
vt 0.075333 0.920805
vt 0.083216 0.913036
vt 0.091108 0.932880
vt 0.097394 0.923837
vt 0.107215 0.942005
vt 0.112333 0.932118
vt 0.203677 0.901291
vt 0.126942 0.938854
vt 0.208226 0.885112
vt 0.197692 0.884939
vt 0.210246 0.869299
vt 0.200139 0.870310
vt 0.209452 0.853987
vt 0.200158 0.856145
vt 0.206682 0.838550
vt 0.198077 0.842309
vt 0.201950 0.823644
vt 0.194172 0.829141
vt 0.195634 0.810201
vt 0.188901 0.817158
vt 0.187676 0.798194
vt 0.034430 0.875508
vt 0.030605 0.859416
vt 0.041173 0.893047
vt 0.052021 0.911888
vt 0.066869 0.929128
vt 0.084540 0.942465
vt 0.101942 0.952334
vt 0.215450 0.901859
vt 0.219541 0.884623
vt 0.220897 0.868012
vt 0.219199 0.851718
vt 0.215667 0.834351
vt 0.209663 0.817877
vt 0.202469 0.802568
vt 0.193055 0.789095
vt 0.932932 0.601355
vt 0.018119 0.842452
vt 0.040348 0.844389
vt 0.050260 0.844519
vt 0.029283 0.843556
vt 0.022256 0.825292
vt 0.800209 0.428337
vt 0.085022 0.817335
vt 0.082333 0.822122
vt 0.089137 0.813233
vt 0.122617 0.808921
vt 0.114701 0.807566
vt 0.133363 0.812546
vt 0.140105 0.815427
vt 0.145753 0.818611
vt 0.151287 0.822837
vt 0.081297 0.827989
vt 0.080521 0.834827
vt 0.081906 0.843053
vt 0.083320 0.851952
vt 0.086142 0.861510
vt 0.090691 0.870832
vt 0.097329 0.879902
vt 0.156350 0.827446
vt 0.160514 0.832958
vt 0.094190 0.809953
vt 0.108832 0.806538
vt 0.099169 0.807858
vt 0.103667 0.806381
vt 0.164054 0.839109
vt 0.167082 0.845886
vt 0.168871 0.853337
vt 0.168671 0.861436
vt 0.166614 0.869930
vt 0.162993 0.878405
vt 0.138282 0.898932
vt 0.127597 0.897449
vt 0.116529 0.894350
vt 0.105869 0.888400
vt 0.107203 0.812675
vt 0.110091 0.810875
vt 0.114199 0.813485
vt 0.102489 0.814372
vt 0.097460 0.816203
vt 0.092731 0.818837
vt 0.088314 0.821618
vt 0.085569 0.823933
vt 0.085801 0.828192
vt 0.087193 0.834448
vt 0.088474 0.841852
vt 0.090318 0.850579
vt 0.093032 0.859738
vt 0.097361 0.867485
vt 0.103346 0.875299
vt 0.112019 0.881548
vt 0.121379 0.886189
vt 0.130781 0.888795
vt 0.139663 0.889665
vt 0.162286 0.855627
vt 0.161584 0.862117
vt 0.159549 0.869242
vt 0.156702 0.875848
vt 0.160590 0.849938
vt 0.157910 0.844215
vt 0.154762 0.838991
vt 0.151183 0.834277
vt 0.147070 0.829987
vt 0.142311 0.826186
vt 0.136994 0.822685
vt 0.130443 0.819340
vt 0.121716 0.816130
vt 0.090720 0.826810
vt 0.111646 0.818433
vt 0.095771 0.824595
vt 0.100693 0.822632
vt 0.105998 0.820917
vt 0.118901 0.822043
vt 0.126207 0.825888
vt 0.095030 0.839919
vt 0.097650 0.847914
vt 0.092810 0.832911
vt 0.110933 0.869683
vt 0.118280 0.874906
vt 0.105628 0.863081
vt 0.101196 0.855924
vt 0.141277 0.881132
vt 0.133695 0.881157
vt 0.126141 0.878885
vt 0.152346 0.873806
vt 0.152951 0.868925
vt 0.155359 0.862028
vt 0.157572 0.857222
vt 0.155053 0.853990
vt 0.132130 0.829613
vt 0.137434 0.833470
vt 0.142085 0.837306
vt 0.146146 0.841198
vt 0.149705 0.845058
vt 0.152749 0.849121
vt 0.098451 0.830765
vt 0.103821 0.828711
vt 0.108215 0.825864
vt 0.112064 0.823940
vt 0.116521 0.827175
vt 0.121690 0.831649
vt 0.127091 0.835972
vt 0.132191 0.840296
vt 0.136927 0.844314
vt 0.101300 0.837450
vt 0.104720 0.844585
vt 0.108727 0.851647
vt 0.113293 0.858078
vt 0.118521 0.863792
vt 0.124704 0.868504
vt 0.141353 0.847959
vt 0.145511 0.851117
vt 0.144283 0.870389
vt 0.136208 0.875149
vt 0.131082 0.872375
vt 0.149081 0.853280
vt 0.149190 0.859665
vt 0.106877 0.834772
vt 0.112290 0.831304
vt 0.116908 0.836694
vt 0.121554 0.841658
vt 0.115424 0.846836
vt 0.110999 0.840841
vt 0.142131 0.858148
vt 0.137184 0.866023
vt 0.126589 0.846684
vt 0.131468 0.851113
vt 0.136531 0.854988
vt 0.120261 0.852632
vt 0.125407 0.857645
vt 0.130851 0.862036
vt 0.850655 0.361685
vt 0.873818 0.355010
vt 0.877442 0.369444
vt 0.855262 0.377064
vt 0.897918 0.350984
vt 0.922245 0.351802
vt 0.922110 0.365546
vt 0.899935 0.365453
vt 0.464343 0.958535
vt 0.471512 0.968995
vt 0.498286 0.963670
vt 0.492962 0.951320
vt 0.522152 0.947256
vt 0.525892 0.959323
vt 0.584923 0.963276
vt 0.566265 0.962029
vt 0.566926 0.947653
vt 0.587709 0.949099
vt 0.816270 0.737885
vt 0.799707 0.731267
vt 0.809708 0.706441
vt 0.825061 0.713602
vt 0.853839 0.664433
vt 0.838845 0.655882
vt 0.853608 0.632455
vt 0.867972 0.641727
vt 0.893236 0.608134
vt 0.877296 0.597271
vt 0.885614 0.584240
vt 0.900227 0.595968
vt 0.754268 0.406887
vt 0.770948 0.395105
vt 0.780967 0.406782
vt 0.767498 0.417254
vt 0.855644 0.300847
vt 0.834240 0.306827
vt 0.829149 0.289088
vt 0.847851 0.283583
vt 0.897692 0.288570
vt 0.877170 0.294944
vt 0.867450 0.277124
vt 0.882468 0.268738
vt 0.515292 0.899548
vt 0.493231 0.901089
vt 0.491697 0.883906
vt 0.513270 0.882806
vt 0.592162 0.894947
vt 0.566510 0.896625
vt 0.564847 0.877665
vt 0.590347 0.873862
vt 0.758148 0.674794
vt 0.647133 0.893902
vt 0.646466 0.870206
vt 0.740568 0.662080
vt 0.806770 0.598230
vt 0.790689 0.622100
vt 0.776024 0.608974
vt 0.792363 0.585099
vt 0.846708 0.541213
vt 0.833711 0.557768
vt 0.820640 0.544055
vt 0.832896 0.528315
vt 0.741545 0.344189
vt 0.863036 0.522591
vt 0.850569 0.507264
vt 0.727262 0.325647
vt 0.868127 0.611205
vt 0.883657 0.621395
vt 0.807883 0.563558
vt 0.821181 0.576342
vt 0.838791 0.689756
vt 0.823927 0.681029
vt 0.774028 0.647779
vt 0.758275 0.634973
vt 0.778004 0.425969
vt 0.912317 0.605946
vt 0.791016 0.417483
vt 0.795753 0.399761
vt 0.804039 0.412060
vt 0.812423 0.393260
vt 0.816196 0.405199
vt 0.903901 0.615945
vt 0.894345 0.629579
vt 0.879306 0.650548
vt 0.866196 0.672837
vt 0.850193 0.699975
vt 0.839253 0.721198
vt 0.607302 0.968455
vt 0.610814 0.952563
vt 0.618640 0.894401
vt 0.617085 0.871934
vt 0.622444 0.987367
vt 0.602920 0.981042
vt 0.582815 0.977595
vt 0.545521 0.946866
vt 0.545846 0.960824
vt 0.540724 0.897774
vt 0.539417 0.880587
vt 0.565899 0.975992
vt 0.543309 0.975282
vt 0.522078 0.973644
vt 0.498725 0.976256
vt 0.475153 0.979850
vt 0.921452 0.377804
vt 0.900763 0.377676
vt 0.880092 0.381722
vt 0.827860 0.370552
vt 0.832290 0.387121
vt 0.815995 0.312475
vt 0.813379 0.295284
vt 0.860172 0.389072
vt 0.835828 0.397394
vt 0.869145 0.337913
vt 0.893643 0.333713
vt 0.427415 0.946700
vt 0.495452 0.934839
vt 0.519301 0.932957
vt 0.544093 0.931786
vt 0.567266 0.932141
vt 0.590237 0.933049
vt 0.614531 0.934981
vt 0.782143 0.722888
vt 0.793616 0.697394
vt 0.808003 0.671447
vt 0.822823 0.645930
vt 0.837339 0.622085
vt 0.850900 0.600390
vt 0.861229 0.585018
vt 0.873111 0.570215
vt 0.742921 0.392704
vt 0.761007 0.381381
vt 0.819633 0.354108
vt 0.845344 0.343897
vt 0.885893 0.314835
vt 0.862862 0.319313
vt 0.410654 0.927072
vt 0.494774 0.918139
vt 0.517207 0.916641
vt 0.542252 0.915229
vt 0.567275 0.915272
vt 0.591775 0.915298
vt 0.617392 0.916008
vt 0.763267 0.713129
vt 0.776253 0.686789
vt 0.791032 0.660328
vt 0.806432 0.634416
vt 0.821580 0.610817
vt 0.835126 0.588979
vt 0.847118 0.571895
vt 0.860076 0.555834
vt 0.732051 0.376931
vt 0.751201 0.365148
vt 0.840614 0.324873
vt 0.820479 0.331150
vt 0.788501 0.386987
vt 0.808368 0.377300
vt 0.814362 0.366413
vt 0.779593 0.373529
vt 0.798945 0.365561
vt 0.770618 0.358412
vt 0.789871 0.353193
vt 0.806002 0.347812
vt 0.805319 0.333860
vt 0.763611 0.342061
vt 0.784155 0.338055
vt 0.801364 0.318694
vt 0.782114 0.324492
vt 0.760313 0.327768
vt 0.799933 0.304554
vt 0.781938 0.311485
vt 0.755916 0.313928
vt 0.744250 0.330426
vt 0.738116 0.317747
vt 0.474635 0.944520
vt 0.474816 0.933337
vt 0.455313 0.947036
vt 0.454563 0.934472
vt 0.430866 0.923468
vt 0.437287 0.935139
vt 0.451565 0.921201
vt 0.473288 0.918971
vt 0.471513 0.902298
vt 0.470181 0.884731
vt 0.449079 0.904933
vt 0.447655 0.886803
vt 0.425403 0.908200
vt 0.423981 0.889480
vt 0.400704 0.890905
vt 0.894139 0.276595
vt 0.389216 0.888929
vt 0.889078 0.264484
vt 0.383502 0.880802
vt 0.809592 0.279116
vt 0.823453 0.270110
vt 0.839306 0.261825
vt 0.855859 0.252986
vt 0.871487 0.245542
vt 0.377638 0.867407
vt 0.881580 0.245122
vt 0.795888 0.287533
vt 0.776169 0.292908
vt 0.753407 0.294587
vt 0.734331 0.306188
vt 0.724090 0.306823
vt 0.718599 0.321191
vt 0.715183 0.312770
vt 0.843476 0.495620
vt 0.833910 0.485566
vt 0.823890 0.519671
vt 0.818807 0.506473
vt 0.811533 0.533809
vt 0.800849 0.524044
vt 0.392333 0.862082
vt 0.397136 0.876376
vt 0.422402 0.873262
vt 0.420028 0.857398
vt 0.448411 0.869262
vt 0.448317 0.852528
vt 0.468896 0.867978
vt 0.467604 0.851514
vt 0.489273 0.867058
vt 0.487505 0.849477
vt 0.509501 0.866462
vt 0.507276 0.847976
vt 0.536433 0.864759
vt 0.533930 0.846580
vt 0.561905 0.860411
vt 0.558036 0.842343
vt 0.586852 0.853974
vt 0.583457 0.835541
vt 0.613822 0.850653
vt 0.608759 0.829800
vt 0.704760 0.675803
vt 0.635444 0.824312
vt 0.722932 0.649437
vt 0.704559 0.637436
vt 0.742808 0.622689
vt 0.727273 0.612974
vt 0.760239 0.594691
vt 0.743988 0.590918
vt 0.777187 0.570477
vt 0.796289 0.550637
vt 0.772122 0.552769
vt 0.786184 0.538236
vt 0.760612 0.580483
vt 0.765306 0.571365
vt 0.761021 0.562288
vt 0.752171 0.575449
vt 0.751914 0.552782
vt 0.741666 0.566189
vt 0.731310 0.580718
vt 0.762926 0.540343
vt 0.775068 0.525955
vt 0.787454 0.510794
vt 0.805087 0.490098
vt 0.818902 0.474074
vt 0.707976 0.297918
vt 0.720073 0.291681
vt 0.728810 0.293712
vt 0.744179 0.281716
vt 0.770572 0.275020
vt 0.792259 0.271249
vt 0.806137 0.264071
vt 0.818979 0.255659
vt 0.833669 0.247825
vt 0.849817 0.239677
vt 0.868804 0.230730
vt 0.877744 0.230228
vt 0.373816 0.853946
vt 0.390950 0.848951
vt 0.416860 0.842408
vt 0.446482 0.836179
vt 0.466609 0.835716
vt 0.485892 0.834060
vt 0.506858 0.831050
vt 0.531373 0.828348
vt 0.555445 0.824295
vt 0.579260 0.818093
vt 0.603097 0.811064
vt 0.627185 0.803892
vt 0.683838 0.627870
vt 0.713341 0.602405
vt 0.789486 0.256262
vt 0.804918 0.249312
vt 0.816406 0.242180
vt 0.829108 0.235236
vt 0.767216 0.261399
vt 0.739387 0.268967
vt 0.725017 0.280890
vt 0.715156 0.283176
vt 0.703753 0.285681
vt 0.808861 0.464263
vt 0.791300 0.479774
vt 0.775332 0.498378
vt 0.763733 0.514643
vt 0.752286 0.529302
vt 0.741252 0.542983
vt 0.729859 0.556749
vt 0.718268 0.570842
vt 0.700421 0.589782
vt 0.673452 0.614151
vt 0.663925 0.630305
vt 0.654061 0.623809
vt 0.622935 0.789900
vt 0.620328 0.776286
vt 0.600318 0.797667
vt 0.597989 0.783847
vt 0.576792 0.804427
vt 0.573932 0.790843
vt 0.553256 0.809870
vt 0.550186 0.795577
vt 0.529104 0.813827
vt 0.525826 0.800054
vt 0.844880 0.226069
vt 0.865890 0.215762
vt 0.874465 0.217053
vt 0.371080 0.840416
vt 0.387034 0.836554
vt 0.414034 0.828210
vt 0.447748 0.820115
vt 0.465053 0.826019
vt 0.482803 0.822210
vt 0.475389 0.811367
vt 0.505023 0.817761
vt 0.500875 0.805133
vt 0.787555 0.241576
vt 0.803487 0.235459
vt 0.813501 0.229949
vt 0.824597 0.223508
vt 0.840604 0.215066
vt 0.863619 0.204195
vt 0.870960 0.203711
vt 0.369186 0.824978
vt 0.384751 0.822281
vt 0.410692 0.814391
vt 0.440718 0.806386
vt 0.469883 0.798677
vt 0.496403 0.792309
vt 0.521372 0.786305
vt 0.545272 0.780632
vt 0.569188 0.774796
vt 0.593608 0.767446
vt 0.617210 0.760274
vt 0.644580 0.613025
vt 0.660907 0.602857
vt 0.688394 0.579575
vt 0.705234 0.562133
vt 0.717898 0.547617
vt 0.729874 0.533391
vt 0.741406 0.519085
vt 0.752984 0.504067
vt 0.764812 0.487481
vt 0.779013 0.467170
vt 0.795765 0.454490
vt 0.698665 0.272777
vt 0.709494 0.274308
vt 0.718623 0.270722
vt 0.734202 0.260737
vt 0.763785 0.249274
vt 0.786366 0.227823
vt 0.802122 0.222619
vt 0.810571 0.217819
vt 0.821811 0.211797
vt 0.838115 0.203067
vt 0.761628 0.238034
vt 0.732920 0.249999
vt 0.715438 0.260985
vt 0.705125 0.265088
vt 0.695052 0.262634
vt 0.784644 0.448090
vt 0.769956 0.459601
vt 0.754681 0.477876
vt 0.860358 0.192281
vt 0.867453 0.190828
vt 0.368875 0.810830
vt 0.384033 0.807377
vt 0.408523 0.800699
vt 0.369070 0.793090
vt 0.861465 0.175844
vt 0.383828 0.790619
vt 0.406568 0.785480
vt 0.855182 0.158097
vt 0.370569 0.773247
vt 0.384289 0.772676
vt 0.406262 0.768370
vt 0.851244 0.140416
vt 0.372804 0.754055
vt 0.385061 0.754509
vt 0.406761 0.751223
vt 0.436668 0.793255
vt 0.433435 0.779652
vt 0.432721 0.763104
vt 0.431546 0.745884
vt 0.465885 0.785925
vt 0.462494 0.772677
vt 0.460339 0.757164
vt 0.459373 0.740301
vt 0.492013 0.779565
vt 0.488012 0.765929
vt 0.485021 0.750675
vt 0.482425 0.734160
vt 0.516651 0.772879
vt 0.512146 0.759004
vt 0.508270 0.744043
vt 0.505430 0.728013
vt 0.539876 0.766205
vt 0.534692 0.752127
vt 0.531222 0.737482
vt 0.528096 0.722210
vt 0.561603 0.759927
vt 0.554887 0.745863
vt 0.551696 0.732262
vt 0.549729 0.717691
vt 0.581730 0.751524
vt 0.573606 0.739685
vt 0.568533 0.726758
vt 0.565652 0.712783
vt 0.608644 0.744693
vt 0.632939 0.600394
vt 0.603112 0.609754
vt 0.587152 0.604999
vt 0.580369 0.708561
vt 0.618527 0.593695
vt 0.604629 0.587909
vt 0.595103 0.580069
vt 0.649668 0.591121
vt 0.676757 0.569042
vt 0.692456 0.553328
vt 0.636377 0.580221
vt 0.621852 0.567886
vt 0.610862 0.554721
vt 0.666786 0.560919
vt 0.651883 0.549330
vt 0.635687 0.537538
vt 0.680704 0.544100
vt 0.667498 0.533426
vt 0.653833 0.522426
vt 0.706075 0.538411
vt 0.718410 0.523959
vt 0.730469 0.509329
vt 0.742527 0.494241
vt 0.694123 0.528876
vt 0.681653 0.518636
vt 0.668878 0.508123
vt 0.706814 0.514264
vt 0.694751 0.504174
vt 0.682430 0.494090
vt 0.719309 0.499687
vt 0.707567 0.489734
vt 0.695029 0.480095
vt 0.731817 0.484471
vt 0.720148 0.474819
vt 0.707235 0.465775
vt 0.744670 0.468726
vt 0.733740 0.459088
vt 0.719482 0.449309
vt 0.759769 0.450707
vt 0.749145 0.440842
vt 0.733620 0.430827
vt 0.673656 0.247096
vt 0.668035 0.234411
vt 0.741902 0.420643
vt 0.855949 0.180806
vt 0.846753 0.164389
vt 0.840092 0.147977
vt 0.835367 0.190159
vt 0.829674 0.175141
vt 0.823382 0.159513
vt 0.819022 0.198371
vt 0.815038 0.183646
vt 0.809449 0.168789
vt 0.807231 0.204298
vt 0.803897 0.190112
vt 0.799949 0.177100
vt 0.715247 0.247643
vt 0.701684 0.253698
vt 0.691110 0.251669
vt 0.732307 0.239586
vt 0.757939 0.227302
vt 0.780502 0.216911
vt 0.796521 0.210079
vt 0.792299 0.197417
vt 0.787676 0.184808
vt 0.777884 0.205620
vt 0.772959 0.192694
vt 0.755679 0.216302
vt 0.752205 0.204125
vt 0.676839 0.219463
vt 0.687344 0.238485
vt 0.701262 0.239499
vt 0.713763 0.238136
vt 0.730746 0.227818
vt 0.698491 0.223838
vt 0.712004 0.221743
vt 0.729626 0.214504
vt 0.849353 0.121515
vt 0.373942 0.734737
vt 0.384342 0.735704
vt 0.406540 0.728740
vt 0.430513 0.723805
vt 0.458247 0.720692
vt 0.480553 0.716878
vt 0.503336 0.711349
vt 0.525755 0.706001
vt 0.547539 0.699159
vt 0.567471 0.697599
vt 0.577433 0.691008
vt 0.585347 0.568664
vt 0.594498 0.544020
vt 0.622114 0.526355
vt 0.641257 0.511458
vt 0.656954 0.497898
vt 0.670307 0.484321
vt 0.682430 0.471067
vt 0.693696 0.457120
vt 0.704767 0.441723
vt 0.716339 0.422950
vt 0.726972 0.412063
vt 0.665711 0.204399
vt 0.691748 0.209179
vt 0.705742 0.208021
vt 0.718123 0.202912
vt 0.720136 0.210338
vt 0.730079 0.205884
vt 0.748987 0.194604
vt 0.728087 0.198681
vt 0.745327 0.186499
vt 0.767801 0.183706
vt 0.763475 0.174868
vt 0.783233 0.175718
vt 0.779699 0.165797
vt 0.794924 0.169925
vt 0.798103 0.158379
vt 0.816168 0.146368
vt 0.834443 0.133869
vt 0.696230 0.413742
vt 0.705283 0.398723
vt 0.657583 0.189096
vt 0.689439 0.433659
vt 0.680607 0.449636
vt 0.670382 0.462902
vt 0.658846 0.475573
vt 0.646146 0.487895
vt 0.630776 0.501017
vt 0.610873 0.514313
vt 0.581462 0.529030
vt 0.682919 0.189887
vt 0.701523 0.193109
vt 0.718241 0.192648
vt 0.726667 0.190357
vt 0.741831 0.177600
vt 0.757722 0.166557
vt 0.772840 0.154831
vt 0.792596 0.145696
vt 0.810582 0.133859
vt 0.827299 0.122511
vt 0.844403 0.110246
vt 0.375824 0.719958
vt 0.385429 0.721118
vt 0.405211 0.717629
vt 0.427370 0.712023
vt 0.455313 0.706376
vt 0.479030 0.700560
vt 0.501728 0.695301
vt 0.523592 0.690318
vt 0.544320 0.686098
vt 0.564746 0.685304
vt 0.577822 0.676002
vt 0.577132 0.557203
vt 0.562052 0.549010
vt 0.563376 0.545731
vt 0.566973 0.544366
vt 0.565476 0.550184
vt 0.572490 0.538736
vt 0.571851 0.554719
vt 0.580002 0.662489
vt 0.562447 0.537655
vt 0.565301 0.665061
vt 0.546541 0.672678
vt 0.523423 0.674406
vt 0.500821 0.678004
vt 0.478071 0.683924
vt 0.455163 0.690501
vt 0.431028 0.697446
vt 0.408566 0.703277
vt 0.388372 0.705078
vt 0.378982 0.704529
vt 0.841277 0.096105
vt 0.804898 0.121875
vt 0.821364 0.111078
vt 0.786750 0.135676
vt 0.770794 0.142868
vt 0.760462 0.154054
vt 0.757362 0.146655
vt 0.751006 0.159809
vt 0.737858 0.168313
vt 0.746324 0.151841
vt 0.733385 0.159582
vt 0.727628 0.176623
vt 0.724852 0.166203
vt 0.719498 0.180823
vt 0.717997 0.169547
vt 0.702143 0.181078
vt 0.702636 0.169288
vt 0.682934 0.177873
vt 0.683006 0.165387
vt 0.655774 0.178112
vt 0.651483 0.167108
vt 0.697343 0.394377
vt 0.685412 0.386862
vt 0.687343 0.410775
vt 0.673194 0.405108
vt 0.680023 0.429746
vt 0.669417 0.424711
vt 0.669970 0.443772
vt 0.659696 0.438893
vt 0.659571 0.455959
vt 0.649367 0.449836
vt 0.648519 0.467623
vt 0.638559 0.460816
vt 0.636299 0.479433
vt 0.626740 0.472363
vt 0.622399 0.491822
vt 0.613644 0.484925
vt 0.606033 0.504109
vt 0.598191 0.497171
vt 0.567734 0.528804
vt 0.580131 0.511799
vt 0.589781 0.514500
vt 0.572688 0.647204
vt 0.551310 0.524149
vt 0.568567 0.507308
vt 0.574363 0.493365
vt 0.584343 0.499068
vt 0.591940 0.492314
vt 0.580302 0.488257
vt 0.604860 0.479196
vt 0.592398 0.474600
vt 0.616890 0.466172
vt 0.605656 0.459297
vt 0.628680 0.454298
vt 0.618260 0.446734
vt 0.640091 0.443943
vt 0.628911 0.435920
vt 0.651151 0.434759
vt 0.638521 0.426391
vt 0.662573 0.421043
vt 0.648877 0.413655
vt 0.666053 0.402617
vt 0.649576 0.395960
vt 0.611148 0.155791
vt 0.654360 0.381786
vt 0.634680 0.152953
vt 0.616381 0.135977
vt 0.665767 0.155097
vt 0.643878 0.140520
vt 0.661139 0.137467
vt 0.673656 0.142907
vt 0.692053 0.152920
vt 0.706062 0.159037
vt 0.715965 0.161557
vt 0.721770 0.156698
vt 0.728979 0.151503
vt 0.741537 0.141322
vt 0.751183 0.137018
vt 0.765211 0.132742
vt 0.777553 0.128135
vt 0.797282 0.110357
vt 0.813760 0.097135
vt 0.840600 0.076755
vt 0.382746 0.686797
vt 0.391187 0.688779
vt 0.411717 0.686702
vt 0.432497 0.680886
vt 0.455336 0.673102
vt 0.476414 0.666236
vt 0.500261 0.658189
vt 0.522596 0.655047
vt 0.545589 0.650562
vt 0.534433 0.516547
vt 0.562227 0.631359
vt 0.549231 0.631689
vt 0.540694 0.640261
vt 0.541503 0.631549
vt 0.523025 0.641115
vt 0.521558 0.628085
vt 0.552508 0.498290
vt 0.563190 0.488421
vt 0.569629 0.485014
vt 0.580129 0.471167
vt 0.591566 0.451750
vt 0.606515 0.438224
vt 0.617549 0.426573
vt 0.627511 0.417069
vt 0.634517 0.407899
vt 0.635946 0.389693
vt 0.637909 0.374160
vt 0.596935 0.124426
vt 0.609337 0.112905
vt 0.625451 0.125922
vt 0.643731 0.126413
vt 0.659562 0.127148
vt 0.676771 0.130343
vt 0.694540 0.135104
vt 0.707401 0.142919
vt 0.713478 0.148073
vt 0.719057 0.148911
vt 0.724479 0.144664
vt 0.735182 0.135914
vt 0.742980 0.129426
vt 0.759696 0.123542
vt 0.768850 0.115954
vt 0.783877 0.103742
vt 0.800507 0.090609
vt 0.817629 0.084550
vt 0.814036 0.074466
vt 0.844805 0.060197
vt 0.385960 0.670675
vt 0.392635 0.673742
vt 0.827950 0.078614
vt 0.829618 0.064217
vt 0.413351 0.671929
vt 0.432399 0.663600
vt 0.455577 0.655493
vt 0.472652 0.649430
vt 0.492298 0.643650
vt 0.504346 0.639475
vt 0.508736 0.646925
vt 0.619559 0.358586
vt 0.580351 0.112927
vt 0.579259 0.095423
vt 0.614391 0.372430
vt 0.612315 0.397596
vt 0.607050 0.406768
vt 0.600530 0.416563
vt 0.591272 0.427221
vt 0.577870 0.443748
vt 0.565819 0.457863
vt 0.555962 0.477796
vt 0.552348 0.482443
vt 0.542807 0.489990
vt 0.526607 0.508316
vt 0.548662 0.614883
vt 0.558099 0.613576
vt 0.541057 0.618955
vt 0.523267 0.615272
vt 0.503226 0.623174
vt 0.489086 0.629920
vt 0.472673 0.634920
vt 0.454098 0.642171
vt 0.433456 0.648728
vt 0.417760 0.655502
vt 0.396314 0.659903
vt 0.389482 0.659147
vt 0.841098 0.052537
vt 0.828345 0.051920
vt 0.814135 0.058646
vt 0.798341 0.073708
vt 0.799598 0.062998
vt 0.794824 0.086302
vt 0.778247 0.097108
vt 0.766274 0.107272
vt 0.756378 0.116054
vt 0.739594 0.120877
vt 0.729103 0.129511
vt 0.718926 0.134178
vt 0.705361 0.130145
vt 0.694109 0.126310
vt 0.677490 0.121705
vt 0.662095 0.118277
vt 0.646321 0.114490
vt 0.628609 0.107778
vt 0.614502 0.100830
vt 0.597282 0.098972
vt 0.602048 0.094513
vt 0.584484 0.088658
vt 0.594249 0.081258
vt 0.563972 0.106362
vt 0.600026 0.333672
vt 0.612857 0.345846
vt 0.597638 0.349629
vt 0.605622 0.377672
vt 0.597273 0.369637
vt 0.605384 0.393725
vt 0.594418 0.386813
vt 0.599718 0.403036
vt 0.587010 0.398813
vt 0.592590 0.411992
vt 0.582534 0.405573
vt 0.572025 0.438254
vt 0.584680 0.422470
vt 0.570864 0.416225
vt 0.557168 0.431724
vt 0.559417 0.452400
vt 0.547993 0.444826
vt 0.548893 0.472121
vt 0.536768 0.464910
vt 0.544818 0.478979
vt 0.534611 0.473347
vt 0.537677 0.484011
vt 0.528699 0.478680
vt 0.520364 0.499940
vt 0.512918 0.491600
vt 0.556113 0.603392
vt 0.554092 0.590242
vt 0.547331 0.605730
vt 0.545627 0.592559
vt 0.539769 0.611855
vt 0.537347 0.596532
vt 0.526170 0.606689
vt 0.525939 0.595034
vt 0.505268 0.612856
vt 0.503261 0.602380
vt 0.454009 0.633500
vt 0.473592 0.627847
vt 0.489831 0.621305
vt 0.488339 0.609234
vt 0.472012 0.614934
vt 0.451917 0.621430
vt 0.433220 0.641865
vt 0.434480 0.628488
vt 0.420869 0.643928
vt 0.425337 0.631825
vt 0.400150 0.650172
vt 0.405539 0.635948
vt 0.392115 0.650963
vt 0.396218 0.635492
vt 0.839089 0.044441
vt 0.839608 0.035147
vt 0.827159 0.045550
vt 0.824746 0.036831
vt 0.817433 0.049771
vt 0.814443 0.042529
vt 0.801627 0.045211
vt 0.803502 0.053036
vt 0.846246 0.095732
vt 0.855609 0.100528
vt 0.862302 0.107124
vt 0.845423 0.082933
vt 0.580797 0.344914
vt 0.582552 0.364202
vt 0.579668 0.380360
vt 0.568599 0.389976
vt 0.550778 0.575294
vt 0.547199 0.577281
vt 0.501911 0.482722
vt 0.516126 0.472342
vt 0.520000 0.466655
vt 0.522695 0.459930
vt 0.535854 0.580401
vt 0.524929 0.581406
vt 0.562289 0.400349
vt 0.554468 0.411189
vt 0.544144 0.427787
vt 0.534671 0.441364
vt 0.470056 0.599522
vt 0.486304 0.592718
vt 0.502557 0.586681
vt 0.440021 0.608416
vt 0.450307 0.604035
vt 0.428169 0.615349
vt 0.412104 0.620542
vt 0.402423 0.622923
vt 0.393257 0.621613
vt 0.943964 0.208388
vt 0.930971 0.210621
vt 0.807690 0.038626
vt 0.811389 0.029276
vt 0.799673 0.039433
vt 0.550189 0.570793
vt 0.544101 0.571749
vt 0.547796 0.565952
vt 0.508044 0.470345
vt 0.513667 0.464740
vt 0.516407 0.456190
vt 0.535760 0.574513
vt 0.527456 0.572664
vt 0.543565 0.566851
vt 0.500095 0.469329
vt 0.503402 0.464309
vt 0.507071 0.455375
vt 0.538385 0.569301
vt 0.492612 0.467888
vt 0.496085 0.462764
vt 0.500556 0.455784
vt 0.531060 0.567944
vt 0.530585 0.562334
vt 0.534810 0.559798
vt 0.535157 0.553579
vt 0.958482 0.198473
vt 0.395381 0.603401
vt 0.406989 0.606304
vt 0.417716 0.605474
vt 0.399137 0.585247
vt 0.388319 0.571435
vt 0.410502 0.591530
vt 0.420244 0.590687
vt 0.567438 0.333528
vt 0.989406 0.176059
vt 0.553999 0.328614
vt 0.557104 0.312865
vt 0.381059 0.562389
vt 0.972479 0.181101
vt 0.570093 0.348776
vt 0.554647 0.343315
vt 0.570153 0.365796
vt 0.558539 0.363627
vt 0.564960 0.378617
vt 0.552364 0.371963
vt 0.553135 0.392110
vt 0.539245 0.384688
vt 0.542358 0.405274
vt 0.528824 0.397708
vt 0.532349 0.420420
vt 0.520317 0.411986
vt 0.523274 0.436796
vt 0.512758 0.425933
vt 0.513028 0.448452
vt 0.514745 0.441335
vt 0.508048 0.436249
vt 0.505416 0.445626
vt 0.429655 0.603598
vt 0.430274 0.587463
vt 0.440365 0.598079
vt 0.442255 0.582113
vt 0.453077 0.592702
vt 0.455211 0.577124
vt 0.469654 0.587945
vt 0.469335 0.572702
vt 0.485683 0.582878
vt 0.484540 0.568651
vt 0.501820 0.578458
vt 0.499374 0.565217
vt 0.514259 0.561821
vt 0.516427 0.570727
vt 0.491991 0.435410
vt 0.527579 0.542343
vt 0.510278 0.547379
vt 0.496969 0.546536
vt 0.483302 0.549241
vt 0.443784 0.565450
vt 0.455577 0.560978
vt 0.469118 0.555386
vt 0.425495 0.571595
vt 0.434357 0.569613
vt 0.395793 0.557255
vt 0.406826 0.565027
vt 0.417818 0.570868
vt 0.387941 0.554160
vt 0.385895 0.543932
vt 0.538764 0.328207
vt 0.538370 0.342673
vt 0.539185 0.355212
vt 0.534471 0.366448
vt 0.523098 0.375847
vt 0.514517 0.389693
vt 0.506555 0.404514
vt 0.500310 0.418209
vt 0.496090 0.428183
vt 0.518786 0.530667
vt 0.477615 0.428476
vt 0.482220 0.422085
vt 0.484591 0.413670
vt 0.491401 0.398356
vt 0.498780 0.382611
vt 0.503002 0.368564
vt 0.518562 0.360804
vt 0.506648 0.531849
vt 0.494110 0.531469
vt 0.481865 0.531247
vt 0.467804 0.538538
vt 0.454100 0.546132
vt 0.443740 0.549188
vt 0.422019 0.552190
vt 0.429831 0.554908
vt 0.436962 0.554198
vt 0.413010 0.546576
vt 0.400261 0.538489
vt 0.522967 0.330193
vt 0.523273 0.342936
vt 0.523196 0.352905
vt 0.428309 0.536383
vt 0.434169 0.541291
vt 0.422124 0.529465
vt 0.412865 0.521277
vt 0.506721 0.335086
vt 0.508932 0.344950
vt 0.512730 0.351232
vt 0.505834 0.355386
vt 0.497053 0.360409
vt 0.491154 0.346962
vt 0.489668 0.335694
vt 0.424934 0.505600
vt 0.484893 0.356792
vt 0.432171 0.513690
vt 0.435837 0.522739
vt 0.439255 0.530289
vt 0.439347 0.542835
vt 0.444011 0.541510
vt 0.447171 0.531078
vt 0.442877 0.532019
vt 0.491935 0.374722
vt 0.483011 0.365042
vt 0.453509 0.540572
vt 0.453326 0.530556
vt 0.467405 0.532963
vt 0.464426 0.523534
vt 0.479905 0.524882
vt 0.475934 0.517721
vt 0.492687 0.521204
vt 0.490449 0.508145
vt 0.504880 0.521954
vt 0.499535 0.509517
vt 0.465849 0.423553
vt 0.507874 0.514274
vt 0.472061 0.420537
vt 0.475352 0.416382
vt 0.476735 0.409197
vt 0.461444 0.411838
vt 0.482308 0.396527
vt 0.470332 0.396297
vt 0.474484 0.381181
vt 0.471615 0.367955
vt 0.445122 0.519220
vt 0.452850 0.515848
vt 0.462988 0.511607
vt 0.472719 0.507506
vt 0.486498 0.495105
vt 0.447954 0.396011
vt 0.451702 0.405439
vt 0.453451 0.404319
vt 0.458893 0.395823
vt 0.461390 0.381791
vt 0.459761 0.367482
vt 0.476617 0.353889
vt 0.465415 0.350617
vt 0.467144 0.341336
vt 0.479175 0.343490
vt 0.477589 0.335626
vt 0.433580 0.498003
vt 0.438167 0.504547
vt 0.441134 0.511047
vt 0.459652 0.338737
vt 0.445951 0.489219
vt 0.448413 0.493755
vt 0.447234 0.504193
vt 0.450616 0.388873
vt 0.451142 0.395857
vt 0.449553 0.379158
vt 0.448623 0.367879
vt 0.448179 0.352812
vt 0.482426 0.486784
vt 0.473379 0.479379
vt 0.460408 0.471864
vt 0.474057 0.493907
vt 0.461559 0.500727
vt 0.470380 0.485615
vt 0.459179 0.489643
vt 0.454359 0.476007
vt 0.455689 0.346177
vt 0.462905 0.479333
vt 0.456940 0.480984
vt 0.944792 0.191621
vt 0.953214 0.187918
vt 0.933636 0.193625
vt 0.921091 0.198576
vt 0.964806 0.171552
vt 0.985818 0.162135
vt 0.863097 0.074694
vt 0.859859 0.089056
vt 0.865808 0.095632
vt 0.872283 0.104109
vt 0.867601 0.116864
vt 0.875450 0.116829
vt 0.600465 0.073067
vt 0.606163 0.084504
vt 0.614890 0.089900
vt 0.626279 0.092599
vt 0.639954 0.097727
vt 0.640226 0.106893
vt 0.648511 0.107343
vt 0.661749 0.110941
vt 0.650780 0.093691
vt 0.664461 0.101076
vt 0.674400 0.099096
vt 0.673458 0.110415
vt 0.690154 0.102043
vt 0.689631 0.112734
vt 0.702040 0.102383
vt 0.702771 0.114509
vt 0.725316 0.119045
vt 0.715078 0.120198
vt 0.724046 0.108877
vt 0.714292 0.108203
vt 0.736442 0.114406
vt 0.731703 0.106503
vt 0.750837 0.107438
vt 0.742743 0.100798
vt 0.760981 0.098627
vt 0.750766 0.093448
vt 0.771700 0.090767
vt 0.763125 0.081126
vt 0.785716 0.085981
vt 0.778979 0.072310
vt 0.789069 0.077717
vt 0.785592 0.067466
vt 0.790711 0.055464
vt 0.790171 0.049419
vt 0.789265 0.040554
vt 0.804080 0.030396
vt 0.654863 0.248930
vt 0.647873 0.256444
vt 0.639286 0.260459
vt 0.782880 0.039750
vt 0.780270 0.030732
vt 0.783497 0.049118
vt 0.784038 0.055594
vt 0.779953 0.062385
vt 0.774913 0.064460
vt 0.764003 0.069383
vt 0.752639 0.076491
vt 0.753850 0.081055
vt 0.746492 0.087865
vt 0.740897 0.094429
vt 0.733255 0.098295
vt 0.726811 0.103757
vt 0.717577 0.101030
vt 0.707558 0.096041
vt 0.692152 0.091348
vt 0.674508 0.091893
vt 0.667482 0.093414
vt 0.656305 0.085133
vt 0.643461 0.083015
vt 0.598135 0.269458
vt 0.592921 0.281340
vt 0.589242 0.292151
vt 0.580505 0.296650
vt 0.568441 0.304096
vt 0.558527 0.306004
vt 0.558464 0.236408
vt 0.887304 0.119891
vt 0.889007 0.107018
vt 0.882597 0.096036
vt 0.873122 0.090500
vt 0.867256 0.078850
vt 0.892291 0.094457
vt 0.895356 0.104216
vt 0.886489 0.089220
vt 0.877486 0.076484
vt 0.898915 0.116930
vt 0.904791 0.123223
vt 0.895783 0.131697
vt 0.916587 0.130421
vt 0.907048 0.138820
vt 0.923280 0.135748
vt 0.914371 0.144841
vt 0.923410 0.152032
vt 0.928995 0.144402
vt 0.917209 0.191405
vt 0.927829 0.185780
vt 0.937662 0.180331
vt 0.940414 0.172231
vt 0.950992 0.164482
vt 0.957883 0.150922
vt 0.965391 0.160791
vt 0.979814 0.151219
vt 0.970181 0.138189
vt 0.872520 0.071030
vt 0.983109 0.137828
vt 0.871598 0.054089
vt 0.879898 0.068365
vt 0.881957 0.075115
vt 0.892392 0.087206
vt 0.897711 0.091310
vt 0.903490 0.099449
vt 0.907844 0.109527
vt 0.887246 0.066276
vt 0.887948 0.073592
vt 0.896704 0.082336
vt 0.902279 0.087238
vt 0.907636 0.093733
vt 0.912942 0.101399
vt 0.913554 0.115628
vt 0.922522 0.105920
vt 0.925623 0.122785
vt 0.936416 0.111985
vt 0.928673 0.129618
vt 0.940006 0.117124
vt 0.935671 0.136184
vt 0.943316 0.126298
vt 0.948606 0.137528
vt 0.944716 0.150955
vt 0.940090 0.158552
vt 0.932983 0.168595
vt 0.925035 0.175941
vt 0.917857 0.160666
vt 0.904445 0.154114
vt 0.899775 0.148499
vt 0.888593 0.138252
vt 0.916725 0.180172
vt 0.912634 0.167803
vt 0.903391 0.157160
vt 0.637126 0.198012
vt 0.898267 0.161422
vt 0.649115 0.214877
vt 0.652843 0.230849
vt 0.896719 0.152919
vt 0.892633 0.158087
vt 0.885011 0.142779
vt 0.881141 0.146481
vt 0.563138 0.245667
vt 0.567848 0.249045
vt 0.553450 0.298188
vt 0.558619 0.297857
vt 0.566032 0.297447
vt 0.575798 0.293470
vt 0.581231 0.288618
vt 0.584412 0.281456
vt 0.587572 0.268250
vt 0.641294 0.192902
vt 0.735490 0.002426
vt 0.724494 0.010337
vt 0.704904 0.012185
vt 0.574926 0.248735
vt 0.640136 0.222409
vt 0.629612 0.212494
vt 0.645577 0.234256
vt 0.645019 0.245395
vt 0.640832 0.249818
vt 0.633488 0.252701
vt 0.624251 0.259878
vt 0.624535 0.242745
vt 0.614983 0.248626
vt 0.632113 0.241247
vt 0.635520 0.237058
vt 0.622914 0.220964
vt 0.620029 0.226776
vt 0.614522 0.230444
vt 0.606859 0.236662
vt 0.756577 0.011156
vt 0.747993 0.000909
vt 0.765012 0.022130
vt 0.770603 0.030739
vt 0.774371 0.038934
vt 0.775078 0.047222
vt 0.776221 0.051803
vt 0.774393 0.054974
vt 0.770103 0.056019
vt 0.765635 0.058792
vt 0.757197 0.063730
vt 0.745356 0.008134
vt 0.595863 0.234571
vt 0.590325 0.229110
vt 0.631386 0.192016
vt 0.597351 0.222718
vt 0.602167 0.227134
vt 0.610229 0.222524
vt 0.605327 0.217566
vt 0.615595 0.218484
vt 0.611037 0.213126
vt 0.620046 0.207844
vt 0.614627 0.205609
vt 0.627108 0.196763
vt 0.619790 0.195635
vt 0.739392 0.009181
vt 0.733929 0.010050
vt 0.731117 0.016456
vt 0.725514 0.015960
vt 0.714435 0.017516
vt 0.703647 0.019769
vt 0.697385 0.015357
vt 0.684977 0.013362
vt 0.555169 0.254050
vt 0.553229 0.243756
vt 0.561982 0.257020
vt 0.570857 0.258193
vt 0.577127 0.259051
vt 0.548346 0.291920
vt 0.556600 0.288583
vt 0.563717 0.287380
vt 0.570400 0.287634
vt 0.575015 0.285037
vt 0.578036 0.280022
vt 0.579363 0.269352
vt 0.587128 0.257208
vt 0.683458 0.022638
vt 0.694056 0.022154
vt 0.702367 0.027163
vt 0.712816 0.024368
vt 0.724380 0.022645
vt 0.731499 0.022140
vt 0.739461 0.014558
vt 0.736413 0.021834
vt 0.747878 0.014549
vt 0.754970 0.018289
vt 0.758370 0.025108
vt 0.738977 0.025524
vt 0.745402 0.020777
vt 0.740309 0.033177
vt 0.748755 0.027192
vt 0.733116 0.026603
vt 0.725967 0.028167
vt 0.715288 0.031225
vt 0.705625 0.034763
vt 0.692505 0.032282
vt 0.684829 0.031262
vt 0.636085 0.072989
vt 0.645229 0.077424
vt 0.687147 0.040350
vt 0.692989 0.040421
vt 0.701496 0.041322
vt 0.715551 0.038097
vt 0.727063 0.035171
vt 0.733939 0.033496
vt 0.625135 0.186332
vt 0.584971 0.222512
vt 0.590676 0.216583
vt 0.598380 0.210654
vt 0.601737 0.206411
vt 0.607517 0.201559
vt 0.612137 0.190610
vt 0.619183 0.179787
vt 0.577363 0.217852
vt 0.582672 0.211097
vt 0.592106 0.204723
vt 0.596125 0.201369
vt 0.600409 0.196073
vt 0.604902 0.187716
vt 0.611577 0.176423
vt 0.567798 0.214797
vt 0.576456 0.205725
vt 0.585196 0.199262
vt 0.590360 0.195879
vt 0.594244 0.191694
vt 0.597483 0.184839
vt 0.604413 0.173598
vt 0.561855 0.211167
vt 0.567047 0.201859
vt 0.574434 0.190031
vt 0.580513 0.187545
vt 0.584041 0.183461
vt 0.668362 0.085863
vt 0.657656 0.080169
vt 0.691657 0.050610
vt 0.695755 0.049522
vt 0.702547 0.049574
vt 0.687131 0.058617
vt 0.693703 0.056464
vt 0.702309 0.055446
vt 0.673162 0.085624
vt 0.684300 0.063277
vt 0.692100 0.061442
vt 0.699398 0.062207
vt 0.678719 0.088287
vt 0.686260 0.087660
vt 0.676801 0.083560
vt 0.685740 0.067395
vt 0.692439 0.067307
vt 0.700863 0.067279
vt 0.692844 0.075563
vt 0.701368 0.073950
vt 0.681951 0.081611
vt 0.696560 0.082303
vt 0.703286 0.080320
vt 0.708197 0.087668
vt 0.711208 0.081964
vt 0.718766 0.093590
vt 0.720309 0.085239
vt 0.726294 0.096991
vt 0.731543 0.094692
vt 0.726175 0.089071
vt 0.738752 0.089644
vt 0.730602 0.089698
vt 0.736206 0.085335
vt 0.744558 0.081976
vt 0.749609 0.072438
vt 0.746585 0.068223
vt 0.743984 0.078261
vt 0.742518 0.075183
vt 0.734484 0.081787
vt 0.727905 0.084207
vt 0.726532 0.079643
vt 0.732198 0.078155
vt 0.718694 0.078089
vt 0.711908 0.074079
vt 0.737623 0.071752
vt 0.740058 0.063021
vt 0.749482 0.058879
vt 0.760364 0.053959
vt 0.766546 0.051659
vt 0.771505 0.049882
vt 0.709680 0.065565
vt 0.717899 0.070604
vt 0.726314 0.074413
vt 0.730852 0.075368
vt 0.732612 0.068391
vt 0.733305 0.060814
vt 0.726810 0.066711
vt 0.723560 0.059999
vt 0.719378 0.066178
vt 0.717765 0.058939
vt 0.711232 0.061847
vt 0.710681 0.057117
vt 0.710609 0.050473
vt 0.769011 0.041663
vt 0.764319 0.034125
vt 0.726332 0.041002
vt 0.720524 0.043634
vt 0.719669 0.049525
vt 0.726903 0.050777
vt 0.733046 0.053235
vt 0.737192 0.042136
vt 0.738398 0.055227
vt 0.745031 0.052981
vt 0.754756 0.047931
vt 0.761867 0.046315
vt 0.752514 0.035391
vt 0.744398 0.039761
vt 0.566466 0.280908
vt 0.560176 0.281093
vt 0.567789 0.270843
vt 0.558930 0.268725
vt 0.552883 0.268918
vt 0.547457 0.279768
vt 0.554379 0.280434
vt 0.545093 0.270636
vt 0.549200 0.262701
vt 0.543848 0.261052
vt 0.550674 0.254725
vt 0.544369 0.255080
vt 0.539823 0.298781
vt 0.544469 0.244712
vt 0.542183 0.291523
vt 0.535179 0.289828
vt 0.542213 0.281123
vt 0.535896 0.281653
vt 0.540659 0.272889
vt 0.534862 0.274157
vt 0.538461 0.262515
vt 0.532966 0.263855
vt 0.538568 0.254970
vt 0.532453 0.254541
vt 0.530017 0.295805
vt 0.531011 0.246798
vt 0.529611 0.288916
vt 0.521539 0.288567
vt 0.530444 0.281062
vt 0.523398 0.281090
vt 0.529682 0.273862
vt 0.521958 0.274697
vt 0.527603 0.265167
vt 0.521663 0.265778
vt 0.527810 0.256368
vt 0.522243 0.256273
vt 0.518135 0.300251
vt 0.520394 0.247962
vt 0.516306 0.290778
vt 0.510376 0.289486
vt 0.518354 0.282630
vt 0.511904 0.281959
vt 0.517529 0.274717
vt 0.512207 0.274718
vt 0.515916 0.265706
vt 0.510172 0.267192
vt 0.516606 0.256297
vt 0.510934 0.256890
vt 0.509846 0.302624
vt 0.511410 0.246614
vt 0.505416 0.293873
vt 0.080437 0.318326
vt 0.087164 0.336725
vt 0.080564 0.334568
vt 0.082909 0.326057
vt 0.073729 0.331553
vt 0.067767 0.327275
vt 0.069219 0.336988
vt 0.062475 0.332421
vt 0.078216 0.339877
vt 0.085111 0.343786
vt 0.082578 0.339809
vt 0.063768 0.322163
vt 0.056792 0.326454
vt 0.064357 0.311395
vt 0.056774 0.309973
vt 0.074735 0.303943
vt 0.086105 0.312802
vt 0.559704 0.193936
vt 0.565940 0.183090
vt 0.574315 0.179050
vt 0.577706 0.175234
vt 0.585368 0.170741
vt 0.589541 0.179002
vt 0.551848 0.218604
vt 0.597249 0.163165
vt 0.555167 0.206597
vt 0.547974 0.206115
vt 0.553675 0.194548
vt 0.062498 0.109630
vt 0.061840 0.099213
vt 0.957525 0.133829
vt 0.951072 0.125621
vt 0.949038 0.117780
vt 0.942567 0.106084
vt 0.897141 0.070810
vt 0.903122 0.075447
vt 0.897106 0.063533
vt 0.908565 0.082625
vt 0.913854 0.087046
vt 0.919784 0.094627
vt 0.929537 0.098209
vt 0.967155 0.125579
vt 0.973815 0.129346
vt 0.957976 0.121231
vt 0.953326 0.114527
vt 0.950503 0.104641
vt 0.937447 0.093945
vt 0.927184 0.086997
vt 0.920825 0.079783
vt 0.915416 0.075605
vt 0.910524 0.073435
vt 0.904470 0.069283
vt 0.904752 0.063212
vt 0.988959 0.129433
vt 0.991348 0.121191
vt 0.978062 0.119685
vt 0.969009 0.115747
vt 0.961862 0.113301
vt 0.958093 0.107938
vt 0.954943 0.100092
vt 0.942483 0.092135
vt 0.183674 0.149395
vt 0.930921 0.080643
vt 0.184517 0.155728
vt 0.926144 0.075153
vt 0.920515 0.069935
vt 0.912947 0.067530
vt 0.940167 0.072491
vt 0.184131 0.166782
vt 0.933590 0.067782
vt 0.926126 0.063016
vt 0.917653 0.062718
vt 0.911228 0.061027
vt 0.995309 0.115249
vt 0.983600 0.112570
vt 0.974648 0.109338
vt 0.967900 0.106540
vt 0.963077 0.102695
vt 0.960013 0.097093
vt 0.209486 0.139813
vt 0.967719 0.099477
vt 0.973199 0.100439
vt 0.978868 0.101692
vt 0.987624 0.103906
vt 0.996708 0.106853
vt 0.918256 0.055605
vt 0.920822 0.058899
vt 0.495861 0.038478
vt 0.486854 0.035033
vt 0.183873 0.176217
vt 0.478779 0.024417
vt 0.536343 0.008429
vt 0.525633 0.018968
vt 0.515572 0.032221
vt 0.509180 0.037744
vt 0.499788 0.040307
vt 0.501659 0.047066
vt 0.492696 0.048453
vt 0.485575 0.041690
vt 0.469891 0.029390
vt 0.463864 0.022695
vt 0.512152 0.043579
vt 0.519751 0.038996
vt 0.527000 0.026594
vt 0.536036 0.021510
vt 0.536125 0.015675
vt 0.540990 0.009927
vt 0.215509 0.137973
vt 0.546126 0.015749
vt 0.546906 0.023324
vt 0.548306 0.011503
vt 0.555030 0.017650
vt 0.554961 0.027396
vt 0.555743 0.012913
vt 0.222187 0.137045
vt 0.229207 0.136864
vt 0.193478 0.136748
vt 0.950900 0.093697
vt 0.176687 0.142689
vt 0.175742 0.147905
vt 0.181528 0.137899
vt 0.946772 0.091514
vt 0.175230 0.154286
vt 0.174786 0.165678
vt 0.177450 0.174033
vt 0.181122 0.183215
vt 0.535875 0.026400
vt 0.530900 0.030618
vt 0.547959 0.033014
vt 0.543141 0.027933
vt 0.536050 0.031050
vt 0.532626 0.032080
vt 0.543076 0.038144
vt 0.540206 0.031190
vt 0.526001 0.036065
vt 0.536269 0.036626
vt 0.531534 0.035176
vt 0.529949 0.043437
vt 0.521460 0.044691
vt 0.533772 0.039827
vt 0.513635 0.048267
vt 0.504803 0.052744
vt 0.491884 0.057846
vt 0.487317 0.050580
vt 0.469000 0.037366
vt 0.463120 0.028641
vt 0.176934 0.192816
vt 0.457881 0.039014
vt 0.463332 0.051075
vt 0.472357 0.048311
vt 0.465045 0.042860
vt 0.063738 0.093733
vt 0.072148 0.091083
vt 0.088249 0.094565
vt 0.093138 0.105429
vt 0.098155 0.089372
vt 0.104289 0.099954
vt 0.073173 0.081356
vt 0.049882 0.102705
vt 0.055378 0.086692
vt 0.058939 0.119242
vt 0.081016 0.118589
vt 0.089472 0.108967
vt 0.544957 0.201037
vt 0.547349 0.198337
vt 0.082779 0.112172
vt 0.045394 0.122245
vt 0.039534 0.114644
vt 0.054426 0.077792
vt 0.062271 0.076531
vt 0.041025 0.106305
vt 0.048656 0.085975
vt 0.108207 0.084876
vt 0.112261 0.094487
vt 0.092636 0.077027
vt 0.102897 0.076493
vt 0.080127 0.075281
vt 0.071674 0.067770
vt 0.053636 0.063717
vt 0.062704 0.058515
vt 0.053778 0.045169
vt 0.043923 0.048917
vt 0.035065 0.038568
vt 0.042149 0.033323
vt 0.026801 0.032577
vt 0.031552 0.027916
vt 0.031014 0.044957
vt 0.024468 0.036939
vt 0.037623 0.053996
vt 0.046927 0.069561
vt 0.955010 0.887573
vt 0.959662 0.883039
vt 0.967898 0.875318
vt 0.975768 0.862781
vt 0.980346 0.856283
vt 0.985949 0.850043
vt 0.024480 0.024012
vt 0.021572 0.028325
vt 0.020278 0.031500
vt 0.988335 0.845435
vt 0.988992 0.839348
vt 0.015820 0.027928
vt 0.017754 0.026295
vt 0.019664 0.021097
vt 0.014205 0.022379
vt 0.019879 0.017925
vt 0.011801 0.023157
vt 0.989014 0.833798
vt 0.107734 0.105492
vt 0.098169 0.115196
vt 0.154527 0.102552
vt 0.955133 0.918840
vt 0.116006 0.099130
vt 0.164680 0.103956
vt 0.392614 0.024024
vt 0.385294 0.024716
vt 0.175664 0.094546
vt 0.378766 0.020124
vt 0.371161 0.014151
vt 0.176574 0.086528
vt 0.379152 0.008983
vt 0.171846 0.081254
vt 0.084533 0.068146
vt 0.157261 0.077038
vt 0.164794 0.079059
vt 0.155300 0.061202
vt 0.158801 0.050767
vt 0.161549 0.036798
vt 0.159368 0.023767
vt 0.158980 0.012265
vt 0.162692 0.006410
vt 0.951762 0.913003
vt 0.090048 0.125775
vt 0.078854 0.123826
vt 0.066001 0.124121
vt 0.947893 0.904485
vt 0.945648 0.894907
vt 0.085088 0.122561
vt 0.082711 0.116373
vt 0.084231 0.115106
vt 0.095515 0.117742
vt 0.096020 0.114196
vt 0.094656 0.110476
vt 0.087193 0.115941
vt 0.086882 0.113602
vt 0.092838 0.111089
vt 0.094587 0.113885
vt 0.091024 0.114688
vt 0.091077 0.114748
vt 0.090682 0.109921
vt 0.089532 0.111399
vt 0.095446 0.116490
vt 0.090866 0.117079
vt 0.090959 0.114674
vt 0.135990 0.125109
vt 0.133231 0.125539
vt 0.131491 0.123193
vt 0.084197 0.112727
vt 0.085661 0.112885
vt 0.089150 0.115355
vt 0.090205 0.116142
vt 0.939542 0.943640
vt 0.942605 0.943904
vt 0.049425 0.127410
vt 0.941614 0.883254
vt 0.032479 0.139011
vt 0.933705 0.866768
vt 0.030040 0.135257
vt 0.022307 0.130067
vt 0.035855 0.110924
vt 0.946618 0.884928
vt 0.945747 0.863988
vt 0.020908 0.126414
vt 0.022625 0.145153
vt 0.931758 0.857106
vt 0.021245 0.142231
vt 0.015206 0.135876
vt 0.013074 0.132866
vt 0.944826 0.853570
vt 0.281036 0.010837
vt 0.277384 0.005617
vt 0.284660 0.014637
vt 0.933202 0.850426
vt 0.274505 0.000000
vt 0.943788 0.848128
vt 0.281716 0.020389
vt 0.938294 0.846845
vt 0.941774 0.939840
vt 0.945007 0.941798
vt 0.935045 0.945490
vt 0.935784 0.940071
vt 0.128136 0.128251
vt 0.132658 0.131045
vt 0.138923 0.130768
vt 0.146456 0.125162
vt 0.140908 0.122609
vt 0.943664 0.933977
vt 0.939163 0.931966
vt 0.950234 0.937369
vt 0.147609 0.117506
vt 0.954358 0.928787
vt 0.151508 0.107630
vt 0.949737 0.918448
vt 0.948204 0.914538
vt 0.947747 0.926688
vt 0.941609 0.924557
vt 0.941715 0.918392
vt 0.938783 0.909375
vt 0.155311 0.120021
vt 0.159451 0.110777
vt 0.933185 0.898385
vt 0.928303 0.886170
vt 0.925307 0.869936
vt 0.921941 0.854501
vt 0.924881 0.844385
vt 0.934186 0.841509
vt 0.946560 0.841704
vt 0.950034 0.851514
vt 0.950725 0.862640
vt 0.953844 0.882383
vt 0.959010 0.874009
vt 0.950983 0.879134
vt 0.964559 0.869034
vt 0.971064 0.856968
vt 0.976149 0.851727
vt 0.980101 0.845800
vt 0.983930 0.843109
vt 0.985158 0.838628
vt 0.984593 0.830405
vt 0.958609 0.861461
vt 0.960711 0.850814
vt 0.959457 0.841615
vt 0.969827 0.842902
vt 0.968617 0.847669
vt 0.979973 0.838855
vt 0.973752 0.828887
vt 0.948627 0.834088
vt 0.960858 0.828982
vt 0.940202 0.835694
vt 0.236875 0.695289
vt 0.238283 0.687947
vt 0.926322 0.839116
vt 0.233738 0.700206
vt 0.920831 0.841658
vt 0.162969 0.159341
vt 0.164148 0.148114
vt 0.163602 0.142229
vt 0.148887 0.154341
vt 0.148429 0.143992
vt 0.149005 0.138782
vt 0.133913 0.152492
vt 0.132038 0.142737
vt 0.132534 0.137279
vt 0.120916 0.153250
vt 0.086293 0.370919
vt 0.925052 0.960472
vt 0.075728 0.366249
vt 0.080914 0.354906
vt 0.112558 0.156562
vt 0.065298 0.349111
vt 0.063668 0.359793
vt 0.106497 0.166371
vt 0.052684 0.352954
vt 0.053803 0.343790
vt 0.102939 0.176350
vt 0.038104 0.346225
vt 0.040477 0.338998
vt 0.096232 0.186817
vt 0.031774 0.343872
vt 0.032682 0.337439
vt 0.088967 0.192392
vt 0.027918 0.331917
vt 0.037507 0.325416
vt 0.073763 0.183637
vt 0.074625 0.176935
vt 0.066970 0.340978
vt 0.057110 0.337916
vt 0.047669 0.334819
vt 0.044475 0.326630
vt 0.049482 0.323675
vt 0.048265 0.313418
vt 0.072813 0.169730
vt 0.063477 0.168836
vt 0.042001 0.299920
vt 0.053185 0.169277
vt 0.032602 0.290910
vt 0.042851 0.168652
vt 0.024637 0.281247
vt 0.032906 0.167356
vt 0.017082 0.271623
vt 0.025584 0.164724
vt 0.078261 0.008353
vt 0.023122 0.267762
vt 0.071573 0.003627
vt 0.047356 0.295742
vt 0.037499 0.285568
vt 0.030299 0.276496
vt 0.032414 0.265274
vt 0.065069 0.000000
vt 0.038180 0.271613
vt 0.043525 0.280670
vt 0.050992 0.289248
vt 0.062213 0.300068
vt 0.853966 0.950738
vt 0.862980 0.952843
vt 0.848176 0.948613
vt 0.840096 0.945429
vt 0.830883 0.942107
vt 0.080081 0.017734
vt 0.820662 0.944158
vt 0.022711 0.160719
vt 0.077654 0.013329
vt 0.874551 0.957060
vt 0.075662 0.293483
vt 0.083675 0.350719
vt 0.091633 0.322976
vt 0.082380 0.350160
vt 0.079280 0.351514
vt 0.083209 0.343717
vt 0.071727 0.342572
vt 0.072121 0.349660
vt 0.076115 0.351385
vt 0.077621 0.350692
vt 0.855015 0.944333
vt 0.862547 0.943116
vt 0.870418 0.945584
vt 0.071943 0.275833
vt 0.868954 0.938753
vt 0.071336 0.265504
vt 0.861712 0.937458
vt 0.855352 0.937304
vt 0.867682 0.929096
vt 0.070663 0.254233
vt 0.862591 0.931015
vt 0.855902 0.929480
vt 0.079098 0.254863
vt 0.079366 0.266798
vt 0.078749 0.276171
vt 0.083285 0.291950
vt 0.124962 0.014626
vt 0.124661 0.006553
vt 0.130671 0.020437
vt 0.865956 0.925208
vt 0.880554 0.924198
vt 0.123501 0.000000
vt 0.886407 0.931412
vt 0.893660 0.936249
vt 0.900217 0.941478
vt 0.913205 0.955027
vt 0.924187 0.948921
vt 0.929522 0.952829
vt 0.130852 0.133410
vt 0.148441 0.132243
vt 0.152095 0.127072
vt 0.164495 0.137489
vt 0.161072 0.122156
vt 0.166029 0.132553
vt 0.169602 0.127601
vt 0.166636 0.114614
vt 0.171629 0.108140
vt 0.180889 0.099247
vt 0.182111 0.129593
vt 0.191194 0.126282
vt 0.173676 0.120014
vt 0.181272 0.120291
vt 0.189173 0.117622
vt 0.176851 0.111897
vt 0.181830 0.113106
vt 0.188137 0.110433
vt 0.183629 0.105078
vt 0.183111 0.090739
vt 0.190107 0.099715
vt 0.193666 0.103050
vt 0.196245 0.112251
vt 0.199514 0.121806
vt 0.203680 0.131747
vt 0.911304 0.940570
vt 0.914394 0.947880
vt 0.923611 0.943956
vt 0.925553 0.936510
vt 0.904103 0.932383
vt 0.917540 0.927682
vt 0.931716 0.928292
vt 0.928897 0.922307
vt 0.898684 0.925672
vt 0.911565 0.919852
vt 0.924461 0.914296
vt 0.893168 0.917857
vt 0.906177 0.911488
vt 0.919238 0.905060
vt 0.870618 0.921029
vt 0.874557 0.919362
vt 0.864795 0.920888
vt 0.858915 0.924104
vt 0.857462 0.919555
vt 0.879892 0.915800
vt 0.890101 0.909604
vt 0.901672 0.903049
vt 0.914033 0.895760
vt 0.240547 0.002349
vt 0.074572 0.194932
vt 0.245671 0.000160
vt 0.020292 0.341618
vt 0.250666 0.007831
vt 0.245548 0.008963
vt 0.241775 0.012299
vt 0.235345 0.011625
vt 0.078711 0.198487
vt 0.233552 0.013627
vt 0.242942 0.018910
vt 0.238947 0.019239
vt 0.246272 0.017567
vt 0.250092 0.016442
vt 0.236564 0.019971
vt 0.244667 0.024407
vt 0.247005 0.024077
vt 0.246068 0.031154
vt 0.248243 0.031357
vt 0.248938 0.033159
vt 0.248654 0.033525
vt 0.242920 0.024940
vt 0.244798 0.031082
vt 0.248634 0.033943
vt 0.249230 0.023305
vt 0.249615 0.031467
vt 0.240913 0.025913
vt 0.243605 0.031886
vt 0.248667 0.034091
vt 0.249064 0.032953
vt 0.068665 0.008978
vt 0.064310 0.008119
vt 0.071602 0.010487
vt 0.072461 0.015386
vt 0.074853 0.020402
vt 0.068819 0.019748
vt 0.068958 0.023114
vt 0.060328 0.014038
vt 0.064486 0.014672
vt 0.066222 0.017035
vt 0.064773 0.026226
vt 0.063654 0.024188
vt 0.057774 0.019872
vt 0.059835 0.020114
vt 0.062577 0.022186
vt 0.056767 0.024257
vt 0.058757 0.025753
vt 0.055865 0.028787
vt 0.054225 0.027858
vt 0.052850 0.032691
vt 0.052301 0.032808
vt 0.060053 0.027080
vt 0.057075 0.030041
vt 0.053375 0.032990
vt 0.062533 0.030404
vt 0.058891 0.032962
vt 0.052032 0.033599
vt 0.059939 0.029502
vt 0.057831 0.031126
vt 0.053590 0.033188
vt 0.124128 0.021576
vt 0.118580 0.017211
vt 0.117382 0.010935
vt 0.122733 0.025976
vt 0.109857 0.014767
vt 0.110609 0.018736
vt 0.107937 0.011615
vt 0.111803 0.022305
vt 0.104326 0.016863
vt 0.105633 0.020060
vt 0.097690 0.021796
vt 0.096592 0.019892
vt 0.091079 0.023194
vt 0.091594 0.023512
vt 0.106594 0.026613
vt 0.097907 0.026955
vt 0.090189 0.023856
vt 0.106283 0.023603
vt 0.098053 0.024817
vt 0.091399 0.024167
vt 0.226478 0.036815
vt 0.215874 0.033931
vt 0.210180 0.027151
vt 0.080338 0.347403
vt 0.226731 0.029981
vt 0.218266 0.026960
vt 0.214080 0.023204
vt 0.211794 0.019091
vt 0.205622 0.017191
vt 0.210347 0.014624
vt 0.226294 0.023738
vt 0.220449 0.020790
vt 0.216989 0.018563
vt 0.215286 0.016113
vt 0.215077 0.010558
vt 0.225201 0.014218
vt 0.222200 0.014731
vt 0.219462 0.013485
vt 0.218119 0.012344
vt 0.218839 0.008882
vt 0.227425 0.009744
vt 0.224866 0.009847
vt 0.222478 0.008289
vt 0.227582 0.005055
vt 0.225875 0.003850
vt 0.228721 0.000122
vt 0.228206 0.000201
vt 0.224133 0.000313
vt 0.228844 0.000000
vt 0.224716 0.002776
vt 0.227820 0.000117
vt 0.276320 0.013361
vt 0.273124 0.008602
vt 0.279366 0.016623
vt 0.272742 0.005228
vt 0.279390 0.019531
vt 0.269375 0.020513
vt 0.265444 0.011311
vt 0.269080 0.018113
vt 0.266115 0.012856
vt 0.267688 0.015568
vt 0.260788 0.017341
vt 0.260062 0.015642
vt 0.257257 0.018900
vt 0.257772 0.019037
vt 0.261666 0.022730
vt 0.256691 0.019440
vt 0.261175 0.019783
vt 0.257871 0.019375
vt 0.261807 0.021098
vt 0.257426 0.019608
vt 0.379769 0.014736
vt 0.382951 0.012002
vt 0.382394 0.016805
vt 0.387038 0.020422
vt 0.391783 0.020033
vt 0.384019 0.006474
vt 0.388352 0.008419
vt 0.385715 0.014400
vt 0.389047 0.017080
vt 0.393956 0.016137
vt 0.388066 0.004623
vt 0.391475 0.006623
vt 0.391538 0.009947
vt 0.394017 0.011638
vt 0.395907 0.012332
vt 0.392792 0.008090
vt 0.395782 0.009516
vt 0.398051 0.009325
vt 0.394598 0.004089
vt 0.397761 0.003669
vt 0.399742 0.004439
vt 0.400746 0.005001
vt 0.396716 0.001550
vt 0.399295 0.001063
vt 0.399687 0.000453
vt 0.399734 0.000246
vt 0.399067 0.000542
vt 0.398922 0.000880
vt 0.213271 0.697805
vt 0.218948 0.690414
vt 0.226174 0.695724
vt 0.221087 0.703101
vt 0.223285 0.683916
vt 0.227427 0.676809
vt 0.233146 0.682666
vt 0.229866 0.689726
vt 0.231506 0.668777
vt 0.238157 0.674625
vt 0.247965 0.656605
vt 0.243039 0.665762
vt 0.236686 0.656649
vt 0.245277 0.641992
vt 0.298359 0.558784
vt 0.306785 0.548459
vt 0.319705 0.555829
vt 0.310579 0.565511
vt 0.335951 0.518777
vt 0.344449 0.513452
vt 0.353081 0.519175
vt 0.344899 0.527961
vt 0.486714 0.229764
vt 0.493672 0.220331
vt 0.501906 0.227863
vt 0.496266 0.236145
vt 0.452292 0.286203
vt 0.459482 0.273154
vt 0.469929 0.278901
vt 0.462582 0.291775
vt 0.245290 0.679511
vt 0.961394 0.822146
vt 0.256098 0.662701
vt 0.262579 0.652149
vt 0.269146 0.642371
vt 0.272304 0.636999
vt 0.277238 0.628640
vt 0.228514 0.709135
vt 0.916738 0.834539
vt 0.882994 0.833215
vt 0.884961 0.840580
vt 0.875694 0.843224
vt 0.203740 0.745428
vt 0.870561 0.847434
vt 0.568470 0.122844
vt 0.863261 0.845048
vt 0.865524 0.851196
vt 0.551193 0.160621
vt 0.553912 0.154737
vt 0.845726 0.871052
vt 0.840503 0.876459
vt 0.830269 0.875745
vt 0.834804 0.882671
vt 0.543024 0.182174
vt 0.825127 0.880787
vt 0.829675 0.887169
vt 0.824730 0.890699
vt 0.809841 0.897700
vt 0.819018 0.899611
vt 0.818169 0.906463
vt 0.810726 0.905457
vt 0.827151 0.898884
vt 0.826383 0.906349
vt 0.821139 0.894440
vt 0.511333 0.233139
vt 0.011792 0.161590
vt 0.015693 0.172509
vt 0.505035 0.241922
vt 0.479588 0.284638
vt 0.041912 0.210049
vt 0.050002 0.221617
vt 0.472188 0.296673
vt 0.449893 0.338811
vt 0.457679 0.326846
vt 0.077319 0.237599
vt 0.088702 0.243346
vt 0.095640 0.247219
vt 0.092774 0.255107
vt 0.103617 0.250149
vt 0.102626 0.258108
vt 0.111083 0.251116
vt 0.110011 0.258450
vt 0.122510 0.260611
vt 0.123679 0.252066
vt 0.244594 0.099517
vt 0.247154 0.112700
vt 0.225643 0.050306
vt 0.231810 0.061650
vt 0.183635 0.007799
vt 0.277891 0.608024
vt 0.285139 0.598455
vt 0.193514 0.016199
vt 0.268408 0.623146
vt 0.272704 0.616161
vt 0.174719 0.002819
vt 0.263688 0.630936
vt 0.257252 0.639201
vt 0.254826 0.647918
vt 0.197154 0.737941
vt 0.203022 0.732465
vt 0.559400 0.117938
vt 0.556207 0.125979
vt 0.543138 0.156773
vt 0.545437 0.150231
vt 0.539661 0.163550
vt 0.533819 0.176957
vt 0.536364 0.170891
vt 0.530707 0.182412
vt 0.812104 0.889677
vt 0.526997 0.188217
vt 0.524184 0.194173
vt 0.441400 0.332994
vt 0.448205 0.319964
vt 0.436497 0.344201
vt 0.435023 0.351153
vt 0.430158 0.357101
vt 0.424745 0.368327
vt 0.134107 0.262429
vt 0.422144 0.375876
vt 0.170810 0.255245
vt 0.403008 0.409354
vt 0.407679 0.400272
vt 0.415185 0.405364
vt 0.142485 0.260874
vt 0.417319 0.380539
vt 0.134336 0.251700
vt 0.411896 0.396062
vt 0.156175 0.257822
vt 0.156041 0.247580
vt 0.162820 0.244731
vt 0.561100 0.030541
vt 0.555922 0.038639
vt 0.548678 0.042824
vt 0.537265 0.045433
vt 0.532123 0.047179
vt 0.524472 0.051464
vt 0.515543 0.055663
vt 0.507887 0.059739
vt 0.495715 0.063976
vt 0.565621 0.035188
vt 0.417127 0.465128
vt 0.406514 0.461799
vt 0.540885 0.052558
vt 0.535039 0.053021
vt 0.527271 0.057124
vt 0.518390 0.061886
vt 0.510731 0.065692
vt 0.499489 0.070611
vt 0.176718 0.217564
vt 0.179711 0.209612
vt 0.178584 0.202352
vt 0.485990 0.064693
vt 0.169331 0.196411
vt 0.169676 0.186995
vt 0.168725 0.177485
vt 0.169257 0.170175
vt 0.159196 0.167688
vt 0.147238 0.162892
vt 0.133972 0.161186
vt 0.124153 0.161594
vt 0.117981 0.168379
vt 0.112513 0.176041
vt 0.108426 0.186016
vt 0.101503 0.194518
vt 0.094507 0.198670
vt 0.083112 0.208393
vt 0.072070 0.201223
vt 0.166108 0.226610
vt 0.168245 0.217600
vt 0.169215 0.206745
vt 0.157289 0.228923
vt 0.158687 0.219172
vt 0.158755 0.206602
vt 0.158894 0.196608
vt 0.157915 0.188693
vt 0.156712 0.177961
vt 0.487931 0.069482
vt 0.166597 0.234513
vt 0.156710 0.237219
vt 0.489446 0.075063
vt 0.167255 0.239647
vt 0.159535 0.242535
vt 0.412512 0.389595
vt 0.419622 0.392688
vt 0.148987 0.250745
vt 0.168103 0.243101
vt 0.177747 0.254564
vt 0.401619 0.415213
vt 0.491423 0.080937
vt 0.503246 0.077364
vt 0.536201 0.059407
vt 0.530384 0.062859
vt 0.521624 0.067486
vt 0.513536 0.072663
vt 0.509361 0.086899
vt 0.395906 0.420477
vt 0.519167 0.081625
vt 0.390059 0.430587
vt 0.527530 0.077129
vt 0.388120 0.438765
vt 0.536032 0.072574
vt 0.383140 0.443568
vt 0.378711 0.451727
vt 0.542589 0.067387
vt 0.370492 0.445193
vt 0.380186 0.430922
vt 0.145055 0.174694
vt 0.131232 0.172588
vt 0.141645 0.251815
vt 0.154743 0.243689
vt 0.148127 0.245851
vt 0.142395 0.247502
vt 0.134448 0.249193
vt 0.124049 0.249675
vt 0.112234 0.248002
vt 0.105619 0.244190
vt 0.098391 0.239763
vt 0.090930 0.234074
vt 0.151495 0.238211
vt 0.149717 0.230833
vt 0.148206 0.221372
vt 0.146112 0.239857
vt 0.139482 0.241933
vt 0.134437 0.243573
vt 0.127530 0.241936
vt 0.118840 0.238977
vt 0.110687 0.234371
vt 0.102454 0.230036
vt 0.094455 0.221820
vt 0.142476 0.186574
vt 0.127256 0.183553
vt 0.141740 0.197258
vt 0.123831 0.197151
vt 0.144523 0.209390
vt 0.142531 0.233480
vt 0.138108 0.225654
vt 0.135062 0.236452
vt 0.127786 0.231423
vt 0.131077 0.211804
vt 0.117434 0.221478
vt 0.111010 0.206806
vt 0.107097 0.221590
vt 0.101626 0.212673
vt 0.455478 0.305923
vt 0.058059 0.236703
vt 0.063308 0.229557
vt 0.081167 0.227262
vt 0.445203 0.299979
vt 0.067937 0.216029
vt 0.058032 0.208124
vt 0.066551 0.192367
vt 0.065068 0.179518
vt 0.053640 0.179249
vt 0.048909 0.200221
vt 0.054831 0.189481
vt 0.466718 0.260771
vt 0.477599 0.265900
vt 0.024522 0.202543
vt 0.031769 0.196421
vt 0.041020 0.177258
vt 0.033272 0.173506
vt 0.023078 0.172371
vt 0.018651 0.167977
vt 0.480302 0.239282
vt 0.490768 0.244390
vt 0.010164 0.180923
vt 0.018161 0.177051
vt 0.473696 0.249385
vt 0.484833 0.254026
vt 0.015575 0.189934
vt 0.022526 0.183878
vt 0.028625 0.180412
vt 0.038526 0.190630
vt 0.044886 0.185716
vt 0.016199 0.162108
vt 0.506258 0.221402
vt 0.515192 0.227624
vt 0.812917 0.941578
vt 0.513272 0.216724
vt 0.519792 0.220745
vt 0.814394 0.932891
vt 0.849424 0.943572
vt 0.850653 0.938656
vt 0.847843 0.932021
vt 0.845800 0.922759
vt 0.852652 0.921916
vt 0.515305 0.207585
vt 0.524550 0.213262
vt 0.816279 0.923603
vt 0.820389 0.933364
vt 0.829727 0.933820
vt 0.840086 0.937839
vt 0.839516 0.927178
vt 0.520168 0.200185
vt 0.809834 0.912619
vt 0.817375 0.913824
vt 0.823322 0.924536
vt 0.831986 0.925463
vt 0.824888 0.914956
vt 0.832664 0.915793
vt 0.839702 0.915644
vt 0.845549 0.914438
vt 0.833292 0.905967
vt 0.839786 0.905152
vt 0.845686 0.904520
vt 0.832844 0.896430
vt 0.839765 0.892634
vt 0.845273 0.885445
vt 0.849314 0.893231
vt 0.844930 0.896897
vt 0.851295 0.913408
vt 0.851744 0.902775
vt 0.857399 0.912060
vt 0.857398 0.900933
vt 0.866514 0.914232
vt 0.864518 0.899246
vt 0.854867 0.889948
vt 0.861746 0.886123
vt 0.857229 0.874738
vt 0.850949 0.880057
vt 0.549291 0.141735
vt 0.557268 0.147096
vt 0.851516 0.864882
vt 0.554326 0.135010
vt 0.854221 0.852859
vt 0.858260 0.858060
vt 0.876104 0.907328
vt 0.873195 0.895237
vt 0.864226 0.869118
vt 0.869915 0.882381
vt 0.816046 0.894094
vt 0.818370 0.890515
vt 0.818898 0.893594
vt 0.886398 0.900517
vt 0.883167 0.888049
vt 0.879207 0.872186
vt 0.870875 0.862270
vt 0.916131 0.842470
vt 0.904723 0.828427
vt 0.214427 0.712683
vt 0.905858 0.836735
vt 0.893418 0.831003
vt 0.208303 0.722027
vt 0.895389 0.839721
vt 0.907465 0.847252
vt 0.898104 0.851482
vt 0.888264 0.854607
vt 0.873908 0.855829
vt 0.879509 0.856362
vt 0.897602 0.893742
vt 0.908645 0.888041
vt 0.917816 0.882540
vt 0.915183 0.872734
vt 0.893974 0.882612
vt 0.904778 0.877459
vt 0.890598 0.869369
vt 0.901359 0.864971
vt 0.911599 0.859928
vt 0.171452 0.009661
vt 0.180154 0.013886
vt 0.240493 0.115226
vt 0.238626 0.102580
vt 0.226374 0.065841
vt 0.220468 0.055127
vt 0.189066 0.024466
vt 0.167574 0.017659
vt 0.175955 0.026040
vt 0.165929 0.025960
vt 0.170107 0.038173
vt 0.166279 0.053393
vt 0.161908 0.066197
vt 0.168389 0.070437
vt 0.173481 0.059617
vt 0.178394 0.047114
vt 0.183969 0.035306
vt 0.274752 0.592374
vt 0.283525 0.580835
vt 0.293386 0.587821
vt 0.204667 0.026088
vt 0.198712 0.034684
vt 0.290697 0.569767
vt 0.301849 0.576682
vt 0.215367 0.037133
vt 0.209167 0.044019
vt 0.192293 0.044887
vt 0.185842 0.055936
vt 0.179967 0.067233
vt 0.175031 0.075884
vt 0.200779 0.054268
vt 0.192818 0.064850
vt 0.185606 0.075709
vt 0.180808 0.082304
vt 0.187093 0.087157
vt 0.192222 0.082685
vt 0.199742 0.073626
vt 0.209360 0.064109
vt 0.567778 0.012798
vt 0.379349 0.511847
vt 0.385360 0.509480
vt 0.563054 0.016806
vt 0.559079 0.018737
vt 0.362407 0.496971
vt 0.358285 0.508776
vt 0.346127 0.504066
vt 0.352066 0.491148
vt 0.248689 0.126363
vt 0.240973 0.127832
vt 0.211628 0.128490
vt 0.219288 0.126736
vt 0.228997 0.127099
vt 0.315676 0.538476
vt 0.328051 0.547007
vt 0.235963 0.073002
vt 0.230206 0.077005
vt 0.215240 0.074697
vt 0.205630 0.083233
vt 0.198675 0.092710
vt 0.191363 0.093370
vt 0.201412 0.104989
vt 0.207070 0.116284
vt 0.209603 0.094728
vt 0.216511 0.109431
vt 0.219647 0.085706
vt 0.224263 0.096876
vt 0.227550 0.114913
vt 0.325380 0.528552
vt 0.336402 0.538390
vt 0.239944 0.084458
vt 0.234539 0.088298
vt 0.229823 0.104738
vt 0.544015 0.058984
vt 0.398374 0.465399
vt 0.387539 0.461138
vt 0.389263 0.466249
vt 0.376493 0.457253
vt 0.376808 0.461985
vt 0.367392 0.452729
vt 0.357401 0.447240
vt 0.360855 0.438338
vt 0.368984 0.422342
vt 0.211886 0.684293
vt 0.204702 0.692120
vt 0.217113 0.677678
vt 0.221542 0.671518
vt 0.224626 0.663335
vt 0.229128 0.651277
vt 0.329138 0.505270
vt 0.337952 0.488617
vt 0.366097 0.458258
vt 0.355760 0.453451
vt 0.363552 0.464241
vt 0.354078 0.459632
vt 0.359729 0.470027
vt 0.350366 0.466504
vt 0.356097 0.479111
vt 0.345219 0.475531
vt 0.374515 0.467746
vt 0.369646 0.475282
vt 0.367308 0.482198
vt 0.363634 0.486116
vt 0.358053 0.483643
vt 0.356881 0.488993
vt 0.362085 0.491598
vt 0.358475 0.488167
vt 0.360477 0.488866
vt 0.358779 0.486978
vt 0.361245 0.487668
vt 0.382524 0.504572
vt 0.374519 0.501411
vt 0.368749 0.497075
vt 0.386588 0.472012
vt 0.380251 0.478449
vt 0.377133 0.485188
vt 0.370602 0.489018
vt 0.368737 0.492744
vt 0.394075 0.475101
vt 0.389458 0.481410
vt 0.385829 0.488760
vt 0.381039 0.492599
vt 0.379771 0.496898
vt 0.386235 0.501804
vt 0.385582 0.495173
vt 0.390441 0.491188
vt 0.395034 0.485661
vt 0.400730 0.478621
vt 0.403781 0.470948
vt 0.409371 0.469387
vt 0.416623 0.472072
vt 0.401755 0.508552
vt 0.390836 0.507266
vt 0.396980 0.504336
vt 0.390930 0.501982
vt 0.400562 0.489791
vt 0.394752 0.492969
vt 0.405040 0.481606
vt 0.408487 0.476192
vt 0.412660 0.474961
vt 0.416011 0.477089
vt 0.406855 0.503848
vt 0.401101 0.499648
vt 0.395002 0.498903
vt 0.408439 0.484739
vt 0.406394 0.490362
vt 0.412345 0.480221
vt 0.410487 0.497909
vt 0.404385 0.496574
vt 0.399350 0.495558
vt 0.392132 0.495791
vt 0.333505 0.472255
vt 0.338124 0.462326
vt 0.342200 0.454310
vt 0.344672 0.448107
vt 0.346551 0.441090
vt 0.350479 0.430160
vt 0.324329 0.482898
vt 0.312276 0.496837
vt 0.196692 0.685502
vt 0.204464 0.677247
vt 0.211200 0.670248
vt 0.216589 0.667188
vt 0.216825 0.659109
vt 0.220330 0.645949
vt 0.357202 0.415125
vt 0.190123 0.679787
vt 0.196368 0.670088
vt 0.183212 0.667172
vt 0.190377 0.651506
vt 0.205445 0.658411
vt 0.196504 0.634465
vt 0.209424 0.640852
vt 0.444206 0.248115
vt 0.433377 0.241049
vt 0.440194 0.230072
vt 0.451113 0.236951
vt 0.436977 0.259823
vt 0.426184 0.252259
vt 0.344276 0.407791
vt 0.337809 0.423528
vt 0.334193 0.436388
vt 0.333733 0.443126
vt 0.329571 0.448439
vt 0.324685 0.458988
vt 0.323220 0.468127
vt 0.313086 0.474808
vt 0.297347 0.488515
vt 0.418030 0.263752
vt 0.408279 0.254198
vt 0.416327 0.244471
vt 0.423103 0.233885
vt 0.429565 0.223195
vt 0.403689 0.245699
vt 0.407972 0.237367
vt 0.413289 0.226980
vt 0.419475 0.216471
vt 0.436507 0.212296
vt 0.425953 0.205497
vt 0.206717 0.492042
vt 0.216994 0.498089
vt 0.211752 0.507070
vt 0.201255 0.500781
vt 0.212122 0.482923
vt 0.222173 0.488999
vt 0.206959 0.514167
vt 0.197614 0.507595
vt 0.195786 0.485914
vt 0.190859 0.493913
vt 0.201848 0.477606
vt 0.187848 0.500106
vt 0.207240 0.465113
vt 0.219361 0.468462
vt 0.231033 0.474024
vt 0.193533 0.513518
vt 0.184624 0.506494
vt 0.202233 0.521500
vt 0.187511 0.480938
vt 0.183155 0.488903
vt 0.175743 0.484016
vt 0.180094 0.476087
vt 0.192626 0.473178
vt 0.184699 0.468338
vt 0.179991 0.495376
vt 0.172452 0.490644
vt 0.197783 0.465549
vt 0.193749 0.458189
vt 0.176752 0.501828
vt 0.169403 0.496826
vt 0.164243 0.477465
vt 0.168691 0.468922
vt 0.174165 0.462278
vt 0.161907 0.483983
vt 0.183794 0.451691
vt 0.158314 0.490479
vt 0.007000 0.594984
vt 0.017689 0.601487
vt 0.355804 0.010428
vt 0.346994 0.003033
vt 0.366551 0.016479
vt 0.029362 0.606227
vt 0.377950 0.023058
vt 0.041632 0.612157
vt 0.052904 0.621025
vt 0.389588 0.031432
vt 0.063211 0.630624
vt 0.401997 0.039303
vt 0.073707 0.639739
vt 0.064045 0.653036
vt 0.010541 0.587548
vt 0.023186 0.590769
vt 0.036120 0.593607
vt 0.054169 0.594728
vt 0.065414 0.606291
vt 0.076023 0.616362
vt 0.086241 0.626330
vt 0.351276 0.019709
vt 0.342438 0.008743
vt 0.361114 0.028270
vt 0.371300 0.036999
vt 0.381354 0.049516
vt 0.395362 0.056218
vt 0.407576 0.062740
vt 0.390505 0.201760
vt 0.381863 0.198768
vt 0.385809 0.191997
vt 0.393505 0.196634
vt 0.387419 0.180967
vt 0.396612 0.186516
vt 0.389005 0.209259
vt 0.375617 0.206540
vt 0.375608 0.186612
vt 0.370471 0.194441
vt 0.376762 0.177490
vt 0.367894 0.202376
vt 0.397388 0.204674
vt 0.395374 0.210589
vt 0.399458 0.198530
vt 0.401578 0.188768
vt 0.404016 0.181884
vt 0.398150 0.177548
vt 0.389717 0.173333
vt 0.378866 0.170176
vt 0.392827 0.218672
vt 0.385771 0.217621
vt 0.372714 0.213867
vt 0.363255 0.208208
vt 0.361275 0.197606
vt 0.355893 0.202529
vt 0.364607 0.192352
vt 0.367258 0.185371
vt 0.369961 0.177507
vt 0.368821 0.170111
vt 0.406440 0.192353
vt 0.406022 0.201124
vt 0.410472 0.188671
vt 0.404381 0.206661
vt 0.401547 0.212045
vt 0.403206 0.219942
vt 0.388743 0.226328
vt 0.379538 0.224322
vt 0.368953 0.220465
vt 0.359804 0.215626
vt 0.351967 0.209661
vt 0.398672 0.232269
vt 0.383450 0.240082
vt 0.372209 0.233874
vt 0.364735 0.228341
vt 0.355986 0.225353
vt 0.347557 0.219621
vt 0.395193 0.245161
vt 0.401814 0.169022
vt 0.409127 0.174035
vt 0.393225 0.164918
vt 0.383520 0.161663
vt 0.373263 0.159665
vt 0.415942 0.180689
vt 0.407866 0.156545
vt 0.416279 0.161844
vt 0.398895 0.151984
vt 0.378936 0.145395
vt 0.389177 0.148251
vt 0.424480 0.168096
vt 0.415236 0.198725
vt 0.410574 0.210385
vt 0.423951 0.187849
vt 0.433511 0.194539
vt 0.433172 0.174670
vt 0.345799 0.200824
vt 0.351133 0.192487
vt 0.353285 0.170720
vt 0.362041 0.158429
vt 0.343140 0.185123
vt 0.339012 0.193852
vt 0.351728 0.156658
vt 0.345255 0.165323
vt 0.334237 0.180018
vt 0.332046 0.188350
vt 0.356854 0.190466
vt 0.359204 0.176901
vt 0.359048 0.187127
vt 0.361603 0.183184
vt 0.351740 0.184273
vt 0.353662 0.181817
vt 0.345918 0.176746
vt 0.337553 0.172792
vt 0.340492 0.211768
vt 0.333152 0.205788
vt 0.325066 0.201749
vt 0.368396 0.143077
vt 0.358068 0.140479
vt 0.220887 0.512655
vt 0.226674 0.503910
vt 0.237286 0.510353
vt 0.231102 0.519372
vt 0.232237 0.494690
vt 0.242738 0.500778
vt 0.215538 0.520595
vt 0.225019 0.528111
vt 0.241500 0.481350
vt 0.251550 0.488560
vt 0.210257 0.529273
vt 0.219455 0.537698
vt 0.263731 0.495500
vt 0.255403 0.507448
vt 0.249866 0.517586
vt 0.243693 0.527303
vt 0.237352 0.537231
vt 0.230827 0.548203
vt 0.414487 0.142427
vt 0.423640 0.147894
vt 0.404963 0.137580
vt 0.384788 0.129706
vt 0.395047 0.133339
vt 0.432678 0.153989
vt 0.374326 0.126452
vt 0.184386 0.530945
vt 0.175230 0.524006
vt 0.193632 0.538625
vt 0.166359 0.518048
vt 0.157724 0.511907
vt 0.148139 0.505229
vt 0.203019 0.546700
vt 0.224465 0.563728
vt 0.213233 0.555071
vt 0.154386 0.473127
vt 0.158115 0.464811
vt 0.166494 0.458721
vt 0.153234 0.479654
vt 0.171598 0.448825
vt 0.149486 0.484028
vt 0.138787 0.497939
vt 0.391326 0.411012
vt 0.402331 0.390948
vt 0.413362 0.370063
vt 0.423918 0.348726
vt 0.430282 0.330107
vt 0.437780 0.314400
vt 0.448244 0.266814
vt 0.455393 0.254756
vt 0.462364 0.243501
vt 0.440846 0.279620
vt 0.429268 0.272244
vt 0.444037 0.201038
vt 0.442689 0.181289
vt 0.452706 0.188126
vt 0.447183 0.219161
vt 0.454782 0.207762
vt 0.463054 0.195230
vt 0.458077 0.226103
vt 0.465357 0.215105
vt 0.473400 0.203005
vt 0.469162 0.232927
vt 0.476014 0.222675
vt 0.483718 0.211404
vt 0.504110 0.207919
vt 0.441927 0.160437
vt 0.451542 0.167073
vt 0.461486 0.174069
vt 0.471712 0.181475
vt 0.482204 0.189360
vt 0.492997 0.197922
vt 0.514924 0.189901
vt 0.524090 0.171810
vt 0.534517 0.152623
vt 0.543687 0.131655
vt 0.549526 0.114287
vt 0.192893 0.724634
vt 0.205238 0.706646
vt 0.264452 0.525112
vt 0.257372 0.535514
vt 0.282226 0.502527
vt 0.271987 0.514447
vt 0.250535 0.546237
vt 0.243697 0.558166
vt 0.236632 0.572375
vt 0.279175 0.532806
vt 0.271406 0.543535
vt 0.298839 0.509960
vt 0.287934 0.521863
vt 0.264038 0.554614
vt 0.256752 0.566586
vt 0.249190 0.580297
vt 0.293358 0.540646
vt 0.285155 0.551325
vt 0.313844 0.518398
vt 0.302554 0.529902
vt 0.277497 0.562381
vt 0.270004 0.574037
vt 0.261950 0.586792
vt 0.258107 0.622240
vt 0.266171 0.605322
vt 0.378443 0.404088
vt 0.388782 0.383941
vt 0.399451 0.363369
vt 0.409363 0.343303
vt 0.417648 0.324921
vt 0.425658 0.308387
vt 0.433237 0.293473
vt 0.502775 0.181844
vt 0.512120 0.164647
vt 0.521651 0.145762
vt 0.530213 0.126665
vt 0.537503 0.109208
vt 0.183578 0.716504
vt 0.194955 0.701885
vt 0.235779 0.636093
vt 0.244674 0.618070
vt 0.253499 0.601373
vt 0.226058 0.630058
vt 0.233410 0.613100
vt 0.241423 0.595936
vt 0.215210 0.623924
vt 0.222022 0.606445
vt 0.229404 0.588897
vt 0.203089 0.616878
vt 0.210172 0.599006
vt 0.217494 0.581101
vt 0.365841 0.397025
vt 0.375638 0.377590
vt 0.386005 0.356768
vt 0.395622 0.336973
vt 0.404465 0.318424
vt 0.412642 0.301475
vt 0.420942 0.285857
vt 0.352412 0.390096
vt 0.362039 0.371373
vt 0.372116 0.350164
vt 0.381632 0.329939
vt 0.390479 0.311031
vt 0.399165 0.293051
vt 0.408363 0.276297
vt 0.491468 0.173893
vt 0.500758 0.157030
vt 0.509785 0.139152
vt 0.518312 0.121033
vt 0.525996 0.103956
vt 0.174094 0.708930
vt 0.185667 0.694837
vt 0.480739 0.166204
vt 0.489781 0.149725
vt 0.498511 0.132654
vt 0.506807 0.115362
vt 0.514529 0.098522
vt 0.164180 0.701116
vt 0.177013 0.684302
vt 0.480641 0.082612
vt 0.131906 0.682962
vt 0.141545 0.688993
vt 0.491526 0.088163
vt 0.139284 0.672448
vt 0.149103 0.675234
vt 0.473454 0.098115
vt 0.484317 0.103961
vt 0.495438 0.109683
vt 0.502854 0.093386
vt 0.152547 0.694779
vt 0.161830 0.679374
vt 0.470321 0.158923
vt 0.479076 0.142806
vt 0.487473 0.126297
vt 0.460216 0.151939
vt 0.468642 0.136092
vt 0.476674 0.120033
vt 0.462710 0.092113
vt 0.469976 0.076339
vt 0.123744 0.674400
vt 0.136894 0.658974
vt 0.451820 0.086238
vt 0.458639 0.070384
vt 0.112583 0.666951
vt 0.121971 0.650823
vt 0.450307 0.145315
vt 0.458337 0.129700
vt 0.466037 0.113891
vt 0.440550 0.138986
vt 0.448136 0.123522
vt 0.455493 0.107852
vt 0.440873 0.080592
vt 0.447222 0.064986
vt 0.101251 0.661011
vt 0.108324 0.646090
vt 0.429992 0.074970
vt 0.436260 0.059688
vt 0.091446 0.656022
vt 0.098085 0.646394
vt 0.419023 0.069001
vt 0.074005 0.661280
vt 0.083243 0.648470
vt 0.094845 0.636856
vt 0.430870 0.132996
vt 0.437971 0.117608
vt 0.444945 0.101979
vt 0.421122 0.127443
vt 0.427762 0.111971
vt 0.434346 0.096305
vt 0.411164 0.122312
vt 0.417415 0.106606
vt 0.423688 0.090741
vt 0.400962 0.117578
vt 0.406884 0.101442
vt 0.412874 0.085162
vt 0.390507 0.113256
vt 0.396131 0.096506
vt 0.401751 0.079609
vt 0.379916 0.109205
vt 0.385213 0.091837
vt 0.390293 0.074222
vt 0.363909 0.123092
vt 0.369388 0.105308
vt 0.374349 0.087587
vt 0.378652 0.069580
vt 0.329649 0.400444
vt 0.337994 0.382175
vt 0.282803 0.479578
vt 0.304435 0.460297
vt 0.317789 0.437866
vt 0.322864 0.417951
vt 0.314774 0.392387
vt 0.323596 0.373522
vt 0.268246 0.471044
vt 0.284569 0.451363
vt 0.297077 0.430158
vt 0.306369 0.410883
vt 0.254998 0.463296
vt 0.268527 0.443903
vt 0.280628 0.423594
vt 0.291008 0.403793
vt 0.241862 0.456433
vt 0.253734 0.437034
vt 0.265401 0.416916
vt 0.276340 0.396716
vt 0.227510 0.450878
vt 0.238824 0.430926
vt 0.250476 0.410414
vt 0.261772 0.389724
vt 0.209701 0.447416
vt 0.223294 0.425481
vt 0.235381 0.404342
vt 0.246907 0.382715
vt 0.196464 0.437558
vt 0.209085 0.419092
vt 0.220400 0.399059
vt 0.229641 0.376072
vt 0.347981 0.363381
vt 0.358010 0.342353
vt 0.367438 0.321894
vt 0.376212 0.302461
vt 0.385083 0.283145
vt 0.395008 0.262712
vt 0.135529 0.522714
vt 0.125896 0.515687
vt 0.168607 0.663235
vt 0.175759 0.646235
vt 0.182886 0.628410
vt 0.190369 0.610052
vt 0.198124 0.591511
vt 0.205880 0.573004
vt 0.153899 0.659818
vt 0.161073 0.641565
vt 0.169076 0.622650
vt 0.177485 0.603477
vt 0.186236 0.584154
vt 0.194828 0.565111
vt 0.145788 0.637184
vt 0.130201 0.631133
vt 0.112188 0.625932
vt 0.100821 0.611999
vt 0.090144 0.601440
vt 0.080338 0.591779
vt 0.085446 0.568539
vt 0.094274 0.576441
vt 0.071970 0.582498
vt 0.098609 0.552272
vt 0.107922 0.559651
vt 0.112216 0.534287
vt 0.121885 0.541364
vt 0.174101 0.550115
vt 0.164152 0.543111
vt 0.184290 0.557397
vt 0.154486 0.536435
vt 0.145077 0.529711
vt 0.163219 0.569946
vt 0.152238 0.562868
vt 0.174587 0.576931
vt 0.141796 0.555642
vt 0.131713 0.548560
vt 0.152170 0.590081
vt 0.139959 0.582904
vt 0.164713 0.596890
vt 0.128638 0.575025
vt 0.117975 0.567240
vt 0.104252 0.584898
vt 0.155113 0.616871
vt 0.114996 0.594016
vt 0.141029 0.610474
vt 0.126987 0.603421
vt 0.300381 0.384515
vt 0.309657 0.364990
vt 0.286412 0.376782
vt 0.296150 0.356774
vt 0.272546 0.369364
vt 0.282655 0.348954
vt 0.258432 0.362153
vt 0.268792 0.341830
vt 0.243864 0.355237
vt 0.254424 0.335419
vt 0.377529 0.254945
vt 0.361234 0.243147
vt 0.346140 0.237105
vt 0.335345 0.230147
vt 0.325945 0.223821
vt 0.316743 0.218591
vt 0.333286 0.353800
vt 0.343281 0.333189
vt 0.352936 0.313125
vt 0.361690 0.293492
vt 0.369922 0.274000
vt 0.319225 0.344879
vt 0.329203 0.324212
vt 0.338821 0.304383
vt 0.347435 0.284627
vt 0.355054 0.264491
vt 0.306068 0.336256
vt 0.316069 0.315823
vt 0.325441 0.296196
vt 0.333935 0.276461
vt 0.341144 0.256754
vt 0.293076 0.328369
vt 0.303201 0.308221
vt 0.312704 0.288545
vt 0.321436 0.268999
vt 0.329114 0.249460
vt 0.279734 0.321399
vt 0.290404 0.301221
vt 0.300408 0.281484
vt 0.309707 0.262052
vt 0.318268 0.242701
vt 0.266250 0.315189
vt 0.277552 0.295003
vt 0.288371 0.274978
vt 0.298427 0.255632
vt 0.307897 0.236730
vt 0.208486 0.332081
vt 0.200122 0.325583
vt 0.205729 0.314985
vt 0.214913 0.320097
vt 0.201769 0.344020
vt 0.193881 0.335734
vt 0.193299 0.320201
vt 0.196585 0.312530
vt 0.187914 0.325637
vt 0.211017 0.352108
vt 0.219720 0.338060
vt 0.227770 0.324137
vt 0.241235 0.329599
vt 0.231918 0.346051
vt 0.220981 0.361467
vt 0.180762 0.337793
vt 0.184972 0.349748
vt 0.191527 0.359460
vt 0.199596 0.368018
vt 0.208147 0.375955
vt 0.214999 0.382926
vt 0.207117 0.396897
vt 0.196004 0.414354
vt 0.183486 0.432334
vt 0.142411 0.471482
vt 0.154882 0.451725
vt 0.170261 0.429111
vt 0.184258 0.409447
vt 0.196770 0.391690
vt 0.187392 0.384903
vt 0.173791 0.403438
vt 0.158812 0.423509
vt 0.143198 0.444315
vt 0.131849 0.463696
vt 0.129835 0.489702
vt 0.120225 0.482558
vt 0.116454 0.508513
vt 0.107072 0.501865
vt 0.102849 0.527490
vt 0.093441 0.521335
vt 0.089644 0.545739
vt 0.080179 0.540419
vt 0.078017 0.561783
vt 0.068375 0.558502
vt 0.069389 0.573621
vt 0.059210 0.575582
vt 0.046086 0.574484
vt 0.032980 0.572313
vt 0.021611 0.568570
vt 0.121882 0.458063
vt 0.131256 0.438937
vt 0.112945 0.453412
vt 0.122207 0.434715
vt 0.104178 0.449106
vt 0.113614 0.430497
vt 0.179103 0.377125
vt 0.164561 0.396676
vt 0.148406 0.417588
vt 0.172494 0.368245
vt 0.156790 0.389368
vt 0.139397 0.411742
vt 0.168840 0.356443
vt 0.150523 0.381622
vt 0.131593 0.405999
vt 0.111020 0.476552
vt 0.097949 0.495705
vt 0.084024 0.515502
vt 0.070113 0.535566
vt 0.057174 0.555248
vt 0.102658 0.471166
vt 0.089509 0.489565
vt 0.074725 0.509665
vt 0.060085 0.530484
vt 0.045997 0.551237
vt 0.093925 0.466312
vt 0.080645 0.484528
vt 0.065621 0.504708
vt 0.050431 0.525775
vt 0.035296 0.547023
vt 0.336094 0.024993
vt 0.345368 0.034280
vt 0.355084 0.041997
vt 0.364230 0.049084
vt 0.371376 0.055134
vt 0.368309 0.067771
vt 0.359025 0.063215
vt 0.349275 0.057732
vt 0.339282 0.051534
vt 0.329252 0.044475
vt 0.342318 0.154150
vt 0.348055 0.137502
vt 0.333381 0.151482
vt 0.338113 0.134533
vt 0.324272 0.147632
vt 0.326872 0.130967
vt 0.309643 0.143400
vt 0.315078 0.127451
vt 0.295693 0.137898
vt 0.301678 0.123135
vt 0.353639 0.119761
vt 0.358996 0.101596
vt 0.363950 0.084000
vt 0.343285 0.116289
vt 0.348648 0.097760
vt 0.353877 0.079822
vt 0.332429 0.112792
vt 0.338088 0.093854
vt 0.343632 0.075246
vt 0.321300 0.109746
vt 0.327196 0.090157
vt 0.333115 0.070359
vt 0.309087 0.105791
vt 0.315936 0.086189
vt 0.322492 0.065312
vt 0.307356 0.213982
vt 0.316635 0.198093
vt 0.297808 0.209143
vt 0.307363 0.194300
vt 0.288108 0.203694
vt 0.297905 0.189762
vt 0.278212 0.197726
vt 0.286216 0.183848
vt 0.268725 0.191188
vt 0.275673 0.178469
vt 0.336225 0.162011
vt 0.323121 0.185533
vt 0.325017 0.177455
vt 0.328012 0.170081
vt 0.328052 0.159231
vt 0.313388 0.183157
vt 0.316702 0.174901
vt 0.319903 0.167507
vt 0.318891 0.155136
vt 0.303550 0.178873
vt 0.307474 0.170655
vt 0.310656 0.163328
vt 0.304998 0.149444
vt 0.291957 0.173374
vt 0.295716 0.165898
vt 0.298797 0.158740
vt 0.291738 0.144842
vt 0.280889 0.168429
vt 0.284077 0.161442
vt 0.286343 0.153961
vt 0.218488 0.293987
vt 0.228494 0.299202
vt 0.210641 0.289516
vt 0.240225 0.304160
vt 0.253043 0.309531
vt 0.231922 0.272262
vt 0.241611 0.277957
vt 0.225511 0.267571
vt 0.252823 0.283526
vt 0.265007 0.289131
vt 0.244295 0.251361
vt 0.254035 0.257289
vt 0.237484 0.245787
vt 0.264960 0.263104
vt 0.276445 0.269055
vt 0.255973 0.231642
vt 0.265875 0.237674
vt 0.248264 0.226834
vt 0.276478 0.243791
vt 0.287324 0.249727
vt 0.267052 0.213382
vt 0.277343 0.219855
vt 0.259941 0.207594
vt 0.287414 0.225780
vt 0.297675 0.231156
vt 0.681403 0.756396
vt 0.674439 0.769985
vt 0.676844 0.776940
vt 0.673767 0.782787
vt 0.665711 0.785582
vt 0.658605 0.802827
vt 0.655602 0.825412
vt 0.656927 0.848455
vt 0.663903 0.871820
vt 0.675221 0.889812
vt 0.688607 0.901748
vt 0.704434 0.910711
vt 0.722987 0.916892
vt 0.751038 0.919941
vt 0.778448 0.913031
vt 0.801319 0.898104
vt 0.815921 0.883204
vt 0.821935 0.872531
vt 0.825070 0.866115
vt 0.830272 0.861645
vt 0.841247 0.839791
vt 0.846651 0.815648
vt 0.845925 0.794901
vt 0.840912 0.775295
vt 0.831112 0.757146
vt 0.821257 0.745607
vt 0.810971 0.738029
vt 0.802587 0.733772
vt 0.795843 0.731186
vt 0.789753 0.729215
vt 0.781094 0.726793
vt 0.774300 0.724261
vt 0.761449 0.720772
vt 0.744653 0.719976
vt 0.727494 0.723410
vt 0.710060 0.731098
vt 0.694403 0.742744
vt 0.692897 0.762412
vt 0.686606 0.771942
vt 0.685970 0.780412
vt 0.683591 0.789345
vt 0.678908 0.798963
vt 0.674486 0.813702
vt 0.671908 0.831397
vt 0.671924 0.849592
vt 0.675557 0.866416
vt 0.684824 0.879060
vt 0.697160 0.889507
vt 0.712311 0.897534
vt 0.730140 0.903530
vt 0.751882 0.908125
vt 0.774153 0.903395
vt 0.790588 0.889424
vt 0.803601 0.876237
vt 0.813133 0.865546
vt 0.819958 0.861421
vt 0.821214 0.852425
vt 0.826720 0.833877
vt 0.832518 0.813604
vt 0.836009 0.794350
vt 0.836152 0.775559
vt 0.826589 0.761414
vt 0.817204 0.750594
vt 0.808196 0.742776
vt 0.799784 0.738766
vt 0.793771 0.736188
vt 0.788688 0.733576
vt 0.781420 0.732951
vt 0.772568 0.730958
vt 0.761009 0.727659
vt 0.746631 0.729376
vt 0.732591 0.734910
vt 0.718291 0.742594
vt 0.704808 0.752322
vt 0.784578 0.741197
vt 0.793881 0.743223
vt 0.797297 0.749575
vt 0.805410 0.758630
vt 0.815565 0.767640
vt 0.824163 0.779369
vt 0.819781 0.791765
vt 0.815083 0.809383
vt 0.810229 0.829087
vt 0.804534 0.850218
vt 0.790479 0.864024
vt 0.778092 0.876542
vt 0.764647 0.886826
vt 0.749696 0.891475
vt 0.734105 0.889147
vt 0.718696 0.883629
vt 0.704508 0.876616
vt 0.692447 0.868928
vt 0.692910 0.807866
vt 0.689236 0.821944
vt 0.686411 0.837141
vt 0.684651 0.851624
vt 0.684020 0.862530
vt 0.696159 0.795432
vt 0.698018 0.783999
vt 0.696098 0.775621
vt 0.704472 0.771215
vt 0.772427 0.739663
vt 0.761220 0.739153
vt 0.749884 0.740372
vt 0.739408 0.745719
vt 0.727945 0.753432
vt 0.715841 0.762429
vt 0.790586 0.820844
vt 0.795872 0.802557
vt 0.784058 0.838177
vt 0.774626 0.852443
vt 0.764917 0.864845
vt 0.755293 0.874949
vt 0.747631 0.881301
vt 0.737268 0.876963
vt 0.723835 0.870788
vt 0.709927 0.863884
vt 0.696761 0.857081
vt 0.700364 0.843624
vt 0.707863 0.815379
vt 0.711680 0.801235
vt 0.704099 0.829505
vt 0.714890 0.784889
vt 0.748914 0.754900
vt 0.739010 0.763156
vt 0.727940 0.773201
vt 0.753555 0.748145
vt 0.762630 0.749375
vt 0.772204 0.747540
vt 0.781976 0.753478
vt 0.791697 0.766224
vt 0.800819 0.782504
vt 0.765439 0.828409
vt 0.771320 0.812763
vt 0.776554 0.796763
vt 0.779997 0.781502
vt 0.778735 0.770155
vt 0.764692 0.762597
vt 0.752573 0.771146
vt 0.743288 0.782399
vt 0.734143 0.795221
vt 0.728712 0.809542
vt 0.758023 0.842113
vt 0.750511 0.854819
vt 0.743272 0.866391
vt 0.729264 0.858416
vt 0.714691 0.850814
vt 0.723788 0.823440
vt 0.719305 0.837257
vt 0.735113 0.845600
vt 0.740734 0.832387
vt 0.746655 0.818645
vt 0.752581 0.804213
vt 0.759019 0.789965
vt 0.763997 0.776335
vt 0.326578 0.043834
vt 0.333773 0.023736
vt 0.319448 0.064814
vt 0.311252 0.084971
vt 0.303705 0.103584
vt 0.297053 0.121758
vt 0.290941 0.135808
vt 0.287330 0.143299
vt 0.283230 0.152771
vt 0.279975 0.159362
vt 0.276333 0.166831
vt 0.271909 0.176726
vt 0.265798 0.190111
vt 0.257007 0.205071
vt 0.234551 0.245256
vt 0.246019 0.225696
vt 0.222588 0.264966
vt 0.207454 0.287640
vt 0.192415 0.310087
vt 0.189294 0.317336
vt 0.183666 0.323456
vt 0.175926 0.334966
vt 0.162546 0.353774
vt 0.144759 0.378266
vt 0.126129 0.403672
vt 0.107476 0.429078
vt 0.095011 0.447026
vt 0.083158 0.463575
vt 0.072134 0.480375
vt 0.058779 0.500091
vt 0.044299 0.523240
vt 0.031064 0.545442
vt 0.017789 0.567281
vt 0.007416 0.585488
vt 0.002252 0.593344
vt 0.343099 0.000000
vt 0.339234 0.007349
vt 0.547813 0.065476
vt 0.389081 0.456387
vt 0.210658 0.737989
vt 0.873379 0.837603
vt 0.216332 0.729301
vt 0.222543 0.719756
vt 0.561355 0.138238
vt 0.846911 0.859418
vt 0.840779 0.864995
vt 0.836198 0.869490
vt 0.545170 0.175513
vt 0.818892 0.884829
vt 0.529050 0.205373
vt 0.808387 0.921481
vt 0.806299 0.930126
vt 0.000000 0.156434
vt 0.002761 0.162801
vt 0.006840 0.173064
vt 0.487998 0.270309
vt 0.034797 0.215883
vt 0.495464 0.257233
vt 0.500522 0.248621
vt 0.043667 0.227342
vt 0.465505 0.311989
vt 0.073012 0.244906
vt 0.086485 0.250123
vt 0.423324 0.386702
vt 0.149505 0.259614
vt 0.390546 0.449243
vt 0.393707 0.441191
vt 0.397280 0.433381
vt 0.402230 0.424347
vt 0.408553 0.417235
vt 0.411850 0.411518
vt 0.417628 0.399245
vt 0.163502 0.256588
vt 0.428153 0.380770
vt 0.433801 0.372506
vt 0.548001 0.168758
vt 0.984969 0.824092
vt 0.250835 0.670589
vt 0.950489 0.827258
vt 0.437421 0.361129
vt 0.441573 0.354940
vt 0.445190 0.345336
vt 0.532701 0.199237
vt 0.535234 0.192569
vt 0.539047 0.187109
vt 0.565683 0.127332
vt 0.971877 0.822277
vt 0.939536 0.830229
vt 0.927322 0.831551
vt 0.917163 0.827896
vt 0.868005 0.842379
vt 0.932991 0.833285
vt 0.363696 0.527269
vt 0.372288 0.518441
vt 0.345426 0.546623
vt 0.355176 0.535887
vt 0.337164 0.554283
vt 0.329360 0.562360
vt 0.311236 0.583236
vt 0.320922 0.570859
vt 0.302145 0.594571
vt 0.293436 0.605651
vt 0.280577 0.623031
vt 0.285477 0.614874
vt 0.026384 0.000000
vt 0.017189 0.007469
vt 0.997169 0.826440
vt 0.569166 0.031124
vt 0.424674 0.465773
vt 0.566263 0.025067
vt 0.549922 0.054800
vt 0.552599 0.061597
vt 0.549976 0.048055
vt 0.249653 0.137120
vt 0.561386 0.043338
vt 0.415798 0.486516
vt 0.420424 0.480620
vt 0.422585 0.473652
vt 0.393446 0.511618
vt 0.000000 0.600308
vt 0.004448 0.602244
vt 0.425498 0.053379
vt 0.083381 0.668719
vt 0.093177 0.675112
vt 0.103424 0.681641
vt 0.113517 0.688708
vt 0.122884 0.696056
vt 0.132563 0.702846
vt 0.142736 0.709470
vt 0.153164 0.716289
vt 0.414012 0.046441
vt 0.163238 0.723591
vt 0.173325 0.730944
vt 0.183890 0.738457
vt 0.192607 0.744244
vt 0.053617 0.644386
vt 0.042924 0.634841
vt 0.032984 0.624885
vt 0.022869 0.616762
vt 0.013182 0.609447
vt 0.200282 0.751092
vt 0.082717 0.249560
vt 0.871257 0.924950
vt 0.078441 0.251453
vt 0.073101 0.249213
vt 0.095087 0.017152
vt 0.102978 0.013419
vt 0.111503 0.027152
vt 0.116991 0.004894
vt 0.130382 0.027593
vt 0.052889 0.027084
vt 0.055302 0.023494
vt 0.066054 0.028001
vt 0.071986 0.026008
vt 0.019058 0.252591
vt 0.010075 0.262605
vt 0.013179 0.265581
vt 0.023513 0.257675
vt 0.018649 0.261304
vt 0.078556 0.023419
vt 0.086775 0.022516
vt 0.251152 0.031146
vt 0.251259 0.024200
vt 0.253007 0.017107
vt 0.254482 0.010334
vt 0.256554 0.005299
vt 0.228940 0.010548
vt 0.233168 0.005118
vt 0.251493 0.000000
vt 0.021420 0.336985
vt 0.019214 0.333022
vt 0.229047 0.004688
vt 0.219777 0.003897
vt 0.216014 0.006025
vt 0.207263 0.010085
vt 0.076948 0.348624
vt 0.201190 0.012290
vt 0.079065 0.348421
vt 0.207900 0.021706
vt 0.074117 0.346485
vt 0.080682 0.345124
vt 0.077696 0.342567
vt 0.395866 0.000003
vt 0.391876 0.001933
vt 0.389438 0.000685
vt 0.385773 0.001010
vt 0.381194 0.001433
vt 0.124726 0.088827
vt 0.377084 0.000000
vt 0.118612 0.074072
vt 0.110367 0.075333
vt 0.113257 0.082151
vt 0.117787 0.087653
vt 0.259960 0.014221
vt 0.268137 0.022841
vt 0.277896 0.022565
vt 0.008939 0.136701
vt 0.281631 0.026623
vt 0.005501 0.140202
vt 0.018085 0.146864
vt 0.012998 0.139474
vt 0.016703 0.142508
vt 0.537125 0.200004
vt 0.542436 0.195138
vt 0.080316 0.111040
vt 0.074045 0.111682
vt 0.534194 0.207044
vt 0.593088 0.152485
vt 0.579649 0.163350
vt 0.572436 0.167737
vt 0.568784 0.172931
vt 0.560019 0.180248
vt 0.899662 0.168221
vt 0.596525 0.242668
vt 0.622717 0.273098
vt 0.615410 0.264632
vt 0.632152 0.266247
vt 0.604567 0.254513
vt 0.903687 0.168346
vt 0.801001 0.024471
vt 0.912511 0.191270
vt 0.910536 0.179655
vt 0.787415 0.029966
vt 0.794635 0.030219
vt 0.535096 0.220716
vt 0.545736 0.216700
vt 0.599515 0.169859
vt 0.557437 0.219528
vt 0.564201 0.221333
vt 0.571808 0.223395
vt 0.579589 0.226877
vt 0.585769 0.232579
vt 0.589575 0.241406
vt 0.595926 0.258694
vt 0.632919 0.084369
vt 0.597218 0.248099
vt 0.589099 0.245507
vt 0.579988 0.248167
vt 0.686043 0.008394
vt 0.871279 0.136359
vt 0.875337 0.133231
vt 0.880901 0.127289
vt 0.875523 0.123649
vt 0.866553 0.124798
vt 0.607974 0.070390
vt 0.610665 0.079721
vt 0.621049 0.083453
vt 0.516351 0.248490
vt 0.512682 0.299534
vt 0.526083 0.249292
vt 0.522503 0.297333
vt 0.538505 0.244725
vt 0.535860 0.297293
vt 0.548609 0.245515
vt 0.544782 0.299634
vt 0.549633 0.306294
vt 0.506419 0.246065
vt 0.504965 0.305265
vt 0.073290 0.309677
vt 0.505473 0.257504
vt 0.505736 0.268207
vt 0.506859 0.274686
vt 0.506505 0.281064
vt 0.505580 0.286101
vt 0.499507 0.289978
vt 0.503502 0.289257
vt 0.501521 0.296287
vt 0.014102 0.327994
vt 0.024593 0.320924
vt 0.091243 0.312024
vt 0.087798 0.289418
vt 0.087082 0.279202
vt 0.086253 0.268062
vt 0.087272 0.255703
vt 0.875106 0.924446
vt 0.062879 0.253008
vt 0.067449 0.246635
vt 0.061185 0.265983
vt 0.062091 0.275101
vt 0.065579 0.289762
vt 0.055284 0.280981
vt 0.002716 0.263947
vt 0.000000 0.253789
vt 0.017371 0.242617
vt 0.003042 0.269801
vt 0.028435 0.249271
vt 0.008920 0.258559
vt 0.037432 0.257923
vt 0.044895 0.265746
vt 0.050033 0.271395
vt 0.007551 0.277800
vt 0.015206 0.287100
vt 0.022851 0.296540
vt 0.030929 0.305061
vt 0.036424 0.313770
vt 0.030767 0.318023
vt 0.026527 0.349141
vt 0.013977 0.344483
vt 0.034613 0.353561
vt 0.045646 0.360730
vt 0.056519 0.366953
vt 0.070975 0.372553
vt 0.080160 0.378483
vt 0.120452 0.145910
vt 0.100214 0.325321
vt 0.090795 0.341905
vt 0.092550 0.353459
vt 0.089279 0.362769
vt 0.168278 0.000000
vt 0.030197 0.009671
vt 0.010964 0.011750
vt 0.009404 0.024313
vt 0.018626 0.153790
vt 0.011655 0.152974
vt 0.000000 0.137968
vt 0.004082 0.132623
vt 0.012288 0.146938
vt 0.009813 0.129194
vt 0.025402 0.151802
vt 0.018753 0.119810
vt 0.034808 0.146295
vt 0.029030 0.098123
vt 0.036929 0.102039
vt 0.039571 0.092705
vt 0.053325 0.138917
vt 0.067239 0.137271
vt 0.079649 0.135116
vt 0.094001 0.131321
vt 0.101393 0.124118
vt 0.034036 0.017794
vt 0.045041 0.028638
vt 0.057040 0.038373
vt 0.066515 0.050787
vt 0.073821 0.059763
vt 0.152418 0.072894
vt 0.102435 0.067323
vt 0.110483 0.066821
vt 0.092798 0.068678
vt 0.118508 0.066334
vt 0.128123 0.067284
vt 0.131631 0.092451
vt 0.126175 0.074626
vt 0.121863 0.106289
vt 0.112257 0.113363
vt 0.013499 0.029953
vt 0.016979 0.036199
vt 0.020811 0.041544
vt 0.025490 0.051224
vt 0.030842 0.059435
vt 0.039969 0.073919
vt 0.038914 0.086455
vt 0.045498 0.095203
vt 0.090810 0.117068
vt 0.090747 0.117058
vt 0.090818 0.116124
vt 0.090802 0.117071
vt 0.091007 0.114716
vt 0.090844 0.117086
vt 0.090932 0.117146
vt 0.091614 0.119005
vt 0.091034 0.114733
vt 0.174018 0.243856
vt 0.499291 0.089972
vt 0.173309 0.237902
vt 0.172970 0.232098
vt 0.173384 0.226796
vt 0.483666 0.057732
vt 0.469178 0.058892
vt 0.187323 0.200006
vt 0.476948 0.055037
vt 0.198902 0.196041
vt 0.190135 0.188958
vt 0.191021 0.183282
vt 0.949375 0.085644
vt 0.956014 0.092592
vt 0.943797 0.084531
vt 0.938966 0.084212
vt 0.935733 0.088698
vt 0.471945 0.016073
vt 0.947635 0.077222
vt 0.939183 0.083270
vt 0.555900 0.004305
vt 0.241382 0.137741
vt 0.573076 0.020567
vt 0.547939 0.001824
vt 0.540453 0.000516
vt 0.965720 0.095361
vt 0.201755 0.139828
vt 0.008699 0.154783
vt 0.016985 0.154193
vt 0.804761 0.938447
vt 0.123942 0.132137
vt 0.934548 0.949623
vt 0.119567 0.139381
vt 0.142532 0.115294
vt 0.144867 0.106095
vt 0.143640 0.095804
vt 0.137945 0.119932
vt 0.939964 0.947003
vt 0.135393 0.121751
vt 0.448609 0.346943
vt 0.444006 0.352963
vt 0.444695 0.367851
vt 0.444492 0.379339
vt 0.444921 0.388299
vt 0.501964 0.503921
vt 0.459843 0.414489
vt 0.493519 0.499030
vt 0.515052 0.521963
vt 0.471136 0.431906
vt 0.482895 0.441925
vt 0.491295 0.453676
vt 0.490231 0.459800
vt 0.485740 0.461297
vt 0.483670 0.466100
vt 0.489369 0.470958
vt 0.493297 0.474878
vt 0.494886 0.479072
vt 0.490273 0.482359
vt 0.491131 0.487154
vt 0.502820 0.498314
vt 0.510881 0.509637
vt 0.517023 0.517873
vt 0.527857 0.532016
vt 0.545197 0.540609
vt 0.544737 0.561001
vt 0.557674 0.553544
vt 0.565009 0.566551
vt 0.572617 0.579906
vt 0.579150 0.595831
vt 0.584488 0.720816
vt 0.598061 0.732311
vt 0.618471 0.613583
vt 0.633897 0.621990
vt 0.644913 0.634068
vt 0.655079 0.644086
vt 0.667597 0.652184
vt 0.686054 0.662719
vt 0.642173 0.846920
vt 0.723584 0.689423
vt 0.743299 0.701799
vt 0.640341 0.937890
vt 0.645081 0.917036
vt 0.634379 0.956496
vt 0.830260 0.743978
vt 0.628540 0.973389
vt 0.007123 0.842986
vt 0.010949 0.823944
vt 0.015024 0.809438
vt 0.009387 0.862252
vt 0.189183 0.756381
vt 0.205478 0.771650
vt 0.012807 0.877011
vt 0.032186 0.920677
vt 0.049177 0.941972
vt 0.074041 0.963803
vt 0.091966 0.972923
vt 0.238740 0.901476
vt 0.842026 0.748961
vt 0.242892 0.882835
vt 0.241520 0.865004
vt 0.240121 0.849662
vt 0.233311 0.825665
vt 0.228351 0.804742
vt 0.217845 0.787153
vt 0.018471 0.894555
vt 0.171815 0.747331
vt 0.152511 0.739174
vt 0.133287 0.735002
vt 0.013459 0.776834
vt 0.013091 0.797099
vt 0.443740 0.484705
vt 0.428390 0.494636
vt 0.418329 0.501270
vt 0.405074 0.512018
vt 0.393067 0.523586
vt 0.380234 0.530733
vt 0.541997 0.313231
vt 0.597745 0.056238
vt 0.607929 0.055548
vt 0.921352 0.210084
vt 0.914736 0.209381
vt 0.912356 0.204261
vt 0.586148 0.064156
vt 0.986794 0.188029
vt 0.374804 0.552731
vt 0.977307 0.190040
vt 0.373233 0.571216
vt 0.381387 0.597973
vt 0.570469 0.321231
vt 0.584002 0.332865
vt 0.834625 0.017184
vt 0.822039 0.026455
vt 0.570455 0.081268
vt 0.577485 0.071251
vt 0.879126 0.152585
vt 0.868065 0.141306
vt 0.888180 0.163906
vt 0.896689 0.165151
vt 0.741326 0.000000
vt 0.688141 0.081352
vt 0.689066 0.071353
vt 0.676647 0.079304
vt 0.671867 0.079937
vt 0.666233 0.079478
vt 0.657451 0.075904
vt 0.647870 0.070478
vt 0.641681 0.063600
vt 0.557028 0.092866
vt 0.555007 0.077922
vt 0.559735 0.112309
vt 0.615458 0.338831
vt 0.570182 0.119606
vt 0.586077 0.134363
vt 0.599466 0.144676
vt 0.671585 0.385561
vt 0.621096 0.164188
vt 0.630857 0.173669
vt 0.634260 0.181810
vt 0.648318 0.202221
vt 0.656446 0.216936
vt 0.760504 0.430861
vt 0.771959 0.439282
vt 0.679630 0.260304
vt 0.684144 0.271148
vt 0.686518 0.286941
vt 0.688552 0.301479
vt 0.705065 0.332146
vt 0.697048 0.319517
vt 0.711154 0.344476
vt 0.721110 0.360528
vt 0.889807 0.554278
vt 0.876369 0.538855
vt 0.902841 0.568677
vt 0.924615 0.592786
vt 0.785203 0.434811
vt 0.914287 0.582661
vt 0.378737 0.619418
vt 0.848576 0.023045
vt 0.388660 0.636924
vt 0.384897 0.647218
vt 0.381905 0.656269
vt 0.376402 0.663845
vt 0.373549 0.682789
vt 0.369949 0.703792
vt 0.366241 0.719560
vt 0.364112 0.732389
vt 0.363282 0.752319
vt 0.360204 0.771276
vt 0.357708 0.791273
vt 0.357107 0.808739
vt 0.355171 0.823009
vt 0.356047 0.837805
vt 0.357426 0.852294
vt 0.361463 0.868148
vt 0.375755 0.885422
vt 0.387068 0.894681
vt 0.396325 0.904272
vt 0.920087 0.334001
vt 0.437940 0.962318
vt 0.446270 0.973839
vt 0.452465 0.984373
vt 0.457041 0.994544
vt 0.908656 0.312354
vt 0.111395 0.723033
vt 0.108470 0.731992
vt 0.105042 0.739438
vt 0.099910 0.746759
vt 0.064597 0.769924
vt 0.053843 0.773139
vt 0.147398 0.876485
vt 0.151615 0.881587
vt 0.157558 0.886526
vt 0.164815 0.890979
vt 0.192594 0.899853
vt 0.130864 0.928753
vt 0.114939 0.972327
vt 0.111964 0.982903
vt 0.118445 0.960681
vt 0.122628 0.949553
vt 0.133991 0.918590
vt 0.926209 0.050333
vt 0.927274 0.056684
vt 0.998158 0.097482
vt 0.991399 0.094945
vt 0.981014 0.092367
vt 0.971896 0.094247
vt 0.533583 0.000000
vt 0.936406 0.062796
vt 0.945027 0.068727
vt 0.953258 0.071896
vt 0.925457 0.040247
vt 0.916543 0.044568
vt 0.908383 0.048644
vt 0.900651 0.048910
vt 0.891304 0.050995
vt 0.879164 0.049551
vt 0.984723 0.145852
vt 0.863416 0.052251
vt 0.855254 0.062468
vt 0.842917 0.069566
vn -0.738826 -0.353442 0.573772
vn -0.478538 -0.553388 0.681735
vn -0.378386 -0.632059 0.676259
vn -0.589680 -0.322828 0.740310
vn -0.719645 0.111775 0.685287
vn -0.861715 0.036997 0.506041
vn -0.633926 -0.310900 0.708152
vn -0.759239 -0.245795 0.602611
vn -0.794970 -0.018852 0.606356
vn -0.811661 -0.143445 -0.566241
vn -0.657975 -0.098258 -0.746602
vn -0.461811 -0.482326 -0.744374
vn -0.554980 -0.512513 -0.655231
vn -0.755190 -0.137989 -0.640817
vn -0.592837 -0.390806 -0.704141
vn -0.485326 -0.594182 -0.641410
vn -0.416510 -0.570828 -0.707584
vn -0.482189 -0.430320 -0.763098
vn -0.520576 -0.260288 -0.813174
vn -0.519616 -0.054240 -0.852676
vn -0.739917 -0.299513 -0.602341
vn -0.489968 -0.490521 0.720639
vn -0.484481 -0.138325 0.863797
vn -0.534342 0.157059 0.830548
vn -0.751474 -0.041450 -0.658459
vn -0.890087 0.016057 -0.455509
vn -0.650984 -0.000113 -0.759092
vn -0.933987 0.150616 -0.324010
vn -0.942242 0.216368 -0.255667
vn -0.898286 0.139732 -0.416601
vn -0.732121 -0.083989 0.675977
vn -0.619927 0.024273 0.784284
vn -0.603806 0.185323 0.775289
vn -0.867692 0.154060 0.472626
vn -0.770348 0.137786 0.622558
vn -0.747915 0.246403 0.616367
vn -0.941204 0.214661 0.260875
vn -0.954890 0.274497 0.113299
vn -0.918909 0.267353 0.290049
vn -0.611194 -0.315582 -0.725845
vn -0.572134 -0.192630 -0.797218
vn -0.668842 -0.197376 -0.716724
vn -0.506676 0.226387 -0.831882
vn -0.567172 0.004161 -0.823589
vn -0.526509 -0.157404 -0.835471
vn -0.618473 -0.162702 0.768778
vn -0.612892 -0.023160 0.789827
vn -0.648119 -0.026584 0.761075
vn -0.545040 -0.095250 0.832982
vn -0.566201 0.237214 0.789396
vn -0.527922 -0.060437 0.847140
vn -0.392498 0.490264 0.778194
vn -0.337502 0.147698 0.929665
vn -0.363334 -0.010321 0.931602
vn -0.206119 0.434380 0.876829
vn -0.165593 0.559863 0.811870
vn -0.225784 0.681872 0.695753
vn -0.258595 0.595781 0.760377
vn 0.044823 0.921013 0.386945
vn -0.047241 0.855803 0.515140
vn 0.060101 0.823679 0.563862
vn 0.184130 0.899262 0.396767
vn 0.275975 0.947420 0.161966
vn 0.135188 0.978466 0.155978
vn 0.034287 0.926014 -0.375929
vn 0.152646 0.967012 -0.203929
vn 0.276835 0.935100 -0.221246
vn 0.188072 0.897737 -0.398369
vn 0.020567 0.806661 -0.590657
vn -0.112632 0.851606 -0.511939
vn -0.414157 0.484312 -0.770660
vn -0.352144 0.634778 -0.687787
vn -0.341624 0.602962 -0.720923
vn -0.472094 0.378250 -0.796275
vn -0.235652 0.581135 0.778942
vn -0.140376 0.374298 0.916622
vn -0.196050 0.212291 0.957338
vn -0.212619 0.343976 0.914589
vn -0.127811 0.467651 0.874624
vn 0.221095 0.742814 0.631937
vn 0.327756 0.840788 0.430872
vn 0.399900 0.900396 0.171368
vn 0.384319 0.895246 -0.225462
vn 0.288081 0.859045 -0.423143
vn 0.140409 0.753418 -0.642376
vn -0.229162 0.450584 -0.862820
vn -0.405844 0.085293 -0.909954
vn -0.231274 0.766334 -0.599370
vn -0.139423 0.729826 -0.669265
vn -0.004853 0.660520 -0.750793
vn 0.176703 0.982684 -0.055745
vn 0.294605 0.953251 -0.067239
vn 0.422910 0.903322 -0.071810
vn -0.137772 0.783110 0.606430
vn -0.049472 0.717179 0.695131
vn 0.065612 0.627133 0.776144
vn -0.965453 0.170655 0.196918
vn -0.837596 0.032786 -0.545305
vn -0.983087 -0.080322 0.164586
vn -0.688756 -0.308442 -0.656109
vn -0.447918 -0.507895 -0.735807
vn -0.949057 -0.280364 0.143826
vn -0.315076 -0.622579 -0.716326
vn -0.641090 -0.761389 0.096388
vn -0.026877 -0.731614 -0.681189
vn 0.170576 -0.985344 0.000106
vn 0.130238 -0.909635 -0.394464
vn 0.403887 -0.913823 0.042462
vn -0.614165 -0.034826 -0.788409
vn -0.444442 -0.456539 -0.770742
vn -0.167219 -0.670790 -0.722550
vn -0.557373 -0.011947 -0.830176
vn -0.549937 -0.334048 -0.765494
vn -0.249726 -0.792261 -0.556740
vn -0.731457 0.165872 0.661406
vn -0.619325 0.185033 0.763020
vn -0.333079 -0.371796 0.866502
vn -0.531168 -0.067314 0.844588
vn -0.595645 -0.100325 0.796958
vn -0.419434 -0.262764 0.868925
vn -0.184080 -0.537667 0.822818
vn -0.370198 -0.404520 0.836252
vn 0.059574 -0.787710 0.613159
vn -0.353133 -0.469784 0.809074
vn -0.558774 0.017353 0.829138
vn -0.541632 0.173638 0.822487
vn -0.720114 0.000328 -0.693855
vn -0.724786 0.154507 0.671426
vn -0.621215 -0.439530 0.648772
vn -0.742855 0.080895 0.664547
vn -0.578652 -0.685277 -0.442220
vn -0.737734 -0.144656 -0.659411
vn -0.156904 -0.928466 -0.336649
vn -0.083175 -0.995491 -0.045607
vn -0.445952 -0.869717 -0.211469
vn 0.128578 -0.980719 0.147168
vn 0.049462 -0.961484 0.270374
vn -0.066898 -0.840897 0.537045
vn -0.230444 -0.920828 0.314597
vn -0.429517 -0.825121 0.367001
vn -0.564319 -0.702064 0.434340
vn -0.783024 -0.467608 0.410143
vn -0.547240 -0.668904 0.503086
vn -0.690454 -0.599599 -0.404666
vn -0.657651 -0.563052 -0.500468
vn -0.748661 -0.660426 0.057829
vn -0.916431 -0.398931 -0.031749
vn -0.823979 -0.564036 -0.054046
vn -0.578416 -0.614763 -0.536191
vn -0.588629 -0.790176 0.170699
vn -0.899003 -0.392039 0.195189
vn -0.961701 -0.216738 0.167795
vn -0.650524 -0.733582 0.196660
vn -0.900884 -0.404931 0.156331
vn -0.892056 -0.435748 0.119831
vn -0.834138 0.103112 0.541831
vn -0.819954 0.102518 0.563174
vn -0.764290 0.086971 0.638981
vn -0.756688 0.132014 0.640308
vn -0.675025 0.104569 0.730347
vn -0.718252 0.182819 0.671336
vn -0.781139 -0.201865 0.590823
vn -0.938393 -0.223550 0.263522
vn -0.976019 0.033750 0.215055
vn -0.800509 -0.073562 -0.594789
vn -0.734117 -0.143740 -0.663635
vn -0.677649 -0.155492 -0.718759
vn -0.580587 -0.162973 -0.797721
vn -0.952986 0.140818 0.268307
vn -0.939770 0.024052 0.340961
vn -0.741133 0.166603 0.650358
vn -0.632489 0.276793 0.723424
vn -0.561570 0.153341 0.813097
vn -0.718948 0.325630 0.614068
vn -0.713714 0.421825 0.559175
vn -0.528217 0.400150 0.748910
vn -0.474785 0.321963 0.819097
vn -0.458881 0.160881 0.873811
vn -0.511058 -0.362313 -0.779455
vn -0.154768 -0.315379 -0.936260
vn -0.067844 -0.129513 -0.989254
vn -0.271752 0.001372 -0.962366
vn -0.361428 -0.259939 -0.895434
vn 0.111015 0.147776 -0.982771
vn -0.034894 0.244278 -0.969077
vn 0.474636 0.730215 -0.491433
vn 0.512354 0.699368 -0.498375
vn 0.541003 0.808926 -0.230118
vn 0.544941 0.809519 -0.218445
vn 0.473257 0.835430 0.279435
vn 0.502090 0.823967 0.262649
vn 0.371504 0.762048 0.530346
vn 0.341258 0.812479 0.472674
vn -0.196584 0.746558 0.635615
vn -0.123584 0.633665 0.763672
vn -0.253506 0.747885 0.613517
vn -0.218229 0.680364 0.699629
vn -0.468434 0.659910 0.587442
vn -0.425064 0.534208 0.730714
vn -0.158380 0.760347 0.629912
vn 0.058360 0.546544 0.835394
vn 0.069860 0.805531 0.588421
vn 0.219117 0.648273 0.729198
vn 0.546599 0.837380 -0.005007
vn 0.548167 0.836342 -0.006736
vn 0.314815 0.538996 -0.781265
vn 0.403832 0.513166 -0.757351
vn -0.199099 -0.428349 -0.881406
vn -0.312945 -0.383892 -0.868730
vn -0.319101 0.215950 0.922789
vn -0.278483 -0.200826 -0.939211
vn -0.284306 -0.216157 -0.934048
vn -0.363552 -0.220200 -0.905175
vn -0.349924 -0.292276 -0.890016
vn -0.089990 0.173820 -0.980657
vn -0.045484 -0.000961 -0.998965
vn 0.187144 0.360906 -0.913633
vn 0.122731 0.528040 -0.840304
vn 0.330133 0.613005 -0.717800
vn 0.234710 0.694336 -0.680300
vn 0.464662 0.758792 -0.456425
vn 0.373861 0.815843 -0.441167
vn 0.524222 0.826191 -0.206396
vn 0.471222 0.856599 -0.210209
vn 0.539371 0.840116 -0.057312
vn 0.508405 0.858105 -0.071974
vn 0.530491 0.822829 0.203795
vn 0.484995 0.855847 0.179738
vn 0.439500 0.725087 0.530178
vn 0.415585 0.768596 0.486364
vn 0.364546 0.615657 0.698622
vn 0.335076 0.658131 0.674231
vn 0.222944 0.473365 0.852186
vn 0.167776 0.547217 0.820003
vn 0.012681 0.280132 0.959878
vn -0.069474 0.390708 0.917889
vn -0.110200 0.239689 0.964575
vn -0.203607 0.292890 0.934216
vn -0.306851 0.278649 0.910053
vn -0.224630 -0.220101 -0.949261
vn -0.334384 -0.256685 -0.906808
vn -0.025529 -0.097655 -0.994893
vn 0.196564 0.212651 -0.957153
vn 0.408170 0.527745 -0.744905
vn 0.527589 0.705328 -0.473457
vn 0.546372 0.806600 -0.225554
vn 0.541140 0.840304 -0.032500
vn 0.527372 0.815407 0.238724
vn 0.425760 0.716212 0.552964
vn 0.349059 0.588558 0.729217
vn 0.209062 0.417954 0.884086
vn 0.029692 0.293308 0.955557
vn -0.093638 0.402393 0.910666
vn -0.327183 0.463659 0.823391
vn -0.226942 -0.457897 -0.859551
vn -0.171028 -0.432854 -0.885092
vn -0.423895 -0.195329 -0.884398
vn -0.512239 -0.246153 -0.822812
vn -0.328712 -0.251868 -0.910226
vn -0.479210 -0.556194 -0.678974
vn -0.415138 -0.650914 -0.635588
vn -0.913050 0.039062 -0.405973
vn -0.862056 -0.017979 -0.506495
vn -0.955178 0.156597 -0.251223
vn -0.737908 -0.166155 0.654129
vn -0.916589 -0.186763 0.353531
vn -0.661781 0.037265 0.748771
vn -0.658107 0.230051 0.716918
vn -0.583803 0.397041 0.708190
vn -0.496013 0.523631 0.692663
vn -0.806237 -0.019579 -0.591269
vn -0.764943 0.043771 -0.642609
vn -0.704777 0.262098 -0.659237
vn -0.559476 0.465108 -0.686047
vn -0.428252 0.581907 -0.691364
vn -0.342732 0.676146 -0.652197
vn -0.254046 0.803058 -0.539034
vn -0.391211 0.613341 0.686124
vn -0.310917 0.658710 0.685151
vn -0.923376 0.381060 -0.046597
vn -0.947749 0.247760 0.200967
vn -0.825066 0.560822 0.068890
vn -0.836318 0.537367 0.108668
vn -0.277471 0.691748 0.666705
vn -0.239546 0.742789 0.625206
vn -0.175908 0.809154 0.560649
vn -0.109856 0.868659 0.483078
vn -0.052937 0.926028 0.373724
vn 0.009880 0.987505 0.157276
vn 0.041749 0.998750 -0.027485
vn -0.008252 0.983046 -0.183172
vn -0.121658 0.930026 -0.346772
vn -0.198383 0.875680 -0.440261
vn -0.919356 0.353419 -0.172860
vn -0.860853 0.366437 -0.353067
vn -0.981759 0.158886 -0.104429
vn -0.879490 0.467719 0.087951
vn -0.856295 0.484045 0.180168
vn -0.927992 0.369262 -0.049763
vn -0.932438 0.184763 -0.310519
vn -0.898153 0.097857 -0.428656
vn -0.871681 0.200966 -0.446974
vn -0.822361 0.356040 -0.443800
vn -0.745347 0.470356 -0.472465
vn -0.611839 0.573452 -0.544798
vn -0.480159 0.655537 -0.582854
vn -0.367435 0.752883 -0.546040
vn -0.267436 0.851101 -0.451780
vn -0.241553 0.896402 -0.371639
vn -0.230854 0.924629 -0.302932
vn -0.159229 0.975991 -0.148618
vn -0.102038 0.994758 0.006731
vn -0.208496 0.835446 0.508487
vn -0.186008 0.885770 0.425220
vn -0.167124 0.927992 0.333017
vn -0.121250 0.980412 0.155210
vn -0.264551 0.788320 0.555485
vn -0.315394 0.760126 0.568098
vn -0.367792 0.737235 0.566758
vn -0.414001 0.714203 0.564373
vn -0.469283 0.674309 0.570159
vn -0.531644 0.622294 0.574548
vn -0.616172 0.546468 0.567191
vn -0.697938 0.458842 0.549860
vn -0.865050 0.350290 0.359145
vn -0.892519 0.379603 -0.243540
vn -0.990425 0.042358 -0.131390
vn -0.883507 0.468295 0.010732
vn -0.950125 0.300807 0.082330
vn -0.999445 0.033189 0.002950
vn -0.879821 0.452527 0.145378
vn -0.689585 0.652761 0.313648
vn -0.799605 0.491801 -0.344622
vn -0.675020 0.605201 -0.421996
vn -0.845181 0.466761 -0.260390
vn -0.301300 0.891450 -0.338431
vn -0.278136 0.917408 -0.284609
vn -0.413753 0.818441 -0.398701
vn -0.542163 0.717949 -0.436587
vn -0.193961 0.978046 0.076187
vn -0.234092 0.967184 -0.098771
vn -0.284754 0.929405 -0.234782
vn -0.210556 0.961749 0.175232
vn -0.271606 0.921629 0.277181
vn -0.288503 0.897604 0.333277
vn -0.278181 0.872211 0.402323
vn -0.325779 0.852878 0.408003
vn -0.615385 0.699610 0.363109
vn -0.513686 0.755725 0.406210
vn -0.461744 0.781664 0.419277
vn -0.430483 0.796301 0.424958
vn -0.408201 0.805665 0.429274
vn -0.373321 0.821544 0.430926
vn -0.895078 0.423921 -0.138297
vn -0.948442 0.196954 -0.248328
vn -0.987571 0.038683 -0.152341
vn -0.999497 0.025747 -0.018490
vn -0.799759 0.579437 0.156968
vn -0.641858 0.744793 0.182488
vn -0.633085 0.749886 0.192029
vn -0.528332 0.803021 0.275724
vn -0.468172 0.822211 0.323704
vn -0.836986 0.486265 -0.251002
vn -0.715668 0.649783 -0.256129
vn -0.606150 0.754608 -0.251294
vn -0.474739 0.848040 -0.235482
vn -0.354921 0.915403 -0.189917
vn -0.340712 0.928062 -0.150388
vn -0.435089 0.829144 0.351024
vn -0.397884 0.842856 0.362329
vn -0.302249 0.930217 0.208188
vn -0.299663 0.954044 -0.001445
vn -0.345626 0.932564 -0.104250
vn -0.381987 0.855238 0.350220
vn -0.334736 0.890459 0.308278
vn -0.798477 0.518686 -0.305612
vn -0.789686 0.608003 -0.082025
vn -0.644710 0.763581 0.035976
vn -0.664812 0.742670 0.080416
vn -0.644417 0.756360 -0.112459
vn -0.674915 0.714452 -0.184523
vn -0.372342 0.886873 0.273530
vn -0.368292 0.922161 0.118234
vn -0.542534 0.828452 0.139013
vn -0.460947 0.869908 0.175464
vn -0.436701 0.875045 0.208781
vn -0.522269 0.850724 -0.059203
vn -0.413882 0.910308 -0.006419
vn -0.402948 0.915004 0.020024
vn -0.989437 -0.063951 -0.130092
vn -0.998533 -0.041449 0.034852
vn -0.997775 -0.045734 0.048505
vn -0.984557 -0.128538 -0.118850
vn -0.937211 0.052626 0.344770
vn -0.762054 0.261353 0.592427
vn -0.721255 0.353309 0.595788
vn -0.932973 0.131488 0.335071
vn -0.481338 0.578229 0.658760
vn -0.357674 0.532638 0.767050
vn -0.192879 0.565569 0.801829
vn -0.193584 0.651737 0.733324
vn -0.094766 0.612913 0.784447
vn -0.119887 0.588988 0.799200
vn 0.462617 0.800034 0.382010
vn 0.303957 0.787413 0.536275
vn 0.363951 0.752483 0.548916
vn 0.519374 0.778579 0.352229
vn 0.614806 0.788110 -0.029950
vn 0.660055 0.751044 -0.016142
vn 0.634554 0.716825 -0.288971
vn 0.597324 0.752294 -0.277952
vn 0.299019 0.490759 -0.818379
vn 0.330625 0.432486 -0.838834
vn 0.070940 0.220279 -0.972854
vn -0.024362 0.287521 -0.957465
vn -0.512141 0.298707 -0.805286
vn -0.283675 0.252079 -0.925194
vn -0.534526 0.188942 -0.823761
vn -0.671397 0.366079 -0.644370
vn -0.814424 0.038848 -0.578968
vn -0.828812 -0.009337 -0.559450
vn -0.811063 0.114804 -0.573582
vn -0.818638 0.238780 -0.522318
vn -0.846405 -0.456342 0.274502
vn -0.901657 -0.429817 0.047663
vn -0.856016 -0.503028 0.119158
vn -0.805646 -0.503295 0.312456
vn -0.818528 -0.241308 0.521328
vn -0.781887 -0.458978 0.421891
vn -0.706554 -0.517456 0.482722
vn -0.727344 -0.567674 0.385638
vn 0.221179 0.344982 0.912177
vn 0.146476 0.350172 0.925162
vn 0.238974 0.317951 0.917496
vn 0.142279 0.346432 0.927223
vn 0.701016 0.578896 0.416480
vn 0.506826 0.530423 0.679543
vn 0.655546 0.358481 0.664644
vn 0.824346 0.298452 0.481021
vn 0.855225 0.410624 -0.316193
vn 0.852078 0.509797 -0.118615
vn 0.937663 0.334409 -0.094646
vn 0.904653 0.266057 -0.332892
vn 0.225771 0.208242 -0.951663
vn 0.447797 0.163946 -0.878976
vn 0.522535 0.224092 -0.822642
vn 0.259233 0.204924 -0.943824
vn -0.322062 -0.131882 -0.937488
vn -0.100853 -0.017023 -0.994756
vn -0.083315 -0.101548 -0.991336
vn -0.290303 -0.151649 -0.944842
vn -0.854310 -0.300849 -0.423845
vn -0.751181 -0.219073 -0.622683
vn -0.726407 -0.147775 -0.671190
vn -0.985978 -0.164991 0.025027
vn -0.146130 0.170797 -0.974410
vn -0.333307 0.178023 -0.925859
vn 0.078290 0.040208 -0.996119
vn 0.094777 0.178348 -0.979392
vn 0.490798 0.644355 -0.586450
vn 0.518828 0.616950 -0.591768
vn 0.727841 0.260051 -0.634525
vn 0.770770 0.182476 -0.610422
vn -0.648763 -0.047006 -0.759537
vn -0.647722 0.057448 -0.759708
vn -0.633106 -0.285358 -0.719547
vn -0.796869 0.055902 -0.601560
vn -0.631832 -0.431241 -0.644064
vn -0.988816 -0.014057 -0.148474
vn -0.863695 -0.454220 -0.218438
vn -0.558906 0.016140 -0.829074
vn -0.379694 0.093440 -0.920381
vn -0.066045 0.296846 -0.952639
vn 0.286401 0.524554 -0.801759
vn 0.481405 0.684008 -0.548072
vn 0.575916 0.780748 -0.242390
vn 0.567045 0.792829 0.223343
vn 0.614442 0.763457 0.198984
vn 0.809017 0.580242 0.093868
vn 0.934515 0.322727 0.150100
vn 0.570336 0.820843 -0.030556
vn 0.508413 0.822060 0.256386
vn 0.396033 0.818934 0.415338
vn 0.153997 0.660358 0.734991
vn 0.088440 0.697252 0.711349
vn 0.328116 0.464275 0.822671
vn 0.366796 0.431250 0.824308
vn 0.150572 0.840695 0.520153
vn -0.085057 0.766371 0.636743
vn -0.160583 0.625953 0.763149
vn -0.134781 0.504792 0.852654
vn -0.321160 0.377621 0.868481
vn -0.676809 0.244926 0.694220
vn -0.933423 0.143712 0.328737
vn -0.994672 0.029187 0.098875
vn -0.999431 -0.028433 -0.018172
vn -0.994633 -0.103440 -0.002436
vn -0.939934 -0.335589 0.062488
vn -0.890324 -0.322582 0.321348
vn -0.976146 -0.210901 -0.051569
vn -0.932809 -0.358489 0.036780
vn -0.990530 -0.098132 0.096021
vn -0.911036 -0.094268 0.401405
vn -0.777473 0.029065 0.628244
vn -0.118356 0.595644 0.794481
vn -0.004320 0.626758 0.779202
vn 0.202612 0.626137 0.752928
vn 0.371369 0.724651 0.580488
vn 0.522352 0.790533 0.319697
vn 0.622553 0.767864 0.151042
vn 0.693761 0.719250 -0.037087
vn 0.684298 0.665763 -0.297483
vn 0.567789 0.555028 -0.607914
vn 0.364005 0.323896 -0.873265
vn 0.166452 0.117650 -0.979006
vn 0.053978 0.097682 -0.993753
vn -0.097451 0.109286 -0.989222
vn -0.425112 -0.003112 -0.905136
vn -0.761953 -0.151651 -0.629627
vn -0.791796 -0.167272 -0.587434
vn -0.999680 -0.017054 0.018670
vn -0.989498 -0.079044 -0.121017
vn -0.880929 -0.238821 0.408570
vn -0.941740 -0.273252 0.196108
vn -0.798220 -0.150772 0.583192
vn -0.019683 0.448029 0.893802
vn 0.140458 0.518348 0.843557
vn 0.262809 0.570714 0.777957
vn 0.398185 0.665550 0.631262
vn 0.561835 0.754934 0.338254
vn 0.665663 0.739789 0.098005
vn 0.755562 0.649239 -0.087262
vn 0.770169 0.561174 -0.303190
vn 0.654811 0.418223 -0.629533
vn 0.406279 0.190181 -0.893739
vn 0.222075 0.088122 -0.971039
vn 0.128409 0.133196 -0.982736
vn -0.074987 0.068624 -0.994821
vn -0.374212 -0.069032 -0.924770
vn -0.750785 -0.221926 -0.622151
vn -0.779001 -0.311502 -0.544173
vn -0.970764 -0.234868 -0.049548
vn -0.984534 -0.175173 0.002637
vn -0.792511 0.085669 -0.603811
vn -0.991316 0.032700 -0.127369
vn -0.956804 -0.135941 0.256995
vn -0.727642 -0.063296 -0.683030
vn -0.949786 -0.011554 -0.312687
vn -0.640403 -0.293259 -0.709847
vn -0.865705 -0.255330 -0.430537
vn -0.996401 -0.044044 0.072430
vn -0.945133 -0.321428 0.058373
vn -0.595878 -0.401474 -0.695520
vn -0.788514 -0.440315 -0.429382
vn -0.965036 -0.261704 -0.014716
vn -0.839967 -0.327458 -0.432697
vn -0.583474 -0.353714 -0.731057
vn -0.992797 -0.096889 0.070471
vn -0.849736 -0.195178 -0.489750
vn -0.523195 -0.294671 -0.799648
vn -0.636872 -0.414806 -0.649869
vn -0.759855 -0.429837 -0.487711
vn -0.277150 0.619899 0.734107
vn -0.179695 0.447095 0.876251
vn -0.545222 0.367176 0.753601
vn -0.424170 0.253020 0.869518
vn -0.646061 -0.041987 0.762130
vn -0.622848 0.081929 0.778041
vn -0.412181 0.193841 0.890243
vn -0.165931 0.390981 0.905318
vn -0.108520 0.314096 0.943169
vn -0.006042 0.151967 0.988367
vn -0.414394 0.090687 0.905568
vn -0.335976 0.002884 0.941866
vn -0.633990 -0.002805 0.773336
vn -0.518036 0.029163 0.854861
vn -0.760284 -0.042702 0.648186
vn -0.802813 -0.184788 -0.566873
vn -0.976073 -0.216298 0.022290
vn -0.510952 -0.321732 -0.797130
vn -0.883171 -0.309284 -0.352636
vn -0.827560 -0.250107 0.502585
vn -0.876908 -0.446232 0.178631
vn -0.833767 -0.452705 0.316054
vn -0.745877 -0.397982 0.534115
vn -0.752086 -0.438797 0.491755
vn -0.745600 -0.398421 -0.534173
vn -0.458960 -0.406950 -0.789777
vn -0.934497 -0.303055 0.186746
vn -0.786821 -0.381517 -0.485137
vn -0.590574 -0.309095 -0.745442
vn -0.735144 -0.342320 -0.585133
vn -0.699737 -0.312216 0.642564
vn -0.938679 -0.213188 -0.270986
vn -0.891350 -0.432133 -0.136956
vn -0.601772 -0.173571 -0.779579
vn -0.539554 -0.291724 -0.789797
vn -0.278027 -0.148910 -0.948961
vn -0.312947 -0.194044 -0.929737
vn -0.056817 -0.091253 -0.994206
vn -0.082943 -0.088803 -0.992590
vn -0.746916 -0.225758 0.625419
vn -0.723079 -0.153846 0.673416
vn -0.424548 0.001139 0.905405
vn -0.407302 -0.008879 0.913250
vn -0.235108 0.012039 0.971895
vn -0.186727 0.078939 0.979235
vn 0.061812 0.075615 0.995219
vn 0.056164 0.148543 0.987310
vn 0.241049 0.226967 0.943600
vn 0.233171 0.191433 0.953407
vn 0.109843 0.271152 0.956249
vn 0.193195 0.113210 0.974607
vn 0.378088 0.426810 0.821512
vn 0.459077 0.236869 0.856237
vn 0.729444 0.407572 0.549360
vn 0.770617 0.387050 0.506302
vn 0.866362 0.232761 0.441858
vn 0.884736 0.327744 0.331400
vn 0.964797 0.158019 0.210229
vn 0.968017 0.174932 0.179840
vn 0.986661 0.158828 -0.035704
vn 0.996268 0.086192 0.004549
vn 0.942393 0.133469 -0.306729
vn 0.965458 0.146089 -0.215753
vn 0.823698 0.141986 -0.548964
vn 0.859421 0.204176 -0.468730
vn 0.630785 0.172150 -0.756620
vn 0.744139 0.172613 -0.645338
vn 0.315829 0.021203 -0.948579
vn 0.103924 -0.088206 -0.990666
vn 0.212716 -0.031552 -0.976605
vn 0.111628 -0.027788 -0.993362
vn 0.505975 -0.074717 -0.859306
vn 0.424848 -0.099674 -0.899761
vn 0.347120 0.058249 -0.936010
vn 0.556824 0.089617 -0.825782
vn 0.326369 0.097267 -0.940225
vn 0.563309 0.155184 -0.811542
vn 0.659916 0.249246 -0.708793
vn 0.171862 0.047838 -0.983959
vn 0.109997 0.003778 -0.993925
vn -0.114518 -0.119469 -0.986211
vn -0.315776 -0.226805 -0.921328
vn -0.521502 -0.334843 -0.784803
vn -0.869844 -0.475801 -0.130322
vn -0.818338 -0.293282 0.494276
vn -0.721141 -0.164845 -0.672891
vn -0.677947 -0.216872 -0.702391
vn -0.799171 -0.423587 -0.426498
vn -0.922244 -0.348917 0.166499
vn -0.849546 -0.081447 0.521188
vn -0.899487 -0.286732 0.329710
vn -0.856330 -0.421023 0.299061
vn -0.760103 -0.352528 0.545864
vn -0.777379 -0.393667 0.490620
vn -0.405022 -0.359804 -0.840535
vn -0.677594 -0.419610 -0.603981
vn -0.723865 -0.238020 0.647584
vn -0.390391 -0.035410 0.919968
vn -0.181240 0.074120 0.980642
vn 0.043301 0.208006 0.977169
vn 0.235419 0.265880 0.934819
vn 0.254809 0.140487 0.956732
vn 0.497694 0.111280 0.860184
vn 0.791495 0.258404 0.553862
vn 0.882431 0.366790 0.294586
vn 0.955917 0.287214 0.061077
vn 0.992158 0.122502 -0.024831
vn 0.945344 0.313488 -0.089718
vn 0.826992 0.370806 -0.422596
vn -0.924966 -0.368689 0.092233
vn -0.840266 -0.174315 0.513389
vn -0.810927 -0.202432 0.549016
vn -0.861271 -0.414015 0.294625
vn -0.874051 -0.345818 -0.341239
vn -0.749764 -0.201496 -0.630281
vn -0.646385 -0.123427 -0.752962
vn -0.889885 -0.343474 0.300218
vn -0.821251 -0.564954 -0.079842
vn -0.531965 -0.415895 -0.737594
vn -0.320833 -0.266460 -0.908882
vn -0.134906 -0.153431 -0.978907
vn 0.088735 -0.021711 -0.995819
vn 0.197058 0.022014 -0.980145
vn 0.358717 0.071546 -0.930700
vn 0.535953 0.181619 -0.824481
vn 0.644891 0.247124 -0.723219
vn 0.825379 0.364736 -0.430949
vn 0.884632 0.464713 -0.038311
vn 0.928919 0.339457 0.147911
vn 0.849627 0.516437 0.106898
vn 0.938277 0.299770 -0.172551
vn 0.849510 0.458207 -0.261494
vn 0.912912 0.406101 -0.040908
vn 0.892268 0.450113 -0.035439
vn 0.859292 0.407200 0.309524
vn 0.854226 0.380033 0.354786
vn 0.730046 0.307972 0.610071
vn 0.716109 0.294974 0.632597
vn 0.504264 0.238982 0.829823
vn 0.529377 0.296815 0.794771
vn -0.763560 -0.324421 0.558325
vn -0.794910 -0.371658 0.479571
vn -0.304474 -0.304882 -0.902409
vn -0.674879 -0.429519 -0.600044
vn -0.755379 -0.307702 0.578552
vn -0.389455 -0.053675 0.919480
vn -0.121431 0.105346 0.986994
vn 0.066545 0.164652 0.984104
vn 0.206588 0.285503 0.935847
vn 0.138288 0.218806 0.965920
vn 0.295967 0.281334 0.912828
vn 0.319423 0.302889 0.897901
vn -0.828050 -0.534639 0.168801
vn -0.719051 -0.465734 0.515807
vn -0.735423 -0.312560 0.601215
vn -0.862120 -0.429004 0.269637
vn -0.782581 -0.301676 0.544572
vn -0.819059 -0.325376 0.472518
vn -0.256634 -0.303060 -0.917766
vn -0.628882 -0.508335 -0.588305
vn -0.738091 -0.380675 0.557054
vn -0.417034 -0.090407 0.904383
vn -0.147066 0.099351 0.984125
vn 0.111260 0.208529 0.971667
vn 0.308162 0.288551 0.906518
vn 0.550222 0.334257 0.765198
vn 0.729094 0.285503 0.622021
vn 0.841904 0.326030 0.430003
vn 0.931785 0.362765 0.013345
vn 0.915094 0.346312 -0.206567
vn 0.920522 0.381712 0.083283
vn 0.941596 0.331546 -0.058938
vn 0.872508 0.258060 -0.414891
vn 0.693229 0.203393 -0.691422
vn 0.538997 0.153619 -0.828181
vn 0.368947 0.079592 -0.926036
vn 0.219486 0.045085 -0.974573
vn 0.050539 -0.044981 -0.997709
vn -0.152842 -0.188146 -0.970176
vn -0.348636 -0.327526 -0.878168
vn -0.541226 -0.476946 -0.692530
vn -0.780040 -0.595782 -0.191262
vn -0.890680 -0.452864 -0.040044
vn -0.595956 -0.171960 -0.784389
vn -0.748405 -0.229792 -0.622162
vn -0.893638 -0.390683 -0.220858
vn -0.837539 -0.462546 0.290827
vn -0.690159 -0.510332 0.513071
vn -0.758601 -0.481269 0.439210
vn -0.838831 -0.483447 0.250282
vn -0.766497 -0.343653 0.542572
vn -0.927894 -0.361027 -0.093121
vn -0.792863 -0.250870 -0.555367
vn -0.567246 -0.147011 -0.810320
vn -0.710607 -0.318506 -0.627369
vn -0.756774 -0.552607 -0.349170
vn -0.581145 -0.529360 -0.618101
vn -0.375296 -0.373739 -0.848217
vn -0.167460 -0.232085 -0.958172
vn -0.798933 -0.356266 0.484542
vn -0.233583 -0.299296 -0.925127
vn -0.616694 -0.581896 -0.530176
vn -0.712255 -0.454118 0.535229
vn -0.429262 -0.159352 0.889011
vn -0.592921 -0.609293 -0.526503
vn -0.455151 -0.426190 -0.781792
vn -0.687103 -0.525555 0.501678
vn -0.420878 -0.242098 0.874214
vn -0.705328 -0.567951 -0.424199
vn -0.593513 -0.626761 -0.504889
vn -0.665042 -0.570525 0.481893
vn -0.402941 -0.289062 0.868379
vn -0.746459 -0.665022 -0.023350
vn -0.601792 -0.604726 -0.521683
vn -0.670453 -0.565878 0.479870
vn -0.398940 -0.310374 0.862853
vn -0.149436 0.057318 0.987109
vn -0.156699 -0.005940 0.987629
vn -0.154964 -0.046670 0.986817
vn -0.162336 -0.103249 0.981319
vn 0.106593 0.201015 0.973771
vn 0.074483 0.196160 0.977739
vn 0.047525 0.152437 0.987170
vn 0.038756 0.077774 0.996217
vn 0.283753 0.292944 0.913054
vn 0.269971 0.317911 0.908872
vn 0.289223 0.316503 0.903425
vn 0.339684 0.262096 0.903283
vn 0.539599 0.376210 0.753193
vn 0.534488 0.384273 0.752766
vn 0.574830 0.364578 0.732566
vn 0.644632 0.337184 0.686117
vn 0.764090 0.327251 0.555944
vn 0.825750 0.336705 0.452511
vn 0.895124 0.316582 0.313892
vn 0.881872 0.405924 0.239851
vn 0.831413 0.230095 0.505775
vn 0.882001 0.129922 0.452984
vn 0.945539 0.129667 0.298568
vn 0.917100 0.361831 0.167351
vn 0.937136 0.286082 0.199836
vn 0.890651 0.162249 0.424753
vn 0.823135 0.025902 0.567255
vn 0.858210 0.124224 0.498039
vn 0.946112 0.267369 -0.182720
vn 0.953773 0.297174 0.044775
vn 0.965251 0.248827 -0.079843
vn 0.977614 0.132058 0.163806
vn 0.961161 0.013887 0.275639
vn 0.955920 0.281488 -0.083554
vn 0.972812 0.203288 -0.110950
vn 0.990994 0.116963 -0.065199
vn 0.963439 0.251804 -0.091539
vn 0.895410 0.205738 -0.394858
vn 0.741387 0.194171 -0.642374
vn 0.967582 0.229081 -0.106337
vn 0.974584 0.167242 -0.149051
vn 0.976928 0.133896 -0.166386
vn 0.918979 0.166253 -0.357544
vn 0.942007 0.131596 -0.308714
vn 0.957885 0.150057 -0.244825
vn 0.796263 0.194744 -0.572748
vn 0.852254 0.167744 -0.495506
vn 0.884055 0.187699 -0.428037
vn 0.550290 0.184586 -0.814315
vn 0.365320 0.141873 -0.920007
vn 0.205050 0.060447 -0.976883
vn 0.013638 -0.088460 -0.995986
vn 0.604283 0.186322 -0.774679
vn 0.669890 0.158808 -0.725277
vn 0.716700 0.140456 -0.683091
vn 0.392369 0.136279 -0.909656
vn 0.432239 0.074816 -0.898650
vn 0.457836 0.004904 -0.889023
vn 0.179459 0.011668 -0.983696
vn 0.173986 -0.069347 -0.982303
vn 0.200249 -0.125274 -0.971703
vn -0.017062 -0.152171 -0.988207
vn -0.035439 -0.191391 -0.980874
vn -0.023752 -0.217589 -0.975752
vn -0.182478 -0.283676 -0.941398
vn -0.219320 -0.311978 -0.924429
vn -0.237626 -0.359746 -0.902284
vn -0.404304 -0.426092 -0.809311
vn -0.471281 -0.480739 -0.739449
vn -0.494369 -0.533434 -0.686329
vn -0.603656 -0.543768 -0.583023
vn -0.573573 -0.524019 -0.629617
vn -0.542328 -0.546442 -0.638186
vn -0.745555 -0.401077 0.532246
vn -0.703811 -0.429168 0.566096
vn -0.686625 -0.471828 0.553104
vn -0.744398 -0.407577 0.528917
vn -0.733730 -0.493595 0.466909
vn -0.747372 -0.488969 0.449827
vn -0.817585 -0.519308 0.248747
vn -0.792324 -0.528891 0.304135
vn -0.762484 -0.387334 0.518258
vn -0.801600 -0.462037 0.379421
vn -0.817740 -0.343014 0.462215
vn -0.789677 -0.188506 0.583846
vn -0.647746 -0.146807 -0.747578
vn -0.477279 -0.212505 -0.852670
vn -0.635663 -0.494233 -0.593015
vn -0.822075 -0.316588 -0.473249
vn -0.923726 -0.370575 -0.096979
vn -0.878991 -0.288396 0.379739
vn -0.764981 -0.317721 0.560229
vn -0.770861 -0.192736 0.607146
vn -0.775358 -0.263490 0.573929
vn -0.870404 -0.275223 0.408228
vn -0.825349 -0.404673 0.393749
vn -0.906068 -0.414971 -0.082703
vn -0.879153 -0.471324 -0.070312
vn -0.302319 -0.300848 -0.904485
vn -0.421573 -0.352492 -0.835479
vn -0.336052 -0.172630 -0.925888
vn -0.698988 -0.229859 -0.677186
vn -0.848926 -0.375469 -0.371952
vn -0.315134 -0.209066 -0.925733
vn -0.723084 -0.264714 -0.638025
vn -0.897919 -0.331552 -0.289508
vn -0.710981 -0.669599 0.214811
vn -0.581178 -0.528060 -0.619180
vn -0.685769 -0.586526 0.430938
vn -0.383490 -0.352097 0.853793
vn -0.156974 -0.148579 0.976362
vn 0.069399 0.021454 0.997358
vn 0.411808 0.197450 0.889622
vn 0.694293 0.315584 0.646811
vn 0.838765 0.466937 0.280078
vn 0.841180 0.532812 0.092348
vn 0.928577 0.249378 0.274872
vn 0.972664 -0.012666 0.231870
vn 0.997046 0.076771 -0.002225
vn 0.945721 0.305439 -0.110987
vn 0.919701 0.351644 -0.174633
vn 0.858436 0.303506 -0.413488
vn 0.718872 0.127977 -0.683261
vn 0.479079 -0.064376 -0.875408
vn 0.252842 -0.162695 -0.953730
vn 0.013510 -0.258831 -0.965828
vn -0.241938 -0.436581 -0.866524
vn -0.497890 -0.637748 -0.587693
vn -0.433872 -0.633954 -0.640201
vn -0.189938 -0.339352 -0.921284
vn -0.307645 -0.299726 -0.903061
vn -0.528849 -0.351926 -0.772313
vn -0.850164 -0.309258 -0.426124
vn -0.950006 -0.129262 -0.284217
vn -0.914567 -0.385902 -0.121024
vn -0.839884 -0.541374 -0.038852
vn -0.964610 -0.242179 0.104293
vn -0.893776 -0.448078 0.019752
vn -0.789348 -0.506551 0.346894
vn -0.847624 -0.427909 0.313731
vn -0.791788 -0.393671 0.467007
vn -0.863218 -0.316164 0.393566
vn -0.806743 -0.254256 0.533404
vn -0.738513 -0.233757 0.632420
vn -0.721487 -0.428124 0.544212
vn -0.660948 -0.502760 0.557118
vn -0.515495 -0.680303 -0.521012
vn -0.370075 -0.640232 -0.673163
vn -0.095415 -0.350867 -0.931552
vn -0.246844 -0.490758 -0.835599
vn 0.076272 -0.291528 -0.953517
vn 0.318993 -0.201708 -0.926044
vn 0.495520 -0.117195 -0.860654
vn 0.674198 0.088301 -0.733253
vn 0.807856 0.360428 -0.466326
vn 0.838207 0.524697 -0.148665
vn 0.880026 0.474720 0.014000
vn -0.294590 -0.376434 -0.878359
vn -0.502289 -0.450273 -0.738214
vn -0.856134 -0.327038 -0.400100
vn -0.924866 -0.028184 0.379247
vn -0.886520 -0.450328 0.106241
vn -0.896782 -0.389074 0.210721
vn -0.900406 -0.211759 0.380035
vn -0.673642 -0.175937 0.717811
vn -0.641985 -0.356544 0.678772
vn -0.656458 -0.521645 0.544931
vn -0.650422 -0.654389 0.385649
vn -0.573661 -0.539509 -0.616315
vn -0.662171 -0.662137 0.350863
vn -0.415925 -0.423971 0.804522
vn -0.172870 -0.208548 0.962613
vn 0.112146 -0.059441 0.991912
vn 0.471000 0.139339 0.871059
vn 0.708606 0.307976 0.634845
vn 0.827176 0.439462 0.350219
vn 0.855786 0.509786 0.088029
vn 0.877323 0.470455 -0.094744
vn 0.972466 0.209314 -0.102457
vn 0.985537 0.101549 0.135667
vn 0.185900 0.569151 -0.800942
vn 0.033805 0.975145 -0.218972
vn 0.669025 0.221923 0.709335
vn 0.947562 -0.279579 0.154800
vn 0.830406 0.200512 0.519828
vn 0.931530 -0.138908 0.336090
vn 0.760534 0.493634 -0.421798
vn 0.694578 0.719272 -0.014469
vn 0.814672 0.520339 -0.256042
vn 0.858457 0.512031 0.029610
vn 0.823159 0.454625 0.340185
vn 0.711429 0.301493 0.634799
vn 0.499025 0.108028 0.859828
vn 0.178816 -0.100170 0.978770
vn -0.098608 -0.238322 0.966167
vn -0.379959 -0.450534 0.807868
vn -0.610066 -0.704803 0.362038
vn -0.553385 -0.604068 -0.573470
vn -0.621032 -0.666749 0.412026
vn -0.548216 -0.248508 0.798563
vn -0.596754 -0.479636 0.643300
vn -0.587122 -0.103748 0.802823
vn -0.918275 -0.192635 0.345923
vn -0.955924 -0.165990 0.242193
vn -0.898959 -0.361963 0.246690
vn -0.898655 -0.438399 -0.015044
vn -0.858813 -0.485079 0.164735
vn -0.883895 -0.441253 -0.154999
vn -0.873180 -0.454464 0.176122
vn -0.803127 -0.138731 0.579432
vn -0.627564 -0.133518 0.767031
vn -0.896221 -0.391679 -0.208267
vn -0.875764 -0.480262 -0.048841
vn -0.529016 -0.510710 -0.677730
vn -0.540051 -0.549371 -0.637601
vn -0.347551 -0.451990 -0.821531
vn -0.373697 -0.518994 -0.768763
vn -0.077363 -0.375446 -0.923610
vn -0.007533 -0.402605 -0.915343
vn -0.143860 -0.674512 -0.724112
vn -0.103759 -0.597107 -0.795423
vn -0.476752 -0.772057 -0.420281
vn -0.524902 -0.784892 -0.329277
vn -0.221737 -0.562630 -0.796417
vn -0.229027 -0.588860 -0.775107
vn 0.155221 -0.315442 -0.936164
vn 0.195886 -0.307078 -0.931307
vn 0.359258 -0.212819 -0.908648
vn 0.369624 -0.202687 -0.906805
vn 0.484398 -0.124071 -0.866005
vn 0.491172 -0.131874 -0.861022
vn 0.631654 0.031900 -0.774594
vn 0.622314 -0.021360 -0.782476
vn 0.756181 0.291914 -0.585642
vn 0.707307 0.213532 -0.673885
vn 0.780357 0.570689 -0.255650
vn 0.792679 0.509076 -0.335413
vn 0.818742 0.544883 0.181007
vn 0.819640 0.567794 0.076163
vn 0.769700 0.638255 -0.013866
vn 0.807693 0.541996 -0.232104
vn 0.820989 0.566582 0.070438
vn 0.795720 0.586873 0.149700
vn 0.653407 0.724038 0.220972
vn 0.742252 0.640735 0.196268
vn 0.839920 0.322469 -0.436519
vn 0.835522 0.399612 -0.377112
vn 0.696225 0.084940 -0.712781
vn 0.706166 0.045380 -0.706590
vn 0.626739 -0.043949 -0.777989
vn 0.626456 -0.044449 -0.778188
vn 0.509710 -0.143921 -0.848223
vn 0.513703 -0.162633 -0.842413
vn 0.390850 -0.207435 -0.896776
vn 0.420913 -0.225887 -0.878526
vn 0.207590 -0.309124 -0.928089
vn 0.228120 -0.329568 -0.916158
vn -0.254596 -0.587138 -0.768407
vn -0.275157 -0.673759 -0.685811
vn -0.595099 -0.761926 -0.255590
vn -0.579684 -0.793888 -0.183596
vn -0.229013 -0.648799 -0.725681
vn -0.282347 -0.795059 -0.536806
vn 0.149460 -0.239676 -0.959279
vn 0.204404 -0.363611 -0.908849
vn -0.201902 -0.427592 -0.881136
vn 0.132112 -0.262888 -0.955739
vn -0.278814 -0.329180 -0.902166
vn -0.499627 -0.461661 -0.732968
vn -0.495575 -0.574082 -0.651794
vn -0.580266 -0.636156 -0.508525
vn -0.809592 -0.542249 0.224780
vn -0.652544 -0.201132 0.730570
vn -0.932888 -0.336901 0.127353
vn -0.917815 -0.368908 -0.146709
vn -0.837833 -0.501106 0.216630
vn -0.868451 -0.409112 0.280036
vn -0.621963 -0.336479 0.707067
vn -0.476031 -0.308203 0.823654
vn -0.577905 -0.407293 0.707205
vn -0.660179 -0.700810 0.270239
vn -0.546936 -0.567808 -0.615188
vn -0.615214 -0.684835 0.390529
vn -0.341684 -0.472645 0.812317
vn -0.035653 -0.275829 0.960545
vn 0.205621 -0.121546 0.971054
vn 0.501927 0.108039 0.858135
vn 0.704148 0.294994 0.645874
vn 0.788078 0.502368 0.355752
vn 0.815514 0.577721 -0.034288
vn 0.842212 0.538678 -0.022488
vn 0.851910 0.472229 -0.226383
vn 0.745855 0.489683 -0.451565
vn 0.776898 0.624052 0.083602
vn 0.860382 0.482387 -0.164455
vn 0.773181 0.474666 0.420575
vn 0.842366 0.364585 0.396859
vn 0.771174 0.597111 0.220792
vn 0.691329 0.667728 0.276050
vn 0.836313 0.312126 -0.450730
vn 0.729675 0.058718 -0.681268
vn 0.626862 -0.069317 -0.776041
vn 0.512039 -0.194106 -0.836743
vn 0.449483 -0.234124 -0.862062
vn 0.237891 -0.369527 -0.898253
vn -0.367496 -0.747546 -0.553283
vn -0.614768 -0.782236 -0.100831
vn -0.376187 -0.860404 -0.343786
vn 0.276409 -0.508184 -0.815688
vn 0.393487 -0.290171 -0.872335
vn 0.251561 -0.315824 -0.914862
vn 0.197120 -0.365384 -0.909746
vn -0.182602 -0.394019 -0.900780
vn -0.629111 -0.388404 -0.673322
vn -0.552009 -0.473135 -0.686607
vn -0.722653 -0.541556 -0.429523
vn -0.891709 -0.418232 0.173023
vn -0.889770 -0.106323 0.443852
vn -0.987304 -0.123492 0.099904
vn -0.981193 -0.181674 0.065235
vn -0.852738 -0.442736 0.277169
vn -0.762191 -0.581692 0.284076
vn -0.530670 -0.585023 0.613300
vn -0.430150 -0.370996 0.823002
vn -0.608043 -0.327369 0.723266
vn -0.559969 -0.251652 0.789371
vn -0.516377 -0.369289 0.772645
vn -0.770009 -0.625686 0.124908
vn -0.547476 -0.488308 -0.679577
vn -0.623889 -0.654479 0.427107
vn -0.422572 -0.249853 0.871210
vn -0.345011 -0.320377 0.882228
vn -0.325973 -0.489216 0.808956
vn -0.018816 -0.279047 0.960093
vn 0.205618 -0.112734 0.972117
vn 0.470444 0.090066 0.877822
vn 0.641007 0.230354 0.732153
vn 0.768413 0.336862 0.544119
vn 0.773519 0.380495 0.506845
vn -0.492197 -0.858799 -0.142146
vn 0.373931 -0.507519 -0.776273
vn 0.511753 -0.194552 -0.836814
vn -0.696285 -0.717025 -0.032578
vn -0.475239 -0.779388 -0.408290
vn 0.277995 -0.338453 -0.898982
vn 0.464557 -0.210390 -0.860188
vn 0.514451 -0.205569 -0.832515
vn 0.627008 -0.095685 -0.773114
vn 0.723575 0.039750 -0.689101
vn 0.850913 0.258985 -0.457027
vn 0.683850 0.598220 0.417711
vn 0.807564 0.536580 0.244790
vn 0.872252 0.487661 0.036922
vn 0.774573 0.350215 -0.526674
vn 0.914563 0.379772 -0.139098
vn 0.838727 0.472705 -0.270347
vn 0.849307 0.387073 0.358960
vn 0.780547 0.324360 0.534357
vn 0.654650 0.232786 0.719197
vn 0.467358 0.064173 0.881736
vn 0.210117 -0.134961 0.968316
vn -0.011893 -0.280556 0.959764
vn -0.278415 -0.488727 0.826820
vn -0.521425 -0.652966 0.549319
vn -0.720219 -0.445282 -0.531986
vn -0.891065 -0.419108 0.174221
vn -0.392485 -0.191691 0.899561
vn -0.463520 -0.094090 0.881077
vn -0.575962 -0.360406 0.733741
vn -0.762818 -0.180347 0.620954
vn -0.491135 -0.297132 0.818840
vn -0.637559 -0.202239 0.743382
vn -0.665128 -0.450466 0.595555
vn -0.797289 -0.454719 0.396941
vn -0.882267 -0.145856 0.447584
vn -0.988621 -0.031449 0.147103
vn -0.989979 -0.135505 -0.039757
vn -0.846483 -0.282535 -0.451266
vn -0.584074 -0.291399 -0.757591
vn -0.611668 -0.272871 -0.742566
vn -0.328072 -0.439797 -0.836030
vn 0.210098 -0.442060 -0.872033
vn 0.126360 -0.379018 -0.916722
vn 0.319756 -0.276086 -0.906385
vn 0.473362 -0.352952 -0.807064
vn 0.591920 -0.195728 -0.781870
vn 0.355901 -0.195668 -0.913810
vn 0.396812 -0.164995 -0.902949
vn 0.322832 -0.556313 -0.765700
vn 0.049824 -0.247305 -0.967656
vn -0.626898 -0.756112 -0.187868
vn -0.875513 -0.472178 -0.102588
vn -0.903028 -0.427186 0.045306
vn -0.938794 -0.338881 0.061855
vn -0.641939 -0.624572 -0.444775
vn -0.704721 -0.430378 -0.564042
vn 0.235238 -0.320320 -0.917637
vn 0.312838 -0.303957 -0.899857
vn 0.514374 -0.169496 -0.840649
vn 0.539034 -0.189665 -0.820652
vn 0.602210 -0.155620 -0.783024
vn 0.538725 -0.196742 -0.819187
vn 0.567491 -0.194284 -0.800130
vn 0.614583 -0.167819 -0.770795
vn 0.732037 -0.011832 -0.681162
vn 0.740010 -0.022932 -0.672205
vn 0.876752 0.189194 -0.442167
vn 0.870657 0.230998 -0.434278
vn 0.698021 0.524506 0.487504
vn 0.566584 0.654286 0.500891
vn 0.826581 0.483189 0.288604
vn 0.784423 0.522270 0.334538
vn 0.899253 0.421004 0.118742
vn 0.891594 0.404524 0.203521
vn 0.931985 0.356231 -0.067111
vn 0.952986 0.302283 -0.021060
vn 0.521319 0.257951 -0.813442
vn 0.336051 0.249911 -0.908083
vn 0.753233 0.470082 -0.460069
vn 0.572524 0.406332 -0.712117
vn 0.869150 0.403725 0.285628
vn 0.888154 0.375564 0.264830
vn 0.799863 0.313986 0.511500
vn 0.806005 0.276939 0.523127
vn 0.224153 -0.159816 0.961361
vn 0.461591 0.034911 0.886406
vn 0.693742 0.220219 0.685731
vn 0.711441 0.171867 0.681406
vn 0.474164 -0.013626 0.880331
vn 0.211492 -0.211602 0.954199
vn -0.012435 -0.355552 0.934574
vn -0.011294 -0.443200 0.896351
vn -0.266059 -0.527768 0.806643
vn -0.203547 -0.570433 0.795723
vn -0.453540 -0.626476 0.633900
vn -0.345392 -0.599927 0.721659
vn -0.813872 -0.569473 -0.115387
vn -0.678611 -0.730359 0.077867
vn -0.860828 -0.440251 0.255254
vn -0.615369 -0.779362 0.117960
vn -0.344920 -0.217095 0.913181
vn -0.171389 -0.685886 0.707238
vn -0.134206 0.032130 0.990433
vn 0.099475 -0.233072 0.967358
vn -0.677701 -0.070228 0.731977
vn -0.683102 -0.021694 0.730001
vn 0.422316 0.083442 -0.902600
vn 0.263379 -0.059740 -0.962841
vn 0.165018 -0.195126 -0.966796
vn 0.444310 -0.225880 -0.866930
vn -0.818484 -0.572693 0.045908
vn -0.922173 -0.357495 0.147630
vn -0.509675 -0.595518 -0.620958
vn 0.348926 -0.367569 -0.862058
vn 0.909941 0.407614 -0.076534
vn 0.285511 0.367945 -0.884929
vn 0.821376 0.479682 0.308622
vn 0.674193 0.633742 0.379256
vn 0.406258 0.775165 0.483811
vn 0.861881 0.329610 -0.385382
vn 0.343049 0.507486 -0.790428
vn 0.893060 0.360993 0.268568
vn 0.570087 -0.199337 -0.797035
vn 0.592393 -0.200556 -0.780287
vn 0.637143 -0.167146 -0.752404
vn 0.758565 -0.007396 -0.651555
vn 0.492913 -0.028010 0.869628
vn 0.715476 0.157844 0.680573
vn 0.821120 0.263616 0.506230
vn -0.026506 -0.453377 0.890925
vn 0.200723 -0.256275 0.945534
vn -0.149094 -0.549261 0.822243
vn -0.239872 -0.609516 0.755614
vn -0.565270 -0.813764 0.135123
vn -0.502677 -0.856492 -0.117205
vn -0.167352 -0.748393 0.641795
vn 0.153370 -0.356101 0.921775
vn 0.127912 -0.248880 0.960051
vn 0.292715 -0.325900 0.898948
vn -0.611150 -0.102371 0.784867
vn 0.473614 0.880584 0.016163
vn -0.434468 0.650576 -0.622887
vn 0.416743 0.830431 0.369744
vn 0.374054 0.815055 0.442459
vn 0.372109 0.837837 0.399455
vn 0.871558 0.364027 -0.328436
vn 0.276581 0.759168 -0.589209
vn 0.861120 0.467908 0.198834
vn -0.243625 0.969541 -0.025224
vn 0.061125 0.965848 0.251796
vn 0.419480 0.844397 0.333212
vn 0.786681 0.587405 0.189968
vn 0.140630 0.872819 -0.467344
vn 0.279675 0.952229 -0.122643
vn 0.540228 0.831460 0.129727
vn 0.808715 0.562626 0.171559
vn 0.838692 0.544351 -0.016664
vn 0.865960 0.486779 0.114720
vn 0.789981 0.600354 0.124521
vn 0.857066 0.488726 0.163049
vn -0.160073 -0.876823 0.453386
vn -0.538607 -0.814922 -0.214021
vn -0.573650 -0.818628 0.027814
vn -0.268497 -0.575746 0.772286
vn -0.605585 -0.748892 -0.269125
vn -0.542620 -0.838817 -0.044153
vn -0.633372 -0.769105 -0.085539
vn -0.355795 -0.648178 0.673257
vn -0.385404 -0.892584 0.234005
vn 0.855489 -0.502870 0.123532
vn -0.596252 -0.772539 0.218328
vn -0.360634 -0.930897 0.058083
vn -0.366879 -0.920320 0.135690
vn 0.520615 -0.553050 0.650458
vn -0.760226 -0.505795 0.407710
vn -0.711699 -0.508457 0.484722
vn -0.788201 -0.615013 0.022334
vn -0.675511 -0.716325 0.174823
vn 0.135610 -0.606260 -0.783619
vn 0.114001 -0.792893 -0.598602
vn 0.582202 -0.276265 -0.764669
vn 0.598239 -0.337487 -0.726782
vn 0.619016 -0.228563 -0.751384
vn 0.628677 -0.270029 -0.729280
vn 0.655830 -0.189667 -0.730694
vn 0.657877 -0.208239 -0.723764
vn 0.749852 -0.047665 -0.659887
vn 0.729215 -0.121276 -0.673452
vn 0.889903 0.193806 -0.412930
vn 0.812166 0.065271 -0.579764
vn 0.838508 0.023523 -0.544381
vn 0.927973 0.336519 -0.160064
vn -0.124492 -0.414354 0.901561
vn -0.124563 -0.419583 0.899130
vn -0.098028 -0.408972 0.907267
vn -0.041941 -0.403073 0.914206
vn 0.226634 -0.216423 0.949631
vn 0.294607 -0.210854 0.932066
vn 0.519990 -0.020530 0.853926
vn 0.562258 -0.025332 0.826574
vn 0.711106 0.148863 0.687145
vn 0.726178 0.125528 0.675950
vn 0.816648 0.250015 0.520171
vn 0.811416 0.218713 0.542004
vn 0.870636 0.347197 0.348493
vn 0.854769 0.380713 0.352742
vn 0.885580 0.410970 -0.216451
vn 0.806553 0.540089 0.240366
vn 0.818542 0.368253 0.440884
vn 0.816337 0.200255 0.541750
vn 0.744724 0.128893 0.654807
vn 0.028023 -0.420175 0.907010
vn 0.315311 -0.206917 0.926156
vn 0.595447 0.017260 0.803209
vn -0.371701 -0.689344 0.621807
vn -0.113010 -0.478942 0.870542
vn -0.682458 -0.683117 -0.260006
vn -0.661422 -0.691057 -0.291482
vn -0.641080 -0.760150 -0.105776
vn -0.644116 -0.750511 -0.147814
vn -0.710531 -0.692301 -0.125955
vn -0.780803 -0.617692 0.093829
vn -0.754055 -0.511123 0.412498
vn -0.610636 -0.705446 0.359819
vn 0.183561 -0.877025 -0.443996
vn 0.558708 -0.425179 -0.712088
vn 0.596834 -0.264922 -0.757367
vn 0.632820 -0.192118 -0.750086
vn 0.724983 -0.060548 -0.686101
vn 0.818390 0.065075 -0.570967
vn 0.690304 0.555528 0.463539
vn 0.839510 0.483387 -0.248112
vn 0.788883 0.132829 -0.600017
vn 0.718407 0.011028 -0.695536
vn 0.617752 -0.181449 -0.765153
vn 0.571888 -0.268183 -0.775256
vn 0.473821 -0.433976 -0.766263
vn 0.022653 -0.924288 -0.381022
vn 0.663765 0.344126 0.664074
vn 0.775529 0.219294 0.592001
vn 0.756584 0.176453 0.629638
vn 0.620483 0.073678 0.780751
vn 0.295227 -0.165669 0.940954
vn 0.012649 -0.368767 0.929436
vn -0.665229 -0.741594 -0.086651
vn -0.434019 -0.730685 0.526998
vn -0.070013 -0.453152 0.888680
vn -0.717168 -0.662304 -0.216849
vn -0.759057 -0.621113 -0.195069
vn -0.799641 -0.599349 -0.036804
vn -0.762464 -0.611151 0.212469
vn -0.552982 -0.789235 0.267057
vn -0.662531 -0.747540 0.047292
vn -0.481218 -0.727787 0.488626
vn -0.719944 -0.686822 -0.099776
vn -0.746906 -0.650786 -0.136419
vn -0.743464 -0.660975 -0.101849
vn -0.703421 -0.709236 -0.046729
vn -0.607274 -0.794486 -0.003272
vn -0.416761 -0.825752 -0.380059
vn -0.024352 -0.703773 -0.710007
vn -0.559067 -0.797431 -0.227042
vn -0.671446 -0.727662 -0.140244
vn -0.681889 -0.727702 -0.074007
vn 0.010746 -0.745450 -0.666475
vn -0.657616 -0.752624 0.033130
vn -0.551835 -0.784516 0.282866
vn -0.343237 -0.697727 0.628781
vn -0.013585 -0.330519 0.943702
vn -0.030212 -0.327835 0.944252
vn 0.029540 -0.405715 0.913522
vn 0.043878 -0.334930 0.941221
vn 0.546233 -0.241553 -0.802049
vn 0.487309 -0.295706 -0.821637
vn 0.251217 -0.196007 0.947877
vn 0.331125 -0.215124 0.918737
vn 0.605655 0.101223 0.789263
vn 0.571938 0.003920 0.820288
vn 0.719187 0.257800 0.645220
vn 0.681349 0.235890 0.692906
vn 0.651138 0.273643 0.707912
vn 0.573604 0.264525 0.775245
vn 0.449194 0.249073 0.858014
vn 0.182240 0.184524 0.965784
vn 0.734912 0.368364 0.569396
vn 0.573104 0.315282 0.756406
vn 0.915144 0.210009 -0.344105
vn 0.849386 0.078895 -0.521842
vn 0.798937 0.014529 -0.601239
vn 0.892835 0.136312 -0.429260
vn 0.636535 -0.137948 -0.758811
vn 0.739124 -0.041328 -0.672300
vn 0.590977 -0.177424 -0.786935
vn 0.554330 -0.324938 -0.766247
vn -0.063433 -0.566509 0.821610
vn 0.328276 -0.300874 0.895382
vn 0.535488 -0.093937 0.839303
vn 0.640686 0.163921 0.750101
vn 0.605985 0.224117 0.763252
vn 0.253943 0.074694 0.964331
vn -0.030269 0.158256 0.986934
vn 0.913392 0.203169 -0.352757
vn 0.796508 0.067622 -0.600834
vn 0.675694 -0.152291 -0.721281
vn 0.511105 -0.281568 -0.812091
vn 0.122934 -0.760807 -0.637228
vn 0.197221 -0.664457 -0.720833
vn -0.370300 -0.901356 -0.224578
vn -0.472529 -0.843733 -0.254619
vn -0.543519 -0.829604 -0.127846
vn -0.524516 -0.850915 0.028758
vn -0.503884 -0.831831 0.232722
vn -0.304407 -0.747344 0.590604
vn -0.257836 -0.965640 0.032553
vn -0.205600 -0.923562 0.323670
vn 0.072250 -0.635082 0.769058
vn 0.125900 -0.498295 0.857818
vn 0.914532 0.044191 -0.402092
vn 0.990331 0.111588 -0.082413
vn 0.769870 -0.126154 -0.625607
vn 0.574646 -0.212398 -0.790360
vn 0.408209 -0.424758 -0.808051
vn 0.770480 0.093158 0.630620
vn 0.948865 -0.143862 0.280996
vn 0.857367 -0.514658 0.006972
vn 0.587221 0.086070 0.804838
vn 0.483079 -0.124677 0.866654
vn 0.608265 -0.051733 0.792046
vn 0.455197 -0.226198 0.861179
vn 0.115714 -0.967344 0.225513
vn -0.157963 -0.956351 -0.245846
vn 0.639121 -0.184917 0.746545
vn 0.357021 -0.611865 0.705803
vn 0.228464 -0.146668 0.962441
vn 0.486451 -0.048168 0.872379
vn 0.016212 -0.276369 0.960915
vn 0.201601 -0.442794 0.873665
vn 0.722569 0.100865 0.683901
vn 0.960962 0.250617 0.117231
vn 0.851982 0.217655 -0.476185
vn 0.377483 0.059038 -0.924133
vn 0.091549 -0.059839 -0.994001
vn 0.037792 -0.137210 -0.989821
vn 0.177641 -0.350029 -0.919741
vn -0.045864 -0.172063 -0.984018
vn 0.407520 -0.366054 -0.836619
vn 0.621966 -0.138400 -0.770716
vn 0.355419 -0.168358 -0.919420
vn -0.205954 -0.372171 -0.905026
vn -0.168857 -0.703913 -0.689924
vn -0.041836 -0.540069 -0.840580
vn 0.315168 -0.584370 -0.747784
vn -0.063248 -0.557319 -0.827886
vn 0.391849 -0.723249 -0.568652
vn 0.136992 -0.639810 -0.756225
vn -0.611801 -0.415289 -0.673227
vn -0.631172 -0.356781 -0.688715
vn -0.621481 -0.460339 -0.633915
vn -0.577467 -0.343049 -0.740844
vn -0.850820 -0.428598 -0.303990
vn -0.850160 -0.299460 -0.433073
vn -0.993729 -0.045832 0.101987
vn -0.972779 -0.192459 -0.129077
vn -0.985624 -0.162853 0.044981
vn -0.954739 -0.292821 -0.052238
vn -0.851516 0.088099 0.516874
vn -0.802582 0.079078 0.591277
vn -0.814079 -0.140528 0.563495
vn -0.720385 -0.041661 0.692322
vn -0.693747 -0.361020 0.623201
vn -0.700007 -0.165813 0.694619
vn -0.542978 -0.477776 0.690583
vn -0.359502 -0.545606 0.757016
vn -0.522291 -0.382823 0.762010
vn -0.340598 -0.749071 0.568230
vn -0.320671 -0.387332 0.864375
vn -0.638795 -0.476509 0.604053
vn -0.892272 -0.284277 0.350766
vn -0.982906 -0.173574 0.061378
vn -0.999974 -0.006725 0.002560
vn 0.261803 -0.330473 0.906778
vn 0.460786 -0.274389 0.844030
vn -0.602640 -0.004367 0.798001
vn -0.996884 0.027748 -0.073846
vn -0.745742 -0.064489 -0.663106
vn -0.732683 -0.019697 -0.680286
vn -0.753027 -0.337331 -0.564942
vn -0.604915 -0.787533 -0.117772
vn -0.499855 -0.861923 0.085053
vn -0.211146 -0.928309 0.306039
vn 0.005585 -0.696255 0.717773
vn -0.010541 -0.355692 0.934544
vn -0.316893 -0.216177 0.923497
vn -0.584228 -0.118016 0.802963
vn -0.784338 -0.289133 0.548832
vn -0.448274 -0.442204 0.776857
vn -0.669559 -0.503695 0.545877
vn -0.830947 -0.522276 0.191716
vn -0.902843 -0.428353 0.037268
vn -0.721835 -0.549863 -0.420244
vn -0.567527 -0.510479 -0.646007
vn 0.274783 -0.724418 -0.632229
vn 0.496609 -0.711409 -0.497269
vn -0.284614 -0.816007 -0.503118
vn -0.728454 -0.409715 -0.549080
vn -0.188438 -0.033100 -0.981527
vn 0.657826 -0.023013 -0.752818
vn 0.778080 -0.338614 -0.529087
vn 0.710265 -0.310123 -0.631940
vn 0.572328 -0.198650 -0.795600
vn -0.083003 -0.949593 -0.302298
vn -0.271394 -0.564592 -0.779475
vn -0.149482 -0.220005 -0.963978
vn -0.066609 -0.060036 -0.995971
vn 0.328623 0.036552 -0.943754
vn 0.437185 -0.031327 -0.898826
vn -0.286152 0.014080 -0.958081
vn -0.326136 -0.371896 -0.869096
vn 0.256349 0.145931 -0.955505
vn 0.429073 0.088028 -0.898970
vn -0.473409 -0.712814 -0.517475
vn -0.480162 -0.862393 -0.160387
vn -0.460617 -0.862307 -0.210377
vn -0.441959 -0.891475 0.099724
vn -0.495139 -0.867965 0.038384
vn -0.341779 -0.737911 0.581957
vn -0.479091 -0.617642 0.623691
vn -0.275736 -0.186915 0.942885
vn -0.190043 -0.268202 0.944432
vn 0.273250 -0.457337 0.846272
vn -0.192230 -0.377846 0.905693
vn -0.064885 -0.160686 0.984870
vn 0.191321 -0.079213 0.978326
vn 0.449840 0.098848 0.887622
vn 0.597001 0.215301 0.772810
vn 0.756188 0.279404 0.591704
vn 0.897670 0.301818 0.321082
vn 0.777824 0.250821 0.576263
vn 0.887110 0.272805 -0.372307
vn 0.962134 0.238900 0.131246
vn 0.967987 0.235018 0.088131
vn 0.919277 0.210362 -0.332684
vn 0.364160 0.115460 -0.924152
vn 0.401306 0.186422 -0.896772
vn -0.297968 -0.079459 -0.951263
vn -0.533120 -0.453161 -0.714443
vn -0.567456 -0.733146 -0.374821
vn 0.876506 0.205876 -0.435147
vn 0.417186 0.093251 -0.904024
vn 0.645017 0.105382 -0.756867
vn -0.006086 -0.235363 -0.971889
vn -0.566902 -0.516892 -0.641440
vn -0.657271 -0.694800 -0.291973
vn -0.521941 -0.852960 0.006146
vn -0.644225 -0.759565 0.089643
vn -0.473877 -0.856731 0.203599
vn -0.606375 -0.732098 0.310389
vn -0.280382 -0.739270 0.612263
vn -0.461486 -0.656011 0.597227
vn -0.248888 -0.392061 0.885632
vn -0.308593 -0.444776 0.840800
vn 0.105951 -0.083357 0.990871
vn 0.123706 -0.022759 0.992058
vn -0.083418 -0.114705 0.989891
vn -0.303614 -0.180684 0.935506
vn -0.280053 -0.180515 0.942860
vn -0.305452 -0.176243 0.935755
vn -0.469232 -0.575073 0.670159
vn -0.553659 -0.832738 0.002991
vn -0.476925 -0.861863 -0.172435
vn 0.071155 -0.248983 0.965891
vn -0.026348 -0.225632 0.973856
vn -0.205559 -0.598619 0.774210
vn 0.705456 -0.455120 0.543321
vn -0.315788 -0.764479 0.562004
vn 0.770241 -0.217537 0.599505
vn 0.786187 -0.257875 0.561615
vn -0.563651 -0.822889 -0.071776
vn -0.568147 -0.817478 -0.094543
vn -0.596836 -0.786305 -0.159722
vn -0.705535 -0.659005 -0.260638
vn -0.627015 -0.758385 0.178058
vn -0.903101 -0.423266 0.072484
vn 0.946915 -0.315772 -0.060337
vn 0.972727 0.015774 -0.231418
vn 0.977188 -0.129252 -0.168515
vn 0.937966 -0.285922 -0.196133
vn 0.672033 0.055067 -0.738471
vn -0.119945 0.102859 -0.987438
vn -0.889737 -0.025130 -0.455781
vn -0.979243 -0.061204 -0.193231
vn -0.878661 -0.099403 0.466985
vn -0.573883 -0.818037 -0.038385
vn -0.664947 -0.632458 -0.397294
vn -0.976048 -0.187059 -0.111078
vn 0.856522 -0.147227 0.494666
vn 0.877245 -0.152397 0.455210
vn 0.720335 -0.185969 0.668231
vn 0.284938 -0.109003 0.952328
vn -0.625183 0.056499 0.778430
vn -0.974145 0.049096 -0.220525
vn -0.732368 0.025258 -0.680440
vn -0.967915 0.134598 -0.212186
vn -0.720728 0.100790 -0.685852
vn -0.669158 0.066321 0.740155
vn 0.267599 -0.078160 0.960355
vn 0.417982 -0.021372 0.908204
vn -0.659120 0.112954 0.743507
vn -0.972432 0.183630 -0.143724
vn -0.723800 0.174723 -0.667522
vn -0.869148 0.100942 -0.484142
vn -0.768779 0.223539 -0.599174
vn -0.913924 0.055503 -0.402073
vn -0.931919 -0.008274 -0.362574
vn -0.905761 -0.108793 -0.409587
vn -0.925879 -0.296621 -0.234016
vn -0.578512 -0.808030 -0.111406
vn -0.499291 -0.860398 0.102095
vn -0.523942 -0.764918 0.374680
vn -0.210243 -0.634574 0.743716
vn 0.077557 -0.198264 0.977075
vn -0.975835 0.133452 0.173024
vn -0.660665 0.070269 -0.747385
vn -0.525512 -0.104089 -0.844395
vn 0.283295 -0.451532 -0.846087
vn -0.846322 0.088344 -0.525295
vn -0.877982 0.136181 -0.458914
vn -0.916322 0.171354 0.361928
vn -0.958964 0.182921 0.216631
vn 0.011568 0.072085 0.997331
vn -0.179610 0.113843 0.977129
vn 0.815178 -0.088843 0.572356
vn 0.605130 -0.043692 0.794927
vn 0.970930 -0.233193 0.053999
vn 0.961483 -0.130266 0.242035
vn -0.766301 0.141420 0.626724
vn -0.347944 0.026277 0.937147
vn -0.004068 -0.478308 0.878183
vn -0.587134 -0.800993 0.116982
vn -0.645107 -0.654406 -0.394449
vn -0.609011 -0.439942 -0.659967
vn -0.783580 -0.081801 -0.615883
vn -0.993310 0.023236 -0.113118
vn -0.822664 -0.350173 0.447888
vn 0.118856 -0.672913 0.730110
vn -0.981977 -0.179584 0.058913
vn -0.994623 -0.102702 -0.013301
vn -0.996670 -0.071317 0.039533
vn 0.980382 -0.197103 0.000930
vn 0.985687 -0.005695 -0.168488
vn 0.983717 -0.042797 -0.174556
vn 0.919882 -0.185941 -0.345317
vn 0.599473 -0.033707 -0.799685
vn -0.204816 0.047416 -0.977651
vn -0.805584 -0.015894 -0.592268
vn -0.982059 -0.131625 0.135035
vn -0.909715 -0.221701 -0.351095
vn -0.553854 -0.255097 -0.792572
vn -0.455088 -0.565431 -0.687882
vn -0.682654 -0.583892 -0.439379
vn -0.849274 -0.527884 -0.008550
vn -0.393579 -0.315891 0.863313
vn 0.032527 -0.077214 0.996484
vn 0.420830 -0.047502 0.905895
vn -0.851178 -0.004754 0.524856
vn -0.909723 0.054069 0.411681
vn -0.904906 0.129256 0.405509
vn 0.337423 0.085850 0.937430
vn -0.135817 0.066163 0.988522
vn 0.174640 0.256386 0.950667
vn -0.212084 0.245461 0.945922
vn -0.594535 -0.042267 0.802958
vn -0.960049 -0.266806 0.084386
vn -0.867344 -0.396879 -0.300335
vn -0.628123 -0.521904 -0.577129
vn -0.243482 -0.527096 -0.814178
vn -0.647981 -0.573725 -0.500960
vn -0.890350 -0.447552 -0.083514
vn -0.277642 -0.856390 -0.435329
vn -0.192496 -0.851047 -0.488534
vn -0.100852 -0.736916 -0.668419
vn -0.680136 -0.491487 -0.543926
vn -0.956398 -0.168323 -0.238685
vn -0.989757 -0.077343 0.119999
vn -0.682574 0.118801 0.721096
vn 0.687500 -0.132591 -0.713977
vn -0.384450 0.029312 -0.922681
vn -0.804462 0.140995 -0.577029
vn -0.973243 0.219116 0.069180
vn -0.396733 0.153253 0.905050
vn 0.448020 -0.037716 0.893228
vn 0.917564 -0.122914 0.378113
vn 0.897228 -0.149737 -0.415405
vn -0.250109 0.047163 -0.967068
vn -0.694321 0.195275 -0.692666
vn -0.953580 0.285315 -0.096334
vn -0.511239 0.218840 0.831110
vn 0.287508 0.027284 0.957390
vn 0.799640 -0.161383 0.578387
vn 0.957913 -0.285582 -0.029097
vn 0.076872 -0.034610 -0.996440
vn -0.668811 0.220551 -0.709965
vn -0.934642 0.292623 -0.202030
vn -0.677906 0.222819 0.700568
vn -0.008224 0.070571 0.997473
vn 0.630463 -0.132401 0.764844
vn 0.941090 -0.272548 0.200168
vn 0.352691 -0.059102 -0.933871
vn -0.543738 0.270345 -0.794520
vn -0.917920 0.320578 -0.233778
vn -0.803441 0.186238 0.565506
vn -0.244530 0.049869 0.968359
vn 0.454403 -0.755251 -0.472349
vn 0.465949 -0.779572 -0.418520
vn 0.301576 -0.917154 -0.260540
vn -0.149023 -0.975993 -0.158836
vn -0.910610 -0.407582 -0.068305
vn 0.509916 -0.857329 -0.070519
vn 0.200131 -0.884151 0.422167
vn -0.387318 -0.454804 0.801959
vn -0.279757 -0.790332 -0.545079
vn 0.308110 -0.951083 -0.022570
vn 0.261985 -0.795087 0.546993
vn 0.065410 -0.553637 0.830186
vn -0.520003 -0.718041 -0.462617
vn -0.433333 -0.788715 -0.436062
vn -0.625321 -0.637300 -0.450358
vn -0.169274 -0.972494 0.160006
vn -0.021095 -0.750971 0.659999
vn 0.065176 -0.556813 0.828077
vn -0.213467 -0.955278 0.204635
vn 0.204416 -0.611406 0.764458
vn -0.478831 -0.863169 -0.160188
vn -0.618641 -0.772055 0.145651
vn 0.107098 -0.614074 0.781948
vn -0.799876 -0.507676 0.320099
vn -0.110434 -0.614259 0.781339
vn -0.668230 -0.497518 0.553123
vn -0.536457 -0.617116 0.575658
vn -0.275553 -0.525122 0.805182
vn -0.749362 -0.329042 0.574620
vn -0.772885 -0.201281 0.601776
vn -0.877311 -0.268666 0.397673
vn -0.962060 -0.235468 0.137824
vn -0.894095 -0.154923 0.420231
vn -0.457269 -0.100400 0.883643
vn 0.130480 -0.505621 0.852832
vn 0.013071 -0.277232 0.960714
vn -0.264542 -0.125719 0.956145
vn -0.012011 -0.151233 0.988425
vn -0.726541 -0.250124 0.639981
vn -0.900986 -0.431047 -0.049233
vn -0.568943 -0.799788 -0.191427
vn -0.414149 -0.634537 0.652566
vn -0.162836 -0.958514 0.233956
vn 0.176881 -0.713145 0.678334
vn 0.160362 -0.402473 0.901277
vn -0.125141 -0.407327 0.904668
vn -0.053548 -0.149806 0.987264
vn -0.186313 -0.172879 0.967161
vn -0.792683 -0.282033 0.540473
vn -0.817905 -0.290044 0.496896
vn 0.222517 -0.608493 0.761724
vn 0.243788 -0.946090 0.213264
vn 0.111149 -0.989639 -0.090889
vn 0.212366 -0.925905 0.312410
vn 0.396018 -0.854168 0.336995
vn -0.327949 -0.907947 0.260923
vn 0.373548 -0.926156 0.051934
vn -0.563879 -0.812255 -0.149274
vn 0.328473 -0.915603 0.231899
vn -0.722070 -0.691173 0.029912
vn 0.071135 -0.672549 0.736626
vn -0.741784 -0.449588 0.497622
vn -0.984691 -0.141196 -0.102217
vn -0.886318 -0.161237 0.434101
vn -0.918978 -0.009471 0.394196
vn -0.997679 -0.003245 0.068015
vn -0.966916 -0.070519 -0.245155
vn -0.961046 -0.106172 -0.255182
vn -0.996227 -0.059522 -0.063160
vn -0.974791 -0.029226 0.221199
vn -0.593309 0.283460 0.753416
vn -0.760743 -0.108750 0.639878
vn -0.073235 0.067427 0.995033
vn 0.011591 0.015237 0.999817
vn -0.693607 -0.197692 0.692695
vn -0.456406 0.175251 0.872342
vn 0.147774 0.293638 0.944426
vn -0.002408 -0.022607 -0.999742
vn 0.273050 -0.004056 -0.961991
vn -0.689280 -0.048915 -0.722842
vn -0.792812 -0.069660 -0.605473
vn -0.643685 0.032931 -0.764582
vn 0.656738 0.029226 -0.753552
vn 0.523402 0.019186 -0.851870
vn -0.350882 0.144889 -0.925143
vn -0.973825 0.171468 -0.149214
vn -0.979487 0.107490 -0.170446
vn -0.795530 0.003997 0.605901
vn -0.738691 -0.060489 0.671325
vn 0.029662 -0.241869 0.969855
vn 0.011014 -0.208628 0.977933
vn 0.958996 -0.113090 0.259878
vn 0.931439 -0.137962 0.336731
vn 0.880131 0.033880 -0.473520
vn 0.926921 0.018990 -0.374775
vn -0.065114 0.187183 -0.980165
vn 0.145391 0.192216 -0.970523
vn -0.878568 0.168332 -0.446970
vn -0.762324 0.221915 -0.607960
vn -0.767785 -0.004462 0.640692
vn -0.837285 0.067522 0.542582
vn -0.001780 -0.231054 0.972939
vn -0.126577 -0.174980 0.976402
vn 0.821418 -0.276974 0.498556
vn 0.706295 -0.294109 0.643931
vn 0.943955 -0.065259 -0.323559
vn 0.970503 -0.091794 -0.222929
vn 0.257136 0.160389 -0.952972
vn 0.437892 0.121251 -0.890813
vn -0.571319 0.201399 -0.795634
vn -0.452899 0.173772 -0.874463
vn -0.995621 0.062734 0.069306
vn -0.994965 0.059586 -0.080587
vn -0.474390 -0.146134 0.868101
vn -0.407889 0.014194 0.912921
vn 0.389035 -0.169288 0.905535
vn 0.477998 0.152640 0.864997
vn 0.994322 -0.040377 0.098454
vn 0.987319 0.142906 0.069129
vn 0.587113 0.150153 -0.795457
vn 0.701013 0.186752 -0.688262
vn -0.387713 0.172106 -0.905571
vn -0.169608 0.264623 -0.949320
vn -0.956612 0.122228 -0.264488
vn -0.855374 0.291580 -0.428154
vn -0.718471 0.197915 0.666805
vn -0.735217 0.428542 0.525174
vn -0.092088 0.327713 0.940279
vn -0.270134 0.547436 0.792049
vn 0.180377 0.549693 0.815661
vn 0.730398 0.641105 0.235590
vn -0.018814 0.702927 0.711013
vn 0.925499 0.346300 -0.153388
vn 0.775406 0.288678 -0.561614
vn 0.893674 0.314720 -0.319840
vn 0.847875 0.337225 -0.409130
vn 0.488354 0.723994 -0.487179
vn -0.009884 0.757514 0.652744
vn 0.073647 0.777599 0.624433
vn -0.006226 0.371213 -0.928527
vn 0.267593 0.458866 -0.847252
vn -0.621762 0.531981 -0.574811
vn -0.267550 0.726600 -0.632826
vn -0.420518 0.901521 0.102103
vn -0.129364 0.899461 0.417415
vn -0.561542 0.348863 -0.750311
vn -0.905723 0.371340 -0.204385
vn -0.825935 0.240940 0.509686
vn -0.266703 0.221162 0.938060
vn 0.545501 0.140236 0.826294
vn 0.489843 -0.061899 0.869611
vn 0.943202 -0.074122 0.323846
vn 0.910150 0.244775 0.334233
vn 0.449991 0.140711 -0.881878
vn 0.852460 0.461122 -0.246329
vn -0.457694 0.349805 -0.817406
vn -0.778047 0.442455 -0.445955
vn -0.755249 0.547052 0.361016
vn 0.516839 0.157483 0.841473
vn 0.071283 -0.191520 0.978897
vn -0.495653 -0.471623 0.729315
vn -0.791387 -0.485169 0.371912
vn 0.377712 0.071070 -0.923192
vn 0.684914 0.069185 -0.725331
vn 0.868741 0.215411 -0.445968
vn 0.105067 -0.378578 -0.919587
vn -0.485352 -0.645810 -0.589375
vn -0.691175 -0.671568 -0.266972
vn -0.791507 -0.602361 0.103336
vn 0.664503 0.236409 0.708906
vn 0.881585 0.261841 0.392743
vn 0.316052 0.096556 0.943816
vn -0.482261 -0.236278 0.843562
vn -0.858486 -0.167401 0.484746
vn -0.970507 -0.182292 0.157753
vn -0.709339 -0.611984 -0.349733
vn -0.459913 -0.649783 -0.605196
vn -0.034513 -0.445923 -0.894406
vn 0.382572 0.041105 -0.923011
vn 0.163841 0.212111 -0.963413
vn 0.816986 0.266251 -0.511512
vn 0.966004 0.252587 0.055105
vn 0.971059 0.235423 0.040251
vn 0.924389 0.241063 0.295624
vn 0.742875 0.190757 0.641677
vn 0.359692 0.125861 0.924544
vn -0.350710 0.008292 0.936447
vn -0.801344 0.244126 0.546123
vn -0.741110 0.647193 0.178597
vn -0.812016 0.073448 -0.578996
vn -0.579332 -0.613456 -0.536699
vn -0.448586 -0.610893 -0.652366
vn -0.511037 -0.598250 -0.617202
vn -0.275660 -0.416510 -0.866332
vn 0.093539 0.029420 -0.995181
vn -0.492541 -0.701389 -0.515225
vn -0.327841 -0.665020 -0.671021
vn -0.479858 -0.671803 -0.564285
vn -0.275628 -0.539547 -0.795561
vn 0.246406 -0.110322 -0.962867
vn 0.893483 0.216634 -0.393393
vn 0.973367 0.229181 0.005772
vn 0.943237 0.209038 0.258083
vn 0.836968 0.195555 0.511119
vn 0.586115 0.220149 0.779746
vn -0.052540 0.270114 0.961394
vn -0.385834 0.742389 0.547714
vn -0.027846 0.927024 0.373968
vn 0.335572 0.535026 0.775332
vn 0.789161 0.337057 0.513437
vn 0.901442 0.183361 0.392150
vn 0.952803 0.147430 0.265388
vn 0.987371 0.145191 0.063387
vn 0.976039 0.131731 -0.173192
vn 0.631247 -0.133200 -0.764058
vn 0.305780 -0.433096 -0.847895
vn -0.471155 -0.750600 -0.463262
vn -0.125202 -0.489530 -0.862951
vn -0.383706 -0.827747 -0.409396
vn 0.718931 0.662084 0.211621
vn 0.927897 0.227376 0.295477
vn 0.933390 0.238627 0.268030
vn 0.974884 0.204394 0.088459
vn 0.986894 0.113168 -0.115033
vn 0.794204 0.594433 -0.126055
vn 0.020224 0.310752 -0.950276
vn -0.529102 -0.775604 -0.344224
vn -0.355399 -0.852132 -0.384139
vn -0.049361 0.000900 -0.998781
vn 0.768167 0.639477 0.031434
vn 0.720500 0.623044 0.304461
vn 0.912721 0.063055 0.403689
vn 0.918974 -0.078421 -0.386442
vn 0.886085 0.158242 -0.435675
vn 0.403237 0.847959 -0.344042
vn -0.015878 0.996492 0.082168
vn 0.569925 0.121218 -0.812706
vn 0.517696 0.113626 -0.847986
vn 0.224857 0.908090 -0.353287
vn 0.539910 0.232335 -0.809023
vn 0.284562 0.430790 -0.856414
vn 0.189801 0.976808 -0.099101
vn -0.038535 0.996935 0.068085
vn -0.002169 0.989498 0.144532
vn -0.189793 0.966909 0.170485
vn -0.439152 0.873284 0.210998
vn -0.090216 0.995719 -0.020115
vn -0.233695 0.600318 -0.764856
vn -0.080992 0.992825 0.087966
vn -0.339739 0.928214 0.151644
vn -0.054739 -0.430709 -0.900829
vn 0.113956 -0.170121 -0.978812
vn 0.125458 0.616972 -0.776921
vn 0.142494 0.936712 -0.319791
vn 0.938942 -0.027115 -0.343004
vn 0.850510 -0.158144 0.501620
vn -0.056355 0.761675 -0.645503
vn 0.331814 0.426725 -0.841312
vn 0.356033 0.850350 -0.387486
vn 0.722560 0.591653 0.357567
vn -0.301810 0.869885 -0.390141
vn 0.016394 0.786888 -0.616878
vn 0.305106 0.232822 0.923420
vn -0.125909 0.956743 -0.262278
vn 0.181587 0.595241 0.782761
vn -0.106554 0.733364 0.671433
vn 0.221388 0.970445 0.096044
vn -0.368818 0.816607 0.443989
vn 0.310537 0.949080 -0.053056
vn 0.262309 0.962320 -0.071652
vn -0.239743 0.930269 -0.277711
vn -0.876788 -0.395022 -0.274228
vn -0.500061 -0.851562 -0.157420
vn 0.150500 0.893514 -0.423063
vn 0.174678 0.970846 -0.164149
vn -0.254399 0.731234 -0.632913
vn 0.017376 0.988360 -0.151135
vn -0.981468 -0.177829 -0.071400
vn -0.951573 -0.247950 -0.181742
vn -0.165966 0.465380 0.869412
vn 0.364773 0.413960 0.834013
vn 0.498792 0.740999 0.449586
vn 0.694434 0.718795 -0.033090
vn 0.002107 0.872651 0.488340
vn 0.238181 0.948865 -0.207183
vn 0.342288 0.488637 0.802541
vn -0.578837 0.769799 0.268993
vn -0.219310 0.743251 0.632045
vn -0.622320 0.569241 -0.537293
vn -0.564326 0.088000 -0.820849
vn 0.542182 0.811882 0.216536
vn 0.530713 0.836591 -0.135866
vn -0.102889 0.804290 -0.585263
vn -0.164393 0.878089 -0.449372
vn -0.389453 0.869333 -0.304281
vn -0.191511 0.937948 0.289098
vn -0.042575 0.930359 0.364171
vn 0.530282 0.682201 0.503392
vn -0.607733 0.195254 0.769764
vn -0.866712 0.425893 0.259664
vn -0.251569 0.857785 0.448238
vn 0.396634 0.910675 -0.115553
vn -0.073478 0.416766 0.906039
vn -0.463148 0.454671 0.760769
vn 0.328340 0.451399 0.829718
vn 0.592657 0.632936 0.498146
vn 0.582009 0.728711 0.360896
vn 0.586933 0.735964 0.337441
vn 0.540461 0.774991 0.327553
vn 0.585538 0.738011 0.335387
vn 0.535713 0.663258 0.522590
vn 0.519901 0.720749 0.458502
vn 0.396163 0.586057 0.706818
vn 0.413148 0.693076 0.590723
vn -0.263187 0.960085 -0.094702
vn -0.472795 0.881169 -0.002264
vn -0.287613 0.948297 -0.134211
vn -0.510922 0.859586 -0.008358
vn -0.812620 -0.146476 0.564086
vn -0.948290 0.313346 0.050609
vn -0.819793 0.527154 -0.223716
vn -0.703328 0.626285 -0.336298
vn -0.706811 0.604888 -0.366781
vn -0.782385 0.520952 -0.341296
vn 0.336914 0.816675 0.468542
vn 0.442765 0.575577 0.687510
vn -0.616130 0.766739 -0.180262
vn -0.746970 0.517201 -0.417778
vn -0.560816 0.679689 -0.472768
vn -0.646705 0.715786 -0.263483
vn 0.151902 0.773307 0.615566
vn 0.189835 0.788117 0.585520
vn -0.409205 0.466445 0.784207
vn -0.151683 0.637749 0.755162
vn -0.843087 0.356083 0.403001
vn -0.701427 0.583432 0.409400
vn 0.495039 0.451944 -0.742081
vn 0.663177 -0.099107 -0.741872
vn 0.274641 0.762025 -0.586422
vn 0.041613 0.560704 -0.826970
vn 0.750497 0.523394 -0.403501
vn 0.370185 0.909770 -0.187835
vn 0.911716 0.409652 -0.030984
vn 0.544240 0.838138 -0.036438
vn 0.441172 0.886098 0.142118
vn -0.318477 0.818102 0.478833
vn -0.377933 0.329878 0.865071
vn 0.198940 0.803577 0.560969
vn 0.388868 0.122541 0.913108
vn -0.229343 0.756672 0.612250
vn 0.159654 0.834481 0.527401
vn -0.116338 0.807064 0.578890
vn -0.289773 0.801581 0.522972
vn 0.140037 0.971922 0.189094
vn 0.087967 0.989666 0.113237
vn 0.106639 0.987325 0.117551
vn 0.161240 0.970628 0.178559
vn 0.142934 0.972385 0.184490
vn -0.107066 0.818073 0.565060
vn -0.123113 0.367122 -0.921990
vn -0.118765 -0.522507 -0.844323
vn -0.320578 -0.302501 -0.897621
vn -0.326229 -0.239931 -0.914334
vn -0.298779 0.467729 -0.831842
vn -0.331439 0.546451 -0.769116
vn -0.374557 -0.762251 -0.527902
vn -0.799681 0.080222 -0.595041
vn -0.736438 -0.151304 -0.659368
vn 0.086930 -0.972212 -0.217363
vn 0.871664 -0.391282 0.295128
vn 0.762881 0.497068 0.413444
vn -0.418712 -0.733165 -0.535863
vn -0.658329 -0.071842 -0.749294
vn 0.616675 0.786333 0.037318
vn 0.932689 0.116574 0.341324
vn 0.623734 0.710930 -0.324863
vn 0.910398 0.272403 0.311403
vn 0.259149 0.960313 0.103154
vn -0.167741 0.807397 -0.565661
vn 0.351233 -0.893734 0.279062
vn 0.318819 -0.673655 0.666741
vn -0.514375 0.488216 -0.705027
vn 0.269569 0.956459 0.111885
vn 0.281146 0.910235 -0.304023
vn -0.535263 0.632700 -0.559629
vn -0.193413 0.955370 -0.223291
vn -0.178889 0.907854 -0.379210
vn -0.686870 -0.615131 -0.387069
vn -0.868786 -0.484232 -0.103587
vn -0.833897 0.549955 0.046544
vn -0.322867 0.656176 0.682049
vn -0.347541 0.012660 -0.937580
vn -0.250674 0.690764 -0.678238
vn -0.358917 0.256804 -0.897346
vn -0.192042 0.859881 -0.472995
vn -0.371308 0.870065 -0.324217
vn -0.125678 0.954807 0.269347
vn 0.283108 -0.161868 0.945330
vn 0.262614 0.095720 0.960141
vn 0.466567 0.194475 0.862841
vn 0.399455 0.017814 0.916580
vn -0.434620 0.492304 -0.754150
vn -0.211099 0.939966 -0.268142
vn -0.336848 0.837505 -0.430254
vn -0.149489 0.952468 0.265440
vn 0.229494 0.158020 0.960397
vn 0.226238 0.497881 0.837216
vn -0.224991 0.889247 -0.398269
vn -0.077548 0.936791 0.341187
vn -0.697657 0.382423 -0.605828
vn -0.375448 0.926119 -0.036641
vn -0.171457 0.133662 0.976082
vn -0.326836 0.733677 0.595732
vn -0.918090 0.034735 0.394848
vn -0.574592 0.767819 0.283372
vn -0.349613 0.915517 0.198994
vn -0.285001 0.900630 0.328086
vn -0.426126 0.903622 -0.043402
vn -0.260675 0.962909 0.069674
vn -0.132322 0.957535 -0.256158
vn 0.296227 0.911558 -0.285151
vn 0.214331 0.961991 -0.169220
vn -0.010616 0.987203 0.159116
vn -0.056692 0.968709 0.241637
vn -0.191527 0.972811 0.130214
vn -0.179169 0.980357 0.082449
vn -0.195352 0.965284 0.173390
vn -0.164645 0.971617 0.169863
vn -0.114443 0.992037 -0.052582
vn -0.086007 0.995395 -0.042333
vn -0.138534 0.985499 -0.097978
vn -0.097779 0.980188 -0.172251
vn -0.133418 0.990821 0.021774
vn -0.132310 0.989280 0.061793
vn -0.119683 0.991695 0.047084
vn -0.143150 0.989442 -0.022633
vn -0.076982 0.989272 0.124156
vn -0.045758 0.998623 0.025644
vn -0.131975 0.991173 -0.012600
vn -0.083065 0.996196 -0.026324
vn -0.054503 0.997700 -0.040294
vn -0.038187 0.999194 0.012340
vn -0.083776 0.988859 0.123042
vn -0.482272 0.765464 0.426002
vn -0.391524 0.916362 0.083605
vn -0.019839 0.982145 0.187077
vn 0.113830 0.955724 0.271358
vn -0.475221 0.866216 0.154387
vn -0.278244 0.960431 0.012393
vn 0.063498 0.947920 0.312114
vn -0.347488 0.929435 -0.124111
vn -0.279398 0.952373 -0.122160
vn -0.368373 0.914423 -0.167724
vn -0.327865 0.938362 -0.109457
vn -0.410041 0.893461 -0.183284
vn -0.322897 0.941698 -0.094568
vn -0.547146 0.684837 0.481279
vn -0.029274 0.999375 0.019823
vn -0.053257 0.998556 0.007036
vn -0.166756 0.985997 0.001593
vn -0.096767 0.995026 0.023652
vn -0.046591 0.998837 -0.012383
vn -0.178038 0.983867 0.017542
vn -0.403883 0.874945 0.267113
vn -0.685567 0.725761 -0.057176
vn -0.511454 0.856685 0.067118
vn -0.810266 0.520673 0.269013
vn -0.509274 0.432927 0.743783
vn -0.882564 0.394676 0.255561
vn -0.186048 0.752539 0.631721
vn -0.299838 0.398129 0.866943
vn 0.020529 0.984151 0.176140
vn 0.412175 0.234000 -0.880543
vn 0.337722 -0.064806 -0.939012
vn 0.195712 0.730741 -0.653999
vn 0.493558 0.394748 -0.774968
vn 0.556450 0.128018 -0.820960
vn 0.396709 0.699657 -0.594224
vn 0.579513 0.482077 -0.657090
vn 0.697554 0.101906 -0.709248
vn 0.610759 0.516118 -0.600497
vn 0.640241 0.653476 -0.403807
vn 0.926967 -0.028314 -0.374073
vn 0.778595 0.604211 -0.169467
vn 0.942647 -0.329104 0.055747
vn 0.710225 -0.622838 0.328105
vn 0.647903 0.753032 -0.114740
vn 0.745161 -0.663269 0.069352
vn 0.957447 -0.231987 0.171691
vn 0.501564 0.865043 0.011603
vn 0.898084 0.286815 0.333441
vn 0.956992 -0.170315 0.234859
vn 0.405021 0.911153 0.075880
vn 0.814944 0.549682 0.183619
vn 0.889500 0.456648 -0.016168
vn 0.359720 0.931977 0.044950
vn 0.839459 0.527354 0.131169
vn 0.522793 0.841885 0.133854
vn 0.446866 0.891576 0.073500
vn -0.395036 0.834642 -0.383821
vn -0.227159 0.656403 -0.719398
vn -0.296169 0.877861 -0.376356
vn -0.133839 0.832645 -0.537391
vn 0.955992 -0.054352 -0.288315
vn 0.959820 0.197705 -0.199143
vn 0.721961 0.448119 -0.527221
vn 0.150104 0.555290 -0.817999
vn -0.017783 0.520137 -0.853898
vn 0.122600 0.567606 -0.814121
vn 0.190565 0.675810 -0.712015
vn 0.415938 0.778354 -0.470277
vn 0.451216 0.614114 -0.647508
vn 0.408534 0.841776 -0.352864
vn 0.555366 0.631122 -0.541530
vn 0.410511 0.828535 -0.380801
vn 0.553441 0.629779 -0.545051
vn 0.353083 0.821441 -0.447848
vn 0.497015 0.615727 -0.611439
vn 0.181056 0.878229 -0.442642
vn 0.354029 0.561270 -0.748090
vn 0.021899 0.999251 0.031901
vn -0.152729 0.978398 0.139327
vn -0.028660 0.961546 -0.273145
vn 0.094692 0.985846 -0.138350
vn 0.063443 0.997985 -0.001235
vn -0.442597 0.732338 0.517483
vn -0.547215 0.723044 0.421620
vn -0.450036 0.781720 0.431720
vn -0.441954 0.872224 0.209530
vn -0.326304 0.945020 -0.021502
vn -0.390855 0.896307 -0.209441
vn -0.245953 0.936963 -0.248208
vn -0.065749 0.924519 -0.375422
vn -0.264079 0.952558 0.151310
vn -0.223168 0.936844 0.269294
vn -0.178087 0.979942 0.089436
vn -0.671459 0.664940 -0.327104
vn -0.016579 0.987642 -0.155850
vn -0.031482 0.875883 -0.481496
vn 0.013785 0.285497 -0.958281
vn 0.037698 0.862473 -0.504698
vn 0.058430 0.986771 -0.151228
vn 0.048629 0.782562 0.620671
vn 0.018331 0.917418 0.397503
vn -0.215781 0.396446 0.892339
vn 0.240713 -0.479473 0.843897
vn -0.237618 0.818684 0.522775
vn 0.606844 -0.196442 -0.770163
vn 0.378630 -0.871418 -0.311881
vn 0.258055 -0.955155 -0.145214
vn 0.531633 -0.833549 0.150210
vn 0.097720 0.733136 -0.673025
vn 0.155866 0.767633 -0.621647
vn 0.270474 0.684868 -0.676609
vn 0.346363 0.809459 -0.474141
vn 0.026594 0.576444 -0.816704
vn 0.068581 0.854927 -0.514194
vn 0.008243 0.818465 -0.574497
vn 0.097838 0.749744 -0.654455
vn -0.317302 0.473839 -0.821459
vn -0.274443 0.727403 -0.628940
vn -0.061465 0.898599 -0.434445
vn 0.103424 0.856727 -0.505294
vn -0.090415 0.837853 0.538357
vn 0.074382 0.872448 0.483013
vn 0.220594 0.911415 0.347364
vn 0.088060 0.959973 0.265888
vn -0.381943 0.643959 -0.662901
vn -0.050357 0.777702 0.626613
vn -0.850854 0.144716 -0.505080
vn -0.313535 0.910735 -0.268809
vn -0.202945 0.831924 0.516445
vn -0.598154 0.301203 0.742623
vn -0.031419 0.852512 0.521763
vn 0.027774 0.936293 0.350120
vn 0.040236 0.984369 0.171463
vn 0.023765 0.999448 -0.023237
vn -0.045943 0.978897 -0.199125
vn 0.106459 0.949291 -0.295828
vn 0.310442 0.888106 -0.338961
vn 0.116049 0.985839 -0.121052
vn 0.007682 0.994338 0.105985
vn 0.004751 0.998698 -0.050790
vn -0.021928 0.994424 0.103154
vn -0.039523 0.994458 0.097427
vn -0.044968 0.993232 0.107092
vn -0.013594 0.997020 0.075941
vn 0.007773 0.996571 0.082372
vn -0.020272 0.987828 0.154222
vn -0.083308 0.991079 0.104034
vn -0.088376 0.991187 0.098686
vn -0.025310 0.994766 0.098997
vn -0.065850 0.992465 0.103326
vn -0.095120 0.990769 0.096585
vn -0.013365 0.996095 0.087273
vn -0.013884 0.997083 0.075054
vn -0.033645 0.996492 0.076633
vn -0.031538 0.994215 0.102678
vn -0.000697 0.972603 0.232472
vn -0.066687 0.981925 0.177134
vn -0.039661 0.988756 0.144182
vn -0.079244 0.990069 0.116120
vn -0.073319 0.991079 0.111295
vn -0.093805 0.983418 0.155207
vn -0.045241 0.998964 0.004901
vn -0.016510 0.995637 -0.091836
vn -0.151706 0.988243 -0.018990
vn -0.130970 0.989799 0.056072
vn -0.074243 0.991775 0.104263
vn -0.113476 0.991154 0.068822
vn -0.135523 0.987624 0.078947
vn -0.116864 0.990306 0.075077
vn -0.093044 0.977517 0.189218
vn -0.127351 0.989191 0.072684
vn -0.123213 0.989583 0.074464
vn -0.155270 0.966539 0.204190
vn -0.119460 0.990743 0.064480
vn -0.105468 0.992065 0.068433
vn -0.512127 0.853170 0.099130
vn -0.364671 0.897321 0.248656
vn -0.231694 0.972088 0.036909
vn -0.031191 0.994280 -0.102151
vn -0.126073 0.991728 0.024123
vn -0.230914 0.953140 0.195455
vn -0.138795 0.984113 0.110712
vn -0.094773 0.994081 0.053107
vn -0.082412 0.994996 0.056484
vn -0.647535 0.623372 -0.438299
vn -0.420798 0.753444 -0.505224
vn 0.495193 0.837775 0.230038
vn 0.879816 0.378751 0.287179
vn 0.946720 0.225105 0.230324
vn 0.288121 0.946237 0.147046
vn -0.773574 0.427329 -0.467945
vn -0.654801 -0.521910 -0.546668
vn 0.480545 0.868556 -0.121190
vn 0.573483 -0.814333 -0.089328
vn -0.791796 0.321001 -0.519631
vn -0.611950 -0.656557 -0.440965
vn 0.395973 0.918068 0.018902
vn 0.952976 0.207225 0.221123
vn 0.561471 -0.826791 -0.034158
vn -0.638486 0.542287 -0.546133
vn 0.302472 0.935477 -0.182737
vn -0.448009 0.518927 -0.728013
vn 0.396494 0.777708 -0.487814
vn 0.397076 0.537290 -0.744077
vn -0.423854 0.230878 -0.875810
vn -0.696613 -0.651732 -0.299960
vn -0.747515 -0.647647 -0.147561
vn -0.771206 -0.632524 -0.071796
vn 0.942879 0.199593 0.266724
vn 0.910330 0.146220 0.387193
vn 0.311523 -0.941567 0.128080
vn 0.175221 -0.861177 0.477151
vn 0.106730 -0.714779 0.691158
vn 0.941452 -0.058997 0.331944
vn -0.196466 0.958567 0.206277
vn -0.786806 0.184893 0.588855
vn 0.541937 0.637363 -0.547789
vn 0.421190 -0.312456 -0.851452
vn -0.435256 -0.900290 -0.005423
vn 0.393938 -0.331353 -0.857332
vn -0.265217 -0.963410 -0.038750
vn -0.793501 0.040960 0.607189
vn -0.309593 0.929068 0.202447
vn 0.261887 0.780128 -0.568168
vn 0.006883 -0.972670 0.232089
vn 0.657518 -0.326415 -0.679061
vn -0.712939 -0.248482 0.655725
vn -0.498794 0.852483 0.156451
vn 0.167142 0.794731 -0.583495
vn -0.730421 0.674165 -0.109486
vn -0.083700 0.749993 -0.656129
vn -0.137632 0.394230 -0.908648
vn -0.927646 0.304742 -0.215882
vn -0.195664 0.046501 -0.979568
vn -0.998175 0.005415 -0.060144
vn 0.822807 -0.147188 -0.548930
vn 0.775867 -0.042369 -0.629472
vn 0.763686 -0.186761 -0.617983
vn -0.593073 -0.436174 0.676769
vn -0.558289 -0.327723 0.762175
vn -0.504484 -0.324358 0.800180
vn 0.418581 -0.805600 0.419283
vn 0.526340 -0.572319 0.628822
vn 0.447696 -0.438609 0.779225
vn -0.337414 -0.810177 -0.479337
vn -0.216637 0.405376 -0.888110
vn 0.046560 0.758686 0.649790
vn -0.026407 -0.391046 0.919992
vn -0.198151 0.801139 0.564724
vn -0.337200 0.435200 -0.834803
vn -0.070321 -0.364072 0.928712
vn -0.226548 -0.826377 -0.515536
vn -0.468163 0.717863 0.515262
vn -0.491809 0.349346 -0.797547
vn -0.621000 0.122225 -0.774222
vn -0.602072 0.523787 0.602624
vn -0.482050 0.284814 0.828558
vn -0.676928 -0.235190 -0.697462
vn 0.192924 -0.194734 0.961696
vn 0.415853 -0.126354 0.900611
vn 0.414960 -0.005918 0.909820
vn 0.206564 -0.709962 -0.673264
vn 0.348795 -0.605019 -0.715747
vn 0.444699 -0.631671 -0.635008
vn 0.479716 -0.456382 -0.749392
vn 0.364330 0.577937 -0.730241
vn -0.273993 0.863213 0.424019
vn -0.339331 0.300238 0.891466
vn 0.737839 -0.476909 -0.477652
vn 0.560454 0.457499 -0.690352
vn -0.084069 0.987895 0.130367
vn -0.345424 0.251274 0.904182
vn 0.257737 -0.517581 0.815894
vn 0.060138 -0.704942 0.706711
vn 0.646395 -0.632567 -0.426654
vn 0.495900 0.420147 -0.759974
vn -0.109372 0.991076 0.076203
vn -0.318346 0.308363 0.896420
vn 0.095240 -0.822280 0.561057
vn 0.563535 -0.451569 -0.691747
vn 0.600727 0.549578 -0.580595
vn 0.155976 0.951956 0.263536
vn -0.345550 0.168192 0.923205
vn -0.550094 -0.624930 0.553948
vn -0.033087 -0.652623 -0.756960
vn 0.812663 0.579008 -0.065793
vn 0.200861 0.597645 0.776193
vn 0.930791 0.364739 0.024349
vn 0.277310 0.355259 0.892687
vn 0.961922 0.022434 0.272403
vn 0.489566 0.038157 0.871131
vn -0.147151 -0.520868 -0.840859
vn -0.212957 -0.358299 -0.908995
vn -0.857141 -0.450260 0.250151
vn -0.931128 -0.292689 0.217564
vn -0.356337 0.786135 -0.504991
vn -0.136029 0.820177 0.555703
vn -0.314656 -0.383354 -0.868350
vn 0.117293 -0.419877 0.899970
vn 0.003062 -0.987424 0.158064
vn 0.197287 -0.976080 0.091359
vn 0.197713 -0.493305 0.847089
vn -0.311405 -0.219880 -0.924489
vn -0.311291 0.778547 0.544943
vn -0.553890 0.753557 -0.354059
vn -0.895765 0.376665 -0.236068
vn -0.487472 0.339440 0.804457
vn -0.424104 -0.103735 0.899653
vn -0.988450 0.063067 -0.137801
vn 0.532083 -0.332371 0.778728
vn 0.605655 -0.333000 0.722699
vn -0.255940 -0.069251 -0.964209
vn -0.200459 -0.120589 -0.972252
vn 0.786669 -0.607562 -0.109639
vn 0.847727 -0.485666 -0.213279
vn -0.401925 0.273955 0.873730
vn -0.199082 0.037125 0.979280
vn -0.278615 0.875338 0.395168
vn 0.377628 0.900940 -0.213786
vn 0.780967 -0.363288 -0.508049
vn 0.311155 -0.927014 0.209349
vn -0.271023 -0.100957 0.957264
vn -0.128827 0.872962 0.470468
vn 0.226961 0.920876 -0.316980
vn 0.561769 -0.151695 -0.813268
vn 0.251429 -0.915125 -0.315165
vn -0.411532 -0.481695 0.773700
vn -0.049746 0.871057 0.488657
vn 0.332799 0.931619 -0.146053
vn 0.609792 -0.100021 -0.786225
vn 0.097333 0.607876 0.788044
vn 0.625523 0.717095 0.307403
vn 0.565580 -0.469162 -0.678238
vn -0.557961 -0.736278 0.382851
vn 0.237610 0.519695 0.820645
vn 0.704401 0.603353 0.373878
vn 0.336148 -0.363531 -0.868821
vn -0.393882 -0.711067 -0.582443
vn 0.333029 0.307809 0.891261
vn 0.829335 0.361391 0.426145
vn -0.152920 -0.620111 -0.769466
vn -0.312765 -0.672240 -0.671023
vn -0.760456 -0.558959 0.330561
vn -0.745867 0.069194 0.662491
vn -0.517320 0.193730 0.833576
vn -0.381833 0.250882 0.889529
vn -0.644483 0.175272 0.744259
vn -0.656675 0.296175 0.693583
vn -0.950154 0.227236 0.213474
vn -0.930304 0.301627 0.208699
vn -0.584377 0.349250 0.732481
vn -0.979089 0.085278 0.184697
vn -0.985143 0.169267 0.029012
vn -0.780139 0.040957 0.624264
vn -0.937809 0.080915 0.337591
vn -0.850663 0.012013 0.525574
vn -0.628191 0.003040 0.778053
vn 0.323278 0.028518 0.945874
vn 0.410676 0.026985 0.911382
vn 0.428108 0.011626 0.903653
vn 0.329392 0.015174 0.944071
vn 0.689068 0.014407 0.724553
vn 0.766140 0.010949 0.642581
vn 0.771823 -0.002597 0.635832
vn 0.673858 0.016989 0.738666
vn -0.309560 -0.088846 -0.946720
vn -0.415422 -0.063624 -0.907401
vn -0.381993 -0.071172 -0.921421
vn -0.324720 -0.081793 -0.942267
vn 0.029619 -0.053893 -0.998107
vn -0.123431 -0.065672 -0.990178
vn -0.104840 -0.063759 -0.992443
vn 0.049115 -0.052568 -0.997409
vn -0.957713 0.279103 -0.069909
vn -0.926942 0.285074 0.243950
vn -0.783013 0.276525 0.557158
vn -0.659769 0.219391 0.718730
vn -0.481046 0.164060 0.861208
vn -0.349930 0.228083 0.908585
vn -0.289241 0.251603 0.923599
vn -0.533692 0.441811 0.721094
vn -0.232655 0.858751 0.456530
vn -0.907330 0.372887 0.194182
vn -0.199011 0.978433 0.055345
vn -0.298930 0.953590 -0.036143
vn -0.977212 0.211952 -0.011537
vn -0.295975 0.952305 -0.074253
vn -0.980166 0.191184 -0.052193
vn -0.972491 0.227495 -0.050065
vn -0.353537 0.935251 -0.017808
vn -0.915481 0.282390 -0.286620
vn -0.925629 0.291143 -0.241757
vn -0.344122 0.935201 -0.083547
vn -0.384591 0.916555 -0.109618
vn -0.906736 0.256111 -0.335018
vn -0.394710 0.914012 -0.093738
vn -0.993246 0.057196 -0.100954
vn -0.950270 0.173822 -0.258406
vn -0.486194 0.873848 0.002133
vn -0.505133 0.859774 0.075026
vn -0.483671 -0.091159 -0.870490
vn -0.184663 0.698556 -0.691316
vn -0.288755 0.682226 -0.671705
vn -0.600695 0.064308 -0.796887
vn 0.040396 0.998838 -0.026269
vn 0.056270 0.979474 -0.193556
vn -0.200308 0.950673 -0.236848
vn -0.340834 0.148688 -0.928291
vn -0.153910 0.702718 -0.694622
vn -0.225575 0.602419 -0.765642
vn -0.329589 0.105702 -0.938189
vn -0.065872 0.237605 -0.969126
vn 0.048888 0.877774 -0.476574
vn 0.111121 0.873921 -0.473196
vn 0.075207 0.204468 -0.975980
vn 0.478479 0.285034 -0.830550
vn 0.430091 0.322318 -0.843287
vn 0.245977 0.908328 -0.338284
vn 0.296929 0.878061 -0.375289
vn 0.279187 0.842906 -0.459962
vn 0.476738 0.228671 -0.848782
vn 0.362610 0.790780 -0.493135
vn 0.733817 0.190606 -0.652060
vn 0.613913 0.430506 -0.661645
vn 0.820117 -0.021304 -0.571800
vn 0.819803 -0.134566 -0.556610
vn 0.740066 0.140787 -0.657633
vn 0.632323 0.270502 0.725945
vn 0.745919 0.202976 0.634354
vn 0.281395 0.331515 0.900508
vn 0.399790 0.296989 0.867159
vn -0.109253 0.286280 0.951897
vn -0.151670 0.040432 0.987604
vn -0.026196 0.052872 0.998258
vn -0.016406 0.422006 0.906445
vn -0.303173 0.019561 0.952735
vn -0.228777 0.023350 0.973199
vn -0.204301 0.242526 0.948389
vn -0.422270 -0.022424 0.906193
vn -0.533165 -0.024217 0.845665
vn -0.667027 0.041693 0.743866
vn -0.999530 -0.030212 0.005187
vn -0.988781 0.010526 0.148999
vn -0.998894 -0.041900 -0.021326
vn -0.999336 -0.014410 -0.033473
vn -0.956178 0.010017 -0.292613
vn -0.969034 -0.001519 -0.246922
vn -0.932864 -0.008270 -0.360134
vn -0.970172 -0.049387 -0.237335
vn -0.937953 -0.018961 -0.346243
vn -0.791986 -0.172270 -0.585731
vn -0.793444 -0.138131 -0.592762
vn -0.662913 -0.158835 -0.731654
vn -0.676626 -0.026376 -0.735855
vn 0.525927 -0.080607 -0.846701
vn 0.408665 -0.033478 -0.912070
vn 0.607755 -0.170409 -0.775625
vn 0.803817 -0.159555 -0.573079
vn 0.842114 -0.159526 -0.515165
vn 0.859220 -0.150361 -0.489012
vn 0.860414 -0.250074 -0.444017
vn 0.905063 -0.138094 -0.402232
vn 0.936580 -0.212685 -0.278536
vn 0.960801 -0.148179 -0.234318
vn 0.961732 -0.138932 -0.236156
vn 0.957441 -0.213632 -0.194083
vn 0.899917 -0.282623 -0.332075
vn 0.934676 -0.157986 -0.318467
vn 0.891142 -0.023503 -0.453115
vn 0.961665 -0.178436 -0.208233
vn 0.955456 -0.255925 -0.146992
vn 0.965022 -0.005017 -0.262123
vn 0.982443 0.035014 -0.183249
vn -0.124635 0.766718 -0.629770
vn -0.495287 0.722167 -0.482872
vn -0.399189 0.836733 -0.374869
vn -0.383316 0.923615 0.001974
vn -0.066006 0.943588 0.324476
vn 0.143866 0.988914 -0.036779
vn 0.209998 0.974961 -0.073162
vn 0.194238 0.980219 -0.037978
vn 0.101991 0.992418 -0.068584
vn -0.742462 0.658054 -0.125360
vn -0.787939 0.488972 -0.374245
vn -0.409310 0.591704 -0.694516
vn 0.268823 0.948898 -0.165306
vn 0.356303 0.926440 0.121477
vn 0.498172 0.864911 -0.061266
vn 0.604236 0.794826 -0.056130
vn 0.640290 0.764179 -0.077835
vn 0.588969 0.800448 -0.111348
vn -0.792005 0.606769 -0.067525
vn -0.437794 0.897008 -0.060939
vn 0.081275 0.989988 -0.115404
vn -0.721945 0.674865 -0.152814
vn 0.147779 0.981122 -0.124741
vn 0.144886 0.980637 -0.131752
vn 0.204817 0.960407 -0.188859
vn 0.384042 0.790352 -0.477342
vn 0.237766 0.883303 -0.404034
vn 0.214623 0.908715 -0.358013
vn 0.257704 0.936159 -0.239155
vn 0.245059 0.957469 -0.152311
vn 0.187564 0.976080 -0.109944
vn 0.156087 0.985028 -0.073192
vn 0.137073 0.989906 -0.036030
vn 0.141248 0.989852 -0.015566
vn 0.178893 0.983666 0.019964
vn 0.157522 0.986838 -0.036570
vn 0.092113 0.986298 -0.136862
vn -0.699139 0.714040 -0.036757
vn -0.331926 0.942778 -0.031553
vn 0.046994 0.995192 -0.085931
vn -0.534300 0.844922 -0.025112
vn -0.071964 0.995709 -0.058187
vn 0.115545 0.989202 -0.090161
vn 0.123344 0.986238 -0.110092
vn 0.118552 0.983543 -0.136338
vn 0.121631 0.975532 -0.183147
vn -0.180439 0.968178 -0.173414
vn -0.574485 0.814532 -0.080652
vn -0.654047 0.753979 -0.061147
vn 0.386158 0.910657 -0.146921
vn 0.007060 0.997682 -0.067687
vn -0.021103 0.983284 -0.180853
vn 0.948637 -0.169374 -0.267210
vn 0.932337 -0.276561 -0.232942
vn 0.950300 -0.071004 -0.303130
vn 0.955899 0.103826 -0.274733
vn 0.905780 -0.291733 -0.307334
vn 0.947254 -0.207486 -0.244254
vn 0.941382 0.061782 -0.331638
vn 0.975695 -0.029222 -0.217175
vn 0.980805 0.168189 -0.098659
vn 0.998484 -0.011112 0.053904
vn 0.997915 -0.036148 0.053467
vn 0.993619 -0.066537 -0.091074
vn 0.923776 -0.332502 -0.189949
vn 0.966988 -0.199859 -0.158083
vn 0.935614 -0.346698 -0.066539
vn 0.976552 -0.199631 -0.080583
vn 0.936723 -0.336466 0.096646
vn 0.977495 -0.200617 0.065241
vn 0.955006 -0.296248 0.014153
vn 0.995211 -0.095831 -0.019268
vn 0.977982 -0.142524 -0.152442
vn 0.935770 -0.280102 -0.214190
vn 0.998218 -0.046101 -0.037894
vn 0.994005 -0.072301 -0.082019
vn 0.115123 0.980886 -0.156875
vn 0.156073 0.983694 -0.089370
vn 0.952581 -0.091770 -0.290118
vn -0.047347 0.872921 -0.485559
vn -0.080605 0.909180 -0.408529
vn -0.119089 0.990495 0.068833
vn -0.198096 0.932183 0.302973
vn -0.319671 0.939644 0.121981
vn -0.179888 0.981348 -0.067795
vn 0.028451 0.995391 -0.091579
vn 0.127165 0.987098 -0.097296
vn 0.150427 0.985195 -0.082237
vn -0.625600 0.769101 -0.130795
vn -0.295105 0.955004 -0.029687
vn 0.048862 0.997811 -0.044567
vn -0.455842 0.885461 -0.090369
vn -0.346001 0.935467 0.072012
vn -0.380211 0.877674 0.291768
vn -0.315719 0.918179 0.239310
vn -0.122831 0.989279 0.078991
vn 0.062545 0.997949 -0.013601
vn 0.118466 0.992405 -0.033133
vn 0.130989 0.991045 -0.025904
vn 0.118789 0.987718 -0.101501
vn 0.136026 0.988652 -0.063751
vn 0.114518 0.991264 -0.065431
vn 0.116995 0.992316 -0.040270
vn 0.124957 0.990381 -0.059420
vn -0.134801 0.990768 -0.014392
vn 0.085058 0.996241 -0.016396
vn -0.078691 0.995911 0.044384
vn 0.060411 0.998109 0.011331
vn 0.115718 0.992746 -0.032627
vn 0.104639 0.994409 -0.014180
vn 0.117022 0.992895 -0.021580
vn 0.114433 0.993413 -0.005969
vn 0.124871 0.992172 0.001217
vn 0.217729 -0.041063 -0.975145
vn 0.260014 0.285009 -0.922585
vn 0.187858 0.913967 -0.359687
vn 0.137268 0.987180 -0.081446
vn 0.203380 -0.056064 -0.977494
vn 0.117930 0.989190 -0.087156
vn 0.091131 0.991205 -0.095953
vn 0.057932 0.992161 -0.110729
vn 0.179599 0.973157 -0.143910
vn 0.192832 0.975938 -0.101791
vn 0.116806 0.987666 -0.104271
vn 0.137455 0.988323 -0.065760
vn -0.240601 -0.083496 -0.967026
vn -0.215326 -0.081592 -0.973128
vn -0.141946 0.215688 -0.966090
vn 0.053288 0.831546 -0.552894
vn 0.172035 0.978585 -0.113031
vn 0.130713 0.983491 -0.125138
vn 0.103515 0.986414 -0.127565
vn 0.063741 0.986331 -0.151951
vn -0.298611 -0.110858 -0.947915
vn -0.313357 -0.097703 -0.944596
vn -0.297622 0.038200 -0.953919
vn -0.130315 0.658687 -0.741046
vn -0.306275 -0.104678 -0.946170
vn -0.290651 -0.100198 -0.951568
vn -0.229732 0.127743 -0.964834
vn -0.019611 0.750720 -0.660330
vn 0.143625 0.981739 -0.124744
vn 0.153407 0.980655 -0.121581
vn 0.162743 0.982884 -0.086342
vn 0.083430 0.978692 -0.187618
vn -0.466000 -0.059582 -0.882776
vn -0.404190 0.201378 -0.892231
vn -0.129592 0.811223 -0.570195
vn -0.532421 -0.045437 -0.845259
vn -0.488728 0.250176 -0.835797
vn -0.195686 0.848977 -0.490862
vn 0.112753 0.948413 -0.296310
vn 0.171854 0.846136 -0.504500
vn 0.175422 0.855996 -0.486310
vn 0.105636 0.891197 -0.441144
vn 0.010421 0.930680 -0.365686
vn -0.605985 -0.045894 -0.794151
vn -0.548806 0.240095 -0.800729
vn -0.197047 0.843095 -0.500363
vn 0.066924 0.995384 -0.068786
vn 0.083709 0.994273 -0.066446
vn 0.121369 0.984188 -0.129012
vn 0.173650 0.947627 -0.268044
vn -0.651268 -0.037380 -0.757927
vn -0.600648 0.172712 -0.780636
vn -0.223874 0.783972 -0.579023
vn 0.130201 0.981171 -0.142659
vn 0.175715 0.968786 -0.174867
vn 0.136137 0.964531 -0.226159
vn 0.175651 0.965175 -0.193868
vn 0.097199 0.966545 -0.237366
vn -0.054175 0.975768 -0.211993
vn 0.048958 0.998192 -0.034857
vn -0.042794 0.998775 -0.024840
vn -0.124699 0.991998 -0.019778
vn -0.028383 0.995615 0.089141
vn -0.048231 0.997420 0.053162
vn -0.026593 0.999342 0.024663
vn -0.093876 0.995331 0.022452
vn -0.091454 0.995119 0.037072
vn -0.128206 0.989844 -0.061417
vn -0.137434 0.990211 0.024383
vn -0.132199 0.989813 0.052853
vn -0.121693 0.991875 0.037085
vn -0.135184 0.986726 0.089988
vn -0.098973 0.992945 0.065303
vn -0.085802 0.996195 0.015304
vn -0.063545 0.997128 0.041215
vn -0.012404 0.999713 0.020476
vn -0.020447 0.999745 0.009583
vn -0.978062 0.011145 -0.208017
vn -0.933057 0.298253 -0.201121
vn -0.332275 0.940505 -0.071017
vn -0.988986 0.045386 -0.140880
vn -0.942358 0.302899 -0.142174
vn -0.320384 0.946518 -0.038176
vn -0.100955 0.991057 0.087261
vn -0.080001 0.994815 0.062791
vn -0.009010 0.999766 0.019695
vn -0.046995 0.998348 0.033063
vn -0.418342 -0.036258 -0.907565
vn -0.990568 0.102868 -0.090517
vn -0.761918 0.317061 -0.564760
vn -0.089497 0.993842 0.065333
vn -0.055801 0.997620 0.040499
vn -0.030441 0.999461 0.012294
vn -0.011351 0.999803 0.016280
vn 0.025244 0.996266 0.082559
vn -0.752662 0.491204 0.438428
vn -0.890465 0.086842 0.446688
vn -0.214777 0.961146 0.173404
vn -0.822863 0.477323 0.308317
vn -0.958070 0.028575 0.285107
vn -0.153709 0.984074 0.089287
vn 0.023155 0.999373 0.026789
vn 0.018771 0.999813 0.004560
vn 0.012772 0.999897 -0.006534
vn 0.021650 0.999446 -0.025283
vn -0.000816 0.999709 -0.024106
vn -0.084704 0.995498 0.042543
vn -0.073097 0.996718 0.034786
vn -0.048918 0.997850 0.043612
vn -0.024718 0.999292 0.028367
vn -0.040839 0.998917 0.022317
vn -0.032177 0.999366 0.015230
vn -0.013800 0.999864 0.009040
vn -0.012078 0.999862 0.011377
vn -0.010386 0.999568 0.027512
vn -0.049209 0.885023 0.462940
vn -0.003422 0.895080 0.445892
vn 0.258043 0.903682 0.341721
vn 0.166793 0.925393 0.340336
vn 0.050674 0.956688 0.286670
vn 0.018957 0.948355 0.316643
vn -0.002963 0.949700 0.313149
vn 0.050985 0.993862 0.098180
vn 0.015780 0.995352 0.095005
vn 0.047349 0.995696 0.079676
vn -0.009088 0.997026 0.076526
vn -0.029450 0.997828 0.058920
vn -0.028415 0.995455 0.090891
vn -0.079390 0.991820 0.099956
vn -0.039332 0.997872 0.052014
vn -0.033997 0.996005 0.082573
vn -0.022006 0.994739 0.100050
vn -0.039978 0.051908 0.997851
vn 0.116015 0.041742 0.992370
vn 0.108555 0.046837 0.992986
vn 0.066263 0.483235 0.872980
vn -0.016770 0.960986 0.276088
vn 0.230479 0.033629 0.972496
vn 0.229234 0.028853 0.972944
vn 0.166940 0.431474 0.886545
vn -0.007344 0.957210 0.289301
vn -0.031007 0.994226 0.102731
vn -0.030951 0.996045 0.083287
vn -0.062215 0.994899 0.079406
vn -0.120958 0.980092 0.157442
vn -0.046194 0.993732 0.101795
vn -0.065099 0.993113 0.097415
vn -0.087794 0.989684 0.113218
vn -0.069914 0.977915 0.196965
vn -0.053074 0.985664 0.160154
vn -0.069432 0.990579 0.118039
vn -0.068106 0.991373 0.111987
vn -0.055976 0.992357 0.109973
vn 0.411247 0.819619 0.398874
vn 0.800869 0.125909 0.585454
vn 0.678953 0.555090 0.480518
vn 0.570516 0.802544 0.174454
vn 0.662714 0.479793 -0.574986
vn 0.762514 0.058718 0.644302
vn 0.828958 -0.006418 0.559274
vn 0.808918 -0.007793 0.587870
vn 0.806660 -0.052445 0.588684
vn 0.816755 0.128645 0.562461
vn 0.318645 0.877013 0.359602
vn -0.067716 0.988603 0.134456
vn -0.061872 0.988393 0.138746
vn -0.021093 0.986234 0.164003
vn 0.502038 0.025703 0.864464
vn 0.513391 0.022563 0.857858
vn 0.465231 0.329841 0.821441
vn 0.038598 0.963383 0.265335
vn -0.044383 0.991505 0.122263
vn -0.061492 0.990550 0.122595
vn -0.074829 0.987681 0.137433
vn -0.084031 0.981184 0.173830
vn -0.067164 0.987136 0.145090
vn -0.064830 0.989143 0.131887
vn -0.068515 0.987510 0.141880
vn -0.061747 0.987457 0.145315
vn -0.055529 0.988991 0.137159
vn -0.059766 0.987376 0.146687
vn -0.035664 0.987941 0.150666
vn 0.605316 0.019514 0.795746
vn 0.594866 0.026006 0.803404
vn 0.528014 0.325849 0.784235
vn 0.072192 0.951005 0.300630
vn -0.051590 0.986968 0.152423
vn 0.877748 0.165767 -0.449533
vn 0.439388 -0.003356 -0.898291
vn 0.799811 -0.243592 -0.548604
vn 0.688547 -0.220860 -0.690742
vn 0.833307 -0.227003 -0.504053
vn 0.761630 -0.307158 -0.570591
vn 0.948461 -0.128226 -0.289794
vn 0.991455 -0.112894 -0.065366
vn 0.997682 -0.066733 -0.013316
vn 0.991558 -0.069231 -0.109633
vn -0.647632 0.133873 0.750100
vn -0.808731 0.021425 0.587788
vn -0.728182 0.233787 0.644279
vn -0.952094 0.174161 0.251365
vn -0.946276 0.050220 0.319436
vn -0.825751 -0.001622 0.564032
vn 0.744962 0.009700 0.667036
vn 0.835386 -0.029124 0.548891
vn 0.893512 -0.294830 -0.338691
vn 0.966684 -0.252999 -0.038893
vn 0.924139 -0.377410 0.059403
vn 0.929869 -0.332569 0.157298
vn 0.804946 -0.317569 0.501210
vn 0.851760 -0.228577 0.471443
vn 0.736113 -0.234654 0.634882
vn 0.825560 -0.094797 0.556295
vn 0.919683 -0.383522 -0.084233
vn 0.824931 -0.372955 0.424728
vn 0.684166 -0.322203 0.654295
vn 0.695398 -0.273233 0.664654
vn 0.593681 -0.693008 0.409003
vn 0.285400 -0.199332 0.937451
vn 0.234335 0.318341 0.918557
vn 0.040961 -0.532870 0.845205
vn 0.360312 0.378658 0.852522
vn 0.533110 -0.845291 -0.035729
vn 0.973769 -0.092205 0.208018
vn 0.182826 0.248357 0.951259
vn 0.401072 0.123218 0.907722
vn 0.380095 0.164432 0.910214
vn 0.902081 -0.358223 -0.240677
vn 0.878706 -0.364149 0.308660
vn 0.726622 -0.301028 0.617577
vn 0.521849 -0.081213 0.849163
vn 0.206253 0.188355 0.960199
vn 0.848943 -0.349134 -0.396738
vn 0.898276 -0.368868 0.238823
vn 0.748022 -0.397809 0.531235
vn 0.348672 -0.223663 0.910167
vn -0.088999 0.061882 0.994108
vn -0.252719 0.337347 0.906824
vn 0.153044 -0.106271 0.982489
vn 0.781882 -0.340017 0.522541
vn 0.925442 -0.325070 0.194644
vn 0.839068 -0.295357 -0.456868
vn 0.213973 -0.128407 -0.968363
vn -0.461481 0.260466 -0.848052
vn -0.722910 0.588750 -0.361626
vn -0.642202 0.766287 0.019535
vn -0.547476 0.759168 0.352043
vn -0.498445 0.784728 0.368448
vn -0.340002 0.564400 0.752231
vn 0.965541 -0.096440 0.241723
vn 0.821136 -0.020764 0.570354
vn 0.846359 -0.144547 -0.512623
vn 0.235112 0.132492 -0.962896
vn -0.295587 0.474400 -0.829200
vn -0.443351 0.800320 -0.403644
vn -0.383659 0.922700 0.037834
vn -0.180739 0.871868 0.455170
vn -0.023314 0.635184 0.772009
vn 0.862383 0.356628 -0.359322
vn 0.935369 0.284543 0.210046
vn 0.203885 0.726828 -0.655860
vn 0.239006 0.971017 0.001331
vn 0.450760 0.759806 0.468518
vn 0.684098 0.458701 0.567101
vn 0.309503 0.196035 0.930472
vn 0.880754 -0.039167 0.471951
vn 0.919434 -0.133465 0.369904
vn 0.955957 -0.193944 0.220301
vn 0.978459 -0.158211 0.132614
vn 0.994203 -0.094746 0.050833
vn 0.997346 -0.072425 -0.007481
vn 0.834482 -0.000234 0.551035
vn 0.734699 0.019195 0.678121
vn -0.830006 0.016099 0.557522
vn -0.746395 0.102013 0.657638
vn -0.819283 0.143294 0.555195
vn -0.947749 0.102161 0.302218
vn -0.919671 0.012350 0.392495
vn -0.829981 -0.012938 0.557642
vn 0.990895 -0.069987 -0.115014
vn -0.835355 0.021496 0.549291
vn -0.805096 0.063299 0.589758
vn -0.834341 0.023679 0.550739
vn -0.854970 0.042980 0.516894
vn -0.868758 0.050499 0.492655
vn -0.838603 0.033382 0.543720
vn -0.840594 0.017310 0.541390
vn -0.304597 -0.071489 -0.949795
vn -0.352556 -0.047037 -0.934608
vn -0.332806 -0.078843 -0.939694
vn -0.335030 -0.090106 -0.937889
vn -0.185746 -0.049378 -0.981356
vn -0.222119 -0.025019 -0.974699
vn 0.991834 -0.065120 -0.109661
vn 0.997592 -0.067651 0.015313
vn 0.992330 -0.068433 0.102952
vn 0.982248 -0.067000 0.175214
vn 0.961127 -0.076392 0.265327
vn 0.938947 -0.061898 0.338449
vn 0.901528 -0.018173 0.432339
vn 0.840284 -0.014105 0.541962
vn 0.739628 0.002034 0.673013
vn -0.062098 -0.017577 -0.997915
vn -0.103703 -0.001276 -0.994608
vn -0.264384 -0.006934 -0.964392
vn -0.420027 -0.024812 -0.907172
vn -0.329902 -0.078829 -0.940718
vn -0.180707 0.014596 -0.983429
vn -0.326496 0.006384 -0.945177
vn -0.507794 -0.014593 -0.861355
vn -0.333605 -0.092256 -0.938188
vn -0.124013 -0.065814 -0.990096
vn -0.017494 -0.086083 -0.996134
vn 0.107495 -0.117880 0.987193
vn 0.140571 -0.250896 0.957753
vn 0.620780 -0.254735 0.741446
vn 0.728590 -0.162770 0.665329
vn -0.136284 0.039779 0.989871
vn 0.043017 -0.046981 0.997969
vn 0.630691 -0.067661 0.773079
vn 0.833088 -0.058907 0.549995
vn 0.106413 0.177888 0.978280
vn 0.764996 0.094592 0.637051
vn -0.233191 0.207609 0.950011
vn 0.913633 0.039511 0.404615
vn 0.374177 0.099073 0.922050
vn 0.426686 0.059603 0.902434
vn 0.477090 0.034141 0.878191
vn 0.302896 0.064322 0.950851
vn 0.352177 0.075913 0.932850
vn 0.216483 0.062227 0.974301
vn 0.089288 0.348010 0.933229
vn 0.741764 0.267328 0.615079
vn 0.669551 0.247640 0.700269
vn 0.149409 0.309792 0.938992
vn -0.215820 0.261931 0.940646
vn -0.017979 0.153670 0.987959
vn 0.867417 0.125133 0.481591
vn 0.721571 0.104215 0.684452
vn 0.197571 0.140618 0.970151
vn 0.446783 0.025093 0.894290
vn 0.282338 0.077773 0.956157
vn 0.228811 0.056047 0.971856
vn 0.574838 0.184955 0.797091
vn 0.224527 0.236883 0.945238
vn 0.122131 0.131418 0.983775
vn 0.572813 0.074813 0.816265
vn 0.476493 0.014897 0.879052
vn 0.175096 0.041190 0.983689
vn -0.966587 -0.205570 -0.153136
vn -0.996832 -0.078119 -0.014940
vn -0.979907 -0.039315 0.195540
vn -0.946299 -0.170948 0.274399
vn -0.993932 0.011189 0.109429
vn -0.994132 0.024156 0.105438
vn -0.996852 0.008392 0.078842
vn -0.983402 0.029761 0.178980
vn -0.981234 0.020920 0.191684
vn -0.998276 0.010185 0.057806
vn -0.982488 0.034990 0.183014
vn -0.998984 0.018564 0.041077
vn -0.983561 0.041048 0.175851
vn -0.999021 0.027994 0.034264
vn -0.996921 -0.035102 0.070115
vn -0.981049 0.013684 0.193277
vn -0.954535 0.073592 0.288872
vn -0.928375 0.074240 0.364154
vn -0.930917 0.055362 0.361010
vn -0.931703 0.064547 0.357441
vn -0.932480 0.068418 0.354684
vn -0.988437 0.024917 0.149575
vn -0.951558 -0.001429 0.307466
vn -0.996209 0.036563 0.078941
vn -0.999243 0.024059 0.030561
vn -0.998406 0.019066 -0.053127
vn -0.996802 0.018186 -0.077819
vn -0.995682 0.020678 -0.090500
vn -0.655244 -0.519278 -0.548640
vn -0.652878 0.012530 -0.757360
vn 0.279642 -0.003661 -0.960097
vn 0.326371 -0.525097 -0.785974
vn 0.744697 -0.029165 -0.666765
vn 0.744596 -0.324374 -0.583403
vn -0.923002 -0.366838 -0.116178
vn -0.983434 -0.039365 -0.176942
vn 0.232885 0.367241 -0.900499
vn -0.542390 0.444178 -0.713105
vn 0.667043 0.251135 -0.701416
vn -0.939773 0.251943 -0.230978
vn -0.380715 -0.850814 -0.362176
vn -0.803748 -0.527259 -0.275657
vn 0.333919 -0.779662 -0.529741
vn 0.660301 -0.486509 -0.572111
vn 0.352726 -0.173851 -0.919435
vn 0.576663 -0.151337 -0.802843
vn 0.663097 -0.028537 -0.747989
vn 0.610601 0.117088 -0.783235
vn -0.782374 -0.151692 -0.604053
vn -0.945902 -0.222985 -0.235684
vn -0.987045 -0.078429 -0.139969
vn -0.974100 0.150776 -0.168512
vn -0.836887 0.443078 -0.321408
vn -0.907451 0.265979 -0.325249
vn -0.463883 0.636756 -0.615917
vn 0.036659 0.616713 -0.786334
vn 0.437240 0.435279 -0.786990
vn 0.475934 0.173493 -0.862199
vn 0.507550 -0.357733 -0.783850
vn 0.239634 -0.442623 -0.864095
vn 0.206515 -0.098975 -0.973425
vn -0.327627 -0.467601 -0.820981
vn -0.779744 -0.287179 -0.556353
vn -0.620124 -0.039732 -0.783497
vn -0.434172 0.036276 -0.900099
vn -0.537514 0.004618 -0.843242
vn -0.647703 0.018701 -0.761664
vn -0.620018 0.076080 -0.780890
vn -0.578357 0.080321 -0.811820
vn -0.361508 0.036974 -0.931635
vn -0.114727 0.033738 -0.992824
vn -0.105119 0.035357 -0.993831
vn -0.133882 0.037263 -0.990297
vn -0.053950 0.000873 -0.998543
vn -0.049605 -0.029748 -0.998326
vn -0.129766 0.024828 -0.991234
vn -0.238598 0.020463 -0.970903
vn -0.282421 0.019353 -0.959095
vn -0.175750 0.043592 -0.983469
vn -0.150570 0.051783 -0.987242
vn -0.098608 0.031129 -0.994639
vn -0.250180 0.031599 -0.967683
vn -0.572259 0.054625 -0.818251
vn -0.551506 0.060014 -0.832009
vn -0.586064 0.047501 -0.808871
vn -0.577538 -0.017221 -0.816182
vn -0.591051 0.021143 -0.806357
vn -0.525047 0.062315 -0.848789
vn 0.097501 -0.115059 -0.988562
vn -0.319746 -0.164862 -0.933050
vn -0.223254 0.020340 -0.974548
vn -0.236125 0.005739 -0.971706
vn -0.503685 0.048898 -0.862502
vn -0.643827 0.117071 -0.756163
vn -0.817601 0.297087 -0.493221
vn 0.267306 0.164151 -0.949527
vn -0.061457 0.009655 -0.998063
vn -0.716074 0.259601 -0.647955
vn -0.581424 0.103111 -0.807041
vn -0.141200 -0.029946 -0.989528
vn 0.149571 0.094251 -0.984249
vn -0.644135 0.138272 -0.752310
vn -0.479799 0.031795 -0.876802
vn -0.717370 0.409576 -0.563585
vn 0.260441 0.307328 -0.915270
vn -0.360027 0.466997 -0.807648
vn -0.033490 0.442628 -0.896080
vn -0.589252 0.346929 -0.729673
vn -0.192207 0.322938 -0.926697
vn -0.207353 0.269559 -0.940395
vn -0.269361 0.168704 -0.948147
vn -0.106472 -0.044468 -0.993321
vn -0.120424 -0.046479 -0.991634
vn -0.084164 -0.069646 -0.994015
vn -0.550994 -0.049055 -0.833066
vn -0.529998 -0.066877 -0.845357
vn 0.499543 -0.123609 0.857425
vn 0.232279 -0.131475 0.963722
vn 0.288785 -0.048999 0.956139
vn 0.407202 -0.037065 0.912586
vn 0.209803 -0.027347 0.977361
vn 0.305322 -0.000888 0.952249
vn 0.428635 -0.009655 0.903426
vn 0.322552 0.020387 0.946332
vn 0.512565 0.027410 0.858211
vn 0.536620 0.029308 0.843315
vn 0.158893 0.058210 0.985578
vn 0.125709 0.052713 0.990666
vn 0.555138 0.030207 0.831210
vn 0.375550 0.023467 0.926505
vn 0.322406 -0.002793 0.946597
vn 0.348504 0.000497 0.937307
vn 0.264204 0.039748 0.963648
vn 0.102364 0.059452 0.992969
vn -0.721584 0.034489 -0.691468
vn -0.701758 0.037965 -0.711403
vn -0.733264 0.026212 -0.679438
vn -0.736475 -0.009763 -0.676394
vn -0.738444 0.010101 -0.674239
vn -0.675438 0.043365 -0.736141
vn -0.729082 -0.032304 -0.683664
vn -0.022198 0.070059 0.997296
vn -0.020457 0.070206 0.997323
vn -0.036865 0.067807 0.997017
vn -0.033318 0.064930 0.997334
vn -0.031053 0.056349 0.997928
vn -0.030348 0.047944 0.998389
vn -0.053854 0.062678 0.996580
vn -0.075305 0.059898 0.995360
vn -0.067469 0.059983 0.995917
vn 0.427397 0.120357 0.896017
vn 0.339731 0.141654 0.929794
vn 0.214483 0.094166 0.972178
vn 0.414355 0.038774 0.909289
vn 0.459493 -0.012979 0.888087
vn 0.164056 0.016580 0.986312
vn -0.014359 0.029618 0.999458
vn 0.976274 -0.090884 -0.196545
vn 0.960696 -0.096181 -0.260407
vn 0.907932 -0.100742 -0.406830
vn 0.781109 -0.114358 -0.613834
vn 0.589608 -0.107056 -0.800563
vn 0.404366 -0.066756 -0.912158
vn -0.151300 -0.065069 -0.986344
vn -0.269307 -0.086632 -0.959150
vn -0.326461 -0.106379 -0.939205
vn 0.006620 -0.049288 -0.998763
vn -0.024156 -0.037663 -0.998999
vn -0.257860 -0.001265 -0.966182
vn -0.486627 0.032428 -0.873008
vn -0.468978 0.015563 -0.883073
vn -0.200559 -0.068044 -0.977316
vn -0.268494 -0.027067 -0.962901
vn -0.452912 -0.006515 -0.891531
vn -0.249091 -0.088231 -0.964453
vn -0.276940 -0.061297 -0.958930
vn -0.440043 -0.033395 -0.897356
vn -0.279751 -0.111911 -0.953528
vn -0.291103 -0.086740 -0.952752
vn -0.431276 -0.053458 -0.900635
vn -0.559652 -0.036612 -0.827918
vn -0.653693 0.041042 -0.755646
vn -0.638052 0.025736 -0.769563
vn -0.620464 0.009844 -0.784173
vn -0.601298 -0.003835 -0.799016
vn -0.585027 -0.017134 -0.810833
vn -0.575263 -0.023880 -0.817620
vn -0.706428 -0.032316 -0.707047
vn -0.873060 -0.018100 -0.487277
vn -0.954044 0.016072 -0.299236
vn -0.990973 0.014571 -0.133271
vn -0.999867 -0.004885 -0.015552
vn -0.991376 0.005982 0.130909
vn -0.925212 0.001437 0.379449
vn 0.350274 0.022612 0.936374
vn 0.318807 0.021104 0.947585
vn 0.582251 0.028704 0.812502
vn 0.428453 0.037390 0.902790
vn 0.230702 0.042443 0.972098
vn 0.096050 0.052706 0.993980
vn -0.079561 0.053853 0.995374
vn 0.374776 0.028006 0.926692
vn 0.312720 0.025776 0.949495
vn 0.602635 0.034623 0.797265
vn 0.466262 0.037584 0.883848
vn 0.221683 0.033112 0.974557
vn 0.096975 0.042802 0.994366
vn -0.077048 0.053197 0.995607
vn 0.395245 0.028300 0.918140
vn 0.315926 0.028053 0.948369
vn 0.616084 0.029160 0.787141
vn 0.490640 0.033743 0.870709
vn 0.225235 0.036073 0.973637
vn 0.103488 0.044685 0.993626
vn -0.062704 0.055138 0.996508
vn -0.386798 0.019309 0.921962
vn -0.207106 0.047817 0.977149
vn 0.976696 -0.077048 -0.200322
vn 0.961402 -0.081296 -0.262865
vn 0.911671 -0.084698 -0.402097
vn 0.793189 -0.088722 -0.602478
vn 0.616212 -0.082389 -0.783259
vn 0.411653 -0.064730 -0.909039
vn 0.201029 -0.050015 -0.978308
vn -0.726036 0.000138 -0.687657
vn -0.875591 0.015738 -0.482797
vn -0.955871 0.020443 -0.293074
vn -0.990224 0.022026 -0.137736
vn -0.999661 0.022580 -0.012952
vn -0.989521 0.014638 0.143643
vn -0.937869 0.003418 0.346971
vn -0.628253 0.011562 0.777924
vn -0.434263 0.036463 0.900048
vn -0.246424 0.052548 0.967736
vn -0.659063 0.004817 0.752072
vn -0.466852 0.032821 0.883726
vn -0.275113 0.051681 0.960022
vn -0.683999 0.016483 0.729297
vn -0.490387 0.039435 0.870612
vn -0.288541 0.054242 0.955930
vn -0.700057 0.026828 0.713583
vn -0.508580 0.043114 0.859935
vn -0.294416 0.054380 0.954129
vn 0.977160 -0.067183 -0.201608
vn 0.962279 -0.067901 -0.263454
vn 0.911829 -0.080261 -0.402648
vn 0.793345 -0.092844 -0.601651
vn 0.621778 -0.089278 -0.778088
vn 0.416145 -0.069566 -0.906633
vn 0.189881 -0.046461 -0.980707
vn 0.978834 -0.061260 -0.195271
vn 0.962295 -0.063291 -0.264544
vn 0.910389 -0.078000 -0.406334
vn 0.790660 -0.092098 -0.605289
vn 0.621103 -0.091322 -0.778390
vn 0.403804 -0.073783 -0.911865
vn 0.165855 -0.043106 -0.985208
vn -0.742579 0.000301 -0.669758
vn -0.886129 0.013357 -0.463247
vn -0.959491 0.012899 -0.281443
vn -0.990468 0.014947 -0.136931
vn -0.999809 0.018164 -0.007216
vn -0.986059 0.002720 0.166374
vn -0.934431 -0.005696 0.356099
vn -0.759056 0.002032 -0.651022
vn -0.896121 0.011541 -0.443661
vn -0.963501 0.012155 -0.267430
vn -0.990540 0.010693 -0.136806
vn -0.999913 0.012978 -0.002225
vn -0.981329 0.006488 0.192227
vn -0.913848 0.005945 0.406013
vn -0.999858 0.016832 -0.000191
vn -0.988514 0.021057 0.149655
vn -0.987132 0.018014 0.158891
vn -0.999863 0.015815 -0.004811
vn -0.955880 0.035872 0.291559
vn -0.940701 0.033048 0.337624
vn -0.991782 0.019559 -0.126438
vn -0.990834 0.017783 -0.133908
vn -0.990681 0.010078 -0.135829
vn -0.999922 0.011929 -0.003593
vn -0.983331 0.009963 0.181550
vn -0.927445 0.013286 0.373723
vn -0.774594 0.009994 -0.632380
vn -0.904162 0.015393 -0.426913
vn -0.967165 0.013026 -0.253817
vn -0.791159 0.019663 -0.611294
vn -0.911851 0.017529 -0.410147
vn -0.969966 0.018873 -0.242506
vn -0.992730 0.025179 -0.117703
vn -0.999573 0.026532 0.012243
vn -0.982317 0.027719 0.185162
vn -0.912343 0.042865 0.407176
vn -0.993171 0.030452 -0.112623
vn -0.999369 0.030169 0.018770
vn -0.981889 0.037444 0.185719
vn -0.921303 0.045835 0.386135
vn -0.808959 0.031021 -0.587046
vn -0.918566 0.021004 -0.394709
vn -0.971561 0.021597 -0.235804
vn -0.826654 0.027162 -0.562055
vn -0.924973 0.019189 -0.379547
vn -0.972589 0.021344 -0.231551
vn -0.993620 0.028413 -0.109148
vn -0.999437 0.027082 0.019817
vn -0.986383 0.035426 0.160607
vn -0.931157 0.051141 0.361014
vn -0.993919 0.031196 -0.105601
vn -0.999193 0.034196 0.021080
vn -0.989615 0.038707 0.138432
vn -0.961558 0.047563 0.270452
vn -0.994692 0.027674 -0.099106
vn -0.998910 0.037222 0.028155
vn -0.986574 0.044331 0.157181
vn -0.936641 0.065058 0.344196
vn -0.840201 0.021674 -0.541842
vn -0.929143 0.020402 -0.369156
vn -0.972881 0.026436 -0.229790
vn -0.848606 0.023226 -0.528515
vn -0.931330 0.023659 -0.363407
vn -0.973460 0.026781 -0.227283
vn -0.853134 0.018515 -0.521363
vn -0.932573 0.022267 -0.360294
vn -0.974302 0.027771 -0.223526
vn -0.854112 0.008799 -0.520015
vn -0.933143 0.015582 -0.359166
vn -0.975132 0.022980 -0.220430
vn -0.851394 -0.004027 -0.524511
vn -0.932622 0.007661 -0.360773
vn -0.975922 0.016611 -0.217485
vn -0.845794 -0.019789 -0.533142
vn -0.929842 -0.000206 -0.367959
vn -0.976623 0.015797 -0.214380
vn -0.720655 -0.049311 -0.691538
vn -0.838473 -0.030690 -0.544079
vn -0.923845 -0.006972 -0.382703
vn -0.975084 0.015798 -0.221274
vn 0.993046 -0.067664 -0.096339
vn 0.980133 -0.063619 -0.187861
vn 0.749108 0.010080 0.662371
vn 0.896937 -0.021514 0.441635
vn 0.972262 -0.048816 0.228743
vn 0.996978 -0.062087 0.046686
vn 0.993802 -0.071763 -0.084895
vn 0.981692 -0.062666 -0.179871
vn 0.746371 0.019962 0.665231
vn 0.893580 -0.008922 0.448816
vn 0.968322 -0.041509 0.246232
vn 0.995980 -0.066594 0.059914
vn 0.742405 0.017270 0.669729
vn 0.888372 -0.017330 0.458798
vn 0.965955 -0.047817 0.254252
vn 0.995292 -0.069728 0.067315
vn 0.740889 0.016539 0.671424
vn 0.882948 -0.021596 0.468975
vn 0.963766 -0.047259 0.262528
vn 0.995191 -0.062642 0.075301
vn 0.731310 0.005916 0.682020
vn 0.869228 -0.027526 0.493644
vn 0.959796 -0.046658 0.276794
vn 0.994506 -0.059319 0.086254
vn 0.697740 0.004937 0.716334
vn 0.850547 -0.021051 0.525478
vn 0.955108 -0.042908 0.293135
vn 0.993571 -0.055601 0.098614
vn 0.701386 -0.007600 0.712741
vn 0.842958 -0.017134 0.537707
vn 0.947174 -0.036054 0.318687
vn 0.992325 -0.053384 0.111537
vn 0.961173 -0.062470 -0.268784
vn 0.905520 -0.073408 -0.417906
vn 0.783474 -0.085788 -0.615474
vn 0.611960 -0.085805 -0.786220
vn 0.380572 -0.066342 -0.922369
vn 0.127058 -0.026609 -0.991538
vn -0.280020 0.060839 0.958065
vn -0.269292 0.050812 0.961717
vn -0.854306 0.027305 0.519054
vn -0.847530 0.047609 0.528608
vn -0.835182 0.045621 0.548079
vn -0.715101 0.035847 0.698101
vn -0.521910 0.042498 0.851941
vn -0.299944 0.054630 0.952392
vn -0.873192 0.044572 0.485334
vn -0.849493 0.058787 0.524314
vn -0.831417 0.060489 0.552347
vn -0.726585 0.047294 0.685447
vn -0.531056 0.048506 0.845948
vn -0.303480 0.056039 0.951189
vn -0.859569 0.052488 0.508317
vn -0.868522 0.057011 0.492361
vn -0.879563 0.075917 0.469686
vn -0.874459 0.089668 0.476741
vn -0.872576 0.084948 0.481035
vn -0.873016 0.083432 0.480503
vn -0.805430 0.086642 0.586324
vn -0.817732 0.088969 0.568681
vn -0.873849 0.082922 0.479074
vn -0.691512 0.075061 0.718455
vn -0.706453 0.078199 0.703427
vn -0.511536 0.064380 0.856847
vn -0.520774 0.069824 0.850834
vn -0.295973 0.063989 0.953051
vn -0.293817 0.065112 0.953641
vn -0.299770 0.059907 0.952129
vn -0.293974 0.064600 0.953628
vn -0.288594 0.066832 0.955116
vn -0.540312 0.062617 0.839132
vn -0.540929 0.066720 0.838418
vn -0.536298 0.057180 0.842089
vn -0.535940 0.069661 0.841377
vn -0.529388 0.073323 0.845205
vn -0.739788 0.067669 0.669428
vn -0.740437 0.073906 0.668050
vn -0.734412 0.060619 0.675991
vn -0.731039 0.079391 0.677701
vn -0.719013 0.081188 0.690238
vn -0.825595 0.088014 0.557356
vn -0.832661 0.063351 0.550148
vn -0.833335 0.089610 0.545456
vn -0.837874 0.067949 0.541618
vn -0.840081 0.081916 0.536241
vn 0.994792 -0.071378 -0.072761
vn 0.983572 -0.060304 -0.170148
vn 0.996003 -0.063819 -0.062486
vn 0.985261 -0.056130 -0.161588
vn 0.996913 -0.059154 -0.051635
vn 0.986522 -0.053074 -0.154780
vn 0.997740 -0.055644 -0.037674
vn 0.987765 -0.052031 -0.147016
vn 0.998128 -0.055383 -0.025967
vn 0.989388 -0.053245 -0.135187
vn 0.149664 -0.025713 -0.988403
vn 0.154129 -0.026700 -0.987690
vn 0.187406 -0.048424 -0.981088
vn 0.181811 -0.064745 -0.981200
vn 0.172406 -0.079878 -0.981782
vn 0.175552 -0.096900 -0.979690
vn 0.959356 -0.059911 -0.275767
vn 0.897164 -0.071247 -0.435913
vn 0.773019 -0.083736 -0.628832
vn 0.601825 -0.082822 -0.794322
vn 0.374855 -0.060816 -0.925087
vn 0.957765 -0.057545 -0.281734
vn 0.888145 -0.068970 -0.454358
vn 0.761792 -0.081046 -0.642732
vn 0.592850 -0.081382 -0.801191
vn 0.369493 -0.062827 -0.927107
vn 0.955571 -0.056665 -0.289262
vn 0.879928 -0.069681 -0.469970
vn 0.753026 -0.081949 -0.652868
vn 0.587837 -0.083746 -0.804633
vn 0.381261 -0.067457 -0.922003
vn 0.953705 -0.058940 -0.294911
vn 0.874485 -0.075579 -0.479128
vn 0.747874 -0.087038 -0.658110
vn 0.585760 -0.086956 -0.805806
vn 0.390673 -0.077492 -0.917262
vn 0.953665 -0.060709 -0.294681
vn 0.871757 -0.077224 -0.483814
vn 0.745840 -0.090160 -0.659996
vn 0.584656 -0.093224 -0.805908
vn 0.389471 -0.088405 -0.916786
vn 0.955001 -0.060771 -0.290309
vn 0.872412 -0.081016 -0.482011
vn 0.745717 -0.095340 -0.659406
vn 0.584919 -0.099842 -0.804923
vn 0.389982 -0.100308 -0.915343
vn 0.990889 -0.123857 -0.052899
vn 0.998266 0.057551 -0.012353
vn 0.997103 -0.042614 0.063003
vn 0.992684 -0.090748 0.079646
vn 0.984089 -0.093266 -0.151227
vn 0.970700 -0.018079 -0.239615
vn 0.980851 0.192033 0.032478
vn 0.998513 0.014784 0.052480
vn 0.970399 0.054234 -0.235341
vn 0.993852 -0.104453 -0.036720
vn 0.988619 -0.149157 -0.019633
vn 0.994873 -0.089608 -0.046887
vn 0.991883 -0.064494 -0.109587
vn 0.996347 -0.079987 -0.029917
vn 0.997188 -0.068064 0.031372
vn 0.997208 -0.056971 0.048282
vn 0.988752 -0.058568 0.137622
vn 0.982359 -0.052570 0.179465
vn 0.978588 -0.052820 0.198938
vn 0.976157 -0.061221 0.208256
vn 0.972555 -0.052027 0.226783
vn 0.923769 -0.042896 0.380541
vn 0.825244 -0.034337 0.563732
vn 0.663025 -0.032104 0.747908
vn 0.251303 0.043036 0.966951
vn 0.397961 0.032267 0.916835
vn 0.604237 -0.023556 0.796456
vn 0.809436 -0.040226 0.585829
vn 0.919622 -0.052687 0.389255
vn 0.924536 -0.050033 0.377796
vn 0.807009 -0.040454 0.589152
vn 0.596268 -0.006134 0.802762
vn 0.408444 0.024487 0.912455
vn 0.254053 0.034795 0.966564
vn 0.022833 0.029074 0.999316
vn 0.033561 0.037878 0.998719
vn -0.254144 0.048456 0.965952
vn -0.249163 0.049233 0.967210
vn -0.502555 0.061361 0.862365
vn -0.502560 0.059977 0.862459
vn -0.681373 0.071750 0.728411
vn -0.686863 0.067830 0.723615
vn -0.791461 0.078305 0.606182
vn -0.801886 0.077831 0.592387
vn -0.854364 0.083887 0.512860
vn -0.876879 0.093875 0.471456
vn -0.891527 0.085887 0.444750
vn -0.913468 0.055210 0.403147
vn -0.928344 0.043569 0.369159
vn 0.242604 0.036024 0.969456
vn 0.406947 0.017668 0.913281
vn 0.229724 0.039117 0.972470
vn 0.409807 0.017167 0.912010
vn 0.214322 0.033872 0.976176
vn 0.408005 0.018173 0.912799
vn 0.930460 -0.050476 0.362901
vn 0.813316 -0.044178 0.580143
vn 0.605768 -0.015831 0.795484
vn 0.939419 -0.058823 0.337687
vn 0.827613 -0.050095 0.559059
vn 0.617439 -0.018877 0.786392
vn 0.961883 -0.051575 0.268554
vn 0.857009 -0.046209 0.513226
vn 0.635437 -0.015128 0.772005
vn 0.026401 0.039295 0.998879
vn -0.252305 0.048763 0.966418
vn -0.507164 0.060258 0.859741
vn -0.697235 0.072569 0.713160
vn -0.813790 0.081961 0.575351
vn 0.020192 0.042484 0.998893
vn -0.247147 0.047605 0.967808
vn -0.508065 0.057644 0.859388
vn -0.702206 0.072711 0.708252
vn -0.824847 0.075975 0.560228
vn 0.012392 0.040007 0.999123
vn -0.252845 0.054242 0.965985
vn -0.513886 0.064180 0.855454
vn -0.701780 0.074424 0.708496
vn -0.832944 0.076854 0.547994
vn -0.999701 0.002006 -0.024363
vn -0.996175 0.013882 -0.086273
vn -0.993110 0.023939 -0.114718
vn -0.991236 0.015873 -0.131149
vn -0.988491 0.018049 -0.150200
vn -0.964649 0.005277 -0.263486
vn -0.962943 0.000122 -0.269706
vn -0.964675 0.006835 -0.263353
vn -0.966758 0.000014 -0.255693
vn -0.972126 -0.007420 -0.234340
vn -0.211627 -0.067907 -0.974989
vn -0.516962 -0.083334 -0.851942
vn -0.241179 -0.085247 -0.966730
vn -0.501009 -0.091541 -0.860587
vn -0.269939 -0.091548 -0.958516
vn -0.474753 -0.093646 -0.875123
vn -0.281536 -0.087570 -0.955547
vn -0.449583 -0.091329 -0.888557
vn -0.296249 -0.078783 -0.951856
vn -0.441372 -0.082160 -0.893555
vn -0.708860 -0.062031 -0.702616
vn -0.829485 -0.037287 -0.557283
vn -0.914926 -0.015136 -0.403339
vn -0.693712 -0.066939 -0.717135
vn -0.821782 -0.041061 -0.568321
vn -0.910438 -0.019593 -0.413180
vn -0.676768 -0.068768 -0.732977
vn -0.814666 -0.041303 -0.578458
vn -0.908082 -0.016739 -0.418457
vn -0.652697 -0.070366 -0.754345
vn -0.804157 -0.041383 -0.592975
vn -0.906646 -0.018651 -0.421481
vn -0.636867 -0.065534 -0.768183
vn -0.796962 -0.039193 -0.602757
vn -0.909093 -0.021450 -0.416040
vn 0.182090 -0.109156 -0.977204
vn -0.051162 -0.097732 -0.993897
vn 0.185121 -0.113024 -0.976195
vn -0.028216 -0.112196 -0.993285
vn 0.178536 -0.114378 -0.977263
vn -0.026806 -0.116526 -0.992826
vn 0.166870 -0.115002 -0.979249
vn -0.032297 -0.116810 -0.992629
vn 0.147498 -0.113863 -0.982486
vn -0.037919 -0.113974 -0.992760
vn 0.001405 0.031134 -0.999514
vn -0.337552 -0.057525 -0.939548
vn -0.566141 0.010913 -0.824236
vn -0.355066 0.064504 -0.932613
vn -0.120503 -0.010997 -0.992652
vn -0.246869 -0.102447 -0.963618
vn -0.460014 -0.052066 -0.886384
vn -0.374352 0.009172 -0.927241
vn -0.202801 -0.038744 -0.978453
vn -0.217514 -0.109446 -0.969902
vn -0.383121 -0.073322 -0.920784
vn -0.350676 -0.034120 -0.935875
vn -0.258266 -0.061713 -0.964101
vn -0.197858 -0.111875 -0.973826
vn -0.327135 -0.086309 -0.941028
vn -0.335757 -0.062133 -0.939897
vn -0.282706 -0.067327 -0.956841
vn -0.184421 -0.110434 -0.976623
vn -0.292210 -0.093749 -0.951748
vn -0.324791 -0.072073 -0.943036
vn 0.965552 -0.071203 -0.250278
vn 0.963608 -0.068041 -0.258516
vn 0.967086 -0.071813 -0.244105
vn 0.959613 -0.066990 -0.273232
vn 0.956840 -0.060541 -0.284241
vn 0.879255 -0.078954 -0.469763
vn 0.879428 -0.075957 -0.469932
vn 0.876361 -0.084274 -0.474224
vn 0.876809 -0.080868 -0.473990
vn 0.873880 -0.082210 -0.479140
vn 0.741826 -0.087757 -0.664825
vn 0.744880 -0.087741 -0.661404
vn 0.726293 -0.093769 -0.680959
vn 0.745662 -0.097734 -0.659118
vn 0.747121 -0.101157 -0.656945
vn 0.570765 -0.099387 -0.815076
vn 0.580567 -0.098237 -0.808264
vn 0.557022 -0.111152 -0.823026
vn 0.585076 -0.111642 -0.803257
vn 0.586026 -0.112212 -0.802485
vn 0.379408 -0.111288 -0.918512
vn 0.391769 -0.107707 -0.913737
vn 0.359450 -0.117444 -0.925744
vn 0.396885 -0.114923 -0.910645
vn 0.391942 -0.112416 -0.913096
vn -0.277135 -0.960145 -0.036317
vn -0.306373 -0.945132 0.113408
vn -0.243209 -0.964510 0.102815
vn -0.205880 -0.974129 -0.093197
vn -0.287243 -0.957039 -0.039601
vn -0.253378 -0.965418 0.061391
vn -0.284899 -0.946831 0.149477
vn -0.342009 -0.892169 0.295065
vn -0.317187 -0.809688 0.493758
vn -0.189187 -0.777819 0.599338
vn -0.035463 -0.820369 0.570733
vn 0.070855 -0.866951 0.493330
vn 0.149698 -0.903182 0.402309
vn 0.301986 -0.872139 0.384940
vn 0.472148 -0.836855 0.277038
vn 0.487236 -0.863244 0.131949
vn 0.439582 -0.898082 0.014753
vn 0.399202 -0.913856 -0.074191
vn 0.492047 -0.870327 0.020525
vn 0.380700 -0.924363 -0.024894
vn 0.280167 -0.954183 -0.105082
vn 0.236469 -0.956998 -0.168039
vn 0.242235 -0.940037 -0.240109
vn 0.237607 -0.890262 -0.388557
vn 0.157876 -0.844897 -0.511101
vn 0.068947 -0.826858 -0.558168
vn -0.023198 -0.813110 -0.581648
vn -0.112999 -0.796937 -0.593399
vn -0.181840 -0.784991 -0.592219
vn -0.212204 -0.767678 -0.604681
vn -0.181777 -0.817859 -0.545953
vn -0.195195 -0.798342 -0.569692
vn -0.259963 -0.801168 -0.539026
vn -0.322425 -0.859665 -0.396256
vn -0.323249 -0.912524 -0.250620
vn -0.282064 -0.946559 -0.156419
vn -0.244600 -0.965084 -0.093717
vn -0.035225 -0.998816 -0.033546
vn -0.032095 -0.999380 -0.014516
vn -0.043506 -0.998991 -0.011162
vn -0.037825 -0.998471 -0.040323
vn -0.025443 -0.999101 -0.033921
vn -0.026677 -0.999409 -0.021667
vn -0.032406 -0.999303 -0.018539
vn -0.035165 -0.999265 -0.015249
vn -0.031384 -0.999503 -0.002929
vn -0.027466 -0.999623 0.000719
vn -0.021271 -0.999767 -0.003589
vn -0.016066 -0.999856 -0.005388
vn -0.009840 -0.999942 -0.004375
vn 0.004176 -0.999990 -0.001257
vn 0.017391 -0.999816 -0.008108
vn 0.016491 -0.999669 -0.019768
vn 0.013221 -0.999630 -0.023766
vn 0.008277 -0.999563 -0.028399
vn 0.033740 -0.999227 -0.020195
vn -0.002501 -0.999598 -0.028256
vn -0.004602 -0.999382 -0.034852
vn -0.002307 -0.999255 -0.038536
vn 0.001510 -0.999049 -0.043588
vn 0.001751 -0.998488 -0.054935
vn -0.013105 -0.998388 -0.055234
vn -0.016693 -0.997932 -0.062067
vn -0.013184 -0.998185 -0.058756
vn -0.021466 -0.998811 -0.043778
vn -0.028999 -0.998572 -0.044858
vn -0.033228 -0.997648 -0.059947
vn -0.030906 -0.998136 -0.052621
vn -0.032238 -0.997886 -0.056439
vn -0.028350 -0.997982 -0.056821
vn -0.027464 -0.998901 -0.037972
vn -0.038607 -0.998755 -0.031598
vn -0.043487 -0.998315 -0.038406
vn -0.038711 -0.998503 -0.038643
vn -0.020602 -0.999372 -0.028821
vn -0.020601 -0.999372 -0.028821
vn -0.020602 -0.999372 -0.028821
vn -0.020602 -0.999372 -0.028821
vn -0.020602 -0.999372 -0.028821
vn -0.020602 -0.999372 -0.028821
vn -0.020603 -0.999372 -0.028821
vn -0.020603 -0.999372 -0.028821
vn -0.020603 -0.999372 -0.028821
vn -0.020602 -0.999372 -0.028821
vn -0.020602 -0.999372 -0.028821
vn -0.020602 -0.999372 -0.028820
vn -0.020602 -0.999372 -0.028821
vn -0.020602 -0.999372 -0.028821
vn -0.020602 -0.999372 -0.028820
vn -0.020602 -0.999372 -0.028820
vn -0.020603 -0.999372 -0.028820
vn -0.020603 -0.999372 -0.028821
vn -0.020603 -0.999372 -0.028821
vn -0.020603 -0.999372 -0.028821
vn -0.020602 -0.999372 -0.028821
vn -0.020602 -0.999372 -0.028820
vn -0.020602 -0.999372 -0.028821
vn -0.020602 -0.999372 -0.028821
vn -0.020602 -0.999372 -0.028822
vn -0.020603 -0.999372 -0.028822
vn -0.020602 -0.999372 -0.028821
vn -0.020603 -0.999372 -0.028821
vn -0.020603 -0.999372 -0.028822
vn -0.020602 -0.999372 -0.028821
vn -0.020602 -0.999372 -0.028821
vn -0.020602 -0.999372 -0.028821
vn -0.020602 -0.999372 -0.028820
vn -0.020603 -0.999372 -0.028821
vn -0.020602 -0.999372 -0.028821
vn -0.020603 -0.999372 -0.028821
vn -0.020603 -0.999372 -0.028821
vn -0.020602 -0.999372 -0.028821
vn -0.020602 -0.999372 -0.028821
vn -0.020602 -0.999372 -0.028822
vn -0.020603 -0.999372 -0.028822
vn -0.020602 -0.999372 -0.028821
vn -0.020602 -0.999372 -0.028821
vn -0.020603 -0.999372 -0.028820
vn -0.020603 -0.999372 -0.028820
vn -0.020602 -0.999372 -0.028821
vn -0.020602 -0.999372 -0.028822
vn -0.020603 -0.999372 -0.028821
vn -0.020602 -0.999372 -0.028821
vn -0.020602 -0.999372 -0.028821
vn -0.020602 -0.999372 -0.028821
vn -0.020602 -0.999372 -0.028820
vn -0.020602 -0.999372 -0.028820
vn -0.020602 -0.999372 -0.028820
vn -0.020602 -0.999372 -0.028820
vn -0.020602 -0.999372 -0.028821
vn -0.020602 -0.999372 -0.028821
vn -0.020602 -0.999372 -0.028821
vn -0.020602 -0.999372 -0.028821
vn -0.020602 -0.999372 -0.028821
vn -0.020602 -0.999372 -0.028821
vn -0.020602 -0.999372 -0.028821
vn -0.020603 -0.999372 -0.028821
vn -0.020602 -0.999372 -0.028821
vn -0.020603 -0.999372 -0.028821
vn -0.020603 -0.999372 -0.028820
vn -0.020603 -0.999372 -0.028821
vn -0.020603 -0.999372 -0.028821
vn -0.020603 -0.999372 -0.028821
vn -0.020603 -0.999372 -0.028821
vn -0.020603 -0.999372 -0.028821
vn -0.020602 -0.999372 -0.028821
vn -0.020602 -0.999372 -0.028821
vn -0.020602 -0.999372 -0.028821
vn -0.020602 -0.999372 -0.028821
vn -0.020602 -0.999372 -0.028821
vn -0.020602 -0.999372 -0.028821
vn -0.020602 -0.999372 -0.028821
vn -0.020602 -0.999372 -0.028821
vn -0.020602 -0.999372 -0.028820
vn -0.020602 -0.999372 -0.028821
s 1
g polySurface1
usemtl lambert4SG
f 1/1/1 2/2/2 3/3/3 4/4/4
f 6/5/5 5/6/6 1/1/1 4/4/4
f 8/7/7 2/2/2 1/1/1 7/8/8
f 7/8/8 1/1/1 5/6/6 9/9/9
f 13/10/10 10/11/11 11/12/12 12/13/13
f 15/14/14 13/10/10 12/13/13 14/15/15
f 17/16/16 16/17/17 12/13/13 11/12/12
f 16/17/17 18/18/18 14/15/15 12/13/13
f 20/19/19 11/12/12 10/11/11 19/20/20
f 21/21/21 17/16/16 11/12/12 20/19/19
f 3/3/3 22/22/22 23/23/23 4/4/4
f 4/4/4 23/23/23 24/24/24 6/5/5
f 20/19/19 25/25/25 26/26/26 21/21/21
f 20/19/19 19/20/20 27/27/27 25/25/25
f 25/25/25 28/28/28 29/29/29 26/26/26
f 28/28/28 25/25/25 27/27/27 30/30/30
f 22/22/22 31/31/31 32/32/32 23/23/23
f 23/23/23 32/32/32 33/33/33 24/24/24
f 31/31/31 34/34/34 35/35/35 32/32/32
f 33/33/33 32/32/32 35/35/35 36/36/36
f 28/28/28 142/37/37 143/38/38 29/29/29
f 30/30/30 141/39/39 142/37/37 28/28/28
f 38/40/40 14/15/15 18/18/18 37/41/41
f 38/40/40 39/42/42 15/14/14 14/15/15
f 38/40/40 37/41/41 63/43/43 75/44/44
f 39/42/42 38/40/40 75/44/44 64/45/45
f 7/8/8 40/46/46 41/47/47 8/7/7
f 9/9/9 42/48/48 40/46/46 7/8/8
f 40/46/46 43/49/49 44/50/50 41/47/47
f 42/48/48 45/51/51 43/49/49 40/46/46
f 47/52/52 44/50/50 43/49/49 46/53/53
f 45/51/51 48/54/54 46/53/53 43/49/49
f 68/55/55 92/56/56 93/57/57 51/58/58
f 54/59/59 88/60/60 89/61/61 70/62/62
f 70/62/62 86/63/63 87/64/64 54/59/59
f 58/65/65 82/66/66 83/67/67 72/68/68
f 72/68/68 80/69/69 81/70/70 58/65/65
f 62/71/71 76/72/72 77/73/73 74/74/74
f 74/74/74 75/44/44 63/43/43 62/71/71
f 66/75/75 67/76/76 68/55/55 51/58/58
f 68/55/55 67/76/76 65/77/77 52/78/78
f 52/78/78 91/79/79 92/56/56 68/55/55
f 70/62/62 89/61/61 90/80/80 53/81/81
f 53/81/81 85/82/82 86/63/63 70/62/62
f 72/68/68 83/67/67 84/83/83 57/84/84
f 57/84/84 79/85/85 80/69/69 72/68/68
f 74/74/74 77/73/73 78/86/86 61/87/87
f 64/45/45 75/44/44 74/74/74 61/87/87
f 66/75/75 47/52/52 46/53/53 67/76/76
f 67/76/76 46/53/53 48/54/54 65/77/77
f 77/73/73 76/72/72 60/88/88 73/89/89
f 78/86/86 77/73/73 73/89/89 59/90/90
f 80/69/69 79/85/85 59/90/90 73/89/89
f 81/70/70 80/69/69 73/89/89 60/88/88
f 83/67/67 82/66/66 56/91/91 71/4481/92
f 84/83/83 83/67/67 71/4481/92 55/4476/93
f 86/63/63 85/82/82 55/93/93 71/92/92
f 87/64/64 86/63/63 71/92/92 56/4474/91
f 89/61/61 88/60/60 50/94/94 69/95/95
f 90/80/80 89/61/61 69/95/95 49/96/96
f 92/56/56 91/79/79 49/96/96 69/95/95
f 93/57/57 92/56/56 69/95/95 50/94/94
f 140/97/97 141/39/39 30/30/30 94/98/98
f 158/99/99 159/100/100 96/101/101 139/102/102
f 96/101/101 98/103/103 138/104/104 139/102/102
f 98/103/103 100/105/105 137/4469/106 138/104/104
f 100/105/105 102/107/107 136/4470/108 137/4469/106
f 104/109/109 94/98/98 30/30/30 27/27/27
f 159/100/100 160/110/110 105/111/111 96/101/101
f 98/103/103 96/101/101 105/111/111 100/105/105
f 106/112/112 104/109/109 27/27/27 19/20/20
f 160/110/110 161/113/113 107/114/114 105/111/111
f 100/105/105 105/111/111 107/114/114 102/107/107
f 36/36/36 95/115/115 108/116/116 33/33/33
f 109/117/117 156/118/118 157/119/119 97/120/120
f 101/121/121 109/117/117 97/120/120 99/122/122
f 103/123/123 110/124/124 109/117/117 101/121/121
f 110/124/124 155/125/125 156/118/118 109/117/117
f 24/24/24 33/33/33 108/116/116 111/126/126
f 112/127/127 106/112/112 19/20/20 10/11/11
f 113/128/128 6/5/5 24/24/24 111/126/126
f 114/129/129 154/130/130 155/125/125 110/124/124
f 115/131/131 107/114/114 161/113/113 162/132/132
f 117/133/133 116/134/134 102/107/107 107/114/114
f 118/135/135 117/133/133 107/114/114 115/131/131
f 116/134/134 135/136/136 136/4470/108 102/107/107
f 119/137/137 120/138/138 110/124/124 103/123/123
f 114/129/129 110/124/124 120/138/138 121/139/139
f 121/139/139 122/140/140 123/141/141 114/129/129
f 122/140/140 124/142/142 125/143/143 123/141/141
f 127/144/144 118/135/135 115/131/131 126/145/145
f 129/146/146 116/134/134 117/133/133 118/135/135
f 130/147/147 129/146/146 118/135/135 127/144/144
f 131/4371/148 130/147/147 127/144/144 128/4349/149
f 119/137/137 132/150/150 121/139/139 120/138/138
f 132/150/150 133/151/151 122/140/140 121/139/139
f 133/151/151 134/4369/152 124/142/142 122/140/140
f 136/108/108 135/4468/136 119/137/137 103/123/123
f 137/106/106 136/108/108 103/123/123 101/121/121
f 138/104/104 137/106/106 101/121/121 99/122/122
f 139/102/102 138/104/104 99/122/122 97/120/120
f 157/119/119 158/99/99 139/102/102 97/120/120
f 95/115/115 36/36/36 141/39/39 140/97/97
f 142/37/37 141/39/39 36/36/36 35/35/35
f 143/38/38 142/37/37 35/35/35 34/34/34
f 129/146/146 144/153/153 135/136/136 116/134/134
f 132/150/150 119/137/137 135/4468/136 144/4467/153
f 144/153/153 129/146/146 130/147/147 145/154/154
f 132/150/150 144/4467/153 145/4466/154 133/151/151
f 131/4371/148 146/4370/155 145/154/154 130/147/147
f 133/151/151 145/4466/154 146/4465/155 134/4369/152
f 6/5/5 113/128/128 147/156/156 5/6/6
f 153/157/157 154/130/130 114/129/129 123/141/141
f 5/6/6 147/156/156 148/158/158 9/9/9
f 152/159/159 153/157/157 123/141/141 125/143/143
f 9/9/9 148/158/158 149/160/160 42/48/48
f 151/161/161 152/159/159 125/143/143 150/162/162
f 148/158/158 152/159/159 151/161/161 149/160/160
f 147/156/156 153/157/157 152/159/159 148/158/158
f 113/128/128 154/130/130 153/157/157 147/156/156
f 155/125/125 154/130/130 113/128/128 111/126/126
f 156/118/118 155/125/125 111/126/126 108/116/116
f 157/119/119 156/118/118 108/116/116 95/115/115
f 140/97/97 158/99/99 157/119/119 95/115/115
f 94/98/98 159/100/100 158/99/99 140/97/97
f 104/109/109 160/110/110 159/100/100 94/98/98
f 106/112/112 161/113/113 160/110/110 104/109/109
f 162/132/132 161/113/113 106/112/112 112/127/127
f 124/142/142 163/163/163 150/162/162 125/143/143
f 164/4368/164 163/163/163 124/142/142 134/4369/152
f 13/10/10 165/165/165 112/127/127 10/11/11
f 112/127/127 165/165/165 166/166/166 162/132/132
f 162/132/132 166/166/166 126/145/145 115/131/131
f 168/167/167 167/168/168 166/166/166 165/165/165
f 15/14/14 168/167/167 165/165/165 13/10/10
f 164/4368/164 169/4367/169 170/170/170 163/163/163
f 171/171/171 150/162/162 163/163/163 170/170/170
f 172/172/172 151/161/161 150/162/162 171/171/171
f 173/173/173 149/160/160 151/161/161 172/172/172
f 42/48/48 149/160/160 173/173/173 45/51/51
f 170/170/170 169/4367/169 174/4351/174 175/175/175
f 171/171/171 170/170/170 175/175/175 176/176/176
f 172/172/172 171/171/171 176/176/176 177/177/177
f 173/173/173 172/172/172 177/177/177 178/178/178
f 45/51/51 173/173/173 178/178/178 48/54/54
f 179/179/179 126/145/145 166/166/166 167/168/168
f 241/180/180 242/181/181 180/4366/182 208/4353/183
f 180/4366/182 242/181/181 243/184/184 207/4354/185
f 185/4356/186 245/187/187 246/188/188 203/4357/189
f 187/4360/190 248/191/191 249/192/192 199/4361/193
f 189/4364/194 252/195/195 253/196/196 193/4365/197
f 193/4365/197 253/196/196 254/198/198 191/4352/199
f 195/4363/200 251/201/201 252/195/195 189/4364/194
f 197/4362/202 250/203/203 251/201/201 195/4363/200
f 199/4361/193 249/192/192 250/203/203 197/4362/202
f 201/4358/204 247/205/205 248/191/191 187/4360/190
f 203/4357/189 246/188/188 247/4477/205 201/4478/204
f 205/4355/206 244/207/207 245/187/187 185/4356/186
f 207/4354/185 243/184/184 244/207/207 205/4355/206
f 240/208/208 241/180/180 208/4353/183 181/4350/209
f 190/210/210 65/77/77 48/54/54 178/178/178
f 209/211/211 211/212/212 210/213/213 182/214/214
f 183/215/215 212/216/216 211/212/212 209/211/211
f 213/217/217 212/216/216 183/215/215 206/218/218
f 214/219/219 213/217/217 206/218/218 204/220/220
f 215/221/221 214/219/219 204/220/220 184/222/222
f 216/223/223 215/221/221 184/222/222 202/224/224
f 217/4480/225 216/223/223 202/224/224 200/226/226
f 218/227/227 217/225/225 200/4475/226 186/228/228
f 219/229/229 218/227/227 186/228/228 198/230/230
f 220/231/231 219/229/229 198/230/230 196/232/232
f 221/233/233 220/231/231 196/232/232 194/234/234
f 222/235/235 221/233/233 194/234/234 188/236/236
f 223/237/237 222/235/235 188/236/236 192/238/238
f 224/239/239 223/237/237 192/238/238 190/210/210
f 210/213/213 211/212/212 226/240/240 225/241/241
f 211/212/212 212/216/216 227/242/242 226/240/240
f 228/243/243 227/242/242 212/216/216 213/217/217
f 229/244/244 228/243/243 213/217/217 214/219/219
f 230/245/245 229/244/244 214/219/219 215/221/221
f 231/246/246 230/245/245 215/221/221 216/223/223
f 232/4479/247 231/246/246 216/223/223 217/4480/225
f 233/248/248 232/247/247 217/225/225 218/227/227
f 234/249/249 233/248/248 218/227/227 219/229/229
f 235/250/250 234/249/249 219/229/229 220/231/231
f 236/251/251 235/250/250 220/231/231 221/233/233
f 237/252/252 236/251/251 221/233/233 222/235/235
f 238/253/253 237/252/252 222/235/235 223/237/237
f 239/254/254 238/253/253 223/237/237 224/239/239
f 225/241/241 226/240/240 241/180/180 240/208/208
f 226/240/240 227/242/242 242/181/181 241/180/180
f 243/184/184 242/181/181 227/242/242 228/243/243
f 244/207/207 243/184/184 228/243/243 229/244/244
f 245/187/187 244/207/207 229/244/244 230/245/245
f 246/188/188 245/187/187 230/245/245 231/246/246
f 247/4477/205 246/188/188 231/246/246 232/4479/247
f 248/191/191 247/205/205 232/247/247 233/248/248
f 249/192/192 248/191/191 233/248/248 234/249/249
f 250/203/203 249/192/192 234/249/249 235/250/250
f 251/201/201 250/203/203 235/250/250 236/251/251
f 252/195/195 251/201/201 236/251/251 237/252/252
f 253/196/196 252/195/195 237/252/252 238/253/253
f 254/198/198 253/196/196 238/253/253 239/254/254
f 177/177/177 224/239/239 190/210/210 178/178/178
f 224/239/239 177/177/177 176/176/176 239/254/254
f 239/254/254 176/176/176 175/175/175 254/198/198
f 254/198/198 175/175/175 174/4351/174 191/4352/199
f 192/238/238 52/78/78 65/77/77 190/210/210
f 192/238/238 188/236/236 91/79/79 52/78/78
f 49/96/96 91/79/79 188/236/236 194/234/234
f 90/80/80 49/96/96 194/234/234 196/232/232
f 196/232/232 198/230/230 53/81/81 90/80/80
f 198/230/230 186/228/228 85/82/82 53/81/81
f 55/93/93 85/82/82 186/228/228 200/4475/226
f 200/226/226 202/224/224 84/83/83 55/4476/93
f 202/224/224 184/222/222 57/84/84 84/83/83
f 184/222/222 204/220/220 79/85/85 57/84/84
f 59/90/90 79/85/85 204/220/220 206/218/218
f 78/86/86 59/90/90 206/218/218 183/215/215
f 183/215/215 209/211/211 61/87/87 78/86/86
f 64/45/45 61/87/87 209/211/211 182/214/214
f 240/208/208 181/4350/209 255/4347/255 256/256/256
f 182/214/214 210/213/213 257/257/257 258/258/258
f 210/213/213 225/241/241 259/259/259 257/257/257
f 225/241/241 240/208/208 256/256/256 259/259/259
f 39/42/42 64/45/45 182/214/214 258/258/258
f 39/42/42 258/258/258 168/167/167 15/14/14
f 258/258/258 257/257/257 167/168/168 168/167/167
f 179/179/179 167/168/168 257/257/257 259/259/259
f 179/179/179 259/259/259 256/256/256 260/260/260
f 126/145/145 179/179/179 260/260/260 127/144/144
f 261/4348/261 128/4349/149 127/144/144 260/260/260
f 255/4347/255 261/4348/261 260/260/260 256/256/256
f 21/21/21 262/262/262 263/263/263 17/16/16
f 262/262/262 21/21/21 26/26/26 264/264/264
f 22/22/22 3/3/3 266/265/265 265/266/266
f 3/3/3 2/2/2 267/267/267 266/265/265
f 267/267/267 2/2/2 8/7/7 268/268/268
f 41/47/47 269/269/269 268/268/268 8/7/7
f 41/47/47 44/50/50 270/270/270 269/269/269
f 271/271/271 16/17/17 17/16/16 263/263/263
f 18/18/18 16/17/17 271/271/271 272/272/272
f 272/272/272 273/273/273 37/41/41 18/18/18
f 63/43/43 37/41/41 273/273/273 274/274/274
f 275/275/275 62/71/71 63/43/43 274/274/274
f 276/276/276 76/72/72 62/71/71 275/275/275
f 276/276/276 277/277/277 60/88/88 76/72/72
f 270/270/270 44/50/50 47/52/52 278/278/278
f 66/75/75 279/279/279 278/278/278 47/52/52
f 264/264/264 26/26/26 29/29/29 280/280/280
f 22/22/22 265/266/266 281/281/281 31/31/31
f 143/38/38 282/282/282 280/280/280 29/29/29
f 34/34/34 283/283/283 282/282/282 143/38/38
f 283/283/283 34/34/34 31/31/31 281/281/281
f 51/58/58 284/284/284 279/279/279 66/75/75
f 93/57/57 285/285/285 284/284/284 51/58/58
f 50/94/94 286/286/286 285/285/285 93/57/57
f 287/287/287 286/286/286 50/94/94 88/60/60
f 54/59/59 288/288/288 287/287/287 88/60/60
f 289/289/289 288/288/288 54/59/59 87/64/64
f 289/289/289 87/64/64 56/4474/91 290/4473/290
f 291/291/291 290/290/290 56/91/91 82/66/66
f 292/292/292 291/291/291 82/66/66 58/65/65
f 293/293/293 292/292/292 58/65/65 81/70/70
f 277/277/277 293/293/293 81/70/70 60/88/88
f 295/294/294 283/283/283 281/281/281 294/295/295
f 265/266/266 296/296/296 294/295/295 281/281/281
f 297/297/297 282/282/282 283/283/283 295/294/294
f 298/298/298 280/280/280 282/282/282 297/297/297
f 280/280/280 298/298/298 299/299/299 264/264/264
f 299/299/299 300/300/300 262/262/262 264/264/264
f 262/262/262 300/300/300 301/301/301 263/263/263
f 302/302/302 271/271/271 263/263/263 301/301/301
f 303/303/303 272/272/272 271/271/271 302/302/302
f 303/303/303 304/304/304 273/273/273 272/272/272
f 274/274/274 273/273/273 304/304/304 305/305/305
f 275/275/275 274/274/274 305/305/305 306/306/306
f 306/306/306 307/307/307 276/276/276 275/275/275
f 307/307/307 308/308/308 277/277/277 276/276/276
f 308/308/308 309/309/309 293/293/293 277/277/277
f 309/309/309 310/310/310 292/292/292 293/293/293
f 310/310/310 311/311/311 291/291/291 292/292/292
f 311/311/311 312/312/312 290/290/290 291/291/291
f 314/313/313 286/286/286 287/287/287 313/314/314
f 288/288/288 315/315/315 313/314/314 287/287/287
f 288/288/288 289/289/289 316/316/316 315/315/315
f 290/4473/290 312/4472/312 316/316/316 289/289/289
f 317/317/317 285/285/285 286/286/286 314/313/313
f 285/285/285 317/317/317 318/318/318 284/284/284
f 319/319/319 279/279/279 284/284/284 318/318/318
f 320/320/320 278/278/278 279/279/279 319/319/319
f 321/321/321 270/270/270 278/278/278 320/320/320
f 270/270/270 321/321/321 322/322/322 269/269/269
f 269/269/269 322/322/322 323/323/323 268/268/268
f 324/324/324 267/267/267 268/268/268 323/323/323
f 324/324/324 325/325/325 266/265/265 267/267/267
f 325/325/325 296/296/296 265/266/266 266/265/265
f 326/326/326 302/302/302 301/301/301 300/300/300
f 327/327/327 295/294/294 294/295/295 296/296/296
f 299/299/299 328/328/328 326/326/326 300/300/300
f 328/328/328 299/299/299 298/298/298 329/329/329
f 297/297/297 330/330/330 329/329/329 298/298/298
f 295/294/294 327/327/327 330/330/330 297/297/297
f 296/296/296 325/325/325 331/331/331 327/327/327
f 332/332/332 331/331/331 325/325/325 324/324/324
f 305/305/305 304/304/304 333/333/333 339/334/334
f 333/333/333 304/304/304 303/303/303 334/335/335
f 334/335/335 303/303/303 302/302/302 326/326/326
f 308/308/308 335/336/336 336/337/337 309/309/309
f 335/336/336 308/308/308 307/307/307 337/338/338
f 337/338/338 307/307/307 306/306/306 338/339/339
f 338/339/339 306/306/306 305/305/305 339/334/334
f 341/340/340 312/312/312 311/311/311 340/341/341
f 310/310/310 342/342/342 340/341/341 311/311/311
f 310/310/310 309/309/309 336/337/337 342/342/342
f 343/343/343 316/316/316 312/4472/312 341/4471/340
f 344/344/344 315/315/315 316/316/316 343/343/343
f 345/345/345 313/314/314 315/315/315 344/344/344
f 313/314/314 345/345/345 346/346/346 314/313/313
f 347/347/347 317/317/317 314/313/313 346/346/346
f 323/323/323 348/348/348 332/332/332 324/324/324
f 322/322/322 349/349/349 348/348/348 323/323/323
f 349/349/349 322/322/322 321/321/321 350/350/350
f 320/320/320 351/351/351 350/350/350 321/321/321
f 351/351/351 320/320/320 319/319/319 352/352/352
f 318/318/318 353/353/353 352/352/352 319/319/319
f 353/353/353 318/318/318 317/317/317 347/347/347
f 328/328/328 354/354/354 334/335/335 326/326/326
f 354/354/354 328/328/328 329/329/329 355/355/355
f 355/355/355 329/329/329 330/330/330 356/356/356
f 357/357/357 356/356/356 330/330/330 327/327/327
f 358/358/358 357/357/357 327/327/327 331/331/331
f 331/331/331 332/332/332 359/359/359 358/358/358
f 348/348/348 360/360/360 359/359/359 332/332/332
f 349/349/349 361/361/361 360/360/360 348/348/348
f 361/361/361 349/349/349 350/350/350 362/362/362
f 334/335/335 354/354/354 363/363/363 333/333/333
f 339/334/334 333/333/333 363/363/363 364/364/364
f 365/365/365 338/339/339 339/334/334 364/364/364
f 338/339/339 365/365/365 366/366/366 337/338/338
f 367/367/367 335/336/336 337/338/338 366/366/366
f 335/336/336 367/367/367 368/368/368 336/337/337
f 351/351/351 369/369/369 362/362/362 350/350/350
f 352/352/352 370/370/370 369/369/369 351/351/351
f 372/371/371 341/340/340 340/341/341 371/372/372
f 371/372/372 340/341/341 342/342/342 373/373/373
f 342/342/342 336/337/337 368/368/368 373/373/373
f 370/370/370 352/352/352 353/353/353 374/374/374
f 347/347/347 375/375/375 374/374/374 353/353/353
f 347/347/347 346/346/346 345/345/345 375/375/375
f 343/343/343 341/4471/340 372/371/371 344/344/344
f 344/344/344 372/371/371 375/375/375 345/345/345
f 363/363/363 354/354/354 355/355/355 376/376/376
f 377/377/377 376/376/376 355/355/355 356/356/356
f 357/357/357 358/358/358 377/377/377 356/356/356
f 378/378/378 359/359/359 360/360/360 380/379/379
f 380/379/379 381/380/380 379/381/381 378/378/378
f 374/374/374 375/375/375 382/382/382 370/370/370
f 372/371/371 383/383/383 382/382/382 375/375/375
f 373/373/373 383/383/383 372/371/371 371/372/372
f 361/361/361 384/384/384 380/379/379 360/360/360
f 384/384/384 361/361/361 362/362/362 385/385/385
f 369/369/369 386/386/386 385/385/385 362/362/362
f 370/370/370 382/382/382 386/386/386 369/369/369
f 381/380/380 380/379/379 384/384/384 387/387/387
f 385/385/385 388/388/388 387/387/387 384/384/384
f 388/388/388 385/385/385 386/386/386 389/389/389
f 382/382/382 383/383/383 389/389/389 386/386/386
f 383/383/383 373/373/373 368/368/368 389/389/389
f 389/389/389 368/368/368 367/367/367 388/388/388
f 366/366/366 387/387/387 388/388/388 367/367/367
f 387/387/387 366/366/366 365/365/365 381/380/380
f 364/364/364 379/381/381 381/380/380 365/365/365
f 359/359/359 378/378/378 377/377/377 358/358/358
f 379/381/381 376/376/376 377/377/377 378/378/378
f 364/364/364 363/363/363 376/376/376 379/381/381
f 501/390/390 480/391/391 390/392/392 453/393/393
f 481/394/394 482/395/395 394/396/396 450/397/397
f 394/4461/396 482/4460/395 483/398/398 396/399/399
f 447/400/400 484/401/401 485/402/402 398/403/403
f 400/404/404 441/405/405 487/406/406 488/407/407
f 435/408/408 490/409/409 491/410/410 402/411/411
f 425/412/412 493/413/413 494/414/414 404/415/415
f 432/416/416 496/417/417 497/418/418 406/419/419
f 498/420/420 499/421/421 407/422/422 419/423/423
f 542/424/424 543/425/425 455/426/426 411/427/427
f 540/428/428 541/429/429 452/430/430 412/431/431
f 538/432/432 539/433/433 449/434/434 413/435/435
f 535/436/436 536/437/437 443/438/438 414/439/439
f 532/440/440 533/4341/441 437/4340/442 415/443/443
f 529/444/444 530/445/445 427/446/446 416/447/447
f 526/448/448 527/449/449 434/450/450 417/451/451
f 524/452/452 525/4431/453 421/4430/454 418/455/455
f 497/418/418 498/4434/420 419/4437/423 406/419/419
f 421/454/454 525/453/453 526/448/448 417/451/451
f 494/414/414 495/456/456 422/457/457 404/415/415
f 424/458/458 528/459/459 529/444/444 416/447/447
f 428/460/460 492/461/461 493/413/413 425/412/412
f 427/446/446 530/445/445 531/462/462 430/463/463
f 491/410/410 492/461/461 428/460/460 402/411/411
f 430/463/463 531/462/462 532/440/440 415/443/443
f 419/4437/423 456/4435/464 457/465/465 406/419/419
f 479/466/466 456/464/464 419/423/423 407/422/422
f 431/467/467 478/468/468 479/466/466 407/422/422
f 409/469/469 477/470/470 478/468/468 431/467/467
f 422/457/457 495/456/456 496/417/417 432/416/416
f 434/450/450 527/449/449 528/459/459 424/458/458
f 457/465/465 458/471/471 432/416/416 406/419/419
f 432/416/416 458/471/471 459/472/472 422/457/457
f 459/472/472 460/473/473 404/415/415 422/457/457
f 460/473/473 461/474/474 425/412/412 404/415/415
f 428/460/460 425/412/412 461/474/474 462/475/475
f 462/475/475 463/476/476 402/411/411 428/460/460
f 438/477/477 489/478/478 490/4344/409 435/4346/408
f 437/442/442 533/441/441 534/479/479 440/480/480
f 488/407/407 489/478/478 438/477/477 400/404/404
f 440/480/480 534/479/479 535/436/436 414/439/439
f 463/476/476 464/4345/481 435/408/408 402/411/411
f 464/481/481 465/482/482 438/477/477 435/4346/408
f 438/477/477 465/482/482 466/483/483 400/404/404
f 486/484/484 487/406/406 441/405/405 444/485/485
f 443/438/438 536/437/437 537/486/486 446/487/487
f 485/402/402 486/484/484 444/485/485 398/403/403
f 446/487/487 537/486/486 538/432/432 413/435/435
f 400/404/404 466/483/483 467/488/488 441/405/405
f 467/488/488 468/489/489 444/485/485 441/405/405
f 468/489/489 469/490/490 398/403/403 444/485/485
f 483/398/398 484/401/401 447/400/400 396/399/399
f 469/490/490 470/491/491 447/400/400 398/403/403
f 470/491/491 471/492/492 396/399/399 447/400/400
f 394/4461/396 396/399/399 471/492/492 472/4462/493
f 480/391/391 481/394/394 450/397/397 390/392/392
f 452/430/430 541/429/429 542/424/424 411/427/427
f 472/493/493 473/494/494 450/397/397 394/396/396
f 473/494/494 474/495/495 390/392/392 450/397/397
f 500/496/496 501/390/390 453/393/393 391/497/497
f 455/426/426 543/425/425 523/498/498 410/499/499
f 474/495/495 475/500/500 453/393/393 390/392/392
f 453/393/393 475/500/500 476/501/501 391/497/497
f 409/469/469 391/497/497 476/501/501 477/470/470
f 457/465/465 456/4435/464 255/255/255 181/209/209
f 208/183/183 458/471/471 457/465/465 181/209/209
f 459/472/472 458/471/471 208/183/183 180/182/182
f 207/185/185 460/473/473 459/472/472 180/182/182
f 205/206/206 461/474/474 460/473/473 207/185/185
f 462/475/475 461/474/474 205/206/206 185/186/186
f 203/189/189 463/476/476 462/475/475 185/186/186
f 201/4359/204 464/4345/481 463/476/476 203/189/189
f 187/190/190 465/482/482 464/481/481 201/204/204
f 466/483/483 465/482/482 187/190/190 199/193/193
f 467/488/488 466/483/483 199/193/193 197/202/202
f 195/200/200 468/489/489 467/488/488 197/202/202
f 189/194/194 469/490/490 468/489/489 195/200/200
f 193/197/197 470/491/491 469/490/490 189/194/194
f 191/199/199 471/492/492 470/491/491 193/197/197
f 472/4462/493 471/492/492 191/199/199 174/4463/174
f 169/169/169 473/494/494 472/493/493 174/174/174
f 164/164/164 474/495/495 473/494/494 169/169/169
f 134/152/152 475/500/500 474/495/495 164/164/164
f 476/501/501 475/500/500 134/152/152 146/155/155
f 477/470/470 476/501/501 146/155/155 131/148/148
f 478/468/468 477/470/470 131/148/148 128/149/149
f 479/466/466 478/468/468 128/149/149 261/261/261
f 255/4436/255 456/464/464 479/466/466 261/261/261
f 502/502/502 503/503/503 481/394/394 480/391/391
f 503/503/503 504/4459/504 482/395/395 481/394/394
f 485/402/402 484/401/401 505/505/505 506/506/506
f 506/506/506 507/507/507 486/484/484 485/402/402
f 507/507/507 508/508/508 487/406/406 486/484/484
f 488/407/407 487/406/406 508/508/508 509/509/509
f 509/509/509 510/510/510 489/478/478 488/407/407
f 490/4344/409 489/478/478 510/510/510 511/4342/511
f 491/410/410 490/409/409 511/511/511 512/512/512
f 512/512/512 513/513/513 492/461/461 491/410/410
f 493/413/413 492/461/461 513/513/513 514/514/514
f 494/414/414 493/413/413 514/514/514 515/515/515
f 515/515/515 516/516/516 495/456/456 494/414/414
f 496/417/417 495/456/456 516/516/516 517/517/517
f 497/418/418 496/417/417 517/517/517 518/518/518
f 518/518/518 519/4432/519 498/4434/420 497/418/418
f 519/519/519 520/520/520 499/421/421 498/420/420
f 521/521/521 522/522/522 501/390/390 500/496/496
f 522/522/522 502/502/502 480/391/391 501/390/390
f 451/523/523 503/503/503 502/502/502 393/524/524
f 395/4464/525 504/4459/504 503/503/503 451/523/523
f 506/506/506 505/505/505 448/526/526 397/527/527
f 445/528/528 507/507/507 506/506/506 397/527/527
f 442/529/529 508/508/508 507/507/507 445/528/528
f 509/509/509 508/508/508 442/529/529 399/530/530
f 399/530/530 439/531/531 510/510/510 509/509/509
f 511/4342/511 510/510/510 439/531/531 436/4343/532
f 512/512/512 511/511/511 436/532/532 401/533/533
f 401/533/533 429/534/534 513/513/513 512/512/512
f 514/514/514 513/513/513 429/534/534 426/535/535
f 515/515/515 514/514/514 426/535/535 403/536/536
f 403/536/536 423/537/537 516/516/516 515/515/515
f 517/517/517 516/516/516 423/537/537 433/538/538
f 518/518/518 517/517/517 433/538/538 405/539/539
f 420/4433/540 519/4432/519 518/518/518 405/539/539
f 408/541/541 520/520/520 519/519/519 420/540/540
f 454/542/542 522/522/522 521/521/521 392/543/543
f 393/524/524 502/502/502 522/522/522 454/542/542
f 408/541/541 420/540/540 525/4431/453 524/452/452
f 526/448/448 525/453/453 420/4433/540 405/539/539
f 405/539/539 433/538/538 527/449/449 526/448/448
f 528/459/459 527/449/449 433/538/538 423/537/537
f 529/444/444 528/459/459 423/537/537 403/536/536
f 403/536/536 426/535/535 530/445/445 529/444/444
f 531/462/462 530/445/445 426/535/535 429/534/534
f 532/440/440 531/462/462 429/534/534 401/533/533
f 401/533/533 436/532/532 533/4341/441 532/440/440
f 534/479/479 533/441/441 436/4343/532 439/531/531
f 535/436/436 534/479/479 439/531/531 399/530/530
f 399/530/530 442/529/529 536/437/437 535/436/436
f 537/486/486 536/437/437 442/529/529 445/528/528
f 538/432/432 537/486/486 445/528/528 397/527/527
f 397/527/527 448/526/526 539/433/433 538/432/432
f 395/4464/525 451/523/523 541/429/429 540/428/428
f 542/424/424 541/429/429 451/523/523 393/524/524
f 393/524/524 454/542/542 543/425/425 542/424/424
f 523/498/498 543/425/425 454/542/542 392/543/543
f 544/544/544 431/467/467 407/422/422 499/421/421
f 544/544/544 545/545/545 409/469/469 431/467/467
f 545/545/545 500/496/496 391/497/497 409/469/469
f 545/545/545 546/546/546 521/521/521 500/496/496
f 547/547/547 544/544/544 499/421/421 520/520/520
f 547/547/547 548/548/548 545/545/545 544/544/544
f 546/546/546 545/545/545 548/548/548 521/521/521
f 549/549/549 547/547/547 520/520/520 408/541/541
f 549/549/549 550/550/550 548/548/548 547/547/547
f 552/551/551 551/552/552 392/543/543 521/521/521
f 550/550/550 552/551/551 521/521/521 548/548/548
f 553/553/553 549/549/549 408/541/541 524/452/452
f 553/553/553 554/554/554 550/550/550 549/549/549
f 554/554/554 551/552/552 552/551/551 550/550/550
f 551/552/552 555/555/555 523/498/498 392/543/543
f 556/556/556 555/555/555 551/552/552 554/554/554
f 557/557/557 556/556/556 554/554/554 553/553/553
f 410/499/499 523/498/498 555/555/555 558/558/558
f 559/559/559 558/558/558 555/555/555 556/556/556
f 556/556/556 557/557/557 560/560/560 559/559/559
f 524/452/452 561/561/561 557/557/557 553/553/553
f 561/561/561 562/562/562 560/560/560 557/557/557
f 562/562/562 561/561/561 524/452/452 418/455/455
f 505/505/505 484/401/401 563/563/563 564/564/564
f 565/565/565 563/563/563 484/401/401 483/398/398
f 504/504/504 565/565/565 483/398/398 482/4460/395
f 563/563/563 565/565/565 566/566/566 564/564/564
f 395/525/525 567/567/567 568/568/568 504/504/504
f 568/568/568 566/566/566 565/565/565 504/504/504
f 567/567/567 569/569/569 566/566/566 568/568/568
f 564/564/564 566/566/566 569/569/569 570/570/570
f 564/564/564 570/570/570 448/526/526 505/505/505
f 570/570/570 571/571/571 539/433/433 448/526/526
f 571/571/571 572/572/572 449/434/434 539/433/433
f 573/573/573 571/571/571 570/570/570 569/569/569
f 573/573/573 574/574/574 572/572/572 571/571/571
f 575/575/575 573/573/573 569/569/569 567/567/567
f 576/576/576 574/574/574 573/573/573 575/575/575
f 540/4458/428 575/575/575 567/567/567 395/525/525
f 577/577/577 576/576/576 575/575/575 540/4458/428
f 540/4458/428 578/4457/578 579/579/579 577/577/577
f 580/580/580 578/578/578 540/428/428 412/431/431
f 578/4457/578 580/4456/580 581/581/581 579/579/579
f 410/499/499 582/582/582 583/583/583 455/426/426
f 455/426/426 583/583/583 584/584/584 411/427/427
f 585/585/585 452/430/430 411/427/427 584/584/584
f 586/586/586 412/431/431 452/430/430 585/585/585
f 588/587/587 581/581/581 580/4456/580 587/4455/588
f 587/588/588 580/580/580 412/431/431 586/586/586
f 558/558/558 589/589/589 582/582/582 410/499/499
f 559/559/559 590/590/590 589/589/589 558/558/558
f 559/559/559 560/560/560 591/591/591 590/590/590
f 592/592/592 591/591/591 560/560/560 562/562/562
f 418/455/455 593/593/593 592/592/592 562/562/562
f 595/594/594 594/595/595 593/593/593 418/455/455
f 596/4428/596 595/594/594 418/455/455 421/4430/454
f 597/4429/597 594/595/595 595/594/594 596/4428/596
f 596/596/596 421/454/454 417/451/451 598/598/598
f 597/597/597 596/596/596 598/598/598 599/599/599
f 598/598/598 417/451/451 434/450/450 600/600/600
f 599/599/599 598/598/598 600/600/600 601/601/601
f 603/602/602 602/603/603 581/581/581 588/587/587
f 602/603/603 577/577/577 579/579/579 581/581/581
f 602/603/603 604/604/604 576/576/576 577/577/577
f 603/602/602 605/605/605 604/604/604 602/603/603
f 574/574/574 576/576/576 604/604/604 606/606/606
f 605/605/605 607/607/607 606/606/606 604/604/604
f 572/572/572 574/574/574 606/606/606 608/608/608
f 609/609/609 608/608/608 606/606/606 607/607/607
f 608/608/608 610/610/610 449/434/434 572/572/572
f 609/609/609 611/611/611 610/610/610 608/608/608
f 610/610/610 612/612/612 413/435/435 449/434/434
f 610/610/610 611/611/611 613/613/613 612/612/612
f 446/487/487 413/435/435 612/612/612 614/614/614
f 613/613/613 615/615/615 614/614/614 612/612/612
f 614/614/614 616/616/616 443/438/438 446/487/487
f 615/615/615 617/617/617 616/616/616 614/614/614
f 616/616/616 618/618/618 414/439/439 443/438/438
f 617/617/617 619/619/619 618/618/618 616/616/616
f 618/618/618 620/620/620 440/480/480 414/439/439
f 619/619/619 621/621/621 620/620/620 618/618/618
f 620/620/620 622/4339/622 437/442/442 440/480/480
f 621/621/621 623/623/623 622/4339/622 620/620/620
f 622/622/622 624/624/624 415/443/443 437/4340/442
f 623/4338/623 625/625/625 624/624/624 622/622/622
f 624/624/624 626/626/626 430/463/463 415/443/443
f 625/625/625 627/627/627 626/626/626 624/624/624
f 427/446/446 430/463/463 626/626/626 628/628/628
f 627/627/627 629/629/629 628/628/628 626/626/626
f 416/447/447 427/446/446 628/628/628 630/630/630
f 631/631/631 600/600/600 434/450/450 424/458/458
f 424/458/458 416/447/447 630/630/630 631/631/631
f 632/632/632 633/633/633 631/631/631 630/630/630
f 633/633/633 601/601/601 600/600/600 631/631/631
f 635/634/634 634/635/635 630/630/630 628/628/628
f 634/635/635 636/636/636 632/632/632 630/630/630
f 629/629/629 637/637/637 635/634/634 628/628/628
f 637/637/637 636/636/636 634/635/635 635/634/634
f 639/638/638 636/636/636 637/637/637 638/639/639
f 629/629/629 640/640/640 638/639/639 637/637/637
f 641/641/641 632/632/632 636/636/636 639/638/638
f 641/641/641 642/642/642 633/633/633 632/632/632
f 643/643/643 601/601/601 633/633/633 642/642/642
f 644/644/644 599/599/599 601/601/601 643/643/643
f 644/644/644 645/645/645 597/597/597 599/599/599
f 645/4427/645 646/646/646 594/595/595 597/4429/597
f 647/647/647 593/593/593 594/595/595 646/646/646
f 648/648/648 592/592/592 593/593/593 647/647/647
f 648/648/648 649/649/649 591/591/591 592/592/592
f 649/649/649 650/650/650 590/590/590 591/591/591
f 589/589/589 590/590/590 650/650/650 651/651/651
f 589/589/589 651/651/651 652/652/652 582/582/582
f 583/583/583 582/582/582 652/652/652 653/653/653
f 653/653/653 654/654/654 584/584/584 583/583/583
f 654/654/654 655/655/655 585/585/585 584/584/584
f 656/656/656 586/586/586 585/585/585 655/655/655
f 586/586/586 656/656/656 657/657/657 587/588/588
f 658/658/658 588/587/587 587/4455/588 657/4454/657
f 659/659/659 603/602/602 588/587/587 658/658/658
f 659/659/659 660/660/660 605/605/605 603/602/602
f 660/660/660 661/661/661 607/607/607 605/605/605
f 661/661/661 662/662/662 609/609/609 607/607/607
f 662/662/662 663/663/663 611/611/611 609/609/609
f 664/664/664 613/613/613 611/611/611 663/663/663
f 664/664/664 665/665/665 615/615/615 613/613/613
f 665/665/665 666/666/666 617/617/617 615/615/615
f 666/666/666 667/667/667 619/619/619 617/617/617
f 667/667/667 668/668/668 621/621/621 619/619/619
f 668/668/668 669/669/669 623/623/623 621/621/621
f 669/4337/669 670/670/670 625/625/625 623/4338/623
f 671/671/671 640/640/640 629/629/629 627/627/627
f 627/627/627 625/625/625 670/670/670 671/671/671
f 651/651/651 672/672/672 673/673/673 652/652/652
f 674/674/674 653/653/653 652/652/652 673/673/673
f 674/674/674 675/675/675 654/654/654 653/653/653
f 676/676/676 672/672/672 651/651/651 650/650/650
f 677/677/677 676/676/676 650/650/650 649/649/649
f 678/678/678 677/677/677 649/649/649 648/648/648
f 678/678/678 648/648/648 647/647/647 679/679/679
f 679/679/679 647/647/647 646/646/646 680/680/680
f 645/4427/645 681/4426/681 680/680/680 646/646/646
f 682/682/682 681/681/681 645/645/645 644/644/644
f 683/683/683 682/682/682 644/644/644 643/643/643
f 684/684/684 683/683/683 643/643/643 642/642/642
f 685/685/685 684/684/684 642/642/642 641/641/641
f 639/638/638 686/686/686 685/685/685 641/641/641
f 687/687/687 686/686/686 639/638/638 638/639/639
f 640/640/640 688/688/688 687/687/687 638/639/639
f 689/689/689 688/688/688 640/640/640 671/671/671
f 690/690/690 689/689/689 671/671/671 670/670/670
f 670/670/670 691/691/691 692/692/692 690/690/690
f 693/4336/693 691/691/691 670/670/670 669/4337/669
f 692/692/692 691/691/691 693/4336/693 694/4335/694
f 695/695/695 693/693/693 669/669/669 668/668/668
f 696/696/696 694/694/694 693/693/693 695/695/695
f 697/697/697 695/695/695 668/668/668 667/667/667
f 698/698/698 696/696/696 695/695/695 697/697/697
f 699/699/699 697/697/697 667/667/667 666/666/666
f 700/700/700 698/698/698 697/697/697 699/699/699
f 701/701/701 699/699/699 666/666/666 665/665/665
f 702/702/702 700/700/700 699/699/699 701/701/701
f 655/655/655 654/654/654 675/675/675 703/703/703
f 704/704/704 656/656/656 655/655/655 703/703/703
f 705/705/705 657/657/657 656/656/656 704/704/704
f 706/706/706 658/658/658 657/4454/657 705/4453/705
f 706/706/706 707/707/707 659/659/659 658/658/658
f 707/707/707 708/708/708 660/660/660 659/659/659
f 708/708/708 709/709/709 661/661/661 660/660/660
f 709/709/709 710/710/710 662/662/662 661/661/661
f 710/710/710 711/711/711 663/663/663 662/662/662
f 709/709/709 712/712/712 711/711/711 710/710/710
f 664/664/664 663/663/663 711/711/711 713/713/713
f 713/713/713 701/701/701 665/665/665 664/664/664
f 714/714/714 702/702/702 701/701/701 713/713/713
f 712/712/712 714/714/714 713/713/713 711/711/711
f 672/672/672 715/715/715 716/716/716 673/673/673
f 673/673/673 716/716/716 717/717/717 674/674/674
f 718/718/718 675/675/675 674/674/674 717/717/717
f 718/718/718 719/719/719 703/703/703 675/675/675
f 719/719/719 720/720/720 704/704/704 703/703/703
f 704/704/704 720/720/720 721/721/721 705/705/705
f 722/722/722 706/706/706 705/4453/705 721/4452/721
f 723/723/723 707/707/707 706/706/706 722/722/722
f 723/723/723 724/724/724 708/708/708 707/707/707
f 724/724/724 725/725/725 709/709/709 708/708/708
f 725/725/725 726/726/726 712/712/712 709/709/709
f 726/726/726 727/727/727 714/714/714 712/712/712
f 727/727/727 728/728/728 702/702/702 714/714/714
f 728/728/728 729/729/729 700/700/700 702/702/702
f 698/698/698 700/700/700 729/729/729 730/730/730
f 730/730/730 731/731/731 696/696/696 698/698/698
f 731/731/731 732/732/732 694/694/694 696/696/696
f 733/733/733 692/692/692 694/4335/694 732/4334/732
f 733/733/733 734/734/734 690/690/690 692/692/692
f 734/734/734 735/735/735 689/689/689 690/690/690
f 735/735/735 736/736/736 688/688/688 689/689/689
f 736/736/736 737/737/737 687/687/687 688/688/688
f 737/737/737 738/738/738 686/686/686 687/687/687
f 686/686/686 738/738/738 739/739/739 685/685/685
f 739/739/739 740/740/740 684/684/684 685/685/685
f 740/740/740 741/741/741 683/683/683 684/684/684
f 741/741/741 742/742/742 682/682/682 683/683/683
f 742/742/742 743/743/743 681/681/681 682/682/682
f 744/744/744 680/680/680 681/4426/681 743/4425/743
f 679/679/679 745/745/745 746/746/746 678/678/678
f 744/744/744 745/745/745 679/679/679 680/680/680
f 746/746/746 747/747/747 677/677/677 678/678/678
f 676/676/676 677/677/677 747/747/747 748/748/748
f 672/672/672 676/676/676 748/748/748 715/715/715
f 715/715/715 749/749/749 750/750/750 716/716/716
f 751/751/751 717/717/717 716/716/716 750/750/750
f 752/752/752 718/718/718 717/717/717 751/751/751
f 752/752/752 753/753/753 719/719/719 718/718/718
f 754/754/754 749/749/749 715/715/715 748/748/748
f 755/755/755 754/754/754 748/748/748 747/747/747
f 756/756/756 755/755/755 747/747/747 746/746/746
f 745/745/745 757/757/757 756/756/756 746/746/746
f 758/758/758 757/757/757 745/745/745 744/744/744
f 759/4424/759 758/758/758 744/744/744 743/4425/743
f 760/760/760 759/759/759 743/743/743 742/742/742
f 742/742/742 741/741/741 761/761/761 760/760/760
f 720/720/720 719/719/719 753/753/753 762/762/762
f 763/763/763 721/721/721 720/720/720 762/762/762
f 764/764/764 722/722/722 721/4452/721 763/4451/763
f 765/765/765 723/723/723 722/722/722 764/764/764
f 765/765/765 766/766/766 724/724/724 723/723/723
f 768/767/767 764/764/764 763/4451/763 767/4450/768
f 769/769/769 765/765/765 764/764/764 768/767/767
f 769/769/769 770/770/770 766/766/766 765/765/765
f 768/767/767 767/4450/768 771/4449/771 772/772/772
f 769/769/769 768/767/767 772/772/772 773/773/773
f 770/770/770 769/769/769 773/773/773 774/774/774
f 772/772/772 771/4449/771 775/4448/775 776/776/776
f 773/773/773 772/772/772 776/776/776 777/777/777
f 774/774/774 773/773/773 777/777/777 778/778/778
f 725/725/725 724/724/724 766/766/766 779/779/779
f 770/770/770 780/780/780 779/779/779 766/766/766
f 780/780/780 770/770/770 774/774/774 781/781/781
f 781/781/781 774/774/774 778/778/778 782/782/782
f 779/779/779 783/783/783 726/726/726 725/725/725
f 780/780/780 784/784/784 783/783/783 779/779/779
f 781/781/781 785/785/785 784/784/784 780/780/780
f 782/782/782 786/786/786 785/785/785 781/781/781
f 783/783/783 787/787/787 727/727/727 726/726/726
f 787/787/787 783/783/783 784/784/784 788/788/788
f 788/788/788 784/784/784 785/785/785 789/789/789
f 786/786/786 790/790/790 789/789/789 785/785/785
f 787/787/787 791/791/791 728/728/728 727/727/727
f 788/788/788 792/792/792 791/791/791 787/787/787
f 789/789/789 793/793/793 792/792/792 788/788/788
f 793/793/793 789/789/789 790/790/790 794/794/794
f 729/729/729 728/728/728 791/791/791 795/795/795
f 795/795/795 791/791/791 792/792/792 796/796/796
f 793/793/793 797/797/797 796/796/796 792/792/792
f 797/797/797 793/793/793 794/794/794 798/798/798
f 795/795/795 799/799/799 730/730/730 729/729/729
f 796/796/796 800/800/800 799/799/799 795/795/795
f 800/800/800 796/796/796 797/797/797 801/801/801
f 801/801/801 797/797/797 798/798/798 802/802/802
f 799/799/799 803/803/803 731/731/731 730/730/730
f 803/803/803 799/799/799 800/800/800 804/804/804
f 801/801/801 805/805/805 804/804/804 800/800/800
f 805/805/805 801/801/801 802/802/802 806/806/806
f 803/803/803 807/807/807 732/732/732 731/731/731
f 807/4333/807 808/808/808 733/733/733 732/4334/732
f 804/804/804 809/4332/809 807/807/807 803/803/803
f 805/805/805 810/4331/810 809/4332/809 804/804/804
f 806/806/806 811/811/811 810/4331/810 805/805/805
f 809/809/809 812/812/812 808/808/808 807/4333/807
f 810/810/810 813/813/813 812/812/812 809/809/809
f 811/4330/811 814/814/814 813/813/813 810/810/810
f 815/815/815 734/734/734 733/733/733 808/808/808
f 815/815/815 816/816/816 735/735/735 734/734/734
f 816/816/816 817/817/817 736/736/736 735/735/735
f 815/815/815 808/808/808 812/812/812 818/818/818
f 818/818/818 812/812/812 813/813/813 819/819/819
f 819/819/819 813/813/813 814/814/814 820/820/820
f 816/816/816 815/815/815 818/818/818 821/821/821
f 819/819/819 822/822/822 821/821/821 818/818/818
f 820/820/820 823/823/823 822/822/822 819/819/819
f 821/821/821 824/824/824 817/817/817 816/816/816
f 824/824/824 821/821/821 822/822/822 825/825/825
f 823/823/823 826/826/826 825/825/825 822/822/822
f 737/737/737 736/736/736 817/817/817 827/827/827
f 738/738/738 737/737/737 827/827/827 828/828/828
f 739/739/739 738/738/738 828/828/828 829/829/829
f 740/740/740 739/739/739 829/829/829 830/830/830
f 741/741/741 740/740/740 830/830/830 761/761/761
f 817/817/817 824/824/824 831/831/831 827/827/827
f 824/824/824 825/825/825 832/832/832 831/831/831
f 825/825/825 826/826/826 833/833/833 832/832/832
f 827/827/827 831/831/831 834/834/834 828/828/828
f 831/831/831 832/832/832 835/835/835 834/834/834
f 832/832/832 833/833/833 836/836/836 835/835/835
f 828/828/828 834/834/834 837/837/837 829/829/829
f 834/834/834 835/835/835 838/838/838 837/837/837
f 835/835/835 836/836/836 839/839/839 838/838/838
f 829/829/829 837/837/837 840/840/840 830/830/830
f 837/837/837 838/838/838 841/841/841 840/840/840
f 838/838/838 839/839/839 842/842/842 841/841/841
f 830/830/830 840/840/840 843/843/843 761/761/761
f 840/840/840 841/841/841 844/844/844 843/843/843
f 841/841/841 842/842/842 845/845/845 844/844/844
f 761/761/761 843/843/843 846/846/846 760/760/760
f 843/843/843 844/844/844 847/847/847 846/846/846
f 844/844/844 845/845/845 848/848/848 847/847/847
f 760/760/760 846/846/846 849/4423/849 759/759/759
f 846/846/846 847/847/847 850/4422/850 849/4423/849
f 847/847/847 848/848/848 851/851/851 850/4422/850
f 762/762/762 852/852/852 767/768/768 763/763/763
f 771/771/771 767/768/768 852/852/852 853/853/853
f 853/853/853 854/854/854 775/775/775 771/771/771
f 762/762/762 753/753/753 855/855/855 852/852/852
f 856/856/856 853/853/853 852/852/852 855/855/855
f 857/857/857 854/854/854 853/853/853 856/856/856
f 753/753/753 752/752/752 858/858/858 855/855/855
f 859/859/859 856/856/856 855/855/855 858/858/858
f 859/859/859 860/860/860 857/857/857 856/856/856
f 751/751/751 861/861/861 858/858/858 752/752/752
f 861/861/861 862/862/862 859/859/859 858/858/858
f 862/862/862 863/863/863 860/860/860 859/859/859
f 865/864/864 756/756/756 757/757/757 864/865/865
f 864/865/865 757/757/757 758/758/758 866/866/866
f 849/849/849 866/866/866 758/758/758 759/4424/759
f 865/864/864 867/867/867 755/755/755 756/756/756
f 754/754/754 755/755/755 867/867/867 868/868/868
f 868/868/868 869/869/869 749/749/749 754/754/754
f 861/861/861 751/751/751 750/750/750 870/870/870
f 870/870/870 750/750/750 749/749/749 869/869/869
f 870/870/870 871/871/871 862/862/862 861/861/861
f 871/871/871 872/872/872 863/863/863 862/862/862
f 870/870/870 869/869/869 873/873/873 871/871/871
f 873/873/873 874/874/874 872/872/872 871/871/871
f 875/875/875 873/873/873 869/869/869 868/868/868
f 876/876/876 874/874/874 873/873/873 875/875/875
f 878/877/877 877/878/878 850/850/850 851/4421/851
f 850/850/850 877/878/878 866/866/866 849/849/849
f 879/879/879 864/865/865 866/866/866 877/878/878
f 864/865/865 879/879/879 880/880/880 865/864/864
f 880/880/880 881/881/881 867/867/867 865/864/864
f 881/881/881 875/875/875 868/868/868 867/867/867
f 882/882/882 879/879/879 877/878/878 878/877/877
f 883/883/883 880/880/880 879/879/879 882/882/882
f 884/884/884 881/881/881 880/880/880 883/883/883
f 875/875/875 881/881/881 884/884/884 876/876/876
f 775/4448/775 885/4447/885 886/886/886 776/776/776
f 776/776/776 886/886/886 887/887/887 777/777/777
f 887/887/887 888/888/888 778/778/778 777/777/777
f 888/888/888 889/889/889 782/782/782 778/778/778
f 889/889/889 890/890/890 786/786/786 782/782/782
f 891/891/891 790/790/790 786/786/786 890/890/890
f 891/891/891 892/892/892 794/794/794 790/790/790
f 794/794/794 892/892/892 893/893/893 798/798/798
f 894/894/894 802/802/802 798/798/798 893/893/893
f 895/895/895 806/806/806 802/802/802 894/894/894
f 895/895/895 896/896/896 811/811/811 806/806/806
f 811/4330/811 896/4329/896 897/897/897 814/814/814
f 897/897/897 898/898/898 820/820/820 814/814/814
f 898/898/898 899/899/899 823/823/823 820/820/820
f 899/899/899 900/900/900 826/826/826 823/823/823
f 900/900/900 901/901/901 833/833/833 826/826/826
f 902/902/902 836/836/836 833/833/833 901/901/901
f 903/903/903 839/839/839 836/836/836 902/902/902
f 903/903/903 904/904/904 842/842/842 839/839/839
f 904/904/904 905/905/905 845/845/845 842/842/842
f 905/905/905 906/906/906 848/848/848 845/845/845
f 848/848/848 906/906/906 907/907/907 851/851/851
f 907/4420/907 908/908/908 878/877/877 851/4421/851
f 908/908/908 909/909/909 882/882/882 878/877/877
f 910/910/910 883/883/883 882/882/882 909/909/909
f 883/883/883 910/910/910 911/911/911 912/912/912
f 883/883/883 912/912/912 913/913/913 884/884/884
f 913/913/913 914/914/914 876/876/876 884/884/884
f 911/911/911 915/915/915 913/913/913 912/912/912
f 915/915/915 916/916/916 914/914/914 913/913/913
f 874/874/874 876/876/876 914/914/914 917/917/917
f 916/916/916 918/918/918 917/917/917 914/914/914
f 872/872/872 874/874/874 917/917/917 919/919/919
f 918/918/918 920/920/920 919/919/919 917/917/917
f 919/919/919 921/921/921 863/863/863 872/872/872
f 920/920/920 922/922/922 921/921/921 919/919/919
f 921/921/921 922/922/922 860/860/860 863/863/863
f 922/922/922 923/923/923 857/857/857 860/860/860
f 854/854/854 857/857/857 923/923/923 924/924/924
f 854/854/854 924/924/924 885/885/885 775/775/775
f 926/925/925 925/926/926 907/907/907 906/906/906
f 925/4419/926 927/927/927 908/908/908 907/4420/907
f 928/928/928 926/925/925 906/906/906 905/905/905
f 929/929/929 928/928/928 905/905/905 904/904/904
f 903/903/903 930/930/930 929/929/929 904/904/904
f 902/902/902 931/931/931 930/930/930 903/903/903
f 931/931/931 902/902/902 901/901/901 932/932/932
f 933/933/933 932/932/932 901/901/901 900/900/900
f 934/934/934 933/933/933 900/900/900 899/899/899
f 935/935/935 934/934/934 899/899/899 898/898/898
f 927/927/927 936/936/936 909/909/909 908/908/908
f 937/937/937 910/910/910 909/909/909 936/936/936
f 938/938/938 911/911/911 910/910/910 937/937/937
f 939/939/939 915/915/915 911/911/911 938/938/938
f 939/939/939 940/940/940 916/916/916 915/915/915
f 940/940/940 941/941/941 918/918/918 916/916/916
f 941/941/941 942/942/942 920/920/920 918/918/918
f 942/942/942 943/943/943 922/922/922 920/920/920
f 943/943/943 944/944/944 923/923/923 922/922/922
f 944/944/944 945/945/945 924/924/924 923/923/923
f 946/946/946 885/885/885 924/924/924 945/945/945
f 946/4446/946 947/947/947 886/886/886 885/4447/885
f 948/948/948 887/887/887 886/886/886 947/947/947
f 948/948/948 949/949/949 888/888/888 887/887/887
f 949/949/949 950/950/950 889/889/889 888/888/888
f 950/950/950 951/951/951 890/890/890 889/889/889
f 891/891/891 890/890/890 951/951/951 952/952/952
f 952/952/952 953/953/953 892/892/892 891/891/891
f 953/953/953 954/954/954 893/893/893 892/892/892
f 954/954/954 955/955/955 894/894/894 893/893/893
f 955/955/955 956/956/956 895/895/895 894/894/894
f 956/956/956 957/957/957 896/896/896 895/895/895
f 957/4328/957 958/958/958 897/897/897 896/4329/896
f 898/898/898 897/897/897 958/958/958 935/935/935
f 962/959/959 959/960/960 960/961/961 961/962/962
f 961/962/962 960/961/961 963/963/963 964/964/964
f 961/962/962 964/964/964 965/4327/965 962/959/959
f 966/966/966 963/963/963 960/961/961 959/960/960
f 959/960/960 962/959/959 965/4327/965 966/966/966
f 964/964/964 963/963/963 935/935/935 958/958/958
f 965/4327/965 964/964/964 958/958/958 957/4328/957
f 956/956/956 967/967/967 965/965/965 957/957/957
f 968/968/968 967/967/967 956/956/956 955/955/955
f 969/969/969 968/968/968 955/955/955 954/954/954
f 970/970/970 969/969/969 954/954/954 953/953/953
f 952/952/952 971/971/971 970/970/970 953/953/953
f 972/972/972 971/971/971 952/952/952 951/951/951
f 973/973/973 972/972/972 951/951/951 950/950/950
f 974/974/974 973/973/973 950/950/950 949/949/949
f 975/975/975 974/974/974 949/949/949 948/948/948
f 947/947/947 976/976/976 975/975/975 948/948/948
f 946/4446/946 977/4445/977 976/976/976 947/947/947
f 979/978/978 978/979/979 945/945/945 944/944/944
f 946/946/946 945/945/945 978/979/979 977/977/977
f 944/944/944 943/943/943 980/980/980 979/978/978
f 981/981/981 980/980/980 943/943/943 942/942/942
f 942/942/942 982/982/982 983/983/983 981/981/981
f 982/982/982 942/942/942 941/941/941 984/984/984
f 985/985/985 984/984/984 941/941/941 940/940/940
f 984/984/984 986/986/986 983/983/983 982/982/982
f 987/987/987 986/986/986 984/984/984 985/985/985
f 988/988/988 985/985/985 940/940/940 939/939/939
f 989/989/989 987/987/987 985/985/985 988/988/988
f 988/988/988 939/939/939 938/938/938 990/990/990
f 989/989/989 988/988/988 990/990/990 991/991/991
f 992/992/992 990/990/990 938/938/938 937/937/937
f 990/990/990 992/992/992 993/993/993 991/991/991
f 937/937/937 936/936/936 994/994/994 992/992/992
f 995/995/995 993/993/993 992/992/992 994/994/994
f 996/996/996 994/994/994 936/936/936 927/927/927
f 994/994/994 996/996/996 997/997/997 995/995/995
f 927/927/927 925/4419/926 998/4418/998 996/996/996
f 999/4417/999 997/997/997 996/996/996 998/4418/998
f 925/926/926 926/925/925 1000/1000/1000 998/998/998
f 998/998/998 1000/1000/1000 1001/1001/1001 999/999/999
f 1002/1002/1002 1000/1000/1000 926/925/925 928/928/928
f 1003/1003/1003 1001/1001/1001 1000/1000/1000 1002/1002/1002
f 1004/1004/1004 1002/1002/1002 928/928/928 929/929/929
f 1005/1005/1005 1003/1003/1003 1002/1002/1002 1004/1004/1004
f 1004/1004/1004 929/929/929 930/930/930 1006/1006/1006
f 1005/1005/1005 1004/1004/1004 1006/1006/1006 1007/1007/1007
f 1006/1006/1006 930/930/930 931/931/931 1008/1008/1008
f 1007/1007/1007 1006/1006/1006 1008/1008/1008 1009/1009/1009
f 1008/1008/1008 931/931/931 932/932/932 1010/1010/1010
f 1009/1009/1009 1008/1008/1008 1010/1010/1010 1011/1011/1011
f 1010/1010/1010 932/932/932 933/933/933 1012/1012/1012
f 1011/1011/1011 1010/1010/1010 1012/1012/1012 1013/1013/1013
f 1014/1014/1014 1012/1012/1012 933/933/933 934/934/934
f 1015/1015/1015 1013/1013/1013 1012/1012/1012 1014/1014/1014
f 935/935/935 963/963/963 966/966/966 1016/1016/1016
f 1016/1016/1016 1017/1017/1017 1018/1018/1018 935/935/935
f 1018/1018/1018 1014/1014/1014 934/934/934 935/935/935
f 1014/1014/1014 1018/1018/1018 1017/1017/1017 1015/1015/1015
f 967/4326/967 1019/4325/1019 966/966/966 965/4327/965
f 1019/4325/1019 1020/1020/1020 1016/1016/1016 966/966/966
f 1017/1017/1017 1016/1016/1016 1020/1020/1020 1021/1021/1021
f 1021/1021/1021 1022/1022/1022 1023/1023/1023 1017/1017/1017
f 1023/1023/1023 1024/1024/1024 1015/1015/1015 1017/1017/1017
f 1023/1023/1023 1022/1022/1022 1025/1025/1025 1024/1024/1024
f 1024/1024/1024 1026/1026/1026 1013/1013/1013 1015/1015/1015
f 1025/1025/1025 1027/1027/1027 1026/1026/1026 1024/1024/1024
f 1026/1026/1026 1028/1028/1028 1011/1011/1011 1013/1013/1013
f 1027/1027/1027 1029/1029/1029 1028/1028/1028 1026/1026/1026
f 1028/1028/1028 1030/1030/1030 1009/1009/1009 1011/1011/1011
f 1029/1029/1029 1031/1031/1031 1030/1030/1030 1028/1028/1028
f 1007/1007/1007 1009/1009/1009 1030/1030/1030 1032/1032/1032
f 1031/1031/1031 1033/1033/1033 1032/1032/1032 1030/1030/1030
f 1032/1032/1032 1034/1034/1034 1005/1005/1005 1007/1007/1007
f 1035/1035/1035 1034/1034/1034 1032/1032/1032 1033/1033/1033
f 1034/1034/1034 1036/1036/1036 1003/1003/1003 1005/1005/1005
f 1035/1035/1035 1037/1037/1037 1036/1036/1036 1034/1034/1034
f 1036/1036/1036 1038/1038/1038 1001/1001/1001 1003/1003/1003
f 1037/1037/1037 1039/1039/1039 1038/1038/1038 1036/1036/1036
f 1038/1038/1038 1040/4416/1040 999/999/999 1001/1001/1001
f 1041/1041/1041 1040/4416/1040 1038/1038/1038 1039/1039/1039
f 1040/1040/1040 1042/1042/1042 997/997/997 999/4417/999
f 1043/1043/1043 1042/1042/1042 1040/1040/1040 1041/4415/1041
f 1042/1042/1042 1044/1044/1044 995/995/995 997/997/997
f 1044/1044/1044 1042/1042/1042 1043/1043/1043 1045/1045/1045
f 1047/1046/1046 1046/1047/1047 1044/1044/1044 1045/1045/1045
f 1046/1047/1047 1048/1048/1048 995/995/995 1044/1044/1044
f 1048/1048/1048 1049/1049/1049 993/993/993 995/995/995
f 993/993/993 1049/1049/1049 1050/1050/1050 991/991/991
f 1051/1051/1051 989/989/989 991/991/991 1050/1050/1050
f 1051/1051/1051 1052/1052/1052 987/987/987 989/989/989
f 1052/1052/1052 1053/1053/1053 986/986/986 987/987/987
f 1054/1054/1054 983/983/983 986/986/986 1053/1053/1053
f 1054/1054/1054 1055/1055/1055 981/981/981 983/983/983
f 980/980/980 981/981/981 1055/1055/1055 1056/1056/1056
f 1056/1056/1056 1057/1057/1057 979/978/978 980/980/980
f 1057/1057/1057 1058/1058/1058 978/979/979 979/978/978
f 977/977/977 978/979/979 1058/1058/1058 1059/1059/1059
f 977/4445/977 1059/4444/1059 1060/1060/1060 976/976/976
f 976/976/976 1060/1060/1060 1061/1061/1061 975/975/975
f 1061/1061/1061 1062/1062/1062 974/974/974 975/975/975
f 973/973/973 974/974/974 1062/1062/1062 1063/1063/1063
f 1063/1063/1063 1064/1064/1064 972/972/972 973/973/973
f 1065/1065/1065 971/971/971 972/972/972 1064/1064/1064
f 970/970/970 971/971/971 1065/1065/1065 1066/1066/1066
f 969/969/969 970/970/970 1066/1066/1066 1067/1067/1067
f 1068/1068/1068 968/968/968 969/969/969 1067/1067/1067
f 967/967/967 968/968/968 1068/1068/1068 1019/1019/1019
f 1070/1069/1069 1020/1020/1020 1019/4325/1019 1069/4324/1070
f 1071/1071/1071 1069/1070/1070 1019/1019/1019 1068/1068/1068
f 1073/1072/1072 1072/1073/1073 1071/1071/1071 1068/1068/1068
f 1074/1074/1074 1073/1072/1072 1068/1068/1068 1067/1067/1067
f 1073/1072/1072 1074/1074/1074 1075/1075/1075 1072/1073/1073
f 1070/1069/1069 1076/1076/1076 1021/1021/1021 1020/1020/1020
f 1077/1077/1077 1022/1022/1022 1021/1021/1021 1076/1076/1076
f 1078/1078/1078 1025/1025/1025 1022/1022/1022 1077/1077/1077
f 1078/1078/1078 1079/1079/1079 1027/1027/1027 1025/1025/1025
f 1079/1079/1079 1080/1080/1080 1029/1029/1029 1027/1027/1027
f 1080/1080/1080 1081/1081/1081 1031/1031/1031 1029/1029/1029
f 1081/1081/1081 1082/1082/1082 1033/1033/1033 1031/1031/1031
f 1083/1083/1083 1035/1035/1035 1033/1033/1033 1082/1082/1082
f 1084/1084/1084 1037/1037/1037 1035/1035/1035 1083/1083/1083
f 1084/1084/1084 1085/1085/1085 1039/1039/1039 1037/1037/1037
f 1086/1086/1086 1041/1041/1041 1039/1039/1039 1085/1085/1085
f 1087/1087/1087 1043/1043/1043 1041/4415/1041 1086/4414/1086
f 1089/1088/1088 1088/1089/1089 1043/1043/1043 1087/1087/1087
f 1088/1089/1089 1090/1090/1090 1045/1045/1045 1043/1043/1043
f 1090/1090/1090 1091/1091/1091 1047/1046/1046 1045/1045/1045
f 1091/1091/1091 1092/1092/1092 1046/1047/1047 1047/1046/1046
f 1092/1092/1092 1093/1093/1093 1048/1048/1048 1046/1047/1047
f 1094/1094/1094 1049/1049/1049 1048/1048/1048 1093/1093/1093
f 1095/1095/1095 1050/1050/1050 1049/1049/1049 1094/1094/1094
f 1096/1096/1096 1051/1051/1051 1050/1050/1050 1095/1095/1095
f 1051/1051/1051 1096/1096/1096 1097/1097/1097 1052/1052/1052
f 1097/1097/1097 1098/1098/1098 1053/1053/1053 1052/1052/1052
f 1053/1053/1053 1098/1098/1098 1099/1099/1099 1054/1054/1054
f 1099/1099/1099 1100/1100/1100 1055/1055/1055 1054/1054/1054
f 1100/1100/1100 1101/1101/1101 1056/1056/1056 1055/1055/1055
f 1101/1101/1101 1102/1102/1102 1057/1057/1057 1056/1056/1056
f 1102/1102/1102 1103/1103/1103 1058/1058/1058 1057/1057/1057
f 1105/1104/1104 1058/1058/1058 1103/1103/1103 1104/1105/1105
f 1059/4444/1059 1106/4443/1106 1107/1107/1107 1060/1060/1060
f 1108/1108/1108 1061/1061/1061 1060/1060/1060 1107/1107/1107
f 1110/1109/1109 1109/1110/1110 1106/1106/1106 1059/1059/1059
f 1104/1105/1105 1109/1110/1110 1110/1109/1109 1105/1104/1104
f 1105/1104/1104 1110/1109/1109 1059/1059/1059 1058/1058/1058
f 1108/1108/1108 1111/1111/1111 1062/1062/1062 1061/1061/1061
f 1111/1111/1111 1112/1112/1112 1063/1063/1063 1062/1062/1062
f 1112/1112/1112 1113/1113/1113 1064/1064/1064 1063/1063/1063
f 1065/1065/1065 1064/1064/1064 1113/1113/1113 1114/1114/1114
f 1066/1066/1066 1065/1065/1065 1114/1114/1114 1115/1115/1115
f 1115/1115/1115 1116/1116/1116 1117/1117/1117 1066/1066/1066
f 1074/1074/1074 1117/1117/1117 1116/1116/1116 1075/1075/1075
f 1067/1067/1067 1066/1066/1066 1117/1117/1117 1074/1074/1074
f 1086/4414/1086 1118/4413/1118 1119/1119/1119 1087/1087/1087
f 1087/1087/1087 1119/1119/1119 1120/1120/1120 1089/1088/1088
f 1118/1118/1118 1086/1086/1086 1085/1085/1085 1121/1121/1121
f 1121/1121/1121 1085/1085/1085 1084/1084/1084 1122/1122/1122
f 1083/1083/1083 1123/1123/1123 1122/1122/1122 1084/1084/1084
f 1123/1123/1123 1083/1083/1083 1082/1082/1082 1124/1124/1124
f 1081/1081/1081 1125/1125/1125 1124/1124/1124 1082/1082/1082
f 1126/1126/1126 1125/1125/1125 1081/1081/1081 1080/1080/1080
f 1127/1127/1127 1126/1126/1126 1080/1080/1080 1079/1079/1079
f 1128/1128/1128 1127/1127/1127 1079/1079/1079 1078/1078/1078
f 1077/1077/1077 1129/1129/1129 1128/1128/1128 1078/1078/1078
f 1130/1130/1130 1129/1129/1129 1077/1077/1077 1076/1076/1076
f 1131/1131/1131 1130/1130/1130 1076/1076/1076 1070/1069/1069
f 1071/1071/1071 1132/1132/1132 1133/1133/1133 1069/1070/1070
f 1133/4323/1133 1131/1131/1131 1070/1069/1069 1069/4324/1070
f 1072/1073/1073 1134/1134/1134 1132/1132/1132 1071/1071/1071
f 1135/1135/1135 1134/1134/1134 1072/1073/1073 1075/1075/1075
f 1136/1136/1136 1135/1135/1135 1075/1075/1075 1116/1116/1116
f 1137/1137/1137 1136/1136/1136 1116/1116/1116 1115/1115/1115
f 1138/1138/1138 1137/1137/1137 1115/1115/1115 1114/1114/1114
f 1139/1139/1139 1138/1138/1138 1114/1114/1114 1113/1113/1113
f 1113/1113/1113 1112/1112/1112 1140/1140/1140 1139/1139/1139
f 1141/1141/1141 1140/1140/1140 1112/1112/1112 1111/1111/1111
f 1142/1142/1142 1141/1141/1141 1111/1111/1111 1108/1108/1108
f 1107/1107/1107 1143/1143/1143 1142/1142/1142 1108/1108/1108
f 1106/4443/1106 1144/4442/1144 1143/1143/1143 1107/1107/1107
f 1109/1110/1110 1145/1145/1145 1144/1144/1144 1106/1106/1106
f 1146/1146/1146 1145/1145/1145 1109/1110/1110 1104/1105/1105
f 1104/1105/1105 1147/1147/1147 1148/1148/1148 1146/1146/1146
f 1149/1149/1149 1147/1147/1147 1104/1105/1105 1103/1103/1103
f 1150/1150/1150 1149/1149/1149 1103/1103/1103 1102/1102/1102
f 1151/1151/1151 1150/1150/1150 1102/1102/1102 1101/1101/1101
f 1152/1152/1152 1151/1151/1151 1101/1101/1101 1100/1100/1100
f 1100/1100/1100 1099/1099/1099 1153/1153/1153 1152/1152/1152
f 1154/1154/1154 1153/1153/1153 1099/1099/1099 1098/1098/1098
f 1155/1155/1155 1154/1154/1154 1098/1098/1098 1097/1097/1097
f 1095/1095/1095 1155/1155/1155 1097/1097/1097 1096/1096/1096
f 1094/1094/1094 1156/1156/1156 1155/1155/1155 1095/1095/1095
f 1157/1157/1157 1156/1156/1156 1094/1094/1094 1093/1093/1093
f 1093/1093/1093 1092/1092/1092 1158/1158/1158 1157/1157/1157
f 1092/1092/1092 1091/1091/1091 1159/1159/1159 1158/1158/1158
f 1160/1160/1160 1159/1159/1159 1091/1091/1091 1090/1090/1090
f 1090/1090/1090 1088/1089/1089 1161/1161/1161 1160/1160/1160
f 1088/1089/1089 1089/1088/1088 1162/1162/1162 1161/1161/1161
f 1162/1162/1162 1089/1088/1088 1163/1163/1163 1164/1164/1164
f 1165/1165/1165 1163/1163/1163 1089/1088/1088 1120/1120/1120
f 1166/1166/1166 1164/1164/1164 1163/1163/1163 1165/1165/1165
f 1168/1167/1167 1167/4409/1168 1120/1120/1120 1119/1119/1119
f 1168/1167/1167 1119/1119/1119 1118/4413/1118 1169/4411/1169
f 1169/1169/1169 1170/1170/1170 1167/1168/1168 1168/4412/1167
f 1170/1170/1170 1169/1169/1169 1118/1118/1118 1121/1121/1121
f 1172/1171/1171 1171/1172/1172 1170/1170/1170 1121/1121/1121
f 1173/1173/1173 1172/1171/1171 1121/1121/1121 1122/1122/1122
f 1174/1174/1174 1171/1172/1172 1172/1171/1171 1173/1173/1173
f 1175/1175/1175 1173/1173/1173 1122/1122/1122 1123/1123/1123
f 1175/1175/1175 1176/1176/1176 1174/1174/1174 1173/1173/1173
f 1177/1177/1177 1175/1175/1175 1123/1123/1123 1124/1124/1124
f 1177/1177/1177 1178/1178/1178 1176/1176/1176 1175/1175/1175
f 1180/1179/1179 1179/1180/1180 1125/1125/1125 1126/1126/1126
f 1179/1180/1180 1177/1177/1177 1124/1124/1124 1125/1125/1125
f 1181/1181/1181 1178/1178/1178 1177/1177/1177 1179/1180/1180
f 1179/1180/1180 1180/1179/1179 1182/1182/1182 1181/1181/1181
f 1183/1183/1183 1180/1179/1179 1126/1126/1126 1127/1127/1127
f 1180/1179/1179 1183/1183/1183 1184/1184/1184 1182/1182/1182
f 1185/1185/1185 1183/1183/1183 1127/1127/1127 1128/1128/1128
f 1186/1186/1186 1184/1184/1184 1183/1183/1183 1185/1185/1185
f 1129/1129/1129 1187/1187/1187 1185/1185/1185 1128/1128/1128
f 1187/1187/1187 1188/1188/1188 1186/1186/1186 1185/1185/1185
f 1189/1189/1189 1187/1187/1187 1129/1129/1129 1130/1130/1130
f 1188/1188/1188 1187/1187/1187 1189/1189/1189 1190/1190/1190
f 1130/1130/1130 1131/1131/1131 1191/1191/1191 1189/1189/1189
f 1192/1192/1192 1190/1190/1190 1189/1189/1189 1191/1191/1191
f 1193/4322/1193 1191/1191/1191 1131/1131/1131 1133/4323/1133
f 1194/4321/1194 1192/1192/1192 1191/1191/1191 1193/4322/1193
f 1132/1132/1132 1195/1195/1195 1193/1193/1193 1133/1133/1133
f 1195/1195/1195 1196/1196/1196 1194/1194/1194 1193/1193/1193
f 1134/1134/1134 1197/1197/1197 1195/1195/1195 1132/1132/1132
f 1196/1196/1196 1195/1195/1195 1197/1197/1197 1198/1198/1198
f 1199/1199/1199 1197/1197/1197 1134/1134/1134 1135/1135/1135
f 1199/1199/1199 1200/1200/1200 1198/1198/1198 1197/1197/1197
f 1135/1135/1135 1136/1136/1136 1201/1201/1201 1199/1199/1199
f 1202/1202/1202 1200/1200/1200 1199/1199/1199 1201/1201/1201
f 1204/1203/1203 1203/1204/1204 1138/1138/1138 1139/1139/1139
f 1203/1204/1204 1205/1205/1205 1137/1137/1137 1138/1138/1138
f 1136/1136/1136 1137/1137/1137 1205/1205/1205 1201/1201/1201
f 1205/1205/1205 1206/1206/1206 1202/1202/1202 1201/1201/1201
f 1207/1207/1207 1206/1206/1206 1205/1205/1205 1203/1204/1204
f 1203/1204/1204 1204/1203/1203 1208/1208/1208 1207/1207/1207
f 1209/1209/1209 1204/1203/1203 1139/1139/1139 1140/1140/1140
f 1210/1210/1210 1208/1208/1208 1204/1203/1203 1209/1209/1209
f 1211/1211/1211 1209/1209/1209 1140/1140/1140 1141/1141/1141
f 1211/1211/1211 1212/1212/1212 1210/1210/1210 1209/1209/1209
f 1213/1213/1213 1211/1211/1211 1141/1141/1141 1142/1142/1142
f 1214/1214/1214 1212/1212/1212 1211/1211/1211 1213/1213/1213
f 1143/1143/1143 1215/1215/1215 1213/1213/1213 1142/1142/1142
f 1215/1215/1215 1216/1216/1216 1214/1214/1214 1213/1213/1213
f 1144/4442/1144 1217/4441/1217 1215/1215/1215 1143/1143/1143
f 1217/4441/1217 1218/4440/1218 1216/1216/1216 1215/1215/1215
f 1219/1219/1219 1217/1217/1217 1144/1144/1144 1145/1145/1145
f 1217/1217/1217 1219/1219/1219 1220/1220/1220 1218/1218/1218
f 1221/1221/1221 1219/1219/1219 1145/1145/1145 1146/1146/1146
f 1221/1221/1221 1222/1222/1222 1220/1220/1220 1219/1219/1219
f 1224/1223/1223 1222/1222/1222 1221/1221/1221 1223/1224/1224
f 1223/1224/1224 1221/1221/1221 1146/1146/1146 1148/1148/1148
f 1120/1120/1120 1225/4394/1225 1226/4395/1226 1165/1165/1165
f 1227/4384/1227 1166/1166/1166 1165/1165/1165 1226/4395/1226
f 1167/4409/1168 1228/4410/1228 1225/4394/1225 1120/1120/1120
f 1167/1168/1168 1170/1170/1170 1229/1229/1229 1228/4391/1228
f 1229/1229/1229 1170/1170/1170 1171/1172/1172 1230/1230/1230
f 1174/1174/1174 1231/1231/1231 1230/1230/1230 1171/1172/1172
f 1176/1176/1176 1232/1232/1232 1231/1231/1231 1174/1174/1174
f 1234/1233/1233 1194/1194/1194 1196/1196/1196 1233/1234/1234
f 1235/1235/1235 1192/1192/1192 1194/4321/1194 1234/4320/1233
f 1235/1235/1235 1236/1236/1236 1190/1190/1190 1192/1192/1192
f 1190/1190/1190 1236/1236/1236 1237/1237/1237 1188/1188/1188
f 1188/1188/1188 1237/1237/1237 1238/1238/1238 1186/1186/1186
f 1198/1198/1198 1239/1239/1239 1233/1234/1234 1196/1196/1196
f 1200/1200/1200 1240/1240/1240 1239/1239/1239 1198/1198/1198
f 1176/1176/1176 1178/1178/1178 1241/1241/1241 1232/1232/1232
f 1178/1178/1178 1181/1181/1181 1242/1242/1242 1241/1241/1241
f 1181/1181/1181 1182/1182/1182 1243/1243/1243 1242/1242/1242
f 1182/1182/1182 1184/1184/1184 1244/1244/1244 1243/1243/1243
f 1184/1184/1184 1186/1186/1186 1238/1238/1238 1244/1244/1244
f 1246/1245/1245 1245/1246/1246 1206/1206/1206 1207/1207/1207
f 1202/1202/1202 1206/1206/1206 1245/1246/1246 1247/1247/1247
f 1247/1247/1247 1240/1240/1240 1200/1200/1200 1202/1202/1202
f 1210/1210/1210 1248/1248/1248 1249/1249/1249 1208/1208/1208
f 1249/1249/1249 1246/1245/1245 1207/1207/1207 1208/1208/1208
f 1212/1212/1212 1250/1250/1250 1248/1248/1248 1210/1210/1210
f 1251/1251/1251 1250/1250/1250 1212/1212/1212 1214/1214/1214
f 1216/1216/1216 1252/1252/1252 1251/1251/1251 1214/1214/1214
f 1218/4440/1218 1253/1253/1253 1252/1252/1252 1216/1216/1216
f 1254/4392/1254 1253/4439/1253 1218/1218/1218 1220/1220/1220
f 1255/4393/1255 1254/4392/1254 1220/1220/1220 1222/1222/1222
f 1222/1222/1222 1256/1256/1256 1257/1257/1257 1255/4393/1255
f 1258/1258/1258 1256/1256/1256 1222/1222/1222 1224/1223/1223
f 1260/1259/1259 1234/1233/1233 1233/1234/1234 1259/1260/1260
f 1260/4319/1259 1261/4318/1261 1235/1235/1235 1234/4320/1233
f 1261/4318/1261 1262/1262/1262 1236/1236/1236 1235/1235/1235
f 1262/1262/1262 1263/1263/1263 1237/1237/1237 1236/1236/1236
f 1263/1263/1263 1264/1264/1264 1238/1238/1238 1237/1237/1237
f 1239/1239/1239 1265/1265/1265 1259/1260/1260 1233/1234/1234
f 1240/1240/1240 1266/1266/1266 1265/1265/1265 1239/1239/1239
f 1259/1260/1260 1267/1267/1267 1261/1261/1261 1260/1259/1259
f 1267/4317/1267 1268/1268/1268 1262/1262/1262 1261/4318/1261
f 1262/1262/1262 1268/1268/1268 1269/1269/1269 1263/1263/1263
f 1270/1270/1270 1264/1264/1264 1263/1263/1263 1269/1269/1269
f 1265/1265/1265 1271/1271/1271 1267/1267/1267 1259/1260/1260
f 1268/1268/1268 1267/4317/1267 1271/4316/1271 1272/1272/1272
f 1268/1268/1268 1272/1272/1272 1273/1273/1273 1269/1269/1269
f 1269/1269/1269 1273/1273/1273 1274/1274/1274 1270/1270/1270
f 1265/1265/1265 1266/1266/1266 1275/1275/1275 1271/1271/1271
f 1276/4314/1276 1272/1272/1272 1271/4316/1271 1275/4315/1275
f 1277/4313/1277 1273/1273/1273 1272/1272/1272 1276/4314/1276
f 1278/4312/1278 1274/1274/1274 1273/1273/1273 1277/4313/1277
f 1254/4438/1254 1279/4389/1279 1280/1280/1280 1253/1253/1253
f 1281/1281/1281 1252/1252/1252 1253/1253/1253 1280/1280/1280
f 1282/1282/1282 1251/1251/1251 1252/1252/1252 1281/1281/1281
f 1284/1283/1283 1280/1280/1280 1279/4389/1279 1283/1284/1284
f 1280/1280/1280 1284/1283/1283 1285/1285/1285 1281/1281/1281
f 1281/1281/1281 1285/1285/1285 1286/1286/1286 1282/1282/1282
f 1228/4391/1228 1229/1229/1229 1287/1287/1287 1288/4390/1288
f 1287/1287/1287 1289/1289/1289 1290/1290/1290 1288/4390/1288
f 1292/1291/1291 1283/1284/1284 1279/4389/1279 1291/4388/1292
f 1288/1288/1288 1290/4385/1290 1292/4387/1291 1291/1292/1292
f 1230/1230/1230 1293/1293/1293 1287/1287/1287 1229/1229/1229
f 1294/1294/1294 1289/1289/1289 1287/1287/1287 1293/1293/1293
f 1296/1295/1295 1295/1296/1296 1294/1294/1294 1293/1293/1293
f 1231/1231/1231 1296/1295/1295 1293/1293/1293 1230/1230/1230
f 1232/1232/1232 1297/1297/1297 1296/1295/1295 1231/1231/1231
f 1297/1297/1297 1298/1298/1298 1295/1296/1296 1296/1295/1295
f 1299/1299/1299 1297/1297/1297 1232/1232/1232 1241/1241/1241
f 1300/1300/1300 1298/1298/1298 1297/1297/1297 1299/1299/1299
f 1301/1301/1301 1299/1299/1299 1241/1241/1241 1242/1242/1242
f 1302/1302/1302 1300/1300/1300 1299/1299/1299 1301/1301/1301
f 1303/1303/1303 1301/1301/1301 1242/1242/1242 1243/1243/1243
f 1304/1304/1304 1302/1302/1302 1301/1301/1301 1303/1303/1303
f 1305/1305/1305 1303/1303/1303 1243/1243/1243 1244/1244/1244
f 1305/1305/1305 1306/1306/1306 1304/1304/1304 1303/1303/1303
f 1264/1264/1264 1305/1305/1305 1244/1244/1244 1238/1238/1238
f 1308/1307/1307 1307/1308/1308 1305/1305/1305 1264/1264/1264
f 1305/1305/1305 1307/1308/1308 1309/1309/1309 1306/1306/1306
f 1310/1310/1310 1309/1309/1309 1307/1308/1308 1308/1307/1307
f 1270/1270/1270 1310/1310/1310 1308/1307/1307 1264/1264/1264
f 1250/1250/1250 1251/1251/1251 1282/1282/1282 1311/1311/1311
f 1282/1282/1282 1286/1286/1286 1312/1312/1312 1311/1311/1311
f 1311/1311/1311 1313/1313/1313 1248/1248/1248 1250/1250/1250
f 1312/1312/1312 1314/1314/1314 1313/1313/1313 1311/1311/1311
f 1249/1249/1249 1248/1248/1248 1313/1313/1313 1315/1315/1315
f 1316/1316/1316 1315/1315/1315 1313/1313/1313 1314/1314/1314
f 1246/1245/1245 1249/1249/1249 1315/1315/1315 1317/1317/1317
f 1315/1315/1315 1316/1316/1316 1318/1318/1318 1317/1317/1317
f 1245/1246/1246 1246/1245/1245 1317/1317/1317 1319/1319/1319
f 1318/1318/1318 1320/1320/1320 1319/1319/1319 1317/1317/1317
f 1247/1247/1247 1245/1246/1246 1319/1319/1319 1321/1321/1321
f 1320/1320/1320 1322/1322/1322 1321/1321/1321 1319/1319/1319
f 1240/1240/1240 1247/1247/1247 1321/1321/1321 1266/1266/1266
f 1322/1322/1322 1323/1323/1323 1324/1324/1324 1321/1321/1321
f 1324/1324/1324 1275/1275/1275 1266/1266/1266 1321/1321/1321
f 1275/1275/1275 1324/1324/1324 1323/1323/1323 1276/1276/1276
f 1276/1276/1276 1323/1323/1323 1278/1278/1278 1277/1277/1277
f 1270/1270/1270 1274/1274/1274 1278/4312/1278 1310/1310/1310
f 1326/1325/1325 1310/1310/1310 1278/4312/1278 1325/4311/1326
f 1327/1327/1327 1325/1326/1326 1278/1278/1278 1323/1323/1323
f 1322/1322/1322 1328/1328/1328 1327/1327/1327 1323/1323/1323
f 1320/1320/1320 1329/1329/1329 1328/1328/1328 1322/1322/1322
f 1314/1314/1314 1330/1330/1330 1331/1331/1331 1316/1316/1316
f 1316/1316/1316 1331/1331/1331 1332/1332/1332 1318/1318/1318
f 1318/1318/1318 1332/1332/1332 1329/1329/1329 1320/1320/1320
f 1286/1286/1286 1333/1333/1333 1334/1334/1334 1312/1312/1312
f 1312/1312/1312 1334/1334/1334 1330/1330/1330 1314/1314/1314
f 1283/1284/1284 1335/1335/1335 1336/1336/1336 1284/1283/1283
f 1284/1283/1283 1336/1336/1336 1337/1337/1337 1285/1285/1285
f 1285/1285/1285 1337/1337/1337 1333/1333/1333 1286/1286/1286
f 1292/1291/1291 1338/1338/1338 1335/1335/1335 1283/1284/1284
f 1338/1338/1338 1292/1291/1291 1290/4386/1290 1339/1339/1339
f 1340/1340/1340 1339/4378/1339 1290/1290/1290 1289/1289/1289
f 1289/1289/1289 1294/1294/1294 1341/1341/1341 1340/1340/1340
f 1294/1294/1294 1295/1296/1296 1342/1342/1342 1341/1341/1341
f 1298/1298/1298 1343/1343/1343 1342/1342/1342 1295/1296/1296
f 1298/1298/1298 1300/1300/1300 1344/1344/1344 1343/1343/1343
f 1345/1345/1345 1344/1344/1344 1300/1300/1300 1302/1302/1302
f 1346/1346/1346 1345/1345/1345 1302/1302/1302 1304/1304/1304
f 1347/1347/1347 1346/1346/1346 1304/1304/1304 1306/1306/1306
f 1347/1347/1347 1306/1306/1306 1309/1309/1309 1348/1348/1348
f 1310/1310/1310 1326/1325/1325 1348/1348/1348 1309/1309/1309
f 1325/4311/1326 1349/4310/1349 1350/1350/1350 1326/1325/1325
f 1351/1351/1351 1348/1348/1348 1326/1325/1325 1350/1350/1350
f 1348/1348/1348 1351/1351/1351 1352/1352/1352 1347/1347/1347
f 1347/1347/1347 1352/1352/1352 1353/1353/1353 1346/1346/1346
f 1354/1354/1354 1345/1345/1345 1346/1346/1346 1353/1353/1353
f 1355/1355/1355 1344/1344/1344 1345/1345/1345 1354/1354/1354
f 1356/1356/1356 1343/1343/1343 1344/1344/1344 1355/1355/1355
f 1327/1327/1327 1357/1357/1357 1349/1349/1349 1325/1326/1326
f 1357/1357/1357 1327/1327/1327 1328/1328/1328 1358/1358/1358
f 1358/1358/1358 1328/1328/1328 1329/1329/1329 1359/1359/1359
f 1332/1332/1332 1360/1360/1360 1359/1359/1359 1329/1329/1329
f 1331/1331/1331 1361/1361/1361 1360/1360/1360 1332/1332/1332
f 1330/1330/1330 1362/1362/1362 1361/1361/1361 1331/1331/1331
f 1337/1337/1337 1363/1363/1363 1364/1364/1364 1333/1333/1333
f 1333/1333/1333 1364/1364/1364 1365/1365/1365 1334/1334/1334
f 1362/1362/1362 1330/1330/1330 1334/1334/1334 1365/1365/1365
f 1337/1337/1337 1336/1336/1336 1366/1366/1366 1363/1363/1363
f 1367/1367/1367 1366/1366/1366 1336/1336/1336 1335/1335/1335
f 1335/1335/1335 1338/1338/1338 1339/1339/1339 1367/1367/1367
f 1368/4376/1368 1367/1367/1367 1339/1339/1339 1340/4377/1340
f 1340/1340/1340 1341/1341/1341 1369/1369/1369 1368/1368/1368
f 1341/1341/1341 1342/1342/1342 1370/1370/1370 1369/1369/1369
f 1343/1343/1343 1356/1356/1356 1370/1370/1370 1342/1342/1342
f 1363/1363/1363 1371/1371/1371 1372/1372/1372 1364/1364/1364
f 1366/1366/1366 1373/1373/1373 1371/1371/1371 1363/1363/1363
f 1367/1367/1367 1374/1374/1374 1373/1373/1373 1366/1366/1366
f 1375/4375/1375 1374/1374/1374 1367/1367/1367 1368/4376/1368
f 1368/1368/1368 1369/1369/1369 1376/1376/1376 1375/1375/1375
f 1376/1376/1376 1369/1369/1369 1370/1370/1370 1377/1377/1377
f 1356/1356/1356 1378/1378/1378 1377/1377/1377 1370/1370/1370
f 1356/1356/1356 1355/1355/1355 1379/1379/1379 1378/1378/1378
f 1376/1376/1376 1380/1380/1380 1381/1381/1381 1375/1375/1375
f 1381/4374/1381 1382/1382/1382 1374/1374/1374 1375/4375/1375
f 1380/1380/1380 1376/1376/1376 1377/1377/1377 1378/1378/1378
f 1379/1379/1379 1383/1383/1383 1380/1380/1380 1378/1378/1378
f 1382/1382/1382 1384/1384/1384 1373/1373/1373 1374/1374/1374
f 1385/1385/1385 1371/1371/1371 1373/1373/1373 1384/1384/1384
f 1386/1386/1386 1372/1372/1372 1371/1371/1371 1385/1385/1385
f 1387/1387/1387 1365/1365/1365 1364/1364/1364 1372/1372/1372
f 1365/1365/1365 1387/1387/1387 1388/1388/1388 1362/1362/1362
f 1390/1389/1389 1388/1388/1388 1387/1387/1387 1389/1390/1390
f 1389/1390/1390 1387/1387/1387 1372/1372/1372 1386/1386/1386
f 1391/1391/1391 1379/1379/1379 1355/1355/1355 1354/1354/1354
f 1391/1391/1391 1392/1392/1392 1383/1383/1383 1379/1379/1379
f 1388/1388/1388 1393/1393/1393 1361/1361/1361 1362/1362/1362
f 1388/1388/1388 1390/1389/1389 1394/1394/1394 1393/1393/1393
f 1360/1360/1360 1361/1361/1361 1393/1393/1393 1395/1395/1395
f 1395/1395/1395 1393/1393/1393 1394/1394/1394 1396/1396/1396
f 1395/1395/1395 1397/1397/1397 1359/1359/1359 1360/1360/1360
f 1397/1397/1397 1395/1395/1395 1396/1396/1396 1398/1398/1398
f 1397/1397/1397 1399/1399/1399 1358/1358/1358 1359/1359/1359
f 1398/1398/1398 1400/1400/1400 1399/1399/1399 1397/1397/1397
f 1399/1399/1399 1401/1401/1401 1357/1357/1357 1358/1358/1358
f 1402/1402/1402 1401/1401/1401 1399/1399/1399 1400/1400/1400
f 1349/1349/1349 1357/1357/1357 1401/1401/1401 1403/4309/1403
f 1401/1401/1401 1402/1402/1402 1404/1404/1404 1403/4309/1403
f 1405/1405/1405 1350/1350/1350 1349/4310/1349 1403/1403/1403
f 1406/1406/1406 1351/1351/1351 1350/1350/1350 1405/1405/1405
f 1407/1407/1407 1352/1352/1352 1351/1351/1351 1406/1406/1406
f 1408/1408/1408 1405/1405/1405 1403/1403/1403 1404/4307/1404
f 1408/1408/1408 1407/1407/1407 1406/1406/1406 1405/1405/1405
f 1407/1407/1407 1409/1409/1409 1353/1353/1353 1352/1352/1352
f 1354/1354/1354 1353/1353/1353 1409/1409/1409 1391/1391/1391
f 1410/1410/1410 1409/1409/1409 1407/1407/1407 1408/1408/1408
f 1410/1410/1410 1411/1411/1411 1391/1391/1391 1409/1409/1409
f 1411/1411/1411 1412/1412/1412 1392/1392/1392 1391/1391/1391
f 1389/1390/1390 1386/1386/1386 1413/1413/1413 1390/1389/1389
f 1414/1414/1414 1394/1394/1394 1390/1389/1389 1413/1413/1413
f 1415/1415/1415 1396/1396/1396 1394/1394/1394 1414/1414/1414
f 1415/1415/1415 1416/1416/1416 1398/1398/1398 1396/1396/1396
f 1416/1416/1416 1417/1417/1417 1400/1400/1400 1398/1398/1398
f 1400/1400/1400 1417/1417/1417 1418/4308/1418 1402/1402/1402
f 1402/1402/1402 1418/4308/1418 1419/4306/1419 1404/1404/1404
f 1404/4307/1404 1419/1419/1419 1420/1420/1420 1408/1408/1408
f 1421/1421/1421 1410/1410/1410 1408/1408/1408 1420/1420/1420
f 1421/1421/1421 1422/1422/1422 1411/1411/1411 1410/1410/1410
f 1422/1422/1422 1423/1423/1423 1412/1412/1412 1411/1411/1411
f 1412/1412/1412 1424/1424/1424 1383/1383/1383 1392/1392/1392
f 1423/1423/1423 1425/1425/1425 1424/1424/1424 1412/1412/1412
f 1427/1426/1426 1426/1427/1427 1424/1424/1424 1425/1425/1425
f 1424/1424/1424 1426/1427/1427 1380/1380/1380 1383/1383/1383
f 1381/1381/1381 1380/1380/1380 1426/1427/1427 1428/1428/1428
f 1428/4373/1428 1429/1429/1429 1382/1382/1382 1381/4374/1381
f 1429/1429/1429 1430/1430/1430 1384/1384/1384 1382/1382/1382
f 1431/1431/1431 1385/1385/1385 1384/1384/1384 1430/1430/1430
f 1413/1413/1413 1386/1386/1386 1385/1385/1385 1431/1431/1431
f 1426/1427/1427 1427/1426/1426 1432/1432/1432 1428/1428/1428
f 1428/4373/1428 1432/4372/1432 1433/1433/1433 1429/1429/1429
f 1429/1429/1429 1433/1433/1433 1434/1434/1434 1430/1430/1430
f 1430/1430/1430 1434/1434/1434 1435/1435/1435 1431/1431/1431
f 1431/1431/1431 1435/1435/1435 1414/1414/1414 1413/1413/1413
f 1437/1436/1436 1421/1421/1421 1420/1420/1420 1436/1437/1437
f 1436/1437/1437 1420/1420/1420 1419/1419/1419 1418/1418/1418
f 1418/1418/1418 1417/4305/1417 1437/1436/1436 1436/1437/1437
f 1437/1436/1436 1438/1438/1438 1422/1422/1422 1421/1421/1421
f 1438/1438/1438 1439/1439/1439 1423/1423/1423 1422/1422/1422
f 1439/1439/1439 1440/1440/1440 1425/1425/1425 1423/1423/1423
f 1417/4305/1417 1441/4304/1441 1438/1438/1438 1437/1436/1436
f 1438/1438/1438 1441/4304/1441 1442/4303/1442 1439/1439/1439
f 1442/4303/1442 1443/4302/1443 1440/1440/1440 1439/1439/1439
f 1444/1444/1444 1441/1441/1441 1417/1417/1417 1416/1416/1416
f 1445/1445/1445 1444/1444/1444 1416/1416/1416 1415/1415/1415
f 1415/1415/1415 1414/1414/1414 1435/1435/1435 1445/1445/1445
f 1446/1446/1446 1442/1442/1442 1441/1441/1441 1444/1444/1444
f 1444/1444/1444 1445/1445/1445 1447/1447/1447 1446/1446/1446
f 1445/1445/1445 1435/1435/1435 1434/1434/1434 1447/1447/1447
f 1443/4302/1443 1448/4301/1448 1449/1449/1449 1440/1440/1440
f 1449/1449/1449 1427/1426/1426 1425/1425/1425 1440/1440/1440
f 1446/1446/1446 1450/1450/1450 1443/1443/1443 1442/1442/1442
f 1450/1450/1450 1451/1451/1451 1448/1448/1448 1443/1443/1443
f 1451/1451/1451 1450/1450/1450 1446/1446/1446 1447/1447/1447
f 1427/1426/1426 1449/1449/1449 1448/4301/1448 1432/1432/1432
f 1432/4372/1432 1448/1448/1448 1451/1451/1451 1433/1433/1433
f 1433/1433/1433 1451/1451/1451 1447/1447/1447 1434/1434/1434
f 1254/1254/1254 1452/1452/1452 1453/1453/1453 1279/1279/1279
f 1454/1454/1454 1452/1452/1452 1254/1254/1254 1255/1255/1255
f 1257/4381/1257 1455/1455/1455 1454/1454/1454 1255/1255/1255
f 1453/1453/1453 1456/1456/1456 1291/1292/1292 1279/1279/1279
f 1456/1456/1456 1457/1457/1457 1288/1288/1288 1291/1292/1292
f 1457/4500/1457 1458/1458/1458 1228/1228/1228 1288/4501/1288
f 1458/1458/1458 1459/1459/1459 1225/1225/1225 1228/1228/1228
f 1460/1460/1460 1226/1226/1226 1225/1225/1225 1459/1459/1459
f 1460/1460/1460 1461/1461/1461 1227/1227/1227 1226/1226/1226
f 1463/1462/1462 1227/1227/1227 1461/1461/1461 1462/1463/1463
f 1463/4379/1462 1464/1464/1464 1166/1166/1166 1227/4384/1227
f 1464/1464/1464 1465/1465/1465 1164/1164/1164 1166/1166/1166
f 1466/1466/1466 1162/1162/1162 1164/1164/1164 1465/1465/1465
f 1161/1161/1161 1162/1162/1162 1466/1466/1466 1467/1467/1467
f 1467/1467/1467 1468/1468/1468 1469/1469/1469 1161/1161/1161
f 1469/1469/1469 1470/1470/1470 1160/1160/1160 1161/1161/1161
f 1470/1470/1470 1471/1471/1471 1159/1159/1159 1160/1160/1160
f 1469/1469/1469 1468/1468/1468 1472/1472/1472 1470/1470/1470
f 1472/1472/1472 1473/1473/1473 1471/1471/1471 1470/1470/1470
f 1475/1474/1474 1474/1475/1475 1471/1471/1471 1473/1473/1473
f 1474/1475/1475 1158/1158/1158 1159/1159/1159 1471/1471/1471
f 1475/1474/1474 1476/1476/1476 1477/1477/1477 1474/1475/1475
f 1157/1157/1157 1158/1158/1158 1474/1475/1475 1477/1477/1477
f 1476/1476/1476 1478/1478/1478 1479/1479/1479 1477/1477/1477
f 1156/1156/1156 1157/1157/1157 1477/1477/1477 1479/1479/1479
f 1481/1480/1480 1154/1154/1154 1155/1155/1155 1480/1481/1481
f 1156/1156/1156 1479/1479/1479 1480/1481/1481 1155/1155/1155
f 1483/1482/1482 1481/1480/1480 1480/1481/1481 1482/1483/1483
f 1478/1478/1478 1482/1483/1483 1480/1481/1481 1479/1479/1479
f 1481/1480/1480 1484/1484/1484 1153/1153/1153 1154/1154/1154
f 1485/1485/1485 1484/1484/1484 1481/1480/1480 1483/1482/1482
f 1484/1484/1484 1486/1486/1486 1152/1152/1152 1153/1153/1153
f 1485/1485/1485 1487/1487/1487 1486/1486/1486 1484/1484/1484
f 1486/1486/1486 1488/1488/1488 1151/1151/1151 1152/1152/1152
f 1489/1489/1489 1488/1488/1488 1486/1486/1486 1487/1487/1487
f 1488/1488/1488 1490/1490/1490 1150/1150/1150 1151/1151/1151
f 1491/1491/1491 1490/1490/1490 1488/1488/1488 1489/1489/1489
f 1490/1490/1490 1492/1492/1492 1149/1149/1149 1150/1150/1150
f 1491/1491/1491 1493/1493/1493 1492/1492/1492 1490/1490/1490
f 1494/1494/1494 1147/1147/1147 1149/1149/1149 1492/1492/1492
f 1495/1495/1495 1494/1494/1494 1492/1492/1492 1493/1493/1493
f 1494/1494/1494 1495/1495/1495 1148/1148/1148 1147/1147/1147
f 1496/1496/1496 1223/1224/1224 1148/1148/1148 1495/1495/1495
f 1223/1224/1224 1496/1496/1496 1497/1497/1497 1224/1223/1223
f 1224/1223/1223 1497/1497/1497 1498/1498/1498 1258/1258/1258
f 1500/4382/1499 1499/4383/1500 1455/1455/1455 1257/4381/1257
f 1258/1258/1258 1500/1499/1499 1257/1257/1257 1256/1256/1256
f 1500/1499/1499 1258/1258/1258 1501/4124/1501 1499/4120/1500
f 1498/1498/1498 1502/4123/1502 1501/4124/1501 1258/1258/1258
f 1504/1503/1503 1503/1504/1504 1502/4123/1502 1498/1498/1498
f 1505/1505/1505 1504/1503/1503 1498/1498/1498 1497/1497/1497
f 1496/1496/1496 1506/1506/1506 1505/1505/1505 1497/1497/1497
f 1507/1507/1507 1506/1506/1506 1496/1496/1496 1495/1495/1495
f 1493/1493/1493 1508/1508/1508 1507/1507/1507 1495/1495/1495
f 1509/1509/1509 1508/1508/1508 1493/1493/1493 1491/1491/1491
f 1511/1510/1510 1509/1509/1509 1491/1491/1491 1510/1511/1511
f 1512/1512/1512 1510/1511/1511 1491/1491/1491 1489/1489/1489
f 1513/1513/1513 1512/1512/1512 1489/1489/1489 1487/1487/1487
f 1514/1514/1514 1513/1513/1513 1487/1487/1487 1485/1485/1485
f 1515/1515/1515 1514/1514/1514 1485/1485/1485 1483/1482/1482
f 1516/1516/1516 1515/1515/1515 1483/1482/1482 1482/1483/1483
f 1517/1517/1517 1516/1516/1516 1482/1483/1483 1478/1478/1478
f 1478/1478/1478 1476/1476/1476 1518/1518/1518 1517/1517/1517
f 1476/1476/1476 1475/1474/1474 1519/1519/1519 1518/1518/1518
f 1473/1473/1473 1520/1520/1520 1519/1519/1519 1475/1474/1474
f 1521/1521/1521 1520/1520/1520 1473/1473/1473 1472/1472/1472
f 1472/1472/1472 1468/1468/1468 1522/1522/1522 1521/1521/1521
f 1523/4135/1523 1522/1522/1522 1468/1468/1468 1467/1467/1467
f 1467/1467/1467 1466/1466/1466 1524/4147/1524 1523/4135/1523
f 1525/4146/1525 1524/4147/1524 1466/1466/1466 1465/1465/1465
f 1526/4145/1526 1525/4146/1525 1465/1465/1465 1464/1464/1464
f 1527/4380/1527 1526/4145/1526 1464/1464/1464 1463/4379/1462
f 1527/4144/1527 1463/1462/1462 1462/1463/1463 1528/4143/1528
f 1530/4142/1529 1528/4143/1528 1462/1463/1463 1529/1530/1530
f 1529/1530/1530 1462/1463/1463 1461/1461/1461 1531/1531/1531
f 1460/1460/1460 1532/1532/1532 1531/1531/1531 1461/1461/1461
f 1459/1459/1459 1533/1533/1533 1532/1532/1532 1460/1460/1460
f 1534/1534/1534 1533/1533/1533 1459/1459/1459 1458/1458/1458
f 1536/1535/1535 1535/1536/1536 1531/1531/1531 1532/1532/1532
f 1533/1533/1533 1537/1537/1537 1536/1535/1535 1532/1532/1532
f 1538/1538/1538 1537/1537/1537 1533/1533/1533 1534/1534/1534
f 1535/1536/1536 1539/1539/1539 1529/1530/1530 1531/1531/1531
f 1539/1539/1539 1540/1540/1540 1541/1541/1541 1529/1530/1530
f 1540/1540/1540 1542/1542/1542 1543/1543/1543 1541/1541/1541
f 1542/1542/1542 1544/1544/1544 1545/1545/1545 1543/1543/1543
f 1547/1546/1546 1545/1545/1545 1544/1544/1544 1546/1547/1547
f 1549/1548/1548 1548/1549/1549 1454/1454/1454 1455/1455/1455
f 1452/1452/1452 1454/1454/1454 1548/1549/1549 1550/1550/1550
f 1551/1551/1551 1453/1453/1453 1452/1452/1452 1550/1550/1550
f 1551/1551/1551 1552/1552/1552 1456/1456/1456 1453/1453/1453
f 1456/1456/1456 1552/1552/1552 1553/1553/1553 1554/1554/1554
f 1554/1554/1554 1555/1555/1555 1457/1457/1457 1456/1456/1456
f 1553/1553/1553 1556/1556/1556 1555/1555/1555 1554/1554/1554
f 1458/1458/1458 1557/1557/1557 1538/1538/1538 1534/1534/1534
f 1458/1458/1458 1457/4500/1457 1555/4499/1555 1557/1557/1557
f 1556/1556/1556 1558/1558/1558 1559/4498/1559 1555/1555/1555
f 1559/1559/1559 1560/1560/1560 1557/1557/1557 1555/4499/1555
f 1560/1560/1560 1561/1561/1561 1538/1538/1538 1557/1557/1557
f 1537/1537/1537 1538/1538/1538 1561/1561/1561 1562/1562/1562
f 1562/1562/1562 1563/1563/1563 1536/1535/1535 1537/1537/1537
f 1563/1563/1563 1564/1564/1564 1535/1536/1536 1536/1535/1535
f 1565/1565/1565 1539/1539/1539 1535/1536/1536 1564/1564/1564
f 1560/1560/1560 1566/1566/1566 1567/1567/1567 1561/1561/1561
f 1567/1567/1567 1568/1568/1568 1562/1562/1562 1561/1561/1561
f 1558/4497/1558 1566/1566/1566 1560/1560/1560 1559/1559/1559
f 1568/1568/1568 1569/1569/1569 1563/1563/1563 1562/1562/1562
f 1569/1569/1569 1570/1570/1570 1564/1564/1564 1563/1563/1563
f 1570/1570/1570 1571/1571/1571 1565/1565/1565 1564/1564/1564
f 1565/1565/1565 1572/1572/1572 1540/1540/1540 1539/1539/1539
f 1571/1571/1571 1573/1573/1573 1572/1572/1572 1565/1565/1565
f 1572/1572/1572 1574/1574/1574 1542/1542/1542 1540/1540/1540
f 1573/1573/1573 1575/1575/1575 1574/1574/1574 1572/1572/1572
f 1576/1576/1576 1544/1544/1544 1542/1542/1542 1574/1574/1574
f 1574/1574/1574 1575/1575/1575 1577/1577/1577 1576/1576/1576
f 1576/1576/1576 1578/1578/1578 1546/1547/1547 1544/1544/1544
f 1579/1579/1579 1578/1578/1578 1576/1576/1576 1577/1577/1577
f 1581/1580/1580 1580/1581/1581 1578/1578/1578 1579/1579/1579
f 1578/1578/1578 1580/1581/1581 1582/1582/1582 1546/1547/1547
f 1546/1547/1547 1582/1582/1582 1583/1583/1583 1547/1546/1546
f 1581/1580/1580 1553/1553/1553 1552/1552/1552 1580/1581/1581
f 1580/1581/1581 1552/1552/1552 1551/1551/1551 1582/1582/1582
f 1582/1582/1582 1551/1551/1551 1550/1550/1550 1583/1583/1583
f 1584/1584/1584 1583/1583/1583 1550/1550/1550 1548/1549/1549
f 1584/1584/1584 1585/1585/1585 1547/1546/1546 1583/1583/1583
f 1586/1586/1586 1545/1545/1545 1547/1546/1546 1585/1585/1585
f 1587/1587/1587 1543/1543/1543 1545/1545/1545 1586/1586/1586
f 1587/1587/1587 1588/1588/1588 1541/1541/1541 1543/1543/1543
f 1588/1588/1588 1530/4142/1529 1529/1530/1530 1541/1541/1541
f 1589/1589/1589 1584/1584/1584 1548/1549/1549 1549/1548/1548
f 1589/1589/1589 1590/1590/1590 1585/1585/1585 1584/1584/1584
f 1590/1590/1590 1591/1591/1591 1586/1586/1586 1585/1585/1585
f 1593/4119/1592 1592/1593/1593 1591/1591/1591 1590/1590/1590
f 1590/1590/1590 1589/1589/1589 1594/4122/1594 1593/4119/1592
f 1589/1589/1589 1549/1548/1548 1595/4121/1595 1594/4122/1594
f 1499/4383/1500 1595/4121/1595 1549/1548/1548 1455/1455/1455
f 1591/1591/1591 1596/1596/1596 1587/1587/1587 1586/1586/1586
f 1592/1593/1593 1597/1597/1597 1596/1596/1596 1591/1591/1591
f 1596/1596/1596 1598/1598/1598 1588/1588/1588 1587/1587/1587
f 1598/1598/1598 1596/1596/1596 1597/1597/1597 1599/1599/1599
f 1598/1598/1598 1600/4141/1600 1530/4142/1529 1588/1588/1588
f 1600/4141/1600 1598/1598/1598 1599/1599/1599 1601/4140/1601
f 1530/4156/1529 1602/1602/1602 1603/1603/1603 1528/1528/1528
f 1527/1527/1527 1528/1528/1528 1603/1603/1603 1604/1604/1604
f 1604/1604/1604 1605/1605/1605 1526/1526/1526 1527/1527/1527
f 1607/1606/1606 1606/1607/1607 1524/1524/1524 1525/1525/1525
f 1525/1525/1525 1526/1526/1526 1605/1605/1605 1607/1606/1606
f 1523/1523/1523 1524/1524/1524 1606/1607/1607 1608/1608/1608
f 1592/1593/1593 1593/4119/1592 1609/4113/1609 1610/4399/1610
f 1597/1597/1597 1592/1593/1593 1610/4399/1610 1611/4398/1611
f 1599/1599/1599 1597/1597/1597 1611/4398/1611 1612/4396/1612
f 1601/4140/1601 1599/1599/1599 1612/4396/1612 1613/4397/1613
f 1593/1592/1592 1594/1594/1594 1614/1614/1614 1615/1615/1615
f 1616/1616/1616 1614/1614/1614 1594/1594/1594 1595/1595/1595
f 1595/1595/1595 1499/1500/1500 1617/1617/1617 1616/1616/1616
f 1501/1501/1501 1618/1618/1618 1617/1617/1617 1499/1500/1500
f 1502/1502/1502 1619/1619/1619 1618/1618/1618 1501/1501/1501
f 1619/1619/1619 1502/1502/1502 1503/4117/1504 1620/1620/1620
f 1622/1621/1621 1619/1619/1619 1620/1620/1620 1621/1622/1622
f 1623/1623/1623 1618/1618/1618 1619/1619/1619 1622/1621/1621
f 1618/1618/1618 1623/1623/1623 1624/1624/1624 1617/1617/1617
f 1624/1624/1624 1614/1614/1614 1616/1616/1616 1617/1617/1617
f 1624/1624/1624 1625/1625/1625 1615/1615/1615 1614/1614/1614
f 1625/1625/1625 1624/1624/1624 1623/1623/1623 1626/1626/1626
f 1626/1626/1626 1623/1623/1623 1622/1621/1621 1627/1627/1627
f 1621/1622/1622 1628/1628/1628 1627/1627/1627 1622/1621/1621
f 1630/4118/1629 1629/4114/1630 1628/1628/1628 1621/1622/1622
f 1621/1622/1622 1620/1620/1620 1631/4116/1631 1630/4118/1629
f 1620/1620/1620 1503/4117/1504 1632/4115/1632 1631/4116/1631
f 1633/1633/1633 1632/1632/1632 1503/1504/1504 1504/1503/1503
f 1634/1634/1634 1633/1633/1633 1504/1503/1503 1505/1505/1505
f 1506/1506/1506 1635/1635/1635 1634/1634/1634 1505/1505/1505
f 1635/1635/1635 1506/1506/1506 1507/1507/1507 1636/1636/1636
f 1508/1508/1508 1637/1637/1637 1636/1636/1636 1507/1507/1507
f 1509/1509/1509 1638/1638/1638 1637/1637/1637 1508/1508/1508
f 1511/1510/1510 1639/1639/1639 1638/1638/1638 1509/1509/1509
f 1629/1630/1630 1630/1629/1629 1640/1640/1640 1609/4400/1609
f 1628/1628/1628 1629/4114/1630 1609/4133/1609 1641/1641/1641
f 1643/1642/1642 1641/1641/1641 1609/4133/1609 1642/4132/1643
f 1643/1642/1642 1644/1644/1644 1645/1645/1645 1641/1641/1641
f 1645/1645/1645 1627/1627/1627 1628/1628/1628 1641/1641/1641
f 1646/1646/1646 1626/1626/1626 1627/1627/1627 1645/1645/1645
f 1644/1644/1644 1647/1647/1647 1646/1646/1646 1645/1645/1645
f 1626/1626/1626 1646/1646/1646 1648/1648/1648 1625/1625/1625
f 1647/1647/1647 1649/1649/1649 1648/1648/1648 1646/1646/1646
f 1648/1648/1648 1650/1650/1650 1615/1615/1615 1625/1625/1625
f 1649/1649/1649 1651/1651/1651 1650/1650/1650 1648/1648/1648
f 1650/1650/1650 1652/1652/1652 1593/1592/1592 1615/1615/1615
f 1651/1651/1651 1653/1653/1653 1652/1652/1652 1650/1650/1650
f 1654/1654/1654 1610/1610/1610 1609/4400/1609 1640/1640/1640
f 1655/1655/1655 1611/1611/1611 1610/1610/1610 1654/1654/1654
f 1657/1656/1656 1656/1657/1657 1611/1611/1611 1655/1655/1655
f 1612/1612/1612 1611/1611/1611 1656/1657/1657 1658/1658/1658
f 1612/1612/1612 1658/1658/1658 1659/1659/1659 1660/1660/1660
f 1660/1660/1660 1661/1661/1661 1613/4139/1613 1612/1612/1612
f 1663/1662/1662 1662/1663/1663 1530/1529/1529 1600/1600/1600
f 1601/1601/1601 1664/1664/1664 1663/1662/1662 1600/1600/1600
f 1613/1613/1613 1665/1665/1665 1664/1664/1664 1601/1601/1601
f 1661/4138/1661 1666/1666/1666 1665/1665/1665 1613/1613/1613
f 1602/1602/1602 1667/1667/1667 1668/1668/1668 1603/1603/1603
f 1530/4156/1529 1662/4155/1663 1667/1667/1667 1602/1602/1602
f 1669/1669/1669 1604/1604/1604 1603/1603/1603 1668/1668/1668
f 1670/1670/1670 1605/1605/1605 1604/1604/1604 1669/1669/1669
f 1671/1671/1671 1607/1606/1606 1605/1605/1605 1670/1670/1670
f 1672/1672/1672 1606/1607/1607 1607/1606/1606 1671/1671/1671
f 1672/1672/1672 1673/1673/1673 1608/1608/1608 1606/1607/1607
f 1673/1673/1673 1666/1666/1666 1674/1674/1674 1608/1608/1608
f 1661/4138/1661 1675/4137/1675 1674/1674/1674 1666/1666/1666
f 1676/1676/1676 1675/1675/1675 1661/1661/1661 1660/1660/1660
f 1660/1660/1660 1659/1659/1659 1677/1677/1677 1676/1676/1676
f 1678/1678/1678 1677/1677/1677 1659/1659/1659 1658/1658/1658
f 1658/1658/1658 1656/1657/1657 1679/1679/1679 1678/1678/1678
f 1680/1680/1680 1679/1679/1679 1656/1657/1657 1657/1656/1656
f 1657/1656/1656 1681/1681/1681 1682/1682/1682 1680/1680/1680
f 1655/1655/1655 1654/1654/1654 1681/1681/1681 1657/1656/1656
f 1683/1683/1683 1681/1681/1681 1654/1654/1654 1640/1640/1640
f 1684/1684/1684 1683/1683/1683 1640/1640/1640 1630/1629/1629
f 1685/1685/1685 1684/1684/1684 1630/1629/1629 1631/1631/1631
f 1687/1686/1686 1682/1682/1682 1681/1681/1681 1686/1687/1687
f 1681/1681/1681 1683/1683/1683 1684/1684/1684 1686/1687/1687
f 1689/1688/1688 1687/1686/1686 1686/1687/1687 1688/1689/1689
f 1685/1685/1685 1688/1689/1689 1686/1687/1687 1684/1684/1684
f 1680/1680/1680 1682/1682/1682 1687/1686/1686 1690/1690/1690
f 1690/1690/1690 1691/1691/1691 1679/1679/1679 1680/1680/1680
f 1691/1691/1691 1692/1692/1692 1678/1678/1678 1679/1679/1679
f 1677/1677/1677 1678/1678/1678 1692/1692/1692 1693/1693/1693
f 1693/1693/1693 1694/1694/1694 1676/1676/1676 1677/1677/1677
f 1695/1695/1695 1675/1675/1675 1676/1676/1676 1694/1694/1694
f 1674/1674/1674 1675/4137/1675 1695/4136/1695 1696/4134/1696
f 1696/4134/1696 1523/1523/1523 1608/1608/1608 1674/1674/1674
f 1522/1522/1522 1523/4135/1523 1696/1696/1696 1697/1697/1697
f 1697/1697/1697 1696/1696/1696 1695/4408/1695 1698/4407/1698
f 1694/1694/1694 1699/1699/1699 1698/1698/1698 1695/1695/1695
f 1700/1700/1700 1699/1699/1699 1694/1694/1694 1693/1693/1693
f 1701/1701/1701 1700/1700/1700 1693/1693/1693 1692/1692/1692
f 1692/1692/1692 1691/1691/1691 1702/1702/1702 1701/1701/1701
f 1690/1690/1690 1703/1703/1703 1702/1702/1702 1691/1691/1691
f 1687/1686/1686 1689/1688/1688 1703/1703/1703 1690/1690/1690
f 1609/1609/1609 1593/1592/1592 1652/1652/1652 1642/1643/1643
f 1642/1643/1643 1652/1652/1652 1653/1653/1653 1704/1704/1704
f 1642/4132/1643 1704/4131/1704 1705/1705/1705 1643/1642/1642
f 1705/1705/1705 1706/1706/1706 1644/1644/1644 1643/1642/1642
f 1706/1706/1706 1707/1707/1707 1647/1647/1647 1644/1644/1644
f 1647/1647/1647 1707/1707/1707 1708/1708/1708 1649/1649/1649
f 1709/1709/1709 1651/1651/1651 1649/1649/1649 1708/1708/1708
f 1653/1653/1653 1651/1651/1651 1709/1709/1709 1710/1710/1710
f 1710/1710/1710 1711/1711/1711 1704/1704/1704 1653/1653/1653
f 1704/4131/1704 1711/4130/1711 1712/1712/1712 1705/1705/1705
f 1705/1705/1705 1712/1712/1712 1713/1713/1713 1706/1706/1706
f 1713/1713/1713 1714/1714/1714 1707/1707/1707 1706/1706/1706
f 1715/1715/1715 1708/1708/1708 1707/1707/1707 1714/1714/1714
f 1716/1716/1716 1709/1709/1709 1708/1708/1708 1715/1715/1715
f 1716/1716/1716 1717/1717/1717 1710/1710/1710 1709/1709/1709
f 1717/1717/1717 1718/1718/1718 1711/1711/1711 1710/1710/1710
f 1719/1719/1719 1712/1712/1712 1711/4130/1711 1718/4129/1718
f 1720/1720/1720 1713/1713/1713 1712/1712/1712 1719/1719/1719
f 1714/1714/1714 1713/1713/1713 1720/1720/1720 1721/1721/1721
f 1722/1722/1722 1715/1715/1715 1714/1714/1714 1721/1721/1721
f 1723/1723/1723 1716/1716/1716 1715/1715/1715 1722/1722/1722
f 1723/1723/1723 1724/1724/1724 1717/1717/1717 1716/1716/1716
f 1718/1718/1718 1717/1717/1717 1724/1724/1724 1725/1725/1725
f 1725/4128/1725 1726/1726/1726 1719/1719/1719 1718/4129/1718
f 1726/1726/1726 1727/1727/1727 1720/1720/1720 1719/1719/1719
f 1728/1728/1728 1721/1721/1721 1720/1720/1720 1727/1727/1727
f 1729/1729/1729 1722/1722/1722 1721/1721/1721 1728/1728/1728
f 1730/1730/1730 1723/1723/1723 1722/1722/1722 1729/1729/1729
f 1732/1731/1731 1520/1520/1520 1521/1521/1521 1731/1732/1732
f 1521/1521/1521 1522/1522/1522 1697/1697/1697 1731/1732/1732
f 1731/1732/1732 1697/1697/1697 1698/4407/1698 1733/4406/1733
f 1699/1699/1699 1734/1734/1734 1733/1733/1733 1698/1698/1698
f 1700/1700/1700 1735/1735/1735 1734/1734/1734 1699/1699/1699
f 1733/4406/1733 1736/4405/1736 1732/1731/1731 1731/1732/1732
f 1734/1734/1734 1737/1737/1737 1736/1736/1736 1733/1733/1733
f 1734/1734/1734 1735/1735/1735 1738/1738/1738 1737/1737/1737
f 1739/1739/1739 1519/1519/1519 1520/1520/1520 1732/1731/1731
f 1740/4404/1740 1739/1739/1739 1732/1731/1731 1736/4405/1736
f 1741/1741/1741 1740/1740/1740 1736/1736/1736 1737/1737/1737
f 1742/1742/1742 1741/1741/1741 1737/1737/1737 1738/1738/1738
f 1744/1743/1743 1743/1744/1744 1518/1518/1518 1519/1519/1519
f 1739/1739/1739 1745/1745/1745 1744/1743/1743 1519/1519/1519
f 1745/1745/1745 1739/1739/1739 1740/4404/1740 1746/4403/1746
f 1746/1746/1746 1740/1740/1740 1741/1741/1741 1747/1747/1747
f 1747/1747/1747 1741/1741/1741 1742/1742/1742 1748/1748/1748
f 1750/1749/1749 1747/1747/1747 1748/1748/1748 1749/1750/1750
f 1750/1749/1749 1751/4402/1751 1746/1746/1746 1747/1747/1747
f 1751/1751/1751 1744/1743/1743 1745/1745/1745 1746/4403/1746
f 1751/1751/1751 1750/4401/1749 1743/1744/1744 1744/1743/1743
f 1753/1752/1752 1750/1749/1749 1749/1750/1750 1752/1753/1753
f 1518/1518/1518 1743/1744/1744 1750/4401/1749 1753/1752/1752
f 1753/1752/1752 1754/1754/1754 1517/1517/1517 1518/1518/1518
f 1752/1753/1753 1755/1755/1755 1754/1754/1754 1753/1752/1752
f 1754/1754/1754 1756/1756/1756 1516/1516/1516 1517/1517/1517
f 1755/1755/1755 1757/1757/1757 1756/1756/1756 1754/1754/1754
f 1515/1515/1515 1516/1516/1516 1756/1756/1756 1758/1758/1758
f 1515/1515/1515 1758/1758/1758 1759/1759/1759 1514/1514/1514
f 1760/1760/1760 1758/1758/1758 1756/1756/1756 1757/1757/1757
f 1759/1759/1759 1761/1761/1761 1513/1513/1513 1514/1514/1514
f 1762/1762/1762 1759/1759/1759 1758/1758/1758 1760/1760/1760
f 1759/1759/1759 1762/1762/1762 1763/1763/1763 1761/1761/1761
f 1512/1512/1512 1513/1513/1513 1761/1761/1761 1764/1764/1764
f 1510/1511/1511 1512/1512/1512 1764/1764/1764 1511/1510/1510
f 1511/1510/1510 1765/1765/1765 1766/1766/1766 1639/1639/1639
f 1767/1767/1767 1765/1765/1765 1511/1510/1510 1764/1764/1764
f 1764/1764/1764 1761/1761/1761 1763/1763/1763 1767/1767/1767
f 1768/1768/1768 1766/1766/1766 1765/1765/1765 1767/1767/1767
f 1769/1769/1769 1768/1768/1768 1767/1767/1767 1763/1763/1763
f 1762/1762/1762 1770/1770/1770 1769/1769/1769 1763/1763/1763
f 1760/1760/1760 1757/1757/1757 1770/1770/1770 1762/1762/1762
f 1772/1771/1771 1771/1772/1772 1769/1769/1769 1770/1770/1770
f 1773/1773/1773 1772/1771/1771 1770/1770/1770 1757/1757/1757
f 1757/1757/1757 1755/1755/1755 1774/1774/1774 1773/1773/1773
f 1749/1750/1750 1774/1774/1774 1755/1755/1755 1752/1753/1753
f 1771/1772/1772 1775/1775/1775 1768/1768/1768 1769/1769/1769
f 1775/1775/1775 1776/1776/1776 1766/1766/1766 1768/1768/1768
f 1776/1776/1776 1777/1777/1777 1639/1639/1639 1766/1766/1766
f 1777/1777/1777 1778/1778/1778 1638/1638/1638 1639/1639/1639
f 1638/1638/1638 1778/1778/1778 1779/1779/1779 1637/1637/1637
f 1780/1780/1780 1636/1636/1636 1637/1637/1637 1779/1779/1779
f 1636/1636/1636 1780/1780/1780 1634/1634/1634 1635/1635/1635
f 1748/1748/1748 1781/1781/1781 1774/1774/1774 1749/1750/1750
f 1781/1781/1781 1782/1782/1782 1773/1773/1773 1774/1774/1774
f 1782/1782/1782 1783/1783/1783 1772/1771/1771 1773/1773/1773
f 1783/1783/1783 1784/1784/1784 1771/1772/1772 1772/1771/1771
f 1784/1784/1784 1785/1785/1785 1775/1775/1775 1771/1772/1772
f 1785/1785/1785 1786/1786/1786 1776/1776/1776 1775/1775/1775
f 1787/1787/1787 1785/1785/1785 1784/1784/1784 1783/1783/1783
f 1787/1787/1787 1788/1788/1788 1786/1786/1786 1785/1785/1785
f 1789/1789/1789 1787/1787/1787 1783/1783/1783 1782/1782/1782
f 1787/1787/1787 1789/1789/1789 1790/1790/1790 1788/1788/1788
f 1791/1791/1791 1789/1789/1789 1782/1782/1782 1781/1781/1781
f 1792/1792/1792 1790/1790/1790 1789/1789/1789 1791/1791/1791
f 1781/1781/1781 1748/1748/1748 1742/1742/1742 1791/1791/1791
f 1738/1738/1738 1792/1792/1792 1791/1791/1791 1742/1742/1742
f 1792/1792/1792 1738/1738/1738 1735/1735/1735 1793/1793/1793
f 1701/1701/1701 1793/1793/1793 1735/1735/1735 1700/1700/1700
f 1780/1780/1780 1794/1794/1794 1633/1633/1633 1634/1634/1634
f 1632/1632/1632 1633/1633/1633 1794/1794/1794 1795/1795/1795
f 1631/1631/1631 1632/1632/1632 1795/1795/1795 1685/1685/1685
f 1702/1702/1702 1796/1796/1796 1797/1797/1797 1701/1701/1701
f 1797/1797/1797 1798/1798/1798 1793/1793/1793 1701/1701/1701
f 1792/1792/1792 1793/1793/1793 1798/1798/1798 1790/1790/1790
f 1799/1799/1799 1788/1788/1788 1790/1790/1790 1798/1798/1798
f 1796/1796/1796 1799/1799/1799 1798/1798/1798 1797/1797/1797
f 1800/1800/1800 1786/1786/1786 1788/1788/1788 1799/1799/1799
f 1801/1801/1801 1800/1800/1800 1799/1799/1799 1796/1796/1796
f 1703/1703/1703 1801/1801/1801 1796/1796/1796 1702/1702/1702
f 1802/1802/1802 1776/1776/1776 1786/1786/1786 1800/1800/1800
f 1802/1802/1802 1803/1803/1803 1777/1777/1777 1776/1776/1776
f 1803/1803/1803 1804/1804/1804 1778/1778/1778 1777/1777/1777
f 1805/1805/1805 1779/1779/1779 1778/1778/1778 1804/1804/1804
f 1805/1805/1805 1794/1794/1794 1780/1780/1780 1779/1779/1779
f 1688/1689/1689 1806/1806/1806 1807/1807/1807 1689/1688/1688
f 1688/1689/1689 1685/1685/1685 1795/1795/1795 1806/1806/1806
f 1801/1801/1801 1703/1703/1703 1689/1688/1688 1807/1807/1807
f 1802/1802/1802 1800/1800/1800 1801/1801/1801 1803/1803/1803
f 1795/1795/1795 1794/1794/1794 1805/1805/1805 1806/1806/1806
f 1804/1804/1804 1807/1807/1807 1806/1806/1806 1805/1805/1805
f 1807/1807/1807 1804/1804/1804 1803/1803/1803 1801/1801/1801
f 1809/1808/1808 1670/1670/1670 1669/1669/1669 1808/1809/1809
f 1809/1808/1808 1672/1672/1672 1671/1671/1671 1670/1670/1670
f 1810/1810/1810 1673/1673/1673 1672/1672/1672 1809/1808/1808
f 1810/1810/1810 1665/1665/1665 1666/1666/1666 1673/1673/1673
f 1811/1811/1811 1664/1664/1664 1665/1665/1665 1810/1810/1810
f 1810/1810/1810 1809/1808/1808 1808/1809/1809 1811/1811/1811
f 1812/1812/1812 1663/1662/1662 1664/1664/1664 1811/1811/1811
f 1667/1667/1667 1813/1813/1813 1814/1814/1814 1668/1668/1668
f 1669/1669/1669 1668/1668/1668 1814/1814/1814 1808/1809/1809
f 1814/1814/1814 1812/1812/1812 1811/1811/1811 1808/1809/1809
f 1812/1812/1812 1814/1814/1814 1813/1813/1813 1815/1815/1815
f 1817/1816/1816 1812/1812/1812 1815/1815/1815 1816/1817/1817
f 1817/1816/1816 1818/1818/1818 1663/1662/1662 1812/1812/1812
f 1819/1819/1819 1818/1818/1818 1817/1816/1816 1816/1817/1817
f 1818/1818/1818 1820/4154/1820 1662/1663/1663 1663/1662/1662
f 1819/1819/1819 1821/1821/1821 1820/4154/1820 1818/1818/1818
f 1820/1820/1820 1822/1822/1822 1667/1667/1667 1662/4155/1663
f 1821/4153/1821 1823/1823/1823 1822/1822/1822 1820/1820/1820
f 1822/1822/1822 1824/1824/1824 1813/1813/1813 1667/1667/1667
f 1823/1823/1823 1825/1825/1825 1824/1824/1824 1822/1822/1822
f 1824/1824/1824 1826/1826/1826 1815/1815/1815 1813/1813/1813
f 1825/1825/1825 1827/1827/1827 1826/1826/1826 1824/1824/1824
f 1816/1817/1817 1815/1815/1815 1826/1826/1826 1828/1828/1828
f 1827/1827/1827 1829/1829/1829 1828/1828/1828 1826/1826/1826
f 1828/1828/1828 1830/1830/1830 1819/1819/1819 1816/1817/1817
f 1829/1829/1829 1831/1831/1831 1830/1830/1830 1828/1828/1828
f 1830/1830/1830 1832/4152/1832 1821/1821/1821 1819/1819/1819
f 1831/1831/1831 1833/1833/1833 1832/4152/1832 1830/1830/1830
f 1823/1823/1823 1821/4153/1821 1832/1832/1832 1834/1834/1834
f 1832/1832/1832 1833/4151/1833 1835/1835/1835 1834/1834/1834
f 1834/1834/1834 1836/1836/1836 1825/1825/1825 1823/1823/1823
f 1837/1837/1837 1836/1836/1836 1834/1834/1834 1835/1835/1835
f 1827/1827/1827 1825/1825/1825 1836/1836/1836 1838/1838/1838
f 1836/1836/1836 1837/1837/1837 1839/1839/1839 1838/1838/1838
f 1838/1838/1838 1840/1840/1840 1829/1829/1829 1827/1827/1827
f 1839/1839/1839 1841/1841/1841 1840/1840/1840 1838/1838/1838
f 1840/1840/1840 1842/1842/1842 1831/1831/1831 1829/1829/1829
f 1841/1841/1841 1843/1843/1843 1842/1842/1842 1840/1840/1840
f 1845/4150/1844 1842/1842/1842 1843/1843/1843 1844/1845/1845
f 1833/1833/1833 1831/1831/1831 1842/1842/1842 1845/4150/1844
f 1845/1844/1844 1846/1846/1846 1835/1835/1835 1833/4151/1833
f 1846/1846/1846 1845/1844/1844 1844/4149/1845 1847/1847/1847
f 1846/1846/1846 1848/1848/1848 1837/1837/1837 1835/1835/1835
f 1847/1847/1847 1849/1849/1849 1848/1848/1848 1846/1846/1846
f 1848/1848/1848 1850/1850/1850 1839/1839/1839 1837/1837/1837
f 1849/1849/1849 1851/1851/1851 1850/1850/1850 1848/1848/1848
f 1850/1850/1850 1852/1852/1852 1841/1841/1841 1839/1839/1839
f 1851/1851/1851 1853/1853/1853 1852/1852/1852 1850/1850/1850
f 1852/1852/1852 1854/1854/1854 1843/1843/1843 1841/1841/1841
f 1853/1853/1853 1855/1855/1855 1854/1854/1854 1852/1852/1852
f 1854/1854/1854 1856/4148/1856 1844/1845/1845 1843/1843/1843
f 1855/1855/1855 1857/1857/1857 1856/4148/1856 1854/1854/1854
f 1847/1847/1847 1844/4149/1845 1856/1856/1856 1858/1858/1858
f 1857/4158/1857 1859/4167/1859 1858/1858/1858 1856/1856/1856
f 1858/1858/1858 1860/4166/1860 1861/4164/1861 1847/1847/1847
f 1860/4166/1860 1858/1858/1858 1859/4167/1859 1862/4165/1862
f 1861/4164/1861 1863/4163/1863 1849/1849/1849 1847/1847/1847
f 1863/4163/1863 1864/4162/1864 1851/1851/1851 1849/1849/1849
f 1866/1865/1865 1865/1866/1866 1864/1864/1864 1863/1863/1863
f 1863/1863/1863 1861/1861/1861 1867/1867/1867 1866/1865/1865
f 1860/1860/1860 1862/4206/1862 1868/1868/1868 1869/1869/1869
f 1860/1860/1860 1869/1869/1869 1867/1867/1867 1861/1861/1861
f 1864/4162/1864 1870/4161/1870 1853/1853/1853 1851/1851/1851
f 1865/1866/1866 1871/1871/1871 1870/1870/1870 1864/1864/1864
f 1855/1855/1855 1853/1853/1853 1870/4161/1870 1872/4160/1872
f 1872/1872/1872 1870/1870/1870 1871/1871/1871 1873/1873/1873
f 1872/4160/1872 1874/4157/1874 1857/1857/1857 1855/1855/1855
f 1859/1859/1859 1857/4159/1857 1874/1874/1874 1875/1875/1875
f 1877/1876/1876 1876/1877/1877 1728/1728/1728 1727/1727/1727
f 1728/1728/1728 1876/1877/1877 1878/1878/1878 1729/1729/1729
f 1879/1879/1879 1730/1730/1730 1729/1729/1729 1878/1878/1878
f 1881/1880/1880 1880/1881/1881 1730/1730/1730 1879/1879/1879
f 1880/1881/1881 1724/1724/1724 1723/1723/1723 1730/1730/1730
f 1880/1881/1881 1882/4127/1882 1725/1725/1725 1724/1724/1724
f 1881/1880/1880 1883/1883/1883 1882/4127/1882 1880/1881/1881
f 1882/1882/1882 1884/1884/1884 1726/1726/1726 1725/4128/1725
f 1883/4126/1883 1885/1885/1885 1884/1884/1884 1882/1882/1882
f 1727/1727/1727 1726/1726/1726 1884/1884/1884 1877/1876/1876
f 1885/1885/1885 1886/1886/1886 1877/1876/1876 1884/1884/1884
f 1886/1886/1886 1887/4112/1887 1876/1877/1877 1877/1876/1876
f 1887/4112/1887 1888/4111/1888 1878/1878/1878 1876/1877/1877
f 1581/1580/1580 1889/1889/1889 1556/1556/1556 1553/1553/1553
f 1890/1890/1890 1889/1889/1889 1581/1580/1580 1579/1579/1579
f 1891/1891/1891 1890/1890/1890 1579/1579/1579 1577/1577/1577
f 1575/1575/1575 1892/1892/1892 1891/1891/1891 1577/1577/1577
f 1567/1567/1567 1893/1893/1893 1894/1894/1894 1568/1568/1568
f 1566/1566/1566 1895/1895/1895 1893/1893/1893 1567/1567/1567
f 1568/1568/1568 1894/1894/1894 1896/1896/1896 1569/1569/1569
f 1569/1569/1569 1896/1896/1896 1897/1897/1897 1570/1570/1570
f 1898/1898/1898 1571/1571/1571 1570/1570/1570 1897/1897/1897
f 1898/1898/1898 1899/1899/1899 1573/1573/1573 1571/1571/1571
f 1899/1899/1899 1892/1892/1892 1575/1575/1575 1573/1573/1573
f 1556/1556/1556 1889/1889/1889 1900/1900/1900 1901/1901/1901
f 1902/1902/1902 1900/1900/1900 1889/1889/1889 1890/1890/1890
f 1903/1903/1903 1902/1902/1902 1890/1890/1890 1891/1891/1891
f 1891/1891/1891 1892/1892/1892 1904/1904/1904 1903/1903/1903
f 1905/1905/1905 1904/1904/1904 1892/1892/1892 1899/1899/1899
f 1906/1906/1906 1905/1905/1905 1899/1899/1899 1898/1898/1898
f 1898/1898/1898 1897/1897/1897 1907/1907/1907 1906/1906/1906
f 1896/1896/1896 1908/1908/1908 1907/1907/1907 1897/1897/1897
f 1894/1894/1894 1909/1909/1909 1908/1908/1908 1896/1896/1896
f 1893/1893/1893 1910/1910/1910 1909/1909/1909 1894/1894/1894
f 1895/1895/1895 1911/1911/1911 1910/1910/1910 1893/1893/1893
f 1558/4497/1558 1912/4496/1912 1895/1895/1895 1566/1566/1566
f 1913/4495/1913 1911/1911/1911 1895/1895/1895 1912/4496/1912
f 1901/1901/1901 1912/1912/1912 1558/1558/1558 1556/1556/1556
f 1914/1914/1914 1913/1913/1913 1912/1912/1912 1901/1901/1901
f 1900/1900/1900 1915/1915/1915 1914/1914/1914 1901/1901/1901
f 1915/1915/1915 1900/1900/1900 1902/1902/1902 1916/1916/1916
f 1903/1903/1903 1917/1917/1917 1916/1916/1916 1902/1902/1902
f 1903/1903/1903 1904/1904/1904 1918/1918/1918 1917/1917/1917
f 1919/1919/1919 1918/1918/1918 1904/1904/1904 1905/1905/1905
f 1905/1905/1905 1906/1906/1906 1920/4278/1920 1919/1919/1919
f 1922/1921/1921 1921/4281/1922 1920/4278/1920 1906/1906/1906
f 1923/1923/1923 1922/1921/1921 1906/1906/1906 1907/1907/1907
f 1924/1924/1924 1923/1923/1923 1907/1907/1907 1908/1908/1908
f 1925/1925/1925 1924/1924/1924 1908/1908/1908 1909/1909/1909
f 1909/1909/1909 1910/1910/1910 1911/1911/1911 1925/1925/1925
f 1922/1921/1921 1926/1926/1926 1927/4280/1927 1921/4281/1922
f 1926/1926/1926 1922/1921/1921 1923/1923/1923 1928/1928/1928
f 1924/1924/1924 1929/1929/1929 1928/1928/1928 1923/1923/1923
f 1925/1925/1925 1930/1930/1930 1929/1929/1929 1924/1924/1924
f 1931/1931/1931 1930/1930/1930 1925/1925/1925 1911/1911/1911
f 1932/4494/1932 1931/1931/1931 1911/1911/1911 1913/4495/1913
f 1933/1933/1933 1932/1932/1932 1913/1913/1913 1914/1914/1914
f 1915/1915/1915 1934/1934/1934 1933/1933/1933 1914/1914/1914
f 1916/1916/1916 1935/1935/1935 1934/1934/1934 1915/1915/1915
f 1917/1917/1917 1936/1936/1936 1935/1935/1935 1916/1916/1916
f 1937/1937/1937 1936/1936/1936 1917/1917/1917 1918/1918/1918
f 1937/1937/1937 1938/4287/1938 1939/1939/1939 1936/1936/1936
f 1936/1936/1936 1939/1939/1939 1940/1940/1940 1935/1935/1935
f 1935/1935/1935 1940/1940/1940 1941/1941/1941 1934/1934/1934
f 1934/1934/1934 1941/1941/1941 1942/1942/1942 1933/1933/1933
f 1943/1943/1943 1932/1932/1932 1933/1933/1933 1942/1942/1942
f 1943/4493/1943 1944/1944/1944 1931/1931/1931 1932/4494/1932
f 1945/1945/1945 1930/1930/1930 1931/1931/1931 1944/1944/1944
f 1945/1945/1945 1946/4483/1946 1929/1929/1929 1930/1930/1930
f 1928/1928/1928 1929/1929/1929 1946/4483/1946 1947/4489/1947
f 1949/4491/1948 1927/4280/1927 1926/1926/1926 1948/4490/1949
f 1947/4489/1947 1948/4490/1949 1926/1926/1926 1928/1928/1928
f 1938/4287/1938 1950/4487/1950 1940/1940/1940 1939/1939/1939
f 1940/1940/1940 1950/4487/1950 1951/4486/1951 1941/1941/1941
f 1951/4486/1951 1952/4485/1952 1942/1942/1942 1941/1941/1941
f 1953/4484/1953 1943/1943/1943 1942/1942/1942 1952/4485/1952
f 1954/4482/1954 1944/1944/1944 1943/4493/1943 1953/4492/1953
f 1944/1944/1944 1954/4482/1954 1946/4483/1946 1945/1945/1945
f 1954/1954/1954 1955/1955/1955 1956/1956/1956 1946/1946/1946
f 1956/1956/1956 1957/1957/1957 1947/1947/1947 1946/1946/1946
f 1957/1957/1957 1958/1958/1958 1948/1949/1949 1947/1947/1947
f 1959/1959/1959 1949/4279/1948 1948/1949/1949 1958/1958/1958
f 1960/1960/1960 1955/1955/1955 1954/1954/1954 1953/1953/1953
f 1961/1961/1961 1960/1960/1960 1953/1953/1953 1952/1952/1952
f 1962/1962/1962 1961/1961/1961 1952/1952/1952 1951/1951/1951
f 1964/1963/1963 1962/1962/1962 1951/1951/1951 1963/1964/1964
f 1965/1965/1965 1963/1964/1964 1951/1951/1951 1950/1950/1950
f 1966/4286/1966 1965/1965/1965 1950/1950/1950 1938/4488/1938
f 1963/1964/1964 1967/1967/1967 1968/1968/1968 1964/1963/1963
f 1967/1967/1967 1963/1964/1964 1965/1965/1965 1969/1969/1969
f 1967/1967/1967 1970/1970/1970 1971/1971/1971 1968/1968/1968
f 1969/1969/1969 1972/1972/1972 1970/1970/1970 1967/1967/1967
f 1973/4285/1973 1969/1969/1969 1965/1965/1965 1966/4286/1966
f 1974/4282/1974 1972/1972/1972 1969/1969/1969 1973/4285/1973
f 1976/4275/1975 1937/1937/1937 1918/1918/1918 1975/1976/1976
f 1978/4276/1977 1919/1919/1919 1920/4278/1920 1977/4277/1978
f 1980/4274/1979 1979/1980/1980 1919/1919/1919 1978/4276/1977
f 1975/1976/1976 1979/1980/1980 1980/4274/1979 1976/4275/1975
f 1979/1980/1980 1975/1976/1976 1918/1918/1918 1919/1919/1919
f 1921/1922/1922 1981/1981/1981 1977/1978/1978 1920/1920/1920
f 1927/1927/1927 1982/1982/1982 1981/1981/1981 1921/1922/1922
f 1983/1983/1983 1982/1982/1982 1927/1927/1927 1949/1948/1948
f 1984/1984/1984 1983/1983/1983 1949/1948/1948 1959/4273/1959
f 1986/1985/1985 1985/1986/1986 1962/1962/1962 1964/1963/1963
f 1971/1971/1971 1987/1987/1987 1988/1988/1988 1968/1968/1968
f 1964/1963/1963 1968/1968/1968 1988/1988/1988 1986/1985/1985
f 1986/1985/1985 1989/1989/1989 1990/1990/1990 1985/1986/1986
f 1987/1987/1987 1991/1991/1991 1992/1992/1992 1988/1988/1988
f 1992/1992/1992 1989/1989/1989 1986/1985/1985 1988/1988/1988
f 1985/1986/1986 1993/1993/1993 1961/1961/1961 1962/1962/1962
f 1989/1989/1989 1995/1994/1994 1994/1995/1995 1990/1990/1990
f 1992/1992/1992 1991/1991/1991 1995/1994/1994 1989/1989/1989
f 1997/1996/1996 1996/1997/1997 1961/1961/1961 1993/1993/1993
f 1994/1995/1995 1995/1994/1994 1991/1991/1991 1998/1998/1998
f 1994/1995/1995 1998/1998/1998 1997/1996/1996 1993/1993/1993
f 1996/1997/1997 1999/1999/1999 1960/1960/1960 1961/1961/1961
f 1955/1955/1955 1960/1960/1960 1999/1999/1999 2000/2000/2000
f 2000/2000/2000 2001/2001/2001 1956/1956/1956 1955/1955/1955
f 2002/2002/2002 1957/1957/1957 1956/1956/1956 2001/2001/2001
f 2003/2003/2003 1958/1958/1958 1957/1957/1957 2002/2002/2002
f 1990/1990/1990 1994/1995/1995 1993/1993/1993 1985/1986/1986
f 1959/4273/1959 2004/4272/2004 2005/2005/2005 1984/1984/1984
f 2005/2005/2005 2004/4272/2004 2006/4271/2006 2007/4269/2007
f 2009/2008/2008 2008/2009/2009 2003/2003/2003 2002/2002/2002
f 2009/2008/2008 2007/2007/2007 2006/2006/2006 2008/2009/2009
f 2003/2003/2003 2008/2009/2009 2006/2006/2006 1958/1958/1958
f 1958/1958/1958 2006/2006/2006 2004/2004/2004 1959/1959/1959
f 2010/4110/2010 1879/1879/1879 1878/1878/1878 1888/4111/1888
f 2011/4109/2011 1881/1880/1880 1879/1879/1879 2010/4110/2010
f 2011/4109/2011 2012/4108/2012 1883/1883/1883 1881/1880/1880
f 2012/4125/2012 2013/4107/2013 1885/1885/1885 1883/4126/1883
f 2015/2014/2014 2014/2015/2015 2013/2013/2013 2012/2012/2012
f 2016/2016/2016 2015/2014/2014 2012/2012/2012 2011/2011/2011
f 1888/1888/1888 2017/2017/2017 2018/2018/2018 2010/2010/2010
f 2018/2018/2018 2016/2016/2016 2011/2011/2011 2010/2010/2010
f 2019/2019/2019 2017/2017/2017 1888/1888/1888 1887/1887/1887
f 2020/2020/2020 2019/2019/2019 1887/1887/1887 1886/4106/1886
f 2022/4103/2021 2021/2022/2022 1885/1885/1885 2013/4107/2013
f 1886/4106/1886 2023/4105/2023 2024/2024/2024 2020/2020/2020
f 2023/2023/2023 1886/1886/1886 1885/1885/1885 2021/2022/2022
f 2024/4104/2024 2023/2023/2023 2021/2022/2022 2022/4103/2021
f 2019/2019/2019 2025/2025/2025 2026/2026/2026 2017/2017/2017
f 2028/2027/2027 2027/2028/2028 2016/2016/2016 2018/2018/2018
f 2030/4252/2029 2029/2030/2030 2018/2018/2018 2017/2017/2017
f 2032/2031/2031 2031/2032/2032 2014/2015/2015 2015/2014/2014
f 2015/2014/2014 2033/2033/2033 2034/2034/2034 2032/2031/2031
f 2035/2035/2035 2033/2033/2033 2015/2014/2014 2016/2016/2016
f 2036/2036/2036 2035/2035/2035 2016/2016/2016 2027/2028/2028
f 2036/2036/2036 2027/2028/2028 2037/2037/2037 2038/2038/2038
f 2040/2039/2039 2038/2038/2038 2037/2037/2037 2039/2040/2040
f 2039/2040/2040 2041/2041/2041 2042/2042/2042 2040/2039/2039
f 2041/2041/2041 2043/2043/2043 2044/2044/2044 2042/2042/2042
f 2046/2045/2045 2045/2046/2046 2043/2043/2043 2041/2041/2041
f 2047/2047/2047 2046/2045/2045 2041/2041/2041 2039/2040/2040
f 2048/2048/2048 2047/2047/2047 2039/2040/2040 2037/2037/2037
f 2037/2037/2037 2027/2028/2028 2028/2027/2027 2048/2048/2048
f 2028/2027/2027 2018/2018/2018 2029/2030/2030 2048/2048/2048
f 2050/4224/2049 2049/4251/2050 2029/2030/2030 2030/4252/2029
f 2049/4251/2050 2051/4250/2051 2048/2048/2048 2029/2030/2030
f 2047/2047/2047 2048/2048/2048 2051/4250/2051 2052/4249/2052
f 2052/4249/2052 2053/4248/2053 2046/2045/2045 2047/2047/2047
f 2053/4248/2053 2054/4247/2054 2045/2046/2046 2046/2045/2045
f 2056/2055/2055 2044/2044/2044 2043/2043/2043 2055/2056/2056
f 2045/2046/2046 2057/2057/2057 2055/2056/2056 2043/2043/2043
f 2054/4247/2054 2058/4246/2058 2057/2057/2057 2045/2046/2046
f 2058/4246/2058 2059/4245/2059 2060/2060/2060 2057/2057/2057
f 2056/2055/2055 2055/2056/2056 2061/2061/2061 2062/2062/2062
f 2061/2061/2061 2055/2056/2056 2057/2057/2057 2060/2060/2060
f 2061/2061/2061 2063/2063/2063 2064/2064/2064 2062/2062/2062
f 2063/2063/2063 2061/2061/2061 2060/2060/2060 2065/2065/2065
f 2059/4245/2059 2066/4212/2066 2065/2065/2065 2060/2060/2060
f 2068/2067/2067 2067/2068/2068 2013/2013/2013 2014/2015/2015
f 2070/4244/2069 2069/4229/2070 2067/2068/2068 2068/2067/2067
f 2014/2015/2015 2031/2032/2032 2071/2071/2071 2068/2067/2067
f 2072/4243/2072 2070/4244/2069 2068/2067/2067 2071/2071/2071
f 2074/4088/2073 2071/2071/2071 2031/2032/2032 2073/4093/2074
f 2075/4241/2075 2072/4243/2072 2071/2071/2071 2074/4088/2073
f 2076/4092/2076 2073/4093/2074 2031/2032/2032 2032/2031/2031
f 2032/2031/2031 2034/2034/2034 2077/4091/2077 2076/4092/2076
f 2079/4239/2078 2075/4240/2075 2074/4242/2073 2078/4090/2079
f 2077/4091/2077 2080/4237/2080 2079/4239/2078 2078/4090/2079
f 2082/2081/2081 2081/4238/2082 2033/2033/2033 2035/2035/2035
f 2081/4238/2082 2083/4236/2083 2034/2034/2034 2033/2033/2033
f 2034/2034/2034 2083/4236/2083 2080/4237/2080 2077/4091/2077
f 2035/2035/2035 2036/2036/2036 2084/4234/2084 2082/2081/2081
f 2085/4233/2085 2084/4234/2084 2036/2036/2036 2038/2038/2038
f 2086/4232/2086 2085/4233/2085 2038/2038/2038 2040/2039/2039
f 2087/4231/2087 2086/4232/2086 2040/2039/2039 2042/2042/2042
f 2088/4230/2088 2087/4231/2087 2042/2042/2042 2044/2044/2044
f 2088/4230/2088 2044/2044/2044 2056/2055/2055 2089/4210/2089
f 2056/2055/2055 2062/2062/2062 2064/2064/2064 2089/4210/2089
f 2069/4229/2070 2090/4228/2090 2091/2091/2091 2067/2068/2068
f 2093/2092/2092 2092/2093/2093 2019/2019/2019 2020/2020/2020
f 2090/4228/2090 2094/4227/2094 2093/2092/2092 2091/2091/2091
f 2094/4227/2094 2095/4226/2095 2092/2093/2093 2093/2092/2092
f 2020/2020/2020 2096/2096/2096 2091/2091/2091 2093/2092/2092
f 2096/2096/2096 2020/2020/2020 2097/2097/2097 2098/2098/2098
f 2067/2068/2068 2091/2091/2091 2099/2099/2099 2100/2100/2100
f 2101/2101/2101 2013/2013/2013 2067/2068/2068 2100/2100/2100
f 2102/4260/2102 2099/2099/2099 2091/2091/2091 2096/2096/2096
f 2098/2098/2098 2103/2103/2103 2102/2102/2102 2096/2096/2096
f 2105/2104/2104 2101/2101/2101 2100/2100/2100 2104/2105/2105
f 2107/2106/2106 2105/2104/2104 2104/2105/2105 2106/2107/2107
f 2108/2108/2108 2022/2021/2021 2013/2013/2013 2101/2101/2101
f 2101/2101/2101 2105/2104/2104 2109/2109/2109 2108/2108/2108
f 2104/2105/2105 2100/2100/2100 2099/2099/2099 2110/2110/2110
f 2110/2110/2110 2111/2111/2111 2106/2107/2107 2104/2105/2105
f 2105/2104/2104 2107/2106/2106 2112/2112/2112 2109/2109/2109
f 2106/2107/2107 2113/4254/2113 2114/4261/2114 2107/2106/2106
f 2115/4257/2115 2112/2112/2112 2107/2106/2106 2114/4261/2114
f 2024/2024/2024 2022/2021/2021 2108/2108/2108 2116/2116/2116
f 2116/2116/2116 2108/2108/2108 2109/2109/2109 2117/2117/2117
f 2097/2097/2097 2020/2020/2020 2024/2024/2024 2116/2116/2116
f 2117/2117/2117 2098/2098/2098 2097/2097/2097 2116/2116/2116
f 2117/2117/2117 2109/2109/2109 2103/2103/2103 2098/2098/2098
f 2099/2099/2099 2102/4260/2102 2118/4259/2118 2110/2110/2110
f 2110/2110/2110 2118/4259/2118 2119/4258/2119 2111/2111/2111
f 2118/2118/2118 2102/2102/2102 2103/2103/2103 2109/2109/2109
f 2119/2119/2119 2118/2118/2118 2109/2109/2109 2112/2112/2112
f 2120/4255/2120 2119/2119/2119 2112/2112/2112 2115/4257/2115
f 2121/4253/2121 2111/2111/2111 2119/4258/2119 2120/4256/2120
f 2106/2107/2107 2111/2111/2111 2121/4253/2121 2113/4254/2113
f 2025/2025/2025 2019/2019/2019 2092/2093/2093 2122/2122/2122
f 2095/4226/2095 2123/4225/2123 2122/2122/2122 2092/2093/2093
f 2125/2124/2124 2122/2122/2122 2123/4225/2123 2124/4221/2125
f 2126/2126/2126 2025/2025/2025 2122/2122/2122 2125/2124/2124
f 2025/2025/2025 2126/2126/2126 2127/2127/2127 2026/2026/2026
f 2128/2128/2128 2030/2029/2029 2017/2017/2017 2026/2026/2026
f 2129/4222/2129 2050/4223/2049 2030/2029/2029 2128/2128/2128
f 2131/4220/2130 2129/4222/2129 2128/2128/2128 2130/2131/2131
f 2130/2131/2131 2128/2128/2128 2026/2026/2026 2127/2127/2127
f 2133/2132/2132 2125/2124/2124 2124/4221/2125 2132/4219/2133
f 2125/2124/2124 2133/2132/2132 2134/2134/2134 2126/2126/2126
f 2135/2135/2135 2127/2127/2127 2126/2126/2126 2134/2134/2134
f 2136/2136/2136 2130/2131/2131 2127/2127/2127 2135/2135/2135
f 2137/4218/2137 2131/4220/2130 2130/2131/2131 2136/2136/2136
f 2139/4102/2138 2138/4101/2139 2135/2135/2135 2134/2134/2134
f 2140/4100/2140 2139/4102/2138 2134/2134/2134 2133/2132/2132
f 2133/2132/2132 2132/4219/2133 2141/4213/2141 2140/4100/2140
f 2142/4097/2142 2136/2136/2136 2135/2135/2135 2138/4101/2139
f 2143/4216/2143 2137/4218/2137 2136/2136/2136 2142/4097/2142
f 2142/4097/2142 2144/4099/2144 2145/4215/2145 2143/4216/2143
f 2141/4213/2141 2145/4214/2145 2144/4217/2144 2140/4100/2140
f 2120/2120/2120 2146/2146/2146 2147/2147/2147 2121/2121/2121
f 2146/2146/2146 2120/2120/2120 2148/2148/2148 2149/2149/2149
f 2150/4293/2150 2148/2148/2148 2120/2120/2120 2115/4299/2115
f 2114/2114/2114 2151/2151/2151 2150/2150/2150 2115/2115/2115
f 2152/2152/2152 2151/2151/2151 2114/2114/2114 2113/2113/2113
f 2154/2153/2153 2152/2152/2152 2113/2113/2113 2153/2154/2154
f 2113/2113/2113 2121/4300/2121 2147/4298/2147 2153/2154/2154
f 2156/2155/2155 2146/2146/2146 2149/2149/2149 2155/2156/2156
f 2157/2157/2157 2147/2147/2147 2146/2146/2146 2156/2155/2155
f 2147/4298/2147 2157/4295/2157 2158/2158/2158 2153/2154/2154
f 2160/4296/2159 2069/4297/2070 2070/2069/2069 2159/2160/2160
f 2162/2161/2161 2161/2162/2162 2090/2090/2090 2069/2070/2070
f 2159/2160/2160 2158/2158/2158 2157/4295/2157 2160/4296/2159
f 2163/2163/2163 2162/2161/2161 2069/2070/2070 2160/2159/2159
f 2160/2159/2159 2157/2157/2157 2156/2155/2155 2163/2163/2163
f 2163/2163/2163 2156/2155/2155 2155/2156/2156 2164/2164/2164
f 2164/2164/2164 2165/2165/2165 2162/2161/2161 2163/2163/2163
f 2166/2166/2166 2161/2162/2162 2162/2161/2161 2165/2165/2165
f 2167/2167/2167 2154/2153/2153 2153/2154/2154 2158/2158/2158
f 2158/2158/2158 2159/2160/2160 2168/2168/2168 2167/2167/2167
f 2168/2168/2168 2159/2160/2160 2070/2069/2069 2072/2072/2072
f 2161/2162/2162 2166/2166/2166 2094/2094/2094 2090/2090/2090
f 2166/2166/2166 2169/2169/2169 2095/2095/2095 2094/2094/2094
f 2169/2169/2169 2170/2170/2170 2123/2123/2123 2095/2095/2095
f 2170/2170/2170 2171/2171/2171 2124/2125/2125 2123/2123/2123
f 2172/2172/2172 2132/2133/2133 2124/2125/2125 2171/2171/2171
f 2173/2173/2173 2141/2141/2141 2132/2133/2133 2172/2172/2172
f 2173/2173/2173 2174/2174/2174 2145/2145/2145 2141/2141/2141
f 2174/2174/2174 2175/2175/2175 2143/2143/2143 2145/2145/2145
f 2137/2137/2137 2143/2143/2143 2175/2175/2175 2176/2176/2176
f 2131/2130/2130 2137/2137/2137 2176/2176/2176 2177/2177/2177
f 2050/2049/2049 2178/2178/2178 2179/2179/2179 2049/2050/2050
f 2180/2180/2180 2178/2178/2178 2050/2049/2049 2129/2129/2129
f 2177/2177/2177 2180/2180/2180 2129/2129/2129 2131/2130/2130
f 2051/2051/2051 2049/2050/2050 2179/2179/2179 2181/2181/2181
f 2181/2181/2181 2182/2182/2182 2052/2052/2052 2051/2051/2051
f 2052/2052/2052 2182/2182/2182 2183/2183/2183 2053/2053/2053
f 2183/2183/2183 2184/2184/2184 2054/2054/2054 2053/2053/2053
f 2185/2185/2185 2058/2058/2058 2054/2054/2054 2184/2184/2184
f 2185/2185/2185 2186/2186/2186 2059/2059/2059 2058/2058/2058
f 2186/2186/2186 2187/2187/2187 2066/2066/2066 2059/2059/2059
f 2177/2177/2177 2179/2179/2179 2178/2178/2178 2180/2180/2180
f 2181/2181/2181 2188/2188/2188 2189/2189/2189 2182/2182/2182
f 2188/2188/2188 2181/2181/2181 2179/2179/2179 2177/2177/2177
f 2188/2188/2188 2177/2177/2177 2176/2176/2176 2189/2189/2189
f 2175/2175/2175 2190/2190/2190 2189/2189/2189 2176/2176/2176
f 2192/2191/2191 2184/2184/2184 2183/2183/2183 2191/2192/2192
f 2191/2192/2192 2189/2189/2189 2190/2190/2190 2192/2191/2191
f 2191/2192/2192 2183/2183/2183 2182/2182/2182 2189/2189/2189
f 2186/2186/2186 2193/2193/2193 2194/2194/2194 2187/2187/2187
f 2184/2184/2184 2193/2193/2193 2186/2186/2186 2185/2185/2185
f 2184/2184/2184 2192/2191/2191 2194/2194/2194 2193/2193/2193
f 2196/2195/2195 2195/2196/2196 2190/2190/2190 2175/2175/2175
f 2192/2191/2191 2190/2190/2190 2195/2196/2196 2194/2194/2194
f 2197/2197/2197 2196/2195/2195 2175/2175/2175 2174/2174/2174
f 2174/2174/2174 2198/3992/2198 2199/3988/2199 2197/2197/2197
f 2198/3992/2198 2174/2174/2174 2200/2200/2200 2201/3989/2201
f 2174/2174/2174 2173/2173/2173 2202/2202/2202 2200/2200/2200
f 1982/1982/1982 2203/2203/2203 2204/2204/2204 1981/1981/1981
f 1981/1981/1981 2204/2204/2204 2205/2205/2205 1977/1978/1978
f 2204/2204/2204 2203/2203/2203 2206/2206/2206 2207/2207/2207
f 2205/2205/2205 2204/2204/2204 2207/2207/2207 2208/2208/2208
f 2207/2207/2207 2206/2206/2206 2209/2209/2209 2210/2210/2210
f 2208/2208/2208 2207/2207/2207 2210/2210/2210 2211/2211/2211
f 2210/2210/2210 2209/2209/2209 2212/2212/2212 2213/4204/2213
f 2211/2211/2211 2210/2210/2210 2213/4204/2213 2214/4294/2214
f 2213/2213/2213 2215/2215/2215 2216/2216/2216 2214/4208/2214
f 2212/4203/2212 2217/4202/2217 2215/2215/2215 2213/2213/2213
f 2219/2218/2218 2216/2216/2216 2215/2215/2215 2218/2219/2219
f 2218/2219/2219 2215/2215/2215 2217/4202/2217 2220/4201/2220
f 2218/2219/2219 2221/2221/2221 2222/2222/2222 2219/2218/2218
f 2221/2221/2221 2218/2219/2219 2220/4201/2220 2223/4200/2223
f 2221/2221/2221 2224/2224/2224 2225/2225/2225 2222/2222/2222
f 2224/2224/2224 2221/2221/2221 2223/4200/2223 2226/4199/2226
f 2224/2224/2224 2227/2227/2227 2228/2228/2228 2225/2225/2225
f 2227/2227/2227 2224/2224/2224 2226/4199/2226 2229/4197/2229
f 2228/2228/2228 2230/2230/2230 2231/2231/2231 2225/2225/2225
f 2230/2230/2230 2232/4169/2232 2233/4196/2233 2231/2231/2231
f 2235/2234/2234 2234/2235/2235 1865/1866/1866 1866/1865/1865
f 2234/2235/2235 2235/2234/2234 2219/2218/2218 2222/2222/2222
f 2236/2236/2236 2234/2235/2235 2222/2222/2222 2225/2225/2225
f 2237/2237/2237 2236/2236/2236 2225/2225/2225 2231/2231/2231
f 2236/2236/2236 1871/1871/1871 1865/1866/1866 2234/2235/2235
f 2238/2238/2238 1871/1871/1871 2236/2236/2236 2237/2237/2237
f 2238/2238/2238 2239/2239/2239 1873/1873/1873 1871/1871/1871
f 2238/2238/2238 2237/2237/2237 2231/2231/2231 2239/2239/2239
f 2240/4195/2240 2239/2239/2239 2231/2231/2231 2233/4196/2233
f 2239/2239/2239 2240/4195/2240 2241/4194/2241 2242/2242/2242
f 2242/2242/2242 2241/4194/2241 2243/4193/2243 2244/2244/2244
f 2244/2244/2244 2243/4193/2243 2245/4192/2245 2246/2246/2246
f 2246/2246/2246 2245/4192/2245 2247/4191/2247 2248/2248/2248
f 2250/4185/2249 2249/4057/2250 2248/2248/2248 2247/4191/2247
f 2252/2251/2251 2248/2248/2248 2249/4057/2250 2251/4059/2252
f 2239/2239/2239 2242/2242/2242 2253/2253/2253 1873/1873/1873
f 2254/2254/2254 2253/2253/2253 2242/2242/2242 2244/2244/2244
f 2255/2255/2255 2254/2254/2254 2244/2244/2244 2246/2246/2246
f 2246/2246/2246 2248/2248/2248 2252/2251/2251 2255/2255/2255
f 2257/2256/2256 2252/2251/2251 2251/4059/2252 2256/4058/2257
f 2252/2251/2251 2257/2256/2256 2258/2258/2258 2255/2255/2255
f 2254/2254/2254 2255/2255/2255 2258/2258/2258 2259/2259/2259
f 2259/2259/2259 2260/2260/2260 2253/2253/2253 2254/2254/2254
f 1873/1873/1873 2253/2253/2253 2260/2260/2260 2261/2261/2261
f 1874/1874/1874 1872/1872/1872 1873/1873/1873 2261/2261/2261
f 2263/4190/2262 2262/4181/2263 2260/2260/2260 2259/2259/2259
f 2258/2258/2258 2264/4189/2264 2263/4190/2262 2259/2259/2259
f 2264/4189/2264 2258/2258/2258 2257/2256/2256 2265/4188/2265
f 2266/4186/2266 2265/4188/2265 2257/2256/2256 2256/4058/2257
f 2268/4055/2267 2267/4184/2268 2266/4186/2266 2256/4058/2257
f 2270/4182/2269 2269/4056/2270 2249/4057/2250 2250/4185/2249
f 2269/4056/2270 2270/4182/2269 2267/4183/2268 2268/4187/2267
f 2262/4181/2263 2271/4180/2271 2261/2261/2261 2260/2260/2260
f 2271/4180/2271 2272/2272/2272 1874/1874/1874 2261/2261/2261
f 2214/4208/2214 2216/2216/2216 2273/2273/2273 2274/4207/2274
f 1868/1868/1868 1862/4206/1862 2274/4207/2274 2273/2273/2273
f 2276/2275/2275 2273/2273/2273 2216/2216/2216 2275/2276/2276
f 2276/2275/2275 2277/2277/2277 1868/1868/1868 2273/2273/2273
f 1869/1869/1869 1868/1868/1868 2277/2277/2277 1867/1867/1867
f 2278/2278/2278 2235/2234/2234 1866/1865/1865 1867/1867/1867
f 2279/2279/2279 2219/2218/2218 2235/2234/2234 2278/2278/2278
f 2279/2279/2279 2280/2280/2280 2216/2216/2216 2219/2218/2218
f 2216/2216/2216 2280/2280/2280 2281/2281/2281 2275/2276/2276
f 2262/2263/2263 2263/2262/2262 2282/2282/2282 2283/2283/2283
f 2271/2271/2271 2262/2263/2263 2283/2283/2283 2284/2284/2284
f 2271/4180/2271 2284/4179/2284 2285/2285/2285 2272/2272/2272
f 2287/4178/2286 2286/2287/2287 2285/2285/2285 2284/4179/2284
f 2284/2284/2284 2283/2283/2283 2288/2288/2288 2287/2286/2286
f 2283/2283/2283 2282/2282/2282 2289/2289/2289 2288/2288/2288
f 2287/4178/2286 2290/4176/2290 2291/2291/2291 2286/2287/2287
f 2290/2290/2290 2287/2286/2286 2288/2288/2288 2292/2292/2292
f 2293/2293/2293 2292/2292/2292 2288/2288/2288 2289/2289/2289
f 2295/2294/2294 2294/2295/2295 2286/2287/2287 2291/2291/2291
f 2294/2295/2295 2296/2296/2296 2285/2285/2285 2286/2287/2287
f 2296/2296/2296 2297/2297/2297 2272/2272/2272 2285/2285/2285
f 1874/1874/1874 2272/2272/2272 2297/2297/2297 1875/1875/1875
f 2295/2294/2294 2291/2291/2291 2298/4045/2298 2299/4044/2299
f 2300/4177/2300 2298/4045/2298 2291/2291/2291 2290/4176/2290
f 2301/2301/2301 2300/4043/2300 2290/2290/2290 2292/2292/2292
f 2303/4174/2302 2295/2294/2294 2299/4044/2299 2302/4042/2303
f 2303/4174/2302 2304/4173/2304 2294/2295/2295 2295/2294/2294
f 2305/4172/2305 2296/2296/2296 2294/2295/2295 2304/4173/2304
f 2305/4172/2305 2306/4171/2306 2297/2297/2297 2296/2296/2296
f 2306/4171/2306 2307/4170/2307 1875/1875/1875 2297/2297/2297
f 1859/1859/1859 1875/1875/1875 2274/2274/2274 1862/1862/1862
f 1875/1875/1875 2307/4170/2307 2214/4205/2214 2274/2274/2274
f 2214/2214/2214 2307/2307/2307 2308/2308/2308 2309/2309/2309
f 2309/4292/2309 2310/2310/2310 2211/2211/2211 2214/4294/2214
f 2309/4292/2309 2150/2150/2150 2151/2151/2151 2310/2310/2310
f 2151/2151/2151 2152/2152/2152 2211/2211/2211 2310/2310/2310
f 2152/2152/2152 2311/2311/2311 2208/2208/2208 2211/2211/2211
f 2152/2152/2152 2154/2153/2153 2312/2312/2312 2311/2311/2311
f 1977/1978/1978 2205/2205/2205 2313/2313/2313 1978/1977/1977
f 2205/2205/2205 2208/2208/2208 2311/2311/2311 2313/2313/2313
f 2154/2153/2153 2167/2167/2167 2314/2314/2314 2312/2312/2312
f 2312/2312/2312 2315/2315/2315 2313/2313/2313 2311/2311/2311
f 2314/2314/2314 2316/2316/2316 2315/2315/2315 2312/2312/2312
f 1978/1977/1977 2313/2313/2313 2315/2315/2315 1980/1979/1979
f 2317/2317/2317 2314/2314/2314 2167/2167/2167 2168/2168/2168
f 2317/2317/2317 2168/2168/2168 2072/2072/2072 2318/2318/2318
f 2319/2319/2319 2318/2318/2318 2072/2072/2072 2075/2075/2075
f 2321/2320/2320 2320/2321/2321 1976/1975/1975 1980/1979/1979
f 2316/2316/2316 2321/2320/2320 1980/1979/1979 2315/2315/2315
f 2316/2316/2316 2314/2314/2314 2317/2317/2317 2322/2322/2322
f 2322/2322/2322 2323/2323/2323 2321/2320/2320 2316/2316/2316
f 2323/2323/2323 2324/2324/2324 2320/2321/2321 2321/2320/2320
f 2325/2325/2325 2322/2322/2322 2317/2317/2317 2318/2318/2318
f 2322/2322/2322 2325/2325/2325 2326/2326/2326 2323/2323/2323
f 2327/2327/2327 2324/2324/2324 2323/2323/2323 2326/2326/2326
f 2328/2328/2328 2325/2325/2325 2318/2318/2318 2319/2319/2319
f 2327/2327/2327 2326/2326/2326 2325/2325/2325 2328/2328/2328
f 2075/2075/2075 2079/2078/2078 2329/2329/2329 2319/2319/2319
f 2329/2329/2329 2330/2330/2330 2328/2328/2328 2319/2319/2319
f 2331/2331/2331 2327/2327/2327 2328/2328/2328 2330/2330/2330
f 2331/2331/2331 2332/2332/2332 2324/2324/2324 2327/2327/2327
f 2333/2333/2333 2320/2321/2321 2324/2324/2324 2332/2332/2332
f 2320/2321/2321 2333/2333/2333 2334/2334/2334 1976/1975/1975
f 1937/4288/1937 1976/1975/1975 2334/2334/2334 1938/1938/1938
f 2150/4293/2150 2309/2309/2309 2308/2308/2308 2148/2148/2148
f 2336/2335/2335 2335/2336/2336 2307/2307/2307 2306/2306/2306
f 2308/2308/2308 2307/2307/2307 2335/2336/2336 2337/2337/2337
f 2337/2337/2337 2149/2149/2149 2148/2148/2148 2308/2308/2308
f 2337/2337/2337 2335/2336/2336 2336/2335/2335 2338/2338/2338
f 2149/2149/2149 2337/2337/2337 2338/2338/2338 2155/2156/2156
f 2305/2305/2305 2339/2339/2339 2336/2335/2335 2306/2306/2306
f 2338/2338/2338 2336/2335/2335 2339/2339/2339 2340/2340/2340
f 2342/2341/2341 2338/2338/2338 2340/2340/2340 2341/2342/2342
f 2155/2156/2156 2338/2338/2338 2342/2341/2341 2164/2164/2164
f 2164/2164/2164 2342/2341/2341 2341/2342/2342 2165/2165/2165
f 2339/2339/2339 2305/2305/2305 2304/2304/2304 2343/2343/2343
f 2340/2340/2340 2339/2339/2339 2343/2343/2343 2344/2344/2344
f 2344/2344/2344 2345/2345/2345 2341/2342/2342 2340/2340/2340
f 2165/2165/2165 2341/2342/2342 2345/2345/2345 2166/2166/2166
f 2343/2343/2343 2304/2304/2304 2303/2302/2302 2346/2346/2346
f 2346/2346/2346 2347/2347/2347 2344/2344/2344 2343/2343/2343
f 2345/2345/2345 2344/2344/2344 2347/2347/2347 2348/2348/2348
f 2166/2166/2166 2345/2345/2345 2348/2348/2348 2169/2169/2169
f 2302/4175/2303 2300/4043/2300 2349/2349/2349 2350/2350/2350
f 2300/4043/2300 2301/2301/2301 2351/2351/2351 2349/2349/2349
f 2292/2292/2292 2293/2293/2293 2352/2352/2352 2301/2301/2301
f 2353/2353/2353 2351/2351/2351 2301/2301/2301 2352/2352/2352
f 2354/2354/2354 2303/2302/2302 2302/4175/2303 2350/2350/2350
f 2354/2354/2354 2355/2355/2355 2346/2346/2346 2303/2302/2302
f 2355/2355/2355 2356/2356/2356 2347/2347/2347 2346/2346/2346
f 2356/2356/2356 2357/2357/2357 2348/2348/2348 2347/2347/2347
f 2357/2357/2357 2170/2170/2170 2169/2169/2169 2348/2348/2348
f 2230/2230/2230 2358/4071/2358 2359/4168/2359 2232/4169/2232
f 2228/2228/2228 2360/4070/2360 2358/4071/2358 2230/2230/2230
f 2227/2227/2227 2361/2361/2361 2360/4070/2360 2228/2228/2228
f 2361/4069/2361 2362/2362/2362 2363/2363/2363 2360/2360/2360
f 2363/2363/2363 2364/2364/2364 2358/2358/2358 2360/2360/2360
f 2365/2365/2365 2359/4068/2359 2358/2358/2358 2364/2364/2364
f 2361/4069/2361 2366/4066/2366 2367/4065/2367 2362/2362/2362
f 2359/4068/2359 2365/2365/2365 2367/2367/2367 2366/4067/2366
f 2364/2364/2364 2368/2368/2368 2369/2369/2369 2365/2365/2365
f 2363/2363/2363 2370/2370/2370 2368/2368/2368 2364/2364/2364
f 2362/2362/2362 2371/2371/2371 2370/2370/2370 2363/2363/2363
f 2361/2361/2361 2227/2227/2227 2229/4197/2229 2366/4198/2366
f 2367/4065/2367 2372/4064/2372 2371/2371/2371 2362/2362/2362
f 2372/2372/2372 2367/2367/2367 2365/2365/2365 2369/2369/2369
f 2374/2373/2373 2368/2368/2368 2370/2370/2370 2373/2374/2374
f 2376/2375/2375 2374/2373/2373 2373/2374/2374 2375/2376/2376
f 2375/2376/2376 2377/2377/2377 2378/2378/2378 2376/2375/2375
f 2379/2379/2379 2369/2369/2369 2368/2368/2368 2374/2373/2373
f 2380/2380/2380 2379/2379/2379 2374/2373/2373 2376/2375/2375
f 2381/2381/2381 2380/2380/2380 2376/2375/2375 2378/2378/2378
f 2371/2371/2371 2382/2382/2382 2373/2374/2374 2370/2370/2370
f 2382/2382/2382 2383/2383/2383 2375/2376/2376 2373/2374/2374
f 2372/4064/2372 2384/4063/2384 2382/2382/2382 2371/2371/2371
f 2384/2384/2384 2372/2372/2372 2369/2369/2369 2379/2379/2379
f 2379/2379/2379 2380/2380/2380 2385/2385/2385 2384/2384/2384
f 2384/4063/2384 2385/4062/2385 2383/2383/2383 2382/2382/2382
f 2380/2380/2380 2381/2381/2381 2386/2386/2386 2385/2385/2385
f 2375/2376/2376 2383/2383/2383 2387/2387/2387 2377/2377/2377
f 2387/2387/2387 2383/2383/2383 2385/4062/2385 2386/2386/2386
f 2378/2378/2378 2377/2377/2377 2386/2386/2386 2381/2381/2381
f 2386/2386/2386 2377/2377/2377 2387/2387/2387
f 2389/2388/2388 2388/2389/2389 2256/2257/2257 2251/2252/2252
f 2249/2250/2250 2390/2390/2390 2389/2388/2388 2251/2252/2252
f 2390/2390/2390 2249/2250/2250 2269/2270/2270 2391/2391/2391
f 2392/2392/2392 2391/2391/2391 2269/2270/2270 2268/2267/2267
f 2256/4061/2257 2388/4060/2389 2392/2392/2392 2268/2267/2267
f 2394/2393/2393 2391/2391/2391 2392/2392/2392 2393/2394/2394
f 2393/2394/2394 2392/2392/2392 2388/4060/2389 2395/4054/2395
f 2389/2388/2388 2396/2396/2396 2395/2395/2395 2388/2389/2389
f 2391/2391/2391 2394/2393/2393 2397/2397/2397 2390/2390/2390
f 2396/2396/2396 2389/2388/2388 2390/2390/2390 2397/2397/2397
f 2394/2393/2393 2393/2394/2394 2398/2398/2398 2399/2399/2399
f 2395/4054/2395 2400/4053/2400 2398/2398/2398 2393/2394/2394
f 2396/2396/2396 2401/2401/2401 2400/2400/2400 2395/2395/2395
f 2397/2397/2397 2402/2402/2402 2401/2401/2401 2396/2396/2396
f 2394/2393/2393 2399/2399/2399 2402/2402/2402 2397/2397/2397
f 2404/2403/2403 2401/2401/2401 2402/2402/2402 2403/2404/2404
f 2404/2403/2403 2403/2404/2404 2405/2405/2405 2406/2406/2406
f 2406/2406/2406 2405/2405/2405 2407/2407/2407 2408/2408/2408
f 2399/2399/2399 2409/2409/2409 2403/2404/2404 2402/2402/2402
f 2409/2409/2409 2410/2410/2410 2405/2405/2405 2403/2404/2404
f 2410/2410/2410 2411/2411/2411 2407/2407/2407 2405/2405/2405
f 2401/2401/2401 2404/2403/2403 2412/4052/2412 2400/2400/2400
f 2413/4051/2413 2412/4052/2412 2404/2403/2403 2406/2406/2406
f 2413/4051/2413 2406/2406/2406 2408/2408/2408 2414/2414/2414
f 2409/2409/2409 2399/2399/2399 2398/2398/2398 2415/2415/2415
f 2398/2398/2398 2400/4053/2400 2412/2412/2412 2415/2415/2415
f 2415/2415/2415 2416/2416/2416 2410/2410/2410 2409/2409/2409
f 2412/2412/2412 2413/2413/2413 2416/2416/2416 2415/2415/2415
f 2416/2416/2416 2417/2417/2417 2411/2411/2411 2410/2410/2410
f 2417/2417/2417 2416/2416/2416 2413/2413/2413 2414/2414/2414
f 2408/2408/2408 2407/2407/2407 2414/2414/2414
f 2414/2414/2414 2407/2407/2407 2411/2411/2411 2417/2417/2417
f 2298/2298/2298 2300/2300/2300 2418/2418/2418 2419/2419/2419
f 2299/2299/2299 2298/2298/2298 2419/2419/2419 2420/2420/2420
f 2420/2420/2420 2421/4049/2421 2302/2303/2303 2299/2299/2299
f 2423/2422/2422 2420/2420/2420 2419/2419/2419 2422/2423/2423
f 2420/2420/2420 2423/2422/2422 2424/2424/2424 2421/4049/2421
f 2418/2418/2418 2425/2425/2425 2422/2423/2423 2419/2419/2419
f 2421/2421/2421 2424/4048/2424 2425/2425/2425 2418/2418/2418
f 2427/2426/2426 2423/2422/2422 2422/2423/2423 2426/2427/2427
f 2427/2426/2426 2426/2427/2427 2428/2428/2428 2429/2429/2429
f 2431/2430/2430 2429/2429/2429 2428/2428/2428 2430/2431/2431
f 2432/4047/2432 2424/2424/2424 2423/2422/2422 2427/2426/2426
f 2432/4047/2432 2427/2426/2426 2429/2429/2429 2433/4046/2433
f 2433/4046/2433 2429/2429/2429 2431/2430/2430 2434/2434/2434
f 2425/2425/2425 2435/2435/2435 2426/2427/2427 2422/2423/2423
f 2426/2427/2427 2435/2435/2435 2436/2436/2436 2428/2428/2428
f 2436/2436/2436 2437/2437/2437 2430/2431/2431 2428/2428/2428
f 2435/2435/2435 2425/2425/2425 2424/4048/2424 2432/2432/2432
f 2436/2436/2436 2435/2435/2435 2432/2432/2432 2433/2433/2433
f 2436/2436/2436 2433/2433/2433 2434/2434/2434 2437/2437/2437
f 2431/2430/2430 2430/2431/2431 2437/2437/2437 2434/2434/2434
f 2280/2280/2280 2279/2279/2279 2278/2278/2278 2438/4080/2438
f 1867/1867/1867 2439/4082/2439 2438/4080/2438 2278/2278/2278
f 2277/2277/2277 2440/4081/2440 2439/4082/2439 1867/1867/1867
f 2276/2275/2275 2441/2441/2441 2440/4081/2440 2277/2277/2277
f 2442/4076/2442 2281/2281/2281 2280/2280/2280 2438/4080/2438
f 2443/2443/2443 2442/2442/2442 2438/2438/2438 2439/2439/2439
f 2443/2443/2443 2439/2439/2439 2440/2440/2440 2444/2444/2444
f 2444/2444/2444 2440/2440/2440 2441/4079/2441 2445/2445/2445
f 2441/2441/2441 2276/2275/2275 2275/2276/2276 2446/4078/2446
f 2281/2281/2281 2442/4076/2442 2446/4078/2446 2275/2276/2276
f 2447/2447/2447 2445/2445/2445 2441/4079/2441 2446/2446/2446
f 2448/4075/2448 2447/2447/2447 2446/2446/2446 2442/4077/2442
f 2442/2442/2442 2443/2443/2443 2449/2449/2449 2448/2448/2448
f 2449/2449/2449 2443/2443/2443 2444/2444/2444 2450/2450/2450
f 2445/2445/2445 2451/2451/2451 2450/2450/2450 2444/2444/2444
f 2451/2451/2451 2445/2445/2445 2447/2447/2447 2452/2452/2452
f 2448/4075/2448 2453/4074/2453 2452/2452/2452 2447/2447/2447
f 2454/2454/2454 2453/2453/2453 2448/2448/2448 2449/2449/2449
f 2455/2455/2455 2454/2454/2454 2449/2449/2449 2450/2450/2450
f 2455/2455/2455 2450/2450/2450 2451/2451/2451 2456/2456/2456
f 2456/2456/2456 2451/2451/2451 2452/2452/2452 2457/2457/2457
f 2458/4073/2458 2457/2457/2457 2452/2452/2452 2453/4074/2453
f 2460/2459/2459 2454/2454/2454 2455/2455/2455 2459/2460/2460
f 2456/2456/2456 2457/2457/2457 2459/2460/2460 2455/2455/2455
f 2458/2458/2458 2453/2453/2453 2454/2454/2454 2460/2459/2459
f 2462/2461/2461 2460/2459/2459 2459/2460/2460 2461/2462/2462
f 2464/2463/2463 2462/2461/2461 2461/2462/2462 2463/2464/2464
f 2460/2459/2459 2462/2461/2461 2465/4072/2465 2458/2458/2458
f 2466/2466/2466 2465/4072/2465 2462/2461/2461 2464/2463/2463
f 2459/2460/2460 2457/2457/2457 2467/2467/2467 2461/2462/2462
f 2458/4073/2458 2465/2465/2465 2467/2467/2467 2457/2457/2457
f 2461/2462/2462 2467/2467/2467 2468/2468/2468 2463/2464/2464
f 2467/2467/2467 2465/2465/2465 2466/2466/2466 2468/2468/2468
f 2464/2463/2463 2463/2464/2464 2468/2468/2468 2466/2466/2466
f 2139/2138/2138 2469/2469/2469 2470/2470/2470 2138/2139/2139
f 2139/2138/2138 2140/2140/2140 2471/2471/2471 2469/2469/2469
f 2472/2472/2472 2142/2142/2142 2138/2139/2139 2470/2470/2470
f 2144/2144/2144 2142/4098/2142 2472/4096/2472 2473/2473/2473
f 2471/2471/2471 2140/2140/2140 2144/2144/2144 2473/2473/2473
f 2475/2474/2474 2473/2473/2473 2472/4096/2472 2474/4095/2475
f 2476/2476/2476 2471/2471/2471 2473/2473/2473 2475/2474/2474
f 2474/2475/2475 2472/2472/2472 2470/2470/2470 2477/2477/2477
f 2477/2477/2477 2470/2470/2470 2469/2469/2469 2478/2478/2478
f 2469/2469/2469 2471/2471/2471 2476/2476/2476 2478/2478/2478
f 2477/2477/2477 2478/2478/2478 2479/2479/2479 2480/2480/2480
f 2482/2481/2481 2480/2480/2480 2479/2479/2479 2481/2482/2482
f 2483/4094/2483 2474/2475/2475 2477/2477/2477 2480/2480/2480
f 2484/2484/2484 2483/4094/2483 2480/2480/2480 2482/2481/2481
f 2478/2478/2478 2476/2476/2476 2485/2485/2485 2479/2479/2479
f 2485/2485/2485 2486/2486/2486 2481/2482/2482 2479/2479/2479
f 2474/4095/2475 2483/2483/2483 2487/2487/2487 2475/2474/2474
f 2475/2474/2474 2487/2487/2487 2485/2485/2485 2476/2476/2476
f 2488/2488/2488 2487/2487/2487 2483/2483/2483 2484/2484/2484
f 2487/2487/2487 2488/2488/2488 2486/2486/2486 2485/2485/2485
f 2482/2481/2481 2481/2482/2482 2488/2488/2488 2484/2484/2484
f 2488/2488/2488 2481/2482/2482 2486/2486/2486
f 2490/2489/2489 2077/2077/2077 2078/2079/2079 2489/2490/2490
f 2077/2077/2077 2490/2489/2489 2491/2491/2491 2076/2076/2076
f 2491/2491/2491 2492/2492/2492 2073/2074/2074 2076/2076/2076
f 2492/2492/2492 2493/2493/2493 2074/2073/2073 2073/2074/2074
f 2493/4087/2493 2494/2494/2494 2078/2079/2079 2074/4089/2073
f 2489/2490/2490 2078/2079/2079 2494/2494/2494 2495/2495/2495
f 2496/2496/2496 2491/2491/2491 2490/2489/2489 2489/2490/2490
f 2491/2491/2491 2496/2496/2496 2497/2497/2497 2492/2492/2492
f 2492/2492/2492 2497/2497/2497 2498/2498/2498 2493/2493/2493
f 2498/4086/2498 2499/2499/2499 2494/2494/2494 2493/4087/2493
f 2494/2494/2494 2499/2499/2499 2500/2500/2500 2495/2495/2495
f 2501/2501/2501 2496/2496/2496 2489/2490/2490 2495/2495/2495
f 2502/2502/2502 2497/2497/2497 2496/2496/2496 2501/2501/2501
f 2497/2497/2497 2502/2502/2502 2503/2503/2503 2498/2498/2498
f 2504/2504/2504 2501/2501/2501 2495/2495/2495 2500/2500/2500
f 2504/2504/2504 2505/2505/2505 2502/2502/2502 2501/2501/2501
f 2502/2502/2502 2505/2505/2505 2506/2506/2506 2503/2503/2503
f 2498/4086/2498 2503/4085/2503 2506/4084/2506 2499/2499/2499
f 2507/2507/2507 2500/2500/2500 2499/2499/2499 2506/4084/2506
f 2500/2500/2500 2507/2507/2507 2508/2508/2508 2504/2504/2504
f 2504/2504/2504 2508/2508/2508 2509/2509/2509 2505/2505/2505
f 2510/2510/2510 2506/2506/2506 2505/2505/2505 2509/2509/2509
f 2507/2507/2507 2506/4084/2506 2510/4083/2510 2511/2511/2511
f 2508/2508/2508 2512/2512/2512 2513/2513/2513 2509/2509/2509
f 2509/2509/2509 2513/2513/2513 2514/2514/2514 2510/2510/2510
f 2515/2515/2515 2511/2511/2511 2510/4083/2510 2514/2514/2514
f 2512/2512/2512 2508/2508/2508 2507/2507/2507 2516/2516/2516
f 2511/2511/2511 2515/2515/2515 2516/2516/2516 2507/2507/2507
f 2513/2513/2513 2512/2512/2512 2515/2515/2515 2514/2514/2514
f 2515/2515/2515 2512/2512/2512 2516/2516/2516
f 2947/2517/2517 2948/2518/2518 2587/2519/2519 2588/2520/2520
f 2949/2521/2521 2950/2522/2522 2585/2523/2523 2586/2524/2524
f 2948/2518/2518 2949/2521/2521 2586/2524/2524 2587/2519/2519
f 2950/2522/2522 2951/2525/2525 2584/2526/2526 2585/2523/2523
f 2582/2527/2527 2583/2528/2528 2952/2529/2529 2953/2530/2530
f 2957/2531/2531 2958/2532/2532 2905/2533/2533 2576/2534/2534
f 2961/2535/2535 2962/2536/2536 2926/2537/2537 2575/2538/2538
f 2945/2539/2539 2946/2540/2540 2762/2541/2541 2598/2542/2542
f 2940/2543/2543 2941/2544/2544 2742/2545/2545 2599/2546/2546
f 2196/2195/2195 2197/2197/2197 2199/3988/2199 2525/3979/2547
f 2951/2525/2525 2952/2529/2529 2583/2528/2528 2584/2526/2526
f 2195/2196/2196 2196/2195/2195 2525/3979/2547 2547/2548/2548
f 2547/2548/2548 2527/3987/2549 2194/2194/2194 2195/2196/2196
f 2527/3987/2549 2549/3977/2550 2187/2187/2187 2194/2194/2194
f 2187/2187/2187 2549/3977/2550 2550/4007/2551 2066/2066/2066
f 2063/2063/2063 2065/2065/2065 2066/4212/2066 2550/4211/2551
f 2551/4006/2552 2064/2064/2064 2063/2063/2063 2550/4211/2551
f 2552/4005/2553 2089/4210/2089 2064/2064/2064 2551/4006/2552
f 2521/3990/2554 2201/3989/2201 2200/2200/2200 2553/2555/2555
f 2841/2556/2556 2842/2557/2557 2554/2558/2558 2519/3941/2559
f 2554/2558/2558 2555/2560/2560 2517/3991/2561 2519/3941/2559
f 2518/2562/2562 2517/3991/2561 2555/2560/2560 2556/2563/2563
f 2533/3947/2564 2814/3946/2565 2815/2566/2566 2557/2567/2567
f 2558/2568/2568 2533/3947/2564 2557/2567/2567 2559/2569/2569
f 2534/3949/2570 2796/2571/2571 2797/2572/2572 2560/2573/2573
f 2537/2574/2574 2562/2575/2575 2563/2576/2576 2535/2577/2577
f 2562/2575/2575 2564/2578/2578 2565/2579/2579 2563/2576/2576
f 2561/2580/2580 2560/2573/2573 2564/2578/2578 2562/2575/2575
f 2763/3954/2581 2764/2582/2582 2566/2583/2583 2538/3955/2584
f 2743/3957/2585 2744/2586/2586 2567/2587/2587 2539/3960/2588
f 2540/3963/2589 2729/3962/2590 2730/2591/2591 2568/2592/2592
f 2540/3963/2589 2568/2592/2592 2569/2593/2593 2542/2594/2594
f 2569/2593/2593 2570/2595/2595 2543/2596/2596 2542/2594/2594
f 2571/2597/2597 2541/2598/2598 2543/2596/2596 2570/2595/2595
f 2572/2599/2599 2541/2598/2598 2571/2597/2597 2573/2600/2600
f 2530/3996/2601 2575/2538/2538 2926/2537/2537 2927/3993/2602
f 2529/4000/2603 2576/2534/2534 2905/2533/2533 2906/3998/2604
f 2528/4004/2605 2577/2606/2606 2874/2607/2607 2875/4002/2608
f 2552/2553/2553 2578/2609/2609 2857/2610/2610 2858/4003/2611
f 2551/2552/2552 2579/2612/2612 2578/2609/2609 2552/2553/2553
f 2550/2551/2551 2580/2613/2613 2579/2612/2612 2551/2552/2552
f 2549/2550/2550 2581/2614/2614 2580/2613/2613 2550/2551/2551
f 2527/2549/2549 2582/2527/2527 2581/2614/2614 2549/2550/2550
f 2527/2549/2549 2547/3978/2548 2583/2528/2528 2582/2527/2527
f 2584/2526/2526 2583/2528/2528 2547/3978/2548 2525/2547/2547
f 2585/2523/2523 2584/2526/2526 2525/2547/2547 2199/2199/2199
f 2586/2524/2524 2585/2523/2523 2199/2199/2199 2198/2198/2198
f 2587/2519/2519 2586/2524/2524 2198/2198/2198 2201/2201/2201
f 2588/2520/2520 2587/2519/2519 2201/2201/2201 2521/2554/2554
f 2589/2615/2615 2840/2616/2616 2841/3940/2556 2519/2559/2559
f 2590/4035/2617 2589/2615/2615 2519/2559/2559 2517/4041/2561
f 2518/3986/2562 2591/2618/2618 2590/2617/2617 2517/2561/2561
f 2592/2619/2619 2813/2620/2620 2814/2565/2565 2533/2564/2564
f 2593/2621/2621 2592/2619/2619 2533/2564/2564 2558/3976/2568
f 2594/2622/2622 2795/2623/2623 2796/3948/2571 2534/2570/2570
f 2595/2624/2624 2594/2622/2622 2534/2570/2570 2536/3985/2625
f 2596/2626/2626 2595/2624/2624 2536/3985/2625 2537/3984/2574
f 2597/2627/2627 2596/2626/2626 2537/3984/2574 2535/3983/2577
f 2598/2542/2542 2762/2541/2541 2763/2581/2581 2538/2584/2584
f 2599/2546/2546 2742/2545/2545 2743/2585/2585 2539/2588/2588
f 2600/2628/2628 2728/2629/2629 2729/2590/2590 2540/2589/2589
f 2601/2630/2630 2600/2628/2628 2540/2589/2589 2542/3982/2594
f 2602/2631/2631 2601/2630/2630 2542/3982/2594 2543/3981/2596
f 2603/2632/2632 2602/2631/2631 2543/3981/2596 2541/3980/2598
f 2604/2633/2633 2603/2632/2632 2541/3980/2598 2572/3975/2599
f 2607/3974/2634 2608/2635/2635 2604/2633/2633 2572/3975/2599
f 2670/3971/2636 2671/2637/2637 2605/2638/2638 2544/2639/2639
f 2691/3964/2640 2692/2641/2641 2608/2635/2635 2607/3974/2634
f 2573/2600/2600 2609/2642/2642 2607/2634/2634 2572/2599/2599
f 2605/2638/2638 2666/2643/2643 2667/3972/2644 2544/2639/2639
f 2544/3973/2639 2667/2644/2644 2668/2645/2645 2613/2646/2646
f 1987/1987/1987 1971/1971/1971 2614/2647/2647 2615/2648/2648
f 2616/2649/2649 1991/1991/1991 1987/1987/1987 2615/2648/2648
f 2617/2650/2650 1998/1998/1998 1991/1991/1991 2616/2649/2649
f 1997/1996/1996 1998/1998/1998 2617/2650/2650 2618/2651/2651
f 2618/2651/2651 2619/2652/2652 1996/1997/1997 1997/1996/1996
f 2620/2653/2653 1999/1999/1999 1996/1997/1997 2619/2652/2652
f 1999/1999/1999 2620/2653/2653 2621/2654/2654 2000/2000/2000
f 2621/2654/2654 2622/2655/2655 2001/2001/2001 2000/2000/2000
f 2624/2656/2656 2623/4015/2657 2615/2648/2648 2614/2647/2647
f 2623/4015/2657 2625/4013/2658 2616/2649/2649 2615/2648/2648
f 2617/2650/2650 2616/2649/2649 2625/4013/2658 2626/2659/2659
f 2627/2660/2660 2618/2651/2651 2617/2650/2650 2626/2659/2659
f 2627/2660/2660 2628/2661/2661 2619/2652/2652 2618/2651/2651
f 2620/2653/2653 2619/2652/2652 2628/2661/2661 2629/2662/2662
f 2629/2662/2662 2630/2663/2663 2621/2654/2654 2620/2653/2653
f 2630/2663/2663 2631/2664/2664 2622/2655/2655 2621/2654/2654
f 2009/2008/2008 2002/2002/2002 2632/4267/2665 2633/4270/2666
f 2633/4270/2666 2634/4268/2667 2007/2007/2007 2009/2008/2008
f 2635/2668/2668 2632/4267/2665 2002/2002/2002 2001/2001/2001
f 2005/2005/2005 2007/4269/2007 2634/2667/2667 2636/2669/2669
f 2636/2669/2669 2637/2670/2670 1984/1984/1984 2005/2005/2005
f 2637/2670/2670 2638/2671/2671 1983/1983/1983 1984/1984/1984
f 1983/1983/1983 2638/2671/2671 2639/2672/2672 1982/1982/1982
f 2639/2672/2672 2640/2673/2673 2203/2203/2203 1982/1982/1982
f 2640/2673/2673 2641/2674/2674 2206/2206/2206 2203/2203/2203
f 2641/2674/2674 2642/2675/2675 2209/2209/2209 2206/2206/2206
f 2642/2675/2675 2643/2676/2676 2212/2212/2212 2209/2209/2209
f 2644/2677/2677 2217/2217/2217 2212/2212/2212 2643/2676/2676
f 2645/2678/2678 2220/2220/2220 2217/2217/2217 2644/2677/2677
f 2645/2678/2678 2646/2679/2679 2223/2223/2223 2220/2220/2220
f 2226/2226/2226 2223/2223/2223 2646/2679/2679 2647/2680/2680
f 2229/2229/2229 2226/2226/2226 2647/2680/2680 2648/2681/2681
f 2366/2366/2366 2229/2229/2229 2648/2681/2681 2649/2682/2682
f 2366/2366/2366 2649/2682/2682 2650/2683/2683 2359/2359/2359
f 2652/2684/2684 2651/2685/2685 2632/2665/2665 2635/4266/2668
f 2633/2666/2666 2632/2665/2665 2651/2685/2685 2653/2686/2686
f 2634/2667/2667 2633/2666/2666 2653/2686/2686 2636/2669/2669
f 2651/2685/2685 2652/2684/2684 2654/2687/2687 2655/2688/2688
f 2655/2688/2688 2656/2689/2689 2653/2686/2686 2651/2685/2685
f 2656/2689/2689 2657/2690/2690 2636/2669/2669 2653/2686/2686
f 2636/2669/2669 2657/2690/2690 2658/2691/2691 2637/2670/2670
f 2637/2670/2670 2658/2691/2691 2659/2692/2692 2638/2671/2671
f 2638/2671/2671 2659/2692/2692 2640/2673/2673 2639/2672/2672
f 2001/2001/2001 2622/2655/2655 2660/2693/2693 2635/2668/2668
f 2661/2694/2694 2652/2684/2684 2635/4266/2668 2660/4265/2693
f 2654/2687/2687 2652/2684/2684 2661/2694/2694 2662/2695/2695
f 2660/2693/2693 2622/2655/2655 2631/2664/2664 2663/2696/2696
f 2663/4264/2696 2664/2697/2697 2661/2694/2694 2660/4265/2693
f 2664/2697/2697 2665/2698/2698 2662/2695/2695 2661/2694/2694
f 2667/3972/2644 2666/2643/2643 2611/2699/2699 2610/2700/2700
f 2668/2645/2645 2667/2644/2644 2610/3965/2700 2612/2701/2701
f 2669/2702/2702 2613/2646/2646 2665/2698/2698 2664/2697/2697
f 2678/3970/2703 2679/2704/2704 2671/2637/2637 2670/3971/2636
f 2669/2702/2702 2670/2636/2636 2544/3973/2639 2613/2646/2646
f 2664/2697/2697 2663/4264/2696 2672/4262/2705 2669/2702/2702
f 2673/2706/2706 2672/2705/2705 2663/2696/2696 2631/2664/2664
f 2627/2660/2660 2674/2707/2707 2675/2708/2708 2628/2661/2661
f 2675/2708/2708 2676/2709/2709 2629/2662/2662 2628/2661/2661
f 2630/2663/2663 2629/2662/2662 2676/2709/2709 2677/2710/2710
f 2631/2664/2664 2630/2663/2663 2677/2710/2710 2673/2706/2706
f 2680/3969/2711 2681/2712/2712 2679/2704/2704 2678/3970/2703
f 2682/3968/2713 2683/2714/2714 2681/2712/2712 2680/3969/2711
f 2670/2636/2636 2669/2702/2702 2672/4262/2705 2678/2703/2703
f 2680/2711/2711 2678/4263/2703 2672/2705/2705 2673/2706/2706
f 2684/3967/2715 2685/2716/2716 2683/2714/2714 2682/3968/2713
f 2686/3966/2717 2687/2718/2718 2685/2716/2716 2684/3967/2715
f 2682/2713/2713 2680/2711/2711 2673/2706/2706 2677/2710/2710
f 2684/2715/2715 2682/2713/2713 2677/2710/2710 2676/2709/2709
f 2606/2719/2719 2687/2718/2718 2686/3966/2717 2545/3939/2720
f 2937/2721/2721 2938/2722/2722 2687/2718/2718 2606/2719/2719
f 2686/2717/2717 2684/2715/2715 2676/2709/2709 2675/2708/2708
f 2674/2707/2707 2545/2720/2720 2686/2717/2717 2675/2708/2708
f 2659/2692/2692 2689/2723/2723 2641/2674/2674 2640/2673/2673
f 2689/2723/2723 2690/2724/2724 2642/2675/2675 2641/2674/2674
f 2643/2676/2676 2642/2675/2675 2690/2724/2724 2644/2677/2677
f 2610/2700/2700 2611/2699/2699 2692/2641/2641 2691/3964/2640
f 2610/3965/2700 2691/2640/2640 2693/2725/2725 2612/2701/2701
f 2609/2642/2642 2693/2725/2725 2691/2640/2640 2607/2634/2634
f 2613/2646/2646 2668/2645/2645 2694/2726/2726 2665/2698/2698
f 2695/2727/2727 2694/2726/2726 2668/2645/2645 2612/2701/2701
f 2612/2701/2701 2693/2725/2725 2696/2728/2728 2695/2727/2727
f 2697/2729/2729 2696/2728/2728 2693/2725/2725 2609/2642/2642
f 2698/2730/2730 2697/2729/2729 2609/2642/2642 2573/2600/2600
f 2699/2731/2731 2698/2730/2730 2573/2600/2600 2571/2597/2597
f 2700/2732/2732 2699/2731/2731 2571/2597/2597 2570/2595/2595
f 2701/2733/2733 2700/2732/2732 2570/2595/2595 2569/2593/2593
f 2569/2593/2593 2568/2592/2592 2702/2734/2734 2701/2733/2733
f 2694/2726/2726 2703/2735/2735 2662/2695/2695 2665/2698/2698
f 2704/2736/2736 2654/2687/2687 2662/2695/2695 2703/2735/2735
f 2704/2736/2736 2705/2737/2737 2655/2688/2688 2654/2687/2687
f 2706/2738/2738 2703/2735/2735 2694/2726/2726 2695/2727/2727
f 2707/2739/2739 2706/2738/2738 2695/2727/2727 2696/2728/2728
f 2707/2739/2739 2696/2728/2728 2697/2729/2729 2708/2740/2740
f 2709/2741/2741 2708/2740/2740 2697/2729/2729 2698/2730/2730
f 2698/2730/2730 2699/2731/2731 2710/2742/2742 2709/2741/2741
f 2699/2731/2731 2700/2732/2732 2711/2743/2743 2710/2742/2742
f 2701/2733/2733 2712/2744/2744 2711/2743/2743 2700/2732/2732
f 2713/2745/2745 2712/2744/2744 2701/2733/2733 2702/2734/2734
f 2689/2723/2723 2659/2692/2692 2658/2691/2691 2714/2746/2746
f 2690/2724/2724 2689/2723/2723 2714/2746/2746 2715/2747/2747
f 2715/2747/2747 2645/2678/2678 2644/2677/2677 2690/2724/2724
f 2657/2690/2690 2716/2748/2748 2714/2746/2746 2658/2691/2691
f 2716/2748/2748 2717/2749/2749 2715/2747/2747 2714/2746/2746
f 2656/2689/2689 2718/2750/2750 2716/2748/2748 2657/2690/2690
f 2656/2689/2689 2655/2688/2688 2705/2737/2737 2718/2750/2750
f 2719/2751/2751 2704/2736/2736 2703/2735/2735 2706/2738/2738
f 2719/2751/2751 2720/2752/2752 2705/2737/2737 2704/2736/2736
f 2721/2753/2753 2719/2751/2751 2706/2738/2738 2707/2739/2739
f 2721/2753/2753 2722/2754/2754 2720/2752/2752 2719/2751/2751
f 2708/2740/2740 2709/2741/2741 2721/2753/2753 2707/2739/2739
f 2721/2753/2753 2709/2741/2741 2710/2742/2742 2722/2754/2754
f 2723/2755/2755 2717/2749/2749 2716/2748/2748 2718/2750/2750
f 2718/2750/2750 2705/2737/2737 2720/2752/2752 2723/2755/2755
f 2645/2678/2678 2715/2747/2747 2717/2749/2749 2646/2679/2679
f 2722/2754/2754 2710/2742/2742 2711/2743/2743 2724/2756/2756
f 2723/2755/2755 2720/2752/2752 2722/2754/2754 2724/2756/2756
f 2725/2757/2757 2647/2680/2680 2646/2679/2679 2717/2749/2749
f 2717/2749/2749 2723/2755/2755 2724/2756/2756 2725/2757/2757
f 2724/2756/2756 2711/2743/2743 2712/2744/2744 2726/2758/2758
f 2725/2757/2757 2724/2756/2756 2726/2758/2758 2727/2759/2759
f 2647/2680/2680 2725/2757/2757 2727/2759/2759 2648/2681/2681
f 2726/2758/2758 2712/2744/2744 2713/2745/2745 2727/2759/2759
f 2713/2745/2745 2649/2682/2682 2648/2681/2681 2727/2759/2759
f 2729/2590/2590 2728/2629/2629 2732/2760/2760 2733/3961/2761
f 2730/2591/2591 2729/3962/2590 2733/2761/2761 2734/2762/2762
f 2731/2763/2763 2702/2734/2734 2568/2592/2592 2730/2591/2591
f 2702/2734/2734 2731/2763/2763 2649/2682/2682 2713/2745/2745
f 2939/2764/2764 2940/2543/2543 2599/2546/2546 2732/2760/2760
f 2733/3961/2761 2732/2760/2760 2599/2546/2546 2539/2588/2588
f 2734/2762/2762 2733/2761/2761 2539/3960/2588 2567/2587/2587
f 2730/2591/2591 2734/2762/2762 2735/2765/2765 2731/2763/2763
f 2649/2682/2682 2731/2763/2763 2735/2765/2765 2650/2683/2683
f 2735/2765/2765 2734/2762/2762 2567/2587/2587 2736/2766/2766
f 2736/2766/2766 2737/2767/2767 2650/2683/2683 2735/2765/2765
f 2232/2232/2232 2359/2359/2359 2650/2683/2683 2737/2767/2767
f 2233/2233/2233 2738/2768/2768 2241/2241/2241 2240/2240/2240
f 2738/2768/2768 2739/2769/2769 2243/2243/2243 2241/2241/2241
f 2232/2232/2232 2737/2767/2767 2738/2768/2768 2233/2233/2233
f 2741/2770/2770 2740/2771/2771 2737/2767/2767 2736/2766/2766
f 2740/2771/2771 2739/2769/2769 2738/2768/2768 2737/2767/2767
f 2941/2544/2544 2942/2772/2772 2758/2773/2773 2742/2545/2545
f 2743/2585/2585 2742/2545/2545 2758/2773/2773 2759/3956/2774
f 2759/2774/2774 2760/2775/2775 2744/2586/2586 2743/3957/2585
f 2567/2587/2587 2744/2586/2586 2741/2770/2770 2736/2766/2766
f 2243/2243/2243 2739/2769/2769 2745/2776/2776 2245/2245/2245
f 2247/2247/2247 2245/2245/2245 2745/2776/2776 2746/2777/2777
f 2746/2777/2777 2747/2778/2778 2250/2249/2249 2247/2247/2247
f 2748/2779/2779 2270/2269/2269 2250/2249/2249 2747/2778/2778
f 2944/2780/2780 2945/2539/2539 2598/2542/2542 2749/2781/2781
f 2750/3959/2782 2749/2781/2781 2598/2542/2542 2538/2584/2584
f 2538/3955/2584 2566/2583/2583 2751/2783/2783 2750/2782/2782
f 2566/2583/2583 2748/2779/2779 2747/2778/2778 2751/2783/2783
f 2943/2784/2784 2944/2780/2780 2749/2781/2781 2752/2785/2785
f 2753/3958/2786 2752/2785/2785 2749/2781/2781 2750/3959/2782
f 2750/2782/2782 2751/2783/2783 2754/2787/2787 2753/2786/2786
f 2754/2787/2787 2751/2783/2783 2747/2778/2778 2755/2788/2788
f 2745/2776/2776 2755/2788/2788 2747/2778/2778 2746/2777/2777
f 2757/2789/2789 2755/2788/2788 2745/2776/2776 2756/2790/2790
f 2740/2771/2771 2756/2790/2790 2745/2776/2776 2739/2769/2769
f 2756/2790/2790 2740/2771/2771 2741/2770/2770 2757/2789/2789
f 2942/2772/2772 2943/2784/2784 2752/2785/2785 2758/2773/2773
f 2759/3956/2774 2758/2773/2773 2752/2785/2785 2753/3958/2786
f 2753/2786/2786 2754/2787/2787 2760/2775/2775 2759/2774/2774
f 2755/2788/2788 2757/2789/2789 2760/2775/2775 2754/2787/2787
f 2744/2586/2586 2760/2775/2775 2757/2789/2789 2741/2770/2770
f 2761/2791/2791 2267/4290/2268 2270/2269/2269 2748/2779/2779
f 2763/2581/2581 2762/2541/2541 2765/2792/2792 2766/2793/2793
f 2766/3953/2793 2767/4289/2794 2764/2582/2582 2763/3954/2581
f 2761/2791/2791 2748/2779/2779 2566/2583/2583 2764/2582/2582
f 2766/2793/2793 2765/2792/2792 2773/2795/2795 2774/2796/2796
f 2774/3952/2796 2775/2797/2797 2767/2794/2794 2766/4291/2793
f 2767/4289/2794 2267/4290/2268 2761/2791/2791 2764/2582/2582
f 2768/2798/2798 2282/2282/2282 2263/2262/2262 2264/2264/2264
f 2769/2799/2799 2289/2289/2289 2282/2282/2282 2768/2798/2798
f 2770/2800/2800 2293/2293/2293 2289/2289/2289 2769/2799/2799
f 2293/2293/2293 2770/2800/2800 2771/2801/2801 2772/2802/2802
f 2352/2352/2352 2293/2293/2293 2772/2802/2802 2353/2353/2353
f 2774/2796/2796 2773/2795/2795 2780/2803/2803 2781/2804/2804
f 2781/3951/2804 2782/2805/2805 2775/2797/2797 2774/3952/2796
f 2775/2797/2797 2776/2806/2806 2267/2268/2268 2767/2794/2794
f 2776/2806/2806 2777/2807/2807 2266/2266/2266 2267/2268/2268
f 2777/2807/2807 2778/2808/2808 2265/2265/2265 2266/2266/2266
f 2778/2808/2808 2768/2798/2798 2264/2264/2264 2265/2265/2265
f 2769/2799/2799 2768/2798/2798 2778/2808/2808 2770/2800/2800
f 2778/2808/2808 2779/2809/2809 2771/2801/2801 2770/2800/2800
f 2781/2804/2804 2780/2803/2803 2785/2810/2810 2786/3950/2811
f 2786/2811/2811 2787/2812/2812 2782/2805/2805 2781/3951/2804
f 2775/2797/2797 2782/2805/2805 2783/2813/2813 2776/2806/2806
f 2783/2813/2813 2784/2814/2814 2777/2807/2807 2776/2806/2806
f 2777/2807/2807 2784/2814/2814 2779/2809/2809 2778/2808/2808
f 2786/3950/2811 2785/2810/2810 2597/2627/2627 2535/3983/2577
f 2535/2577/2577 2563/2576/2576 2787/2812/2812 2786/2811/2811
f 2788/2815/2815 2783/2813/2813 2782/2805/2805 2787/2812/2812
f 2565/2579/2579 2788/2815/2815 2787/2812/2812 2563/2576/2576
f 2783/2813/2813 2788/2815/2815 2789/2816/2816 2784/2814/2814
f 2790/2817/2817 2779/2809/2809 2784/2814/2814 2789/2816/2816
f 2791/2818/2818 2771/2801/2801 2779/2809/2809 2790/2817/2817
f 2792/2819/2819 2789/2816/2816 2788/2815/2815 2565/2579/2579
f 2789/2816/2816 2792/2819/2819 2793/2820/2820 2790/2817/2817
f 2790/2817/2817 2793/2820/2820 2794/2821/2821 2791/2818/2818
f 2796/3948/2571 2795/2623/2623 2593/2621/2621 2558/3976/2568
f 2797/2572/2572 2796/2571/2571 2558/2568/2568 2559/2569/2569
f 2565/2579/2579 2564/2578/2578 2798/2822/2822 2792/2819/2819
f 2564/2578/2578 2560/2573/2573 2797/2572/2572 2798/2822/2822
f 2798/2822/2822 2797/2572/2572 2559/2569/2569 2799/2823/2823
f 2792/2819/2819 2798/2822/2822 2799/2823/2823 2793/2820/2820
f 2800/2824/2824 2799/2823/2823 2559/2569/2569 2557/2567/2567
f 2802/2825/2825 2801/2826/2826 2799/2823/2823 2800/2824/2824
f 2801/2826/2826 2794/2821/2821 2793/2820/2820 2799/2823/2823
f 2791/2818/2818 2803/2827/2827 2772/2802/2802 2771/2801/2801
f 2791/2818/2818 2794/2821/2821 2804/2828/2828 2803/2827/2827
f 2794/2821/2821 2801/2826/2826 2802/2825/2825 2804/2828/2828
f 2772/2802/2802 2803/2827/2827 2805/2829/2829 2353/2353/2353
f 2806/2830/2830 2805/2829/2829 2803/2827/2827 2804/2828/2828
f 2805/2829/2829 2807/2831/2831 2351/2351/2351 2353/2353/2353
f 2805/2829/2829 2806/2830/2830 2808/2832/2832 2807/2831/2831
f 2804/2828/2828 2802/2825/2825 2809/2833/2833 2806/2830/2830
f 2806/2830/2830 2809/2833/2833 2810/2834/2834 2808/2832/2832
f 2812/2835/2835 2810/2834/2834 2809/2833/2833 2811/2836/2836
f 2802/2825/2825 2800/2824/2824 2811/2836/2836 2809/2833/2833
f 2814/2565/2565 2813/2620/2620 2816/2837/2837 2817/2838/2838
f 2815/2566/2566 2814/3946/2565 2817/3945/2838 2818/2839/2839
f 2817/2838/2838 2816/2837/2837 2821/2840/2840 2822/3944/2841
f 2818/2839/2839 2817/3945/2838 2822/2841/2841 2823/2842/2842
f 2815/2566/2566 2811/2836/2836 2800/2824/2824 2557/2567/2567
f 2811/2836/2836 2815/2566/2566 2818/2839/2839 2812/2835/2835
f 2349/2349/2349 2351/2351/2351 2807/2831/2831 2350/2350/2350
f 2807/2831/2831 2819/2843/2843 2354/2354/2354 2350/2350/2350
f 2820/2844/2844 2819/2843/2843 2807/2831/2831 2808/2832/2832
f 2822/3944/2841 2821/2840/2840 2591/2618/2618 2518/3986/2562
f 2823/2842/2842 2822/2841/2841 2518/2562/2562 2556/2563/2563
f 2823/2842/2842 2824/2845/2845 2812/2835/2835 2818/2839/2839
f 2810/2834/2834 2812/2835/2835 2824/2845/2845 2825/2846/2846
f 2825/2846/2846 2820/2844/2844 2808/2832/2832 2810/2834/2834
f 2536/2625/2625 2826/2847/2847 2562/2575/2575 2537/2574/2574
f 2560/2573/2573 2827/2848/2848 2536/2625/2625 2534/3949/2570
f 2536/2625/2625 2827/2848/2848 2828/2849/2849 2826/2847/2847
f 2561/2580/2580 2828/2849/2849 2827/2848/2848 2560/2573/2573
f 2828/2849/2849 2561/2580/2580 2562/2575/2575 2826/2847/2847
f 2819/2843/2843 2829/2850/2850 2355/2355/2355 2354/2354/2354
f 2829/2850/2850 2819/2843/2843 2820/2844/2844 2830/2851/2851
f 2830/2851/2851 2820/2844/2844 2825/2846/2846 2831/2852/2852
f 2825/2846/2846 2824/2845/2845 2832/2853/2853 2831/2852/2852
f 2824/2845/2845 2823/2842/2842 2556/2563/2563 2832/2853/2853
f 2202/2202/2202 2833/2854/2854 2553/2555/2555 2200/2200/2200
f 2835/3943/2855 2834/2856/2856 2588/2520/2520 2521/2554/2554
f 2553/2555/2555 2836/2857/2857 2835/2855/2855 2521/3990/2554
f 2838/3942/2858 2837/2859/2859 2834/2856/2856 2835/3943/2855
f 2835/2855/2855 2836/2857/2857 2839/2860/2860 2838/2858/2858
f 2841/3940/2556 2840/2616/2616 2837/2859/2859 2838/3942/2858
f 2838/2858/2858 2839/2860/2860 2842/2557/2557 2841/2556/2556
f 2836/2857/2857 2553/2555/2555 2833/2854/2854 2843/2861/2861
f 2843/2861/2861 2844/2862/2862 2839/2860/2860 2836/2857/2857
f 2844/2862/2862 2845/2863/2863 2842/2557/2557 2839/2860/2860
f 2555/2560/2560 2846/2864/2864 2832/2853/2853 2556/2563/2563
f 2846/2864/2864 2555/2560/2560 2554/2558/2558 2847/2865/2865
f 2842/2557/2557 2845/2863/2863 2847/2865/2865 2554/2558/2558
f 2829/2850/2850 2848/2866/2866 2356/2356/2356 2355/2355/2355
f 2848/2866/2866 2849/2867/2867 2357/2357/2357 2356/2356/2356
f 2851/2868/2868 2850/2869/2869 2171/2171/2171 2170/2170/2170
f 2849/2867/2867 2851/2868/2868 2170/2170/2170 2357/2357/2357
f 2830/2851/2851 2852/2870/2870 2848/2866/2866 2829/2850/2850
f 2852/2870/2870 2853/2871/2871 2849/2867/2867 2848/2866/2866
f 2853/2871/2871 2850/2869/2869 2851/2868/2868 2849/2867/2867
f 2854/2872/2872 2852/2870/2870 2830/2851/2851 2831/2852/2852
f 2855/2873/2873 2853/2871/2871 2852/2870/2870 2854/2872/2872
f 2832/2853/2853 2846/2864/2864 2847/2865/2865 2831/2852/2852
f 2831/2852/2852 2847/2865/2865 2845/2863/2863 2854/2872/2872
f 2854/2872/2872 2845/2863/2863 2844/2862/2862 2855/2873/2873
f 2853/2871/2871 2855/2873/2873 2856/2874/2874 2850/2869/2869
f 2850/2869/2869 2856/2874/2874 2172/2172/2172 2171/2171/2171
f 2843/2861/2861 2856/2874/2874 2855/2873/2873 2844/2862/2862
f 2833/2854/2854 2172/2172/2172 2856/2874/2874 2843/2861/2861
f 2202/2202/2202 2173/2173/2173 2172/2172/2172 2833/2854/2854
f 2858/4003/2611 2857/2610/2610 2577/2606/2606 2528/4004/2605
f 2859/2875/2875 2089/2089/2089 2552/4209/2553 2858/2611/2611
f 2860/2876/2876 2859/2875/2875 2858/2611/2611 2528/2605/2605
f 2927/2602/2602 2928/2877/2877 2861/2878/2878 2530/2601/2601
f 2906/2604/2604 2907/2879/2879 2863/2880/2880 2529/2603/2603
f 2875/2608/2608 2876/2881/2881 2860/2876/2876 2528/2605/2605
f 2864/2882/2882 2088/2088/2088 2089/2089/2089 2859/2875/2875
f 2865/2883/2883 2864/2882/2882 2859/2875/2875 2860/2876/2876
f 2088/2088/2088 2864/2882/2882 2866/2884/2884 2087/2087/2087
f 2866/2884/2884 2867/2885/2885 2086/2086/2086 2087/2087/2087
f 2865/2883/2883 2867/2885/2885 2866/2884/2884 2864/2882/2882
f 2867/2885/2885 2868/2886/2886 2085/2085/2085 2086/2086/2086
f 2868/2886/2886 2869/2887/2887 2084/2084/2084 2085/2085/2085
f 2869/2887/2887 2081/2082/2082 2082/4235/2081 2084/2084/2084
f 2870/2888/2888 2083/2083/2083 2081/2082/2082 2869/2887/2887
f 2871/2889/2889 2870/2888/2888 2869/2887/2887 2868/2886/2886
f 2872/2890/2890 2871/2889/2889 2868/2886/2886 2867/2885/2885
f 2867/2885/2885 2865/2883/2883 2873/2891/2891 2872/2890/2890
f 2954/2892/2892 2955/2893/2893 2877/2894/2894 2874/2607/2607
f 2875/4002/2608 2874/2607/2607 2877/2894/2894 2878/4001/2895
f 2878/2895/2895 2879/2896/2896 2876/2881/2881 2875/2608/2608
f 2860/2876/2876 2876/2881/2881 2873/2891/2891 2865/2883/2883
f 2955/2893/2893 2956/2897/2897 2884/2898/2898 2877/2894/2894
f 2878/4001/2895 2877/2894/2894 2884/2898/2898 2885/3999/2899
f 2885/2899/2899 2886/2900/2900 2879/2896/2896 2878/2895/2895
f 2876/2881/2881 2879/2896/2896 2880/2901/2901 2873/2891/2891
f 2880/2901/2901 2881/2902/2902 2872/2890/2890 2873/2891/2891
f 2881/2902/2902 2882/2903/2903 2871/2889/2889 2872/2890/2890
f 2882/2903/2903 2883/2904/2904 2870/2888/2888 2871/2889/2889
f 2080/2080/2080 2083/2083/2083 2870/2888/2888 2883/2904/2904
f 2576/2534/2534 2884/2898/2898 2956/2897/2897 2957/2531/2531
f 2885/3999/2899 2884/2898/2898 2576/2534/2534 2529/4000/2603
f 2863/2880/2880 2886/2900/2900 2885/2899/2899 2529/2603/2603
f 2886/2900/2900 2887/2905/2905 2880/2901/2901 2879/2896/2896
f 2887/2905/2905 2888/2906/2906 2881/2902/2902 2880/2901/2901
f 2888/2906/2906 2889/2907/2907 2882/2903/2903 2881/2902/2902
f 2890/2908/2908 2883/2904/2904 2882/2903/2903 2889/2907/2907
f 2883/2904/2904 2890/2908/2908 2079/2078/2078 2080/2080/2080
f 2329/2329/2329 2079/2078/2078 2890/2908/2908 2891/2909/2909
f 2891/2909/2909 2890/2908/2908 2889/2907/2907 2892/2910/2910
f 2889/2907/2907 2888/2906/2906 2893/2911/2911 2892/2910/2910
f 2894/2912/2912 2893/2911/2911 2888/2906/2906 2887/2905/2905
f 2863/2880/2880 2894/2912/2912 2887/2905/2905 2886/2900/2900
f 2862/2913/2913 2532/4284/2914 2895/4010/2915 2896/2916/2916
f 2614/2647/2647 2897/2917/2917 2896/2916/2916 2895/4010/2915
f 1971/1971/1971 1970/1970/1970 2897/2917/2917 2614/2647/2647
f 2897/2917/2917 1970/1970/1970 1972/1972/1972 2896/2916/2916
f 1974/4282/1974 2862/2913/2913 2896/2916/2916 1972/1972/1972
f 2574/2918/2918 2899/2919/2919 2963/2920/2920 2964/2921/2921
f 2900/3994/2922 2899/2919/2919 2574/2918/2918 2532/2914/2914
f 2862/4283/2913 2901/2923/2923 2900/2922/2922 2532/4014/2914
f 2902/2924/2924 1966/1966/1966 1938/1938/1938 2334/2334/2334
f 2903/2925/2925 1973/1973/1973 1966/1966/1966 2902/2924/2924
f 2904/2926/2926 1974/1974/1974 1973/1973/1973 2903/2925/2925
f 2904/2926/2926 2901/2923/2923 2862/4283/2913 1974/1974/1974
f 2958/2532/2532 2959/2927/2927 2919/2928/2928 2905/2533/2533
f 2906/3998/2604 2905/2533/2533 2919/2928/2928 2920/3997/2929
f 2920/2929/2929 2921/2930/2930 2907/2879/2879 2906/2604/2604
f 2894/2912/2912 2863/2880/2880 2907/2879/2879 2908/2931/2931
f 2908/2931/2931 2909/2932/2932 2893/2911/2911 2894/2912/2912
f 2909/2932/2932 2910/2933/2933 2892/2910/2910 2893/2911/2911
f 2911/2934/2934 2891/2909/2909 2892/2910/2910 2910/2933/2933
f 2891/2909/2909 2911/2934/2934 2330/2330/2330 2329/2329/2329
f 2330/2330/2330 2911/2934/2934 2910/2933/2933 2331/2331/2331
f 2910/2933/2933 2912/2935/2935 2332/2332/2332 2331/2331/2331
f 2333/2333/2333 2332/2332/2332 2912/2935/2935 2913/2936/2936
f 2334/2334/2334 2333/2333/2333 2913/2936/2936 2902/2924/2924
f 2914/2937/2937 2912/2935/2935 2910/2933/2933 2909/2932/2932
f 2914/2937/2937 2915/2938/2938 2913/2936/2936 2912/2935/2935
f 2902/2924/2924 2913/2936/2936 2915/2938/2938 2903/2925/2925
f 2908/2931/2931 2916/2939/2939 2914/2937/2937 2909/2932/2932
f 2915/2938/2938 2914/2937/2937 2916/2939/2939 2917/2940/2940
f 2918/2941/2941 2904/2926/2926 2903/2925/2925 2915/2938/2938
f 2959/2927/2927 2960/2942/2942 2922/2943/2943 2919/2928/2928
f 2920/3997/2929 2919/2928/2928 2922/2943/2943 2923/3995/2944
f 2923/2944/2944 2924/2945/2945 2921/2930/2930 2920/2929/2929
f 2921/2930/2930 2916/2939/2939 2908/2931/2931 2907/2879/2879
f 2575/2538/2538 2922/2943/2943 2960/2942/2942 2961/2535/2535
f 2923/3995/2944 2922/2943/2943 2575/2538/2538 2530/3996/2601
f 2861/2878/2878 2924/2945/2945 2923/2944/2944 2530/2601/2601
f 2924/2945/2945 2917/2940/2940 2916/2939/2939 2921/2930/2930
f 2925/2946/2946 2917/2940/2940 2924/2945/2945 2861/2878/2878
f 2918/2941/2941 2915/2938/2938 2917/2940/2940 2925/2946/2946
f 2962/2536/2536 2963/2920/2920 2899/2919/2919 2926/2537/2537
f 2927/3993/2602 2926/2537/2537 2899/2919/2919 2900/3994/2922
f 2900/2922/2922 2901/2923/2923 2928/2877/2877 2927/2602/2602
f 2901/2923/2923 2904/2926/2926 2918/2941/2941 2928/2877/2877
f 2925/2946/2946 2861/2878/2878 2928/2877/2877 2918/2941/2941
f 2626/2659/2659 2929/2947/2947 2674/2707/2707 2627/2660/2660
f 2625/4013/2658 2930/4011/2948 2929/2947/2947 2626/2659/2659
f 2929/2947/2947 2931/3938/2949 2545/2720/2720 2674/2707/2707
f 2930/4011/2948 2932/4012/2950 2931/3938/2949 2929/2947/2947
f 2606/2719/2719 2545/3939/2720 2931/2949/2949 2933/2951/2951
f 2932/2950/2950 2934/2952/2952 2933/2951/2951 2931/2949/2949
f 2933/2951/2951 2936/2953/2953 2937/2721/2721 2606/2719/2719
f 2937/2721/2721 2936/2953/2953 2935/2954/2954 2546/2955/2955
f 2688/2956/2956 2938/2722/2722 2937/2721/2721 2546/2955/2955
f 2522/2957/2957 2948/2518/2518 2947/2517/2517 2520/2958/2958
f 2523/2959/2959 2949/2521/2521 2948/2518/2518 2522/2957/2957
f 2524/2960/2960 2950/2522/2522 2949/2521/2521 2523/2959/2959
f 2526/2961/2961 2951/2525/2525 2950/2522/2522 2524/2960/2960
f 2548/2962/2962 2952/2529/2529 2951/2525/2525 2526/2961/2961
f 2964/2921/2921 2963/2920/2920 2898/2963/2963 2531/2964/2964
f 2934/2952/2952 2965/2965/2965 2936/2953/2953 2933/2951/2951
f 2965/2965/2965 2966/2966/2966 2935/2954/2954 2936/2953/2953
f 2965/2965/2965 2967/2967/2967 2968/2968/2968 2966/2966/2966
f 2970/2969/2969 2969/2970/2970 2968/2968/2968 2967/2967/2967
f 2972/2971/2971 2971/2972/2972 2969/2970/2970 2970/2969/2969
f 2972/2971/2971 2964/2921/2921 2531/2964/2964 2971/2972/2972
f 2973/2973/2973 2967/2967/2967 2965/2965/2965 2934/2952/2952
f 2974/2974/2974 2970/2969/2969 2967/2967/2967 2973/2973/2973
f 2975/2975/2975 2972/2971/2971 2970/2969/2969 2974/2974/2974
f 2977/2976/2976 2976/2977/2977 2972/2971/2971 2975/2975/2975
f 2976/2977/2977 2978/2978/2978 2964/2921/2921 2972/2971/2971
f 2978/2978/2978 2979/2979/2979 2574/2918/2918 2964/2921/2921
f 2981/2980/2980 2980/2981/2981 2979/2979/2979 2978/2978/2978
f 2983/2982/2982 2976/2977/2977 2977/2976/2976 2982/2983/2983
f 2980/2981/2981 2981/2980/2980 2983/2982/2982 2982/2983/2983
f 2983/2982/2982 2981/2980/2980 2978/2978/2978 2976/2977/2977
f 2982/2983/2983 2977/2976/2976 2979/2979/2979 2980/2981/2981
f 2985/2984/2984 2895/2915/2915 2532/2914/2914 2984/2985/2985
f 2986/2986/2986 2984/2985/2985 2532/2914/2914 2574/2918/2918
f 2934/2952/2952 2932/2950/2950 2987/2987/2987 2973/2973/2973
f 2988/2988/2988 2974/2974/2974 2973/2973/2973 2987/2987/2987
f 2974/2974/2974 2988/2988/2988 2989/2989/2989 2975/2975/2975
f 2975/2975/2975 2989/2989/2989 2990/2990/2990 2977/2976/2976
f 2991/2991/2991 2979/2979/2979 2977/2976/2976 2990/2990/2990
f 2979/2979/2979 2991/2991/2991 2986/2986/2986 2574/2918/2918
f 2992/2992/2992 2987/2987/2987 2932/2950/2950 2930/2948/2948
f 2988/2988/2988 2987/2987/2987 2992/2992/2992 2993/2993/2993
f 2994/2994/2994 2989/2989/2989 2988/2988/2988 2993/2993/2993
f 2995/2995/2995 2990/2990/2990 2989/2989/2989 2994/2994/2994
f 2990/2990/2990 2995/2995/2995 2996/2996/2996 2991/2991/2991
f 2984/2985/2985 2986/2986/2986 2991/2991/2991 2996/2996/2996
f 2985/2984/2984 2984/2985/2985 2996/2996/2996 2997/2997/2997
f 2995/2995/2995 2998/2998/2998 2997/2997/2997 2996/2996/2996
f 2999/2999/2999 2998/2998/2998 2995/2995/2995 2994/2994/2994
f 3000/3000/3000 2999/2999/2999 2994/2994/2994 2993/2993/2993
f 3001/3001/3001 3000/3000/3000 2993/2993/2993 2992/2992/2992
f 2992/2992/2992 2930/2948/2948 3002/3002/3002 3001/3001/3001
f 2625/2658/2658 3003/3003/3003 3002/3002/3002 2930/2948/2948
f 2625/2658/2658 2623/2657/2657 3004/3004/3004 3003/3003/3003
f 3004/3004/3004 2623/2657/2657 2624/4009/2656 3005/4018/3005
f 2614/2647/2647 2895/4010/2915 3006/4008/3006 2624/2656/2656
f 2997/2997/2997 3006/3006/3006 2895/2915/2915 2985/2984/2984
f 3006/3006/3006 3007/3007/3007 3005/3005/3005 2624/4019/2656
f 3007/3007/3007 3006/3006/3006 2997/2997/2997 3008/3008/3008
f 2999/2999/2999 3000/3000/3000 3011/3009/3009 3010/3010/3010
f 3000/3000/3000 3001/3001/3001 3012/3011/3011 3011/3009/3009
f 3013/3012/3012 3012/3011/3011 3001/3001/3001 3002/3002/3002
f 3013/3012/3012 3002/3002/3002 3003/3003/3003 3014/3013/3013
f 3014/3013/3013 3003/3003/3003 3004/3004/3004 3015/3014/3014
f 3016/4017/3015 3015/3014/3014 3004/3004/3004 3005/4018/3005
f 3017/3016/3016 3016/3015/3015 3005/3005/3005 3007/3007/3007
f 3009/3017/3017 3017/3016/3016 3007/3007/3007 3008/3008/3008
f 3019/3018/3018 3018/3019/3019 3011/3009/3009 3012/3011/3011
f 3020/3020/3020 3019/3018/3018 3012/3011/3011 3013/3012/3012
f 3020/3020/3020 3013/3012/3012 3014/3013/3013 3015/3014/3014
f 3016/4017/3015 3021/4016/3021 3020/3020/3020 3015/3014/3014
f 3016/3015/3015 3017/3016/3016 3022/3022/3022 3021/3021/3021
f 3018/3019/3019 3019/3018/3018 3020/3020/3020 3021/4016/3021
f 3018/3019/3019 3021/3021/3021 3022/3022/3022 3011/3009/3009
f 3022/3022/3022 3023/3023/3023 3010/3010/3010 3011/3009/3009
f 3023/3023/3023 3022/3022/3022 3017/3016/3016 3009/3017/3017
f 3024/3024/3024 2998/2998/2998 2999/2999/2999 3010/3010/3010
f 3010/3010/3010 3023/3023/3023 3009/3017/3017 3024/3024/3024
f 2998/2998/2998 3024/3024/3024 3008/3008/3008 2997/2997/2997
f 3009/3017/3017 3008/3008/3008 3024/3024/3024
f 2971/2972/2972 3029/3025/3025 3030/3026/3026 2969/2970/2970
f 2969/2970/2970 3030/3026/3026 3031/3027/3027 2968/2968/2968
f 2968/2968/2968 3031/3027/3027 3032/3028/3028 2966/2966/2966
f 2966/2966/2966 3032/3028/3028 3033/3029/3029 2935/2954/2954
f 2935/2954/2954 3033/3029/3029 3034/3030/3030 2546/2955/2955
f 2971/2972/2972 2531/2964/2964 3035/3031/3031 3029/3025/3025
f 3036/3032/3032 3035/3031/3031 2531/2964/2964 2898/2963/2963
f 2522/2957/2957 2520/2958/2958 3037/3033/3033 3038/3034/3034
f 2524/2960/2960 2523/2959/2959 3039/3035/3035 3040/3036/3036
f 2523/2959/2959 2522/2957/2957 3038/3034/3034 3039/3035/3035
f 2526/2961/2961 2524/2960/2960 3040/3036/3036 3041/3037/3037
f 2548/2962/2962 2526/2961/2961 3041/3037/3037 3042/3038/3038
f 2688/2956/2956 2546/2955/2955 3034/3030/3030 3043/3039/3039
f 3037/3033/3033 3026/3040/3040 3044/3041/3041 3038/3034/3034
f 3044/3041/3041 3073/3042/3042 3074/3043/3043 3045/3044/3044
f 3038/3034/3034 3044/3041/3041 3045/3044/3044 3039/3035/3035
f 3041/3037/3037 3040/3036/3036 3039/3035/3035 3045/3044/3044
f 3045/3044/3044 3074/3043/3043 3075/3045/3045 3046/3046/3046
f 3045/3044/3044 3046/3046/3046 3042/3038/3038 3041/3037/3037
f 3052/3047/3047 3071/3048/3048 3072/3049/3049 3050/3050/3050
f 3054/3051/3051 3070/3052/3052 3071/3048/3048 3052/3047/3047
f 3055/3053/3053 3043/3039/3039 3034/3030/3030 3057/3054/3054
f 3057/3054/3054 3034/3030/3030 3033/3029/3029 3056/3055/3055
f 3032/3028/3028 3028/3056/3056 3056/3055/3055 3033/3029/3029
f 3028/3056/3056 3032/3028/3028 3031/3027/3027 3058/3057/3057
f 3030/3026/3026 3059/3058/3058 3058/3057/3057 3031/3027/3027
f 3059/3058/3058 3030/3026/3026 3029/3025/3025 3060/3059/3059
f 3035/3031/3031 3061/3060/3060 3060/3059/3059 3029/3025/3025
f 3061/3060/3060 3035/3031/3031 3036/3032/3032 3062/3061/3061
f 3070/3052/3052 3069/3062/3062 3076/3063/3063 3077/3064/3064
f 3071/3048/3048 3070/3052/3052 3077/3064/3064 3078/3065/3065
f 3072/3049/3049 3071/3048/3048 3078/3065/3065 3079/3066/3066
f 3077/3064/3064 3076/3063/3063 3025/3067/3067 3053/3068/3068
f 3078/3065/3065 3077/3064/3064 3053/3068/3068 3051/3069/3069
f 3079/3066/3066 3078/3065/3065 3051/3069/3069 3049/3070/3070
f 3080/3071/3071 3079/3066/3066 3049/3070/3070 3048/3072/3072
f 3084/3073/3073 3081/3074/3074 3082/3075/3075 3083/3076/3076
f 3086/3077/3077 3085/3078/3078 3081/3074/3074 3084/3073/3073
f 3088/3079/3079 3087/3080/3080 3083/3076/3076 3082/3075/3075
f 3090/3081/3081 3084/3073/3073 3083/3076/3076 3089/3082/3082
f 3091/3083/3083 3086/3077/3077 3084/3073/3073 3090/3081/3081
f 3087/3080/3080 3092/3084/3084 3089/3082/3082 3083/3076/3076
f 3094/3085/3085 3093/3086/3086 3086/3077/3077 3091/3083/3083
f 3093/3086/3086 3095/3087/3087 3085/3078/3078 3086/3077/3077
f 3097/3088/3088 3096/3089/3089 3092/3084/3084 3087/3080/3080
f 3087/3080/3080 3088/3079/3079 3098/3090/3090 3097/3088/3088
f 3240/3091/3091 3241/3092/3092 3099/3093/3093 3100/3094/3094
f 3239/3095/3095 3240/3091/3091 3100/3094/3094 3101/3096/3096
f 3241/3092/3092 3242/3097/3097 3102/3098/3098 3099/3093/3093
f 3238/3099/3099 3239/3095/3095 3101/3096/3096 3103/3100/3100
f 3242/3097/3097 3243/3101/3101 3104/3102/3102 3102/3098/3098
f 3100/3094/3094 3099/3093/3093 3105/3103/3103 3106/3104/3104
f 3101/3096/3096 3100/3094/3094 3106/3104/3104 3107/3105/3105
f 3099/3093/3093 3102/3098/3098 3108/3106/3106 3105/3103/3103
f 3103/3100/3100 3101/3096/3096 3107/3105/3105 3109/3107/3107
f 3102/3098/3098 3104/3102/3102 3110/3108/3108 3108/3106/3106
f 3114/3109/3109 3111/3110/3110 3112/4040/3111 3113/4021/3112
f 3116/4039/3113 3112/4040/3111 3111/3110/3110 3115/3114/3114
f 3118/4038/3115 3116/4039/3113 3115/3114/3114 3117/3116/3116
f 3117/3116/3116 3119/3117/3117 3120/4037/3118 3118/4038/3115
f 3120/4037/3118 3119/3117/3117 3121/3119/3119 3122/4036/3120
f 3122/4036/3120 3121/3119/3119 3123/3121/3121 3124/3122/3122
f 3111/3110/3110 3114/3109/3109 3125/3123/3123 3126/3124/3124
f 3115/3114/3114 3111/3110/3110 3126/3124/3124 3127/3125/3125
f 3117/3116/3116 3115/3114/3114 3127/3125/3125 3128/3126/3126
f 3119/3117/3117 3117/3116/3116 3128/3126/3126 3129/3127/3127
f 3121/3119/3119 3119/3117/3117 3129/3127/3127 3130/3128/3128
f 3123/3121/3121 3121/3119/3119 3130/3128/3128 3131/3129/3129
f 3113/3112/3112 3112/3111/3111 3132/3130/3130 3133/3131/3131
f 3112/3111/3111 3116/3113/3113 3134/3132/3132 3132/3130/3130
f 3116/3113/3113 3118/3115/3115 3135/3133/3133 3134/3132/3132
f 3118/3115/3115 3120/3118/3118 3136/3134/3134 3135/3133/3133
f 3120/3118/3118 3122/3120/3120 3137/3135/3135 3136/3134/3134
f 3122/3120/3120 3124/4031/3122 3138/3136/3136 3137/3135/3135
f 3142/3137/3137 3139/3138/3138 3140/3139/3139 3141/3140/3140
f 3141/3140/3140 3140/3139/3139 3143/3141/3141 3144/3142/3142
f 3146/3143/3143 3145/3144/3144 3139/3138/3138 3142/3137/3137
f 3148/3145/3145 3140/3139/3139 3139/3138/3138 3147/3146/3146
f 3149/3147/3147 3143/3141/3141 3140/3139/3139 3148/3145/3145
f 3150/3148/3148 3147/3146/3146 3139/3138/3138 3145/3144/3144
f 3142/3137/3137 3151/3149/3149 3152/3150/3150 3146/3143/3143
f 3151/3149/3149 3142/3137/3137 3141/3140/3140 3153/3151/3151
f 3153/3151/3151 3141/3140/3140 3144/3142/3142 3154/3152/3152
f 3156/3153/3153 3154/3152/3152 3144/3142/3142 3155/3154/3154
f 3157/3155/3155 3155/3154/3154 3144/3142/3142 3143/3141/3141
f 3143/3141/3141 3149/3147/3147 3158/3156/3156 3157/3155/3155
f 3152/3150/3150 3159/3157/3157 3160/3158/3158 3146/3143/3143
f 3160/3158/3158 3161/3159/3159 3145/3144/3144 3146/3143/3143
f 3161/3159/3159 3162/3160/3160 3150/3148/3148 3145/3144/3144
f 3164/3161/3161 3150/3148/3148 3162/3160/3160 3163/3162/3162
f 3165/3163/3163 3147/3146/3146 3150/3148/3148 3164/3161/3161
f 3165/3163/3163 3166/3164/3164 3148/3145/3145 3147/3146/3146
f 3166/3164/3164 3167/3165/3165 3149/3147/3147 3148/3145/3145
f 3167/3165/3165 3168/3166/3166 3158/3156/3156 3149/3147/3147
f 3154/3152/3152 3169/3167/3167 3170/3168/3168 3153/3151/3151
f 3169/3167/3167 3154/3152/3152 3156/3153/3153 3171/3169/3169
f 3172/3170/3170 3151/3149/3149 3153/3151/3151 3170/3168/3168
f 3151/3149/3149 3172/3170/3170 3173/3171/3171 3152/3150/3150
f 3173/3171/3171 3174/3172/3172 3159/3157/3157 3152/3150/3150
f 3160/3158/3158 3159/3157/3157 3175/3173/3173 3176/3174/3174
f 3161/3159/3159 3160/3158/3158 3176/3174/3174 3177/3175/3175
f 3162/3160/3160 3161/3159/3159 3177/3175/3175 3178/3176/3176
f 3163/3162/3162 3162/3160/3160 3178/3176/3176 3179/3177/3177
f 3159/3157/3157 3174/3172/3172 3180/3178/3178 3175/3173/3173
f 3176/3174/3174 3175/3173/3173 3181/3179/3179 3182/3180/3180
f 3177/3175/3175 3176/3174/3174 3182/3180/3180 3183/3181/3181
f 3178/3176/3176 3177/3175/3175 3183/3181/3181 3184/3182/3182
f 3179/3177/3177 3178/3176/3176 3184/3182/3182 3185/3183/3183
f 3175/3173/3173 3180/3178/3178 3186/3184/3184 3181/3179/3179
f 3156/3153/3153 3155/3154/3154 3187/3185/3185 3188/3186/3186
f 3155/3154/3154 3157/3155/3155 3189/3187/3187 3187/3185/3185
f 3157/3155/3155 3158/3156/3156 3190/3188/3188 3189/3187/3187
f 3158/3156/3156 3168/3166/3166 3191/3189/3189 3190/3188/3188
f 3171/3169/3169 3156/3153/3153 3188/3186/3186 3192/3190/3190
f 3188/3186/3186 3187/3185/3185 3193/3191/3191 3194/3192/3192
f 3187/3185/3185 3189/3187/3187 3195/3193/3193 3193/3191/3191
f 3190/3188/3188 3191/3189/3189 3197/3194/3194 3196/3195/3195
f 3192/3190/3190 3188/3186/3186 3194/3192/3192 3198/3196/3196
f 3170/3168/3168 3169/3167/3167 3171/3169/3169 3199/3197/3197
f 3170/3168/3168 3199/3197/3197 3200/3198/3198 3172/3170/3170
f 3199/3197/3197 3048/3072/3072 3049/3070/3070 3200/3198/3198
f 3174/3172/3172 3173/3171/3171 3172/3170/3170 3200/3198/3198
f 3174/3172/3172 3200/3198/3198 3049/3070/3070 3051/3069/3069
f 3180/3178/3178 3174/3172/3172 3051/3069/3069 3053/3068/3068
f 3025/3067/3067 3186/3184/3184 3180/3178/3178 3053/3068/3068
f 3199/3197/3197 3171/3169/3169 3192/3190/3190 3201/3199/3199
f 3201/3199/3199 3047/3200/3200 3048/3072/3072 3199/3197/3197
f 3202/3201/3201 3201/3199/3199 3192/3190/3190 3198/3196/3196
f 3179/3177/3177 3203/3202/3202 3204/3203/3203 3163/3162/3162
f 3168/3166/3166 3205/3204/3204 3206/3205/3205 3191/3189/3189
f 3208/3206/3206 3204/3203/3203 3203/3202/3202 3207/3207/3207
f 3210/3208/3208 3206/3205/3205 3205/3204/3204 3209/3209/3209
f 3212/3210/3210 3208/3206/3206 3207/3207/3207 3211/3211/3211
f 3213/3212/3212 3164/3161/3161 3163/3162/3162 3204/3203/3203
f 3167/3165/3165 3214/3213/3213 3205/3204/3204 3168/3166/3166
f 3164/3161/3161 3213/3212/3212 3215/3214/3214 3165/3163/3163
f 3165/3163/3163 3215/3214/3214 3216/3215/3215 3166/3164/3164
f 3214/3213/3213 3167/3165/3165 3166/3164/3164 3216/3215/3215
f 3213/3212/3212 3217/3216/3216 3218/3217/3217 3215/3214/3214
f 3217/3216/3216 3213/3212/3212 3204/3203/3203 3208/3206/3206
f 3217/3216/3216 3208/3206/3206 3219/3218/3218 3218/3217/3217
f 3220/3219/3219 3219/3218/3218 3208/3206/3206 3212/3210/3210
f 3214/3213/3213 3216/3215/3215 3215/3214/3214 3218/3217/3217
f 3218/3217/3217 3219/3218/3218 3205/3204/3204 3214/3213/3213
f 3209/3209/3209 3205/3204/3204 3219/3218/3218 3220/3219/3219
f 3203/3202/3202 3179/3177/3177 3185/3183/3183 3221/3220/3220
f 3207/3207/3207 3203/3202/3202 3221/3220/3220 3222/3221/3221
f 3211/3211/3211 3207/3207/3207 3222/3221/3221 3223/3222/3222
f 3191/3189/3189 3206/3205/3205 3224/3223/3223 3197/3194/3194
f 3206/3205/3205 3210/3208/3208 3225/3224/3224 3224/3223/3223
f 3195/3193/3193 3189/3187/3187 3190/3188/3188 3196/3195/3195
f 3234/3225/3225 3235/3226/3226 3226/3227/3227 3227/3228/3228
f 3235/3226/3226 3236/3229/3229 3228/3230/3230 3226/3227/3227
f 3233/3231/3231 3234/3225/3225 3227/3228/3228 3229/3232/3232
f 3236/3229/3229 3237/3233/3233 3230/3234/3234 3228/3230/3230
f 3232/3235/3235 3233/3231/3231 3229/3232/3232 3231/3236/3236
f 3230/3234/3234 3063/3237/3237 3064/3238/3238 3228/3230/3230
f 3064/3238/3238 3065/3239/3239 3226/3227/3227 3228/3230/3230
f 3227/3228/3228 3226/3227/3227 3065/3239/3239 3027/3240/3240
f 3066/3241/3241 3229/3232/3232 3227/3228/3228 3027/3240/3240
f 3067/3242/3242 3231/3236/3236 3229/3232/3232 3066/3241/3241
f 3098/3090/3090 3088/3079/3079 3233/3231/3231 3232/3235/3235
f 3088/3079/3079 3082/3075/3075 3234/3225/3225 3233/3231/3231
f 3082/3075/3075 3081/3074/3074 3235/3226/3226 3234/3225/3225
f 3081/3074/3074 3085/3078/3078 3236/3229/3229 3235/3226/3226
f 3085/3078/3078 3095/3087/3087 3237/3233/3233 3236/3229/3229
f 3094/3085/3085 3091/3083/3083 3239/3095/3095 3238/3099/3099
f 3091/3083/3083 3090/3081/3081 3240/3091/3091 3239/3095/3095
f 3090/3081/3081 3089/3082/3082 3241/3092/3092 3240/3091/3091
f 3089/3082/3082 3092/3084/3084 3242/3097/3097 3241/3092/3092
f 3092/3084/3084 3096/3089/3089 3243/3101/3101 3242/3097/3097
f 3194/3192/3192 3193/3191/3191 3244/3243/3243 3245/3244/3244
f 3193/3191/3191 3195/3193/3193 3246/3245/3245 3244/3243/3243
f 3196/3195/3195 3197/3194/3194 3247/3246/3246 3248/3247/3247
f 3198/3196/3196 3194/3192/3192 3245/3244/3244 3249/3248/3248
f 3197/3194/3194 3224/3223/3223 3250/3249/3249 3247/3246/3246
f 3195/3193/3193 3196/3195/3195 3248/3247/3247 3246/3245/3245
f 3096/3089/3089 3097/3088/3088 3251/3250/3250 3252/3251/3251
f 3097/3088/3088 3098/3090/3090 3253/3252/3252 3251/3250/3250
f 3243/3101/3101 3096/3089/3089 3252/3251/3251 3254/3253/3253
f 3110/3108/3108 3104/3102/3102 3255/3254/3254 3256/3255/3255
f 3098/3090/3090 3232/3235/3235 3257/3256/3256 3253/3252/3252
f 3231/3236/3236 3067/3242/3242 3068/3257/3257 3258/3258/3258
f 3232/3235/3235 3231/3236/3236 3258/3258/3258 3257/3256/3256
f 3104/3102/3102 3243/3101/3101 3254/3253/3253 3255/3254/3254
f 3106/3104/3104 3105/3103/3103 3260/3259/3259 3261/3260/3260
f 3107/3105/3105 3106/3104/3104 3261/3260/3260 3262/3261/3261
f 3105/3103/3103 3108/3106/3106 3263/3262/3262 3260/3259/3259
f 3109/3107/3107 3107/3105/3105 3262/3261/3261 3264/3263/3263
f 3108/3106/3106 3110/3108/3108 3265/3264/3264 3263/3262/3262
f 3110/3108/3108 3256/3255/3255 3259/3265/3265 3265/3264/3264
f 2687/2718/2718 2938/2722/2722 2683/2714/2714 2685/2716/2716
f 2938/2722/2722 3266/3266/3266 2681/2712/2712 2683/2714/2714
f 2679/2704/2704 2681/2712/2712 3266/3266/3266 2671/2637/2637
f 3267/3267/3267 2605/2638/2638 2671/2637/2637 3266/3266/3266
f 2666/2643/2643 2605/2638/2638 3267/3267/3267 2611/2699/2699
f 2692/2641/2641 2611/2699/2699 3267/3267/3267 3268/3268/3268
f 2604/2633/2633 2608/2635/2635 2692/2641/2641 3268/3268/3268
f 2603/2632/2632 2604/2633/2633 3268/3268/3268 3269/3269/3269
f 3269/3269/3269 2601/2630/2630 2602/2631/2631 2603/2632/2632
f 3269/3269/3269 3270/3270/3270 2600/2628/2628 2601/2630/2630
f 3270/3270/3270 3271/3271/3271 2728/2629/2629 2600/2628/2628
f 3271/3271/3271 2939/2764/2764 2732/2760/2760 2728/2629/2629
f 2941/2544/2544 3272/3272/3272 3273/3273/3273 2942/2772/2772
f 3274/3274/3274 2943/2784/2784 2942/2772/2772 3273/3273/3273
f 3272/3272/3272 3054/3051/3051 3052/3047/3047 3273/3273/3273
f 3050/3050/3050 3274/3274/3274 3273/3273/3273 3052/3047/3047
f 2940/2543/2543 3275/3275/3275 3272/3272/3272 2941/2544/2544
f 3275/3275/3275 3276/3276/3276 3054/3051/3051 3272/3272/3272
f 3054/3051/3051 3276/3276/3276 3069/3062/3062 3070/3052/3052
f 3048/3072/3072 3047/3200/3200 3277/3277/3277 3080/3071/3071
f 3201/3199/3199 3202/3201/3201 3278/3278/3278 3047/3200/3200
f 3047/3200/3200 3278/3278/3278 3279/3279/3279 3277/3277/3277
f 3079/3066/3066 3080/3071/3071 3280/3280/3280 3072/3049/3049
f 3080/3071/3071 3277/3277/3277 3281/3281/3281 3280/3280/3280
f 3277/3277/3277 3279/3279/3279 3282/3282/3282 3281/3281/3281
f 3072/3049/3049 3280/3280/3280 3283/3283/3283 3050/3050/3050
f 3280/3280/3280 3281/3281/3281 3284/3284/3284 3283/3283/3283
f 3281/3281/3281 3282/3282/3282 3285/3285/3285 3284/3284/3284
f 3050/3050/3050 3283/3283/3283 3286/3286/3286 3274/3274/3274
f 3283/3283/3283 3284/3284/3284 3287/3287/3287 3286/3286/3286
f 3284/3284/3284 3285/3285/3285 3288/3288/3288 3287/3287/3287
f 3274/3274/3274 3286/3286/3286 2944/2780/2780 2943/2784/2784
f 3286/3286/3286 3287/3287/3287 2945/2539/2539 2944/2780/2780
f 3287/3287/3287 3288/3288/3288 2946/2540/2540 2945/2539/2539
f 2762/2541/2541 2946/2540/2540 3289/3289/3289 2765/2792/2792
f 3202/3201/3201 3198/3196/3196 3249/3248/3248 3290/3290/3290
f 3278/3278/3278 3202/3201/3201 3290/3290/3290 3291/3291/3291
f 3279/3279/3279 3278/3278/3278 3291/3291/3291 3292/3292/3292
f 3282/3282/3282 3279/3279/3279 3292/3292/3292 3293/3293/3293
f 3285/3285/3285 3282/3282/3282 3293/3293/3293 3294/3294/3294
f 3288/3288/3288 3285/3285/3285 3294/3294/3294 3295/3295/3295
f 2946/2540/2540 3288/3288/3288 3295/3295/3295 3289/3289/3289
f 3289/3289/3289 2780/2803/2803 2773/2795/2795 2765/2792/2792
f 2780/2803/2803 3289/3289/3289 3296/3296/3296 2785/2810/2810
f 2785/2810/2810 3296/3296/3296 2596/2626/2626 2597/2627/2627
f 3297/3297/3297 2595/2624/2624 2596/2626/2626 3296/3296/3296
f 2795/2623/2623 2594/2622/2622 2595/2624/2624 3297/3297/3297
f 3297/3297/3297 3298/3298/3298 2593/2621/2621 2795/2623/2623
f 2592/2619/2619 2593/2621/2621 3298/3298/3298 2813/2620/2620
f 3298/3298/3298 3299/3299/3299 2816/2837/2837 2813/2620/2620
f 2821/2840/2840 2816/2837/2837 3299/3299/3299 2591/2618/2618
f 2591/2618/2618 3299/3299/3299 3300/3300/3300 2590/2617/2617
f 3301/3301/3301 2589/2615/2615 2590/4035/2617 3300/4034/3300
f 2837/2859/2859 2840/2616/2616 2589/2615/2615 3301/3301/3301
f 3301/3301/3301 3302/3302/3302 2834/2856/2856 2837/2859/2859
f 2947/2517/2517 2588/2520/2520 2834/2856/2856 3302/3302/3302
f 3027/3240/3240 3065/3239/3239 3304/3303/3303 3303/3304/3304
f 3064/3238/3238 3063/3237/3237 3306/3305/3305 3305/3306/3306
f 3065/3239/3239 3064/3238/3238 3305/3306/3306 3304/3303/3303
f 3066/3241/3241 3027/3240/3240 3303/3304/3304 3307/3307/3307
f 3067/3242/3242 3066/3241/3241 3307/3307/3307 3308/3308/3308
f 3068/3257/3257 3067/3242/3242 3308/3308/3308 3309/3309/3309
f 3303/3304/3304 3304/3303/3303 3311/3310/3310 3310/3311/3311
f 3305/3306/3306 3306/3305/3305 3313/3312/3312 3312/3313/3313
f 3304/3303/3303 3305/3306/3306 3312/3313/3313 3311/3310/3310
f 3307/3307/3307 3303/3304/3304 3310/3311/3311 3314/3314/3314
f 3308/3308/3308 3307/3307/3307 3314/3314/3314 3315/3315/3315
f 3309/3309/3309 3308/3308/3308 3315/3315/3315 3316/3316/3316
f 3310/3311/3311 3311/3310/3310 3318/3317/3317 3317/3318/3318
f 3312/3313/3313 3313/3312/3312 3320/3319/3319 3319/3320/3320
f 3311/3310/3310 3312/3313/3313 3319/3320/3320 3318/3317/3317
f 3314/3314/3314 3310/3311/3311 3317/3318/3318 3321/3321/3321
f 3315/3315/3315 3314/3314/3314 3321/3321/3321 3322/3322/3322
f 3316/3316/3316 3315/3315/3315 3322/3322/3322 3323/3323/3323
f 2955/2893/2893 2954/2892/2892 3323/3323/3323 3322/3322/3322
f 3321/3321/3321 2956/2897/2897 2955/2893/2893 3322/3322/3322
f 3317/3318/3318 2957/2531/2531 2956/2897/2897 3321/3321/3321
f 2957/2531/2531 3317/3318/3318 3318/3317/3317 2958/2532/2532
f 2958/2532/2532 3318/3317/3317 3319/3320/3320 2959/2927/2927
f 2581/2614/2614 2582/2527/2527 2953/2530/2530 2580/2613/2613
f 2953/2530/2530 3324/3324/3324 2579/2612/2612 2580/2613/2613
f 2578/2609/2609 2579/2612/2612 3324/3324/3324 2857/2610/2610
f 2857/2610/2610 3324/3324/3324 3325/3325/3325 2577/2606/2606
f 2954/2892/2892 2874/2607/2607 2577/2606/2606 3325/3325/3325
f 3320/3319/3319 2960/2942/2942 2959/2927/2927 3319/3320/3320
f 2960/2942/2942 3320/3319/3319 2898/2963/2963 2961/2535/2535
f 2962/2536/2536 2961/2535/2535 2898/2963/2963 2963/2920/2920
f 2898/2963/2963 3320/3319/3319 3313/3312/3312 3036/3032/3032
f 3306/3305/3305 3062/3061/3061 3036/3032/3032 3313/3312/3312
f 2688/2956/2956 3326/3326/3326 3266/3266/3266 2938/2722/2722
f 3267/3267/3267 3266/3266/3266 3326/3326/3326 3327/3327/3327
f 3327/3327/3327 3328/3328/3328 3268/3268/3268 3267/3267/3267
f 3269/3269/3269 3268/3268/3268 3328/3328/3328 3329/3329/3329
f 3329/3329/3329 3330/3330/3330 3270/3270/3270 3269/3269/3269
f 3331/3331/3331 3271/3271/3271 3270/3270/3270 3330/3330/3330
f 3332/3332/3332 2939/2764/2764 3271/3271/3271 3331/3331/3331
f 3332/3332/3332 3275/3275/3275 2940/2543/2543 2939/2764/2764
f 3296/3296/3296 3289/3289/3289 3295/3295/3295 3333/3333/3333
f 3297/3297/3297 3296/3296/3296 3333/3333/3333 3334/3334/3334
f 3298/3298/3298 3297/3297/3297 3334/3334/3334 3335/3335/3335
f 3299/3299/3299 3298/3298/3298 3335/3335/3335 3336/3336/3336
f 3336/3336/3336 3337/3337/3337 3300/3300/3300 3299/3299/3299
f 3337/4033/3337 3338/3338/3338 3301/3301/3301 3300/4034/3300
f 3338/3338/3338 3339/3339/3339 3302/3302/3302 3301/3301/3301
f 3339/3339/3339 2520/2958/2958 2947/2517/2517 3302/3302/3302
f 2548/2962/2962 3340/3340/3340 2953/2530/2530 2952/2529/2529
f 3340/3340/3340 3341/3341/3341 3324/3324/3324 2953/2530/2530
f 3325/3325/3325 3324/3324/3324 3341/3341/3341 3342/3342/3342
f 3342/3342/3342 3323/3323/3323 2954/2892/2892 3325/3325/3325
f 3340/3340/3340 2548/2962/2962 3042/3038/3038 3343/3343/3343
f 3341/3341/3341 3340/3340/3340 3343/3343/3343 3344/3344/3344
f 3342/3342/3342 3341/3341/3341 3344/3344/3344 3345/3345/3345
f 3323/3323/3323 3342/3342/3342 3345/3345/3345 3316/3316/3316
f 3343/3343/3343 3042/3038/3038 3046/3046/3046 3346/3346/3346
f 3344/3344/3344 3343/3343/3343 3346/3346/3346 3347/3347/3347
f 3345/3345/3345 3344/3344/3344 3347/3347/3347 3348/3348/3348
f 3316/3316/3316 3345/3345/3345 3348/3348/3348 3309/3309/3309
f 3346/3346/3346 3046/3046/3046 3075/3045/3045 3349/3349/3349
f 3347/3347/3347 3346/3346/3346 3349/3349/3349 3350/3350/3350
f 3348/3348/3348 3347/3347/3347 3350/3350/3350 3351/3351/3351
f 3309/3309/3309 3348/3348/3348 3351/3351/3351 3068/3257/3257
f 3326/3326/3326 2688/2956/2956 3043/3039/3039 3352/3352/3352
f 3327/3327/3327 3326/3326/3326 3352/3352/3352 3353/3353/3353
f 3328/3328/3328 3327/3327/3327 3353/3353/3353 3354/3354/3354
f 3329/3329/3329 3328/3328/3328 3354/3354/3354 3355/3355/3355
f 3330/3330/3330 3329/3329/3329 3355/3355/3355 3356/3356/3356
f 3331/3331/3331 3330/3330/3330 3356/3356/3356 3357/3357/3357
f 3332/3332/3332 3331/3331/3331 3357/3357/3357 3358/3358/3358
f 3275/3275/3275 3332/3332/3332 3358/3358/3358 3276/3276/3276
f 3352/3352/3352 3043/3039/3039 3055/3053/3053 3359/3359/3359
f 3353/3353/3353 3352/3352/3352 3359/3359/3359 3360/3360/3360
f 3354/3354/3354 3353/3353/3353 3360/3360/3360 3361/3361/3361
f 3355/3355/3355 3354/3354/3354 3361/3361/3361 3362/3362/3362
f 3356/3356/3356 3355/3355/3355 3362/3362/3362 3363/3363/3363
f 3357/3357/3357 3356/3356/3356 3363/3363/3363 3364/3364/3364
f 3358/3358/3358 3357/3357/3357 3364/3364/3364 3365/3365/3365
f 3276/3276/3276 3358/3358/3358 3365/3365/3365 3069/3062/3062
f 3333/3333/3333 3295/3295/3295 3294/3294/3294 3366/3366/3366
f 3334/3334/3334 3333/3333/3333 3366/3366/3366 3367/3367/3367
f 3335/3335/3335 3334/3334/3334 3367/3367/3367 3368/3368/3368
f 3336/3336/3336 3335/3335/3335 3368/3368/3368 3369/3369/3369
f 3337/3337/3337 3336/3336/3336 3369/3369/3369 3370/3370/3370
f 3338/3338/3338 3337/4033/3337 3370/4032/3370 3371/3371/3371
f 3339/3339/3339 3338/3338/3338 3371/3371/3371 3372/3372/3372
f 2520/2958/2958 3339/3339/3339 3372/3372/3372 3037/3033/3033
f 3366/3366/3366 3294/3294/3294 3293/3293/3293 3373/3373/3373
f 3367/3367/3367 3366/3366/3366 3373/3373/3373 3374/3374/3374
f 3368/3368/3368 3367/3367/3367 3374/3374/3374 3375/3375/3375
f 3369/3369/3369 3368/3368/3368 3375/3375/3375 3376/3376/3376
f 3370/3370/3370 3369/3369/3369 3376/3376/3376 3377/3377/3377
f 3371/3371/3371 3370/4032/3370 3377/4030/3377 3378/3378/3378
f 3372/3372/3372 3371/3371/3371 3378/3378/3378 3379/3379/3379
f 3037/3033/3033 3372/3372/3372 3379/3379/3379 3026/3040/3040
f 3379/3379/3379 3073/3042/3042 3044/3041/3041 3026/3040/3040
f 3395/4027/3380 3396/3381/3381 3380/3382/3382 3381/4028/3383
f 3396/3381/3381 3397/3384/3384 3382/3385/3385 3380/3382/3382
f 3394/3386/3386 3395/3380/3380 3381/3383/3383 3383/3387/3387
f 3376/3376/3376 3384/3388/3388 3385/3389/3389 3377/3377/3377
f 3385/4029/3389 3386/3390/3390 3378/3378/3378 3377/4030/3377
f 3384/3388/3388 3383/3387/3387 3381/3383/3383 3385/3389/3389
f 3380/3382/3382 3386/3390/3390 3385/4029/3389 3381/4028/3383
f 3382/3385/3385 3387/3391/3391 3386/3390/3390 3380/3382/3382
f 3387/3391/3391 3379/3379/3379 3378/3378/3378 3386/3390/3390
f 3373/3373/3373 3293/3293/3293 3292/3292/3292 3388/3392/3392
f 3374/3374/3374 3373/3373/3373 3388/3392/3392 3389/3393/3393
f 3375/3375/3375 3374/3374/3374 3389/3393/3393 3390/3394/3394
f 3376/3376/3376 3375/3375/3375 3390/3394/3394 3384/3388/3388
f 3388/3392/3392 3292/3292/3292 3291/3291/3291 3391/3395/3395
f 3389/3393/3393 3388/3392/3392 3391/3395/3395 3392/3396/3396
f 3390/3394/3394 3389/3393/3393 3392/3396/3396 3393/3397/3397
f 3384/3388/3388 3390/3394/3394 3393/3397/3397 3383/3387/3387
f 3398/3398/3398 3399/3399/3399 3395/3380/3380 3394/3386/3386
f 3399/4026/3399 3400/3400/3400 3396/3381/3381 3395/4027/3380
f 3400/3400/3400 3401/3401/3401 3397/3384/3384 3396/3381/3381
f 3408/3402/3402 3409/3403/3403 3399/3399/3399 3398/3398/3398
f 3409/4025/3403 3410/3404/3404 3400/3400/3400 3399/4026/3399
f 3410/3404/3404 3411/3405/3405 3401/3401/3401 3400/3400/3400
f 3391/3395/3395 3291/3291/3291 3290/3290/3290 3402/3406/3406
f 3392/3396/3396 3391/3395/3395 3402/3406/3406 3403/3407/3407
f 3393/3397/3397 3392/3396/3396 3403/3407/3407 3404/3408/3408
f 3383/3387/3387 3393/3397/3397 3404/3408/3408 3394/3386/3386
f 3402/3406/3406 3290/3290/3290 3249/3248/3248 3405/3409/3409
f 3403/3407/3407 3402/3406/3406 3405/3409/3409 3406/3410/3410
f 3404/3408/3408 3403/3407/3407 3406/3410/3410 3407/3411/3411
f 3394/3386/3386 3404/3408/3408 3407/3411/3411 3398/3398/3398
f 3412/3412/3412 3413/3413/3413 3409/3403/3403 3408/3402/3402
f 3413/4024/3413 3414/3414/3414 3410/3404/3404 3409/4025/3403
f 3414/3414/3414 3415/3415/3415 3411/3405/3405 3410/3404/3404
f 3416/3416/3416 3417/3417/3417 3413/3413/3413 3412/3412/3412
f 3417/4023/3417 3418/3418/3418 3414/3414/3414 3413/4024/3413
f 3418/3418/3418 3419/3419/3419 3415/3415/3415 3414/3414/3414
f 3429/3420/3420 3430/4022/3421 3417/3417/3417 3416/3416/3416
f 3430/3421/3421 3431/3422/3422 3418/3418/3418 3417/4023/3417
f 3431/3422/3422 3432/3423/3423 3419/3419/3419 3418/3418/3418
f 3405/3409/3409 3249/3248/3248 3245/3244/3244 3420/3424/3424
f 3406/3410/3410 3405/3409/3409 3420/3424/3424 3421/3425/3425
f 3407/3411/3411 3406/3410/3410 3421/3425/3425 3422/3426/3426
f 3398/3398/3398 3407/3411/3411 3422/3426/3426 3408/3402/3402
f 3420/3424/3424 3245/3244/3244 3244/3243/3243 3423/3427/3427
f 3421/3425/3425 3420/3424/3424 3423/3427/3427 3424/3428/3428
f 3422/3426/3426 3421/3425/3425 3424/3428/3428 3425/3429/3429
f 3408/3402/3402 3422/3426/3426 3425/3429/3429 3412/3412/3412
f 3423/3427/3427 3244/3243/3243 3246/3245/3245 3426/3430/3430
f 3424/3428/3428 3423/3427/3427 3426/3430/3430 3427/3431/3431
f 3425/3429/3429 3424/3428/3428 3427/3431/3431 3428/3432/3432
f 3412/3412/3412 3425/3429/3429 3428/3432/3432 3416/3416/3416
f 3138/3136/3136 3124/4031/3122 3430/4022/3421 3429/3420/3420
f 3124/3122/3122 3123/3121/3121 3431/3422/3422 3430/3421/3421
f 3123/3121/3121 3131/3129/3129 3432/3423/3423 3431/3422/3422
f 3426/3430/3430 3246/3245/3245 3248/3247/3247 3433/3433/3433
f 3427/3431/3431 3426/3430/3430 3433/3433/3433 3434/3434/3434
f 3428/3432/3432 3427/3431/3431 3434/3434/3434 3435/3435/3435
f 3416/3416/3416 3428/3432/3432 3435/3435/3435 3429/3420/3420
f 3433/3433/3433 3248/3247/3247 3247/3246/3246 3436/3436/3436
f 3434/3434/3434 3433/3433/3433 3436/3436/3436 3437/3437/3437
f 3435/3435/3435 3434/3434/3434 3437/3437/3437 3438/3438/3438
f 3429/3420/3420 3435/3435/3435 3438/3438/3438 3138/3136/3136
f 3436/3436/3436 3247/3246/3246 3250/3249/3249 3439/3439/3439
f 3437/3437/3437 3436/3436/3436 3439/3439/3439 3440/3440/3440
f 3438/3438/3438 3437/3437/3437 3440/3440/3440 3441/3441/3441
f 3138/3136/3136 3438/3438/3438 3441/3441/3441 3137/3135/3135
f 3250/3249/3249 3224/3223/3223 3225/3224/3224 3442/3442/3442
f 3439/3439/3439 3250/3249/3249 3442/3442/3442 3443/3443/3443
f 3440/3440/3440 3439/3439/3439 3443/3443/3443 3444/3444/3444
f 3441/3441/3441 3440/3440/3440 3444/3444/3444 3445/3445/3445
f 3137/3135/3135 3441/3441/3441 3445/3445/3445 3136/3134/3134
f 3359/3359/3359 3055/3053/3053 3452/3446/3446 3453/3447/3447
f 3063/3237/3237 3448/3448/3448 3062/3061/3061 3306/3305/3305
f 3061/3060/3060 3062/3061/3061 3448/3448/3448 3449/3449/3449
f 3060/3059/3059 3061/3060/3060 3449/3449/3449 3059/3058/3058
f 3449/3449/3449 3450/3450/3450 3058/3057/3057 3059/3058/3058
f 3056/3055/3055 3028/3056/3056 3058/3057/3057 3450/3450/3450
f 3056/3055/3055 3450/3450/3450 3451/3451/3451 3057/3054/3054
f 3453/3447/3447 3452/3446/3446 3531/3452/3452 3532/3453/3453
f 3452/3446/3446 3055/3053/3053 3057/3054/3054 3451/3451/3451
f 3230/3234/3234 3454/3454/3454 3448/3448/3448 3063/3237/3237
f 3454/3454/3454 3455/3455/3455 3449/3449/3449 3448/3448/3448
f 3450/3450/3450 3449/3449/3449 3455/3455/3455 3456/3456/3456
f 3457/3457/3457 3451/3451/3451 3450/3450/3450 3456/3456/3456
f 3454/3454/3454 3230/3234/3234 3237/3233/3233 3458/3458/3458
f 3455/3455/3455 3454/3454/3454 3458/3458/3458 3459/3459/3459
f 3456/3456/3456 3455/3455/3455 3459/3459/3459 3460/3460/3460
f 3457/3457/3457 3456/3456/3456 3460/3460/3460 3461/3461/3461
f 3458/3458/3458 3237/3233/3233 3095/3087/3087 3462/3462/3462
f 3459/3459/3459 3458/3458/3458 3462/3462/3462 3463/3463/3463
f 3460/3460/3460 3459/3459/3459 3463/3463/3463 3464/3464/3464
f 3461/3461/3461 3460/3460/3460 3464/3464/3464 3465/3465/3465
f 3462/3462/3462 3095/3087/3087 3093/3086/3086 3466/3466/3466
f 3463/3463/3463 3462/3462/3462 3466/3466/3466 3467/3467/3467
f 3464/3464/3464 3463/3463/3463 3467/3467/3467 3468/3468/3468
f 3465/3465/3465 3464/3464/3464 3468/3468/3468 3469/3469/3469
f 3466/3466/3466 3093/3086/3086 3094/3085/3085 3470/3470/3470
f 3467/3467/3467 3466/3466/3466 3470/3470/3470 3471/3471/3471
f 3468/3468/3468 3467/3467/3467 3471/3471/3471 3472/3472/3472
f 3469/3469/3469 3468/3468/3468 3472/3472/3472 3473/3473/3473
f 3094/3085/3085 3238/3099/3099 3103/3100/3100 3470/3470/3470
f 3474/3474/3474 3470/3470/3470 3103/3100/3100 3109/3107/3107
f 3471/3471/3471 3470/3470/3470 3474/3474/3474 3475/3475/3475
f 3472/3472/3472 3471/3471/3471 3475/3475/3475 3476/3476/3476
f 3477/3477/3477 3473/3473/3473 3472/3472/3472 3476/3476/3476
f 3360/3360/3360 3359/3359/3359 3453/3447/3447 3478/3478/3478
f 3361/3361/3361 3360/3360/3360 3478/3478/3478 3479/3479/3479
f 3362/3362/3362 3361/3361/3361 3479/3479/3479 3480/3480/3480
f 3363/3363/3363 3362/3362/3362 3480/3480/3480 3481/3481/3481
f 3364/3364/3364 3363/3363/3363 3481/3481/3481 3482/3482/3482
f 3365/3365/3365 3364/3364/3364 3482/3482/3482 3483/3483/3483
f 3069/3062/3062 3365/3365/3365 3483/3483/3483 3076/3063/3063
f 3259/3265/3265 3256/3255/3255 3509/3484/3484 3510/3485/3485
f 3387/3391/3391 3486/3486/3486 3073/3042/3042 3379/3379/3379
f 3073/3042/3042 3486/3486/3486 3487/3487/3487 3074/3043/3043
f 3488/3488/3488 3075/3045/3045 3074/3043/3043 3487/3487/3487
f 3489/3489/3489 3349/3349/3349 3075/3045/3045 3488/3488/3488
f 3489/3489/3489 3490/3490/3490 3350/3350/3350 3349/3349/3349
f 3350/3350/3350 3490/3490/3490 3491/3491/3491 3351/3351/3351
f 3351/3351/3351 3491/3491/3491 3258/3258/3258 3068/3257/3257
f 3382/3385/3385 3492/3492/3492 3486/3486/3486 3387/3391/3391
f 3492/3492/3492 3493/3493/3493 3487/3487/3487 3486/3486/3486
f 3494/3494/3494 3488/3488/3488 3487/3487/3487 3493/3493/3493
f 3489/3489/3489 3488/3488/3488 3494/3494/3494 3495/3495/3495
f 3495/3495/3495 3496/3496/3496 3490/3490/3490 3489/3489/3489
f 3491/3491/3491 3490/3490/3490 3496/3496/3496 3497/3497/3497
f 3497/3497/3497 3257/3256/3256 3258/3258/3258 3491/3491/3491
f 3382/3385/3385 3397/3384/3384 3401/3401/3401 3492/3492/3492
f 3492/3492/3492 3401/3401/3401 3498/3498/3498 3493/3493/3493
f 3498/3498/3498 3401/3401/3401 3411/3405/3405 3499/3499/3499
f 3499/3499/3499 3411/3405/3405 3415/3415/3415 3500/3500/3500
f 3419/3419/3419 3432/3423/3423 3500/3500/3500 3415/3415/3415
f 3500/3500/3500 3432/3423/3423 3131/3129/3129 3501/3501/3501
f 3501/3501/3501 3131/3129/3129 3130/3128/3128 3502/3502/3502
f 3129/3127/3127 3484/3503/3503 3502/3502/3502 3130/3128/3128
f 3504/3504/3504 3503/3505/3505 3484/3503/3503 3485/3506/3506
f 3506/3507/3507 3505/3508/3508 3503/3505/3505 3504/3504/3504
f 3508/3509/3509 3507/3510/3510 3505/3508/3508 3506/3507/3507
f 3510/3485/3485 3509/3484/3484 3507/3510/3510 3508/3509/3509
f 3252/3251/3251 3251/3250/3250 3511/3511/3511 3512/3512/3512
f 3251/3250/3250 3253/3252/3252 3513/3513/3513 3511/3511/3511
f 3254/3253/3253 3252/3251/3251 3512/3512/3512 3514/3514/3514
f 3256/3255/3255 3255/3254/3254 3515/3515/3515 3509/3484/3484
f 3253/3252/3252 3257/3256/3256 3497/3497/3497 3513/3513/3513
f 3255/3254/3254 3254/3253/3253 3514/3514/3514 3515/3515/3515
f 3512/3512/3512 3511/3511/3511 3516/3516/3516 3517/3517/3517
f 3511/3511/3511 3513/3513/3513 3518/3518/3518 3516/3516/3516
f 3514/3514/3514 3512/3512/3512 3517/3517/3517 3519/3519/3519
f 3509/3484/3484 3515/3515/3515 3520/3520/3520 3507/3510/3510
f 3513/3513/3513 3497/3497/3497 3496/3496/3496 3518/3518/3518
f 3515/3515/3515 3514/3514/3514 3519/3519/3519 3520/3520/3520
f 3517/3517/3517 3516/3516/3516 3521/3521/3521 3522/3522/3522
f 3516/3516/3516 3518/3518/3518 3523/3523/3523 3521/3521/3521
f 3519/3519/3519 3517/3517/3517 3522/3522/3522 3524/3524/3524
f 3507/3510/3510 3520/3520/3520 3525/3525/3525 3505/3508/3508
f 3518/3518/3518 3496/3496/3496 3495/3495/3495 3523/3523/3523
f 3520/3520/3520 3519/3519/3519 3524/3524/3524 3525/3525/3525
f 3503/3505/3505 3505/3508/3508 3525/3525/3525 3526/3526/3526
f 3526/3526/3526 3502/3502/3502 3484/3503/3503 3503/3505/3505
f 3527/3527/3527 3494/3494/3494 3493/3493/3493 3498/3498/3498
f 3495/3495/3495 3494/3494/3494 3527/3527/3527 3523/3523/3523
f 3526/3526/3526 3525/3525/3525 3524/3524/3524 3528/3528/3528
f 3502/3502/3502 3526/3526/3526 3528/3528/3528 3501/3501/3501
f 3527/3527/3527 3498/3498/3498 3499/3499/3499 3529/3529/3529
f 3523/3523/3523 3527/3527/3527 3529/3529/3529 3521/3521/3521
f 3521/3521/3521 3529/3529/3529 3530/3530/3530 3522/3522/3522
f 3522/3522/3522 3530/3530/3530 3528/3528/3528 3524/3524/3524
f 3501/3501/3501 3528/3528/3528 3530/3530/3530 3500/3500/3500
f 3529/3529/3529 3499/3499/3499 3500/3500/3500 3530/3530/3530
f 3128/3126/3126 3485/3506/3506 3484/3503/3503 3129/3127/3127
f 3532/3453/3453 3531/3452/3452 3533/3531/3531 3534/3532/3532
f 3534/3532/3532 3533/3531/3531 3535/3533/3533 3536/3534/3534
f 3536/3534/3534 3535/3533/3533 3537/3535/3535 3538/3536/3536
f 3538/3536/3536 3537/3535/3535 3446/3537/3537 3447/3538/3538
f 3451/3451/3451 3457/3457/3457 3531/3452/3452 3452/3446/3446
f 3461/3461/3461 3533/3531/3531 3531/3452/3452 3457/3457/3457
f 3465/3465/3465 3535/3533/3533 3533/3531/3531 3461/3461/3461
f 3469/3469/3469 3537/3535/3535 3535/3533/3533 3465/3465/3465
f 3473/3473/3473 3446/3537/3537 3537/3535/3535 3469/3469/3469
f 3477/3477/3477 3539/3539/3539 3446/3537/3537 3473/3473/3473
f 3539/3539/3539 3540/3540/3540 3447/3538/3538 3446/3537/3537
f 3025/3067/3067 3076/3063/3063 3483/3483/3483 3186/3184/3184
f 3541/3541/3541 3181/3179/3179 3186/3184/3184 3483/3483/3483
f 3542/3542/3542 3182/3180/3180 3181/3179/3179 3541/3541/3541
f 3542/3542/3542 3184/3182/3182 3183/3181/3181 3182/3180/3180
f 3542/3542/3542 3543/3543/3543 3185/3183/3183 3184/3182/3182
f 3185/3183/3183 3543/3543/3543 3544/3544/3544 3221/3220/3220
f 3221/3220/3220 3544/3544/3544 3545/3545/3545 3222/3221/3221
f 3546/3546/3546 3223/3222/3222 3222/3221/3221 3545/3545/3545
f 3478/3478/3478 3453/3447/3447 3532/3453/3453 3547/3547/3547
f 3479/3479/3479 3478/3478/3478 3547/3547/3547 3548/3548/3548
f 3480/3480/3480 3479/3479/3479 3548/3548/3548 3549/3549/3549
f 3481/3481/3481 3480/3480/3480 3549/3549/3549 3550/3550/3550
f 3482/3482/3482 3481/3481/3481 3550/3550/3550 3551/3551/3551
f 3483/3483/3483 3482/3482/3482 3551/3551/3551 3541/3541/3541
f 3547/3547/3547 3532/3453/3453 3534/3532/3532 3552/3552/3552
f 3548/3548/3548 3547/3547/3547 3552/3552/3552 3553/3553/3553
f 3549/3549/3549 3548/3548/3548 3553/3553/3553 3554/3554/3554
f 3550/3550/3550 3549/3549/3549 3554/3554/3554 3555/3555/3555
f 3551/3551/3551 3550/3550/3550 3555/3555/3555 3556/3556/3556
f 3541/3541/3541 3551/3551/3551 3556/3556/3556 3542/3542/3542
f 3552/3552/3552 3534/3532/3532 3536/3534/3534 3557/3557/3557
f 3553/3553/3553 3552/3552/3552 3557/3557/3557 3558/3558/3558
f 3554/3554/3554 3553/3553/3553 3558/3558/3558 3559/3559/3559
f 3555/3555/3555 3554/3554/3554 3559/3559/3559 3560/3560/3560
f 3556/3556/3556 3555/3555/3555 3560/3560/3560 3561/3561/3561
f 3542/3542/3542 3556/3556/3556 3561/3561/3561 3543/3543/3543
f 3557/3557/3557 3536/3534/3534 3538/3536/3536 3562/3562/3562
f 3558/3558/3558 3557/3557/3557 3562/3562/3562 3563/3563/3563
f 3559/3559/3559 3558/3558/3558 3563/3563/3563 3564/3564/3564
f 3560/3560/3560 3559/3559/3559 3564/3564/3564 3565/3565/3565
f 3561/3561/3561 3560/3560/3560 3565/3565/3565 3566/3566/3566
f 3543/3543/3543 3561/3561/3561 3566/3566/3566 3544/3544/3544
f 3562/3562/3562 3538/3536/3536 3447/3538/3538 3567/3567/3567
f 3563/3563/3563 3562/3562/3562 3567/3567/3567 3568/3568/3568
f 3564/3564/3564 3563/3563/3563 3568/3568/3568 3569/3569/3569
f 3565/3565/3565 3564/3564/3564 3569/3569/3569 3570/3570/3570
f 3566/3566/3566 3565/3565/3565 3570/3570/3570 3571/3571/3571
f 3544/3544/3544 3566/3566/3566 3571/3571/3571 3545/3545/3545
f 3567/3567/3567 3447/3538/3538 3540/3540/3540 3572/3572/3572
f 3568/3568/3568 3567/3567/3567 3572/3572/3572 3573/3573/3573
f 3569/3569/3569 3568/3568/3568 3573/3573/3573 3574/3574/3574
f 3570/3570/3570 3569/3569/3569 3574/3574/3574 3575/3575/3575
f 3571/3571/3571 3570/3570/3570 3575/3575/3575 3576/3576/3576
f 3545/3545/3545 3571/3571/3571 3576/3576/3576 3546/3546/3546
f 3580/3577/3577 3577/3578/3578 3578/3579/3579 3579/3580/3580
f 3577/3578/3578 3580/3577/3577 3581/3581/3581 3582/3582/3582
f 3577/3578/3578 3583/3583/3583 3584/3584/3584 3578/3579/3579
f 3583/3583/3583 3577/3578/3578 3582/3582/3582 3585/3585/3585
f 3587/3586/3586 3581/3581/3581 3580/3577/3577 3586/3587/3587
f 3579/3580/3580 3588/3588/3588 3586/3587/3587 3580/3577/3577
f 3588/3588/3588 3589/3589/3589 3590/3590/3590 3586/3587/3587
f 3590/3590/3590 3589/3589/3589 3540/3540/3540 3539/3539/3539
f 3586/3587/3587 3590/3590/3590 3591/3591/3591 3587/3586/3586
f 3539/3539/3539 3477/3477/3477 3591/3591/3591 3590/3590/3590
f 3593/3592/3592 3585/3585/3585 3582/3582/3582 3592/3593/3593
f 3592/3593/3593 3582/3582/3582 3581/3581/3581 3594/3594/3594
f 3594/3594/3594 3581/3581/3581 3587/3586/3586 3595/3595/3595
f 3595/3595/3595 3587/3586/3586 3591/3591/3591 3596/3596/3596
f 3596/3596/3596 3591/3591/3591 3477/3477/3477 3597/3597/3597
f 3597/3597/3597 3477/3477/3477 3476/3476/3476 3598/3598/3598
f 3599/3599/3599 3598/3598/3598 3476/3476/3476 3475/3475/3475
f 3475/3475/3475 3474/3474/3474 3600/3600/3600 3599/3599/3599
f 3474/3474/3474 3109/3107/3107 3264/3263/3263 3600/3600/3600
f 3260/3259/3259 3263/3262/3262 3265/3264/3264 3601/3601/3601
f 3601/3601/3601 3602/3602/3602 3261/3260/3260 3260/3259/3259
f 3262/3261/3261 3261/3260/3260 3602/3602/3602 3264/3263/3263
f 3602/3602/3602 3603/3603/3603 3600/3600/3600 3264/3263/3263
f 3603/3603/3603 3604/3604/3604 3599/3599/3599 3600/3600/3600
f 3604/3604/3604 3605/3605/3605 3598/3598/3598 3599/3599/3599
f 3597/3597/3597 3598/3598/3598 3605/3605/3605 3596/3596/3596
f 3606/3606/3606 3595/3595/3595 3596/3596/3596 3605/3605/3605
f 3607/3607/3607 3606/3606/3606 3605/3605/3605 3604/3604/3604
f 3608/3608/3608 3607/3607/3607 3604/3604/3604 3603/3603/3603
f 3609/3609/3609 3608/3608/3608 3603/3603/3603 3602/3602/3602
f 3610/3610/3610 3609/3609/3609 3602/3602/3602 3601/3601/3601
f 3611/3611/3611 3601/3601/3601 3265/3264/3264 3259/3265/3265
f 3601/3601/3601 3611/3611/3611 3612/3612/3612 3610/3610/3610
f 3611/3611/3611 3613/3613/3613 3614/3614/3614 3612/3612/3612
f 3613/3613/3613 3611/3611/3611 3259/3265/3265 3510/3485/3485
f 3510/3485/3485 3508/3509/3509 3615/3615/3615 3613/3613/3613
f 3616/3616/3616 3614/3614/3614 3613/3613/3613 3615/3615/3615
f 3617/3617/3617 3615/3615/3615 3508/3509/3509 3506/3507/3507
f 3615/3615/3615 3617/3617/3617 3618/3618/3618 3616/3616/3616
f 3506/3507/3507 3504/3504/3504 3619/3619/3619 3617/3617/3617
f 3617/3617/3617 3619/3619/3619 3620/3620/3620 3618/3618/3618
f 3621/3621/3621 3619/3619/3619 3504/3504/3504 3485/3506/3506
f 3622/3622/3622 3620/3620/3620 3619/3619/3619 3621/3621/3621
f 3128/3126/3126 3622/3622/3622 3621/3621/3621 3485/3506/3506
f 3127/3125/3125 3623/3623/3623 3622/3622/3622 3128/3126/3126
f 3126/3124/3124 3624/3624/3624 3623/3623/3623 3127/3125/3125
f 3125/3123/3123 3625/3625/3625 3624/3624/3624 3126/3124/3124
f 3609/3609/3609 3610/3610/3610 3628/3626/3626 3629/3627/3627
f 3629/3627/3627 3628/3626/3626 3630/3628/3628 3631/3629/3629
f 3631/3629/3629 3630/3628/3628 3626/3630/3630 3627/3631/3631
f 3595/3595/3595 3606/3606/3606 3632/3632/3632 3594/3594/3594
f 3606/3606/3606 3607/3607/3607 3633/3633/3633 3632/3632/3632
f 3607/3607/3607 3608/3608/3608 3634/3634/3634 3633/3633/3633
f 3608/3608/3608 3609/3609/3609 3629/3627/3627 3634/3634/3634
f 3594/3594/3594 3632/3632/3632 3635/3635/3635 3592/3593/3593
f 3632/3632/3632 3633/3633/3633 3636/3636/3636 3635/3635/3635
f 3633/3633/3633 3634/3634/3634 3637/3637/3637 3636/3636/3636
f 3634/3634/3634 3629/3627/3627 3631/3629/3629 3637/3637/3637
f 3592/3593/3593 3635/3635/3635 3638/3638/3638 3593/3592/3592
f 3635/3635/3635 3636/3636/3636 3639/3639/3639 3638/3638/3638
f 3636/3636/3636 3637/3637/3637 3640/3640/3640 3639/3639/3639
f 3637/3637/3637 3631/3629/3629 3627/3631/3631 3640/3640/3640
f 3610/3610/3610 3612/3612/3612 3641/3641/3641 3628/3626/3626
f 3612/3612/3612 3614/3614/3614 3642/3642/3642 3641/3641/3641
f 3614/3614/3614 3616/3616/3616 3643/3643/3643 3642/3642/3642
f 3616/3616/3616 3618/3618/3618 3644/3644/3644 3643/3643/3643
f 3618/3618/3618 3620/3620/3620 3645/3645/3645 3644/3644/3644
f 3620/3620/3620 3622/3622/3622 3623/3623/3623 3645/3645/3645
f 3628/3626/3626 3641/3641/3641 3646/3646/3646 3630/3628/3628
f 3641/3641/3641 3642/3642/3642 3647/3647/3647 3646/3646/3646
f 3642/3642/3642 3643/3643/3643 3648/3648/3648 3647/3647/3647
f 3643/3643/3643 3644/3644/3644 3649/3649/3649 3648/3648/3648
f 3644/3644/3644 3645/3645/3645 3650/3650/3650 3649/3649/3649
f 3645/3645/3645 3623/3623/3623 3624/3624/3624 3650/3650/3650
f 3630/3628/3628 3646/3646/3646 3651/3651/3651 3626/3630/3630
f 3646/3646/3646 3647/3647/3647 3652/3652/3652 3651/3651/3651
f 3647/3647/3647 3648/3648/3648 3653/3653/3653 3652/3652/3652
f 3648/3648/3648 3649/3649/3649 3654/3654/3654 3653/3653/3653
f 3649/3649/3649 3650/3650/3650 3655/3655/3655 3654/3654/3654
f 3650/3650/3650 3624/3624/3624 3625/3625/3625 3655/3655/3655
f 3657/3656/3656 3133/3131/3131 3132/3130/3130 3656/3657/3657
f 3134/3132/3132 3658/3658/3658 3656/3657/3657 3132/3130/3130
f 3658/3658/3658 3134/3132/3132 3135/3133/3133 3659/3659/3659
f 3659/3659/3659 3135/3133/3133 3136/3134/3134 3660/3660/3660
f 3136/3134/3134 3445/3445/3445 3661/3661/3661 3660/3660/3660
f 3660/3660/3660 3661/3661/3661 3662/3662/3662 3659/3659/3659
f 3659/3659/3659 3662/3662/3662 3663/3663/3663 3658/3658/3658
f 3658/3658/3658 3663/3663/3663 3664/3664/3664 3656/3657/3657
f 3665/3665/3665 3657/3656/3656 3656/3657/3657 3664/3664/3664
f 3225/3224/3224 3210/3208/3208 3668/3666/3666 3669/3667/3667
f 3669/3667/3667 3668/3666/3666 3670/3668/3668 3671/3669/3669
f 3671/3669/3669 3670/3668/3668 3672/3670/3670 3673/3671/3671
f 3673/3671/3671 3672/3670/3670 3674/3672/3672 3675/3673/3673
f 3675/3673/3673 3674/3672/3672 3666/3674/3674 3667/3675/3675
f 3442/3442/3442 3225/3224/3224 3669/3667/3667 3676/3676/3676
f 3443/3443/3443 3442/3442/3442 3676/3676/3676 3677/3677/3677
f 3444/3444/3444 3443/3443/3443 3677/3677/3677 3678/3678/3678
f 3445/3445/3445 3444/3444/3444 3678/3678/3678 3661/3661/3661
f 3676/3676/3676 3669/3667/3667 3671/3669/3669 3679/3679/3679
f 3677/3677/3677 3676/3676/3676 3679/3679/3679 3680/3680/3680
f 3678/3678/3678 3677/3677/3677 3680/3680/3680 3681/3681/3681
f 3661/3661/3661 3678/3678/3678 3681/3681/3681 3662/3662/3662
f 3679/3679/3679 3671/3669/3669 3673/3671/3671 3682/3682/3682
f 3680/3680/3680 3679/3679/3679 3682/3682/3682 3683/3683/3683
f 3681/3681/3681 3680/3680/3680 3683/3683/3683 3684/3684/3684
f 3662/3662/3662 3681/3681/3681 3684/3684/3684 3663/3663/3663
f 3682/3682/3682 3673/3671/3671 3675/3673/3673 3685/3685/3685
f 3683/3683/3683 3682/3682/3682 3685/3685/3685 3686/3686/3686
f 3684/3684/3684 3683/3683/3683 3686/3686/3686 3687/3687/3687
f 3663/3663/3663 3684/3684/3684 3687/3687/3687 3664/3664/3664
f 3685/3685/3685 3675/3673/3673 3667/3675/3675 3688/3688/3688
f 3686/3686/3686 3685/3685/3685 3688/3688/3688 3689/3689/3689
f 3687/3687/3687 3686/3686/3686 3689/3689/3689 3690/3690/3690
f 3664/3664/3664 3687/3687/3687 3690/3690/3690 3665/3665/3665
f 3223/3222/3222 3546/3546/3546 3693/3691/3691 3694/3692/3692
f 3694/3692/3692 3693/3691/3691 3695/3693/3693 3696/3694/3694
f 3696/3694/3694 3695/3693/3693 3697/3695/3695 3698/3696/3696
f 3698/3696/3696 3697/3695/3695 3699/3697/3697 3700/3698/3698
f 3700/3698/3698 3699/3697/3697 3691/3699/3699 3692/3700/3700
f 3210/3208/3208 3209/3209/3209 3701/3701/3701 3668/3666/3666
f 3212/3210/3210 3211/3211/3211 3702/3702/3702 3703/3703/3703
f 3220/3219/3219 3212/3210/3210 3703/3703/3703 3704/3704/3704
f 3209/3209/3209 3220/3219/3219 3704/3704/3704 3701/3701/3701
f 3211/3211/3211 3223/3222/3222 3694/3692/3692 3702/3702/3702
f 3668/3666/3666 3701/3701/3701 3705/3705/3705 3670/3668/3668
f 3703/3703/3703 3702/3702/3702 3706/3706/3706 3707/3707/3707
f 3704/3704/3704 3703/3703/3703 3707/3707/3707 3708/3708/3708
f 3701/3701/3701 3704/3704/3704 3708/3708/3708 3705/3705/3705
f 3702/3702/3702 3694/3692/3692 3696/3694/3694 3706/3706/3706
f 3670/3668/3668 3705/3705/3705 3709/3709/3709 3672/3670/3670
f 3707/3707/3707 3706/3706/3706 3710/3710/3710 3711/3711/3711
f 3708/3708/3708 3707/3707/3707 3711/3711/3711 3712/3712/3712
f 3705/3705/3705 3708/3708/3708 3712/3712/3712 3709/3709/3709
f 3706/3706/3706 3696/3694/3694 3698/3696/3696 3710/3710/3710
f 3672/3670/3670 3709/3709/3709 3713/3713/3713 3674/3672/3672
f 3711/3711/3711 3710/3710/3710 3714/3714/3714 3715/3715/3715
f 3712/3712/3712 3711/3711/3711 3715/3715/3715 3716/3716/3716
f 3709/3709/3709 3712/3712/3712 3716/3716/3716 3713/3713/3713
f 3710/3710/3710 3698/3696/3696 3700/3698/3698 3714/3714/3714
f 3674/3672/3672 3713/3713/3713 3717/3717/3717 3666/3674/3674
f 3715/3715/3715 3714/3714/3714 3718/3718/3718 3719/3719/3719
f 3716/3716/3716 3715/3715/3715 3719/3719/3719 3720/3720/3720
f 3713/3713/3713 3716/3716/3716 3720/3720/3720 3717/3717/3717
f 3714/3714/3714 3700/3698/3698 3692/3700/3700 3718/3718/3718
f 3579/3580/3580 3578/3579/3579 3721/3721/3721 3722/3722/3722
f 3578/3579/3579 3584/3584/3584 3723/3723/3723 3721/3721/3721
f 3588/3588/3588 3579/3580/3580 3722/3722/3722 3724/3724/3724
f 3589/3589/3589 3588/3588/3588 3724/3724/3724 3725/3725/3725
f 3540/3540/3540 3589/3589/3589 3725/3725/3725 3572/3572/3572
f 3722/3722/3722 3721/3721/3721 3726/3726/3726 3727/3727/3727
f 3721/3721/3721 3723/3723/3723 3728/3728/3728 3726/3726/3726
f 3724/3724/3724 3722/3722/3722 3727/3727/3727 3729/3729/3729
f 3725/3725/3725 3724/3724/3724 3729/3729/3729 3730/3730/3730
f 3572/3572/3572 3725/3725/3725 3730/3730/3730 3573/3573/3573
f 3727/3727/3727 3726/3726/3726 3731/3731/3731 3732/3732/3732
f 3726/3726/3726 3728/3728/3728 3733/3733/3733 3731/3731/3731
f 3729/3729/3729 3727/3727/3727 3732/3732/3732 3734/3734/3734
f 3730/3730/3730 3729/3729/3729 3734/3734/3734 3735/3735/3735
f 3573/3573/3573 3730/3730/3730 3735/3735/3735 3574/3574/3574
f 3732/3732/3732 3731/3731/3731 3736/3736/3736 3737/3737/3737
f 3731/3731/3731 3733/3733/3733 3738/3738/3738 3736/3736/3736
f 3734/3734/3734 3732/3732/3732 3737/3737/3737 3739/3739/3739
f 3735/3735/3735 3734/3734/3734 3739/3739/3739 3740/3740/3740
f 3574/3574/3574 3735/3735/3735 3740/3740/3740 3575/3575/3575
f 3737/3737/3737 3736/3736/3736 3741/3741/3741 3742/3742/3742
f 3736/3736/3736 3738/3738/3738 3743/3743/3743 3741/3741/3741
f 3739/3739/3739 3737/3737/3737 3742/3742/3742 3744/3744/3744
f 3740/3740/3740 3739/3739/3739 3744/3744/3744 3745/3745/3745
f 3575/3575/3575 3740/3740/3740 3745/3745/3745 3576/3576/3576
f 3546/3546/3546 3576/3576/3576 3745/3745/3745 3693/3691/3691
f 3743/3743/3743 3691/3699/3699 3699/3697/3697 3741/3741/3741
f 3693/3691/3691 3745/3745/3745 3744/3744/3744 3695/3693/3693
f 3742/3742/3742 3697/3695/3695 3695/3693/3693 3744/3744/3744
f 3741/3741/3741 3699/3697/3697 3697/3695/3695 3742/3742/3742
f 3133/3131/3131 3657/3656/3656 3746/3902/3746 3747/3937/3747
f 3747/3937/3747 3748/3936/3748 3113/3112/3112 3133/3131/3131
f 3748/4020/3748 3749/3935/3749 3114/3109/3109 3113/4021/3112
f 3125/3123/3123 3114/3109/3109 3749/3935/3749 3750/3934/3750
f 3625/3625/3625 3125/3123/3123 3750/3934/3750 3751/3933/3751
f 3655/3655/3655 3625/3625/3625 3751/3933/3751 3752/3932/3752
f 3654/3654/3654 3655/3655/3655 3752/3932/3752 3753/3931/3753
f 3753/3931/3753 3754/3930/3754 3653/3653/3653 3654/3654/3654
f 3754/3930/3754 3755/3929/3755 3652/3652/3652 3653/3653/3653
f 3755/3929/3755 3756/3928/3756 3651/3651/3651 3652/3652/3652
f 3626/3630/3630 3651/3651/3651 3756/3928/3756 3757/3927/3757
f 3757/3927/3757 3758/3926/3758 3627/3631/3631 3626/3630/3630
f 3758/3926/3758 3759/3925/3759 3640/3640/3640 3627/3631/3631
f 3639/3639/3639 3640/3640/3640 3759/3925/3759 3760/3924/3760
f 3760/3924/3760 3761/3923/3761 3638/3638/3638 3639/3639/3639
f 3761/3923/3761 3762/3922/3762 3593/3592/3592 3638/3638/3638
f 3762/3922/3762 3763/3921/3763 3585/3585/3585 3593/3592/3592
f 3583/3583/3583 3585/3585/3585 3763/3921/3763 3764/3920/3764
f 3764/3920/3764 3765/3919/3765 3584/3584/3584 3583/3583/3583
f 3765/3919/3765 3766/3918/3766 3723/3723/3723 3584/3584/3584
f 3728/3728/3728 3723/3723/3723 3766/3918/3766 3767/3917/3767
f 3733/3733/3733 3728/3728/3728 3767/3917/3767 3768/3915/3768
f 3743/3743/3743 3738/3738/3738 3769/3916/3769 3770/3914/3770
f 3768/3915/3768 3769/3916/3769 3738/3738/3738 3733/3733/3733
f 3770/3914/3770 3771/3913/3771 3691/3699/3699 3743/3743/3743
f 3771/3913/3771 3772/3912/3772 3692/3700/3700 3691/3699/3699
f 3772/3912/3772 3773/3911/3773 3718/3718/3718 3692/3700/3700
f 3773/3911/3773 3774/3910/3774 3719/3719/3719 3718/3718/3718
f 3774/3910/3774 3775/3909/3775 3720/3720/3720 3719/3719/3719
f 3775/3909/3775 3776/3908/3776 3717/3717/3717 3720/3720/3720
f 3776/3908/3776 3777/3907/3777 3666/3674/3674 3717/3717/3717
f 3777/3907/3777 3778/3906/3778 3667/3675/3675 3666/3674/3674
f 3688/3688/3688 3667/3675/3675 3778/3906/3778 3779/3905/3779
f 3779/3905/3779 3780/3904/3780 3689/3689/3689 3688/3688/3688
f 3780/3904/3780 3781/3903/3781 3690/3690/3690 3689/3689/3689
f 3781/3903/3781 3782/3901/3782 3665/3665/3665 3690/3690/3690
f 3657/3656/3656 3665/3665/3665 3782/3901/3782 3746/3902/3746
f 3784/3783/3783 3783/3784/3784 3747/3747/3747 3746/3746/3746
f 3783/3784/3784 3785/3785/3785 3748/3748/3748 3747/3747/3747
f 3749/3749/3749 3748/3748/3748 3785/3785/3785 3786/3786/3786
f 3786/3786/3786 3787/3787/3787 3750/3750/3750 3749/3749/3749
f 3787/3787/3787 3788/3788/3788 3751/3751/3751 3750/3750/3750
f 3788/3788/3788 3789/3789/3789 3752/3752/3752 3751/3751/3751
f 3789/3789/3789 3790/3790/3790 3753/3753/3753 3752/3752/3752
f 3790/3790/3790 3791/3791/3791 3754/3754/3754 3753/3753/3753
f 3791/3791/3791 3792/3792/3792 3755/3755/3755 3754/3754/3754
f 3792/3792/3792 3793/3793/3793 3756/3756/3756 3755/3755/3755
f 3793/3793/3793 3794/3794/3794 3757/3757/3757 3756/3756/3756
f 3794/3794/3794 3795/3795/3795 3758/3758/3758 3757/3757/3757
f 3759/3759/3759 3758/3758/3758 3795/3795/3795 3796/3796/3796
f 3760/3760/3760 3759/3759/3759 3796/3796/3796 3797/3797/3797
f 3797/3797/3797 3798/3798/3798 3761/3761/3761 3760/3760/3760
f 3798/3798/3798 3799/3799/3799 3762/3762/3762 3761/3761/3761
f 3799/3799/3799 3800/3800/3800 3763/3763/3763 3762/3762/3762
f 3800/3800/3800 3801/3801/3801 3764/3764/3764 3763/3763/3763
f 3801/3801/3801 3802/3802/3802 3765/3765/3765 3764/3764/3764
f 3802/3802/3802 3803/3803/3803 3766/3766/3766 3765/3765/3765
f 3767/3767/3767 3766/3766/3766 3803/3803/3803 3804/3804/3804
f 3804/3804/3804 3805/3805/3805 3768/3768/3768 3767/3767/3767
f 3805/3805/3805 3806/3806/3806 3769/3769/3769 3768/3768/3768
f 3806/3806/3806 3807/3807/3807 3770/3770/3770 3769/3769/3769
f 3807/3807/3807 3808/3808/3808 3771/3771/3771 3770/3770/3770
f 3808/3808/3808 3809/3809/3809 3772/3772/3772 3771/3771/3771
f 3809/3809/3809 3810/3810/3810 3773/3773/3773 3772/3772/3772
f 3810/3810/3810 3811/3811/3811 3774/3774/3774 3773/3773/3773
f 3811/3811/3811 3812/3812/3812 3775/3775/3775 3774/3774/3774
f 3812/3812/3812 3813/3813/3813 3776/3776/3776 3775/3775/3775
f 3813/3813/3813 3814/3814/3814 3777/3777/3777 3776/3776/3776
f 3778/3778/3778 3777/3777/3777 3814/3814/3814 3815/3815/3815
f 3815/3815/3815 3816/3816/3816 3779/3779/3779 3778/3778/3778
f 3816/3816/3816 3817/3817/3817 3780/3780/3780 3779/3779/3779
f 3817/3817/3817 3818/3818/3818 3781/3781/3781 3780/3780/3780
f 3818/3818/3818 3819/3819/3819 3782/3782/3782 3781/3781/3781
f 3819/3819/3819 3784/3783/3783 3746/3746/3746 3782/3782/3782
f 3820/3820/3820 3813/3813/3813 3812/3812/3812 3811/3811/3811
f 3810/3810/3810 3821/3821/3821 3820/3820/3820 3811/3811/3811
f 3809/3809/3809 3822/3822/3822 3821/3821/3821 3810/3810/3810
f 3808/3808/3808 3823/3823/3823 3822/3822/3822 3809/3809/3809
f 3823/3823/3823 3808/3808/3808 3807/3807/3807 3824/3824/3824
f 3825/3825/3825 3824/3824/3824 3807/3807/3807 3806/3806/3806
f 3825/3825/3825 3806/3806/3806 3805/3805/3805 3826/3826/3826
f 3804/3804/3804 3827/3827/3827 3826/3826/3826 3805/3805/3805
f 3828/3828/3828 3827/3827/3827 3804/3804/3804 3803/3803/3803
f 3829/3829/3829 3828/3828/3828 3803/3803/3803 3802/3802/3802
f 3801/3801/3801 3800/3800/3800 3829/3829/3829 3802/3802/3802
f 3829/3829/3829 3800/3800/3800 3799/3799/3799 3830/3830/3830
f 3831/3831/3831 3830/3830/3830 3799/3799/3799 3798/3798/3798
f 3832/3832/3832 3831/3831/3831 3798/3798/3798 3797/3797/3797
f 3797/3797/3797 3796/3796/3796 3833/3833/3833 3832/3832/3832
f 3796/3796/3796 3795/3795/3795 3834/3834/3834 3833/3833/3833
f 3834/3834/3834 3795/3795/3795 3794/3794/3794 3835/3835/3835
f 3793/3793/3793 3836/3836/3836 3835/3835/3835 3794/3794/3794
f 3836/3836/3836 3793/3793/3793 3792/3792/3792 3837/3837/3837
f 3788/3788/3788 3787/3787/3787 3838/3838/3838 3839/3839/3839
f 3839/3839/3839 3840/3840/3840 3789/3789/3789 3788/3788/3788
f 3840/3840/3840 3841/3841/3841 3790/3790/3790 3789/3789/3789
f 3791/3791/3791 3790/3790/3790 3841/3841/3841 3842/3842/3842
f 3837/3837/3837 3792/3792/3792 3791/3791/3791 3842/3842/3842
f 3838/3838/3838 3787/3787/3787 3786/3786/3786 3843/3843/3843
f 3785/3785/3785 3844/3844/3844 3843/3843/3843 3786/3786/3786
f 3783/3784/3784 3845/3845/3845 3844/3844/3844 3785/3785/3785
f 3784/3783/3783 3846/3846/3846 3845/3845/3845 3783/3784/3784
f 3813/3813/3813 3820/3820/3820 3847/3847/3847 3814/3814/3814
f 3814/3814/3814 3847/3847/3847 3848/3848/3848 3815/3815/3815
f 3849/3849/3849 3816/3816/3816 3815/3815/3815 3848/3848/3848
f 3850/3850/3850 3817/3817/3817 3816/3816/3816 3849/3849/3849
f 3851/3851/3851 3818/3818/3818 3817/3817/3817 3850/3850/3850
f 3851/3851/3851 3852/3852/3852 3819/3819/3819 3818/3818/3818
f 3852/3852/3852 3846/3846/3846 3784/3783/3783 3819/3819/3819
f 3827/3827/3827 3828/3828/3828 3853/3853/3853 3854/3854/3854
f 3855/3855/3855 3853/3853/3853 3828/3828/3828 3829/3829/3829
f 3829/3829/3829 3830/3830/3830 3856/3856/3856 3855/3855/3855
f 3857/3857/3857 3856/3856/3856 3830/3830/3830 3831/3831/3831
f 3831/3831/3831 3832/3832/3832 3858/3858/3858 3857/3857/3857
f 3832/3832/3832 3833/3833/3833 3859/3859/3859 3858/3858/3858
f 3833/3833/3833 3834/3834/3834 3860/3860/3860 3859/3859/3859
f 3860/3860/3860 3834/3834/3834 3835/3835/3835 3861/3861/3861
f 3836/3836/3836 3862/3862/3862 3861/3861/3861 3835/3835/3835
f 3862/3862/3862 3836/3836/3836 3837/3837/3837 3863/3863/3863
f 3842/3842/3842 3841/3841/3841 3863/3863/3863 3837/3837/3837
f 3864/3864/3864 3863/3863/3863 3841/3841/3841 3840/3840/3840
f 3866/3865/3865 3838/3838/3838 3843/3843/3843 3865/3866/3866
f 3867/3867/3867 3839/3839/3839 3838/3838/3838 3866/3865/3865
f 3840/3840/3840 3839/3839/3839 3867/3867/3867 3864/3864/3864
f 3844/3844/3844 3868/3868/3868 3865/3866/3866 3843/3843/3843
f 3844/3844/3844 3845/3845/3845 3846/3846/3846 3868/3868/3868
f 3850/3850/3850 3869/3869/3869 3870/3870/3870 3851/3851/3851
f 3870/3870/3870 3871/3871/3871 3852/3852/3852 3851/3851/3851
f 3868/3868/3868 3846/3846/3846 3852/3852/3852 3871/3871/3871
f 3869/3869/3869 3850/3850/3850 3849/3849/3849 3872/3872/3872
f 3848/3848/3848 3873/3873/3873 3872/3872/3872 3849/3849/3849
f 3847/3847/3847 3874/3874/3874 3873/3873/3873 3848/3848/3848
f 3820/3820/3820 3875/3875/3875 3874/3874/3874 3847/3847/3847
f 3820/3820/3820 3821/3821/3821 3822/3822/3822 3875/3875/3875
f 3823/3823/3823 3876/3876/3876 3875/3875/3875 3822/3822/3822
f 3876/3876/3876 3823/3823/3823 3824/3824/3824 3877/3877/3877
f 3877/3877/3877 3824/3824/3824 3825/3825/3825 3826/3826/3826
f 3877/3877/3877 3826/3826/3826 3827/3827/3827 3854/3854/3854
f 3853/3853/3853 3855/3855/3855 3878/3878/3878 3879/3879/3879
f 3854/3854/3854 3853/3853/3853 3879/3879/3879 3880/3880/3880
f 3877/3877/3877 3854/3854/3854 3880/3880/3880 3881/3881/3881
f 3877/3877/3877 3881/3881/3881 3882/3882/3882 3876/3876/3876
f 3883/3883/3883 3875/3875/3875 3876/3876/3876 3882/3882/3882
f 3883/3883/3883 3873/3873/3873 3874/3874/3874 3875/3875/3875
f 3883/3883/3883 3869/3869/3869 3872/3872/3872 3873/3873/3873
f 3883/3883/3883 3884/3884/3884 3870/3870/3870 3869/3869/3869
f 3885/3885/3885 3871/3871/3871 3870/3870/3870 3884/3884/3884
f 3868/3868/3868 3871/3871/3871 3885/3885/3885 3886/3886/3886
f 3886/3886/3886 3887/3887/3887 3865/3866/3866 3868/3868/3868
f 3856/3856/3856 3888/3888/3888 3878/3878/3878 3855/3855/3855
f 3857/3857/3857 3889/3889/3889 3888/3888/3888 3856/3856/3856
f 3889/3889/3889 3857/3857/3857 3858/3858/3858 3890/3890/3890
f 3858/3858/3858 3859/3859/3859 3860/3860/3860 3890/3890/3890
f 3861/3861/3861 3891/3891/3891 3890/3890/3890 3860/3860/3860
f 3891/3891/3891 3861/3861/3861 3862/3862/3862 3892/3892/3892
f 3863/3863/3863 3864/3864/3864 3892/3892/3892 3862/3862/3862
f 3865/3866/3866 3887/3887/3887 3893/3893/3893 3866/3865/3865
f 3866/3865/3865 3893/3893/3893 3894/3894/3894 3867/3867/3867
f 3892/3892/3892 3864/3864/3864 3867/3867/3867 3894/3894/3894
f 3892/3892/3892 3894/3894/3894 3895/3895/3895 3891/3891/3891
f 3890/3890/3890 3891/3891/3891 3895/3895/3895 3889/3889/3889
f 3893/3893/3893 3896/3896/3896 3895/3895/3895 3894/3894/3894
f 3889/3889/3889 3895/3895/3895 3896/3896/3896 3888/3888/3888
f 3896/3896/3896 3893/3893/3893 3887/3887/3887 3897/3897/3897
f 3888/3888/3888 3896/3896/3896 3897/3897/3897 3878/3878/3878
f 3886/3886/3886 3898/3898/3898 3897/3897/3897 3887/3887/3887
f 3878/3878/3878 3897/3897/3897 3898/3898/3898 3879/3879/3879
f 3885/3885/3885 3899/3899/3899 3898/3898/3898 3886/3886/3886
f 3899/3899/3899 3880/3880/3880 3879/3879/3879 3898/3898/3898
f 3900/3900/3900 3881/3881/3881 3880/3880/3880 3899/3899/3899
f 3883/3883/3883 3882/3882/3882 3881/3881/3881 3900/3900/3900
f 3884/3884/3884 3900/3900/3900 3899/3899/3899 3885/3885/3885
f 3900/3900/3900 3884/3884/3884 3883/3883/3883
f 2300/2300/2300 2302/4050/2303 2421/2421/2421 2418/2418/2418
