# Blender v2.78 (sub 0) OBJ File: 'LeatherbackTurtle_FreeDownload.blend'
# www.blender.org
mtllib LeatherbackTurtle_FreeDownload.mtl
o LeatherBack_Cube
v 1.704085 0.422033 1.417266
v 0.612662 0.278791 -2.645389
v 0.718373 -0.354466 -3.265131
v 0.926960 0.047002 -2.659796
v 1.847958 0.147148 1.289250
v 1.607920 -0.933524 1.419257
v 1.115854 -0.935667 -1.915528
v 1.114952 -0.187080 -2.732730
v 0.698357 -0.028598 2.347394
v 0.132367 0.116544 -3.331830
v 0.134619 -0.330041 -3.417432
v 0.074669 -0.837784 -2.628514
v 0.183984 1.016148 1.703244
v 0.170884 -1.131759 1.519906
v 0.705975 -0.436557 2.380154
v 1.025303 -1.076037 1.493666
v 1.164978 0.811747 1.633657
v 1.562635 0.317344 1.812079
v 0.484253 -0.864323 -2.626574
v 0.242419 -0.635017 -3.382142
v 0.351057 -0.070198 -3.262103
v 1.841939 -0.755627 1.363752
v 0.500754 -1.016583 2.132354
v 0.348592 -0.456950 -3.380519
v 0.290228 0.362680 -2.638531
v 0.322745 0.018683 -3.270763
v 2.098133 -0.106041 0.984813
v 0.091018 -0.073000 -2.721178
v 1.009773 -0.126720 -2.656485
v 1.070128 -0.514051 2.057494
v 0.185469 0.107362 3.803581
v 0.423699 -0.413529 2.807479
v 0.082666 -0.731206 3.532969
v 0.593241 -0.682763 2.412746
v 1.567794 -0.865484 1.903438
v 0.509141 0.337431 2.390276
v 0.213015 -0.615406 3.623179
v 0.181056 -0.375888 3.813519
v 0.186495 -0.044338 3.852688
v 0.670598 0.480997 2.240235
v 0.333103 -0.592332 3.511105
v 0.289804 -0.024449 3.755084
v 0.277272 -0.322628 3.722630
v 0.549289 -0.157895 3.042164
v 0.462782 0.168919 3.088389
v 0.528364 -0.577162 3.015903
v 0.115059 -0.797819 3.045788
v 0.560194 -0.405439 3.011942
v 0.275276 0.333307 3.117889
v 0.428723 -0.255924 3.409152
v 0.405700 0.145323 3.462702
v 0.447170 -0.579785 3.293820
v 0.101210 -0.776300 3.327434
v 0.489237 -0.421738 3.133485
v 0.231915 0.235872 3.563514
v 0.246072 0.390907 2.755128
v 0.599637 -0.399104 2.682264
v 0.114239 -0.789539 2.708646
v 0.540548 -0.592177 2.707136
v 0.466783 0.226299 2.704808
v 0.600498 -0.107054 2.672830
v 2.150286 -0.358018 2.424382
v 2.447909 -0.160774 1.060984
v 2.371909 0.066129 1.383492
v 2.350808 -0.628712 1.436426
v 1.099258 0.046478 2.030545
v 1.699200 0.223655 1.869584
v 1.458164 0.019970 2.221595
v 1.436551 -0.438499 2.235734
v 1.675198 -0.691412 1.953386
v 1.440970 -0.815787 1.895485
v 1.049334 0.446840 2.070881
v 2.961315 -0.078958 1.247464
v 2.964319 -0.487192 1.301682
v 3.095293 -0.457205 1.815315
v 3.163803 -0.135972 2.104393
v 2.240123 0.143629 1.988579
v 2.443423 -0.461418 1.052234
v 2.148437 -0.030913 2.420657
v 2.225357 -0.577673 2.053989
v 4.230173 -0.208528 1.464457
v 3.636201 -0.337014 0.623239
v 4.041926 -0.156435 1.206736
v 4.237724 -0.306154 1.460060
v 2.906199 -0.212268 0.973430
v 3.172608 -0.328153 2.102345
v 3.076852 -0.033425 1.752261
v 2.899567 -0.388903 0.962547
v 4.959804 -0.211757 0.471395
v 5.125982 -0.306932 0.646805
v 4.620736 -0.269510 0.068390
v 4.736475 -0.226460 0.211674
v 4.078300 -0.371710 1.251990
v 3.799868 -0.386943 0.877358
v 3.780525 -0.179565 0.834445
v 3.645682 -0.247285 0.629976
v 5.206234 -0.271058 -0.129113
v 5.408033 -0.260553 0.091397
v 5.420475 -0.318901 0.103226
v 5.213179 -0.327266 -0.117475
v 4.612927 -0.326550 0.064039
v 5.120184 -0.244872 0.650653
v 4.990598 -0.348607 0.502628
v 4.753663 -0.358290 0.242404
v 1.412146 -0.203427 -2.180205
v 0.474185 0.634357 -2.006444
v 0.696707 -0.977072 -1.973830
v 0.112428 -0.996601 -1.930031
v 0.710571 -0.477052 -3.410350
v 1.331911 0.063240 -2.133690
v 2.099103 -0.495376 0.974748
v 0.932871 0.468209 -2.045013
v 0.033399 -0.013515 -3.544358
v 0.273434 0.126583 -3.229702
v 0.054624 -0.047464 -3.326330
v 0.698467 -0.093765 -2.908300
v 0.080714 -0.004638 -2.906018
v 0.437980 0.206028 -2.945081
v 0.652799 0.042425 -2.920206
v 0.204767 0.251519 -2.971531
v 0.034350 -0.459141 -3.670217
v 0.035638 -0.539921 -3.651662
v 0.198090 -0.538581 -3.533837
v 0.198939 -0.466126 -3.538647
v 0.053907 -0.750945 -3.034270
v 0.260931 -0.368416 -3.377067
v 0.337770 -0.568262 -3.387833
v 0.041028 -0.636041 -3.431307
v 0.530244 -0.182547 -2.885433
v 0.981785 -0.867346 -2.819756
v 0.348048 -0.764268 -3.054273
v 0.251290 -0.170687 -2.860230
v 0.771767 -0.785440 -3.220221
v 0.693053 -0.637000 -3.419788
v 1.974987 -0.712146 1.400226
v 1.490885 -0.721153 -4.027178
v 2.015757 -0.579619 -3.792355
v 2.404458 -0.806460 -3.513903
v 2.272039 -0.615749 -3.626125
v 1.674186 -0.808611 -3.942070
v 2.238714 -0.861844 -3.620648
v 2.162386 -0.796936 -4.110246
v 2.167028 -0.695802 -4.107448
v 1.877218 -0.764298 -4.158240
v 2.379114 -0.720311 -3.971127
v 2.367593 -0.812937 -3.972124
v 1.883456 -0.673890 -4.157353
v 1.696683 -0.566791 -3.936922
v 1.976989 -0.853578 -3.799492
v 1.491898 -0.614674 -4.030352
v 2.420499 -0.698983 -3.518194
v 0.522065 -0.087533 -2.745941
v 0.508565 -0.053782 -2.886888
v 0.037159 -0.070926 -3.550022
v 0.329161 -0.056913 -3.185477
v 0.056672 -0.467285 3.746249
v 0.511281 -0.423307 3.143334
v 0.211295 -0.548519 3.647648
v 0.064800 -0.522913 3.776893
v 0.229408 -0.510897 3.689761
v 0.324947 -0.516463 3.533755
v 0.310777 -0.638047 2.893944
v 0.444834 -0.558933 2.963367
v 0.083191 -0.381215 2.655694
v 0.453581 -0.392881 3.214191
v 0.316451 -0.528983 3.504400
v 0.219374 -0.555830 3.602320
v 0.442311 -0.476197 3.299744
v 0.085568 -0.197933 2.893071
v 0.479203 -0.417872 3.206704
v 0.086386 -0.272831 3.201109
v 0.056535 0.215962 3.754566
v 0.069002 0.323495 3.440115
v 0.079764 0.379298 3.143732
v 0.070328 0.434949 2.781287
v 0.054115 -0.039158 3.906081
v 0.364608 -0.737574 2.718210
v 0.319558 -0.724630 3.302625
v 0.247631 -0.689647 3.498960
v 0.365247 -0.745727 3.031756
v 0.256703 -0.227748 2.925437
v 0.078907 -0.580060 3.687487
v 0.249572 -0.399104 2.687404
v 0.115626 -0.633589 2.888523
v 0.154032 -0.579448 3.751639
v 0.074589 -0.574614 3.727990
v 0.151441 -0.492397 3.709503
v 0.062834 -0.357134 3.857813
v 0.075898 -0.646318 3.692146
v 1.687603 -0.761689 -2.097890
v 0.886340 -0.491867 2.196166
v 0.884564 0.055201 2.163142
v 0.251025 0.470813 2.466401
v 0.128405 -0.846756 2.415963
v 0.389816 -0.806442 2.416865
v 0.066096 0.509075 2.497028
v 0.104922 0.617024 2.309199
v 0.142331 0.721707 2.238994
v 0.459250 -0.938655 2.213355
v 0.154366 -0.951734 2.222704
v 0.264109 -0.387055 3.568580
v 0.063556 -0.371622 3.676786
v 0.173479 -0.379762 3.630063
v 0.421742 -0.295796 2.974529
v 0.500290 -0.418722 3.018014
v 0.309364 -0.365386 3.415933
v 0.242443 -0.296816 3.217000
v 0.230770 -0.447121 3.649552
v 0.324582 -0.562047 3.465146
v 0.258870 -0.595472 3.503825
v 0.100694 -0.612240 3.535728
v 0.130731 -0.636288 3.277865
v 0.419492 -0.490597 3.289651
v 0.399782 -0.558328 3.282386
v 0.324510 -0.633965 3.286740
v 0.357217 0.132394 3.382121
v 0.407898 0.145743 3.380363
v 0.453337 0.119955 3.383759
v 0.344562 0.119955 3.383759
v 0.390001 0.145743 3.380364
v 0.440682 0.132394 3.382121
v 0.335614 0.104721 3.385764
v 0.466524 0.090661 3.387615
v 0.372715 0.141190 3.380963
v 0.425184 0.141190 3.380963
v 0.331375 0.090661 3.387615
v 0.462285 0.104721 3.385764
v 0.440682 0.128751 3.368524
v 0.335614 0.102964 3.379205
v 0.466524 0.089862 3.384633
v 0.372715 0.136947 3.365129
v 0.425184 0.136947 3.365129
v 0.331375 0.089862 3.384633
v 0.462285 0.102964 3.379205
v 0.357217 0.128751 3.368524
v 0.407898 0.141190 3.363372
v 0.453337 0.117160 3.373325
v 0.344562 0.117160 3.373325
v 0.390001 0.141190 3.363372
v 0.407898 0.132394 3.348137
v 0.453337 0.111759 3.363971
v 0.344562 0.111759 3.363971
v 0.390001 0.132394 3.348137
v 0.440682 0.121713 3.356333
v 0.335614 0.099569 3.373325
v 0.466524 0.088318 3.381958
v 0.372715 0.128751 3.350933
v 0.425184 0.128751 3.350933
v 0.331375 0.088318 3.381958
v 0.462285 0.099569 3.373325
v 0.357217 0.121713 3.356333
v 0.425184 0.117160 3.339342
v 0.331375 0.086134 3.379775
v 0.462285 0.094767 3.368524
v 0.357217 0.111759 3.346380
v 0.407898 0.119955 3.335698
v 0.453337 0.104122 3.356333
v 0.344562 0.104122 3.356333
v 0.390001 0.119955 3.335698
v 0.440682 0.111759 3.346380
v 0.335614 0.094767 3.368524
v 0.466524 0.086134 3.379775
v 0.372715 0.117160 3.339342
v 0.390001 0.104721 3.326903
v 0.440682 0.099569 3.339342
v 0.335614 0.088887 3.365129
v 0.466524 0.083460 3.378231
v 0.372715 0.102964 3.331146
v 0.425184 0.102964 3.331146
v 0.331375 0.083460 3.378231
v 0.462285 0.088887 3.365129
v 0.357217 0.099569 3.339342
v 0.407898 0.104721 3.326903
v 0.453337 0.094767 3.350933
v 0.344562 0.094767 3.350933
v 0.407898 0.087729 3.322350
v 0.453337 0.084334 3.348137
v 0.344562 0.084334 3.348137
v 0.390001 0.087729 3.322350
v 0.440682 0.085972 3.335699
v 0.335614 0.082329 3.363372
v 0.466524 0.080478 3.377432
v 0.372715 0.087130 3.326903
v 0.425184 0.087130 3.326903
v 0.331375 0.080478 3.377432
v 0.462285 0.082329 3.363372
v 0.357217 0.085972 3.335698
v 0.372715 0.070737 3.326903
v 0.425184 0.070737 3.326903
v 0.331375 0.077390 3.377432
v 0.462285 0.075539 3.363372
v 0.357217 0.071895 3.335698
v 0.407898 0.070138 3.322350
v 0.453337 0.073533 3.348137
v 0.344562 0.073533 3.348137
v 0.390001 0.070138 3.322350
v 0.440682 0.071895 3.335698
v 0.335614 0.075539 3.363372
v 0.466524 0.077390 3.377432
v 0.390001 0.053146 3.326903
v 0.440682 0.058299 3.339342
v 0.335614 0.068980 3.365129
v 0.466524 0.074407 3.378231
v 0.372715 0.054904 3.331146
v 0.425184 0.054904 3.331146
v 0.331375 0.074407 3.378231
v 0.462285 0.068980 3.365129
v 0.357217 0.058299 3.339342
v 0.407898 0.053146 3.326903
v 0.453337 0.063100 3.350933
v 0.344562 0.063100 3.350933
v 0.357217 0.046108 3.346380
v 0.407898 0.037912 3.335698
v 0.453337 0.053746 3.356333
v 0.344562 0.053746 3.356333
v 0.390001 0.037912 3.335698
v 0.440682 0.046108 3.346380
v 0.335614 0.063100 3.368524
v 0.466524 0.071733 3.379775
v 0.372715 0.040707 3.339342
v 0.425184 0.040707 3.339342
v 0.331375 0.071733 3.379775
v 0.462285 0.063100 3.368524
v 0.466524 0.069549 3.381958
v 0.372715 0.029116 3.350933
v 0.425184 0.029116 3.350933
v 0.331375 0.069549 3.381958
v 0.462285 0.058299 3.373325
v 0.357217 0.036154 3.356333
v 0.407898 0.025473 3.348137
v 0.453337 0.046108 3.363971
v 0.344562 0.046108 3.363971
v 0.390001 0.025473 3.348137
v 0.440682 0.036154 3.356333
v 0.335614 0.058299 3.373325
v 0.344562 0.040707 3.373325
v 0.390001 0.016677 3.363372
v 0.440682 0.029116 3.368524
v 0.335614 0.054904 3.379205
v 0.466524 0.068005 3.384633
v 0.372715 0.020920 3.365129
v 0.425184 0.020920 3.365129
v 0.331375 0.068005 3.384633
v 0.462285 0.054904 3.379205
v 0.357217 0.029116 3.368524
v 0.407898 0.016677 3.363372
v 0.453337 0.040707 3.373325
v 0.462285 0.053146 3.385764
v 0.357217 0.025473 3.382121
v 0.407898 0.012124 3.380363
v 0.453337 0.037912 3.383759
v 0.344562 0.037912 3.383759
v 0.390001 0.012124 3.380363
v 0.440682 0.025473 3.382121
v 0.335614 0.053146 3.385764
v 0.466524 0.067206 3.387615
v 0.372715 0.016677 3.380963
v 0.425184 0.016677 3.380963
v 0.331375 0.067206 3.387615
v 0.335614 0.053146 3.392554
v 0.466524 0.067206 3.390703
v 0.372715 0.016677 3.397355
v 0.425184 0.016677 3.397355
v 0.331375 0.067206 3.390703
v 0.462285 0.053146 3.392554
v 0.357217 0.025473 3.396197
v 0.407898 0.012124 3.397955
v 0.453337 0.037912 3.394560
v 0.344562 0.037912 3.394560
v 0.390001 0.012124 3.397955
v 0.440682 0.025473 3.396197
v 0.453337 0.040707 3.404993
v 0.344562 0.040707 3.404993
v 0.390001 0.016677 3.414947
v 0.440682 0.029116 3.409794
v 0.335614 0.054904 3.399113
v 0.466524 0.068005 3.393686
v 0.372715 0.020920 3.413189
v 0.425184 0.020920 3.413189
v 0.331375 0.068005 3.393686
v 0.462285 0.054904 3.399113
v 0.357217 0.029116 3.409794
v 0.407898 0.016677 3.414947
v 0.331375 0.069549 3.396360
v 0.462285 0.058299 3.404993
v 0.357217 0.036154 3.421985
v 0.407898 0.025473 3.430181
v 0.453337 0.046108 3.414347
v 0.344562 0.046108 3.414347
v 0.390001 0.025473 3.430181
v 0.440682 0.036154 3.421985
v 0.335614 0.058299 3.404993
v 0.466524 0.069549 3.396360
v 0.372715 0.029116 3.427385
v 0.425184 0.029116 3.427385
v 0.440682 0.046108 3.431938
v 0.335614 0.063100 3.409794
v 0.466524 0.071733 3.398543
v 0.372715 0.040707 3.438977
v 0.425184 0.040707 3.438977
v 0.331375 0.071733 3.398543
v 0.462285 0.063100 3.409794
v 0.357217 0.046108 3.431938
v 0.407898 0.037912 3.442620
v 0.453337 0.053746 3.421985
v 0.344562 0.053746 3.421985
v 0.390001 0.037912 3.442620
v 0.453337 0.063100 3.427385
v 0.344562 0.063100 3.427385
v 0.390001 0.053146 3.451416
v 0.440682 0.058299 3.438977
v 0.335614 0.068980 3.413189
v 0.466524 0.074407 3.400087
v 0.372715 0.054904 3.447173
v 0.425184 0.054904 3.447173
v 0.331375 0.074407 3.400087
v 0.462285 0.068980 3.413189
v 0.357217 0.058299 3.438977
v 0.407898 0.053146 3.451416
v 0.425184 0.070737 3.451416
v 0.331375 0.077390 3.400887
v 0.462285 0.075539 3.414947
v 0.357217 0.071895 3.442620
v 0.407898 0.070138 3.455969
v 0.453337 0.073533 3.430181
v 0.344562 0.073533 3.430181
v 0.390001 0.070138 3.455968
v 0.440682 0.071895 3.442620
v 0.335614 0.075539 3.414947
v 0.466524 0.077390 3.400887
v 0.372715 0.070737 3.451415
v 0.440682 0.085972 3.442620
v 0.335614 0.082329 3.414947
v 0.466524 0.080478 3.400887
v 0.372715 0.087130 3.451416
v 0.425184 0.087130 3.451416
v 0.331375 0.080478 3.400887
v 0.462285 0.082329 3.414947
v 0.357217 0.085972 3.442620
v 0.407898 0.087729 3.455968
v 0.453337 0.084334 3.430181
v 0.344562 0.084334 3.430181
v 0.390001 0.087729 3.455968
v 0.407898 0.104721 3.451416
v 0.453337 0.094767 3.427385
v 0.344562 0.094767 3.427385
v 0.390001 0.104721 3.451416
v 0.440682 0.099569 3.438977
v 0.335614 0.088887 3.413189
v 0.466524 0.083460 3.400087
v 0.372715 0.102964 3.447173
v 0.425184 0.102964 3.447173
v 0.331375 0.083460 3.400087
v 0.462285 0.088887 3.413189
v 0.357217 0.099569 3.438977
v 0.425184 0.117160 3.438977
v 0.331375 0.086134 3.398543
v 0.462285 0.094767 3.409794
v 0.357217 0.111759 3.431938
v 0.407898 0.119955 3.442620
v 0.453337 0.104122 3.421985
v 0.344562 0.104122 3.421985
v 0.390001 0.119955 3.442620
v 0.440682 0.111759 3.431938
v 0.335614 0.094767 3.409794
v 0.466524 0.086134 3.398543
v 0.372715 0.117160 3.438977
v 0.390001 0.132394 3.430181
v 0.440682 0.121713 3.421985
v 0.335614 0.099569 3.404993
v 0.466524 0.088318 3.396360
v 0.372715 0.128751 3.427385
v 0.425184 0.128751 3.427385
v 0.331375 0.088318 3.396360
v 0.462285 0.099569 3.404993
v 0.357217 0.121713 3.421985
v 0.407898 0.132394 3.430181
v 0.453337 0.111759 3.414347
v 0.344562 0.111759 3.414347
v 0.407898 0.141190 3.414947
v 0.453337 0.117160 3.404993
v 0.344562 0.117160 3.404993
v 0.390001 0.141190 3.414947
v 0.440682 0.128751 3.409794
v 0.335614 0.102964 3.399113
v 0.466524 0.089862 3.393686
v 0.372715 0.136947 3.413189
v 0.425184 0.136947 3.413189
v 0.331375 0.089862 3.393686
v 0.462285 0.102964 3.399113
v 0.357217 0.128751 3.409794
v 0.372715 0.141190 3.397355
v 0.425184 0.141190 3.397355
v 0.331375 0.090661 3.390703
v 0.462285 0.104721 3.392554
v 0.357217 0.132394 3.396197
v 0.407898 0.145743 3.397955
v 0.453337 0.119955 3.394560
v 0.344562 0.119955 3.394560
v 0.390001 0.145743 3.397955
v 0.440682 0.132394 3.396197
v 0.335614 0.104721 3.392554
v 0.466524 0.090661 3.390703
v 0.422726 0.127021 3.441201
v 0.411025 0.057532 3.492378
v 0.459976 0.103630 3.314507
v 0.477747 0.022726 3.347101
v 0.460546 0.093220 3.339732
v 0.462775 0.094154 3.332639
v 0.472757 0.037742 3.361422
v 0.425859 0.063140 3.465698
v 0.451144 0.025547 3.425410
v 0.425986 0.121241 3.435690
v 0.447978 0.003865 3.433118
v 0.438030 0.145840 3.372130
v 0.202408 -0.327995 3.443237
v 0.379427 -0.338576 3.221853
v 0.062110 0.275936 3.620510
v 0.079318 -0.305118 3.459821
v 0.408768 -0.453675 3.366437
v 0.382911 -0.418818 3.387268
v 0.251968 0.279937 3.397589
v 0.424882 0.172560 3.370847
v 0.488803 -0.219917 3.256138
v 0.311061 -0.423806 3.544719
v 0.052278 0.141840 3.849056
v 0.326953 -0.456251 3.551177
v 0.356756 -0.270004 3.580310
v 0.339892 0.027181 3.631963
v 0.209749 0.173629 3.700814
v 0.395498 0.207902 3.371321
v 0.437850 -0.025181 3.442911
v 0.476580 0.001812 3.327087
v 0.446867 0.118428 3.290888
v 0.385120 0.051315 3.526860
v 0.372479 0.167782 3.491470
v 0.441812 0.087957 3.337692
v 0.409432 0.114211 3.427600
v 0.439435 0.138036 3.374372
v 0.450539 0.032936 3.423150
v 0.428574 0.064928 3.457963
v 0.469061 0.044432 3.366237
v 0.403410 0.068455 3.414821
v 0.417802 0.081191 3.361597
v 0.422033 0.129948 3.370148
v 0.432436 0.031474 3.415850
v 0.411857 0.061449 3.448469
v 0.449791 0.042246 3.362526
v 0.346578 0.187353 3.512182
v 0.368360 0.051923 3.551115
v 0.438044 0.127702 3.272930
v 0.476560 -0.016289 3.311365
v 0.432275 -0.047573 3.448983
v 0.371976 0.231847 3.371615
v 1.441741 -0.271891 -2.229363
v 1.597558 -0.352134 -2.446281
v 1.319316 -0.258759 -2.900125
v 1.049545 -0.321912 -3.224624
v 0.392697 -0.268265 -3.116586
v 0.196424 -0.221183 -3.094308
v 0.837077 -0.236310 -3.020260
v 1.976406 0.133788 1.340627
v 0.364395 0.590330 2.318063
v 0.990312 0.565561 2.180754
v 1.467677 0.289547 1.824285
v 1.023620 -0.864844 2.047769
v 0.717786 -0.825690 2.219123
v 1.007251 -0.981020 2.066987
v 1.835426 -0.803900 1.367833
v 1.377174 -0.878579 -2.341306
v 0.087813 -0.895784 -2.395533
v 1.127527 -0.894903 -2.058706
v 0.566745 -0.915300 -2.367673
v 1.593765 -0.754298 1.822393
v 1.735623 -0.549174 -2.126832
v 0.263439 -0.910544 -2.396394
v 0.065475 -0.225131 -3.091063
v 0.111477 -0.065953 -3.520790
v 0.083763 -0.176261 -2.860769
v 0.123083 -0.638833 -3.414689
v 0.161720 -0.756426 -3.036200
v 0.106913 -0.540899 -3.612329
v 0.103050 -0.458844 -3.628327
v 0.068256 0.254275 -2.978804
v 0.242143 0.000387 -2.885552
v 0.163872 -0.042492 -3.290844
v 0.100197 -0.005020 -3.519036
v 0.337284 -1.000852 -1.945529
v 0.158062 0.680039 -1.990775
v 0.273053 -0.068466 -2.725441
v 0.096743 0.385035 -2.630447
v 0.512651 -1.118240 1.521133
v 0.575522 0.966039 1.710947
v 0.224008 -0.846296 -2.626744
v 0.044873 -0.330819 -3.430582
v 0.044122 0.109293 -3.350850
v 0.166337 -1.023401 2.138604
v 0.445314 0.681744 2.288513
v -1.704085 0.422033 1.417266
v -0.612662 0.278791 -2.645389
v -0.718373 -0.354466 -3.265131
v -0.926960 0.047002 -2.659796
v -1.847958 0.147148 1.289250
v -1.607920 -0.933524 1.419257
v -1.115854 -0.935667 -1.915528
v -1.114952 -0.187080 -2.732730
v -0.698357 -0.028598 2.347394
v -0.132367 0.116544 -3.331830
v -0.134619 -0.330041 -3.417432
v -0.074669 -0.837784 -2.628514
v -0.183984 1.016148 1.703244
v -0.170884 -1.131759 1.519906
v -0.705975 -0.436557 2.380154
v -1.025303 -1.076037 1.493666
v -1.164978 0.811747 1.633657
v -1.562635 0.317344 1.812079
v -0.484253 -0.864323 -2.626574
v -0.242419 -0.635017 -3.382142
v -0.351057 -0.070198 -3.262103
v -1.841939 -0.755627 1.363752
v -0.500754 -1.016583 2.132354
v -0.348592 -0.456950 -3.380520
v -0.290228 0.362680 -2.638531
v -0.322745 0.018683 -3.270763
v -2.098133 -0.106041 0.984813
v -0.091018 -0.073000 -2.721178
v -1.009773 -0.126720 -2.656485
v -1.070128 -0.514051 2.057494
v -0.185469 0.107362 3.803581
v -0.423699 -0.413529 2.807479
v -0.082666 -0.731206 3.532969
v -0.593241 -0.682763 2.412746
v -1.567794 -0.865484 1.903438
v -0.509141 0.337431 2.390276
v -0.213015 -0.615406 3.623179
v -0.181056 -0.375888 3.813519
v -0.186495 -0.044338 3.852688
v -0.670598 0.480997 2.240235
v -0.333103 -0.592332 3.511105
v -0.289804 -0.024449 3.755084
v -0.277272 -0.322628 3.722630
v -0.549289 -0.157895 3.042164
v -0.462782 0.168919 3.088389
v -0.528364 -0.577162 3.015903
v -0.115059 -0.797819 3.045788
v -0.560194 -0.405439 3.011942
v -0.275276 0.333307 3.117889
v -0.428723 -0.255924 3.409152
v -0.405700 0.145323 3.462702
v -0.447170 -0.579785 3.293820
v -0.101210 -0.776300 3.327434
v -0.489237 -0.421738 3.133485
v -0.231915 0.235872 3.563514
v -0.246072 0.390907 2.755128
v -0.599637 -0.399104 2.682264
v -0.114239 -0.789539 2.708646
v -0.540548 -0.592177 2.707136
v -0.466783 0.226299 2.704808
v -0.600498 -0.107054 2.672830
v -2.150286 -0.358018 2.424382
v -2.447909 -0.160774 1.060985
v -2.371909 0.066129 1.383492
v -2.350808 -0.628712 1.436426
v -1.099258 0.046478 2.030545
v -1.699200 0.223655 1.869584
v -1.458164 0.019970 2.221595
v -1.436552 -0.438499 2.235734
v -1.675197 -0.691412 1.953386
v -1.440970 -0.815787 1.895485
v -1.049334 0.446840 2.070881
v -2.961316 -0.078958 1.247464
v -2.964319 -0.487192 1.301682
v -3.095293 -0.457205 1.815315
v -3.163803 -0.135972 2.104393
v -2.240123 0.143629 1.988579
v -2.443423 -0.461418 1.052234
v -2.148437 -0.030913 2.420657
v -2.225357 -0.577673 2.053989
v -4.230173 -0.208528 1.464457
v -3.636201 -0.337014 0.623239
v -4.041926 -0.156435 1.206736
v -4.237724 -0.306154 1.460060
v -2.906199 -0.212268 0.973430
v -3.172608 -0.328153 2.102345
v -3.076852 -0.033425 1.752261
v -2.899567 -0.388903 0.962547
v -4.959804 -0.211757 0.471395
v -5.125982 -0.306932 0.646805
v -4.620736 -0.269510 0.068390
v -4.736475 -0.226460 0.211674
v -4.078300 -0.371710 1.251990
v -3.799868 -0.386943 0.877358
v -3.780525 -0.179565 0.834445
v -3.645682 -0.247285 0.629976
v -5.206234 -0.271058 -0.129113
v -5.408033 -0.260553 0.091397
v -5.420475 -0.318901 0.103226
v -5.213179 -0.327266 -0.117475
v -4.612927 -0.326550 0.064039
v -5.120184 -0.244872 0.650653
v -4.990598 -0.348607 0.502628
v -4.753663 -0.358290 0.242404
v -1.412146 -0.203427 -2.180205
v -0.474185 0.634357 -2.006444
v -0.696707 -0.977072 -1.973830
v -0.112428 -0.996601 -1.930031
v -0.710571 -0.477052 -3.410350
v -1.331911 0.063240 -2.133690
v -2.099103 -0.495376 0.974748
v -0.932871 0.468209 -2.045013
v -0.033399 -0.013515 -3.544359
v -0.273434 0.126583 -3.229702
v -0.054624 -0.047464 -3.326330
v -0.698467 -0.093765 -2.908300
v -0.080714 -0.004638 -2.906018
v -0.437980 0.206028 -2.945081
v -0.652799 0.042425 -2.920206
v -0.204767 0.251519 -2.971531
v -0.034350 -0.459141 -3.670217
v -0.035638 -0.539921 -3.651662
v -0.198090 -0.538581 -3.533837
v -0.198939 -0.466126 -3.538647
v -0.053907 -0.750945 -3.034270
v -0.260931 -0.368416 -3.377067
v -0.337770 -0.568262 -3.387833
v -0.041028 -0.636041 -3.431307
v -0.530244 -0.182547 -2.885433
v -0.981785 -0.867346 -2.819756
v -0.348048 -0.764268 -3.054273
v -0.251290 -0.170687 -2.860230
v -0.771767 -0.785440 -3.220221
v -0.693053 -0.637000 -3.419788
v -1.974986 -0.712146 1.400226
v -1.490885 -0.721153 -4.027178
v -2.015757 -0.579619 -3.792355
v -2.404458 -0.806460 -3.513904
v -2.272039 -0.615749 -3.626125
v -1.674186 -0.808611 -3.942070
v -2.238714 -0.861844 -3.620648
v -2.162386 -0.796936 -4.110246
v -2.167028 -0.695802 -4.107448
v -1.877218 -0.764298 -4.158240
v -2.379114 -0.720311 -3.971127
v -2.367593 -0.812937 -3.972124
v -1.883456 -0.673890 -4.157353
v -1.696683 -0.566791 -3.936922
v -1.976989 -0.853578 -3.799492
v -1.491898 -0.614674 -4.030353
v -2.420499 -0.698983 -3.518194
v -0.522065 -0.087533 -2.745941
v -0.508565 -0.053782 -2.886888
v -0.037159 -0.070926 -3.550022
v -0.329161 -0.056913 -3.185478
v -0.056672 -0.467285 3.746249
v -0.511280 -0.423307 3.143334
v -0.211295 -0.548519 3.647648
v -0.064800 -0.522913 3.776893
v -0.229408 -0.510897 3.689761
v -0.324947 -0.516463 3.533755
v -0.310777 -0.638047 2.893944
v -0.444834 -0.558933 2.963367
v -0.083191 -0.381215 2.655694
v -0.453581 -0.392881 3.214191
v -0.316451 -0.528983 3.504400
v -0.219374 -0.555830 3.602320
v -0.442311 -0.476198 3.299744
v -0.085568 -0.197933 2.893071
v -0.479203 -0.417872 3.206704
v -0.086386 -0.272831 3.201109
v -0.056535 0.215962 3.754566
v -0.069002 0.323495 3.440115
v -0.079764 0.379298 3.143732
v -0.070328 0.434949 2.781287
v -0.054115 -0.039158 3.906081
v -0.364608 -0.737574 2.718210
v -0.319558 -0.724630 3.302625
v -0.247631 -0.689647 3.498960
v -0.365247 -0.745727 3.031756
v -0.256703 -0.227748 2.925437
v -0.078907 -0.580060 3.687487
v -0.249572 -0.399104 2.687404
v -0.115626 -0.633589 2.888524
v -0.154032 -0.579448 3.751639
v -0.074589 -0.574614 3.727990
v -0.151441 -0.492397 3.709504
v -0.062834 -0.357134 3.857814
v -0.075898 -0.646318 3.692146
v -1.687603 -0.761689 -2.097890
v -0.886340 -0.491867 2.196166
v -0.884564 0.055201 2.163142
v -0.251025 0.470813 2.466401
v -0.128405 -0.846756 2.415963
v -0.389816 -0.806442 2.416865
v -0.066096 0.509075 2.497028
v -0.104922 0.617024 2.309199
v -0.142331 0.721707 2.238994
v -0.459250 -0.938655 2.213355
v -0.154366 -0.951734 2.222704
v -0.264109 -0.387055 3.568580
v -0.063556 -0.371622 3.676786
v -0.173479 -0.379762 3.630063
v -0.421742 -0.295796 2.974529
v -0.500290 -0.418722 3.018014
v -0.309364 -0.365386 3.415933
v -0.242443 -0.296816 3.217000
v -0.230770 -0.447121 3.649552
v -0.324582 -0.562047 3.465146
v -0.258870 -0.595472 3.503825
v -0.100694 -0.612240 3.535728
v -0.130731 -0.636288 3.277865
v -0.419492 -0.490597 3.289651
v -0.399782 -0.558328 3.282386
v -0.324510 -0.633965 3.286740
v -0.357217 0.132394 3.382121
v -0.407898 0.145743 3.380363
v -0.453337 0.119955 3.383759
v -0.344562 0.119955 3.383759
v -0.390001 0.145743 3.380364
v -0.440682 0.132394 3.382121
v -0.335614 0.104721 3.385764
v -0.466524 0.090661 3.387615
v -0.372715 0.141190 3.380963
v -0.425184 0.141190 3.380963
v -0.331375 0.090661 3.387615
v -0.462285 0.104721 3.385764
v -0.440682 0.128751 3.368524
v -0.335614 0.102964 3.379205
v -0.466524 0.089862 3.384633
v -0.372715 0.136947 3.365129
v -0.425184 0.136947 3.365129
v -0.331375 0.089862 3.384633
v -0.462285 0.102964 3.379205
v -0.357217 0.128751 3.368524
v -0.407898 0.141190 3.363372
v -0.453337 0.117160 3.373325
v -0.344562 0.117160 3.373325
v -0.390001 0.141190 3.363372
v -0.407898 0.132394 3.348137
v -0.453337 0.111759 3.363971
v -0.344562 0.111759 3.363971
v -0.390001 0.132394 3.348137
v -0.440682 0.121713 3.356333
v -0.335614 0.099569 3.373325
v -0.466524 0.088318 3.381958
v -0.372715 0.128751 3.350933
v -0.425184 0.128751 3.350933
v -0.331375 0.088318 3.381958
v -0.462285 0.099569 3.373325
v -0.357217 0.121713 3.356333
v -0.425184 0.117160 3.339342
v -0.331375 0.086134 3.379775
v -0.462285 0.094767 3.368524
v -0.357217 0.111759 3.346380
v -0.407898 0.119955 3.335698
v -0.453337 0.104122 3.356333
v -0.344562 0.104122 3.356333
v -0.390001 0.119955 3.335698
v -0.440682 0.111759 3.346380
v -0.335614 0.094767 3.368524
v -0.466524 0.086134 3.379775
v -0.372715 0.117160 3.339342
v -0.390001 0.104721 3.326903
v -0.440682 0.099569 3.339342
v -0.335614 0.088887 3.365129
v -0.466524 0.083460 3.378231
v -0.372715 0.102964 3.331146
v -0.425184 0.102964 3.331146
v -0.331375 0.083460 3.378231
v -0.462285 0.088887 3.365129
v -0.357217 0.099569 3.339342
v -0.407898 0.104721 3.326903
v -0.453337 0.094767 3.350933
v -0.344562 0.094767 3.350933
v -0.407898 0.087729 3.322350
v -0.453337 0.084334 3.348137
v -0.344562 0.084334 3.348137
v -0.390001 0.087729 3.322350
v -0.440682 0.085972 3.335698
v -0.335614 0.082329 3.363372
v -0.466524 0.080478 3.377432
v -0.372715 0.087130 3.326903
v -0.425184 0.087130 3.326903
v -0.331375 0.080478 3.377432
v -0.462285 0.082329 3.363372
v -0.357217 0.085972 3.335698
v -0.372715 0.070737 3.326903
v -0.425184 0.070737 3.326903
v -0.331375 0.077390 3.377432
v -0.462285 0.075539 3.363372
v -0.357217 0.071895 3.335698
v -0.407898 0.070138 3.322350
v -0.453337 0.073533 3.348137
v -0.344562 0.073533 3.348137
v -0.390001 0.070138 3.322350
v -0.440682 0.071895 3.335698
v -0.335614 0.075539 3.363372
v -0.466524 0.077390 3.377432
v -0.390001 0.053146 3.326903
v -0.440682 0.058299 3.339342
v -0.335614 0.068980 3.365129
v -0.466524 0.074407 3.378231
v -0.372715 0.054904 3.331146
v -0.425184 0.054904 3.331146
v -0.331375 0.074407 3.378231
v -0.462285 0.068980 3.365129
v -0.357217 0.058299 3.339342
v -0.407898 0.053146 3.326903
v -0.453337 0.063100 3.350933
v -0.344562 0.063100 3.350933
v -0.357217 0.046108 3.346380
v -0.407898 0.037912 3.335698
v -0.453337 0.053746 3.356333
v -0.344562 0.053746 3.356333
v -0.390001 0.037912 3.335699
v -0.440682 0.046108 3.346380
v -0.335614 0.063100 3.368524
v -0.466524 0.071733 3.379775
v -0.372715 0.040707 3.339342
v -0.425184 0.040707 3.339342
v -0.331375 0.071733 3.379775
v -0.462285 0.063100 3.368524
v -0.466524 0.069549 3.381958
v -0.372715 0.029116 3.350933
v -0.425184 0.029116 3.350933
v -0.331375 0.069549 3.381958
v -0.462285 0.058299 3.373325
v -0.357217 0.036154 3.356333
v -0.407898 0.025473 3.348137
v -0.453337 0.046108 3.363971
v -0.344562 0.046108 3.363971
v -0.390001 0.025473 3.348137
v -0.440682 0.036154 3.356333
v -0.335614 0.058299 3.373325
v -0.344562 0.040707 3.373325
v -0.390001 0.016677 3.363372
v -0.440682 0.029116 3.368524
v -0.335614 0.054904 3.379205
v -0.466524 0.068005 3.384633
v -0.372715 0.020920 3.365129
v -0.425184 0.020920 3.365129
v -0.331375 0.068005 3.384633
v -0.462285 0.054904 3.379205
v -0.357217 0.029116 3.368524
v -0.407898 0.016677 3.363372
v -0.453337 0.040707 3.373325
v -0.462285 0.053146 3.385764
v -0.357217 0.025473 3.382121
v -0.407898 0.012124 3.380364
v -0.453337 0.037912 3.383759
v -0.344562 0.037912 3.383759
v -0.390001 0.012124 3.380363
v -0.440682 0.025473 3.382121
v -0.335614 0.053146 3.385764
v -0.466524 0.067206 3.387615
v -0.372715 0.016677 3.380963
v -0.425184 0.016677 3.380963
v -0.331375 0.067206 3.387615
v -0.335614 0.053146 3.392554
v -0.466524 0.067206 3.390703
v -0.372715 0.016677 3.397355
v -0.425184 0.016677 3.397355
v -0.331375 0.067206 3.390703
v -0.462285 0.053146 3.392554
v -0.357217 0.025473 3.396197
v -0.407898 0.012124 3.397955
v -0.453337 0.037912 3.394560
v -0.344562 0.037912 3.394560
v -0.390001 0.012124 3.397955
v -0.440682 0.025473 3.396197
v -0.453337 0.040707 3.404993
v -0.344562 0.040707 3.404993
v -0.390001 0.016677 3.414947
v -0.440682 0.029116 3.409794
v -0.335614 0.054904 3.399113
v -0.466524 0.068005 3.393686
v -0.372715 0.020920 3.413189
v -0.425184 0.020920 3.413189
v -0.331375 0.068005 3.393686
v -0.462285 0.054904 3.399113
v -0.357217 0.029116 3.409794
v -0.407898 0.016677 3.414947
v -0.331375 0.069549 3.396360
v -0.462285 0.058299 3.404993
v -0.357217 0.036154 3.421985
v -0.407898 0.025473 3.430181
v -0.453337 0.046108 3.414347
v -0.344562 0.046108 3.414347
v -0.390001 0.025473 3.430181
v -0.440682 0.036154 3.421985
v -0.335614 0.058299 3.404993
v -0.466524 0.069549 3.396360
v -0.372715 0.029116 3.427385
v -0.425184 0.029116 3.427385
v -0.440682 0.046108 3.431938
v -0.335614 0.063100 3.409794
v -0.466524 0.071733 3.398543
v -0.372715 0.040707 3.438977
v -0.425184 0.040707 3.438977
v -0.331375 0.071733 3.398543
v -0.462285 0.063100 3.409794
v -0.357217 0.046108 3.431938
v -0.407898 0.037912 3.442620
v -0.453337 0.053746 3.421985
v -0.344562 0.053746 3.421985
v -0.390001 0.037912 3.442620
v -0.453337 0.063100 3.427385
v -0.344562 0.063100 3.427385
v -0.390001 0.053146 3.451415
v -0.440682 0.058299 3.438977
v -0.335614 0.068980 3.413189
v -0.466524 0.074407 3.400087
v -0.372715 0.054904 3.447173
v -0.425184 0.054904 3.447173
v -0.331375 0.074407 3.400087
v -0.462285 0.068980 3.413189
v -0.357217 0.058299 3.438977
v -0.407898 0.053146 3.451416
v -0.425184 0.070737 3.451416
v -0.331375 0.077390 3.400887
v -0.462285 0.075539 3.414947
v -0.357217 0.071895 3.442620
v -0.407898 0.070138 3.455968
v -0.453337 0.073533 3.430181
v -0.344562 0.073533 3.430181
v -0.390001 0.070138 3.455968
v -0.440682 0.071895 3.442620
v -0.335614 0.075539 3.414947
v -0.466524 0.077390 3.400887
v -0.372715 0.070737 3.451416
v -0.440682 0.085972 3.442620
v -0.335614 0.082329 3.414947
v -0.466524 0.080478 3.400887
v -0.372715 0.087130 3.451416
v -0.425184 0.087130 3.451416
v -0.331375 0.080478 3.400887
v -0.462285 0.082329 3.414947
v -0.357217 0.085972 3.442620
v -0.407898 0.087729 3.455968
v -0.453337 0.084334 3.430181
v -0.344562 0.084334 3.430181
v -0.390001 0.087729 3.455969
v -0.407898 0.104721 3.451416
v -0.453337 0.094767 3.427385
v -0.344562 0.094767 3.427385
v -0.390001 0.104721 3.451416
v -0.440682 0.099569 3.438977
v -0.335614 0.088887 3.413189
v -0.466524 0.083460 3.400087
v -0.372715 0.102964 3.447173
v -0.425184 0.102964 3.447173
v -0.331375 0.083460 3.400087
v -0.462285 0.088887 3.413189
v -0.357217 0.099569 3.438977
v -0.425184 0.117160 3.438977
v -0.331375 0.086134 3.398543
v -0.462285 0.094767 3.409794
v -0.357217 0.111759 3.431938
v -0.407898 0.119955 3.442620
v -0.453337 0.104122 3.421985
v -0.344562 0.104122 3.421985
v -0.390001 0.119955 3.442620
v -0.440682 0.111759 3.431938
v -0.335614 0.094767 3.409794
v -0.466524 0.086134 3.398543
v -0.372715 0.117160 3.438977
v -0.390001 0.132394 3.430181
v -0.440682 0.121713 3.421985
v -0.335614 0.099569 3.404993
v -0.466524 0.088318 3.396360
v -0.372715 0.128751 3.427385
v -0.425184 0.128751 3.427385
v -0.331375 0.088318 3.396360
v -0.462285 0.099569 3.404993
v -0.357217 0.121713 3.421985
v -0.407898 0.132394 3.430181
v -0.453337 0.111759 3.414347
v -0.344562 0.111759 3.414347
v -0.407898 0.141190 3.414947
v -0.453337 0.117160 3.404993
v -0.344562 0.117160 3.404993
v -0.390001 0.141190 3.414947
v -0.440682 0.128751 3.409794
v -0.335614 0.102964 3.399113
v -0.466524 0.089862 3.393686
v -0.372715 0.136947 3.413189
v -0.425184 0.136947 3.413189
v -0.331375 0.089862 3.393686
v -0.462285 0.102964 3.399113
v -0.357217 0.128751 3.409794
v -0.372715 0.141190 3.397355
v -0.425184 0.141190 3.397355
v -0.331375 0.090661 3.390703
v -0.462285 0.104721 3.392554
v -0.357217 0.132394 3.396197
v -0.407898 0.145743 3.397955
v -0.453337 0.119955 3.394560
v -0.344562 0.119955 3.394560
v -0.390001 0.145743 3.397955
v -0.440682 0.132394 3.396197
v -0.335614 0.104721 3.392554
v -0.466524 0.090661 3.390703
v -0.422726 0.127021 3.441201
v -0.411025 0.057532 3.492378
v -0.459976 0.103630 3.314507
v -0.477747 0.022726 3.347101
v -0.460546 0.093220 3.339732
v -0.462775 0.094154 3.332639
v -0.472757 0.037742 3.361421
v -0.425859 0.063140 3.465698
v -0.451144 0.025547 3.425410
v -0.425986 0.121241 3.435690
v -0.447978 0.003865 3.433118
v -0.438030 0.145840 3.372130
v -0.202408 -0.327995 3.443236
v -0.379427 -0.338576 3.221853
v -0.062110 0.275936 3.620510
v -0.079318 -0.305118 3.459821
v -0.408768 -0.453675 3.366437
v -0.382911 -0.418818 3.387268
v -0.251968 0.279937 3.397589
v -0.424882 0.172560 3.370847
v -0.488803 -0.219917 3.256138
v -0.311061 -0.423806 3.544719
v -0.052278 0.141840 3.849056
v -0.326953 -0.456251 3.551177
v -0.356756 -0.270004 3.580310
v -0.339892 0.027181 3.631963
v -0.209749 0.173629 3.700814
v -0.395498 0.207902 3.371321
v -0.437850 -0.025181 3.442910
v -0.476580 0.001812 3.327087
v -0.446867 0.118428 3.290888
v -0.385120 0.051315 3.526860
v -0.372479 0.167782 3.491470
v -0.441812 0.087957 3.337692
v -0.409432 0.114211 3.427600
v -0.439435 0.138036 3.374372
v -0.450539 0.032936 3.423150
v -0.428574 0.064928 3.457963
v -0.469061 0.044432 3.366237
v -0.403410 0.068455 3.414821
v -0.417802 0.081191 3.361597
v -0.422033 0.129948 3.370148
v -0.432436 0.031474 3.415850
v -0.411857 0.061449 3.448468
v -0.449791 0.042246 3.362526
v -0.346578 0.187353 3.512182
v -0.368360 0.051923 3.551115
v -0.438044 0.127702 3.272930
v -0.476560 -0.016289 3.311365
v -0.432275 -0.047573 3.448983
v -0.371976 0.231847 3.371615
v -1.441741 -0.271891 -2.229363
v -1.597558 -0.352134 -2.446281
v -1.319316 -0.258759 -2.900125
v -1.049545 -0.321912 -3.224624
v -0.392697 -0.268265 -3.116586
v -0.196424 -0.221183 -3.094308
v -0.837077 -0.236310 -3.020260
v -1.976406 0.133788 1.340627
v -0.364395 0.590330 2.318063
v -0.990312 0.565561 2.180754
v -1.467677 0.289547 1.824285
v -1.023620 -0.864844 2.047769
v -0.717786 -0.825690 2.219123
v -1.007251 -0.981020 2.066987
v -1.835426 -0.803900 1.367833
v -1.377174 -0.878579 -2.341306
v -0.087813 -0.895784 -2.395533
v -1.127527 -0.894903 -2.058707
v -0.566745 -0.915300 -2.367673
v -1.593765 -0.754298 1.822393
v -1.735623 -0.549174 -2.126832
v -0.263439 -0.910544 -2.396394
v -0.065475 -0.225131 -3.091063
v -0.111477 -0.065953 -3.520790
v -0.083763 -0.176261 -2.860769
v -0.123083 -0.638833 -3.414689
v -0.161720 -0.756426 -3.036199
v -0.106913 -0.540899 -3.612329
v -0.103050 -0.458844 -3.628327
v -0.068256 0.254275 -2.978804
v -0.242143 0.000387 -2.885552
v -0.163872 -0.042492 -3.290844
v -0.100197 -0.005020 -3.519036
v -0.337284 -1.000852 -1.945529
v -0.158062 0.680039 -1.990775
v -0.273053 -0.068466 -2.725441
v -0.096743 0.385035 -2.630447
v -0.512651 -1.118240 1.521133
v -0.575522 0.966039 1.710947
v -0.224008 -0.846296 -2.626744
v -0.044873 -0.330819 -3.430582
v -0.044122 0.109293 -3.350850
v -0.166337 -1.023400 2.138604
v -0.445314 0.681744 2.288513
v 1.341841 -1.022688 1.461023
v 1.566963 0.090624 -1.734769
v 1.601949 0.354082 1.717567
v 1.490705 0.645949 1.536069
v 1.627500 -0.965912 0.972093
v 1.295577 0.972439 1.110738
v 0.791791 0.045712 -2.796629
v 0.924992 -0.953768 -1.970533
v 0.804082 0.180737 -2.651400
v 1.627230 -0.242086 -1.801148
v 2.116114 -0.290164 0.944128
v 1.816161 0.459758 1.024196
v 0.848788 -0.110421 -2.789478
v 0.991966 -0.072216 -2.663764
v 1.818656 0.226825 1.320557
v 1.628780 -0.982632 0.264542
v 1.364160 0.959303 0.207300
v 1.911164 0.318047 0.236332
v 1.610894 -0.742318 -1.766661
v 1.427523 -0.873307 -1.724340
v 1.745765 -0.810995 1.719678
v 1.455615 -0.285377 -2.707611
v 1.925642 -0.717111 0.271341
v 1.830382 -0.780555 1.364264
v 0.699945 -0.550835 -3.431880
v 0.133170 -1.066039 -1.509443
v 0.169747 -1.067356 1.969422
v 0.193863 0.886956 -1.545215
v 0.158296 0.820339 2.104593
v 0.170884 -1.188290 1.002023
v 0.063453 -0.799443 -2.830200
v 0.080531 0.321766 -2.795902
v 0.087931 -0.017037 -2.757785
v 0.169617 -1.205414 0.268922
v 0.520189 -0.772113 -3.105317
v 0.000000 -0.074133 -2.719110
v 0.813933 -0.686375 2.214884
v 0.725228 -0.258780 2.361460
v 0.689147 -0.051368 -2.915196
v 0.000000 0.394375 -2.627424
v 0.323566 -0.409932 -3.362037
v 0.000000 -0.835656 -2.627954
v 0.000000 1.032427 1.704238
v 0.000000 -1.135139 1.519599
v 0.000000 -0.852390 2.419245
v 0.663545 1.153272 1.166506
v 0.699847 1.198718 0.226199
v 0.811165 -1.022045 -1.594291
v 1.020790 -1.017128 1.922399
v 1.128055 0.615271 -1.614977
v 1.037950 0.636889 2.049544
v 1.025303 -1.129933 0.990696
v 0.409780 -0.822833 -2.848984
v 0.525859 0.245261 -2.794406
v 1.018490 -1.149802 0.262425
v 1.052457 -0.731412 2.039333
v 0.173431 -0.638577 -3.401396
v 0.726256 -1.104309 1.514573
v 0.826663 0.918690 1.696470
v 0.326404 -0.852930 -2.625257
v 0.704547 -0.203311 -2.932878
v 0.973941 -0.511240 2.121762
v 1.874277 -0.815653 0.967097
v 0.380815 -0.072099 -2.730630
v 0.419208 0.339870 -2.641265
v 1.670394 -0.530693 -1.811646
v 2.049963 0.040706 1.111934
v 0.718768 -0.412610 -3.354874
v 2.015096 -0.260784 0.254946
v 0.235255 -0.759757 -3.040199
v 0.991158 0.064669 2.090191
v 0.348996 -0.509663 -3.399968
v 0.564630 -0.136240 -2.792307
v 1.083455 -0.244257 2.066487
v 0.000000 0.734298 2.231800
v 0.089715 -0.137687 -2.765678
v 1.033171 -0.152883 -2.669096
v 0.115595 -0.798931 2.558221
v 0.060894 0.463888 2.627369
v 0.353958 0.333842 2.734178
v 0.000000 0.441057 2.785997
v 0.575225 -0.493111 2.692399
v 0.247331 -0.467591 3.703728
v 0.000000 -0.793620 2.706847
v 0.466830 0.263815 2.523175
v 0.630862 -0.413366 2.507940
v 0.546815 -0.619586 2.547888
v 0.310148 -0.651630 3.492407
v 0.633708 -0.078463 2.481077
v 0.626086 0.191101 2.352239
v 0.711418 -1.008586 2.115245
v 0.076852 -0.697423 3.626024
v 0.051673 0.076221 3.883904
v 0.058278 -0.188782 3.901936
v 0.076309 -0.598509 3.727434
v 0.000000 -0.652455 3.709007
v 0.092287 -0.564520 2.700543
v 0.000000 -0.038797 3.910243
v 0.251455 -0.041595 3.805752
v 0.370706 -0.461755 3.460966
v 0.273646 -0.600318 3.577539
v 0.000000 -0.343834 3.863889
v 0.232804 -0.358650 3.774726
v 0.065702 -0.487437 3.805528
v 0.557859 0.076570 2.680024
v 0.338952 0.248364 3.378166
v 0.000000 0.325722 3.448448
v 0.451192 -0.501732 3.298697
v 0.559389 -0.320209 3.020169
v 0.000000 -0.781869 3.332042
v 0.473590 -0.681821 3.022518
v 0.481153 -0.070455 3.294511
v 0.517308 -0.189844 3.169931
v 0.444054 0.139658 3.223315
v 0.495067 -0.575073 3.154114
v 0.109822 -0.791667 3.207517
v 0.532884 -0.417972 3.110832
v 0.262808 0.300220 3.283147
v 0.421504 -0.405063 3.377381
v 0.410030 -0.668152 3.292626
v 0.290625 0.117043 3.662567
v 0.000000 0.217154 3.760409
v 0.332650 -0.538396 3.532429
v 0.000000 -0.738297 3.540385
v 0.360839 -0.100366 3.605659
v 0.394075 -0.262880 3.495735
v 0.359531 0.047009 3.576458
v 0.391054 -0.586978 3.418368
v 0.091424 -0.755040 3.428324
v 0.374971 0.425599 2.436624
v 0.221361 0.205218 3.636284
v 0.380026 0.272995 3.104437
v 0.000000 0.383078 3.150577
v 0.550315 -0.471713 3.012260
v 0.000000 -0.802101 3.047530
v 0.520288 0.024236 3.068160
v 0.609492 -0.280352 2.675989
v 0.476658 -0.679323 2.718424
v 0.274615 0.367453 2.931865
v 0.585136 -0.395789 2.863481
v 0.116629 -0.796521 2.870186
v 0.544408 -0.583661 2.869979
v 0.476326 0.202221 2.903703
v 0.578950 -0.128742 2.875557
v 2.414452 -0.036545 1.173103
v 2.146172 0.121149 1.376335
v 2.257292 -0.485664 1.036227
v 2.125537 -0.682407 1.427004
v 1.924909 0.209654 1.971064
v 1.900033 -0.633734 2.036573
v 1.747957 -0.383338 2.401616
v 2.315419 0.131452 1.664527
v 2.260852 -0.132152 1.042832
v 1.755758 0.010005 2.393382
v 2.289838 -0.616782 1.755797
v 2.403569 -0.586060 1.175398
v 2.050820 -0.657447 1.114254
v 1.749609 -0.750739 1.686595
v 1.863980 0.189380 1.612606
v 1.095298 0.297170 2.011425
v 1.543463 0.184542 2.082327
v 1.427721 -0.208299 2.276396
v 1.508345 -0.775761 1.854344
v 1.243412 0.023840 2.051811
v 1.251854 -0.841224 1.959288
v 1.211974 -0.492428 2.072454
v 1.510446 -0.617310 2.120950
v 1.325566 0.452806 2.017140
v 3.147843 -0.409462 1.995625
v 3.029328 -0.480182 1.578355
v 3.132226 -0.063290 1.982421
v 3.175842 -0.231062 2.137820
v 2.461245 -0.303439 1.027305
v 2.173472 -0.496411 2.290389
v 2.145405 -0.192763 2.464846
v 2.174852 0.092796 2.269380
v 3.901950 -0.160070 1.009188
v 4.163614 -0.171606 1.375641
v 4.251558 -0.256833 1.487743
v 4.182146 -0.347457 1.381459
v 2.915865 -0.462133 1.068634
v 3.014331 -0.040579 1.483935
v 2.923405 -0.139281 1.068683
v 2.901115 -0.296087 0.943964
v 5.078524 -0.333189 0.591999
v 4.261276 -0.207155 0.536698
v 4.120678 -0.328954 0.355265
v 4.280651 -0.367579 0.574202
v 4.515552 -0.189262 0.856063
v 4.550695 -0.355795 0.894590
v 4.705081 -0.305082 1.072227
v 4.608900 -0.296577 0.052730
v 4.129654 -0.259542 0.360740
v 4.698288 -0.229560 1.076679
v 4.659555 -0.245940 0.118783
v 4.840293 -0.214067 0.333673
v 3.631965 -0.289864 0.607729
v 3.683724 -0.374213 0.703963
v 3.944703 -0.383382 1.080881
v 3.690740 -0.210209 0.701656
v 5.302115 -0.264794 -0.020783
v 5.090127 -0.245191 -0.042855
v 5.011058 -0.326941 -0.132765
v 5.103105 -0.348408 -0.020625
v 5.286644 -0.232620 0.175562
v 5.309895 -0.339768 0.198156
v 5.398442 -0.311581 0.288802
v 5.317061 -0.325321 -0.001631
v 5.014429 -0.274309 -0.132939
v 5.391540 -0.255018 0.288264
v 5.420476 -0.290874 0.105188
v 5.206638 -0.299827 -0.127265
v 5.138145 -0.275579 0.666529
v 5.063578 -0.221401 0.589001
v 4.654091 -0.350198 0.121027
v 4.877284 -0.356027 0.384246
v 0.701423 -0.871965 -2.676229
v 1.182943 0.287812 -2.083051
v 1.401178 -0.126756 -2.173789
v 1.988437 -0.529176 0.251791
v 0.000000 0.698962 -1.986357
v 0.000000 -0.892095 -2.394316
v 0.383172 -0.915423 -2.388427
v 0.667887 0.588901 -2.019503
v 1.273889 -0.215249 -2.532120
v 1.193524 -0.153956 -2.467376
v 0.121163 0.489365 -2.392163
v 0.545297 -0.893544 -2.446364
v 0.251945 -0.879663 -2.468117
v 1.567544 -0.736377 1.862601
v 1.094826 0.051207 -2.456539
v 1.143772 -0.883065 -2.585242
v 0.735847 0.341485 -2.421200
v 0.034528 0.040901 -3.489437
v 0.035891 -0.051582 -3.552319
v 0.000000 -0.015639 -3.549687
v 0.041853 -0.070052 -3.490386
v 0.344070 -0.042014 -3.267877
v 0.172533 0.003029 -3.449636
v 0.574163 0.143071 -2.928458
v 0.189695 0.120867 -3.300541
v 0.000000 0.254964 -2.979620
v 0.000000 -0.072169 -3.556328
v 0.349105 -0.011899 -2.879767
v 0.296171 0.084134 -3.261218
v 0.297198 0.239457 -2.962099
v 0.000000 0.107480 -3.354604
v 0.000000 -0.005894 -2.910133
v 0.232506 -0.044854 -3.254629
v 0.539120 -0.079456 -3.052619
v 0.208653 -0.015024 -3.078665
v 0.352635 0.165125 -3.091988
v 0.499833 0.034346 -3.066319
v 0.057069 0.183229 -3.167629
v 0.260780 -0.544597 -3.468925
v 0.037596 -0.581347 -3.582283
v 0.034705 -0.502330 -3.670591
v 0.000000 -0.539676 -3.660494
v 0.206203 -0.579832 -3.485635
v 0.201272 -0.503324 -3.545317
v 0.147526 -0.540564 -3.581871
v 0.267122 -0.467548 -3.465749
v 0.000000 -0.459216 -3.679688
v 0.144197 -0.460590 -3.594433
v 0.211892 -0.422614 -3.490379
v 0.036947 -0.404067 -3.605295
v 0.188633 -0.339441 -3.403052
v 0.000000 -0.177655 -2.859901
v 0.305411 -0.615722 -3.372447
v 0.000000 -0.749574 -3.032786
v 0.866141 -0.833959 -3.034774
v 0.278229 -0.231967 -3.099687
v 0.000000 -0.331013 -3.432868
v 0.000000 -0.635343 -3.434460
v 0.138995 -0.699398 -3.234510
v 0.468660 -0.601691 -3.351231
v 0.327414 -0.313608 -3.239029
v 0.483143 -0.453672 -3.342279
v 0.293960 -0.698405 -3.234605
v 0.055318 -0.263229 -3.230898
v 1.623314 -0.876006 -2.618722
v 1.865195 -0.778656 -2.399001
v 1.042318 -0.797871 -3.376678
v 1.170392 -0.373441 -3.348326
v 1.900100 -0.581904 -2.408807
v 1.446910 -0.310777 -3.023322
v 1.279641 -0.858863 -3.024216
v 1.737387 -0.397224 -2.650396
v 0.936257 -0.667776 -3.553933
v 0.952457 -0.511633 -3.545967
v 0.968244 -0.192422 -2.879381
v 1.704458 -0.444807 -2.218550
v 0.710219 -0.720289 -3.355444
v 2.094914 -0.863247 -3.279584
v 2.295499 -0.794862 -3.146179
v 2.423448 -0.752746 -3.514970
v 2.140697 -0.591993 -3.719496
v 1.476229 -0.805177 -3.742462
v 1.513090 -0.501317 -3.730169
v 2.312792 -0.659887 -3.154493
v 2.376426 -0.651281 -3.547329
v 1.851215 -0.498664 -3.504416
v 1.783994 -0.853732 -3.515606
v 1.838318 -0.837357 -3.871193
v 2.141206 -0.548125 -3.289809
v 1.539930 -0.769243 -3.998580
v 2.348043 -0.847151 -3.540596
v 2.105391 -0.860624 -3.718725
v 1.295097 -0.703172 -3.878950
v 1.293736 -0.574234 -3.879756
v 2.324098 -0.850111 -3.879056
v 2.426033 -0.814976 -3.808079
v 2.037714 -0.784435 -4.141816
v 2.170174 -0.743153 -4.116741
v 1.822197 -0.799570 -4.098298
v 1.835620 -0.626106 -4.095902
v 2.441712 -0.723624 -3.807587
v 2.042345 -0.686715 -4.137778
v 2.124904 -0.644689 -4.020081
v 2.109409 -0.839596 -4.025362
v 2.381748 -0.764832 -3.977074
v 2.346831 -0.672805 -3.879178
v 2.273840 -0.705539 -4.055513
v 2.267067 -0.805278 -4.056144
v 1.883040 -0.717502 -4.163918
v 1.691430 -0.741534 -4.129901
v 1.697571 -0.651739 -4.132702
v 1.875119 -0.573071 -3.859798
v 1.487919 -0.668308 -4.035292
v 1.546819 -0.575689 -4.001261
v 0.418487 -0.051976 -3.033316
v 0.000000 -0.048708 -3.334200
v 0.189952 -0.065772 -3.447809
v 0.345492 -0.072841 -3.239338
v 0.557166 -0.064808 -2.779870
v 0.648894 -0.092118 -2.899027
v 0.223793 -0.491192 3.673959
v 0.074276 -0.570008 3.709459
v 0.420953 -0.308316 2.855952
v 0.463407 -0.412048 3.208425
v 0.061375 -0.503038 3.760827
v 0.317158 -0.516628 3.522080
v 0.496394 -0.423782 3.140526
v 0.380056 -0.499526 3.436614
v 0.000000 -0.578504 3.749853
v 0.000000 -0.493841 3.783846
v 0.270766 -0.531348 3.600867
v 0.185091 -0.561505 3.730496
v 0.412442 -0.323405 3.113174
v 0.134632 -0.640238 3.115632
v 0.504831 -0.408765 3.159338
v 0.251033 -0.345925 3.426410
v 0.087948 -0.245229 3.075412
v 0.470690 -0.458862 3.172401
v 0.492468 -0.449712 3.182275
v 0.428940 -0.480160 3.296788
v 0.000000 -0.267484 3.195528
v 0.190322 -0.475093 3.684542
v 0.000000 -0.626659 3.272231
v 0.274423 -0.540366 3.558046
v 0.000000 -0.376742 2.647766
v 0.334700 -0.407182 2.725350
v 0.082797 -0.215182 2.728396
v 0.431240 -0.525659 2.839741
v 0.488314 -0.417567 2.912223
v 0.384054 -0.613925 2.913974
v 0.000000 -0.627016 2.888488
v 0.285455 -0.379731 3.504287
v 0.000000 -0.190480 2.884405
v 0.340746 -0.252214 2.945226
v 0.081063 0.410629 2.954752
v 0.073416 0.347929 3.316196
v 0.191718 -0.185971 3.846270
v 0.058993 0.247647 3.694398
v 0.179656 0.052332 3.837037
v 0.226068 0.419938 2.596899
v 0.111714 0.130693 3.833657
v 0.135616 0.264819 3.598984
v 0.168524 0.364020 3.130426
v 0.149428 0.417831 2.770038
v 0.114268 -0.040815 3.888571
v 0.346835 -0.737750 3.178211
v 0.218868 -0.661442 3.571485
v 0.285721 -0.708038 3.408406
v 0.363600 -0.748012 2.564838
v 0.372077 -0.746391 2.874632
v 0.233950 -0.772466 2.712836
v 0.206402 -0.757814 3.316625
v 0.165240 -0.713725 3.517051
v 0.235136 -0.780514 3.040538
v 0.215386 -0.571209 3.649936
v 0.267836 -0.571303 2.719464
v 0.164997 -0.533808 3.775091
v 0.209654 -0.544379 3.627911
v 0.149174 -0.552435 3.733123
v 0.341850 -0.644035 3.114988
v 0.259666 -0.271801 3.097769
v 0.248392 -0.243801 2.766487
v 0.171135 -0.212841 2.909829
v 0.244542 -0.645336 3.285718
v 0.166382 -0.390159 2.671549
v 0.222227 -0.641276 2.889914
v 0.119508 -0.566119 3.763626
v 0.146060 -0.564201 3.686042
v 0.168593 -0.284173 3.210663
v 0.123806 -0.375123 3.840664
v 0.148127 -0.632453 3.658042
v 0.656634 -0.573896 2.398807
v 0.916165 -0.244048 2.174932
v 0.799916 0.324131 2.178881
v 0.507175 -0.760999 2.419567
v 0.581227 0.419155 2.298500
v 0.657629 -0.759026 2.302796
v 0.799595 -0.464212 2.281899
v 0.785093 0.022602 2.249007
v 0.000000 0.516337 2.501596
v 0.082063 0.562717 2.390795
v 0.000000 -0.957651 2.228763
v 0.144164 -0.906522 2.298561
v 0.427088 -0.880708 2.293351
v 0.257961 -0.831044 2.412908
v 0.303087 0.531591 2.371001
v 0.145377 0.492247 2.484804
v 0.661889 0.645307 2.279139
v 0.222251 0.601254 2.312681
v 0.000000 0.626120 2.307933
v 0.127427 0.670514 2.257009
v 1.774723 -0.819764 -0.774089
v 0.000000 -1.027702 2.140962
v 0.307769 -0.942548 2.214308
v 0.161070 -0.988618 2.174137
v 1.814342 -0.714969 -0.786406
v 1.311341 0.837147 -0.818164
v 0.959392 -1.110652 -0.735802
v 0.158917 -1.164226 -0.694276
v 0.678160 1.089526 -0.793108
v 1.524857 -0.968606 -0.767817
v 1.832464 0.200086 -0.824453
v 1.910844 -0.325812 -0.818368
v 0.108700 -0.492104 3.728663
v 0.000000 -0.448744 3.754649
v 0.441881 -0.555704 3.127776
v 0.481434 -0.394616 3.153788
v 0.297979 -0.400614 3.549587
v 0.219319 -0.380860 3.596978
v 0.073611 -0.329011 3.594730
v 0.055722 -0.421524 3.721967
v 0.000000 -0.366827 3.682434
v 0.159864 -0.425963 3.676558
v 0.490354 -0.419332 3.100039
v 0.485964 -0.488667 3.009065
v 0.431621 -0.366386 3.220001
v 0.481115 -0.353098 3.002429
v 0.122815 -0.378452 3.659458
v 0.188816 -0.348778 3.556722
v 0.348553 -0.427554 3.472942
v 0.304039 -0.576794 3.482054
v 0.153477 -0.570639 3.643405
v 0.000000 -0.583423 3.710277
v 0.319901 -0.546474 3.484246
v 0.236949 -0.575364 3.563437
v 0.087906 -0.596796 3.637701
v 0.374852 -0.604265 3.284456
v 0.410821 -0.514368 3.283222
v 0.190585 -0.609985 3.523902
v 0.000000 -0.610304 3.539578
v 0.115545 -0.625651 3.407228
v 0.359970 -0.514715 3.421547
v 0.350145 -0.562033 3.402932
v 0.287327 -0.615292 3.414565
v 0.462285 0.104944 3.389159
v 0.453337 0.120311 3.389159
v 0.440682 0.132858 3.389159
v 0.425184 0.141730 3.389159
v 0.407898 0.146322 3.389159
v 0.390001 0.146322 3.389159
v 0.372715 0.141729 3.389159
v 0.357217 0.132858 3.389159
v 0.344562 0.120311 3.389159
v 0.335614 0.104945 3.389159
v 0.462285 0.104058 3.382427
v 0.453337 0.118901 3.378450
v 0.440682 0.131020 3.375203
v 0.425184 0.139590 3.372906
v 0.407898 0.144026 3.371718
v 0.390001 0.144026 3.371718
v 0.372715 0.139590 3.372906
v 0.357217 0.131020 3.375203
v 0.344562 0.118901 3.378450
v 0.335614 0.104058 3.382427
v 0.350473 0.126584 3.382886
v 0.364671 0.137294 3.381476
v 0.398950 0.146322 3.380287
v 0.416693 0.144026 3.380590
v 0.447426 0.126584 3.382886
v 0.458321 0.112628 3.384723
v 0.339578 0.112628 3.384723
v 0.381206 0.144026 3.380589
v 0.433228 0.137294 3.381476
v 0.332827 0.097108 3.386766
v 0.465072 0.097108 3.386766
v 0.462285 0.101460 3.376154
v 0.453337 0.114767 3.368470
v 0.440682 0.125633 3.362197
v 0.425184 0.133316 3.357761
v 0.407898 0.137294 3.355465
v 0.390001 0.137294 3.355465
v 0.372715 0.133316 3.357761
v 0.357217 0.125633 3.362197
v 0.344562 0.114767 3.368470
v 0.335614 0.101460 3.376154
v 0.433228 0.133316 3.366633
v 0.447426 0.123337 3.370767
v 0.332827 0.095869 3.382144
v 0.339578 0.110332 3.376154
v 0.465072 0.095869 3.382144
v 0.364671 0.133316 3.366633
v 0.381206 0.139590 3.364034
v 0.416693 0.139590 3.364034
v 0.458321 0.110332 3.376154
v 0.350473 0.123337 3.370767
v 0.398950 0.141729 3.363148
v 0.462285 0.097326 3.370767
v 0.453337 0.108192 3.359901
v 0.440682 0.117064 3.351029
v 0.425184 0.123337 3.344756
v 0.407898 0.126584 3.341508
v 0.390001 0.126584 3.341508
v 0.372715 0.123337 3.344756
v 0.357217 0.117064 3.351029
v 0.344562 0.108192 3.359901
v 0.335614 0.097326 3.370767
v 0.398950 0.132858 3.347782
v 0.416693 0.131020 3.349192
v 0.447426 0.117064 3.359901
v 0.458321 0.105896 3.368470
v 0.339578 0.105896 3.368470
v 0.350473 0.117064 3.359901
v 0.381206 0.131020 3.349192
v 0.433228 0.125633 3.353325
v 0.332827 0.093477 3.378000
v 0.465072 0.093477 3.378000
v 0.364671 0.125633 3.353325
v 0.462285 0.091939 3.366633
v 0.453337 0.099622 3.353325
v 0.440682 0.105896 3.342460
v 0.425184 0.110332 3.334776
v 0.407898 0.112628 3.330799
v 0.390001 0.112628 3.330799
v 0.372715 0.110332 3.334776
v 0.357217 0.105896 3.342460
v 0.344562 0.099622 3.353325
v 0.335614 0.091939 3.366633
v 0.416693 0.118901 3.337073
v 0.433228 0.114767 3.342460
v 0.332827 0.090093 3.374616
v 0.458321 0.099622 3.362197
v 0.465072 0.090093 3.374616
v 0.350473 0.108192 3.351029
v 0.364671 0.114767 3.342460
v 0.398950 0.120311 3.335235
v 0.447426 0.108192 3.351029
v 0.339578 0.099622 3.362197
v 0.381206 0.118901 3.337072
v 0.462285 0.085666 3.364034
v 0.453337 0.089643 3.349192
v 0.440682 0.092890 3.337073
v 0.425184 0.095186 3.328503
v 0.407898 0.096375 3.324067
v 0.390001 0.096375 3.324067
v 0.372715 0.095186 3.328503
v 0.357217 0.092890 3.337073
v 0.344562 0.089643 3.349192
v 0.335614 0.085666 3.364034
v 0.381206 0.104058 3.328503
v 0.398950 0.104945 3.326363
v 0.433228 0.101460 3.334776
v 0.447426 0.097326 3.344756
v 0.332827 0.085949 3.372223
v 0.339578 0.091939 3.357761
v 0.465072 0.085949 3.372223
v 0.364671 0.101460 3.334776
v 0.416693 0.104058 3.328503
v 0.458321 0.091939 3.357761
v 0.350473 0.097326 3.344756
v 0.462285 0.078934 3.363148
v 0.453337 0.078934 3.347782
v 0.440682 0.078934 3.335235
v 0.425184 0.078934 3.326363
v 0.407898 0.078934 3.321771
v 0.390001 0.078934 3.321771
v 0.372715 0.078934 3.326363
v 0.357217 0.078934 3.335235
v 0.344562 0.078934 3.347782
v 0.335614 0.078934 3.363148
v 0.398950 0.087805 3.321771
v 0.416693 0.087503 3.324067
v 0.447426 0.085207 3.341508
v 0.458321 0.083370 3.355465
v 0.339578 0.083370 3.355465
v 0.350473 0.085207 3.341508
v 0.381206 0.087503 3.324067
v 0.433228 0.086617 3.330799
v 0.332827 0.081326 3.370985
v 0.465072 0.081326 3.370985
v 0.364671 0.086617 3.330799
v 0.462285 0.072201 3.364035
v 0.453337 0.068224 3.349192
v 0.440682 0.064977 3.337073
v 0.425184 0.062681 3.328503
v 0.407898 0.061492 3.324067
v 0.390001 0.061492 3.324067
v 0.372715 0.062681 3.328503
v 0.357217 0.064977 3.337072
v 0.344562 0.068224 3.349192
v 0.335614 0.072201 3.364035
v 0.364671 0.071250 3.330799
v 0.381206 0.070364 3.324067
v 0.416693 0.070364 3.324067
v 0.433228 0.071250 3.330799
v 0.332827 0.076541 3.370985
v 0.458321 0.074498 3.355465
v 0.465072 0.076541 3.370985
v 0.350473 0.072660 3.341508
v 0.398950 0.070062 3.321771
v 0.447426 0.072660 3.341508
v 0.339578 0.074498 3.355465
v 0.462285 0.065928 3.366633
v 0.453337 0.058245 3.353325
v 0.440682 0.051972 3.342460
v 0.425184 0.047536 3.334776
v 0.407898 0.045239 3.330799
v 0.390001 0.045239 3.330799
v 0.372715 0.047536 3.334776
v 0.357217 0.051972 3.342460
v 0.344562 0.058245 3.353325
v 0.335614 0.065928 3.366633
v 0.381206 0.053809 3.328503
v 0.398950 0.052923 3.326363
v 0.433228 0.056407 3.334776
v 0.447426 0.060541 3.344756
v 0.332827 0.071919 3.372223
v 0.339578 0.065928 3.357761
v 0.465072 0.071919 3.372223
v 0.364671 0.056407 3.334776
v 0.416693 0.053809 3.328503
v 0.458321 0.065928 3.357761
v 0.350473 0.060541 3.344756
v 0.466720 0.071624 3.381849
v 0.462285 0.060541 3.370767
v 0.453337 0.049675 3.359901
v 0.440682 0.040804 3.351029
v 0.425184 0.034530 3.344756
v 0.407898 0.031283 3.341508
v 0.390001 0.031283 3.341508
v 0.372715 0.034530 3.344756
v 0.357217 0.040804 3.351029
v 0.344562 0.049675 3.359901
v 0.335614 0.060541 3.370767
v 0.350473 0.049675 3.351029
v 0.364671 0.043100 3.342460
v 0.398950 0.037556 3.335235
v 0.416693 0.038966 3.337072
v 0.447426 0.049675 3.351029
v 0.458321 0.058245 3.362197
v 0.339578 0.058245 3.362197
v 0.381206 0.038966 3.337072
v 0.433228 0.043100 3.342460
v 0.332827 0.067774 3.374616
v 0.465072 0.067774 3.374616
v 0.462285 0.056408 3.376154
v 0.453337 0.043100 3.368470
v 0.440682 0.032234 3.362197
v 0.425184 0.024551 3.357761
v 0.407898 0.020574 3.355465
v 0.390001 0.020574 3.355465
v 0.372715 0.024551 3.357761
v 0.357217 0.032234 3.362197
v 0.344562 0.043100 3.368470
v 0.335614 0.056407 3.376154
v 0.331179 0.069981 3.383990
v 0.465072 0.064391 3.378000
v 0.364671 0.032234 3.353325
v 0.381206 0.026847 3.349192
v 0.416693 0.026847 3.349192
v 0.433228 0.032234 3.353325
v 0.332827 0.064390 3.378000
v 0.458321 0.051972 3.368470
v 0.350473 0.040804 3.359901
v 0.398950 0.025010 3.347782
v 0.447426 0.040804 3.359901
v 0.339578 0.051972 3.368470
v 0.462285 0.053809 3.382427
v 0.453337 0.038966 3.378450
v 0.440682 0.026847 3.375202
v 0.425184 0.018277 3.372906
v 0.407898 0.013842 3.371718
v 0.390001 0.013842 3.371718
v 0.372715 0.018277 3.372906
v 0.357217 0.026847 3.375202
v 0.344562 0.038966 3.378450
v 0.335614 0.053809 3.382427
v 0.339578 0.047536 3.376154
v 0.350473 0.034530 3.370767
v 0.381206 0.018277 3.364035
v 0.398950 0.016138 3.363148
v 0.433228 0.024551 3.366633
v 0.447426 0.034530 3.370767
v 0.332827 0.061998 3.382144
v 0.465072 0.061998 3.382144
v 0.364671 0.024551 3.366633
v 0.416693 0.018277 3.364035
v 0.458321 0.047536 3.376154
v 0.462285 0.052923 3.389159
v 0.453337 0.037556 3.389159
v 0.440682 0.025010 3.389159
v 0.425184 0.016138 3.389159
v 0.407898 0.011545 3.389159
v 0.390001 0.011545 3.389159
v 0.372715 0.016138 3.389159
v 0.357217 0.025010 3.389159
v 0.344562 0.037556 3.389159
v 0.335614 0.052923 3.389159
v 0.458321 0.045239 3.384723
v 0.465072 0.060759 3.386766
v 0.350473 0.031283 3.382886
v 0.364671 0.020574 3.381476
v 0.398950 0.011545 3.380287
v 0.416693 0.013842 3.380589
v 0.447426 0.031283 3.382886
v 0.339578 0.045239 3.384723
v 0.381206 0.013841 3.380589
v 0.433228 0.020574 3.381476
v 0.332827 0.060759 3.386766
v 0.462285 0.053809 3.395891
v 0.453337 0.038966 3.399868
v 0.440682 0.026847 3.403116
v 0.425184 0.018277 3.405412
v 0.407898 0.013842 3.406600
v 0.390001 0.013842 3.406600
v 0.372715 0.018277 3.405412
v 0.357217 0.026847 3.403116
v 0.344562 0.038966 3.399868
v 0.335614 0.053809 3.395891
v 0.332827 0.060759 3.391552
v 0.339578 0.045239 3.393595
v 0.465072 0.060759 3.391552
v 0.364671 0.020574 3.396842
v 0.381206 0.013841 3.397729
v 0.416693 0.013842 3.397729
v 0.433228 0.020574 3.396842
v 0.458321 0.045239 3.393595
v 0.350473 0.031283 3.395432
v 0.398950 0.011545 3.398031
v 0.447426 0.031283 3.395432
v 0.462285 0.056407 3.402164
v 0.453337 0.043100 3.409848
v 0.440682 0.032234 3.416121
v 0.425184 0.024551 3.420557
v 0.407898 0.020574 3.422853
v 0.390001 0.020574 3.422853
v 0.372715 0.024551 3.420557
v 0.357217 0.032234 3.416121
v 0.344562 0.043100 3.409848
v 0.335614 0.056407 3.402165
v 0.447426 0.034530 3.407552
v 0.458321 0.047536 3.402165
v 0.339578 0.047536 3.402165
v 0.350473 0.034530 3.407552
v 0.381206 0.018277 3.414284
v 0.398950 0.016138 3.415170
v 0.433228 0.024551 3.411685
v 0.332827 0.061998 3.396174
v 0.465072 0.061998 3.396174
v 0.364671 0.024551 3.411685
v 0.416693 0.018277 3.414284
v 0.462285 0.060541 3.407552
v 0.453337 0.049675 3.418417
v 0.440682 0.040804 3.427289
v 0.425184 0.034530 3.433562
v 0.407898 0.031283 3.436810
v 0.390001 0.031283 3.436810
v 0.372715 0.034530 3.433562
v 0.357217 0.040804 3.427289
v 0.344562 0.049675 3.418417
v 0.335614 0.060541 3.407552
v 0.332827 0.064390 3.400319
v 0.458321 0.051972 3.409848
v 0.465072 0.064391 3.400318
v 0.350473 0.040804 3.418417
v 0.364671 0.032234 3.424993
v 0.398950 0.025010 3.430537
v 0.416693 0.026847 3.429127
v 0.447426 0.040804 3.418417
v 0.339578 0.051972 3.409848
v 0.381206 0.026847 3.429127
v 0.433228 0.032234 3.424993
v 0.462285 0.065928 3.411685
v 0.453337 0.058245 3.424993
v 0.440682 0.051972 3.435859
v 0.425184 0.047536 3.443542
v 0.407898 0.045239 3.447519
v 0.390001 0.045239 3.447519
v 0.372715 0.047536 3.443542
v 0.357217 0.051972 3.435859
v 0.344562 0.058245 3.424993
v 0.335614 0.065928 3.411685
v 0.433228 0.043100 3.435859
v 0.447426 0.049675 3.427289
v 0.332827 0.067774 3.403702
v 0.339578 0.058245 3.416121
v 0.465072 0.067774 3.403702
v 0.364671 0.043100 3.435859
v 0.381206 0.038966 3.441246
v 0.416693 0.038966 3.441246
v 0.458321 0.058245 3.416121
v 0.350473 0.049675 3.427289
v 0.398950 0.037556 3.443083
v 0.462285 0.072201 3.414284
v 0.453337 0.068224 3.429127
v 0.440682 0.064977 3.441246
v 0.425184 0.062681 3.449815
v 0.407898 0.061492 3.454251
v 0.390001 0.061492 3.454251
v 0.372715 0.062681 3.449815
v 0.357217 0.064977 3.441246
v 0.344562 0.068224 3.429127
v 0.335614 0.072201 3.414284
v 0.447426 0.060541 3.433562
v 0.458321 0.065928 3.420557
v 0.339578 0.065928 3.420557
v 0.350473 0.060541 3.433562
v 0.381206 0.053809 3.449816
v 0.398950 0.052923 3.451955
v 0.433228 0.056407 3.443542
v 0.332827 0.071919 3.406095
v 0.465072 0.071919 3.406095
v 0.364671 0.056407 3.443542
v 0.416693 0.053809 3.449815
v 0.462285 0.078934 3.415170
v 0.453337 0.078934 3.430537
v 0.440682 0.078934 3.443083
v 0.425184 0.078934 3.451955
v 0.407898 0.078934 3.456547
v 0.390001 0.078934 3.456547
v 0.372715 0.078934 3.451955
v 0.357217 0.078934 3.443083
v 0.344562 0.078934 3.430537
v 0.335614 0.078934 3.415170
v 0.416693 0.070364 3.454251
v 0.433228 0.071250 3.447519
v 0.332827 0.076541 3.407333
v 0.458321 0.074498 3.422853
v 0.465072 0.076541 3.407333
v 0.350473 0.072660 3.436810
v 0.364671 0.071250 3.447519
v 0.398950 0.070062 3.456547
v 0.447426 0.072660 3.436810
v 0.339578 0.074498 3.422853
v 0.381206 0.070364 3.454251
v 0.462285 0.085666 3.414284
v 0.453337 0.089643 3.429127
v 0.440682 0.092890 3.441246
v 0.425184 0.095186 3.449816
v 0.407898 0.096375 3.454251
v 0.390001 0.096375 3.454251
v 0.372715 0.095186 3.449816
v 0.357217 0.092890 3.441246
v 0.344562 0.089643 3.429127
v 0.335614 0.085666 3.414284
v 0.433228 0.086617 3.447519
v 0.447426 0.085207 3.436810
v 0.332827 0.081326 3.407333
v 0.339578 0.083370 3.422853
v 0.465072 0.081326 3.407333
v 0.364671 0.086617 3.447519
v 0.381206 0.087503 3.454251
v 0.416693 0.087503 3.454251
v 0.458321 0.083370 3.422853
v 0.350473 0.085207 3.436810
v 0.398950 0.087805 3.456547
v 0.462285 0.091939 3.411685
v 0.453337 0.099622 3.424993
v 0.440682 0.105896 3.435859
v 0.425184 0.110332 3.443542
v 0.407898 0.112628 3.447519
v 0.390001 0.112628 3.447519
v 0.372715 0.110332 3.443542
v 0.357217 0.105896 3.435859
v 0.344562 0.099622 3.424993
v 0.335614 0.091939 3.411685
v 0.398950 0.104944 3.451955
v 0.416693 0.104058 3.449816
v 0.447426 0.097326 3.433562
v 0.458321 0.091939 3.420557
v 0.339578 0.091939 3.420557
v 0.350473 0.097326 3.433562
v 0.381206 0.104058 3.449816
v 0.433228 0.101460 3.443542
v 0.332827 0.085949 3.406095
v 0.465072 0.085949 3.406095
v 0.364671 0.101460 3.443542
v 0.462285 0.097326 3.407552
v 0.453337 0.108192 3.418417
v 0.440682 0.117064 3.427289
v 0.425184 0.123337 3.433563
v 0.407898 0.126584 3.436810
v 0.390001 0.126584 3.436810
v 0.372715 0.123337 3.433563
v 0.357217 0.117064 3.427289
v 0.344562 0.108192 3.418417
v 0.335614 0.097326 3.407552
v 0.416693 0.118901 3.441246
v 0.433228 0.114767 3.435859
v 0.332827 0.090093 3.403702
v 0.458321 0.099622 3.416121
v 0.465072 0.090093 3.403702
v 0.350473 0.108192 3.427289
v 0.364671 0.114767 3.435859
v 0.398950 0.120311 3.443083
v 0.447426 0.108192 3.427289
v 0.339578 0.099622 3.416121
v 0.381206 0.118901 3.441246
v 0.462285 0.101460 3.402164
v 0.453337 0.114767 3.409848
v 0.440682 0.125633 3.416121
v 0.425184 0.133316 3.420557
v 0.407898 0.137294 3.422853
v 0.390001 0.137294 3.422853
v 0.372715 0.133316 3.420557
v 0.357217 0.125633 3.416121
v 0.344562 0.114767 3.409848
v 0.335614 0.101460 3.402164
v 0.381206 0.131020 3.429127
v 0.398950 0.132858 3.430537
v 0.433228 0.125633 3.424993
v 0.447426 0.117064 3.418417
v 0.332827 0.093477 3.400319
v 0.339578 0.105896 3.409848
v 0.465072 0.093477 3.400318
v 0.364671 0.125633 3.424993
v 0.416693 0.131020 3.429127
v 0.458321 0.105896 3.409848
v 0.350473 0.117064 3.418417
v 0.462285 0.104058 3.395891
v 0.453337 0.118901 3.399868
v 0.440682 0.131020 3.403116
v 0.425184 0.139590 3.405412
v 0.407898 0.144026 3.406600
v 0.390001 0.144026 3.406600
v 0.372715 0.139590 3.405412
v 0.357217 0.131020 3.403116
v 0.344562 0.118901 3.399868
v 0.335614 0.104058 3.395891
v 0.398950 0.141729 3.415170
v 0.416693 0.139590 3.414284
v 0.447426 0.123337 3.407552
v 0.458321 0.110332 3.402164
v 0.339578 0.110332 3.402165
v 0.350473 0.123337 3.407552
v 0.381206 0.139590 3.414284
v 0.433228 0.133316 3.411685
v 0.332827 0.095869 3.396174
v 0.465072 0.095869 3.396174
v 0.364671 0.133316 3.411685
v 0.436055 0.036707 3.451386
v 0.472300 0.059705 3.338136
v 0.449558 0.127422 3.344210
v 0.421200 0.096145 3.463814
v 0.439002 0.140722 3.373479
v 0.470295 0.042257 3.364594
v 0.461300 0.093596 3.337168
v 0.427670 0.064249 3.460669
v 0.474721 0.036763 3.270028
v 0.427955 0.017584 3.470830
v 0.394478 0.208680 3.310112
v 0.402002 0.106011 3.491693
v 0.421018 0.061076 3.475464
v 0.462993 0.096848 3.325350
v 0.475542 0.031146 3.355874
v 0.434122 0.155687 3.371021
v 0.466720 0.089271 3.389159
v 0.331179 0.089271 3.389159
v 0.466720 0.088919 3.386484
v 0.331179 0.088919 3.386484
v 0.466720 0.087886 3.383990
v 0.331179 0.087886 3.383990
v 0.466720 0.086244 3.381850
v 0.331179 0.086243 3.381850
v 0.466720 0.084102 3.380206
v 0.331179 0.084102 3.380206
v 0.466720 0.081609 3.379174
v 0.331179 0.081609 3.379174
v 0.466720 0.078934 3.378821
v 0.331179 0.078934 3.378821
v 0.466720 0.076258 3.379174
v 0.331179 0.076258 3.379174
v 0.466720 0.073765 3.380206
v 0.331179 0.073765 3.380206
v 0.331179 0.071624 3.381849
v 0.466720 0.069981 3.383990
v 0.466720 0.068948 3.386484
v 0.331179 0.068948 3.386484
v 0.466720 0.068596 3.389159
v 0.331179 0.068596 3.389159
v 0.466720 0.068948 3.391835
v 0.331179 0.068948 3.391835
v 0.466720 0.069981 3.394328
v 0.331179 0.069981 3.394328
v 0.466720 0.071624 3.396469
v 0.331179 0.071624 3.396469
v 0.466720 0.073765 3.398112
v 0.331179 0.073765 3.398112
v 0.466720 0.076258 3.399145
v 0.331179 0.076258 3.399145
v 0.466720 0.078934 3.399497
v 0.331179 0.078934 3.399497
v 0.466720 0.081609 3.399145
v 0.331179 0.081609 3.399145
v 0.466720 0.084102 3.398112
v 0.331179 0.084102 3.398112
v 0.466720 0.086244 3.396469
v 0.331179 0.086243 3.396469
v 0.466720 0.087886 3.394328
v 0.331179 0.087886 3.394328
v 0.466720 0.088919 3.391835
v 0.331179 0.088919 3.391835
v 0.364671 0.137294 3.396842
v 0.381206 0.144026 3.397729
v 0.416693 0.144026 3.397729
v 0.433228 0.137294 3.396842
v 0.332827 0.097108 3.391552
v 0.458321 0.112628 3.393595
v 0.465072 0.097108 3.391552
v 0.350473 0.126584 3.395432
v 0.398950 0.146322 3.398031
v 0.447426 0.126584 3.395432
v 0.339578 0.112628 3.393595
v 0.314429 0.204811 3.529459
v 0.000000 0.277037 3.627786
v 0.431841 -0.104135 3.440202
v 0.490993 -0.367960 3.219213
v 0.394557 -0.444136 3.371379
v 0.311525 -0.313902 3.220577
v 0.000000 -0.302262 3.458113
v 0.149245 0.310378 3.421151
v 0.149749 -0.313693 3.457383
v 0.359342 -0.388857 3.405116
v 0.424911 0.123198 3.437546
v 0.450755 0.030434 3.424027
v 0.450590 0.017087 3.428155
v 0.417099 0.133974 3.448854
v 0.465314 0.026834 3.393508
v 0.424852 0.093045 3.455829
v 0.466205 0.008278 3.388717
v 0.428861 0.146632 3.407445
v 0.218776 -0.312359 3.319898
v 0.339474 -0.349755 3.317221
v 0.065556 0.301121 3.535037
v 0.082852 -0.289780 3.314475
v 0.443986 -0.437289 3.278160
v 0.416974 -0.404845 3.297688
v 0.241942 0.261981 3.483587
v 0.415525 0.169496 3.418167
v 0.460399 -0.243487 3.327105
v 0.341006 -0.411908 3.560592
v 0.252010 0.059697 3.772750
v 0.000000 0.144368 3.853088
v 0.298381 -0.150188 3.741428
v 0.316377 -0.445921 3.547431
v 0.123106 0.204186 3.735286
v 0.245742 -0.403978 3.614954
v 0.271459 -0.424640 3.603342
v 0.054406 0.180740 3.804843
v 0.279267 -0.463765 3.629850
v 0.317558 -0.286765 3.657676
v 0.314848 0.000631 3.698036
v 0.197609 0.141034 3.756711
v 0.477405 0.052685 3.318841
v 0.411681 -0.005694 3.495550
v 0.438217 0.151582 3.332407
v 0.368581 0.118317 3.528336
v 0.460520 -0.018795 3.382303
v 0.385292 0.198161 3.433415
v 0.411582 0.191588 3.371113
v 0.443625 -0.011198 3.438602
v 0.478413 0.012831 3.336906
v 0.454382 0.111743 3.302292
v 0.398264 0.053836 3.511244
v 0.390252 0.157711 3.478367
v 0.435167 0.135280 3.373648
v 0.463934 0.044388 3.365749
v 0.455666 0.091762 3.340013
v 0.424621 0.064290 3.454817
v 0.422108 0.118971 3.433190
v 0.445948 0.033225 3.421012
v 0.408369 0.087793 3.446469
v 0.431130 0.139557 3.405790
v 0.449656 0.121113 3.349623
v 0.468288 0.064334 3.345128
v 0.463076 0.033853 3.394948
v 0.437141 0.042890 3.445826
v 0.412191 0.114449 3.365566
v 0.432468 0.050386 3.359998
v 0.426640 0.083776 3.341858
v 0.401160 0.061229 3.436082
v 0.399389 0.099770 3.420838
v 0.416193 0.039333 3.412255
v 0.411369 0.077113 3.388666
v 0.414251 0.131373 3.399585
v 0.431609 0.114091 3.346959
v 0.449066 0.060893 3.342748
v 0.444183 0.032333 3.389427
v 0.419883 0.040801 3.437097
v 0.475529 0.044825 3.291778
v 0.412791 0.185245 3.319157
v 0.401943 -0.021287 3.511598
v 0.345310 0.134117 3.555366
v 0.457699 -0.041164 3.377497
v 0.359641 0.217855 3.443589
v 0.356537 0.177132 3.502559
v 0.374262 0.050500 3.539920
v 0.440424 0.123732 3.280899
v 0.475034 -0.008504 3.318342
v 0.433214 -0.037500 3.446288
v 0.380879 0.221367 3.371485
v 1.926839 -0.206529 -0.809357
v 2.025695 -0.107998 0.276732
v 1.611586 -0.323551 -1.833696
v 1.410454 -0.230547 -2.187283
v 1.185136 -0.271274 -3.060303
v 1.504584 -0.316179 -2.313384
v 1.221529 -0.224107 -2.819151
v 0.898605 -0.364901 -3.317948
v 0.362910 -0.172258 -2.865395
v 0.000000 -0.226118 -3.089250
v 0.946016 -0.277269 -3.125027
v 0.539516 -0.314343 -3.165052
v 0.459426 -0.226530 -3.001475
v 0.075053 -0.201237 -2.978535
v 0.745704 -0.297430 -3.150476
v 1.934216 0.097933 0.985158
v 1.727954 0.201387 1.568480
v 1.873404 0.132852 1.302792
v 1.294281 0.364488 1.945310
v 0.417589 0.642044 2.294823
v 1.534943 0.299829 1.810939
v 1.550842 0.234123 1.786529
v 1.996652 -0.112133 0.853946
v 0.814288 0.498408 2.177142
v 0.518220 0.558747 2.301773
v 1.001096 0.526099 2.147722
v 0.599143 -0.909791 2.216181
v 0.484429 -0.983031 2.163986
v 0.823264 -0.866411 2.141016
v 1.585636 -0.895862 1.789235
v 1.316595 -0.933461 1.994183
v 1.274161 -0.945855 -1.651638
v 1.002317 -0.939622 2.063440
v 1.785222 -0.847583 1.383237
v 1.899275 -0.815123 0.273426
v 1.528278 -0.839692 1.894608
v 1.885129 -0.731896 1.373379
v 1.855235 -0.707469 1.718118
v 1.892538 -0.755632 0.975212
v 0.814687 -0.908889 -2.276857
v 0.483354 -0.995970 -1.955477
v 0.000000 -0.995538 -1.925155
v 0.094512 -0.933357 -2.262915
v 1.121177 -0.912969 -2.009718
v 0.600060 -0.939755 -2.255247
v 1.193371 -0.882946 -2.142550
v 1.589336 -0.842062 -2.156129
v 1.997511 -0.501308 0.840810
v 1.881423 -0.545189 -0.811475
v 1.720268 -0.657409 -2.107741
v 0.399511 -1.058705 -1.530457
v 0.509677 -1.056068 1.968166
v 0.581588 0.834038 -1.560004
v 0.485361 0.769664 2.145200
v 0.512651 -1.174243 1.003934
v 0.190358 -0.806523 -2.830147
v 0.241591 0.311463 -2.796741
v 0.263792 -0.012135 -2.753734
v 0.508851 -1.193020 0.268705
v 0.208128 1.200286 1.188876
v 0.223707 1.253784 0.237738
v 0.269145 -0.133139 -2.770873
v 0.363489 0.454025 -2.405550
v 0.083982 -0.868916 -2.470022
v 0.103583 0.050820 -3.467241
v 0.107673 -0.045703 -3.524468
v 0.125560 -0.065106 -3.459187
v 0.069551 -0.020036 -3.113119
v 0.171208 0.185621 -3.153146
v 0.112787 -0.583183 -3.549655
v 0.104116 -0.502585 -3.629592
v 0.110842 -0.403416 -3.570339
v 0.046332 -0.695431 -3.236161
v 0.165954 -0.261653 -3.236468
v 0.476752 -1.152769 -0.703085
v 0.224785 1.147252 -0.786427
v 0.225158 -0.195304 -2.974410
v 0.283537 -0.947940 -2.269542
v 0.175626 -0.903164 -2.396966
v 0.130949 -0.223157 -3.093688
v 0.074318 -0.068440 -3.536407
v 0.167526 -0.173474 -2.861501
v 0.082055 -0.637437 -3.424000
v 0.107813 -0.753685 -3.036237
v 0.071275 -0.540410 -3.632997
v 0.068700 -0.458993 -3.650274
v 0.136512 0.252897 -2.976169
v 0.161428 -0.002125 -2.896787
v 0.109248 -0.044978 -3.309589
v 0.066798 -0.009268 -3.532699
v 0.224856 -0.998726 -1.938782
v 0.316123 0.649695 -1.999110
v 0.182035 -0.070733 -2.724311
v 0.193486 0.370106 -2.635491
v 0.341768 -1.125000 1.520520
v 0.373860 0.987342 1.704177
v 0.149339 -0.842040 -2.628630
v 0.089746 -0.330430 -3.425009
v 0.088245 0.112919 -3.342342
v 0.333109 -1.017394 2.134683
v 0.289242 0.699125 2.258568
v -1.341841 -1.022688 1.461023
v -1.566963 0.090624 -1.734769
v -1.601949 0.354082 1.717567
v -1.490705 0.645949 1.536069
v -1.627500 -0.965912 0.972093
v -1.295577 0.972439 1.110738
v -0.791791 0.045712 -2.796629
v -0.924992 -0.953768 -1.970533
v -0.804082 0.180737 -2.651400
v -1.627230 -0.242086 -1.801148
v -2.116114 -0.290164 0.944128
v -1.816161 0.459758 1.024196
v -0.848788 -0.110421 -2.789478
v -0.991966 -0.072216 -2.663763
v -1.818656 0.226825 1.320557
v -1.628780 -0.982632 0.264542
v -1.364160 0.959303 0.207300
v -1.911164 0.318047 0.236332
v -1.610894 -0.742318 -1.766661
v -1.427523 -0.873307 -1.724340
v -1.745765 -0.810995 1.719678
v -1.455615 -0.285377 -2.707611
v -1.925642 -0.717111 0.271341
v -1.830382 -0.780555 1.364264
v -0.699945 -0.550835 -3.431880
v -0.133170 -1.066039 -1.509443
v -0.169747 -1.067356 1.969422
v -0.193863 0.886956 -1.545215
v -0.158296 0.820339 2.104593
v -0.170884 -1.188290 1.002023
v -0.063453 -0.799443 -2.830200
v -0.080531 0.321766 -2.795902
v -0.087931 -0.017037 -2.757785
v -0.169617 -1.205414 0.268922
v -0.520189 -0.772113 -3.105317
v -0.813933 -0.686375 2.214884
v -0.725228 -0.258780 2.361460
v -0.689147 -0.051368 -2.915196
v -0.323566 -0.409932 -3.362036
v -0.663545 1.153272 1.166506
v -0.699847 1.198718 0.226199
v -0.811165 -1.022045 -1.594291
v -1.020790 -1.017128 1.922399
v -1.128055 0.615271 -1.614977
v -1.037950 0.636889 2.049543
v -1.025303 -1.129933 0.990696
v -0.409780 -0.822832 -2.848984
v -0.525859 0.245261 -2.794406
v -1.018490 -1.149803 0.262425
v -1.052457 -0.731412 2.039333
v -0.173431 -0.638577 -3.401396
v -0.726256 -1.104309 1.514573
v -0.826663 0.918690 1.696470
v -0.326404 -0.852930 -2.625257
v -0.704547 -0.203311 -2.932878
v -0.973941 -0.511240 2.121762
v -1.874277 -0.815653 0.967097
v -0.380815 -0.072099 -2.730630
v -0.419208 0.339870 -2.641265
v -1.670394 -0.530693 -1.811646
v -2.049963 0.040706 1.111934
v -0.718768 -0.412610 -3.354874
v -2.015096 -0.260784 0.254946
v -0.235255 -0.759757 -3.040199
v -0.991158 0.064669 2.090191
v -0.348996 -0.509663 -3.399968
v -0.564630 -0.136240 -2.792307
v -1.083455 -0.244257 2.066487
v -0.089715 -0.137687 -2.765678
v -1.033171 -0.152883 -2.669096
v -0.115595 -0.798931 2.558221
v -0.060894 0.463888 2.627369
v -0.353958 0.333842 2.734178
v -0.575225 -0.493112 2.692399
v -0.247331 -0.467591 3.703728
v -0.466830 0.263815 2.523175
v -0.630862 -0.413366 2.507940
v -0.546815 -0.619586 2.547888
v -0.310148 -0.651630 3.492407
v -0.633708 -0.078463 2.481077
v -0.626086 0.191101 2.352239
v -0.711418 -1.008586 2.115245
v -0.076852 -0.697423 3.626024
v -0.051673 0.076221 3.883904
v -0.058278 -0.188782 3.901936
v -0.076309 -0.598509 3.727434
v -0.092287 -0.564520 2.700543
v -0.251455 -0.041595 3.805752
v -0.370706 -0.461755 3.460966
v -0.273646 -0.600318 3.577539
v -0.232804 -0.358650 3.774726
v -0.065702 -0.487437 3.805528
v -0.557859 0.076570 2.680024
v -0.338952 0.248364 3.378166
v -0.451192 -0.501732 3.298696
v -0.559389 -0.320209 3.020169
v -0.473590 -0.681821 3.022518
v -0.481153 -0.070456 3.294511
v -0.517308 -0.189844 3.169931
v -0.444054 0.139658 3.223315
v -0.495067 -0.575073 3.154114
v -0.109822 -0.791667 3.207517
v -0.532884 -0.417972 3.110832
v -0.262808 0.300220 3.283147
v -0.421504 -0.405063 3.377381
v -0.410030 -0.668152 3.292626
v -0.290625 0.117043 3.662567
v -0.332650 -0.538396 3.532429
v -0.360839 -0.100366 3.605659
v -0.394075 -0.262880 3.495735
v -0.359531 0.047009 3.576458
v -0.391054 -0.586978 3.418368
v -0.091424 -0.755040 3.428324
v -0.374971 0.425599 2.436624
v -0.221361 0.205218 3.636284
v -0.380026 0.272995 3.104437
v -0.550315 -0.471713 3.012260
v -0.520288 0.024236 3.068160
v -0.609492 -0.280352 2.675989
v -0.476658 -0.679323 2.718424
v -0.274615 0.367453 2.931865
v -0.585136 -0.395789 2.863481
v -0.116629 -0.796521 2.870186
v -0.544408 -0.583661 2.869979
v -0.476326 0.202221 2.903703
v -0.578950 -0.128742 2.875557
v -2.414452 -0.036545 1.173103
v -2.146172 0.121149 1.376335
v -2.257292 -0.485664 1.036227
v -2.125537 -0.682407 1.427004
v -1.924909 0.209654 1.971064
v -1.900032 -0.633734 2.036573
v -1.747957 -0.383338 2.401616
v -2.315419 0.131452 1.664527
v -2.260852 -0.132152 1.042832
v -1.755758 0.010005 2.393382
v -2.289838 -0.616782 1.755797
v -2.403569 -0.586060 1.175398
v -2.050820 -0.657447 1.114254
v -1.749609 -0.750739 1.686595
v -1.863980 0.189380 1.612606
v -1.095298 0.297170 2.011425
v -1.543463 0.184542 2.082327
v -1.427721 -0.208299 2.276396
v -1.508345 -0.775761 1.854344
v -1.243412 0.023840 2.051811
v -1.251854 -0.841224 1.959288
v -1.211974 -0.492428 2.072454
v -1.510446 -0.617310 2.120950
v -1.325566 0.452806 2.017140
v -3.147843 -0.409462 1.995625
v -3.029328 -0.480182 1.578355
v -3.132226 -0.063290 1.982421
v -3.175842 -0.231062 2.137820
v -2.461245 -0.303439 1.027305
v -2.173472 -0.496411 2.290389
v -2.145405 -0.192763 2.464846
v -2.174852 0.092796 2.269380
v -3.901950 -0.160070 1.009188
v -4.163614 -0.171606 1.375641
v -4.251558 -0.256833 1.487743
v -4.182146 -0.347457 1.381459
v -2.915865 -0.462133 1.068634
v -3.014331 -0.040579 1.483935
v -2.923405 -0.139281 1.068683
v -2.901115 -0.296087 0.943964
v -5.078524 -0.333189 0.591999
v -4.261276 -0.207155 0.536698
v -4.120678 -0.328954 0.355265
v -4.280651 -0.367579 0.574202
v -4.515552 -0.189262 0.856063
v -4.550695 -0.355795 0.894590
v -4.705081 -0.305082 1.072227
v -4.608900 -0.296577 0.052730
v -4.129654 -0.259542 0.360740
v -4.698288 -0.229560 1.076679
v -4.659555 -0.245940 0.118783
v -4.840293 -0.214067 0.333673
v -3.631965 -0.289864 0.607729
v -3.683724 -0.374213 0.703963
v -3.944703 -0.383382 1.080881
v -3.690740 -0.210209 0.701656
v -5.302115 -0.264794 -0.020783
v -5.090127 -0.245191 -0.042855
v -5.011058 -0.326941 -0.132765
v -5.103105 -0.348408 -0.020625
v -5.286644 -0.232620 0.175562
v -5.309895 -0.339768 0.198156
v -5.398442 -0.311581 0.288802
v -5.317061 -0.325321 -0.001631
v -5.014429 -0.274309 -0.132939
v -5.391540 -0.255018 0.288264
v -5.420476 -0.290874 0.105188
v -5.206637 -0.299827 -0.127265
v -5.138145 -0.275579 0.666529
v -5.063578 -0.221401 0.589001
v -4.654091 -0.350198 0.121027
v -4.877284 -0.356027 0.384246
v -0.701423 -0.871965 -2.676229
v -1.182943 0.287812 -2.083051
v -1.401178 -0.126756 -2.173789
v -1.988437 -0.529176 0.251791
v -0.383172 -0.915423 -2.388427
v -0.667887 0.588901 -2.019503
v -1.273889 -0.215249 -2.532120
v -1.193524 -0.153956 -2.467376
v -0.121163 0.489365 -2.392163
v -0.545297 -0.893544 -2.446364
v -0.251945 -0.879663 -2.468117
v -1.567544 -0.736377 1.862601
v -1.094826 0.051207 -2.456539
v -1.143772 -0.883065 -2.585242
v -0.735847 0.341485 -2.421200
v -0.034528 0.040901 -3.489437
v -0.035891 -0.051582 -3.552319
v -0.041853 -0.070052 -3.490386
v -0.344070 -0.042014 -3.267877
v -0.172533 0.003029 -3.449636
v -0.574163 0.143071 -2.928458
v -0.189695 0.120867 -3.300541
v -0.349105 -0.011899 -2.879767
v -0.296171 0.084134 -3.261218
v -0.297198 0.239457 -2.962099
v -0.232506 -0.044854 -3.254629
v -0.539120 -0.079456 -3.052619
v -0.208653 -0.015024 -3.078665
v -0.352635 0.165125 -3.091988
v -0.499833 0.034346 -3.066319
v -0.057069 0.183229 -3.167629
v -0.260780 -0.544597 -3.468925
v -0.037596 -0.581347 -3.582283
v -0.034705 -0.502329 -3.670591
v -0.206203 -0.579832 -3.485635
v -0.201272 -0.503324 -3.545317
v -0.147526 -0.540564 -3.581871
v -0.267122 -0.467548 -3.465749
v -0.144197 -0.460590 -3.594433
v -0.211892 -0.422614 -3.490379
v -0.036947 -0.404067 -3.605295
v -0.188633 -0.339441 -3.403052
v -0.305411 -0.615722 -3.372447
v -0.866141 -0.833959 -3.034774
v -0.278229 -0.231967 -3.099687
v -0.138995 -0.699398 -3.234510
v -0.468660 -0.601691 -3.351230
v -0.327414 -0.313608 -3.239029
v -0.483143 -0.453672 -3.342279
v -0.293960 -0.698405 -3.234605
v -0.055318 -0.263229 -3.230898
v -1.623314 -0.876006 -2.618722
v -1.865195 -0.778656 -2.399001
v -1.042318 -0.797871 -3.376678
v -1.170392 -0.373441 -3.348326
v -1.900100 -0.581904 -2.408807
v -1.446910 -0.310777 -3.023322
v -1.279641 -0.858863 -3.024216
v -1.737387 -0.397224 -2.650396
v -0.936257 -0.667776 -3.553933
v -0.952458 -0.511633 -3.545967
v -0.968244 -0.192422 -2.879381
v -1.704458 -0.444807 -2.218550
v -0.710219 -0.720289 -3.355444
v -2.094914 -0.863247 -3.279584
v -2.295499 -0.794862 -3.146179
v -2.423448 -0.752746 -3.514970
v -2.140697 -0.591993 -3.719496
v -1.476229 -0.805177 -3.742462
v -1.513090 -0.501317 -3.730169
v -2.312792 -0.659887 -3.154493
v -2.376426 -0.651281 -3.547329
v -1.851215 -0.498664 -3.504416
v -1.783994 -0.853732 -3.515606
v -1.838318 -0.837357 -3.871193
v -2.141206 -0.548125 -3.289809
v -1.539930 -0.769243 -3.998580
v -2.348043 -0.847151 -3.540596
v -2.105391 -0.860624 -3.718725
v -1.295097 -0.703172 -3.878950
v -1.293736 -0.574234 -3.879756
v -2.324098 -0.850111 -3.879056
v -2.426033 -0.814976 -3.808079
v -2.037714 -0.784435 -4.141816
v -2.170174 -0.743153 -4.116741
v -1.822197 -0.799570 -4.098298
v -1.835620 -0.626106 -4.095902
v -2.441712 -0.723624 -3.807587
v -2.042345 -0.686715 -4.137778
v -2.124904 -0.644689 -4.020081
v -2.109409 -0.839596 -4.025362
v -2.381748 -0.764832 -3.977074
v -2.346831 -0.672805 -3.879178
v -2.273840 -0.705539 -4.055513
v -2.267067 -0.805278 -4.056144
v -1.883040 -0.717502 -4.163918
v -1.691430 -0.741534 -4.129901
v -1.697571 -0.651739 -4.132702
v -1.875119 -0.573071 -3.859798
v -1.487919 -0.668308 -4.035293
v -1.546819 -0.575689 -4.001261
v -0.418487 -0.051976 -3.033316
v -0.189952 -0.065772 -3.447809
v -0.345492 -0.072841 -3.239338
v -0.557166 -0.064808 -2.779870
v -0.648894 -0.092118 -2.899027
v -0.223793 -0.491192 3.673959
v -0.074276 -0.570008 3.709459
v -0.420953 -0.308316 2.855952
v -0.463407 -0.412048 3.208425
v -0.061375 -0.503038 3.760827
v -0.317158 -0.516628 3.522080
v -0.496394 -0.423782 3.140526
v -0.380056 -0.499526 3.436614
v -0.270766 -0.531348 3.600867
v -0.185091 -0.561505 3.730496
v -0.412442 -0.323405 3.113174
v -0.134632 -0.640238 3.115632
v -0.504831 -0.408765 3.159338
v -0.251033 -0.345925 3.426410
v -0.087948 -0.245229 3.075412
v -0.470690 -0.458862 3.172401
v -0.492468 -0.449712 3.182275
v -0.428940 -0.480160 3.296788
v -0.190322 -0.475093 3.684542
v -0.274423 -0.540366 3.558046
v -0.334700 -0.407182 2.725350
v -0.082797 -0.215182 2.728396
v -0.431240 -0.525659 2.839741
v -0.488314 -0.417567 2.912223
v -0.384054 -0.613925 2.913974
v -0.285455 -0.379731 3.504287
v -0.340746 -0.252214 2.945226
v -0.081063 0.410629 2.954752
v -0.073416 0.347929 3.316196
v -0.191718 -0.185971 3.846270
v -0.058993 0.247647 3.694398
v -0.179656 0.052332 3.837037
v -0.226068 0.419938 2.596899
v -0.111714 0.130693 3.833657
v -0.135616 0.264819 3.598984
v -0.168524 0.364020 3.130426
v -0.149428 0.417831 2.770038
v -0.114268 -0.040815 3.888571
v -0.346835 -0.737750 3.178211
v -0.218868 -0.661442 3.571485
v -0.285721 -0.708038 3.408406
v -0.363600 -0.748012 2.564838
v -0.372077 -0.746391 2.874632
v -0.233950 -0.772467 2.712836
v -0.206402 -0.757814 3.316625
v -0.165240 -0.713725 3.517051
v -0.235136 -0.780514 3.040538
v -0.215386 -0.571209 3.649936
v -0.267836 -0.571303 2.719464
v -0.164997 -0.533808 3.775091
v -0.209654 -0.544379 3.627911
v -0.149174 -0.552435 3.733123
v -0.341850 -0.644035 3.114988
v -0.259666 -0.271801 3.097769
v -0.248392 -0.243801 2.766487
v -0.171135 -0.212841 2.909829
v -0.244542 -0.645336 3.285718
v -0.166382 -0.390159 2.671549
v -0.222227 -0.641276 2.889914
v -0.119508 -0.566119 3.763626
v -0.146060 -0.564201 3.686041
v -0.168593 -0.284173 3.210663
v -0.123806 -0.375123 3.840664
v -0.148127 -0.632453 3.658042
v -0.656634 -0.573896 2.398807
v -0.916165 -0.244048 2.174932
v -0.799916 0.324131 2.178881
v -0.507175 -0.760999 2.419567
v -0.581227 0.419155 2.298500
v -0.657629 -0.759026 2.302796
v -0.799595 -0.464212 2.281899
v -0.785093 0.022602 2.249007
v -0.082063 0.562717 2.390795
v -0.144164 -0.906522 2.298561
v -0.427088 -0.880708 2.293351
v -0.257961 -0.831044 2.412908
v -0.303087 0.531591 2.371001
v -0.145377 0.492247 2.484804
v -0.661889 0.645307 2.279139
v -0.222251 0.601254 2.312681
v -0.127427 0.670514 2.257009
v -1.774723 -0.819764 -0.774089
v -0.307769 -0.942548 2.214308
v -0.161070 -0.988618 2.174137
v -1.814342 -0.714969 -0.786406
v -1.311341 0.837147 -0.818164
v -0.959392 -1.110652 -0.735802
v -0.158917 -1.164226 -0.694276
v -0.678160 1.089526 -0.793108
v -1.524857 -0.968606 -0.767817
v -1.832464 0.200086 -0.824453
v -1.910844 -0.325812 -0.818368
v -0.108700 -0.492104 3.728663
v -0.441881 -0.555704 3.127775
v -0.481434 -0.394616 3.153788
v -0.297979 -0.400614 3.549587
v -0.219319 -0.380860 3.596978
v -0.073611 -0.329011 3.594730
v -0.055722 -0.421524 3.721967
v -0.159864 -0.425963 3.676558
v -0.490354 -0.419332 3.100039
v -0.485964 -0.488667 3.009065
v -0.431621 -0.366386 3.220001
v -0.481115 -0.353098 3.002429
v -0.122815 -0.378452 3.659458
v -0.188816 -0.348778 3.556722
v -0.348553 -0.427554 3.472942
v -0.304039 -0.576794 3.482054
v -0.153477 -0.570639 3.643405
v -0.319901 -0.546474 3.484246
v -0.236949 -0.575364 3.563437
v -0.087906 -0.596796 3.637701
v -0.374852 -0.604265 3.284456
v -0.410821 -0.514368 3.283221
v -0.190585 -0.609985 3.523902
v -0.115545 -0.625651 3.407228
v -0.359970 -0.514715 3.421547
v -0.350145 -0.562033 3.402932
v -0.287327 -0.615292 3.414565
v -0.462285 0.104944 3.389159
v -0.453337 0.120311 3.389159
v -0.440682 0.132858 3.389159
v -0.425184 0.141730 3.389159
v -0.407898 0.146322 3.389159
v -0.390001 0.146322 3.389159
v -0.372715 0.141729 3.389159
v -0.357217 0.132858 3.389159
v -0.344562 0.120311 3.389159
v -0.335614 0.104945 3.389159
v -0.462285 0.104058 3.382427
v -0.453337 0.118901 3.378450
v -0.440682 0.131020 3.375203
v -0.425184 0.139590 3.372906
v -0.407898 0.144026 3.371718
v -0.390001 0.144026 3.371718
v -0.372715 0.139590 3.372906
v -0.357217 0.131020 3.375203
v -0.344562 0.118901 3.378450
v -0.335614 0.104058 3.382427
v -0.350473 0.126584 3.382886
v -0.364671 0.137294 3.381476
v -0.398950 0.146322 3.380287
v -0.416693 0.144026 3.380590
v -0.447426 0.126584 3.382886
v -0.458321 0.112628 3.384723
v -0.339578 0.112628 3.384723
v -0.381206 0.144026 3.380589
v -0.433228 0.137294 3.381476
v -0.332827 0.097108 3.386766
v -0.465072 0.097108 3.386766
v -0.462285 0.101460 3.376154
v -0.453337 0.114767 3.368470
v -0.440682 0.125633 3.362197
v -0.425184 0.133316 3.357761
v -0.407898 0.137294 3.355465
v -0.390001 0.137294 3.355465
v -0.372715 0.133316 3.357761
v -0.357217 0.125633 3.362197
v -0.344562 0.114767 3.368470
v -0.335614 0.101460 3.376154
v -0.433228 0.133316 3.366633
v -0.447426 0.123337 3.370767
v -0.332827 0.095869 3.382144
v -0.339578 0.110332 3.376154
v -0.465072 0.095869 3.382144
v -0.364671 0.133316 3.366633
v -0.381206 0.139590 3.364034
v -0.416693 0.139590 3.364034
v -0.458321 0.110332 3.376154
v -0.350473 0.123337 3.370767
v -0.398950 0.141729 3.363148
v -0.462285 0.097326 3.370767
v -0.453337 0.108192 3.359901
v -0.440682 0.117064 3.351029
v -0.425184 0.123337 3.344756
v -0.407898 0.126584 3.341508
v -0.390001 0.126584 3.341508
v -0.372715 0.123337 3.344756
v -0.357217 0.117064 3.351029
v -0.344562 0.108192 3.359901
v -0.335614 0.097326 3.370767
v -0.398950 0.132858 3.347782
v -0.416693 0.131020 3.349192
v -0.447426 0.117064 3.359901
v -0.458321 0.105896 3.368470
v -0.339578 0.105896 3.368470
v -0.350473 0.117064 3.359901
v -0.381206 0.131020 3.349192
v -0.433228 0.125633 3.353325
v -0.332827 0.093477 3.378000
v -0.465072 0.093477 3.378000
v -0.364671 0.125633 3.353325
v -0.462285 0.091939 3.366633
v -0.453337 0.099622 3.353325
v -0.440682 0.105896 3.342460
v -0.425184 0.110332 3.334776
v -0.407898 0.112628 3.330799
v -0.390001 0.112628 3.330799
v -0.372715 0.110332 3.334776
v -0.357217 0.105896 3.342460
v -0.344562 0.099622 3.353325
v -0.335614 0.091939 3.366633
v -0.416693 0.118901 3.337073
v -0.433228 0.114767 3.342460
v -0.332827 0.090093 3.374616
v -0.458321 0.099622 3.362197
v -0.465072 0.090093 3.374616
v -0.350473 0.108192 3.351029
v -0.364671 0.114767 3.342460
v -0.398950 0.120311 3.335235
v -0.447426 0.108192 3.351029
v -0.339578 0.099622 3.362197
v -0.381206 0.118901 3.337072
v -0.462285 0.085666 3.364034
v -0.453337 0.089643 3.349192
v -0.440682 0.092890 3.337073
v -0.425184 0.095186 3.328503
v -0.407898 0.096375 3.324067
v -0.390001 0.096375 3.324067
v -0.372715 0.095186 3.328503
v -0.357217 0.092890 3.337073
v -0.344562 0.089643 3.349192
v -0.335614 0.085666 3.364034
v -0.381206 0.104058 3.328503
v -0.398950 0.104945 3.326363
v -0.433228 0.101460 3.334776
v -0.447426 0.097326 3.344756
v -0.332827 0.085949 3.372223
v -0.339578 0.091939 3.357761
v -0.465072 0.085949 3.372223
v -0.364671 0.101460 3.334776
v -0.416693 0.104058 3.328503
v -0.458321 0.091939 3.357761
v -0.350473 0.097326 3.344756
v -0.462285 0.078934 3.363148
v -0.453337 0.078934 3.347782
v -0.440682 0.078934 3.335235
v -0.425184 0.078934 3.326363
v -0.407898 0.078934 3.321771
v -0.390001 0.078934 3.321771
v -0.372715 0.078934 3.326363
v -0.357217 0.078934 3.335235
v -0.344562 0.078934 3.347782
v -0.335614 0.078934 3.363148
v -0.398950 0.087805 3.321771
v -0.416693 0.087503 3.324067
v -0.447426 0.085207 3.341508
v -0.458321 0.083370 3.355465
v -0.339578 0.083370 3.355465
v -0.350473 0.085207 3.341508
v -0.381206 0.087503 3.324067
v -0.433228 0.086617 3.330799
v -0.332827 0.081326 3.370985
v -0.465072 0.081326 3.370985
v -0.364671 0.086617 3.330799
v -0.462285 0.072201 3.364035
v -0.453337 0.068224 3.349192
v -0.440682 0.064977 3.337072
v -0.425184 0.062681 3.328503
v -0.407898 0.061492 3.324067
v -0.390001 0.061492 3.324067
v -0.372715 0.062681 3.328503
v -0.357217 0.064977 3.337072
v -0.344562 0.068224 3.349192
v -0.335614 0.072201 3.364035
v -0.364671 0.071250 3.330799
v -0.381206 0.070364 3.324067
v -0.416693 0.070364 3.324067
v -0.433228 0.071250 3.330799
v -0.332827 0.076541 3.370985
v -0.458321 0.074498 3.355465
v -0.465072 0.076541 3.370985
v -0.350473 0.072660 3.341508
v -0.398950 0.070062 3.321771
v -0.447426 0.072660 3.341508
v -0.339578 0.074498 3.355465
v -0.462285 0.065928 3.366633
v -0.453337 0.058245 3.353325
v -0.440682 0.051972 3.342460
v -0.425184 0.047536 3.334776
v -0.407898 0.045239 3.330799
v -0.390001 0.045239 3.330799
v -0.372715 0.047536 3.334776
v -0.357217 0.051972 3.342460
v -0.344562 0.058245 3.353325
v -0.335614 0.065928 3.366633
v -0.381206 0.053809 3.328503
v -0.398950 0.052923 3.326363
v -0.433228 0.056407 3.334776
v -0.447426 0.060541 3.344756
v -0.332827 0.071919 3.372223
v -0.339578 0.065928 3.357761
v -0.465072 0.071919 3.372223
v -0.364671 0.056407 3.334776
v -0.416693 0.053809 3.328503
v -0.458321 0.065928 3.357761
v -0.350473 0.060541 3.344756
v -0.466720 0.071624 3.381849
v -0.462285 0.060541 3.370767
v -0.453337 0.049675 3.359901
v -0.440682 0.040804 3.351029
v -0.425184 0.034530 3.344756
v -0.407898 0.031283 3.341508
v -0.390001 0.031283 3.341508
v -0.372715 0.034530 3.344756
v -0.357217 0.040804 3.351029
v -0.344562 0.049675 3.359901
v -0.335614 0.060541 3.370767
v -0.350473 0.049675 3.351029
v -0.364671 0.043100 3.342460
v -0.398950 0.037556 3.335235
v -0.416693 0.038966 3.337072
v -0.447426 0.049675 3.351029
v -0.458321 0.058245 3.362197
v -0.339578 0.058245 3.362197
v -0.381206 0.038966 3.337073
v -0.433228 0.043100 3.342460
v -0.332827 0.067774 3.374616
v -0.465072 0.067774 3.374616
v -0.462285 0.056408 3.376154
v -0.453337 0.043100 3.368470
v -0.440682 0.032234 3.362197
v -0.425184 0.024551 3.357761
v -0.407898 0.020574 3.355465
v -0.390001 0.020574 3.355465
v -0.372715 0.024551 3.357761
v -0.357217 0.032234 3.362197
v -0.344562 0.043100 3.368470
v -0.335614 0.056407 3.376154
v -0.331179 0.069981 3.383990
v -0.465072 0.064391 3.378000
v -0.364671 0.032234 3.353325
v -0.381206 0.026847 3.349192
v -0.416693 0.026847 3.349192
v -0.433228 0.032234 3.353325
v -0.332827 0.064390 3.378000
v -0.458321 0.051972 3.368470
v -0.350473 0.040804 3.359901
v -0.398950 0.025010 3.347782
v -0.447426 0.040804 3.359901
v -0.339578 0.051972 3.368470
v -0.462285 0.053809 3.382427
v -0.453337 0.038966 3.378450
v -0.440682 0.026847 3.375202
v -0.425184 0.018277 3.372906
v -0.407898 0.013842 3.371718
v -0.390001 0.013842 3.371718
v -0.372715 0.018277 3.372906
v -0.357217 0.026847 3.375202
v -0.344562 0.038966 3.378450
v -0.335614 0.053809 3.382427
v -0.339578 0.047536 3.376154
v -0.350473 0.034530 3.370767
v -0.381206 0.018277 3.364035
v -0.398950 0.016138 3.363148
v -0.433228 0.024551 3.366633
v -0.447426 0.034530 3.370767
v -0.332827 0.061998 3.382144
v -0.465072 0.061998 3.382144
v -0.364671 0.024551 3.366633
v -0.416693 0.018277 3.364034
v -0.458321 0.047536 3.376154
v -0.462285 0.052923 3.389159
v -0.453337 0.037556 3.389159
v -0.440682 0.025010 3.389159
v -0.425184 0.016138 3.389159
v -0.407898 0.011545 3.389159
v -0.390001 0.011545 3.389159
v -0.372715 0.016138 3.389159
v -0.357217 0.025010 3.389159
v -0.344562 0.037556 3.389159
v -0.335614 0.052923 3.389159
v -0.458321 0.045239 3.384723
v -0.465072 0.060759 3.386766
v -0.350473 0.031283 3.382886
v -0.364671 0.020574 3.381476
v -0.398950 0.011545 3.380287
v -0.416693 0.013842 3.380589
v -0.447426 0.031283 3.382886
v -0.339578 0.045239 3.384723
v -0.381206 0.013841 3.380590
v -0.433228 0.020574 3.381476
v -0.332827 0.060759 3.386766
v -0.462285 0.053809 3.395891
v -0.453337 0.038966 3.399868
v -0.440682 0.026847 3.403116
v -0.425184 0.018277 3.405412
v -0.407898 0.013842 3.406600
v -0.390001 0.013842 3.406600
v -0.372715 0.018277 3.405412
v -0.357217 0.026847 3.403116
v -0.344562 0.038966 3.399868
v -0.335614 0.053809 3.395891
v -0.332827 0.060759 3.391552
v -0.339578 0.045239 3.393595
v -0.465072 0.060759 3.391552
v -0.364671 0.020574 3.396842
v -0.381206 0.013841 3.397729
v -0.416693 0.013842 3.397729
v -0.433228 0.020574 3.396842
v -0.458321 0.045239 3.393595
v -0.350473 0.031283 3.395432
v -0.398950 0.011545 3.398031
v -0.447426 0.031283 3.395432
v -0.462285 0.056407 3.402164
v -0.453337 0.043100 3.409848
v -0.440682 0.032234 3.416121
v -0.425184 0.024551 3.420557
v -0.407898 0.020574 3.422853
v -0.390001 0.020574 3.422853
v -0.372715 0.024551 3.420557
v -0.357217 0.032234 3.416121
v -0.344562 0.043100 3.409848
v -0.335614 0.056407 3.402165
v -0.447426 0.034530 3.407552
v -0.458321 0.047536 3.402165
v -0.339578 0.047536 3.402165
v -0.350473 0.034530 3.407552
v -0.381206 0.018277 3.414284
v -0.398950 0.016138 3.415170
v -0.433228 0.024551 3.411685
v -0.332827 0.061998 3.396174
v -0.465072 0.061998 3.396174
v -0.364671 0.024551 3.411685
v -0.416693 0.018277 3.414284
v -0.462285 0.060541 3.407552
v -0.453337 0.049675 3.418417
v -0.440682 0.040804 3.427289
v -0.425184 0.034530 3.433562
v -0.407898 0.031283 3.436810
v -0.390001 0.031283 3.436810
v -0.372715 0.034530 3.433562
v -0.357217 0.040804 3.427289
v -0.344562 0.049675 3.418417
v -0.335614 0.060541 3.407552
v -0.332827 0.064390 3.400319
v -0.458321 0.051972 3.409848
v -0.465072 0.064391 3.400319
v -0.350473 0.040804 3.418417
v -0.364671 0.032234 3.424993
v -0.398950 0.025010 3.430537
v -0.416693 0.026847 3.429127
v -0.447426 0.040804 3.418417
v -0.339578 0.051972 3.409848
v -0.381206 0.026847 3.429127
v -0.433228 0.032234 3.424993
v -0.462285 0.065928 3.411685
v -0.453337 0.058245 3.424993
v -0.440682 0.051972 3.435859
v -0.425184 0.047536 3.443542
v -0.407898 0.045239 3.447519
v -0.390001 0.045239 3.447519
v -0.372715 0.047536 3.443542
v -0.357217 0.051972 3.435859
v -0.344562 0.058245 3.424993
v -0.335614 0.065928 3.411685
v -0.433228 0.043100 3.435859
v -0.447426 0.049675 3.427289
v -0.332827 0.067774 3.403702
v -0.339578 0.058245 3.416121
v -0.465072 0.067774 3.403702
v -0.364671 0.043100 3.435859
v -0.381206 0.038966 3.441246
v -0.416693 0.038966 3.441246
v -0.458321 0.058245 3.416121
v -0.350473 0.049675 3.427289
v -0.398950 0.037556 3.443083
v -0.462285 0.072201 3.414284
v -0.453337 0.068224 3.429127
v -0.440682 0.064977 3.441246
v -0.425184 0.062681 3.449815
v -0.407898 0.061492 3.454251
v -0.390001 0.061492 3.454251
v -0.372715 0.062681 3.449815
v -0.357217 0.064977 3.441246
v -0.344562 0.068224 3.429127
v -0.335614 0.072201 3.414284
v -0.447426 0.060541 3.433562
v -0.458321 0.065928 3.420557
v -0.339578 0.065928 3.420557
v -0.350473 0.060541 3.433562
v -0.381206 0.053809 3.449815
v -0.398950 0.052923 3.451955
v -0.433228 0.056407 3.443542
v -0.332827 0.071919 3.406095
v -0.465072 0.071919 3.406095
v -0.364671 0.056407 3.443542
v -0.416693 0.053809 3.449815
v -0.462285 0.078934 3.415170
v -0.453337 0.078934 3.430537
v -0.440682 0.078934 3.443083
v -0.425184 0.078934 3.451955
v -0.407898 0.078934 3.456547
v -0.390001 0.078934 3.456547
v -0.372715 0.078934 3.451955
v -0.357217 0.078934 3.443083
v -0.344562 0.078934 3.430537
v -0.335614 0.078934 3.415170
v -0.416693 0.070364 3.454251
v -0.433228 0.071250 3.447519
v -0.332827 0.076541 3.407333
v -0.458321 0.074498 3.422853
v -0.465072 0.076541 3.407333
v -0.350473 0.072660 3.436810
v -0.364671 0.071250 3.447519
v -0.398950 0.070062 3.456547
v -0.447426 0.072660 3.436810
v -0.339578 0.074498 3.422853
v -0.381206 0.070364 3.454251
v -0.462285 0.085666 3.414284
v -0.453337 0.089643 3.429127
v -0.440682 0.092890 3.441246
v -0.425184 0.095186 3.449816
v -0.407898 0.096375 3.454251
v -0.390001 0.096375 3.454251
v -0.372715 0.095186 3.449816
v -0.357217 0.092890 3.441246
v -0.344562 0.089643 3.429127
v -0.335614 0.085666 3.414284
v -0.433228 0.086617 3.447519
v -0.447426 0.085207 3.436810
v -0.332827 0.081326 3.407333
v -0.339578 0.083370 3.422853
v -0.465072 0.081326 3.407333
v -0.364671 0.086617 3.447519
v -0.381206 0.087503 3.454251
v -0.416693 0.087503 3.454251
v -0.458321 0.083370 3.422853
v -0.350473 0.085207 3.436810
v -0.398950 0.087805 3.456547
v -0.462285 0.091939 3.411685
v -0.453337 0.099622 3.424993
v -0.440682 0.105896 3.435859
v -0.425184 0.110332 3.443542
v -0.407898 0.112628 3.447519
v -0.390001 0.112628 3.447519
v -0.372715 0.110332 3.443542
v -0.357217 0.105896 3.435859
v -0.344562 0.099622 3.424993
v -0.335614 0.091939 3.411685
v -0.398950 0.104944 3.451955
v -0.416693 0.104058 3.449816
v -0.447426 0.097326 3.433562
v -0.458321 0.091939 3.420557
v -0.339578 0.091939 3.420557
v -0.350473 0.097326 3.433562
v -0.381206 0.104058 3.449816
v -0.433228 0.101460 3.443542
v -0.332827 0.085949 3.406095
v -0.465072 0.085949 3.406095
v -0.364671 0.101460 3.443542
v -0.462285 0.097326 3.407552
v -0.453337 0.108192 3.418417
v -0.440682 0.117064 3.427289
v -0.425184 0.123337 3.433563
v -0.407898 0.126584 3.436810
v -0.390001 0.126584 3.436810
v -0.372715 0.123337 3.433563
v -0.357217 0.117064 3.427289
v -0.344562 0.108192 3.418417
v -0.335614 0.097326 3.407552
v -0.416693 0.118901 3.441246
v -0.433228 0.114767 3.435859
v -0.332827 0.090093 3.403702
v -0.458321 0.099622 3.416121
v -0.465072 0.090093 3.403702
v -0.350473 0.108192 3.427289
v -0.364671 0.114767 3.435859
v -0.398950 0.120311 3.443083
v -0.447426 0.108192 3.427289
v -0.339578 0.099622 3.416121
v -0.381206 0.118901 3.441246
v -0.462285 0.101460 3.402164
v -0.453337 0.114767 3.409848
v -0.440682 0.125633 3.416121
v -0.425184 0.133316 3.420557
v -0.407898 0.137294 3.422853
v -0.390001 0.137294 3.422853
v -0.372715 0.133316 3.420557
v -0.357217 0.125633 3.416121
v -0.344562 0.114767 3.409848
v -0.335614 0.101460 3.402164
v -0.381206 0.131020 3.429127
v -0.398950 0.132858 3.430537
v -0.433228 0.125633 3.424993
v -0.447426 0.117064 3.418417
v -0.332827 0.093477 3.400318
v -0.339578 0.105896 3.409848
v -0.465072 0.093477 3.400318
v -0.364671 0.125633 3.424993
v -0.416693 0.131020 3.429127
v -0.458321 0.105896 3.409848
v -0.350473 0.117064 3.418417
v -0.462285 0.104058 3.395891
v -0.453337 0.118901 3.399868
v -0.440682 0.131020 3.403116
v -0.425184 0.139590 3.405412
v -0.407898 0.144026 3.406600
v -0.390001 0.144026 3.406600
v -0.372715 0.139590 3.405412
v -0.357217 0.131020 3.403116
v -0.344562 0.118901 3.399868
v -0.335614 0.104058 3.395891
v -0.398950 0.141729 3.415170
v -0.416693 0.139590 3.414284
v -0.447426 0.123337 3.407552
v -0.458321 0.110332 3.402164
v -0.339578 0.110332 3.402165
v -0.350473 0.123337 3.407552
v -0.381206 0.139590 3.414284
v -0.433228 0.133316 3.411685
v -0.332827 0.095869 3.396174
v -0.465072 0.095869 3.396174
v -0.364671 0.133316 3.411685
v -0.436055 0.036707 3.451386
v -0.472300 0.059705 3.338136
v -0.449558 0.127422 3.344210
v -0.421200 0.096145 3.463814
v -0.439002 0.140722 3.373479
v -0.470295 0.042257 3.364593
v -0.461300 0.093596 3.337168
v -0.427670 0.064249 3.460669
v -0.474721 0.036763 3.270028
v -0.427955 0.017584 3.470830
v -0.394478 0.208680 3.310112
v -0.402002 0.106011 3.491693
v -0.421018 0.061076 3.475464
v -0.462993 0.096848 3.325350
v -0.475542 0.031146 3.355874
v -0.434122 0.155687 3.371021
v -0.466720 0.089271 3.389159
v -0.331179 0.089271 3.389159
v -0.466720 0.088919 3.386484
v -0.331179 0.088919 3.386484
v -0.466720 0.087886 3.383990
v -0.331179 0.087886 3.383990
v -0.466720 0.086244 3.381850
v -0.331179 0.086243 3.381850
v -0.466720 0.084102 3.380206
v -0.331179 0.084102 3.380206
v -0.466720 0.081609 3.379174
v -0.331179 0.081609 3.379174
v -0.466720 0.078934 3.378821
v -0.331179 0.078934 3.378821
v -0.466720 0.076258 3.379174
v -0.331179 0.076258 3.379174
v -0.466720 0.073765 3.380206
v -0.331179 0.073765 3.380206
v -0.331179 0.071624 3.381849
v -0.466720 0.069981 3.383990
v -0.466720 0.068948 3.386484
v -0.331179 0.068948 3.386484
v -0.466720 0.068596 3.389159
v -0.331179 0.068596 3.389159
v -0.466720 0.068948 3.391835
v -0.331179 0.068948 3.391835
v -0.466720 0.069981 3.394328
v -0.331179 0.069981 3.394328
v -0.466720 0.071624 3.396469
v -0.331179 0.071624 3.396469
v -0.466720 0.073765 3.398112
v -0.331179 0.073765 3.398112
v -0.466720 0.076258 3.399145
v -0.331179 0.076258 3.399145
v -0.466720 0.078934 3.399497
v -0.331179 0.078934 3.399497
v -0.466720 0.081609 3.399145
v -0.331179 0.081609 3.399145
v -0.466720 0.084102 3.398112
v -0.331179 0.084102 3.398112
v -0.466720 0.086244 3.396469
v -0.331179 0.086243 3.396469
v -0.466720 0.087886 3.394328
v -0.331179 0.087886 3.394328
v -0.466720 0.088919 3.391835
v -0.331179 0.088919 3.391835
v -0.364671 0.137294 3.396842
v -0.381206 0.144026 3.397729
v -0.416693 0.144026 3.397729
v -0.433228 0.137294 3.396842
v -0.332827 0.097108 3.391552
v -0.458321 0.112628 3.393595
v -0.465072 0.097108 3.391552
v -0.350473 0.126584 3.395432
v -0.398950 0.146322 3.398031
v -0.447426 0.126584 3.395432
v -0.339578 0.112628 3.393595
v -0.314429 0.204811 3.529459
v -0.431841 -0.104135 3.440202
v -0.490993 -0.367960 3.219213
v -0.394557 -0.444136 3.371379
v -0.311525 -0.313902 3.220577
v -0.149245 0.310378 3.421151
v -0.149749 -0.313693 3.457383
v -0.359342 -0.388857 3.405116
v -0.424911 0.123198 3.437546
v -0.450755 0.030434 3.424027
v -0.450590 0.017087 3.428155
v -0.417099 0.133974 3.448854
v -0.465314 0.026834 3.393508
v -0.424852 0.093045 3.455829
v -0.466205 0.008278 3.388717
v -0.428861 0.146632 3.407445
v -0.218776 -0.312359 3.319898
v -0.339474 -0.349755 3.317221
v -0.065556 0.301121 3.535037
v -0.082852 -0.289780 3.314475
v -0.443986 -0.437289 3.278160
v -0.416974 -0.404845 3.297688
v -0.241942 0.261981 3.483587
v -0.415525 0.169496 3.418167
v -0.460399 -0.243487 3.327105
v -0.341006 -0.411908 3.560592
v -0.252010 0.059697 3.772751
v -0.298381 -0.150188 3.741428
v -0.316377 -0.445921 3.547431
v -0.123106 0.204186 3.735286
v -0.245742 -0.403978 3.614954
v -0.271459 -0.424639 3.603342
v -0.054406 0.180740 3.804843
v -0.279267 -0.463765 3.629849
v -0.317558 -0.286765 3.657676
v -0.314848 0.000631 3.698036
v -0.197609 0.141034 3.756711
v -0.477405 0.052685 3.318841
v -0.411681 -0.005694 3.495550
v -0.438217 0.151582 3.332407
v -0.368581 0.118317 3.528336
v -0.460520 -0.018795 3.382303
v -0.385292 0.198161 3.433415
v -0.411582 0.191588 3.371113
v -0.443625 -0.011198 3.438603
v -0.478413 0.012831 3.336906
v -0.454382 0.111743 3.302292
v -0.398264 0.053836 3.511244
v -0.390252 0.157711 3.478367
v -0.435167 0.135280 3.373648
v -0.463934 0.044388 3.365749
v -0.455666 0.091762 3.340013
v -0.424621 0.064290 3.454817
v -0.422108 0.118971 3.433189
v -0.445948 0.033225 3.421012
v -0.408369 0.087793 3.446469
v -0.431130 0.139557 3.405790
v -0.449656 0.121113 3.349623
v -0.468288 0.064334 3.345128
v -0.463076 0.033853 3.394948
v -0.437141 0.042890 3.445826
v -0.412191 0.114449 3.365566
v -0.432468 0.050386 3.359998
v -0.426640 0.083776 3.341858
v -0.401160 0.061229 3.436082
v -0.399389 0.099770 3.420838
v -0.416193 0.039333 3.412255
v -0.411369 0.077113 3.388666
v -0.414251 0.131373 3.399585
v -0.431609 0.114091 3.346959
v -0.449066 0.060893 3.342748
v -0.444183 0.032333 3.389427
v -0.419883 0.040801 3.437096
v -0.475529 0.044825 3.291778
v -0.412791 0.185245 3.319157
v -0.401943 -0.021287 3.511598
v -0.345310 0.134117 3.555366
v -0.457699 -0.041164 3.377497
v -0.359641 0.217855 3.443589
v -0.356537 0.177132 3.502559
v -0.374262 0.050500 3.539920
v -0.440424 0.123732 3.280899
v -0.475034 -0.008504 3.318342
v -0.433214 -0.037500 3.446288
v -0.380879 0.221367 3.371485
v -1.926839 -0.206529 -0.809357
v -2.025695 -0.107998 0.276732
v -1.611586 -0.323551 -1.833696
v -1.410454 -0.230547 -2.187283
v -1.185136 -0.271274 -3.060303
v -1.504584 -0.316179 -2.313384
v -1.221529 -0.224107 -2.819151
v -0.898605 -0.364901 -3.317948
v -0.362910 -0.172258 -2.865395
v -0.946016 -0.277269 -3.125027
v -0.539516 -0.314343 -3.165052
v -0.459426 -0.226530 -3.001475
v -0.075053 -0.201237 -2.978535
v -0.745704 -0.297430 -3.150476
v -1.934216 0.097933 0.985158
v -1.727954 0.201387 1.568480
v -1.873404 0.132852 1.302792
v -1.294281 0.364488 1.945310
v -0.417589 0.642044 2.294823
v -1.534943 0.299830 1.810939
v -1.550841 0.234123 1.786529
v -1.996652 -0.112133 0.853946
v -0.814288 0.498408 2.177142
v -0.518220 0.558747 2.301773
v -1.001096 0.526099 2.147722
v -0.599143 -0.909791 2.216181
v -0.484429 -0.983031 2.163986
v -0.823264 -0.866411 2.141016
v -1.585636 -0.895862 1.789235
v -1.316595 -0.933461 1.994183
v -1.274161 -0.945855 -1.651638
v -1.002317 -0.939622 2.063440
v -1.785222 -0.847583 1.383237
v -1.899276 -0.815123 0.273426
v -1.528278 -0.839692 1.894608
v -1.885129 -0.731896 1.373379
v -1.855234 -0.707469 1.718118
v -1.892538 -0.755632 0.975212
v -0.814687 -0.908889 -2.276857
v -0.483354 -0.995970 -1.955477
v -0.094512 -0.933357 -2.262915
v -1.121177 -0.912969 -2.009718
v -0.600060 -0.939755 -2.255247
v -1.193371 -0.882946 -2.142550
v -1.589336 -0.842062 -2.156129
v -1.997511 -0.501308 0.840810
v -1.881422 -0.545189 -0.811475
v -1.720268 -0.657409 -2.107741
v -0.399511 -1.058705 -1.530457
v -0.509677 -1.056068 1.968166
v -0.581588 0.834038 -1.560004
v -0.485361 0.769664 2.145200
v -0.512651 -1.174243 1.003934
v -0.190358 -0.806523 -2.830147
v -0.241591 0.311463 -2.796741
v -0.263792 -0.012135 -2.753734
v -0.508851 -1.193020 0.268705
v -0.208128 1.200286 1.188876
v -0.223707 1.253784 0.237738
v -0.269145 -0.133139 -2.770873
v -0.363489 0.454025 -2.405550
v -0.083982 -0.868916 -2.470022
v -0.103583 0.050820 -3.467241
v -0.107673 -0.045703 -3.524468
v -0.125560 -0.065106 -3.459187
v -0.069551 -0.020036 -3.113119
v -0.171208 0.185621 -3.153146
v -0.112787 -0.583183 -3.549655
v -0.104116 -0.502585 -3.629592
v -0.110842 -0.403416 -3.570339
v -0.046332 -0.695431 -3.236161
v -0.165954 -0.261653 -3.236468
v -0.476752 -1.152769 -0.703085
v -0.224785 1.147252 -0.786427
v -0.225158 -0.195304 -2.974410
v -0.283537 -0.947940 -2.269542
v -0.175626 -0.903164 -2.396966
v -0.130949 -0.223157 -3.093688
v -0.074318 -0.068440 -3.536408
v -0.167526 -0.173474 -2.861501
v -0.082055 -0.637437 -3.424000
v -0.107813 -0.753685 -3.036237
v -0.071275 -0.540410 -3.632997
v -0.068700 -0.458993 -3.650274
v -0.136512 0.252897 -2.976169
v -0.161428 -0.002125 -2.896787
v -0.109248 -0.044978 -3.309589
v -0.066798 -0.009268 -3.532699
v -0.224856 -0.998726 -1.938782
v -0.316123 0.649695 -1.999110
v -0.182035 -0.070733 -2.724311
v -0.193486 0.370106 -2.635491
v -0.341768 -1.125000 1.520520
v -0.373860 0.987342 1.704177
v -0.149339 -0.842040 -2.628630
v -0.089746 -0.330430 -3.425009
v -0.088245 0.112919 -3.342342
v -0.333109 -1.017394 2.134683
v -0.289242 0.699125 2.258568
v 1.066155 -0.986501 -1.636168
v 1.332466 -0.969515 1.866339
v 1.414084 0.380453 -1.668840
v 1.370860 0.510881 1.903624
v 1.346736 -1.070285 0.978949
v 1.618094 0.759041 1.066082
v 0.601856 -0.831999 -2.905865
v 0.694210 0.163910 -2.794587
v 1.625182 -0.151221 -1.787345
v 1.719951 0.249183 1.545313
v 1.913596 0.198188 0.994187
v 0.837137 -0.061632 -2.796328
v 1.341074 -1.089499 0.259869
v 1.706851 0.685546 0.207993
v 2.007360 0.004351 0.267513
v 1.872015 -0.788886 0.968833
v 1.489678 -0.837490 -1.810134
v 1.718817 -0.778673 1.746024
v 2.230934 -0.844633 -3.181534
v 1.905981 -0.771941 0.273203
v 0.230079 0.027018 3.805645
v 0.433862 -0.686224 -3.271840
v 0.945198 1.102875 1.147701
v 0.992142 1.132600 0.218590
v 0.569010 -1.047707 -1.550792
v 0.722547 -1.044160 1.956609
v 0.815136 0.773619 -1.577320
v 0.707893 0.725390 2.136383
v 0.726256 -1.159653 1.001102
v 0.276939 -0.812370 -2.833841
v 0.352924 0.293275 -2.795365
v 0.381101 -0.024077 -2.758254
v 0.928438 0.336537 2.102562
v 0.721070 -1.179117 0.267080
v 0.909161 -0.724554 2.132995
v 0.200902 -0.700141 -3.233120
v 1.633859 -0.408054 -1.911012
v 0.807064 -0.132382 -2.799168
v 2.008475 -0.297448 0.813012
v 2.013430 -0.398437 0.244146
v 0.268545 -0.639575 3.548054
v 1.005356 -0.242742 2.107450
v 0.387874 -0.132777 -2.776528
v 0.475609 -0.695343 2.563860
v 0.338398 0.365993 2.567847
v 0.576791 0.115099 2.486410
v 0.593230 -0.524381 2.526166
v 0.370885 0.241010 3.275677
v 0.648195 -0.270181 2.492985
v 0.255965 -0.173440 3.797385
v 0.276085 -0.553808 3.602423
v 0.202378 -0.515310 3.748766
v 0.514023 -0.467436 3.148402
v 0.527252 -0.365720 3.139843
v 0.447488 -0.675254 3.162242
v 0.491904 -0.000331 3.220343
v 0.383598 -0.413521 3.470418
v 0.363491 -0.660337 3.405428
v 0.315722 0.151505 3.592457
v 0.389535 -0.522021 3.433379
v 0.396045 -0.072549 3.527766
v 0.381288 0.309419 2.918684
v 0.571346 -0.476689 2.865199
v 0.546592 0.053589 2.888726
v 0.587198 -0.295095 2.866406
v 0.484569 -0.684347 2.874298
v 5.310512 -0.296795 -0.009095
v 2.053992 0.190709 1.658097
v 2.211707 0.010391 1.159879
v 2.280438 -0.299747 1.007509
v 2.202098 -0.632389 1.164290
v 2.025539 -0.671072 1.744417
v 1.808854 0.156561 2.240928
v 1.792883 -0.545965 2.267597
v 1.742999 -0.184974 2.442315
v 1.322850 0.246092 1.925894
v 1.205798 -0.236729 2.105112
v 1.280678 -0.737686 1.943018
v 4.379457 -0.192073 0.686681
v 4.173758 -0.230860 0.422567
v 4.116212 -0.292480 0.341534
v 4.167382 -0.357732 0.425099
v 4.421438 -0.364825 0.748667
v 4.633762 -0.200998 1.000758
v 4.651039 -0.337034 1.004825
v 4.718829 -0.266928 1.096333
v 5.181999 -0.235243 0.060930
v 4.943666 -0.254970 -0.042110
v 5.006788 -0.299808 -0.142323
v 4.943694 -0.343342 -0.035380
v 5.209929 -0.346391 0.097513
v 5.275447 -0.235442 0.333096
v 5.290043 -0.329301 0.340352
v 5.406398 -0.283368 0.301693
v 0.835590 -0.897135 -2.399888
v 0.951190 0.214916 -2.435390
v 1.173393 -0.091223 -2.471563
v 1.931310 -0.862386 -3.403289
v 0.367273 -0.885820 -2.461201
v 0.517160 0.423620 -2.411933
v 1.209073 -0.180722 -2.476667
v 0.168994 0.061628 -3.409185
v 0.184718 -0.043311 -3.452356
v 0.530592 -0.043978 -3.059376
v 0.442097 0.116914 -3.076254
v 0.245100 0.181095 -3.133234
v 0.295887 -0.023009 -3.057712
v 0.256811 -0.579861 -3.444913
v 0.269429 -0.505215 -3.478094
v 0.154939 -0.582804 -3.524491
v 0.145757 -0.502834 -3.597272
v 0.266873 -0.434320 -3.441825
v 0.154579 -0.408052 -3.540608
v 0.459210 -0.375841 -3.267879
v 0.479370 -0.522819 -3.366157
v 0.233978 -0.274248 -3.237500
v 1.433838 -0.873688 -2.825097
v 1.787343 -0.849701 -2.458790
v 1.891304 -0.682761 -2.396594
v 1.152032 -0.833075 -3.210077
v 0.965419 -0.745391 -3.499477
v 0.995984 -0.437367 -3.471762
v 1.313968 -0.323890 -3.180004
v 1.859493 -0.484065 -2.478966
v 1.583341 -0.334941 -2.854660
v 0.937660 -0.583649 -3.562083
v 2.314241 -0.728443 -3.146254
v 1.637467 -0.835319 -3.625632
v 1.346649 -0.761673 -3.836700
v 1.354163 -0.524535 -3.834635
v 1.701709 -0.495665 -3.606663
v 2.264124 -0.597134 -3.194484
v 1.988687 -0.514692 -3.404957
v 1.288487 -0.637938 -3.887280
v 2.219018 -0.846562 -3.964234
v 2.375770 -0.840857 -3.756028
v 2.444637 -0.768328 -3.809997
v 1.981669 -0.825252 -4.068148
v 2.045068 -0.732417 -4.146818
v 2.276391 -0.752895 -4.063541
v 1.685771 -0.771925 -4.086626
v 1.694223 -0.617643 -4.088315
v 1.996658 -0.637031 -4.060253
v 2.398691 -0.683977 -3.757881
v 2.236311 -0.654730 -3.963639
v 1.694015 -0.696700 -4.137067
v 0.507668 -0.079613 -3.044461
v 0.201470 -0.065803 -3.395423
v 0.358118 -0.451720 3.463199
v 0.181041 -0.535384 3.711795
v 0.267081 -0.528385 3.582774
v 0.368305 -0.502692 3.431520
v 0.489184 -0.406075 3.157780
v 0.339745 -0.291507 3.106089
v 0.403151 -0.613526 3.118820
v 0.478494 -0.452650 3.179312
v 0.468422 -0.354209 2.920266
v 0.332931 -0.267085 2.798232
v 0.350318 -0.560223 2.754593
v 0.472583 -0.481821 2.917251
v 0.169982 0.394972 2.943727
v 0.157472 0.333111 3.299709
v 0.120777 -0.190259 3.882861
v 0.129081 0.236204 3.673216
v 0.109505 0.067929 3.868576
v 0.132634 0.445840 2.615137
v 0.223987 -0.773056 3.195481
v 0.150782 -0.680929 3.600390
v 0.185711 -0.737225 3.418854
v 0.235394 -0.781304 2.559924
v 0.238806 -0.780285 2.872692
v 0.149233 -0.587232 3.687447
v 0.182318 -0.569276 2.709674
v 0.123376 -0.524159 3.791184
v 0.145258 -0.559842 3.666977
v 0.114013 -0.541827 3.746586
v 0.253753 -0.651512 3.114514
v 0.174852 -0.258352 3.087711
v 0.165595 -0.229492 2.747585
v 0.442103 0.495554 2.346076
v 0.739011 -0.631335 2.298865
v 0.821062 -0.249089 2.261935
v 0.701782 0.271727 2.256675
v 0.554104 -0.843433 2.299142
v 0.286977 -0.894016 2.291224
v 0.178350 0.547301 2.382749
v 0.263681 0.652423 2.272115
v 0.322445 -0.981916 2.167137
v 1.262620 -1.056946 -0.758087
v 1.643917 0.558621 -0.830594
v 1.914324 -0.100838 -0.812965
v 1.788690 -0.771973 -0.778579
v 0.676871 -1.139375 -0.713342
v 0.950751 1.019502 -0.801042
v 1.906570 -0.436260 -0.820984
v 0.109618 -0.432473 3.702180
v 0.470996 -0.480802 3.133186
v 0.473312 -0.368307 3.121427
v 0.139217 -0.336655 3.583518
v 0.205544 -0.412848 3.646886
v 0.328751 -0.399982 3.487527
v 0.233773 -0.363697 3.526320
v 0.288255 -0.559200 3.525026
v 0.169119 -0.589663 3.600616
v 0.331151 -0.590551 3.406871
v 0.354200 -0.534770 3.410686
v 0.216263 -0.629308 3.417516
v 0.465121 0.096893 3.389159
v 0.458321 0.112920 3.389159
v 0.447426 0.126997 3.389159
v 0.433228 0.137799 3.389159
v 0.416693 0.144590 3.389159
v 0.398950 0.146906 3.389159
v 0.381206 0.144590 3.389159
v 0.364671 0.137799 3.389159
v 0.350473 0.126997 3.389159
v 0.339578 0.112920 3.389159
v 0.332778 0.096893 3.389159
v 0.465121 0.096281 3.384511
v 0.458321 0.111762 3.380363
v 0.447426 0.125360 3.376719
v 0.433228 0.135794 3.373924
v 0.416693 0.142353 3.372166
v 0.398950 0.144590 3.371567
v 0.381206 0.142353 3.372166
v 0.364671 0.135794 3.373924
v 0.350473 0.125360 3.376719
v 0.339578 0.111762 3.380363
v 0.332778 0.096281 3.384511
v 0.465121 0.094487 3.380180
v 0.458321 0.108366 3.372166
v 0.447426 0.120558 3.365127
v 0.433228 0.129913 3.359726
v 0.416693 0.135794 3.356331
v 0.398950 0.137799 3.355173
v 0.381206 0.135794 3.356331
v 0.364671 0.129913 3.359726
v 0.350473 0.120558 3.365127
v 0.339578 0.108366 3.372166
v 0.332778 0.094487 3.380180
v 0.465121 0.091633 3.376460
v 0.458321 0.102965 3.365127
v 0.447426 0.112920 3.355173
v 0.433228 0.120558 3.347535
v 0.416693 0.125360 3.342733
v 0.398950 0.126997 3.341095
v 0.381206 0.125360 3.342733
v 0.364671 0.120558 3.347535
v 0.350473 0.112920 3.355173
v 0.339578 0.102965 3.365127
v 0.332778 0.091633 3.376460
v 0.465121 0.087913 3.373606
v 0.458321 0.095927 3.359726
v 0.447426 0.102965 3.347535
v 0.433228 0.108366 3.338180
v 0.416693 0.111762 3.332299
v 0.398950 0.112920 3.330293
v 0.381206 0.111762 3.332299
v 0.364671 0.108366 3.338180
v 0.350473 0.102965 3.347535
v 0.339578 0.095927 3.359726
v 0.332778 0.087913 3.373606
v 0.465121 0.083582 3.371812
v 0.458321 0.087730 3.356331
v 0.447426 0.091373 3.342733
v 0.433228 0.094169 3.332299
v 0.416693 0.095927 3.325740
v 0.398950 0.096526 3.323503
v 0.381206 0.095927 3.325740
v 0.364671 0.094169 3.332299
v 0.350473 0.091373 3.342733
v 0.339578 0.087730 3.356331
v 0.332778 0.083582 3.371812
v 0.465121 0.078934 3.371200
v 0.458321 0.078934 3.355173
v 0.447426 0.078934 3.341095
v 0.433228 0.078934 3.330293
v 0.416693 0.078934 3.323503
v 0.398950 0.078934 3.321187
v 0.381206 0.078934 3.323503
v 0.364671 0.078934 3.330293
v 0.350473 0.078934 3.341095
v 0.339578 0.078934 3.355173
v 0.332778 0.078934 3.371200
v 0.465121 0.074285 3.371812
v 0.458321 0.070137 3.356331
v 0.447426 0.066494 3.342733
v 0.433228 0.063698 3.332299
v 0.416693 0.061941 3.325740
v 0.398950 0.061341 3.323503
v 0.381206 0.061941 3.325740
v 0.364671 0.063698 3.332299
v 0.350473 0.066494 3.342733
v 0.339578 0.070137 3.356331
v 0.332778 0.074285 3.371812
v 0.465121 0.069954 3.373606
v 0.458321 0.061941 3.359726
v 0.447426 0.054902 3.347535
v 0.433228 0.049501 3.338180
v 0.416693 0.046106 3.332299
v 0.398950 0.044947 3.330293
v 0.381206 0.046106 3.332299
v 0.364671 0.049501 3.338180
v 0.350473 0.054902 3.347535
v 0.339578 0.061941 3.359726
v 0.332778 0.069954 3.373606
v 0.467931 0.078934 3.389159
v 0.465121 0.066235 3.376460
v 0.458321 0.054902 3.365127
v 0.447426 0.044947 3.355173
v 0.433228 0.037309 3.347535
v 0.416693 0.032508 3.342733
v 0.398950 0.030870 3.341095
v 0.381206 0.032508 3.342733
v 0.364671 0.037309 3.347535
v 0.350473 0.044947 3.355173
v 0.339578 0.054902 3.365127
v 0.332778 0.066235 3.376460
v 0.465121 0.063381 3.380180
v 0.458321 0.049501 3.372166
v 0.447426 0.037309 3.365127
v 0.433228 0.027954 3.359726
v 0.416693 0.022074 3.356331
v 0.398950 0.020068 3.355173
v 0.381206 0.022074 3.356331
v 0.364671 0.027954 3.359726
v 0.350473 0.037309 3.365127
v 0.339578 0.049501 3.372166
v 0.332778 0.063381 3.380180
v 0.329968 0.078934 3.389159
v 0.465121 0.061587 3.384511
v 0.458321 0.046106 3.380363
v 0.447426 0.032508 3.376719
v 0.433228 0.022074 3.373924
v 0.416693 0.015515 3.372166
v 0.398950 0.013277 3.371567
v 0.381206 0.015515 3.372166
v 0.364671 0.022074 3.373924
v 0.350473 0.032508 3.376719
v 0.339578 0.046105 3.380363
v 0.332778 0.061587 3.384511
v 0.465121 0.060975 3.389159
v 0.458321 0.044947 3.389159
v 0.447426 0.030870 3.389159
v 0.433228 0.020068 3.389159
v 0.416693 0.013277 3.389159
v 0.398950 0.010961 3.389159
v 0.381206 0.013277 3.389159
v 0.364671 0.020068 3.389159
v 0.350473 0.030870 3.389159
v 0.339578 0.044947 3.389159
v 0.332778 0.060975 3.389159
v 0.465121 0.061587 3.393807
v 0.458321 0.046106 3.397955
v 0.447426 0.032508 3.401599
v 0.433228 0.022074 3.404395
v 0.416693 0.015515 3.406152
v 0.398950 0.013277 3.406752
v 0.381206 0.015515 3.406152
v 0.364671 0.022074 3.404395
v 0.350473 0.032508 3.401599
v 0.339578 0.046105 3.397955
v 0.332778 0.061587 3.393807
v 0.465121 0.063381 3.398139
v 0.458321 0.049501 3.406152
v 0.447426 0.037309 3.413191
v 0.433228 0.027954 3.418592
v 0.416693 0.022074 3.421987
v 0.398950 0.020068 3.423145
v 0.381206 0.022074 3.421987
v 0.364671 0.027954 3.418592
v 0.350473 0.037309 3.413191
v 0.339578 0.049501 3.406152
v 0.332778 0.063381 3.398139
v 0.465121 0.066235 3.401858
v 0.458321 0.054902 3.413191
v 0.447426 0.044947 3.423145
v 0.433228 0.037309 3.430784
v 0.416693 0.032508 3.435585
v 0.398950 0.030870 3.437223
v 0.381206 0.032508 3.435585
v 0.364671 0.037309 3.430783
v 0.350473 0.044947 3.423145
v 0.339578 0.054902 3.413191
v 0.332778 0.066235 3.401858
v 0.465121 0.069954 3.404712
v 0.458321 0.061941 3.418592
v 0.447426 0.054902 3.430784
v 0.433228 0.049501 3.440138
v 0.416693 0.046105 3.446019
v 0.398950 0.044947 3.448025
v 0.381206 0.046105 3.446019
v 0.364671 0.049501 3.440138
v 0.350473 0.054902 3.430783
v 0.339578 0.061941 3.418592
v 0.332778 0.069954 3.404712
v 0.465121 0.074285 3.406506
v 0.458321 0.070137 3.421987
v 0.447426 0.066494 3.435585
v 0.433228 0.063698 3.446019
v 0.416693 0.061941 3.452578
v 0.398950 0.061341 3.454815
v 0.381206 0.061941 3.452578
v 0.364671 0.063698 3.446019
v 0.350473 0.066494 3.435585
v 0.339578 0.070137 3.421987
v 0.332778 0.074285 3.406506
v 0.465121 0.078934 3.407118
v 0.458321 0.078934 3.423145
v 0.447426 0.078934 3.437223
v 0.433228 0.078934 3.448025
v 0.416693 0.078934 3.454815
v 0.398950 0.078934 3.457131
v 0.381206 0.078934 3.454815
v 0.364671 0.078934 3.448025
v 0.350473 0.078934 3.437223
v 0.339578 0.078934 3.423145
v 0.332778 0.078934 3.407118
v 0.465121 0.083582 3.406506
v 0.458321 0.087730 3.421987
v 0.447426 0.091373 3.435585
v 0.433228 0.094169 3.446019
v 0.416693 0.095927 3.452578
v 0.398950 0.096526 3.454815
v 0.381206 0.095927 3.452578
v 0.364671 0.094169 3.446019
v 0.350473 0.091373 3.435585
v 0.339578 0.087730 3.421987
v 0.332778 0.083582 3.406506
v 0.465121 0.087913 3.404712
v 0.458321 0.095927 3.418592
v 0.447426 0.102965 3.430783
v 0.433228 0.108366 3.440138
v 0.416693 0.111762 3.446019
v 0.398950 0.112920 3.448025
v 0.381206 0.111762 3.446019
v 0.364671 0.108366 3.440138
v 0.350473 0.102965 3.430784
v 0.339578 0.095927 3.418592
v 0.332778 0.087913 3.404712
v 0.465121 0.091633 3.401858
v 0.458321 0.102965 3.413191
v 0.447426 0.112920 3.423145
v 0.433228 0.120558 3.430784
v 0.416693 0.125360 3.435585
v 0.398950 0.126997 3.437223
v 0.381206 0.125360 3.435585
v 0.364671 0.120558 3.430784
v 0.350473 0.112920 3.423145
v 0.339578 0.102965 3.413191
v 0.332778 0.091633 3.401858
v 0.465121 0.094487 3.398139
v 0.458321 0.108366 3.406152
v 0.447426 0.120558 3.413191
v 0.433228 0.129913 3.418592
v 0.416693 0.135794 3.421987
v 0.398950 0.137799 3.423145
v 0.381206 0.135794 3.421987
v 0.364671 0.129913 3.418592
v 0.350473 0.120558 3.413191
v 0.339578 0.108366 3.406152
v 0.332778 0.094487 3.398139
v 0.465121 0.096281 3.393807
v 0.458321 0.111762 3.397955
v 0.447426 0.125360 3.401599
v 0.433228 0.135794 3.404395
v 0.416693 0.142353 3.406152
v 0.398950 0.144590 3.406752
v 0.381206 0.142353 3.406152
v 0.364671 0.135793 3.404395
v 0.350473 0.125360 3.401599
v 0.339578 0.111762 3.397955
v 0.332778 0.096281 3.393807
v 0.469590 0.062937 3.342661
v 0.449684 0.123201 3.347610
v 0.436757 0.040822 3.447828
v 0.423664 0.093960 3.458569
v 0.475284 0.055875 3.330536
v 0.433600 0.029358 3.458416
v 0.446622 0.136105 3.339213
v 0.414850 0.100021 3.474032
v 0.326781 0.233050 3.455668
v 0.459363 -0.095803 3.363968
v 0.456657 -0.389040 3.290604
v 0.428664 -0.428976 3.282834
v 0.275487 -0.328881 3.317685
v 0.142430 0.289666 3.514370
v 0.158259 -0.299541 3.320086
v 0.392662 -0.375053 3.312543
v 0.430371 0.142080 3.406287
v 0.463866 0.031456 3.394528
v 0.466426 0.019328 3.391651
v 0.424584 0.155131 3.410870
v 0.295119 -0.422505 3.640747
v 0.271317 0.087940 3.722912
v 0.329746 -0.123426 3.677739
v 0.271036 -0.450994 3.619282
v 0.117410 0.168953 3.787873
v 0.272753 -0.406549 3.589853
v 0.477781 0.049285 3.305204
v 0.420267 0.004771 3.484563
v 0.426291 0.169435 3.325239
v 0.385598 0.112611 3.511545
v 0.464340 -0.004901 3.385378
v 0.402241 0.185311 3.426595
v 0.427102 0.136756 3.404156
v 0.445091 0.118847 3.349617
v 0.458122 0.034116 3.393629
v 0.463183 0.063714 3.345252
v 0.421006 0.091592 3.452744
v 0.432939 0.042891 3.443031
v 0.404899 0.114470 3.393836
v 0.422235 0.105575 3.349789
v 0.426763 0.042126 3.386416
v 0.435921 0.063203 3.346289
v 0.401219 0.083450 3.435852
v 0.411249 0.044897 3.429178
v 0.473545 0.040315 3.279680
v 0.401070 0.198499 3.314126
v 0.404729 -0.014238 3.504368
v 0.354102 0.124897 3.542724
v 0.457415 -0.031513 3.379630
v 0.369489 0.208768 3.438967
v 1.911762 -0.240387 -0.811775
v 2.012748 -0.152032 0.270404
v 1.610300 -0.270140 -1.806494
v 1.364045 -0.251985 -2.615261
v 1.080898 -0.232538 -2.973069
v 0.321252 -0.201627 -2.979143
v 0.861811 -0.316190 -3.207088
v 0.610602 -0.261351 -3.054290
v 1.948585 0.058365 0.987174
v 1.723191 0.183583 1.602296
v 1.313735 0.420938 1.992430
v 0.644573 0.607336 2.275615
v 0.692599 -0.967406 2.145616
v 1.819410 -0.864979 0.968639
v 1.717262 -0.846094 1.653119
v 1.290850 -0.896655 1.980013
v 1.708194 -0.878567 -0.771110
v 1.831538 -0.875679 0.270908
v 1.383841 -0.904930 -1.695653
v 1.954410 -0.639800 0.265113
v 0.841345 -0.925321 -2.186061
v 0.409924 -0.949539 -2.266624
v 1.948226 -0.691780 0.975551
v 1.767174 -0.732011 1.693359
v 1.648125 -0.639299 -1.787611
v 1.846861 -0.641719 -0.797422
v 0.266341 -1.062372 -1.520827
v 0.339603 -1.061062 1.968595
v 0.387726 0.852995 -1.552735
v 0.319210 0.793414 2.119951
v 0.341768 -1.181266 1.002979
v 0.126905 -0.802983 -2.831175
v 0.161061 0.315677 -2.797323
v 0.175861 -0.014586 -2.756761
v 0.339234 -1.199217 0.268814
v 0.426046 1.170215 1.176961
v 0.454596 1.218748 0.231969
v 0.179430 -0.135413 -2.769278
v 0.242326 0.465130 -2.399733
v 0.167963 -0.874289 -2.470071
v 0.069055 0.045860 -3.479341
v 0.071782 -0.048642 -3.539395
v 0.083707 -0.067579 -3.475789
v 0.139102 -0.017530 -3.096894
v 0.114139 0.184425 -3.161389
v 0.075192 -0.582265 -3.566971
v 0.069410 -0.502457 -3.651093
v 0.073895 -0.403741 -3.588819
v 0.092664 -0.697414 -3.236337
v 0.110636 -0.262441 -3.234685
v 0.317835 -1.158497 -0.698806
v 0.450521 1.110887 -0.789767
v 0.150106 -0.198271 -2.977474
v 0.189025 -0.940648 -2.267230
v -1.066155 -0.986501 -1.636168
v -1.332466 -0.969515 1.866339
v -1.414084 0.380453 -1.668840
v -1.370860 0.510881 1.903624
v -1.346736 -1.070285 0.978949
v -1.618094 0.759041 1.066082
v -0.601856 -0.831999 -2.905865
v -0.694210 0.163910 -2.794587
v -1.625182 -0.151221 -1.787345
v -1.719951 0.249183 1.545313
v -1.913596 0.198188 0.994187
v -0.837137 -0.061632 -2.796328
v -1.341074 -1.089499 0.259869
v -1.706851 0.685546 0.207993
v -2.007360 0.004351 0.267513
v -1.872015 -0.788886 0.968833
v -1.489678 -0.837490 -1.810134
v -1.718817 -0.778673 1.746024
v -2.230934 -0.844633 -3.181534
v -1.905981 -0.771941 0.273203
v 0.000000 -1.067873 -1.503313
v 0.000000 -1.070827 1.969935
v -0.000000 0.907688 -1.541392
v 0.000000 0.834596 2.099387
v 0.000000 1.218603 1.195199
v 0.000000 -1.191802 1.001546
v 0.000000 -0.797673 -2.829211
v 0.000000 0.325280 -2.794690
v 0.000000 -0.018262 -2.757796
v -0.230079 0.027018 3.805645
v 0.000000 -1.208512 0.268977
v 0.000000 1.275053 0.240623
v 0.000000 -0.704922 3.638024
v -0.433862 -0.686224 -3.271840
v -0.945198 1.102875 1.147701
v -0.992142 1.132600 0.218590
v -0.569010 -1.047707 -1.550792
v -0.722547 -1.044160 1.956609
v -0.815136 0.773619 -1.577320
v -0.707893 0.725390 2.136383
v -0.726256 -1.159653 1.001102
v -0.276939 -0.812370 -2.833841
v -0.352924 0.293275 -2.795365
v -0.381101 -0.024077 -2.758254
v -0.928438 0.336537 2.102562
v -0.721070 -1.179117 0.267080
v -0.909161 -0.724554 2.132995
v -0.200902 -0.700141 -3.233120
v -1.633859 -0.408054 -1.911012
v -0.807064 -0.132382 -2.799168
v -2.008475 -0.297448 0.813012
v -2.013430 -0.398437 0.244146
v 0.000000 -0.138825 -2.763377
v -0.268545 -0.639575 3.548054
v -1.005356 -0.242742 2.107450
v -0.387874 -0.132777 -2.776528
v -0.475609 -0.695343 2.563860
v 0.000000 -0.803827 2.558172
v -0.338398 0.365993 2.567847
v 0.000000 0.470948 2.631983
v -0.576791 0.115099 2.486410
v 0.000000 0.350820 3.324422
v -0.593230 -0.524381 2.526166
v -0.370885 0.241010 3.275677
v -0.648195 -0.270181 2.492985
v 0.000000 0.078541 3.887515
v -0.255965 -0.173440 3.797385
v 0.000000 -0.186603 3.907094
v -0.276085 -0.553808 3.602423
v 0.000000 -0.602960 3.748047
v -0.000000 -0.462307 3.812262
v -0.202378 -0.515310 3.748766
v -0.514023 -0.467436 3.148402
v -0.527252 -0.365720 3.139843
v 0.000000 -0.796798 3.212225
v -0.447488 -0.675254 3.162242
v -0.491904 -0.000331 3.220343
v -0.383598 -0.413521 3.470418
v -0.363491 -0.660337 3.405428
v -0.315722 0.151505 3.592457
v 0.000000 0.248483 3.701052
v -0.389535 -0.522021 3.433379
v 0.000000 -0.761104 3.432816
v -0.396045 -0.072549 3.527766
v -0.381288 0.309419 2.918684
v 0.000000 0.415492 2.960055
v -0.571346 -0.476689 2.865199
v 0.000000 -0.800225 2.868792
v -0.546592 0.053589 2.888726
v -0.587198 -0.295095 2.866406
v -0.484569 -0.684347 2.874298
v -5.310512 -0.296795 -0.009095
v -2.053992 0.190709 1.658097
v -2.211707 0.010391 1.159879
v -2.280438 -0.299747 1.007509
v -2.202098 -0.632389 1.164290
v -2.025539 -0.671072 1.744417
v -1.808854 0.156561 2.240928
v -1.792883 -0.545965 2.267597
v -1.742999 -0.184974 2.442315
v -1.322850 0.246092 1.925894
v -1.205798 -0.236729 2.105112
v -1.280678 -0.737686 1.943018
v -4.379457 -0.192073 0.686681
v -4.173758 -0.230860 0.422567
v -4.116212 -0.292480 0.341534
v -4.167382 -0.357732 0.425099
v -4.421438 -0.364825 0.748667
v -4.633762 -0.200998 1.000758
v -4.651039 -0.337034 1.004825
v -4.718829 -0.266928 1.096333
v -5.181999 -0.235243 0.060930
v -4.943666 -0.254970 -0.042110
v -5.006788 -0.299808 -0.142323
v -4.943694 -0.343342 -0.035380
v -5.209929 -0.346391 0.097513
v -5.275447 -0.235442 0.333096
v -5.290043 -0.329301 0.340352
v -5.406398 -0.283368 0.301693
v -0.835590 -0.897135 -2.399888
v -0.951190 0.214916 -2.435390
v -1.173393 -0.091223 -2.471563
v -1.931310 -0.862386 -3.403289
v 0.000000 0.504764 -2.387940
v 0.000000 -0.866229 -2.469496
v -0.367273 -0.885820 -2.461201
v -0.517160 0.423620 -2.411933
v -1.209073 -0.180722 -2.476667
v -0.168994 0.061628 -3.409185
v 0.000000 0.038421 -3.493985
v -0.184718 -0.043311 -3.452356
v 0.000000 -0.053052 -3.558280
v -0.530592 -0.043978 -3.059376
v -0.442097 0.116914 -3.076254
v -0.245100 0.181095 -3.133234
v 0.000000 0.182630 -3.170248
v 0.000000 -0.021289 -3.120731
v -0.295887 -0.023009 -3.057713
v -0.256811 -0.579861 -3.444913
v -0.269429 -0.505215 -3.478094
v -0.154939 -0.582804 -3.524491
v 0.000000 -0.580888 -3.589439
v -0.145757 -0.502834 -3.597272
v 0.000000 -0.502266 -3.679839
v -0.266873 -0.434320 -3.441825
v 0.000000 -0.404230 -3.613032
v -0.154579 -0.408052 -3.540608
v -0.459210 -0.375841 -3.267879
v -0.479370 -0.522819 -3.366157
v -0.233978 -0.274248 -3.237500
v -0.000000 -0.263623 -3.228503
v 0.000000 -0.694439 -3.235572
v -1.433838 -0.873688 -2.825097
v -1.787343 -0.849701 -2.458790
v -1.891304 -0.682761 -2.396594
v -1.152032 -0.833075 -3.210077
v -0.965419 -0.745391 -3.499477
v -0.995984 -0.437367 -3.471762
v -1.313968 -0.323890 -3.180004
v -1.859493 -0.484065 -2.478966
v -1.583341 -0.334941 -2.854660
v -0.937660 -0.583649 -3.562083
v -2.314241 -0.728443 -3.146254
v -1.637467 -0.835319 -3.625632
v -1.346649 -0.761673 -3.836700
v -1.354163 -0.524535 -3.834635
v -1.701709 -0.495665 -3.606663
v -2.264124 -0.597134 -3.194484
v -1.988687 -0.514692 -3.404957
v -1.288487 -0.637938 -3.887280
v -2.219018 -0.846562 -3.964234
v -2.375770 -0.840857 -3.756028
v -2.444637 -0.768328 -3.809997
v -1.981669 -0.825252 -4.068148
v -2.045068 -0.732417 -4.146818
v -2.276391 -0.752895 -4.063541
v -1.685771 -0.771925 -4.086626
v -1.694223 -0.617643 -4.088315
v -1.996658 -0.637031 -4.060253
v -2.398691 -0.683977 -3.757881
v -2.236311 -0.654730 -3.963639
v -1.694015 -0.696700 -4.137067
v -0.507668 -0.079613 -3.044461
v 0.000000 -0.071288 -3.497185
v -0.201470 -0.065803 -3.395423
v -0.358118 -0.451720 3.463199
v -0.181041 -0.535384 3.711795
v -0.267081 -0.528385 3.582774
v 0.000000 -0.573766 3.731554
v 0.000000 -0.476598 3.768142
v -0.368305 -0.502692 3.431520
v -0.489184 -0.406075 3.157780
v -0.339745 -0.291507 3.106089
v -0.403151 -0.613526 3.118819
v 0.000000 -0.629914 3.116588
v 0.000000 -0.238748 3.068701
v -0.478494 -0.452650 3.179312
v -0.468422 -0.354209 2.920266
v -0.332931 -0.267085 2.798232
v -0.350318 -0.560223 2.754593
v 0.000000 -0.561460 2.696143
v 0.000000 -0.208028 2.718729
v -0.472583 -0.481821 2.917251
v -0.169982 0.394972 2.943727
v -0.157472 0.333111 3.299709
v -0.120777 -0.190259 3.882861
v -0.129081 0.236204 3.673216
v -0.109505 0.067929 3.868576
v -0.132634 0.445840 2.615137
v -0.223987 -0.773056 3.195481
v -0.150782 -0.680929 3.600390
v -0.185711 -0.737225 3.418853
v -0.235394 -0.781304 2.559924
v -0.238806 -0.780285 2.872692
v -0.149233 -0.587232 3.687447
v -0.182318 -0.569276 2.709674
v -0.123376 -0.524159 3.791184
v -0.145258 -0.559842 3.666977
v -0.114013 -0.541827 3.746586
v -0.253753 -0.651512 3.114514
v -0.174852 -0.258352 3.087711
v -0.165595 -0.229492 2.747585
v -0.442103 0.495554 2.346076
v -0.739011 -0.631335 2.298865
v -0.821062 -0.249089 2.261935
v -0.701782 0.271727 2.256675
v -0.554104 -0.843433 2.299142
v 0.000000 0.570352 2.393893
v 0.000000 -0.912575 2.304597
v -0.286977 -0.894016 2.291224
v -0.178350 0.547301 2.382749
v -0.263681 0.652423 2.272115
v 0.000000 0.681487 2.251356
v 0.000000 -0.993924 2.178599
v -0.322445 -0.981916 2.167137
v -1.262620 -1.056946 -0.758087
v -1.643917 0.558621 -0.830594
v -1.914324 -0.100838 -0.812965
v -1.788690 -0.771973 -0.778579
v -0.000000 1.169185 -0.784757
v 0.000000 -1.167090 -0.691948
v -0.676871 -1.139375 -0.713342
v -0.950751 1.019502 -0.801042
v -1.906570 -0.436260 -0.820984
v -0.109618 -0.432473 3.702180
v 0.000000 -0.411685 3.730402
v -0.470996 -0.480802 3.133186
v -0.473312 -0.368307 3.121427
v -0.139217 -0.336655 3.583518
v -0.205544 -0.412848 3.646886
v -0.000000 -0.326308 3.596440
v -0.328751 -0.399982 3.487527
v -0.233773 -0.363697 3.526320
v -0.288255 -0.559200 3.525026
v -0.169119 -0.589663 3.600616
v 0.000000 -0.598571 3.656219
v -0.331151 -0.590551 3.406871
v -0.354200 -0.534770 3.410686
v -0.216263 -0.629308 3.417516
v 0.000000 -0.619405 3.398775
v -0.465121 0.096893 3.389159
v -0.458321 0.112920 3.389159
v -0.447426 0.126997 3.389159
v -0.433228 0.137799 3.389159
v -0.416693 0.144590 3.389159
v -0.398950 0.146906 3.389159
v -0.381206 0.144590 3.389159
v -0.364671 0.137799 3.389159
v -0.350473 0.126997 3.389159
v -0.339578 0.112920 3.389159
v -0.332778 0.096893 3.389159
v -0.465121 0.096281 3.384511
v -0.458321 0.111762 3.380363
v -0.447426 0.125360 3.376719
v -0.433228 0.135794 3.373924
v -0.416693 0.142353 3.372166
v -0.398950 0.144590 3.371567
v -0.381206 0.142353 3.372166
v -0.364671 0.135794 3.373924
v -0.350473 0.125360 3.376719
v -0.339578 0.111762 3.380363
v -0.332778 0.096281 3.384511
v -0.465121 0.094487 3.380180
v -0.458321 0.108366 3.372166
v -0.447426 0.120558 3.365127
v -0.433228 0.129913 3.359726
v -0.416693 0.135794 3.356331
v -0.398950 0.137799 3.355173
v -0.381206 0.135794 3.356331
v -0.364671 0.129913 3.359726
v -0.350473 0.120558 3.365127
v -0.339578 0.108366 3.372166
v -0.332778 0.094487 3.380180
v -0.465121 0.091633 3.376460
v -0.458321 0.102965 3.365127
v -0.447426 0.112920 3.355173
v -0.433228 0.120558 3.347535
v -0.416693 0.125360 3.342733
v -0.398950 0.126997 3.341095
v -0.381206 0.125360 3.342733
v -0.364671 0.120558 3.347535
v -0.350473 0.112920 3.355173
v -0.339578 0.102965 3.365127
v -0.332778 0.091633 3.376460
v -0.465121 0.087913 3.373606
v -0.458321 0.095927 3.359726
v -0.447426 0.102965 3.347535
v -0.433228 0.108366 3.338180
v -0.416693 0.111762 3.332299
v -0.398950 0.112920 3.330293
v -0.381206 0.111762 3.332299
v -0.364671 0.108366 3.338180
v -0.350473 0.102965 3.347535
v -0.339578 0.095927 3.359726
v -0.332778 0.087913 3.373606
v -0.465121 0.083582 3.371812
v -0.458321 0.087730 3.356331
v -0.447426 0.091373 3.342733
v -0.433228 0.094169 3.332299
v -0.416693 0.095927 3.325740
v -0.398950 0.096526 3.323503
v -0.381206 0.095927 3.325740
v -0.364671 0.094169 3.332299
v -0.350473 0.091373 3.342733
v -0.339578 0.087730 3.356331
v -0.332778 0.083582 3.371812
v -0.465121 0.078934 3.371200
v -0.458321 0.078934 3.355173
v -0.447426 0.078934 3.341095
v -0.433228 0.078934 3.330293
v -0.416693 0.078934 3.323503
v -0.398950 0.078934 3.321187
v -0.381206 0.078934 3.323503
v -0.364671 0.078934 3.330293
v -0.350473 0.078934 3.341095
v -0.339578 0.078934 3.355173
v -0.332778 0.078934 3.371200
v -0.465121 0.074285 3.371812
v -0.458321 0.070137 3.356331
v -0.447426 0.066494 3.342733
v -0.433228 0.063698 3.332299
v -0.416693 0.061941 3.325740
v -0.398950 0.061341 3.323503
v -0.381206 0.061941 3.325740
v -0.364671 0.063698 3.332299
v -0.350473 0.066494 3.342733
v -0.339578 0.070137 3.356331
v -0.332778 0.074285 3.371812
v -0.465121 0.069954 3.373606
v -0.458321 0.061941 3.359726
v -0.447426 0.054902 3.347535
v -0.433228 0.049501 3.338180
v -0.416693 0.046106 3.332299
v -0.398950 0.044947 3.330293
v -0.381206 0.046106 3.332299
v -0.364671 0.049501 3.338180
v -0.350473 0.054902 3.347535
v -0.339578 0.061941 3.359726
v -0.332778 0.069954 3.373606
v -0.467931 0.078934 3.389159
v -0.465121 0.066235 3.376460
v -0.458321 0.054902 3.365127
v -0.447426 0.044947 3.355173
v -0.433228 0.037309 3.347535
v -0.416693 0.032508 3.342733
v -0.398950 0.030870 3.341095
v -0.381206 0.032508 3.342733
v -0.364671 0.037309 3.347535
v -0.350473 0.044947 3.355173
v -0.339578 0.054902 3.365127
v -0.332778 0.066235 3.376460
v -0.465121 0.063381 3.380180
v -0.458321 0.049501 3.372166
v -0.447426 0.037309 3.365127
v -0.433228 0.027954 3.359726
v -0.416693 0.022074 3.356331
v -0.398950 0.020068 3.355173
v -0.381206 0.022074 3.356331
v -0.364671 0.027954 3.359726
v -0.350473 0.037309 3.365127
v -0.339578 0.049501 3.372166
v -0.332778 0.063381 3.380180
v -0.329968 0.078934 3.389159
v -0.465121 0.061587 3.384511
v -0.458321 0.046106 3.380363
v -0.447426 0.032508 3.376719
v -0.433228 0.022074 3.373924
v -0.416693 0.015515 3.372166
v -0.398950 0.013277 3.371567
v -0.381206 0.015515 3.372166
v -0.364671 0.022074 3.373924
v -0.350473 0.032508 3.376719
v -0.339578 0.046105 3.380363
v -0.332778 0.061587 3.384511
v -0.465121 0.060975 3.389159
v -0.458321 0.044947 3.389159
v -0.447426 0.030870 3.389159
v -0.433228 0.020068 3.389159
v -0.416693 0.013277 3.389159
v -0.398950 0.010961 3.389159
v -0.381206 0.013277 3.389159
v -0.364671 0.020068 3.389159
v -0.350473 0.030870 3.389159
v -0.339578 0.044947 3.389159
v -0.332778 0.060975 3.389159
v -0.465121 0.061587 3.393807
v -0.458321 0.046106 3.397955
v -0.447426 0.032508 3.401599
v -0.433228 0.022074 3.404395
v -0.416693 0.015515 3.406152
v -0.398950 0.013277 3.406752
v -0.381206 0.015515 3.406152
v -0.364671 0.022074 3.404395
v -0.350473 0.032508 3.401599
v -0.339578 0.046105 3.397955
v -0.332778 0.061587 3.393807
v -0.465121 0.063381 3.398139
v -0.458321 0.049501 3.406152
v -0.447426 0.037309 3.413191
v -0.433228 0.027954 3.418592
v -0.416693 0.022074 3.421987
v -0.398950 0.020068 3.423145
v -0.381206 0.022074 3.421987
v -0.364671 0.027954 3.418592
v -0.350473 0.037309 3.413191
v -0.339578 0.049501 3.406152
v -0.332778 0.063381 3.398139
v -0.465121 0.066235 3.401858
v -0.458321 0.054902 3.413191
v -0.447426 0.044947 3.423145
v -0.433228 0.037309 3.430784
v -0.416693 0.032508 3.435585
v -0.398950 0.030870 3.437223
v -0.381206 0.032508 3.435585
v -0.364671 0.037309 3.430783
v -0.350473 0.044947 3.423145
v -0.339578 0.054902 3.413191
v -0.332778 0.066235 3.401858
v -0.465121 0.069954 3.404712
v -0.458321 0.061941 3.418592
v -0.447426 0.054902 3.430784
v -0.433228 0.049501 3.440138
v -0.416693 0.046105 3.446019
v -0.398950 0.044947 3.448025
v -0.381206 0.046105 3.446019
v -0.364671 0.049501 3.440138
v -0.350473 0.054902 3.430783
v -0.339578 0.061941 3.418592
v -0.332778 0.069954 3.404712
v -0.465121 0.074285 3.406506
v -0.458321 0.070137 3.421987
v -0.447426 0.066494 3.435585
v -0.433228 0.063698 3.446019
v -0.416693 0.061941 3.452578
v -0.398950 0.061341 3.454815
v -0.381206 0.061941 3.452578
v -0.364671 0.063698 3.446019
v -0.350473 0.066494 3.435585
v -0.339578 0.070137 3.421987
v -0.332778 0.074285 3.406506
v -0.465121 0.078934 3.407118
v -0.458321 0.078934 3.423145
v -0.447426 0.078934 3.437223
v -0.433228 0.078934 3.448025
v -0.416693 0.078934 3.454815
v -0.398950 0.078934 3.457131
v -0.381206 0.078934 3.454815
v -0.364671 0.078934 3.448025
v -0.350473 0.078934 3.437223
v -0.339578 0.078934 3.423145
v -0.332778 0.078934 3.407118
v -0.465121 0.083582 3.406506
v -0.458321 0.087730 3.421987
v -0.447426 0.091373 3.435585
v -0.433228 0.094169 3.446019
v -0.416693 0.095927 3.452578
v -0.398950 0.096526 3.454815
v -0.381206 0.095927 3.452578
v -0.364671 0.094169 3.446019
v -0.350473 0.091373 3.435585
v -0.339578 0.087730 3.421987
v -0.332778 0.083582 3.406506
v -0.465121 0.087913 3.404712
v -0.458321 0.095927 3.418592
v -0.447426 0.102965 3.430784
v -0.433228 0.108366 3.440138
v -0.416693 0.111762 3.446019
v -0.398950 0.112920 3.448025
v -0.381206 0.111762 3.446019
v -0.364671 0.108366 3.440138
v -0.350473 0.102965 3.430784
v -0.339578 0.095927 3.418592
v -0.332778 0.087913 3.404712
v -0.465121 0.091633 3.401858
v -0.458321 0.102965 3.413191
v -0.447426 0.112920 3.423145
v -0.433228 0.120558 3.430783
v -0.416693 0.125360 3.435585
v -0.398950 0.126997 3.437223
v -0.381206 0.125360 3.435585
v -0.364671 0.120558 3.430784
v -0.350473 0.112920 3.423145
v -0.339578 0.102965 3.413191
v -0.332778 0.091633 3.401858
v -0.465121 0.094487 3.398139
v -0.458321 0.108366 3.406152
v -0.447426 0.120558 3.413191
v -0.433228 0.129913 3.418592
v -0.416693 0.135794 3.421987
v -0.398950 0.137799 3.423145
v -0.381206 0.135794 3.421987
v -0.364671 0.129913 3.418592
v -0.350473 0.120558 3.413191
v -0.339578 0.108366 3.406152
v -0.332778 0.094487 3.398139
v -0.465121 0.096281 3.393807
v -0.458321 0.111762 3.397955
v -0.447426 0.125360 3.401599
v -0.433228 0.135794 3.404395
v -0.416693 0.142353 3.406152
v -0.398950 0.144590 3.406752
v -0.381206 0.142353 3.406152
v -0.364671 0.135793 3.404395
v -0.350473 0.125360 3.401599
v -0.339578 0.111762 3.397955
v -0.332778 0.096281 3.393807
v -0.469590 0.062937 3.342661
v -0.449684 0.123201 3.347610
v -0.436757 0.040822 3.447828
v -0.423664 0.093960 3.458569
v -0.475284 0.055875 3.330536
v -0.433600 0.029358 3.458416
v -0.446622 0.136105 3.339213
v -0.414850 0.100021 3.474032
v -0.326781 0.233050 3.455668
v 0.000000 0.302792 3.542842
v -0.459363 -0.095803 3.363968
v -0.456657 -0.389040 3.290604
v -0.428664 -0.428976 3.282834
v -0.275487 -0.328881 3.317685
v 0.000000 -0.285663 3.310220
v -0.142430 0.289666 3.514370
v -0.158259 -0.299541 3.320086
v -0.392662 -0.375053 3.312543
v -0.430371 0.142080 3.406287
v -0.463866 0.031456 3.394528
v -0.466426 0.019328 3.391651
v -0.424584 0.155131 3.410870
v -0.295119 -0.422505 3.640747
v -0.271317 0.087940 3.722912
v 0.000000 0.182600 3.809780
v -0.329746 -0.123426 3.677739
v -0.271036 -0.450994 3.619282
v -0.117410 0.168953 3.787873
v -0.272753 -0.406549 3.589853
v -0.477781 0.049285 3.305204
v -0.420267 0.004771 3.484563
v -0.426291 0.169435 3.325239
v -0.385598 0.112611 3.511545
v -0.464340 -0.004901 3.385378
v -0.402241 0.185311 3.426595
v -0.427102 0.136756 3.404156
v -0.445091 0.118847 3.349617
v -0.458122 0.034116 3.393629
v -0.463183 0.063714 3.345252
v -0.421006 0.091592 3.452744
v -0.432939 0.042891 3.443031
v -0.404899 0.114470 3.393836
v -0.422235 0.105575 3.349789
v -0.426763 0.042126 3.386416
v -0.435921 0.063203 3.346289
v -0.401219 0.083450 3.435852
v -0.411249 0.044897 3.429178
v -0.473545 0.040315 3.279680
v -0.401070 0.198499 3.314126
v -0.404729 -0.014238 3.504368
v -0.354102 0.124897 3.542724
v -0.457415 -0.031513 3.379630
v -0.369489 0.208768 3.438967
v -1.911762 -0.240387 -0.811775
v -2.012748 -0.152032 0.270404
v -1.610300 -0.270140 -1.806494
v -1.364045 -0.251985 -2.615261
v -1.080898 -0.232538 -2.973069
v -0.321252 -0.201627 -2.979143
v 0.000000 -0.202721 -2.978565
v -0.861811 -0.316190 -3.207088
v -0.610602 -0.261351 -3.054290
v -1.948585 0.058365 0.987174
v -1.723191 0.183583 1.602296
v -1.313735 0.420938 1.992430
v -0.644573 0.607336 2.275615
v -0.692599 -0.967406 2.145616
v -1.819410 -0.864979 0.968639
v -1.717262 -0.846094 1.653119
v -1.290850 -0.896655 1.980013
v -1.708194 -0.878567 -0.771110
v -1.831538 -0.875679 0.270908
v -1.383841 -0.904930 -1.695653
v -1.954410 -0.639800 0.265113
v -0.841345 -0.925321 -2.186061
v -0.409924 -0.949539 -2.266624
v 0.000000 -0.929712 -2.260256
v -1.948226 -0.691780 0.975551
v -1.767174 -0.732011 1.693359
v -1.648125 -0.639299 -1.787611
v -1.846860 -0.641719 -0.797422
v -0.266341 -1.062372 -1.520827
v -0.339603 -1.061062 1.968595
v -0.387726 0.852995 -1.552735
v -0.319210 0.793414 2.119951
v -0.341768 -1.181266 1.002979
v -0.126905 -0.802983 -2.831175
v -0.161061 0.315677 -2.797323
v -0.175861 -0.014586 -2.756761
v -0.339234 -1.199217 0.268814
v -0.426046 1.170215 1.176961
v -0.454596 1.218748 0.231969
v -0.179430 -0.135413 -2.769278
v -0.242326 0.465130 -2.399733
v -0.167963 -0.874289 -2.470071
v -0.069055 0.045860 -3.479341
v -0.071782 -0.048642 -3.539395
v -0.083707 -0.067579 -3.475789
v -0.139102 -0.017530 -3.096894
v -0.114139 0.184425 -3.161389
v -0.075192 -0.582265 -3.566971
v -0.069410 -0.502457 -3.651093
v -0.073895 -0.403741 -3.588819
v -0.092664 -0.697414 -3.236337
v -0.110636 -0.262441 -3.234685
v -0.317835 -1.158497 -0.698806
v -0.450521 1.110887 -0.789767
v -0.150106 -0.198271 -2.977474
v -0.189025 -0.940648 -2.267230
vt 0.2367 0.1400
vt 0.2624 0.1479
vt 0.2716 0.1841
vt 0.2419 0.1821
vt 0.2029 0.1772
vt 0.2026 0.1279
vt 0.2040 0.0882
vt 0.2342 0.1070
vt 0.2528 0.1234
vt 0.5966 0.3290
vt 0.5777 0.2467
vt 0.5973 0.2583
vt 0.6119 0.3322
vt 0.2552 0.2641
vt 0.2896 0.2631
vt 0.1447 0.6013
vt 0.1203 0.6071
vt 0.1214 0.5749
vt 0.1492 0.5701
vt 0.1795 0.5672
vt 0.1714 0.5972
vt 0.1646 0.6183
vt 0.1410 0.6227
vt 0.1195 0.6288
vt 0.7842 0.3429
vt 0.7833 0.3559
vt 0.7517 0.3427
vt 0.7629 0.3289
vt 0.7726 0.3149
vt 0.7882 0.3280
vt 0.8017 0.3356
vt 0.8056 0.3501
vt 0.8168 0.3704
vt 0.1943 0.5976
vt 0.2059 0.5687
vt 0.2251 0.5718
vt 0.2108 0.5998
vt 0.1989 0.6216
vt 0.1846 0.6190
vt 0.6025 0.4503
vt 0.6148 0.4514
vt 0.6186 0.2653
vt 0.6271 0.3342
vt 0.2728 0.1496
vt 0.2834 0.1841
vt 0.2583 0.1191
vt 0.2607 0.1177
vt 0.2755 0.1483
vt 0.2862 0.1830
vt 0.2078 0.3718
vt 0.2093 0.2640
vt 0.2525 0.3757
vt 0.6273 0.4519
vt 0.5409 0.3532
vt 0.5147 0.3506
vt 0.5106 0.2356
vt 0.5341 0.2365
vt 0.2855 0.3793
vt 0.5337 0.4270
vt 0.5096 0.4253
vt 0.4801 0.3478
vt 0.4792 0.2346
vt 0.5036 0.4679
vt 0.4757 0.4718
vt 0.4770 0.4242
vt 0.5235 0.4660
vt 0.5132 0.4913
vt 0.4986 0.5034
vt 0.4751 0.5122
vt 0.0024 0.3740
vt 0.0028 0.2450
vt 0.0297 0.2481
vt 0.0304 0.3728
vt 0.4769 0.1030
vt 0.4912 0.1350
vt 0.4673 0.1343
vt 0.4562 0.0942
vt 0.4502 0.0680
vt 0.4792 0.0920
vt 0.5049 0.1310
vt 0.8343 0.2796
vt 0.8160 0.2952
vt 0.8002 0.2775
vt 0.8223 0.2678
vt 0.8448 0.2481
vt 0.8550 0.2587
vt 0.8651 0.2696
vt 0.8459 0.2909
vt 0.8284 0.3075
vt 0.7277 0.5089
vt 0.7266 0.5381
vt 0.7098 0.5358
vt 0.7112 0.5030
vt 0.7166 0.4715
vt 0.7327 0.4797
vt 0.7516 0.4893
vt 0.7473 0.5157
vt 0.7467 0.5409
vt 0.3670 0.3443
vt 0.3476 0.3438
vt 0.3527 0.2325
vt 0.3711 0.2333
vt 0.0569 0.2511
vt 0.0579 0.3713
vt 0.3281 0.3434
vt 0.3343 0.2316
vt 0.3672 0.4276
vt 0.3480 0.4280
vt 0.1197 0.7021
vt 0.1155 0.7057
vt 0.1088 0.6836
vt 0.1149 0.6799
vt 0.1230 0.6746
vt 0.1248 0.6960
vt 0.1292 0.7096
vt 0.1244 0.7189
vt 0.1218 0.7225
vt 0.7075 0.3480
vt 0.7023 0.3478
vt 0.7092 0.3259
vt 0.7155 0.3273
vt 0.7235 0.3296
vt 0.7143 0.3484
vt 0.7074 0.3650
vt 0.7015 0.3665
vt 0.6969 0.3676
vt 0.3285 0.4284
vt 0.0248 0.1293
vt 0.0478 0.1363
vt 0.1180 0.2570
vt 0.1263 0.1591
vt 0.1630 0.1687
vt 0.1615 0.2610
vt 0.0715 0.1435
vt 0.9156 0.0266
vt 0.9082 0.0306
vt 0.8949 0.0116
vt 0.9035 0.0072
vt 0.9120 0.0026
vt 0.9229 0.0224
vt 0.9341 0.0424
vt 0.9280 0.0461
vt 0.9218 0.0498
vt 0.0677 0.0770
vt 0.0881 0.0837
vt 0.0477 0.0706
vt 0.0687 0.0245
vt 0.0859 0.0297
vt 0.1032 0.0351
vt 0.3516 0.4867
vt 0.3708 0.4856
vt 0.3744 0.5363
vt 0.3554 0.5380
vt 0.3362 0.5395
vt 0.3323 0.4877
vt 0.7276 0.5606
vt 0.7300 0.5785
vt 0.7130 0.5818
vt 0.7107 0.5614
vt 0.7477 0.5598
vt 0.7500 0.5750
vt 0.4433 0.4772
vt 0.4417 0.4251
vt 0.4451 0.5220
vt 0.4155 0.5302
vt 0.4126 0.4821
vt 0.4096 0.4266
vt 0.1671 0.1134
vt 0.1346 0.0998
vt 0.1423 0.0510
vt 0.1717 0.0681
vt 0.2349 0.0951
vt 0.2059 0.0739
vt 0.2080 0.0724
vt 0.2373 0.0937
vt 0.8745 0.0474
vt 0.8546 0.0629
vt 0.8248 0.0301
vt 0.8545 0.0277
vt 0.8739 0.0208
vt 0.8904 0.0395
vt 0.9069 0.0583
vt 0.8941 0.0668
vt 0.8768 0.0823
vt 0.4432 0.3463
vt 0.4100 0.3455
vt 0.4442 0.2346
vt 0.9462 0.1141
vt 0.9398 0.1193
vt 0.9175 0.1158
vt 0.9301 0.1021
vt 0.9396 0.0954
vt 0.9543 0.1104
vt 0.9655 0.1216
vt 0.9581 0.1226
vt 0.9504 0.1234
vt 0.1586 0.6945
vt 0.1774 0.6665
vt 0.1800 0.6708
vt 0.1620 0.6953
vt 0.1487 0.7167
vt 0.1425 0.7186
vt 0.1398 0.7179
vt 0.1549 0.6936
vt 0.1726 0.6653
vt 0.6816 0.2131
vt 0.6854 0.1736
vt 0.6896 0.1709
vt 0.6854 0.2135
vt 0.6804 0.2572
vt 0.6750 0.2559
vt 0.6647 0.2476
vt 0.6778 0.2127
vt 0.6825 0.1716
vt 0.4121 0.2347
vt 0.1166 0.3683
vt 0.1601 0.3692
vt 0.6549 0.3333
vt 0.6641 0.3331
vt 0.6603 0.4503
vt 0.6513 0.4508
vt 0.3939 0.5538
vt 0.4161 0.5486
vt 0.4154 0.5523
vt 0.3933 0.5579
vt 0.3750 0.5612
vt 0.3754 0.5564
vt 0.3932 0.5344
vt 0.7361 0.3579
vt 0.7329 0.3521
vt 0.7538 0.3560
vt 0.7531 0.3652
vt 0.7365 0.3651
vt 0.7251 0.3700
vt 0.7242 0.3650
vt 0.7242 0.3602
vt 0.1045 0.6116
vt 0.0928 0.6151
vt 0.0879 0.5831
vt 0.1025 0.5793
vt 0.1061 0.6332
vt 0.0965 0.6367
vt 0.1471 0.6916
vt 0.1617 0.6631
vt 0.1348 0.7159
vt 0.1384 0.6886
vt 0.1481 0.6624
vt 0.3795 0.7124
vt 0.3612 0.7006
vt 0.3729 0.6837
vt 0.3912 0.6971
vt 0.4110 0.7132
vt 0.3993 0.7272
vt 0.3846 0.7410
vt 0.3658 0.7271
vt 0.3486 0.7165
vt 0.2419 0.7108
vt 0.2286 0.7147
vt 0.2258 0.7043
vt 0.2385 0.6999
vt 0.2481 0.6965
vt 0.2516 0.7077
vt 0.2549 0.7191
vt 0.2451 0.7218
vt 0.2313 0.7253
vt 0.2184 0.6010
vt 0.2337 0.5734
vt 0.2372 0.5742
vt 0.2215 0.6018
vt 0.2154 0.6253
vt 0.2054 0.6231
vt 0.6714 0.3333
vt 0.6680 0.4500
vt 0.6419 0.0846
vt 0.6117 0.0842
vt 0.6123 0.0752
vt 0.6421 0.0714
vt 0.6658 0.0605
vt 0.6663 0.0824
vt 0.6659 0.1117
vt 0.6416 0.0978
vt 0.6111 0.0933
vt 0.6641 0.5699
vt 0.6507 0.5719
vt 0.9016 0.4896
vt 0.8965 0.4961
vt 0.8914 0.4942
vt 0.8969 0.4867
vt 0.9032 0.4808
vt 0.9077 0.4846
vt 0.9118 0.4904
vt 0.9054 0.4943
vt 0.9007 0.4982
vt 0.2896 0.6332
vt 0.2874 0.6245
vt 0.2944 0.6230
vt 0.2967 0.6273
vt 0.3002 0.6311
vt 0.2972 0.6377
vt 0.2939 0.6455
vt 0.2832 0.6389
vt 0.2791 0.6270
vt 0.8668 0.6363
vt 0.8698 0.6443
vt 0.8583 0.6466
vt 0.8560 0.6376
vt 0.8538 0.6283
vt 0.8639 0.6284
vt 0.8728 0.6273
vt 0.8768 0.6342
vt 0.8808 0.6413
vt 0.7331 0.5938
vt 0.7369 0.6082
vt 0.7192 0.6142
vt 0.7155 0.5991
vt 0.7534 0.5885
vt 0.7571 0.6023
vt 0.4980 0.5169
vt 0.5160 0.4988
vt 0.5183 0.5005
vt 0.4996 0.5194
vt 0.4760 0.5312
vt 0.4753 0.5279
vt 0.7433 0.4574
vt 0.7273 0.4498
vt 0.7406 0.4347
vt 0.7561 0.4407
vt 0.7734 0.4489
vt 0.7617 0.4668
vt 0.8753 0.6187
vt 0.8691 0.6210
vt 0.8666 0.6160
vt 0.8703 0.6134
vt 0.8744 0.6102
vt 0.8796 0.6155
vt 0.8846 0.6209
vt 0.8798 0.6243
vt 0.9143 0.5317
vt 0.9172 0.5457
vt 0.9125 0.5458
vt 0.9079 0.5321
vt 0.9031 0.5164
vt 0.9110 0.5155
vt 0.9188 0.5141
vt 0.9204 0.5307
vt 0.9212 0.5448
vt 0.9083 0.5030
vt 0.9008 0.5048
vt 0.9157 0.5005
vt 0.7128 0.4462
vt 0.7009 0.4682
vt 0.6855 0.4673
vt 0.6990 0.4446
vt 0.7161 0.4287
vt 0.7277 0.4311
vt 0.8638 0.6080
vt 0.8605 0.6135
vt 0.8518 0.6093
vt 0.8553 0.6016
vt 0.8596 0.5963
vt 0.8681 0.6042
vt 0.8947 0.5046
vt 0.8959 0.5162
vt 0.8889 0.5155
vt 0.8887 0.5034
vt 0.9003 0.5319
vt 0.9048 0.5457
vt 0.8952 0.5458
vt 0.8919 0.5317
vt 0.8189 0.5298
vt 0.8172 0.5502
vt 0.7962 0.5465
vt 0.7976 0.5257
vt 0.8004 0.5028
vt 0.8215 0.5073
vt 0.8389 0.5096
vt 0.8353 0.5329
vt 0.8347 0.5555
vt 0.8251 0.4899
vt 0.8051 0.4840
vt 0.8107 0.4686
vt 0.8295 0.4759
vt 0.8464 0.4812
vt 0.8395 0.4936
vt 0.8141 0.5826
vt 0.8132 0.5978
vt 0.7962 0.5975
vt 0.7958 0.5826
vt 0.7956 0.5695
vt 0.8156 0.5696
vt 0.8341 0.5718
vt 0.8302 0.5858
vt 0.8281 0.6000
vt 0.8170 0.6394
vt 0.8186 0.6510
vt 0.8005 0.6527
vt 0.7992 0.6408
vt 0.7980 0.6279
vt 0.8154 0.6270
vt 0.8312 0.6270
vt 0.8334 0.6387
vt 0.8355 0.6497
vt 0.8163 0.5611
vt 0.7956 0.5593
vt 0.8312 0.5634
vt 0.8343 0.4636
vt 0.8160 0.4561
vt 0.8210 0.4459
vt 0.8392 0.4531
vt 0.8560 0.4587
vt 0.8507 0.4688
vt 0.8638 0.5337
vt 0.8643 0.5495
vt 0.8547 0.5511
vt 0.8548 0.5347
vt 0.8553 0.5184
vt 0.8635 0.5180
vt 0.8723 0.5135
vt 0.8732 0.5325
vt 0.8744 0.5479
vt 0.8634 0.4933
vt 0.8591 0.4915
vt 0.8601 0.4896
vt 0.8652 0.4917
vt 0.8686 0.4956
vt 0.8663 0.4966
vt 0.8644 0.4974
vt 0.8619 0.4945
vt 0.8583 0.4929
vt 0.8440 0.5932
vt 0.8410 0.6043
vt 0.8480 0.5850
vt 0.8456 0.6382
vt 0.8478 0.6483
vt 0.8435 0.6276
vt 0.3133 0.6148
vt 0.3119 0.6069
vt 0.3135 0.6068
vt 0.3140 0.6138
vt 0.3178 0.6145
vt 0.3181 0.6166
vt 0.3168 0.6212
vt 0.3107 0.6169
vt 0.3077 0.6087
vt 0.8782 0.4777
vt 0.8721 0.4845
vt 0.8648 0.4819
vt 0.8704 0.4747
vt 0.8770 0.4663
vt 0.8852 0.4699
vt 0.8922 0.4736
vt 0.8852 0.4808
vt 0.8780 0.4897
vt 0.7989 0.4463
vt 0.7918 0.4589
vt 0.7827 0.4363
vt 0.7898 0.4276
vt 0.8046 0.4368
vt 0.7715 0.5591
vt 0.7728 0.5716
vt 0.7713 0.5435
vt 0.7827 0.6432
vt 0.7845 0.6551
vt 0.7700 0.6583
vt 0.7669 0.6466
vt 0.7637 0.6335
vt 0.7808 0.6302
vt 0.7749 0.5846
vt 0.7772 0.5988
vt 0.7831 0.4760
vt 0.7756 0.4969
vt 0.7722 0.5211
vt 0.8675 0.7804
vt 0.8820 0.7668
vt 0.9142 0.7985
vt 0.8964 0.8129
vt 0.8750 0.8264
vt 0.8496 0.7946
vt 0.2989 0.7650
vt 0.3482 0.7407
vt 0.3640 0.7546
vt 0.3060 0.7783
vt 0.7693 0.7173
vt 0.7594 0.7305
vt 0.3343 0.7302
vt 0.2929 0.7557
vt 0.4630 0.8725
vt 0.3503 0.8995
vt 0.3458 0.8821
vt 0.4505 0.8525
vt 0.3836 0.7752
vt 0.4067 0.7614
vt 0.4315 0.7849
vt 0.4059 0.8002
vt 0.6730 0.8290
vt 0.7098 0.8697
vt 0.6903 0.8746
vt 0.6626 0.8354
vt 0.3155 0.7993
vt 0.3262 0.8258
vt 0.7633 0.8454
vt 0.7957 0.8268
vt 0.8139 0.8505
vt 0.7795 0.8666
vt 0.7472 0.8811
vt 0.7330 0.8611
vt 0.7071 0.7960
vt 0.7288 0.7709
vt 0.3371 0.8554
vt 0.4298 0.8272
vt 0.5791 0.0815
vt 0.5513 0.0750
vt 0.5505 0.0506
vt 0.5787 0.0673
vt 0.5795 0.0957
vt 0.5555 0.1077
vt 0.4765 0.7873
vt 0.4480 0.7698
vt 0.4600 0.7548
vt 0.4888 0.7650
vt 0.5184 0.7742
vt 0.5039 0.8037
vt 0.4833 0.8307
vt 0.4587 0.8084
vt 0.5264 0.8225
vt 0.5472 0.7910
vt 0.5756 0.8116
vt 0.5465 0.8423
vt 0.5131 0.8696
vt 0.5001 0.8507
vt 0.9113 0.8489
vt 0.9338 0.8344
vt 0.9470 0.8724
vt 0.9192 0.8865
vt 0.8912 0.8932
vt 0.8866 0.8595
vt 0.8575 0.8624
vt 0.8630 0.8849
vt 0.8320 0.8793
vt 0.8248 0.8667
vt 0.8466 0.8380
vt 0.6850 0.1270
vt 0.6825 0.1365
vt 0.6827 0.1048
vt 0.6924 0.1066
vt 0.6917 0.1376
vt 0.5356 0.0634
vt 0.5358 0.0952
vt 0.5259 0.0924
vt 0.5259 0.0493
vt 0.5306 0.0028
vt 0.5369 0.0281
vt 0.5916 0.7795
vt 0.5963 0.7740
vt 0.2108 0.8164
vt 0.2117 0.8410
vt 0.6135 0.7403
vt 0.6247 0.7137
vt 0.2121 0.8687
vt 0.7776 0.7065
vt 0.8251 0.8100
vt 0.7460 0.7487
vt 0.6329 0.6906
vt 0.6389 0.6726
vt 0.6434 0.6613
vt 0.6470 0.6533
vt 0.4714 0.8898
vt 0.3527 0.9123
vt 0.2096 0.7975
vt 0.3155 0.7993
vt 0.3836 0.7752
vt 0.3640 0.7546
vt 0.3060 0.7783
vt 0.2116 0.9067
vt 0.2108 0.9154
vt 0.7207 0.8887
vt 0.6972 0.8929
vt 0.6867 0.8175
vt 0.1437 0.9094
vt 0.1448 0.9022
vt 0.1460 0.8902
vt 0.2121 0.8929
vt 0.6030 0.7629
vt 0.5403 0.7456
vt 0.5439 0.7411
vt 0.5491 0.7314
vt 0.1470 0.8689
vt 0.1478 0.8443
vt 0.2081 0.7867
vt 0.5772 0.6511
vt 0.5804 0.6412
vt 0.5829 0.6344
vt 0.2066 0.7799
vt 0.0849 0.8639
vt 0.0859 0.8442
vt 0.0837 0.8811
vt 0.0497 0.8721
vt 0.0386 0.8591
vt 0.0393 0.8431
vt 0.5192 0.6286
vt 0.5202 0.6228
vt 0.5173 0.6367
vt 0.4835 0.6321
vt 0.4726 0.6251
vt 0.4721 0.6207
vt 0.0865 0.8061
vt 0.0855 0.8015
vt 0.1462 0.7910
vt 0.1472 0.7967
vt 0.1479 0.8060
vt 0.0871 0.8136
vt 0.0529 0.8194
vt 0.0404 0.8164
vt 0.0388 0.8133
vt 0.0867 0.8268
vt 0.1481 0.8226
vt 0.0405 0.8291
vt 0.5662 0.6874
vt 0.5726 0.6669
vt 0.5574 0.7112
vt 0.0232 0.8291
vt 0.0204 0.8282
vt 0.0213 0.8437
vt 0.0175 0.8450
vt 0.0210 0.8595
vt 0.0176 0.8624
vt 0.0365 0.8755
vt 0.0341 0.8799
vt 0.4536 0.6328
vt 0.4696 0.6380
vt 0.4655 0.6515
vt 0.4491 0.6466
vt 0.4461 0.6466
vt 0.4517 0.6306
vt 0.4457 0.6619
vt 0.4615 0.6671
vt 0.4685 0.6828
vt 0.4561 0.6818
vt 0.4530 0.6841
vt 0.4425 0.6632
vt 0.4930 0.7093
vt 0.4970 0.7015
vt 0.4898 0.7127
vt 0.0822 0.8907
vt 0.0804 0.8965
vt 0.5138 0.6494
vt 0.5088 0.6659
vt 0.5027 0.6852
vt 0.2541 0.5360
vt 0.2444 0.5327
vt 0.2635 0.4859
vt 0.2741 0.4905
vt 0.2772 0.4923
vt 0.2575 0.5373
vt 0.0976 0.5245
vt 0.0787 0.5285
vt 0.0689 0.4683
vt 0.0919 0.4643
vt 0.1199 0.4614
vt 0.1211 0.5207
vt 0.4303 0.0910
vt 0.4377 0.1359
vt 0.4096 0.1379
vt 0.4057 0.0904
vt 0.4022 0.0533
vt 0.4238 0.0571
vt 0.3628 0.0878
vt 0.3759 0.0885
vt 0.3745 0.1375
vt 0.3590 0.1371
vt 0.3435 0.1369
vt 0.3497 0.0872
vt 0.3549 0.0474
vt 0.3659 0.0484
vt 0.3769 0.0496
vt 0.7813 0.3661
vt 0.7786 0.3751
vt 0.8103 0.3830
vt 0.8060 0.3908
vt 0.2221 0.5255
vt 0.1910 0.5192
vt 0.2014 0.4656
vt 0.2377 0.4757
vt 0.7267 0.9075
vt 0.7550 0.8984
vt 0.7596 0.9143
vt 0.7301 0.9262
vt 0.7040 0.9339
vt 0.7013 0.9130
vt 0.1548 0.5182
vt 0.1593 0.4613
vt 0.1253 0.7343
vt 0.1192 0.7261
vt 0.1274 0.7303
vt 0.1317 0.7329
vt 0.1297 0.7372
vt 0.1277 0.7416
vt 0.1232 0.7383
vt 0.1165 0.7298
vt 0.1320 0.6849
vt 0.1348 0.6661
vt 0.1589 0.7331
vt 0.1602 0.7263
vt 0.1841 0.7186
vt 0.1838 0.7272
vt 0.1836 0.7358
vt 0.1577 0.7399
vt 0.1379 0.7425
vt 0.1397 0.7372
vt 0.1414 0.7321
vt 0.1924 0.6438
vt 0.1867 0.6424
vt 0.1953 0.6504
vt 0.2081 0.7206
vt 0.2068 0.7109
vt 0.2095 0.7305
vt 0.1377 0.6448
vt 0.1208 0.6518
vt 0.1568 0.6395
vt 0.1740 0.6398
vt 0.1100 0.6565
vt 0.1022 0.6601
vt 0.6917 0.3791
vt 0.6925 0.3686
vt 0.6960 0.3777
vt 0.6972 0.3829
vt 0.6928 0.3844
vt 0.6886 0.3858
vt 0.6874 0.3805
vt 0.6880 0.3695
vt 0.9853 0.1261
vt 0.9878 0.1306
vt 0.9834 0.1313
vt 0.9809 0.1270
vt 0.9755 0.1196
vt 0.9799 0.1184
vt 0.9843 0.1171
vt 0.9897 0.1252
vt 0.9922 0.1298
vt 0.9629 0.1284
vt 0.9642 0.1328
vt 0.9536 0.1332
vt 0.9526 0.1279
vt 0.9707 0.1282
vt 0.9728 0.1325
vt 0.7140 0.3702
vt 0.7160 0.3627
vt 0.7152 0.3749
vt 0.7072 0.3789
vt 0.7059 0.3739
vt 0.9412 0.0661
vt 0.9360 0.0695
vt 0.9463 0.0626
vt 0.9592 0.0826
vt 0.9549 0.0856
vt 0.9504 0.0886
vt 0.7242 0.3494
vt 0.7352 0.3339
vt 0.9393 0.1263
vt 0.9417 0.1342
vt 0.9264 0.1407
vt 0.9218 0.1309
vt 0.9688 0.1040
vt 0.9645 0.1060
vt 0.9730 0.1019
vt 0.7650 0.2920
vt 0.7459 0.2874
vt 0.7523 0.2748
vt 0.7749 0.2781
vt 0.7848 0.2998
vt 0.7551 0.3059
vt 0.7391 0.3004
vt 0.8319 0.0906
vt 0.8042 0.0737
vt 0.8543 0.1081
vt 0.8313 0.1389
vt 0.8098 0.1247
vt 0.7851 0.1109
vt 0.9127 0.0857
vt 0.8967 0.1003
vt 0.9235 0.0775
vt 0.7331 0.2851
vt 0.7236 0.2838
vt 0.7276 0.2707
vt 0.7379 0.2725
vt 0.7280 0.2980
vt 0.7193 0.2969
vt 0.7202 0.1791
vt 0.7090 0.1787
vt 0.7144 0.0861
vt 0.7305 0.0892
vt 0.8702 0.3166
vt 0.9127 0.3728
vt 0.8966 0.3833
vt 0.8542 0.3338
vt 0.9614 0.3441
vt 0.9455 0.3528
vt 0.9093 0.2788
vt 0.9296 0.2609
vt 0.7014 0.1799
vt 0.7032 0.0860
vt 0.8655 0.1647
vt 0.8346 0.2130
vt 0.8170 0.2065
vt 0.8502 0.1527
vt 0.9280 0.3633
vt 0.8878 0.2993
vt 0.7592 0.1884
vt 0.7384 0.1829
vt 0.7563 0.0983
vt 0.7965 0.1997
vt 0.9542 0.2472
vt 0.9793 0.3385
vt 0.9717 0.3401
vt 0.9435 0.2519
vt 0.8843 0.1801
vt 0.8506 0.2224
vt 0.8445 0.2180
vt 0.8761 0.1732
vt 0.8739 0.1244
vt 0.8891 0.1384
vt 0.8988 0.1490
vt 0.9057 0.1579
vt 0.7891 0.8817
vt 0.7955 0.8939
vt 0.8274 0.2379
vt 0.8192 0.2344
vt 0.8316 0.2419
vt 0.8117 0.2577
vt 0.8092 0.2534
vt 0.8074 0.2474
vt 0.9294 0.4037
vt 0.9149 0.4105
vt 0.9425 0.3966
vt 0.9520 0.4222
vt 0.9406 0.4280
vt 0.9277 0.4322
vt 0.7153 0.2176
vt 0.7093 0.2198
vt 0.7240 0.2171
vt 0.7295 0.2381
vt 0.7259 0.2457
vt 0.7214 0.2489
vt 0.9567 0.3882
vt 0.9692 0.3814
vt 0.9702 0.4028
vt 0.9635 0.4143
vt 0.8033 0.2318
vt 0.7848 0.2297
vt 0.7938 0.2518
vt 0.7774 0.2535
vt 0.7380 0.2200
vt 0.7540 0.2241
vt 0.7518 0.2513
vt 0.7393 0.2471
vt 0.8770 0.3967
vt 0.8375 0.3540
vt 0.7779 0.1938
vt 0.8601 0.4095
vt 0.8523 0.4182
vt 0.8966 0.3833
vt 0.9127 0.3728
vt 0.8702 0.3166
vt 0.8542 0.3338
vt 0.8491 0.4248
vt 0.7618 0.2663
vt 0.7610 0.2725
vt 0.7482 0.2700
vt 0.7499 0.2642
vt 0.7640 0.2534
vt 0.7750 0.2655
vt 0.7751 0.2716
vt 0.9460 0.4391
vt 0.9571 0.4335
vt 0.9600 0.4376
vt 0.9485 0.4435
vt 0.9349 0.4470
vt 0.9331 0.4424
vt 0.7913 0.2619
vt 0.7924 0.2671
vt 0.9680 0.4251
vt 0.9758 0.4087
vt 0.9801 0.4103
vt 0.9715 0.4281
vt 0.7377 0.2593
vt 0.7346 0.2638
vt 0.9166 0.4442
vt 0.9113 0.4354
vt 0.9173 0.4487
vt 0.8963 0.4465
vt 0.8970 0.4417
vt 0.8966 0.4353
vt 0.8967 0.4184
vt 0.8812 0.4261
vt 0.7690 0.2272
vt 0.8747 0.4324
vt 0.8727 0.4381
vt 0.9772 0.3792
vt 0.9830 0.3792
vt 0.2236 0.6608
vt 0.2135 0.6593
vt 0.2240 0.6496
vt 0.2369 0.6708
vt 0.2303 0.6769
vt 0.2193 0.6805
vt 0.1996 0.6683
vt 0.1840 0.6826
vt 0.2036 0.6884
vt 0.1846 0.6989
vt 0.1322 0.7384
vt 0.1341 0.7339
vt 0.1303 0.7430
vt 0.1689 0.6968
vt 0.1640 0.7105
vt 0.4214 0.6214
vt 0.4164 0.6139
vt 0.4217 0.6058
vt 0.4250 0.6156
vt 0.4285 0.6280
vt 0.4260 0.6308
vt 0.4218 0.6345
vt 0.4163 0.6272
vt 0.4101 0.6212
vt 0.8377 0.5645
vt 0.8408 0.5707
vt 0.8400 0.5615
vt 0.8422 0.5628
vt 0.8401 0.5652
vt 0.8431 0.5707
vt 0.8817 0.6132
vt 0.8869 0.6185
vt 0.8764 0.6080
vt 0.8774 0.6062
vt 0.8827 0.6113
vt 0.8879 0.6166
vt 0.9277 0.5483
vt 0.9218 0.5505
vt 0.9270 0.5427
vt 0.9337 0.5401
vt 0.9347 0.5454
vt 0.9358 0.5469
vt 0.9285 0.5498
vt 0.9224 0.5522
vt 0.9063 0.5515
vt 0.8963 0.5516
vt 0.9142 0.5517
vt 0.9143 0.5535
vt 0.9063 0.5534
vt 0.8964 0.5533
vt 0.8702 0.6022
vt 0.8619 0.5942
vt 0.8633 0.5936
vt 0.8713 0.6010
vt 0.2772 0.6129
vt 0.2689 0.6114
vt 0.2789 0.5920
vt 0.2873 0.5963
vt 0.2939 0.5997
vt 0.2846 0.6139
vt 0.2718 0.6292
vt 0.2642 0.6313
vt 0.2927 0.6151
vt 0.3007 0.6034
vt 0.2999 0.6173
vt 0.2655 0.6549
vt 0.2554 0.6335
vt 0.2719 0.6491
vt 0.2880 0.6604
vt 0.2842 0.6687
vt 0.2801 0.6774
vt 0.2587 0.6611
vt 0.2458 0.6359
vt 0.3269 0.6149
vt 0.3248 0.6117
vt 0.3348 0.6076
vt 0.3384 0.6116
vt 0.3421 0.6168
vt 0.3296 0.6193
vt 0.3170 0.5617
vt 0.3158 0.5529
vt 0.3185 0.5491
vt 0.3198 0.5595
vt 0.3190 0.5728
vt 0.3163 0.5733
vt 0.3135 0.5736
vt 0.3144 0.5639
vt 0.3130 0.5572
vt 0.3129 0.5439
vt 0.3091 0.5343
vt 0.3114 0.5304
vt 0.3154 0.5397
vt 0.3101 0.5492
vt 0.3059 0.5399
vt 0.8505 0.5821
vt 0.8524 0.5818
vt 0.3074 0.6707
vt 0.3084 0.6607
vt 0.3283 0.6559
vt 0.3296 0.6666
vt 0.3306 0.6778
vt 0.3061 0.6810
vt 0.8465 0.5593
vt 0.8554 0.5576
vt 0.8565 0.5590
vt 0.8481 0.5608
vt 0.8456 0.5524
vt 0.3455 0.6621
vt 0.3430 0.6516
vt 0.3567 0.6466
vt 0.3600 0.6563
vt 0.3634 0.6672
vt 0.3479 0.6735
vt 0.9034 0.4723
vt 0.9083 0.4764
vt 0.8982 0.4772
vt 0.8976 0.4683
vt 0.9022 0.4640
vt 0.9080 0.4684
vt 0.9127 0.4728
vt 0.8730 0.4558
vt 0.8823 0.4600
vt 0.8679 0.4628
vt 0.8608 0.4510
vt 0.8653 0.4446
vt 0.8775 0.4500
vt 0.8868 0.4546
vt 0.8438 0.4448
vt 0.8255 0.4375
vt 0.8297 0.4301
vt 0.8483 0.4376
vt 0.8091 0.4294
vt 0.7947 0.4211
vt 0.7985 0.4158
vt 0.8130 0.4229
vt 0.9215 0.4983
vt 0.9252 0.5126
vt 0.9168 0.4873
vt 0.9212 0.4845
vt 0.9265 0.4963
vt 0.9310 0.5111
vt 0.7791 0.6147
vt 0.7970 0.6130
vt 0.7605 0.6180
vt 0.8414 0.6161
vt 0.8519 0.6185
vt 0.8289 0.6139
vt 0.8612 0.6205
vt 0.8139 0.6128
vt 0.3086 0.6515
vt 0.3084 0.6429
vt 0.3238 0.6371
vt 0.3263 0.6461
vt 0.2910 0.6529
vt 0.3051 0.5234
vt 0.3011 0.5118
vt 0.3039 0.5095
vt 0.3076 0.5202
vt 0.3008 0.5293
vt 0.2953 0.5179
vt 0.2776 0.6440
vt 0.2579 0.6088
vt 0.2455 0.6057
vt 0.2522 0.5782
vt 0.2666 0.5856
vt 0.9183 0.5515
vt 0.9187 0.5533
vt 0.8928 0.6246
vt 0.8990 0.6310
vt 0.8964 0.6336
vt 0.8903 0.6271
vt 0.8937 0.6226
vt 0.8997 0.6290
vt 0.4107 0.6102
vt 0.4036 0.6091
vt 0.4128 0.6010
vt 0.4185 0.6014
vt 0.4026 0.6178
vt 0.3948 0.6159
vt 0.9266 0.5291
vt 0.9329 0.5272
vt 0.8848 0.6307
vt 0.8900 0.6374
vt 0.7171 0.0473
vt 0.7190 0.0123
vt 0.7414 0.0128
vt 0.7362 0.0496
vt 0.7047 0.0488
vt 0.7057 0.0162
vt 0.6965 0.5624
vt 0.6992 0.5848
vt 0.6870 0.5875
vt 0.6835 0.5634
vt 0.6812 0.5338
vt 0.6950 0.5346
vt 0.6957 0.5004
vt 0.6808 0.4994
vt 0.6777 0.5683
vt 0.7673 0.4287
vt 0.7535 0.4231
vt 0.7644 0.4141
vt 0.7763 0.4200
vt 0.7513 0.6507
vt 0.7563 0.6629
vt 0.7448 0.6677
vt 0.7382 0.6547
vt 0.7316 0.6416
vt 0.7463 0.6377
vt 0.7414 0.6232
vt 0.7249 0.6283
vt 0.7823 0.4135
vt 0.7718 0.4068
vt 0.7774 0.4005
vt 0.7868 0.4081
vt 0.7630 0.4014
vt 0.7544 0.4100
vt 0.7454 0.4068
vt 0.7551 0.3966
vt 0.7630 0.3862
vt 0.7698 0.3932
vt 0.0929 0.0102
vt 0.0775 0.0056
vt 0.0801 0.0003
vt 0.0944 0.0047
vt 0.1092 0.0102
vt 0.1086 0.0155
vt 0.7139 0.6315
vt 0.7221 0.6445
vt 0.7154 0.6467
vt 0.7057 0.6338
vt 0.6968 0.6206
vt 0.7067 0.6180
vt 0.7297 0.6577
vt 0.7370 0.6712
vt 0.7310 0.6742
vt 0.7236 0.6603
vt 0.0204 0.4747
vt 0.0450 0.4717
vt 0.6103 0.5694
vt 0.6175 0.5733
vt 0.3006 0.3821
vt 0.2982 0.3812
vt 0.3028 0.2628
vt 0.3054 0.2629
vt 0.6261 0.5755
vt 0.3803 0.6163
vt 0.3866 0.6199
vt 0.3771 0.6232
vt 0.3714 0.6178
vt 0.3668 0.6122
vt 0.3761 0.6124
vt 0.3828 0.6124
vt 0.3876 0.6143
vt 0.4081 0.6328
vt 0.4017 0.6266
vt 0.4140 0.6403
vt 0.4014 0.6480
vt 0.3958 0.6394
vt 0.3899 0.6321
vt 0.3941 0.6228
vt 0.3835 0.6273
vt 0.3081 0.6346
vt 0.3070 0.6273
vt 0.3207 0.6291
vt 0.3045 0.6215
vt 0.3594 0.6209
vt 0.3461 0.6241
vt 0.3550 0.6140
vt 0.3641 0.6278
vt 0.3500 0.6321
vt 0.3403 0.6426
vt 0.3371 0.6344
vt 0.3535 0.6390
vt 0.3949 0.6096
vt 0.3850 0.6099
vt 0.3886 0.6059
vt 0.4020 0.6036
vt 0.3121 0.5659
vt 0.3101 0.5624
vt 0.3102 0.5734
vt 0.3064 0.5710
vt 0.3065 0.5567
vt 0.3009 0.5493
vt 0.3018 0.5669
vt 0.2947 0.5614
vt 0.2929 0.5407
vt 0.2837 0.5315
vt 0.2836 0.5547
vt 0.2705 0.5475
vt 0.2750 0.5686
vt 0.2603 0.5609
vt 0.2874 0.5754
vt 0.3138 0.5908
vt 0.3109 0.5900
vt 0.3160 0.5909
vt 0.3064 0.5877
vt 0.3011 0.5844
vt 0.2954 0.5805
vt 0.2772 0.0372
vt 0.2794 0.0410
vt 0.2769 0.0426
vt 0.2743 0.0392
vt 0.2714 0.0355
vt 0.2749 0.0332
vt 0.2786 0.0313
vt 0.2804 0.0356
vt 0.2821 0.0396
vt 0.6120 0.2214
vt 0.6121 0.2278
vt 0.6049 0.2274
vt 0.6056 0.2211
vt 0.6063 0.2150
vt 0.6119 0.2153
vt 0.6174 0.2148
vt 0.6183 0.2209
vt 0.6193 0.2273
vt 0.6116 0.1915
vt 0.6116 0.1956
vt 0.6086 0.1954
vt 0.6091 0.1913
vt 0.6096 0.1874
vt 0.6115 0.1875
vt 0.6134 0.1874
vt 0.6140 0.1913
vt 0.6146 0.1954
vt 0.2815 0.0445
vt 0.2834 0.0479
vt 0.2818 0.0490
vt 0.2794 0.0459
vt 0.2837 0.0434
vt 0.2852 0.0470
vt 0.2664 0.0188
vt 0.2695 0.0240
vt 0.2649 0.0271
vt 0.2612 0.0224
vt 0.2573 0.0174
vt 0.2631 0.0133
vt 0.2694 0.0099
vt 0.2720 0.0159
vt 0.2745 0.0215
vt 0.6117 0.1999
vt 0.6117 0.2046
vt 0.6076 0.2044
vt 0.6081 0.1997
vt 0.6152 0.1997
vt 0.6159 0.2043
vt 0.2854 0.0512
vt 0.2871 0.0541
vt 0.2864 0.0548
vt 0.2842 0.0520
vt 0.2867 0.0505
vt 0.2881 0.0538
vt 0.6113 0.1776
vt 0.6114 0.1803
vt 0.6104 0.1801
vt 0.6108 0.1770
vt 0.6113 0.1727
vt 0.6119 0.1769
vt 0.6124 0.1801
vt 0.2723 0.0288
vt 0.2683 0.0315
vt 0.2766 0.0267
vt 0.6118 0.2097
vt 0.6070 0.2094
vt 0.6166 0.2093
vt 0.2885 0.0565
vt 0.2893 0.0568
vt 0.2910 0.0607
vt 0.2884 0.0573
vt 0.6114 0.1837
vt 0.6100 0.1837
vt 0.6129 0.1836
vt 0.6187 0.1989
vt 0.6200 0.2034
vt 0.6175 0.1947
vt 0.6204 0.1937
vt 0.6221 0.1977
vt 0.6239 0.2020
vt 0.2880 0.0501
vt 0.2889 0.0533
vt 0.2870 0.0464
vt 0.2889 0.0460
vt 0.2894 0.0498
vt 0.2899 0.0533
vt 0.6126 0.1774
vt 0.6134 0.1801
vt 0.6129 0.1766
vt 0.6142 0.1796
vt 0.2812 0.0251
vt 0.2825 0.0299
vt 0.2797 0.0197
vt 0.2852 0.0186
vt 0.2860 0.0241
vt 0.2866 0.0290
vt 0.6213 0.2082
vt 0.6229 0.2135
vt 0.6259 0.2066
vt 0.6281 0.2116
vt 0.2897 0.0560
vt 0.2904 0.0565
vt 0.6143 0.1833
vt 0.6153 0.1870
vt 0.6157 0.1829
vt 0.6172 0.1864
vt 0.2838 0.0344
vt 0.2849 0.0386
vt 0.2873 0.0337
vt 0.2879 0.0380
vt 0.6246 0.2196
vt 0.6264 0.2259
vt 0.6306 0.2174
vt 0.6333 0.2235
vt 0.6164 0.1908
vt 0.6187 0.1900
vt 0.2860 0.0426
vt 0.2884 0.0421
vt 0.2780 0.0137
vt 0.2762 0.0073
vt 0.2834 0.0057
vt 0.2843 0.0123
vt 0.6363 0.2144
vt 0.6398 0.2201
vt 0.6330 0.2091
vt 0.6376 0.2059
vt 0.6415 0.2107
vt 0.6456 0.2157
vt 0.6209 0.1888
vt 0.6230 0.1923
vt 0.6189 0.1855
vt 0.6205 0.1843
vt 0.6229 0.1874
vt 0.6255 0.1906
vt 0.2909 0.0419
vt 0.2909 0.0459
vt 0.2908 0.0378
vt 0.2938 0.0380
vt 0.2933 0.0421
vt 0.2928 0.0460
vt 0.2908 0.0119
vt 0.2908 0.0182
vt 0.2907 0.0052
vt 0.2981 0.0057
vt 0.2972 0.0123
vt 0.2964 0.0185
vt 0.6252 0.1961
vt 0.6276 0.2001
vt 0.6281 0.1940
vt 0.6310 0.1977
vt 0.2909 0.0496
vt 0.2909 0.0531
vt 0.2923 0.0497
vt 0.2919 0.0533
vt 0.6138 0.1769
vt 0.6152 0.1793
vt 0.6139 0.1761
vt 0.6159 0.1786
vt 0.2908 0.0238
vt 0.2908 0.0288
vt 0.2957 0.0240
vt 0.2950 0.0290
vt 0.6302 0.2044
vt 0.6341 0.2016
vt 0.2909 0.0558
vt 0.2915 0.0565
vt 0.6169 0.1822
vt 0.6181 0.1814
vt 0.2908 0.0334
vt 0.2944 0.0337
vt 0.6377 0.1984
vt 0.6416 0.2022
vt 0.6341 0.1949
vt 0.6367 0.1917
vt 0.6407 0.1947
vt 0.6452 0.1979
vt 0.2922 0.0560
vt 0.2926 0.0567
vt 0.2929 0.0533
vt 0.2938 0.0538
vt 0.6192 0.1804
vt 0.6219 0.1830
vt 0.6167 0.1780
vt 0.6173 0.1772
vt 0.6201 0.1793
vt 0.6232 0.1815
vt 0.2979 0.0344
vt 0.2968 0.0385
vt 0.2991 0.0299
vt 0.3031 0.0312
vt 0.3013 0.0355
vt 0.2996 0.0395
vt 0.6461 0.2064
vt 0.6508 0.2108
vt 0.6501 0.2015
vt 0.6553 0.2052
vt 0.6247 0.1858
vt 0.6277 0.1886
vt 0.6263 0.1839
vt 0.6296 0.1863
vt 0.2957 0.0425
vt 0.2947 0.0463
vt 0.2980 0.0433
vt 0.2966 0.0469
vt 0.3035 0.0136
vt 0.3018 0.0196
vt 0.3053 0.0072
vt 0.3122 0.0096
vt 0.3096 0.0157
vt 0.3071 0.0214
vt 0.6308 0.1916
vt 0.6330 0.1889
vt 0.2937 0.0500
vt 0.2951 0.0504
vt 0.6148 0.1761
vt 0.6147 0.1753
vt 0.3004 0.0250
vt 0.3050 0.0265
vt 0.3153 0.0185
vt 0.3121 0.0239
vt 0.3186 0.0129
vt 0.3246 0.0170
vt 0.3206 0.0221
vt 0.3167 0.0270
vt 0.6349 0.1859
vt 0.6390 0.1882
vt 0.6312 0.1838
vt 0.6324 0.1811
vt 0.6364 0.1827
vt 0.6407 0.1845
vt 0.2964 0.0511
vt 0.2947 0.0540
vt 0.2983 0.0478
vt 0.2999 0.0489
vt 0.2976 0.0519
vt 0.2955 0.0547
vt 0.6155 0.1751
vt 0.6179 0.1764
vt 0.6152 0.1743
vt 0.6182 0.1755
vt 0.3093 0.0287
vt 0.3068 0.0331
vt 0.3133 0.0314
vt 0.3102 0.0354
vt 0.6433 0.1907
vt 0.6481 0.1933
vt 0.6454 0.1863
vt 0.6504 0.1884
vt 0.2934 0.0564
vt 0.2935 0.0573
vt 0.6209 0.1781
vt 0.6242 0.1799
vt 0.6215 0.1768
vt 0.6250 0.1782
vt 0.3045 0.0371
vt 0.3023 0.0408
vt 0.3074 0.0391
vt 0.3048 0.0425
vt 0.6534 0.1962
vt 0.6590 0.1992
vt 0.6560 0.1905
vt 0.6619 0.1928
vt 0.6276 0.1818
vt 0.6286 0.1796
vt 0.3002 0.0444
vt 0.3023 0.0458
vt 0.6579 0.1846
vt 0.6639 0.1861
vt 0.6521 0.1832
vt 0.6531 0.1778
vt 0.6590 0.1785
vt 0.6651 0.1793
vt 0.6294 0.1773
vt 0.6333 0.1783
vt 0.6256 0.1763
vt 0.6260 0.1744
vt 0.6298 0.1749
vt 0.6339 0.1754
vt 0.3041 0.0474
vt 0.3014 0.0501
vt 0.3070 0.0445
vt 0.3090 0.0467
vt 0.3058 0.0492
vt 0.3027 0.0516
vt 0.3253 0.0264
vt 0.3209 0.0307
vt 0.3300 0.0219
vt 0.3346 0.0274
vt 0.3294 0.0312
vt 0.3245 0.0349
vt 0.6375 0.1794
vt 0.6420 0.1805
vt 0.6382 0.1759
vt 0.6427 0.1765
vt 0.2987 0.0528
vt 0.2963 0.0552
vt 0.2997 0.0539
vt 0.2969 0.0561
vt 0.6160 0.1739
vt 0.6186 0.1746
vt 0.6155 0.1732
vt 0.6187 0.1736
vt 0.3169 0.0346
vt 0.3134 0.0381
vt 0.3201 0.0382
vt 0.3161 0.0413
vt 0.6468 0.1818
vt 0.6477 0.1771
vt 0.2944 0.0572
vt 0.2943 0.0581
vt 0.6219 0.1754
vt 0.6222 0.1740
vt 0.3101 0.0414
vt 0.3124 0.0441
vt 0.3227 0.0422
vt 0.3184 0.0447
vt 0.3275 0.0395
vt 0.3300 0.0445
vt 0.3248 0.0465
vt 0.3202 0.0484
vt 0.6480 0.1724
vt 0.6534 0.1724
vt 0.6429 0.1724
vt 0.6426 0.1683
vt 0.6476 0.1676
vt 0.6530 0.1669
vt 0.2952 0.0582
vt 0.2949 0.0590
vt 0.2975 0.0568
vt 0.2979 0.0578
vt 0.6223 0.1725
vt 0.6260 0.1725
vt 0.6189 0.1726
vt 0.6186 0.1716
vt 0.6221 0.1711
vt 0.6259 0.1706
vt 0.3144 0.0470
vt 0.3106 0.0492
vt 0.3159 0.0502
vt 0.3119 0.0518
vt 0.6594 0.1724
vt 0.6656 0.1724
vt 0.6590 0.1661
vt 0.6653 0.1654
vt 0.6300 0.1725
vt 0.6340 0.1724
vt 0.6298 0.1700
vt 0.6338 0.1695
vt 0.3071 0.0512
vt 0.3037 0.0532
vt 0.3082 0.0534
vt 0.3046 0.0549
vt 0.3329 0.0365
vt 0.3385 0.0334
vt 0.3416 0.0399
vt 0.3356 0.0422
vt 0.6383 0.1724
vt 0.6380 0.1689
vt 0.3005 0.0551
vt 0.3011 0.0564
vt 0.6161 0.1726
vt 0.6155 0.1721
vt 0.3376 0.0482
vt 0.3317 0.0497
vt 0.3437 0.0466
vt 0.3450 0.0536
vt 0.3387 0.0544
vt 0.3327 0.0551
vt 0.6373 0.1654
vt 0.6418 0.1643
vt 0.6332 0.1666
vt 0.6322 0.1638
vt 0.6362 0.1621
vt 0.6405 0.1603
vt 0.3016 0.0577
vt 0.2983 0.0586
vt 0.3052 0.0567
vt 0.3056 0.0586
vt 0.3019 0.0591
vt 0.2984 0.0596
vt 0.6159 0.1714
vt 0.6186 0.1706
vt 0.6152 0.1710
vt 0.6181 0.1698
vt 0.3264 0.0511
vt 0.3215 0.0524
vt 0.3273 0.0558
vt 0.3224 0.0564
vt 0.6466 0.1629
vt 0.6520 0.1615
vt 0.6451 0.1584
vt 0.6502 0.1563
vt 0.2957 0.0594
vt 0.2952 0.0601
vt 0.6218 0.1697
vt 0.6255 0.1687
vt 0.6214 0.1684
vt 0.6248 0.1669
vt 0.3171 0.0535
vt 0.3129 0.0546
vt 0.3178 0.0570
vt 0.3135 0.0575
vt 0.6578 0.1600
vt 0.6640 0.1584
vt 0.6559 0.1540
vt 0.6618 0.1516
vt 0.6292 0.1676
vt 0.6284 0.1653
vt 0.3090 0.0557
vt 0.3095 0.0581
vt 0.3181 0.0605
vt 0.3137 0.0605
vt 0.3227 0.0605
vt 0.3224 0.0646
vt 0.3179 0.0640
vt 0.3136 0.0635
vt 0.6531 0.1483
vt 0.6588 0.1451
vt 0.6477 0.1513
vt 0.6447 0.1467
vt 0.6496 0.1430
vt 0.6549 0.1390
vt 0.6273 0.1632
vt 0.6309 0.1611
vt 0.6240 0.1651
vt 0.6229 0.1635
vt 0.6259 0.1611
vt 0.6292 0.1586
vt 0.3097 0.0605
vt 0.3058 0.0605
vt 0.3095 0.0629
vt 0.3057 0.0625
vt 0.3391 0.0605
vt 0.3331 0.0605
vt 0.3453 0.0606
vt 0.3448 0.0675
vt 0.3387 0.0667
vt 0.3328 0.0660
vt 0.6346 0.1589
vt 0.6387 0.1566
vt 0.6326 0.1560
vt 0.6363 0.1531
vt 0.3020 0.0606
vt 0.2986 0.0606
vt 0.3019 0.0620
vt 0.2984 0.0616
vt 0.6154 0.1702
vt 0.6178 0.1688
vt 0.6146 0.1701
vt 0.6171 0.1681
vt 0.3277 0.0605
vt 0.3274 0.0653
vt 0.6430 0.1541
vt 0.6403 0.1501
vt 0.2958 0.0606
vt 0.2952 0.0612
vt 0.6207 0.1671
vt 0.6199 0.1659
vt 0.6146 0.1692
vt 0.6166 0.1673
vt 0.6138 0.1693
vt 0.6157 0.1667
vt 0.3265 0.0699
vt 0.3217 0.0687
vt 0.3317 0.0713
vt 0.3299 0.0764
vt 0.3249 0.0744
vt 0.3204 0.0726
vt 0.6371 0.1465
vt 0.6410 0.1426
vt 0.6335 0.1500
vt 0.6304 0.1473
vt 0.6334 0.1433
vt 0.6368 0.1389
vt 0.2957 0.0619
vt 0.2949 0.0623
vt 0.2984 0.0626
vt 0.2979 0.0635
vt 0.6189 0.1648
vt 0.6216 0.1621
vt 0.6178 0.1639
vt 0.6201 0.1609
vt 0.3172 0.0675
vt 0.3131 0.0664
vt 0.3161 0.0708
vt 0.3121 0.0692
vt 0.6454 0.1381
vt 0.6501 0.1334
vt 0.6406 0.1339
vt 0.6447 0.1285
vt 0.6243 0.1593
vt 0.6272 0.1564
vt 0.6224 0.1577
vt 0.6249 0.1545
vt 0.3091 0.0653
vt 0.3053 0.0644
vt 0.3084 0.0677
vt 0.3047 0.0662
vt 0.3375 0.0728
vt 0.3436 0.0744
vt 0.3415 0.0812
vt 0.3356 0.0787
vt 0.6303 0.1533
vt 0.6275 0.1510
vt 0.3017 0.0634
vt 0.3012 0.0648
vt 0.3073 0.0699
vt 0.3039 0.0680
vt 0.3109 0.0719
vt 0.3092 0.0744
vt 0.3060 0.0719
vt 0.3028 0.0696
vt 0.3329 0.0843
vt 0.3276 0.0814
vt 0.3385 0.0875
vt 0.3345 0.0934
vt 0.3295 0.0896
vt 0.3247 0.0859
vt 0.6246 0.1491
vt 0.6269 0.1450
vt 0.6224 0.1528
vt 0.6197 0.1515
vt 0.6214 0.1475
vt 0.6231 0.1432
vt 0.3006 0.0661
vt 0.2976 0.0644
vt 0.2998 0.0673
vt 0.2969 0.0652
vt 0.6136 0.1685
vt 0.6150 0.1661
vt 0.6128 0.1688
vt 0.6140 0.1658
vt 0.3229 0.0787
vt 0.3186 0.0763
vt 0.3203 0.0827
vt 0.3163 0.0797
vt 0.6294 0.1407
vt 0.6321 0.1358
vt 0.6250 0.1386
vt 0.6271 0.1334
vt 0.2952 0.0631
vt 0.2944 0.0632
vt 0.6166 0.1631
vt 0.6185 0.1598
vt 0.6153 0.1625
vt 0.6167 0.1590
vt 0.3146 0.0740
vt 0.3127 0.0769
vt 0.6352 0.1304
vt 0.6384 0.1246
vt 0.6294 0.1276
vt 0.6318 0.1216
vt 0.6204 0.1564
vt 0.6182 0.1553
vt 0.6139 0.1621
vt 0.6149 0.1584
vt 0.6131 0.1654
vt 0.6121 0.1653
vt 0.6125 0.1618
vt 0.6130 0.1580
vt 0.3103 0.0796
vt 0.3073 0.0766
vt 0.3136 0.0828
vt 0.3106 0.0856
vt 0.3077 0.0819
vt 0.3051 0.0786
vt 0.6233 0.1257
vt 0.6249 0.1195
vt 0.6218 0.1316
vt 0.6164 0.1306
vt 0.6171 0.1246
vt 0.6178 0.1183
vt 0.6159 0.1546
vt 0.6169 0.1506
vt 0.6135 0.1542
vt 0.6140 0.1501
vt 0.3044 0.0737
vt 0.3016 0.0710
vt 0.3025 0.0754
vt 0.3001 0.0723
vt 0.3254 0.0943
vt 0.3211 0.0901
vt 0.3299 0.0986
vt 0.3247 0.1033
vt 0.3208 0.0985
vt 0.3171 0.0938
vt 0.6180 0.1465
vt 0.6191 0.1420
vt 0.6145 0.1458
vt 0.6151 0.1412
vt 0.2988 0.0684
vt 0.2964 0.0660
vt 0.2978 0.0693
vt 0.2956 0.0665
vt 0.6124 0.1680
vt 0.6117 0.1685
vt 0.3172 0.0863
vt 0.3137 0.0895
vt 0.6204 0.1370
vt 0.6157 0.1361
vt 0.2945 0.0641
vt 0.2936 0.0640
vt 0.2966 0.0702
vt 0.2949 0.0672
vt 0.2985 0.0734
vt 0.2968 0.0743
vt 0.2953 0.0708
vt 0.2939 0.0675
vt 0.6112 0.1679
vt 0.6111 0.1651
vt 0.6106 0.1685
vt 0.6102 0.1654
vt 0.3098 0.0922
vt 0.3072 0.0879
vt 0.3126 0.0969
vt 0.3077 0.0994
vt 0.3055 0.0944
vt 0.3035 0.0898
vt 0.6109 0.1359
vt 0.6108 0.1303
vt 0.6109 0.1410
vt 0.6068 0.1412
vt 0.6061 0.1363
vt 0.6053 0.1308
vt 0.2935 0.0649
vt 0.2927 0.0646
vt 0.6111 0.1617
vt 0.6110 0.1579
vt 0.6096 0.1618
vt 0.6091 0.1581
vt 0.3048 0.0839
vt 0.3026 0.0803
vt 0.3017 0.0856
vt 0.3000 0.0816
vt 0.6108 0.1242
vt 0.6107 0.1179
vt 0.6044 0.1247
vt 0.6036 0.1183
vt 0.6110 0.1540
vt 0.6110 0.1499
vt 0.6086 0.1542
vt 0.6080 0.1501
vt 0.3005 0.0768
vt 0.2983 0.0779
vt 0.3157 0.1021
vt 0.3190 0.1074
vt 0.3128 0.1109
vt 0.3102 0.1050
vt 0.6110 0.1456
vt 0.6074 0.1458
vt 0.6062 0.1547
vt 0.6051 0.1507
vt 0.6072 0.1585
vt 0.6054 0.1591
vt 0.6038 0.1555
vt 0.6022 0.1517
vt 0.2960 0.0787
vt 0.2950 0.0749
vt 0.2972 0.0826
vt 0.2942 0.0832
vt 0.2937 0.0792
vt 0.2931 0.0753
vt 0.3043 0.1072
vt 0.3025 0.1013
vt 0.3061 0.1135
vt 0.2991 0.1152
vt 0.2981 0.1086
vt 0.2971 0.1025
vt 0.6039 0.1465
vt 0.6027 0.1421
vt 0.6006 0.1477
vt 0.5988 0.1434
vt 0.2940 0.0713
vt 0.2930 0.0680
vt 0.2925 0.0716
vt 0.2920 0.0681
vt 0.6099 0.1681
vt 0.6092 0.1654
vt 0.6096 0.1688
vt 0.6083 0.1659
vt 0.3010 0.0960
vt 0.2996 0.0912
vt 0.2963 0.0970
vt 0.2955 0.0921
vt 0.6014 0.1373
vt 0.5999 0.1320
vt 0.5968 0.1389
vt 0.5947 0.1338
vt 0.2923 0.0654
vt 0.2916 0.0649
vt 0.6082 0.1621
vt 0.6069 0.1626
vt 0.2984 0.0868
vt 0.2949 0.0875
vt 0.5982 0.1260
vt 0.5965 0.1197
vt 0.5922 0.1281
vt 0.5896 0.1220
vt 0.2910 0.0655
vt 0.2905 0.0649
vt 0.2911 0.0683
vt 0.2901 0.0681
vt 0.6056 0.1633
vt 0.6036 0.1600
vt 0.6073 0.1662
vt 0.6066 0.1669
vt 0.6044 0.1641
vt 0.6021 0.1611
vt 0.2913 0.0878
vt 0.2913 0.0835
vt 0.2914 0.0925
vt 0.2872 0.0923
vt 0.2878 0.0876
vt 0.2883 0.0833
vt 0.5866 0.1310
vt 0.5832 0.1254
vt 0.5897 0.1363
vt 0.5852 0.1394
vt 0.5814 0.1346
vt 0.5773 0.1296
vt 0.6017 0.1566
vt 0.5996 0.1531
vt 0.5996 0.1580
vt 0.5971 0.1548
vt 0.2912 0.0794
vt 0.2912 0.0755
vt 0.2888 0.0793
vt 0.2892 0.0754
vt 0.2917 0.1092
vt 0.2916 0.1030
vt 0.2918 0.1158
vt 0.2846 0.1153
vt 0.2854 0.1089
vt 0.2861 0.1028
vt 0.5974 0.1493
vt 0.5951 0.1453
vt 0.5945 0.1514
vt 0.5916 0.1477
vt 0.2911 0.0717
vt 0.2897 0.0716
vt 0.6088 0.1686
vt 0.6086 0.1694
vt 0.2915 0.0975
vt 0.2867 0.0973
vt 0.5925 0.1410
vt 0.5886 0.1437
vt 0.5919 0.1537
vt 0.5886 0.1505
vt 0.5949 0.1568
vt 0.5930 0.1591
vt 0.5896 0.1564
vt 0.5859 0.1536
vt 0.2883 0.0714
vt 0.2891 0.0681
vt 0.2873 0.0750
vt 0.2855 0.0744
vt 0.2869 0.0709
vt 0.2882 0.0676
vt 0.6078 0.1693
vt 0.6058 0.1674
vt 0.6078 0.1702
vt 0.6053 0.1683
vt 0.2819 0.0964
vt 0.2831 0.0915
vt 0.2806 0.1018
vt 0.2753 0.1001
vt 0.2773 0.0950
vt 0.2792 0.0902
vt 0.5850 0.1469
vt 0.5810 0.1431
vt 0.5818 0.1506
vt 0.5774 0.1472
vt 0.2898 0.0654
vt 0.2894 0.0646
vt 0.6033 0.1651
vt 0.6006 0.1624
vt 0.6024 0.1662
vt 0.5994 0.1639
vt 0.2843 0.0870
vt 0.2853 0.0828
vt 0.2809 0.0859
vt 0.2825 0.0819
vt 0.5767 0.1389
vt 0.5722 0.1345
vt 0.5726 0.1436
vt 0.5676 0.1399
vt 0.5978 0.1597
vt 0.5962 0.1615
vt 0.2864 0.0788
vt 0.2840 0.0781
vt 0.2791 0.1077
vt 0.2776 0.1139
vt 0.2708 0.1117
vt 0.2731 0.1058
vt 0.5949 0.1636
vt 0.5914 0.1616
vt 0.5983 0.1655
vt 0.5975 0.1673
vt 0.5939 0.1658
vt 0.5901 0.1643
vt 0.2818 0.0770
vt 0.2837 0.0736
vt 0.2798 0.0806
vt 0.2773 0.0790
vt 0.2798 0.0757
vt 0.2821 0.0725
vt 0.2673 0.1032
vt 0.2703 0.0978
vt 0.2643 0.1088
vt 0.2581 0.1051
vt 0.2619 0.0998
vt 0.2656 0.0947
vt 0.5876 0.1594
vt 0.5836 0.1571
vt 0.5860 0.1626
vt 0.5817 0.1608
vt 0.2856 0.0703
vt 0.2873 0.0673
vt 0.2844 0.0695
vt 0.2865 0.0667
vt 0.6070 0.1704
vt 0.6046 0.1690
vt 0.6073 0.1712
vt 0.6043 0.1700
vt 0.2729 0.0929
vt 0.2754 0.0885
vt 0.2689 0.0903
vt 0.2719 0.0862
vt 0.5792 0.1546
vt 0.5744 0.1519
vt 0.5771 0.1589
vt 0.5721 0.1568
vt 0.2886 0.0649
vt 0.2884 0.0641
vt 0.6016 0.1674
vt 0.6010 0.1687
vt 0.2777 0.0844
vt 0.2747 0.0825
vt 0.5692 0.1489
vt 0.5637 0.1457
vt 0.5664 0.1545
vt 0.5605 0.1520
vt 0.5756 0.1635
vt 0.5703 0.1621
vt 0.5805 0.1648
vt 0.5797 0.1689
vt 0.5747 0.1682
vt 0.5693 0.1675
vt 0.2876 0.0642
vt 0.2876 0.0633
vt 0.2857 0.0661
vt 0.2851 0.0653
vt 0.6006 0.1700
vt 0.5969 0.1691
vt 0.6039 0.1709
vt 0.6038 0.1719
vt 0.6003 0.1715
vt 0.5966 0.1710
vt 0.2720 0.0801
vt 0.2750 0.0770
vt 0.2687 0.0835
vt 0.2659 0.0803
vt 0.2696 0.0775
vt 0.2730 0.0748
vt 0.5644 0.1605
vt 0.5581 0.1588
vt 0.5631 0.1667
vt 0.5566 0.1658
vt 0.5931 0.1681
vt 0.5891 0.1671
vt 0.5927 0.1705
vt 0.5886 0.1700
vt 0.2779 0.0741
vt 0.2806 0.0713
vt 0.2762 0.0723
vt 0.2793 0.0698
vt 0.2569 0.0957
vt 0.2613 0.0911
vt 0.2523 0.1005
vt 0.2473 0.0951
vt 0.2525 0.0909
vt 0.2575 0.0869
vt 0.5849 0.1660
vt 0.5843 0.1695
vt 0.2833 0.0686
vt 0.2823 0.0675
vt 0.6065 0.1715
vt 0.6070 0.1722
vt 0.2652 0.0871
vt 0.2619 0.0835
vt 0.5841 0.1730
vt 0.5794 0.1730
vt 0.5885 0.1730
vt 0.5887 0.1760
vt 0.5844 0.1766
vt 0.5797 0.1772
vt 0.2815 0.0663
vt 0.2844 0.0646
vt 0.2782 0.0682
vt 0.2774 0.0665
vt 0.2809 0.0650
vt 0.2841 0.0636
vt 0.6064 0.1728
vt 0.6036 0.1728
vt 0.6070 0.1734
vt 0.6039 0.1738
vt 0.2592 0.0794
vt 0.2635 0.0769
vt 0.2543 0.0823
vt 0.2518 0.0773
vt 0.2569 0.0751
vt 0.2616 0.0731
vt 0.5744 0.1730
vt 0.5689 0.1730
vt 0.5747 0.1779
vt 0.5692 0.1786
vt 0.2868 0.0632
vt 0.2871 0.0624
vt 0.6003 0.1729
vt 0.5965 0.1729
vt 0.6004 0.1743
vt 0.5966 0.1749
vt 0.2676 0.0745
vt 0.2713 0.0723
vt 0.2659 0.0713
vt 0.2700 0.0696
vt 0.5627 0.1730
vt 0.5563 0.1730
vt 0.5632 0.1794
vt 0.5569 0.1802
vt 0.5926 0.1730
vt 0.5928 0.1754
vt 0.2749 0.0702
vt 0.2738 0.0680
vt 0.2489 0.0855
vt 0.2431 0.0889
vt 0.2399 0.0822
vt 0.2460 0.0797
vt 0.5644 0.1856
vt 0.5582 0.1872
vt 0.5703 0.1840
vt 0.5721 0.1893
vt 0.5664 0.1916
vt 0.5604 0.1940
vt 0.5932 0.1778
vt 0.5893 0.1789
vt 0.5970 0.1768
vt 0.5976 0.1786
vt 0.5940 0.1801
vt 0.5903 0.1817
vt 0.2729 0.0657
vt 0.2767 0.0647
vt 0.2690 0.0668
vt 0.2684 0.0639
vt 0.2724 0.0633
vt 0.2763 0.0628
vt 0.2439 0.0736
vt 0.2499 0.0720
vt 0.2377 0.0753
vt 0.2363 0.0682
vt 0.2427 0.0673
vt 0.2488 0.0665
vt 0.5851 0.1801
vt 0.5806 0.1813
vt 0.5863 0.1834
vt 0.5820 0.1852
vt 0.2804 0.0637
vt 0.2836 0.0627
vt 0.2801 0.0622
vt 0.2836 0.0617
vt 0.6066 0.1741
vt 0.6039 0.1748
vt 0.6074 0.1744
vt 0.6044 0.1757
vt 0.2553 0.0705
vt 0.2602 0.0692
vt 0.2543 0.0658
vt 0.2594 0.0651
vt 0.5757 0.1826
vt 0.5773 0.1872
vt 0.2863 0.0620
vt 0.2868 0.0613
vt 0.6007 0.1757
vt 0.6011 0.1771
vt 0.2648 0.0679
vt 0.2640 0.0644
vt 0.5795 0.1915
vt 0.5746 0.1943
vt 0.5838 0.1890
vt 0.5862 0.1924
vt 0.5822 0.1955
vt 0.5778 0.1989
vt 0.2861 0.0607
vt 0.2868 0.0602
vt 0.2834 0.0608
vt 0.2836 0.0598
vt 0.6018 0.1784
vt 0.5985 0.1803
vt 0.6047 0.1766
vt 0.6054 0.1774
vt 0.6026 0.1796
vt 0.5996 0.1819
vt 0.2638 0.0609
vt 0.2681 0.0609
vt 0.2591 0.0609
vt 0.2593 0.0567
vt 0.2639 0.0573
vt 0.2683 0.0579
vt 0.5692 0.1974
vt 0.5635 0.2006
vt 0.5728 0.2027
vt 0.5675 0.2067
vt 0.5952 0.1823
vt 0.5916 0.1844
vt 0.5965 0.1843
vt 0.5933 0.1869
vt 0.2722 0.0609
vt 0.2762 0.0608
vt 0.2723 0.0584
vt 0.2763 0.0589
vt 0.2422 0.0609
vt 0.2484 0.0609
vt 0.2357 0.0609
vt 0.2360 0.0536
vt 0.2426 0.0545
vt 0.2488 0.0553
vt 0.5879 0.1866
vt 0.5899 0.1896
vt 0.2800 0.0608
vt 0.2800 0.0594
vt 0.6071 0.1752
vt 0.6079 0.1754
vt 0.2540 0.0609
vt 0.2543 0.0561
vt 0.2439 0.0482
vt 0.2499 0.0499
vt 0.2375 0.0465
vt 0.2400 0.0397
vt 0.2460 0.0422
vt 0.2517 0.0446
vt 0.5922 0.1922
vt 0.5890 0.1956
vt 0.5953 0.1891
vt 0.5976 0.1911
vt 0.5950 0.1946
vt 0.5922 0.1983
vt 0.2803 0.0579
vt 0.2836 0.0588
vt 0.2766 0.0570
vt 0.2772 0.0551
vt 0.2807 0.0566
vt 0.2840 0.0579
vt 0.6079 0.1762
vt 0.6059 0.1782
vt 0.6087 0.1761
vt 0.6068 0.1787
vt 0.2553 0.0513
vt 0.2601 0.0526
vt 0.2568 0.0467
vt 0.2614 0.0486
vt 0.5854 0.1991
vt 0.5815 0.2031
vt 0.5891 0.2023
vt 0.5857 0.2068
vt 0.2863 0.0595
vt 0.2870 0.0591
vt 0.6036 0.1806
vt 0.6009 0.1834
vt 0.6047 0.1816
vt 0.6024 0.1846
vt 0.2646 0.0538
vt 0.2688 0.0549
vt 0.2657 0.0504
vt 0.2697 0.0521
vt 0.5770 0.2076
vt 0.5723 0.2123
vt 0.5819 0.2118
vt 0.5778 0.2172
vt 0.5982 0.1862
vt 0.6000 0.1878
vt 0.2728 0.0560
vt 0.2736 0.0536
vt 0.5874 0.2153
vt 0.5841 0.2212
vt 0.5904 0.2098
vt 0.5955 0.2123
vt 0.5932 0.2181
vt 0.5909 0.2242
vt 0.6021 0.1891
vt 0.6001 0.1927
vt 0.6040 0.1857
vt 0.6058 0.1865
vt 0.6043 0.1902
vt 0.6028 0.1940
vt 0.2746 0.0514
vt 0.2781 0.0534
vt 0.2711 0.0494
vt 0.2727 0.0469
vt 0.2760 0.0494
vt 0.2791 0.0518
vt 0.2488 0.0365
vt 0.2541 0.0396
vt 0.2433 0.0333
vt 0.2473 0.0274
vt 0.2523 0.0313
vt 0.2572 0.0350
vt 0.5980 0.1965
vt 0.5957 0.2006
vt 0.6012 0.1980
vt 0.5995 0.2023
vt 0.2814 0.0553
vt 0.2843 0.0569
vt 0.2822 0.0541
vt 0.2850 0.0562
vt 0.6089 0.1770
vt 0.6075 0.1794
vt 0.6097 0.1767
vt 0.6085 0.1797
vt 0.2589 0.0424
vt 0.2632 0.0449
vt 0.2616 0.0384
vt 0.2656 0.0414
vt 0.5932 0.2050
vt 0.5976 0.2071
vt 0.2867 0.0583
vt 0.2876 0.0581
vt 0.6059 0.1824
vt 0.6072 0.1830
vt 0.2673 0.0472
vt 0.2693 0.0442
vt 0.2647 0.0347
vt 0.2683 0.0383
vt 0.2608 0.0308
vt 0.6022 0.2086
vt 0.6008 0.2140
vt 0.6034 0.2036
vt 0.2875 0.0573
vt 0.2855 0.0553
vt 0.6086 0.1834
vt 0.6076 0.1871
vt 0.6094 0.1801
vt 0.2716 0.0416
vt 0.2747 0.0446
vt 0.5993 0.2200
vt 0.5978 0.2262
vt 0.6067 0.1909
vt 0.6057 0.1949
vt 0.2776 0.0475
vt 0.2804 0.0503
vt 0.2565 0.0266
vt 0.2520 0.0221
vt 0.6046 0.1991
vt 0.2831 0.0530
vt 0.6101 0.1774
vt 0.8612 0.4953
vt 0.8580 0.4938
vt 0.8633 0.4979
vt 0.8628 0.4982
vt 0.8608 0.4957
vt 0.8579 0.4942
vt 0.8666 0.5013
vt 0.8688 0.5013
vt 0.8662 0.5065
vt 0.8645 0.5055
vt 0.8631 0.5046
vt 0.8647 0.5012
vt 0.8490 0.4982
vt 0.8492 0.5034
vt 0.8478 0.5037
vt 0.8478 0.4972
vt 0.8504 0.4912
vt 0.8510 0.4933
vt 0.8515 0.4950
vt 0.8500 0.4990
vt 0.8503 0.5031
vt 0.8519 0.5062
vt 0.8560 0.5073
vt 0.8559 0.5086
vt 0.8509 0.5073
vt 0.8527 0.5054
vt 0.8562 0.5063
vt 0.8514 0.4993
vt 0.8518 0.5022
vt 0.8516 0.5023
vt 0.8512 0.4992
vt 0.8523 0.4962
vt 0.8525 0.4964
vt 0.8529 0.4967
vt 0.8519 0.4993
vt 0.8522 0.5019
vt 0.8507 0.4992
vt 0.8511 0.5027
vt 0.8520 0.4958
vt 0.8532 0.5047
vt 0.8563 0.5055
vt 0.8536 0.5042
vt 0.8564 0.5051
vt 0.8636 0.5011
vt 0.8623 0.5039
vt 0.8619 0.5036
vt 0.8631 0.5011
vt 0.8596 0.5053
vt 0.8600 0.5061
vt 0.8594 0.5049
vt 0.8606 0.4959
vt 0.8578 0.4944
vt 0.8625 0.4983
vt 0.8621 0.4984
vt 0.8603 0.4962
vt 0.8578 0.4948
vt 0.8606 0.5073
vt 0.8615 0.5087
vt 0.8547 0.4940
vt 0.8546 0.4930
vt 0.8548 0.4945
vt 0.3689 0.6333
vt 0.3736 0.6394
vt 0.3333 0.6262
vt 0.8905 0.4641
vt 0.8951 0.4593
vt 0.3783 0.6480
vt 0.3829 0.6578
vt 0.8650 0.5556
vt 0.8752 0.5539
vt 0.8759 0.5551
vt 0.8659 0.5570
vt 0.3512 0.6088
vt 0.3478 0.6044
vt 0.3618 0.6031
vt 0.3639 0.6075
vt 0.8620 0.4721
vt 0.8571 0.4802
vt 0.8546 0.4912
vt 0.8548 0.4890
vt 0.8463 0.5345
vt 0.8476 0.5168
vt 0.3749 0.6085
vt 0.3753 0.6047
vt 0.9126 0.4807
vt 0.9169 0.4774
vt 0.8858 0.5525
vt 0.8849 0.5466
vt 0.8861 0.5539
vt 0.8827 0.5318
vt 0.8810 0.5148
vt 0.8819 0.5020
vt 0.8762 0.5010
vt 0.8853 0.4921
vt 0.8914 0.4838
vt 0.8550 0.4869
vt 0.8499 0.4891
vt 0.8495 0.4873
vt 0.8553 0.4849
vt 0.8620 0.4862
vt 0.8611 0.4878
vt 0.8622 0.5100
vt 0.8677 0.5074
vt 0.8689 0.5081
vt 0.8628 0.5113
vt 0.8557 0.5114
vt 0.8558 0.5101
vt 0.8500 0.5084
vt 0.8491 0.5095
vt 0.8451 0.5046
vt 0.8464 0.5041
vt 0.8467 0.4963
vt 0.8456 0.4955
vt 0.8707 0.5013
vt 0.8707 0.4946
vt 0.8725 0.4936
vt 0.8724 0.5011
vt 0.8669 0.4902
vt 0.8684 0.4888
vt 0.8530 0.4994
vt 0.8532 0.5014
vt 0.8538 0.4974
vt 0.8546 0.4981
vt 0.8544 0.4994
vt 0.8542 0.5008
vt 0.8597 0.4969
vt 0.8576 0.4958
vt 0.8611 0.4988
vt 0.8600 0.4991
vt 0.8590 0.4982
vt 0.8574 0.4974
vt 0.8549 0.4947
vt 0.8551 0.4951
vt 0.8593 0.5047
vt 0.8617 0.5034
vt 0.8565 0.5049
vt 0.8565 0.5045
vt 0.8592 0.5043
vt 0.8613 0.5031
vt 0.8628 0.5010
vt 0.8624 0.5009
vt 0.8537 0.5040
vt 0.8540 0.5037
vt 0.8585 0.5000
vt 0.8584 0.5019
vt 0.8568 0.5019
vt 0.8571 0.4996
vt 0.8599 0.5004
vt 0.8596 0.5016
vt 0.8557 0.4995
vt 0.8553 0.5014
vt 0.8559 0.4975
vt 0.8555 0.4961
vt 0.8587 0.5033
vt 0.8604 0.5024
vt 0.8566 0.5035
vt 0.8613 0.5007
vt 0.8546 0.5028
vt 0.8695 0.4876
vt 0.8626 0.4850
vt 0.8738 0.4925
vt 0.8736 0.5008
vt 0.8697 0.5087
vt 0.8448 0.4950
vt 0.8441 0.5050
vt 0.8491 0.4861
vt 0.8484 0.5104
vt 0.8556 0.5124
vt 0.8632 0.5122
vt 0.8554 0.4836
vt 0.8785 0.2261
vt 0.8709 0.2173
vt 0.8988 0.1809
vt 0.9035 0.1878
vt 0.9098 0.1913
vt 0.8868 0.2376
vt 0.8964 0.2542
vt 0.8748 0.2814
vt 0.9166 0.2297
vt 0.8565 0.3014
vt 0.8399 0.3189
vt 0.8236 0.3386
vt 0.8119 0.3254
vt 0.7454 0.3196
vt 0.7317 0.3140
vt 0.7222 0.3113
vt 0.7147 0.3100
vt 0.7997 0.3117
vt 0.5453 0.2362
vt 0.5524 0.3542
vt 0.4222 0.7481
vt 0.4341 0.7350
vt 0.7421 0.4194
vt 0.7320 0.4168
vt 0.1742 0.0518
vt 0.1454 0.0330
vt 0.1463 0.0304
vt 0.1758 0.0500
vt 0.5391 0.1197
vt 0.5481 0.1316
vt 0.5489 0.1616
vt 0.5351 0.1287
vt 0.6815 0.0773
vt 0.6808 0.0471
vt 0.6914 0.0324
vt 0.6922 0.0707
vt 0.5503 0.2355
vt 0.5567 0.3545
vt 0.5437 0.4282
vt 0.7022 0.6029
vt 0.6910 0.6059
vt 0.4456 0.5393
vt 0.4455 0.5428
vt 0.5318 0.4661
vt 0.5465 0.4291
vt 0.5343 0.4673
vt 0.6420 0.3341
vt 0.6430 0.2635
vt 0.5115 0.1278
vt 0.5146 0.1250
vt 0.6376 0.5744
vt 0.6399 0.4515
vt 0.7688 0.0592
vt 0.7819 0.0219
vt 0.3672 0.0321
vt 0.3773 0.0335
vt 0.3570 0.0310
vt 0.3574 0.0262
vt 0.3675 0.0274
vt 0.3775 0.0287
vt 0.4811 0.0862
vt 0.4487 0.0569
vt 0.4495 0.0533
vt 0.4829 0.0829
vt 0.4218 0.0430
vt 0.4011 0.0379
vt 0.4012 0.0333
vt 0.4221 0.0389
vt 0.6829 0.1468
vt 0.6790 0.1371
vt 0.9309 0.2177
vt 0.9195 0.1881
vt 0.9309 0.1815
vt 0.9421 0.2120
vt 0.0846 0.3694
vt 0.3874 0.0351
vt 0.3877 0.0510
vt 0.3876 0.0303
vt 0.7074 0.3084
vt 0.7001 0.3067
vt 0.7023 0.2942
vt 0.7108 0.2956
vt 0.7031 0.3244
vt 0.6970 0.3227
vt 0.3893 0.2342
vt 0.3900 0.1381
vt 0.0967 0.1509
vt 0.0847 0.2539
vt 0.1360 0.7295
vt 0.1431 0.7271
vt 0.1336 0.7287
vt 0.7141 0.2822
vt 0.7047 0.2805
vt 0.7071 0.2661
vt 0.7173 0.2685
vt 0.9600 0.1079
vt 0.9458 0.0914
vt 0.9710 0.1206
vt 0.9307 0.0727
vt 0.9154 0.0532
vt 0.9763 0.1277
vt 0.9788 0.1320
vt 0.7003 0.3762
vt 0.7016 0.3813
vt 0.0943 0.6635
vt 0.0864 0.6668
vt 0.0770 0.6430
vt 0.0868 0.6399
vt 0.1027 0.6871
vt 0.0965 0.6906
vt 0.2057 0.7014
vt 0.2231 0.6942
vt 0.1845 0.7100
vt 0.1615 0.7196
vt 0.1294 0.7265
vt 0.3889 0.0895
vt 0.0590 0.5318
vt 0.0388 0.5346
vt 0.0726 0.5861
vt 0.0570 0.5887
vt 0.2350 0.6892
vt 0.2441 0.6853
vt 0.0807 0.6181
vt 0.0685 0.6209
vt 0.3898 0.4845
vt 0.3863 0.4273
vt 0.1093 0.0906
vt 0.1207 0.0412
vt 0.9007 0.0344
vt 0.8862 0.0158
vt 0.3862 0.3449
vt 0.6972 0.3474
vt 0.6921 0.3469
vt 0.1113 0.7092
vt 0.1070 0.7128
vt 0.2896 0.2631
vt 0.2716 0.1841
vt 0.2419 0.1821
vt 0.2552 0.2641
vt 0.3567 0.5585
vt 0.3567 0.5635
vt 0.3384 0.5654
vt 0.3379 0.5602
vt 0.1248 0.0220
vt 0.1253 0.0180
vt 0.2367 0.1400
vt 0.2624 0.1479
vt 0.2528 0.1234
vt 0.2342 0.1070
vt 0.2040 0.0882
vt 0.2026 0.1279
vt 0.2029 0.1772
vt 0.2093 0.2640
vt 0.6271 0.3342
vt 0.6186 0.2653
vt 0.5973 0.2583
vt 0.6119 0.3322
vt 0.1447 0.6013
vt 0.1492 0.5701
vt 0.1214 0.5749
vt 0.1203 0.6071
vt 0.1195 0.6288
vt 0.1410 0.6227
vt 0.1646 0.6183
vt 0.1714 0.5972
vt 0.1795 0.5672
vt 0.7842 0.3429
vt 0.7629 0.3289
vt 0.7517 0.3427
vt 0.7833 0.3559
vt 0.8168 0.3704
vt 0.8056 0.3501
vt 0.8017 0.3356
vt 0.7882 0.3280
vt 0.7726 0.3149
vt 0.1943 0.5976
vt 0.2059 0.5687
vt 0.1846 0.6190
vt 0.1989 0.6216
vt 0.2108 0.5998
vt 0.2251 0.5718
vt 0.5966 0.3290
vt 0.5777 0.2467
vt 0.6273 0.4519
vt 0.6148 0.4514
vt 0.2728 0.1496
vt 0.2834 0.1841
vt 0.2862 0.1830
vt 0.2755 0.1483
vt 0.2607 0.1177
vt 0.2583 0.1191
vt 0.6025 0.4503
vt 0.2855 0.3793
vt 0.2525 0.3757
vt 0.2078 0.3718
vt 0.4792 0.2346
vt 0.4801 0.3478
vt 0.5147 0.3506
vt 0.5106 0.2356
vt 0.5409 0.3532
vt 0.5341 0.2365
vt 0.4770 0.4242
vt 0.5096 0.4253
vt 0.5036 0.4679
vt 0.4757 0.4718
vt 0.4751 0.5122
vt 0.4986 0.5034
vt 0.5132 0.4913
vt 0.5235 0.4660
vt 0.5337 0.4270
vt 0.0579 0.3713
vt 0.0569 0.2511
vt 0.0297 0.2481
vt 0.0304 0.3728
vt 0.4769 0.1030
vt 0.4562 0.0942
vt 0.4673 0.1343
vt 0.4912 0.1350
vt 0.5049 0.1310
vt 0.4792 0.0920
vt 0.4502 0.0680
vt 0.8343 0.2796
vt 0.8223 0.2678
vt 0.8002 0.2775
vt 0.8160 0.2952
vt 0.8284 0.3075
vt 0.8459 0.2909
vt 0.8651 0.2696
vt 0.8550 0.2587
vt 0.8448 0.2481
vt 0.7277 0.5089
vt 0.7112 0.5030
vt 0.7098 0.5358
vt 0.7266 0.5381
vt 0.7467 0.5409
vt 0.7473 0.5157
vt 0.7516 0.4893
vt 0.7327 0.4797
vt 0.7166 0.4715
vt 0.3476 0.3438
vt 0.3527 0.2325
vt 0.3480 0.4280
vt 0.3670 0.3443
vt 0.3711 0.2333
vt 0.1197 0.7021
vt 0.1149 0.6799
vt 0.1088 0.6836
vt 0.1155 0.7057
vt 0.1218 0.7225
vt 0.1244 0.7189
vt 0.1292 0.7096
vt 0.1248 0.6960
vt 0.1230 0.6746
vt 0.7075 0.3480
vt 0.7155 0.3273
vt 0.7092 0.3259
vt 0.7023 0.3478
vt 0.6969 0.3676
vt 0.7015 0.3665
vt 0.7074 0.3650
vt 0.7143 0.3484
vt 0.7235 0.3296
vt 0.0715 0.1435
vt 0.0478 0.1363
vt 0.3672 0.4276
vt 0.1630 0.1687
vt 0.1615 0.2610
vt 0.9156 0.0266
vt 0.9035 0.0072
vt 0.8949 0.0116
vt 0.9082 0.0306
vt 0.9218 0.0498
vt 0.9280 0.0461
vt 0.0677 0.0770
vt 0.0881 0.0837
vt 0.1032 0.0351
vt 0.0859 0.0297
vt 0.3516 0.4867
vt 0.3708 0.4856
vt 0.3554 0.5380
vt 0.3744 0.5363
vt 0.7276 0.5606
vt 0.7107 0.5614
vt 0.7130 0.5818
vt 0.7300 0.5785
vt 0.7500 0.5750
vt 0.7477 0.5598
vt 0.4433 0.4772
vt 0.4417 0.4251
vt 0.4096 0.4266
vt 0.4126 0.4821
vt 0.4155 0.5302
vt 0.4451 0.5220
vt 0.1671 0.1134
vt 0.1717 0.0681
vt 0.1423 0.0510
vt 0.1346 0.0998
vt 0.1263 0.1591
vt 0.2349 0.0951
vt 0.2373 0.0937
vt 0.2080 0.0724
vt 0.2059 0.0739
vt 0.8745 0.0474
vt 0.8545 0.0277
vt 0.8248 0.0301
vt 0.8546 0.0629
vt 0.8768 0.0823
vt 0.8941 0.0668
vt 0.9069 0.0583
vt 0.8904 0.0395
vt 0.8739 0.0208
vt 0.1180 0.2570
vt 0.4432 0.3463
vt 0.4100 0.3455
vt 0.4442 0.2346
vt 0.4121 0.2347
vt 0.9462 0.1141
vt 0.9301 0.1021
vt 0.9175 0.1158
vt 0.9398 0.1193
vt 0.9504 0.1234
vt 0.9581 0.1226
vt 0.9655 0.1216
vt 0.9543 0.1104
vt 0.9396 0.0954
vt 0.1586 0.6945
vt 0.1620 0.6953
vt 0.1800 0.6708
vt 0.1774 0.6665
vt 0.1726 0.6653
vt 0.1549 0.6936
vt 0.1398 0.7179
vt 0.1425 0.7186
vt 0.1487 0.7167
vt 0.6816 0.2131
vt 0.6854 0.2135
vt 0.6896 0.1709
vt 0.6854 0.1736
vt 0.6825 0.1716
vt 0.6778 0.2127
vt 0.6647 0.2476
vt 0.6750 0.2559
vt 0.6804 0.2572
vt 0.1601 0.3692
vt 0.1166 0.3683
vt 0.6680 0.4500
vt 0.6714 0.3333
vt 0.6641 0.3331
vt 0.6603 0.4503
vt 0.3939 0.5538
vt 0.3933 0.5579
vt 0.4154 0.5523
vt 0.4161 0.5486
vt 0.3932 0.5344
vt 0.3754 0.5564
vt 0.3750 0.5612
vt 0.7361 0.3579
vt 0.7538 0.3560
vt 0.7329 0.3521
vt 0.7242 0.3602
vt 0.7242 0.3650
vt 0.7251 0.3700
vt 0.7365 0.3651
vt 0.7531 0.3652
vt 0.1045 0.6116
vt 0.1025 0.5793
vt 0.0879 0.5831
vt 0.0928 0.6151
vt 0.0965 0.6367
vt 0.1061 0.6332
vt 0.1471 0.6916
vt 0.1617 0.6631
vt 0.1481 0.6624
vt 0.1384 0.6886
vt 0.1348 0.7159
vt 0.3795 0.7124
vt 0.3912 0.6971
vt 0.3729 0.6837
vt 0.3612 0.7006
vt 0.3486 0.7165
vt 0.3658 0.7271
vt 0.3846 0.7410
vt 0.3993 0.7272
vt 0.4110 0.7132
vt 0.2419 0.7108
vt 0.2385 0.6999
vt 0.2258 0.7043
vt 0.2286 0.7147
vt 0.2516 0.7077
vt 0.2481 0.6965
vt 0.2184 0.6010
vt 0.2337 0.5734
vt 0.2054 0.6231
vt 0.2154 0.6253
vt 0.2215 0.6018
vt 0.2372 0.5742
vt 0.6549 0.3333
vt 0.6513 0.4508
vt 0.6419 0.0846
vt 0.6421 0.0714
vt 0.6123 0.0752
vt 0.6117 0.0842
vt 0.6111 0.0933
vt 0.6416 0.0978
vt 0.6659 0.1117
vt 0.6663 0.0824
vt 0.6658 0.0605
vt 0.6777 0.5683
vt 0.6641 0.5699
vt 0.9016 0.4896
vt 0.8969 0.4867
vt 0.8914 0.4942
vt 0.8965 0.4961
vt 0.9007 0.4982
vt 0.9054 0.4943
vt 0.9118 0.4904
vt 0.9077 0.4846
vt 0.9032 0.4808
vt 0.2896 0.6332
vt 0.2967 0.6273
vt 0.2944 0.6230
vt 0.2874 0.6245
vt 0.2791 0.6270
vt 0.2832 0.6389
vt 0.2939 0.6455
vt 0.2972 0.6377
vt 0.3002 0.6311
vt 0.8668 0.6363
vt 0.8560 0.6376
vt 0.8768 0.6342
vt 0.8728 0.6273
vt 0.8639 0.6284
vt 0.8538 0.6283
vt 0.7331 0.5938
vt 0.7155 0.5991
vt 0.7192 0.6142
vt 0.7369 0.6082
vt 0.7571 0.6023
vt 0.7534 0.5885
vt 0.4980 0.5169
vt 0.4996 0.5194
vt 0.5183 0.5005
vt 0.5160 0.4988
vt 0.4753 0.5279
vt 0.4760 0.5312
vt 0.7433 0.4574
vt 0.7273 0.4498
vt 0.7617 0.4668
vt 0.7734 0.4489
vt 0.7561 0.4407
vt 0.7406 0.4347
vt 0.8753 0.6187
vt 0.8703 0.6134
vt 0.8666 0.6160
vt 0.8691 0.6210
vt 0.8798 0.6243
vt 0.8846 0.6209
vt 0.8796 0.6155
vt 0.8744 0.6102
vt 0.9143 0.5317
vt 0.9079 0.5321
vt 0.9125 0.5458
vt 0.9172 0.5457
vt 0.9212 0.5448
vt 0.9204 0.5307
vt 0.9188 0.5141
vt 0.9110 0.5155
vt 0.9031 0.5164
vt 0.9083 0.5030
vt 0.9008 0.5048
vt 0.9157 0.5005
vt 0.7128 0.4462
vt 0.6990 0.4446
vt 0.6855 0.4673
vt 0.7009 0.4682
vt 0.7277 0.4311
vt 0.7161 0.4287
vt 0.8638 0.6080
vt 0.8553 0.6016
vt 0.8518 0.6093
vt 0.8605 0.6135
vt 0.8681 0.6042
vt 0.8596 0.5963
vt 0.8947 0.5046
vt 0.8887 0.5034
vt 0.8889 0.5155
vt 0.8959 0.5162
vt 0.9003 0.5319
vt 0.8919 0.5317
vt 0.8952 0.5458
vt 0.9048 0.5457
vt 0.8189 0.5298
vt 0.7976 0.5257
vt 0.7962 0.5465
vt 0.8172 0.5502
vt 0.8347 0.5555
vt 0.8353 0.5329
vt 0.8389 0.5096
vt 0.8215 0.5073
vt 0.8004 0.5028
vt 0.8251 0.4899
vt 0.8051 0.4840
vt 0.8395 0.4936
vt 0.8464 0.4812
vt 0.8295 0.4759
vt 0.8107 0.4686
vt 0.8141 0.5826
vt 0.7958 0.5826
vt 0.7962 0.5975
vt 0.8132 0.5978
vt 0.8281 0.6000
vt 0.8302 0.5858
vt 0.8341 0.5718
vt 0.8156 0.5696
vt 0.7956 0.5695
vt 0.8170 0.6394
vt 0.7992 0.6408
vt 0.8334 0.6387
vt 0.8312 0.6270
vt 0.8154 0.6270
vt 0.7980 0.6279
vt 0.8163 0.5611
vt 0.7956 0.5593
vt 0.8312 0.5634
vt 0.8343 0.4636
vt 0.8160 0.4561
vt 0.8507 0.4688
vt 0.8560 0.4587
vt 0.8392 0.4531
vt 0.8210 0.4459
vt 0.8638 0.5337
vt 0.8548 0.5347
vt 0.8547 0.5511
vt 0.8643 0.5495
vt 0.8744 0.5479
vt 0.8732 0.5325
vt 0.8723 0.5135
vt 0.8635 0.5180
vt 0.8553 0.5184
vt 0.8634 0.4933
vt 0.8652 0.4917
vt 0.8601 0.4896
vt 0.8591 0.4915
vt 0.8583 0.4929
vt 0.8619 0.4945
vt 0.8644 0.4974
vt 0.8663 0.4966
vt 0.8686 0.4956
vt 0.8440 0.5932
vt 0.8410 0.6043
vt 0.8480 0.5850
vt 0.8456 0.6382
vt 0.8435 0.6276
vt 0.3133 0.6148
vt 0.3140 0.6138
vt 0.3135 0.6068
vt 0.3119 0.6069
vt 0.3077 0.6087
vt 0.3107 0.6169
vt 0.3168 0.6212
vt 0.3181 0.6166
vt 0.3178 0.6145
vt 0.8782 0.4777
vt 0.8704 0.4747
vt 0.8648 0.4819
vt 0.8721 0.4845
vt 0.8780 0.4897
vt 0.8852 0.4808
vt 0.8922 0.4736
vt 0.8852 0.4699
vt 0.8770 0.4663
vt 0.7989 0.4463
vt 0.7827 0.4363
vt 0.7918 0.4589
vt 0.8046 0.4368
vt 0.7898 0.4276
vt 0.7715 0.5591
vt 0.7728 0.5716
vt 0.7713 0.5435
vt 0.7827 0.6432
vt 0.7669 0.6466
vt 0.7808 0.6302
vt 0.7637 0.6335
vt 0.7749 0.5846
vt 0.7772 0.5988
vt 0.7831 0.4760
vt 0.7756 0.4969
vt 0.7722 0.5211
vt 0.8675 0.7804
vt 0.8964 0.8129
vt 0.9142 0.7985
vt 0.8820 0.7668
vt 0.7693 0.7173
vt 0.7594 0.7305
vt 0.8496 0.7946
vt 0.2989 0.7650
vt 0.3482 0.7407
vt 0.8750 0.8264
vt 0.3343 0.7302
vt 0.4630 0.8725
vt 0.4505 0.8525
vt 0.3458 0.8821
vt 0.3503 0.8995
vt 0.2929 0.7557
vt 0.4067 0.7614
vt 0.3262 0.8258
vt 0.4059 0.8002
vt 0.6730 0.8290
vt 0.6626 0.8354
vt 0.6903 0.8746
vt 0.7098 0.8697
vt 0.4315 0.7849
vt 0.7633 0.8454
vt 0.7795 0.8666
vt 0.8139 0.8505
vt 0.7957 0.8268
vt 0.3371 0.8554
vt 0.4298 0.8272
vt 0.7071 0.7960
vt 0.7288 0.7709
vt 0.7330 0.8611
vt 0.7472 0.8811
vt 0.5791 0.0815
vt 0.5787 0.0673
vt 0.5505 0.0506
vt 0.5513 0.0750
vt 0.5555 0.1077
vt 0.5795 0.0957
vt 0.4765 0.7873
vt 0.4888 0.7650
vt 0.4600 0.7548
vt 0.4480 0.7698
vt 0.4587 0.8084
vt 0.4833 0.8307
vt 0.5039 0.8037
vt 0.5184 0.7742
vt 0.5264 0.8225
vt 0.5472 0.7910
vt 0.5001 0.8507
vt 0.5131 0.8696
vt 0.5465 0.8423
vt 0.5756 0.8116
vt 0.9113 0.8489
vt 0.9192 0.8865
vt 0.9470 0.8724
vt 0.9338 0.8344
vt 0.8866 0.8595
vt 0.8912 0.8932
vt 0.8575 0.8624
vt 0.8630 0.8849
vt 0.8466 0.8380
vt 0.8248 0.8667
vt 0.8320 0.8793
vt 0.6850 0.1270
vt 0.6827 0.1048
vt 0.6825 0.1365
vt 0.6917 0.1376
vt 0.6924 0.1066
vt 0.5356 0.0634
vt 0.5358 0.0952
vt 0.5369 0.0281
vt 0.5306 0.0028
vt 0.5259 0.0493
vt 0.5259 0.0924
vt 0.2108 0.8164
vt 0.2117 0.8410
vt 0.5963 0.7740
vt 0.5916 0.7795
vt 0.2121 0.8687
vt 0.6135 0.7403
vt 0.6247 0.7137
vt 0.7776 0.7065
vt 0.6470 0.6533
vt 0.6434 0.6613
vt 0.6329 0.6906
vt 0.7460 0.7487
vt 0.6389 0.6726
vt 0.8251 0.8100
vt 0.3527 0.9123
vt 0.4714 0.8898
vt 0.2116 0.9067
vt 0.2108 0.9154
vt 0.2096 0.7975
vt 0.7207 0.8887
vt 0.6867 0.8175
vt 0.6972 0.8929
vt 0.2121 0.8929
vt 0.1460 0.8902
vt 0.1448 0.9022
vt 0.1437 0.9094
vt 0.6030 0.7629
vt 0.5491 0.7314
vt 0.5439 0.7411
vt 0.5403 0.7456
vt 0.1478 0.8443
vt 0.1470 0.8689
vt 0.5829 0.6344
vt 0.5804 0.6412
vt 0.5772 0.6511
vt 0.2081 0.7867
vt 0.2066 0.7799
vt 0.0849 0.8639
vt 0.0859 0.8442
vt 0.0393 0.8431
vt 0.0386 0.8591
vt 0.0497 0.8721
vt 0.0837 0.8811
vt 0.5192 0.6286
vt 0.5202 0.6228
vt 0.4721 0.6207
vt 0.4726 0.6251
vt 0.4835 0.6321
vt 0.5173 0.6367
vt 0.0865 0.8061
vt 0.1472 0.7967
vt 0.1462 0.7910
vt 0.0855 0.8015
vt 0.0388 0.8133
vt 0.0404 0.8164
vt 0.0529 0.8194
vt 0.0871 0.8136
vt 0.1479 0.8060
vt 0.0867 0.8268
vt 0.1481 0.8226
vt 0.0405 0.8291
vt 0.5726 0.6669
vt 0.5662 0.6874
vt 0.5574 0.7112
vt 0.0232 0.8291
vt 0.0204 0.8282
vt 0.0175 0.8450
vt 0.0213 0.8437
vt 0.0210 0.8595
vt 0.0176 0.8624
vt 0.0341 0.8799
vt 0.0365 0.8755
vt 0.4536 0.6328
vt 0.4491 0.6466
vt 0.4655 0.6515
vt 0.4696 0.6380
vt 0.4517 0.6306
vt 0.4461 0.6466
vt 0.4457 0.6619
vt 0.4561 0.6818
vt 0.4685 0.6828
vt 0.4615 0.6671
vt 0.4425 0.6632
vt 0.4530 0.6841
vt 0.4930 0.7093
vt 0.4970 0.7015
vt 0.4898 0.7127
vt 0.0822 0.8907
vt 0.0804 0.8965
vt 0.5138 0.6494
vt 0.5088 0.6659
vt 0.5027 0.6852
vt 0.2541 0.5360
vt 0.2741 0.4905
vt 0.2635 0.4859
vt 0.2444 0.5327
vt 0.2575 0.5373
vt 0.2772 0.4923
vt 0.0976 0.5245
vt 0.0919 0.4643
vt 0.0689 0.4683
vt 0.0787 0.5285
vt 0.1211 0.5207
vt 0.1199 0.4614
vt 0.4303 0.0910
vt 0.4377 0.1359
vt 0.4238 0.0571
vt 0.4022 0.0533
vt 0.4057 0.0904
vt 0.4096 0.1379
vt 0.3628 0.0878
vt 0.3590 0.1371
vt 0.3745 0.1375
vt 0.3759 0.0885
vt 0.3769 0.0496
vt 0.3659 0.0484
vt 0.7813 0.3661
vt 0.7786 0.3751
vt 0.8060 0.3908
vt 0.8103 0.3830
vt 0.2221 0.5255
vt 0.2377 0.4757
vt 0.2014 0.4656
vt 0.1910 0.5192
vt 0.7267 0.9075
vt 0.7301 0.9262
vt 0.7596 0.9143
vt 0.7550 0.8984
vt 0.7013 0.9130
vt 0.7040 0.9339
vt 0.1548 0.5182
vt 0.1593 0.4613
vt 0.1253 0.7343
vt 0.1274 0.7303
vt 0.1192 0.7261
vt 0.1297 0.7372
vt 0.1317 0.7329
vt 0.1320 0.6849
vt 0.1348 0.6661
vt 0.1589 0.7331
vt 0.1838 0.7272
vt 0.1841 0.7186
vt 0.1602 0.7263
vt 0.1414 0.7321
vt 0.1397 0.7372
vt 0.1924 0.6438
vt 0.1867 0.6424
vt 0.1953 0.6504
vt 0.2081 0.7206
vt 0.2068 0.7109
vt 0.1377 0.6448
vt 0.1208 0.6518
vt 0.1568 0.6395
vt 0.1740 0.6398
vt 0.1100 0.6565
vt 0.1022 0.6601
vt 0.6917 0.3791
vt 0.6960 0.3777
vt 0.6925 0.3686
vt 0.6928 0.3844
vt 0.6972 0.3829
vt 0.9853 0.1261
vt 0.9809 0.1270
vt 0.9834 0.1313
vt 0.9878 0.1306
vt 0.9799 0.1184
vt 0.9755 0.1196
vt 0.9629 0.1284
vt 0.9526 0.1279
vt 0.9536 0.1332
vt 0.9642 0.1328
vt 0.9728 0.1325
vt 0.9707 0.1282
vt 0.7140 0.3702
vt 0.7160 0.3627
vt 0.7059 0.3739
vt 0.7072 0.3789
vt 0.7152 0.3749
vt 0.9412 0.0661
vt 0.9360 0.0695
vt 0.9504 0.0886
vt 0.9549 0.0856
vt 0.7242 0.3494
vt 0.7352 0.3339
vt 0.9393 0.1263
vt 0.9218 0.1309
vt 0.9264 0.1407
vt 0.9417 0.1342
vt 0.9688 0.1040
vt 0.9645 0.1060
vt 0.7650 0.2920
vt 0.7749 0.2781
vt 0.7523 0.2748
vt 0.7459 0.2874
vt 0.7391 0.3004
vt 0.7551 0.3059
vt 0.7848 0.2998
vt 0.8319 0.0906
vt 0.8042 0.0737
vt 0.7851 0.1109
vt 0.8098 0.1247
vt 0.8313 0.1389
vt 0.8543 0.1081
vt 0.9127 0.0857
vt 0.8967 0.1003
vt 0.9235 0.0775
vt 0.7331 0.2851
vt 0.7379 0.2725
vt 0.7276 0.2707
vt 0.7236 0.2838
vt 0.7193 0.2969
vt 0.7280 0.2980
vt 0.9280 0.3633
vt 0.8878 0.2993
vt 0.7032 0.0860
vt 0.7014 0.1799
vt 0.7090 0.1787
vt 0.7144 0.0861
vt 0.7202 0.1791
vt 0.7305 0.0892
vt 0.9455 0.3528
vt 0.9093 0.2788
vt 0.9614 0.3441
vt 0.9296 0.2609
vt 0.7965 0.1997
vt 0.8170 0.2065
vt 0.8502 0.1527
vt 0.8655 0.1647
vt 0.8346 0.2130
vt 0.7384 0.1829
vt 0.7563 0.0983
vt 0.7592 0.1884
vt 0.9717 0.3401
vt 0.9435 0.2519
vt 0.9542 0.2472
vt 0.9793 0.3385
vt 0.8445 0.2180
vt 0.8761 0.1732
vt 0.8739 0.1244
vt 0.8891 0.1384
vt 0.8988 0.1490
vt 0.8843 0.1801
vt 0.9057 0.1579
vt 0.7891 0.8817
vt 0.7955 0.8939
vt 0.8274 0.2379
vt 0.8192 0.2344
vt 0.8074 0.2474
vt 0.8092 0.2534
vt 0.8117 0.2577
vt 0.8316 0.2419
vt 0.8506 0.2224
vt 0.9294 0.4037
vt 0.9149 0.4105
vt 0.9277 0.4322
vt 0.9406 0.4280
vt 0.9520 0.4222
vt 0.9425 0.3966
vt 0.7153 0.2176
vt 0.7093 0.2198
vt 0.7214 0.2489
vt 0.7259 0.2457
vt 0.7295 0.2381
vt 0.7240 0.2171
vt 0.9567 0.3882
vt 0.9635 0.4143
vt 0.9702 0.4028
vt 0.9692 0.3814
vt 0.8033 0.2318
vt 0.7848 0.2297
vt 0.7774 0.2535
vt 0.7938 0.2518
vt 0.7380 0.2200
vt 0.7393 0.2471
vt 0.7518 0.2513
vt 0.7540 0.2241
vt 0.8601 0.4095
vt 0.8770 0.3967
vt 0.8375 0.3540
vt 0.7779 0.1938
vt 0.8491 0.4248
vt 0.8523 0.4182
vt 0.7618 0.2663
vt 0.7499 0.2642
vt 0.7482 0.2700
vt 0.7610 0.2725
vt 0.7751 0.2716
vt 0.7750 0.2655
vt 0.7640 0.2534
vt 0.9460 0.4391
vt 0.9571 0.4335
vt 0.9331 0.4424
vt 0.9349 0.4470
vt 0.9485 0.4435
vt 0.9600 0.4376
vt 0.7913 0.2619
vt 0.7924 0.2671
vt 0.9680 0.4251
vt 0.9758 0.4087
vt 0.9715 0.4281
vt 0.9801 0.4103
vt 0.7377 0.2593
vt 0.7346 0.2638
vt 0.9166 0.4442
vt 0.9113 0.4354
vt 0.8966 0.4353
vt 0.8970 0.4417
vt 0.8963 0.4465
vt 0.9173 0.4487
vt 0.8967 0.4184
vt 0.8812 0.4261
vt 0.7690 0.2272
vt 0.8747 0.4324
vt 0.8727 0.4381
vt 0.9772 0.3792
vt 0.9830 0.3792
vt 0.2236 0.6608
vt 0.2240 0.6496
vt 0.2135 0.6593
vt 0.2193 0.6805
vt 0.2303 0.6769
vt 0.2369 0.6708
vt 0.1996 0.6683
vt 0.1840 0.6826
vt 0.1846 0.6989
vt 0.2036 0.6884
vt 0.1322 0.7384
vt 0.1341 0.7339
vt 0.1689 0.6968
vt 0.1640 0.7105
vt 0.4214 0.6214
vt 0.4250 0.6156
vt 0.4217 0.6058
vt 0.4164 0.6139
vt 0.4101 0.6212
vt 0.4163 0.6272
vt 0.8377 0.5645
vt 0.8408 0.5707
vt 0.8431 0.5707
vt 0.8401 0.5652
vt 0.8422 0.5628
vt 0.8400 0.5615
vt 0.8817 0.6132
vt 0.8869 0.6185
vt 0.8879 0.6166
vt 0.8827 0.6113
vt 0.8774 0.6062
vt 0.8764 0.6080
vt 0.9277 0.5483
vt 0.9270 0.5427
vt 0.9218 0.5505
vt 0.9224 0.5522
vt 0.9285 0.5498
vt 0.9063 0.5515
vt 0.8963 0.5516
vt 0.8964 0.5533
vt 0.9063 0.5534
vt 0.9143 0.5535
vt 0.9142 0.5517
vt 0.8702 0.6022
vt 0.8713 0.6010
vt 0.8633 0.5936
vt 0.8619 0.5942
vt 0.2772 0.6129
vt 0.2873 0.5963
vt 0.2789 0.5920
vt 0.2689 0.6114
vt 0.2642 0.6313
vt 0.2718 0.6292
vt 0.2846 0.6139
vt 0.2939 0.5997
vt 0.2927 0.6151
vt 0.3007 0.6034
vt 0.2999 0.6173
vt 0.2655 0.6549
vt 0.2719 0.6491
vt 0.2554 0.6335
vt 0.2842 0.6687
vt 0.2880 0.6604
vt 0.3269 0.6149
vt 0.3384 0.6116
vt 0.3348 0.6076
vt 0.3248 0.6117
vt 0.3296 0.6193
vt 0.3421 0.6168
vt 0.3170 0.5617
vt 0.3198 0.5595
vt 0.3185 0.5491
vt 0.3158 0.5529
vt 0.3130 0.5572
vt 0.3144 0.5639
vt 0.3135 0.5736
vt 0.3163 0.5733
vt 0.3190 0.5728
vt 0.3129 0.5439
vt 0.3154 0.5397
vt 0.3114 0.5304
vt 0.3091 0.5343
vt 0.3059 0.5399
vt 0.3101 0.5492
vt 0.8505 0.5821
vt 0.8524 0.5818
vt 0.3074 0.6707
vt 0.3296 0.6666
vt 0.3283 0.6559
vt 0.3084 0.6607
vt 0.8465 0.5593
vt 0.8481 0.5608
vt 0.8565 0.5590
vt 0.8554 0.5576
vt 0.8456 0.5524
vt 0.3455 0.6621
vt 0.3600 0.6563
vt 0.3567 0.6466
vt 0.3430 0.6516
vt 0.9034 0.4723
vt 0.8982 0.4772
vt 0.9083 0.4764
vt 0.8976 0.4683
vt 0.8730 0.4558
vt 0.8679 0.4628
vt 0.8823 0.4600
vt 0.8608 0.4510
vt 0.8438 0.4448
vt 0.8255 0.4375
vt 0.8091 0.4294
vt 0.7947 0.4211
vt 0.9215 0.4983
vt 0.9252 0.5126
vt 0.9168 0.4873
vt 0.7791 0.6147
vt 0.7970 0.6130
vt 0.7605 0.6180
vt 0.8414 0.6161
vt 0.8519 0.6185
vt 0.8289 0.6139
vt 0.8612 0.6205
vt 0.8139 0.6128
vt 0.3086 0.6515
vt 0.3263 0.6461
vt 0.3238 0.6371
vt 0.3084 0.6429
vt 0.2910 0.6529
vt 0.3051 0.5234
vt 0.3076 0.5202
vt 0.3008 0.5293
vt 0.2776 0.6440
vt 0.2579 0.6088
vt 0.2666 0.5856
vt 0.9183 0.5515
vt 0.9187 0.5533
vt 0.8928 0.6246
vt 0.8903 0.6271
vt 0.8937 0.6226
vt 0.4107 0.6102
vt 0.4185 0.6014
vt 0.4128 0.6010
vt 0.4036 0.6091
vt 0.3948 0.6159
vt 0.4026 0.6178
vt 0.9266 0.5291
vt 0.8848 0.6307
vt 0.7171 0.0473
vt 0.7362 0.0496
vt 0.7414 0.0128
vt 0.7190 0.0123
vt 0.7057 0.0162
vt 0.7047 0.0488
vt 0.6965 0.5624
vt 0.6835 0.5634
vt 0.6870 0.5875
vt 0.6992 0.5848
vt 0.6950 0.5346
vt 0.6812 0.5338
vt 0.6957 0.5004
vt 0.6808 0.4994
vt 0.6507 0.5719
vt 0.7673 0.4287
vt 0.7535 0.4231
vt 0.7763 0.4200
vt 0.7644 0.4141
vt 0.7513 0.6507
vt 0.7382 0.6547
vt 0.7463 0.6377
vt 0.7316 0.6416
vt 0.7414 0.6232
vt 0.7249 0.6283
vt 0.7823 0.4135
vt 0.7718 0.4068
vt 0.7630 0.4014
vt 0.7544 0.4100
vt 0.7551 0.3966
vt 0.7454 0.4068
vt 0.0929 0.0102
vt 0.0944 0.0047
vt 0.1086 0.0155
vt 0.1092 0.0102
vt 0.7139 0.6315
vt 0.7221 0.6445
vt 0.7067 0.6180
vt 0.6968 0.6206
vt 0.7057 0.6338
vt 0.7154 0.6467
vt 0.7297 0.6577
vt 0.7236 0.6603
vt 0.0450 0.4717
vt 0.6261 0.5755
vt 0.6175 0.5733
vt 0.6103 0.5694
vt 0.2982 0.3812
vt 0.3028 0.2628
vt 0.3803 0.6163
vt 0.3714 0.6178
vt 0.3771 0.6232
vt 0.3866 0.6199
vt 0.3876 0.6143
vt 0.3828 0.6124
vt 0.3761 0.6124
vt 0.3668 0.6122
vt 0.4081 0.6328
vt 0.4017 0.6266
vt 0.3899 0.6321
vt 0.3958 0.6394
vt 0.3941 0.6228
vt 0.3835 0.6273
vt 0.3081 0.6346
vt 0.3207 0.6291
vt 0.3070 0.6273
vt 0.3045 0.6215
vt 0.3594 0.6209
vt 0.3550 0.6140
vt 0.3461 0.6241
vt 0.3500 0.6321
vt 0.3641 0.6278
vt 0.3403 0.6426
vt 0.3535 0.6390
vt 0.3371 0.6344
vt 0.3949 0.6096
vt 0.3850 0.6099
vt 0.4020 0.6036
vt 0.3886 0.6059
vt 0.3121 0.5659
vt 0.3101 0.5624
vt 0.3064 0.5710
vt 0.3102 0.5734
vt 0.3065 0.5567
vt 0.3009 0.5493
vt 0.2947 0.5614
vt 0.3018 0.5669
vt 0.2929 0.5407
vt 0.2836 0.5547
vt 0.2750 0.5686
vt 0.2874 0.5754
vt 0.3138 0.5908
vt 0.3109 0.5900
vt 0.3160 0.5909
vt 0.3064 0.5877
vt 0.3011 0.5844
vt 0.2954 0.5805
vt 0.2772 0.0372
vt 0.2743 0.0392
vt 0.2769 0.0426
vt 0.2794 0.0410
vt 0.2821 0.0396
vt 0.2804 0.0356
vt 0.2786 0.0313
vt 0.2749 0.0332
vt 0.2714 0.0355
vt 0.6120 0.2214
vt 0.6056 0.2211
vt 0.6049 0.2274
vt 0.6121 0.2278
vt 0.6193 0.2273
vt 0.6183 0.2209
vt 0.6174 0.2148
vt 0.6119 0.2153
vt 0.6063 0.2150
vt 0.6116 0.1915
vt 0.6091 0.1913
vt 0.6086 0.1954
vt 0.6116 0.1956
vt 0.6146 0.1954
vt 0.6140 0.1913
vt 0.6134 0.1874
vt 0.6115 0.1875
vt 0.6096 0.1874
vt 0.2815 0.0445
vt 0.2794 0.0459
vt 0.2818 0.0490
vt 0.2834 0.0479
vt 0.2852 0.0470
vt 0.2837 0.0434
vt 0.2664 0.0188
vt 0.2612 0.0224
vt 0.2649 0.0271
vt 0.2695 0.0240
vt 0.2745 0.0215
vt 0.2720 0.0159
vt 0.2694 0.0099
vt 0.2631 0.0133
vt 0.2573 0.0174
vt 0.6117 0.1999
vt 0.6081 0.1997
vt 0.6076 0.2044
vt 0.6117 0.2046
vt 0.6159 0.2043
vt 0.6152 0.1997
vt 0.2854 0.0512
vt 0.2842 0.0520
vt 0.2864 0.0548
vt 0.2871 0.0541
vt 0.2881 0.0538
vt 0.2867 0.0505
vt 0.6113 0.1776
vt 0.6108 0.1770
vt 0.6104 0.1801
vt 0.6114 0.1803
vt 0.6124 0.1801
vt 0.6119 0.1769
vt 0.6113 0.1727
vt 0.2723 0.0288
vt 0.2683 0.0315
vt 0.2766 0.0267
vt 0.6118 0.2097
vt 0.6070 0.2094
vt 0.6166 0.2093
vt 0.2885 0.0565
vt 0.2884 0.0573
vt 0.2910 0.0607
vt 0.2893 0.0568
vt 0.6114 0.1837
vt 0.6100 0.1837
vt 0.6129 0.1836
vt 0.6187 0.1989
vt 0.6200 0.2034
vt 0.6239 0.2020
vt 0.6221 0.1977
vt 0.6204 0.1937
vt 0.6175 0.1947
vt 0.2880 0.0501
vt 0.2889 0.0533
vt 0.2899 0.0533
vt 0.2894 0.0498
vt 0.2889 0.0460
vt 0.2870 0.0464
vt 0.6126 0.1774
vt 0.6134 0.1801
vt 0.6142 0.1796
vt 0.6129 0.1766
vt 0.2812 0.0251
vt 0.2825 0.0299
vt 0.2866 0.0290
vt 0.2860 0.0241
vt 0.2852 0.0186
vt 0.2797 0.0197
vt 0.6213 0.2082
vt 0.6229 0.2135
vt 0.6281 0.2116
vt 0.6259 0.2066
vt 0.2897 0.0560
vt 0.2904 0.0565
vt 0.6143 0.1833
vt 0.6153 0.1870
vt 0.6172 0.1864
vt 0.6157 0.1829
vt 0.2838 0.0344
vt 0.2849 0.0386
vt 0.2879 0.0380
vt 0.2873 0.0337
vt 0.6246 0.2196
vt 0.6264 0.2259
vt 0.6333 0.2235
vt 0.6306 0.2174
vt 0.6164 0.1908
vt 0.6187 0.1900
vt 0.2860 0.0426
vt 0.2884 0.0421
vt 0.2780 0.0137
vt 0.2843 0.0123
vt 0.2834 0.0057
vt 0.2762 0.0073
vt 0.6363 0.2144
vt 0.6398 0.2201
vt 0.6456 0.2157
vt 0.6415 0.2107
vt 0.6376 0.2059
vt 0.6330 0.2091
vt 0.6209 0.1888
vt 0.6230 0.1923
vt 0.6255 0.1906
vt 0.6229 0.1874
vt 0.6205 0.1843
vt 0.6189 0.1855
vt 0.2909 0.0419
vt 0.2909 0.0459
vt 0.2928 0.0460
vt 0.2933 0.0421
vt 0.2938 0.0380
vt 0.2908 0.0378
vt 0.2908 0.0119
vt 0.2908 0.0182
vt 0.2964 0.0185
vt 0.2972 0.0123
vt 0.2981 0.0057
vt 0.2907 0.0052
vt 0.6252 0.1961
vt 0.6276 0.2001
vt 0.6310 0.1977
vt 0.6281 0.1940
vt 0.2909 0.0496
vt 0.2909 0.0531
vt 0.2919 0.0533
vt 0.2923 0.0497
vt 0.6138 0.1769
vt 0.6152 0.1793
vt 0.6159 0.1786
vt 0.6139 0.1761
vt 0.2908 0.0238
vt 0.2908 0.0288
vt 0.2950 0.0290
vt 0.2957 0.0240
vt 0.6302 0.2044
vt 0.6341 0.2016
vt 0.2909 0.0558
vt 0.2915 0.0565
vt 0.6169 0.1822
vt 0.6181 0.1814
vt 0.2908 0.0334
vt 0.2944 0.0337
vt 0.6377 0.1984
vt 0.6416 0.2022
vt 0.6452 0.1979
vt 0.6407 0.1947
vt 0.6367 0.1917
vt 0.6341 0.1949
vt 0.2922 0.0560
vt 0.2926 0.0567
vt 0.2938 0.0538
vt 0.2929 0.0533
vt 0.6192 0.1804
vt 0.6219 0.1830
vt 0.6232 0.1815
vt 0.6201 0.1793
vt 0.6173 0.1772
vt 0.6167 0.1780
vt 0.2979 0.0344
vt 0.2968 0.0385
vt 0.2996 0.0395
vt 0.3013 0.0355
vt 0.3031 0.0312
vt 0.2991 0.0299
vt 0.6461 0.2064
vt 0.6508 0.2108
vt 0.6553 0.2052
vt 0.6501 0.2015
vt 0.6247 0.1858
vt 0.6277 0.1886
vt 0.6296 0.1863
vt 0.6263 0.1839
vt 0.2957 0.0425
vt 0.2947 0.0463
vt 0.2966 0.0469
vt 0.2980 0.0433
vt 0.3035 0.0136
vt 0.3018 0.0196
vt 0.3071 0.0214
vt 0.3096 0.0157
vt 0.3122 0.0096
vt 0.3053 0.0072
vt 0.6308 0.1916
vt 0.6330 0.1889
vt 0.2937 0.0500
vt 0.2951 0.0504
vt 0.6148 0.1761
vt 0.6147 0.1753
vt 0.3004 0.0250
vt 0.3050 0.0265
vt 0.3153 0.0185
vt 0.3121 0.0239
vt 0.3167 0.0270
vt 0.3206 0.0221
vt 0.3246 0.0170
vt 0.3186 0.0129
vt 0.6349 0.1859
vt 0.6390 0.1882
vt 0.6407 0.1845
vt 0.6364 0.1827
vt 0.6324 0.1811
vt 0.6312 0.1838
vt 0.2964 0.0511
vt 0.2947 0.0540
vt 0.2955 0.0547
vt 0.2976 0.0519
vt 0.2999 0.0489
vt 0.2983 0.0478
vt 0.6155 0.1751
vt 0.6179 0.1764
vt 0.6182 0.1755
vt 0.6152 0.1743
vt 0.3093 0.0287
vt 0.3068 0.0331
vt 0.3102 0.0354
vt 0.3133 0.0314
vt 0.6433 0.1907
vt 0.6481 0.1933
vt 0.6504 0.1884
vt 0.6454 0.1863
vt 0.2934 0.0564
vt 0.2935 0.0573
vt 0.6209 0.1781
vt 0.6242 0.1799
vt 0.6250 0.1782
vt 0.6215 0.1768
vt 0.3045 0.0371
vt 0.3023 0.0408
vt 0.3048 0.0425
vt 0.3074 0.0391
vt 0.6534 0.1962
vt 0.6590 0.1992
vt 0.6619 0.1928
vt 0.6560 0.1905
vt 0.6276 0.1818
vt 0.6286 0.1796
vt 0.3002 0.0444
vt 0.3023 0.0458
vt 0.6579 0.1846
vt 0.6639 0.1861
vt 0.6651 0.1793
vt 0.6590 0.1785
vt 0.6531 0.1778
vt 0.6521 0.1832
vt 0.6294 0.1773
vt 0.6333 0.1783
vt 0.6339 0.1754
vt 0.6298 0.1749
vt 0.6260 0.1744
vt 0.6256 0.1763
vt 0.3041 0.0474
vt 0.3014 0.0501
vt 0.3027 0.0516
vt 0.3058 0.0492
vt 0.3090 0.0467
vt 0.3070 0.0445
vt 0.3253 0.0264
vt 0.3209 0.0307
vt 0.3245 0.0349
vt 0.3294 0.0312
vt 0.3346 0.0274
vt 0.3300 0.0219
vt 0.6375 0.1794
vt 0.6420 0.1805
vt 0.6427 0.1765
vt 0.6382 0.1759
vt 0.2987 0.0528
vt 0.2963 0.0552
vt 0.2969 0.0561
vt 0.2997 0.0539
vt 0.6160 0.1739
vt 0.6186 0.1746
vt 0.6187 0.1736
vt 0.6155 0.1732
vt 0.3169 0.0346
vt 0.3134 0.0381
vt 0.3161 0.0413
vt 0.3201 0.0382
vt 0.6468 0.1818
vt 0.6477 0.1771
vt 0.2944 0.0572
vt 0.2943 0.0581
vt 0.6219 0.1754
vt 0.6222 0.1740
vt 0.3101 0.0414
vt 0.3124 0.0441
vt 0.3227 0.0422
vt 0.3184 0.0447
vt 0.3202 0.0484
vt 0.3248 0.0465
vt 0.3300 0.0445
vt 0.3275 0.0395
vt 0.6480 0.1724
vt 0.6534 0.1724
vt 0.6530 0.1669
vt 0.6476 0.1676
vt 0.6426 0.1683
vt 0.6429 0.1724
vt 0.2952 0.0582
vt 0.2949 0.0590
vt 0.2979 0.0578
vt 0.2975 0.0568
vt 0.6223 0.1725
vt 0.6260 0.1725
vt 0.6259 0.1706
vt 0.6221 0.1711
vt 0.6186 0.1716
vt 0.6189 0.1726
vt 0.3144 0.0470
vt 0.3106 0.0492
vt 0.3119 0.0518
vt 0.3159 0.0502
vt 0.6594 0.1724
vt 0.6656 0.1724
vt 0.6653 0.1654
vt 0.6590 0.1661
vt 0.6300 0.1725
vt 0.6340 0.1724
vt 0.6338 0.1695
vt 0.6298 0.1700
vt 0.3071 0.0512
vt 0.3037 0.0532
vt 0.3046 0.0549
vt 0.3082 0.0534
vt 0.3329 0.0365
vt 0.3356 0.0422
vt 0.3416 0.0399
vt 0.3385 0.0334
vt 0.6383 0.1724
vt 0.6380 0.1689
vt 0.3005 0.0551
vt 0.3011 0.0564
vt 0.6161 0.1726
vt 0.6155 0.1721
vt 0.3376 0.0482
vt 0.3317 0.0497
vt 0.3327 0.0551
vt 0.3387 0.0544
vt 0.3450 0.0536
vt 0.3437 0.0466
vt 0.6373 0.1654
vt 0.6418 0.1643
vt 0.6405 0.1603
vt 0.6362 0.1621
vt 0.6322 0.1638
vt 0.6332 0.1666
vt 0.3016 0.0577
vt 0.2983 0.0586
vt 0.2984 0.0596
vt 0.3019 0.0591
vt 0.3056 0.0586
vt 0.3052 0.0567
vt 0.6159 0.1714
vt 0.6186 0.1706
vt 0.6181 0.1698
vt 0.6152 0.1710
vt 0.3264 0.0511
vt 0.3215 0.0524
vt 0.3224 0.0564
vt 0.3273 0.0558
vt 0.6466 0.1629
vt 0.6520 0.1615
vt 0.6502 0.1563
vt 0.6451 0.1584
vt 0.2957 0.0594
vt 0.2952 0.0601
vt 0.6218 0.1697
vt 0.6255 0.1687
vt 0.6248 0.1669
vt 0.6214 0.1684
vt 0.3171 0.0535
vt 0.3129 0.0546
vt 0.3135 0.0575
vt 0.3178 0.0570
vt 0.6578 0.1600
vt 0.6640 0.1584
vt 0.6618 0.1516
vt 0.6559 0.1540
vt 0.6292 0.1676
vt 0.6284 0.1653
vt 0.3090 0.0557
vt 0.3095 0.0581
vt 0.3181 0.0605
vt 0.3137 0.0605
vt 0.3136 0.0635
vt 0.3179 0.0640
vt 0.3224 0.0646
vt 0.3227 0.0605
vt 0.6531 0.1483
vt 0.6588 0.1451
vt 0.6549 0.1390
vt 0.6496 0.1430
vt 0.6447 0.1467
vt 0.6477 0.1513
vt 0.6273 0.1632
vt 0.6309 0.1611
vt 0.6292 0.1586
vt 0.6259 0.1611
vt 0.6229 0.1635
vt 0.6240 0.1651
vt 0.3097 0.0605
vt 0.3058 0.0605
vt 0.3057 0.0625
vt 0.3095 0.0629
vt 0.3391 0.0605
vt 0.3331 0.0605
vt 0.3328 0.0660
vt 0.3387 0.0667
vt 0.3448 0.0675
vt 0.3453 0.0606
vt 0.6346 0.1589
vt 0.6387 0.1566
vt 0.6363 0.1531
vt 0.6326 0.1560
vt 0.3020 0.0606
vt 0.2986 0.0606
vt 0.2984 0.0616
vt 0.3019 0.0620
vt 0.6154 0.1702
vt 0.6178 0.1688
vt 0.6171 0.1681
vt 0.6146 0.1701
vt 0.3277 0.0605
vt 0.3274 0.0653
vt 0.6430 0.1541
vt 0.6403 0.1501
vt 0.2958 0.0606
vt 0.2952 0.0612
vt 0.6207 0.1671
vt 0.6199 0.1659
vt 0.6146 0.1692
vt 0.6166 0.1673
vt 0.6157 0.1667
vt 0.6138 0.1693
vt 0.3265 0.0699
vt 0.3217 0.0687
vt 0.3204 0.0726
vt 0.3249 0.0744
vt 0.3299 0.0764
vt 0.3317 0.0713
vt 0.6371 0.1465
vt 0.6410 0.1426
vt 0.6368 0.1389
vt 0.6334 0.1433
vt 0.6304 0.1473
vt 0.6335 0.1500
vt 0.2957 0.0619
vt 0.2949 0.0623
vt 0.2979 0.0635
vt 0.2984 0.0626
vt 0.6189 0.1648
vt 0.6216 0.1621
vt 0.6201 0.1609
vt 0.6178 0.1639
vt 0.3172 0.0675
vt 0.3131 0.0664
vt 0.3121 0.0692
vt 0.3161 0.0708
vt 0.6454 0.1381
vt 0.6501 0.1334
vt 0.6447 0.1285
vt 0.6406 0.1339
vt 0.6243 0.1593
vt 0.6272 0.1564
vt 0.6249 0.1545
vt 0.6224 0.1577
vt 0.3091 0.0653
vt 0.3053 0.0644
vt 0.3047 0.0662
vt 0.3084 0.0677
vt 0.3375 0.0728
vt 0.3356 0.0787
vt 0.3415 0.0812
vt 0.3436 0.0744
vt 0.6303 0.1533
vt 0.6275 0.1510
vt 0.3017 0.0634
vt 0.3012 0.0648
vt 0.3073 0.0699
vt 0.3039 0.0680
vt 0.3028 0.0696
vt 0.3060 0.0719
vt 0.3092 0.0744
vt 0.3109 0.0719
vt 0.3329 0.0843
vt 0.3276 0.0814
vt 0.3247 0.0859
vt 0.3295 0.0896
vt 0.3345 0.0934
vt 0.3385 0.0875
vt 0.6246 0.1491
vt 0.6269 0.1450
vt 0.6231 0.1432
vt 0.6214 0.1475
vt 0.6197 0.1515
vt 0.6224 0.1528
vt 0.3006 0.0661
vt 0.2976 0.0644
vt 0.2969 0.0652
vt 0.2998 0.0673
vt 0.6136 0.1685
vt 0.6150 0.1661
vt 0.6140 0.1658
vt 0.6128 0.1688
vt 0.3229 0.0787
vt 0.3186 0.0763
vt 0.3163 0.0797
vt 0.3203 0.0827
vt 0.6294 0.1407
vt 0.6321 0.1358
vt 0.6271 0.1334
vt 0.6250 0.1386
vt 0.2952 0.0631
vt 0.2944 0.0632
vt 0.6166 0.1631
vt 0.6185 0.1598
vt 0.6167 0.1590
vt 0.6153 0.1625
vt 0.3146 0.0740
vt 0.3127 0.0769
vt 0.6352 0.1304
vt 0.6384 0.1246
vt 0.6318 0.1216
vt 0.6294 0.1276
vt 0.6204 0.1564
vt 0.6182 0.1553
vt 0.6139 0.1621
vt 0.6149 0.1584
vt 0.6130 0.1580
vt 0.6125 0.1618
vt 0.6121 0.1653
vt 0.6131 0.1654
vt 0.3103 0.0796
vt 0.3073 0.0766
vt 0.3051 0.0786
vt 0.3077 0.0819
vt 0.3106 0.0856
vt 0.3136 0.0828
vt 0.6233 0.1257
vt 0.6249 0.1195
vt 0.6178 0.1183
vt 0.6171 0.1246
vt 0.6164 0.1306
vt 0.6218 0.1316
vt 0.6159 0.1546
vt 0.6169 0.1506
vt 0.6140 0.1501
vt 0.6135 0.1542
vt 0.3044 0.0737
vt 0.3016 0.0710
vt 0.3001 0.0723
vt 0.3025 0.0754
vt 0.3254 0.0943
vt 0.3211 0.0901
vt 0.3171 0.0938
vt 0.3208 0.0985
vt 0.3247 0.1033
vt 0.3299 0.0986
vt 0.6180 0.1465
vt 0.6191 0.1420
vt 0.6151 0.1412
vt 0.6145 0.1458
vt 0.2988 0.0684
vt 0.2964 0.0660
vt 0.2956 0.0665
vt 0.2978 0.0693
vt 0.6124 0.1680
vt 0.6117 0.1685
vt 0.3172 0.0863
vt 0.3137 0.0895
vt 0.6204 0.1370
vt 0.6157 0.1361
vt 0.2945 0.0641
vt 0.2936 0.0640
vt 0.2966 0.0702
vt 0.2949 0.0672
vt 0.2939 0.0675
vt 0.2953 0.0708
vt 0.2968 0.0743
vt 0.2985 0.0734
vt 0.6112 0.1679
vt 0.6111 0.1651
vt 0.6102 0.1654
vt 0.6106 0.1685
vt 0.3098 0.0922
vt 0.3072 0.0879
vt 0.3035 0.0898
vt 0.3055 0.0944
vt 0.3077 0.0994
vt 0.3126 0.0969
vt 0.6109 0.1359
vt 0.6108 0.1303
vt 0.6053 0.1308
vt 0.6061 0.1363
vt 0.6068 0.1412
vt 0.6109 0.1410
vt 0.2935 0.0649
vt 0.2927 0.0646
vt 0.6111 0.1617
vt 0.6110 0.1579
vt 0.6091 0.1581
vt 0.6096 0.1618
vt 0.3048 0.0839
vt 0.3026 0.0803
vt 0.3000 0.0816
vt 0.3017 0.0856
vt 0.6108 0.1242
vt 0.6107 0.1179
vt 0.6036 0.1183
vt 0.6044 0.1247
vt 0.6110 0.1540
vt 0.6110 0.1499
vt 0.6080 0.1501
vt 0.6086 0.1542
vt 0.3005 0.0768
vt 0.2983 0.0779
vt 0.3157 0.1021
vt 0.3102 0.1050
vt 0.3128 0.1109
vt 0.3190 0.1074
vt 0.6110 0.1456
vt 0.6074 0.1458
vt 0.6062 0.1547
vt 0.6051 0.1507
vt 0.6022 0.1517
vt 0.6038 0.1555
vt 0.6054 0.1591
vt 0.6072 0.1585
vt 0.2960 0.0787
vt 0.2950 0.0749
vt 0.2931 0.0753
vt 0.2937 0.0792
vt 0.2942 0.0832
vt 0.2972 0.0826
vt 0.3043 0.1072
vt 0.3025 0.1013
vt 0.2971 0.1025
vt 0.2981 0.1086
vt 0.2991 0.1152
vt 0.3061 0.1135
vt 0.6039 0.1465
vt 0.6027 0.1421
vt 0.5988 0.1434
vt 0.6006 0.1477
vt 0.2940 0.0713
vt 0.2930 0.0680
vt 0.2920 0.0681
vt 0.2925 0.0716
vt 0.6099 0.1681
vt 0.6092 0.1654
vt 0.6083 0.1659
vt 0.6096 0.1688
vt 0.3010 0.0960
vt 0.2996 0.0912
vt 0.2955 0.0921
vt 0.2963 0.0970
vt 0.6014 0.1373
vt 0.5999 0.1320
vt 0.5947 0.1338
vt 0.5968 0.1389
vt 0.2923 0.0654
vt 0.2916 0.0649
vt 0.6082 0.1621
vt 0.6069 0.1626
vt 0.2984 0.0868
vt 0.2949 0.0875
vt 0.5982 0.1260
vt 0.5965 0.1197
vt 0.5896 0.1220
vt 0.5922 0.1281
vt 0.2910 0.0655
vt 0.2905 0.0649
vt 0.2901 0.0681
vt 0.2911 0.0683
vt 0.6056 0.1633
vt 0.6036 0.1600
vt 0.6021 0.1611
vt 0.6044 0.1641
vt 0.6066 0.1669
vt 0.6073 0.1662
vt 0.2913 0.0878
vt 0.2913 0.0835
vt 0.2883 0.0833
vt 0.2878 0.0876
vt 0.2872 0.0923
vt 0.2914 0.0925
vt 0.5866 0.1310
vt 0.5832 0.1254
vt 0.5773 0.1296
vt 0.5814 0.1346
vt 0.5852 0.1394
vt 0.5897 0.1363
vt 0.6017 0.1566
vt 0.5996 0.1531
vt 0.5971 0.1548
vt 0.5996 0.1580
vt 0.2912 0.0794
vt 0.2912 0.0755
vt 0.2892 0.0754
vt 0.2888 0.0793
vt 0.2917 0.1092
vt 0.2916 0.1030
vt 0.2861 0.1028
vt 0.2854 0.1089
vt 0.2846 0.1153
vt 0.2918 0.1158
vt 0.5974 0.1493
vt 0.5951 0.1453
vt 0.5916 0.1477
vt 0.5945 0.1514
vt 0.2911 0.0717
vt 0.2897 0.0716
vt 0.6088 0.1686
vt 0.6086 0.1694
vt 0.2915 0.0975
vt 0.2867 0.0973
vt 0.5925 0.1410
vt 0.5886 0.1437
vt 0.5919 0.1537
vt 0.5886 0.1505
vt 0.5859 0.1536
vt 0.5896 0.1564
vt 0.5930 0.1591
vt 0.5949 0.1568
vt 0.2883 0.0714
vt 0.2891 0.0681
vt 0.2882 0.0676
vt 0.2869 0.0709
vt 0.2855 0.0744
vt 0.2873 0.0750
vt 0.6078 0.1693
vt 0.6058 0.1674
vt 0.6053 0.1683
vt 0.6078 0.1702
vt 0.2819 0.0964
vt 0.2831 0.0915
vt 0.2792 0.0902
vt 0.2773 0.0950
vt 0.2753 0.1001
vt 0.2806 0.1018
vt 0.5850 0.1469
vt 0.5810 0.1431
vt 0.5774 0.1472
vt 0.5818 0.1506
vt 0.2898 0.0654
vt 0.2894 0.0646
vt 0.6033 0.1651
vt 0.6006 0.1624
vt 0.5994 0.1639
vt 0.6024 0.1662
vt 0.2843 0.0870
vt 0.2853 0.0828
vt 0.2825 0.0819
vt 0.2809 0.0859
vt 0.5767 0.1389
vt 0.5722 0.1345
vt 0.5676 0.1399
vt 0.5726 0.1436
vt 0.5978 0.1597
vt 0.5962 0.1615
vt 0.2864 0.0788
vt 0.2840 0.0781
vt 0.2791 0.1077
vt 0.2731 0.1058
vt 0.2708 0.1117
vt 0.2776 0.1139
vt 0.5949 0.1636
vt 0.5914 0.1616
vt 0.5901 0.1643
vt 0.5939 0.1658
vt 0.5975 0.1673
vt 0.5983 0.1655
vt 0.2818 0.0770
vt 0.2837 0.0736
vt 0.2821 0.0725
vt 0.2798 0.0757
vt 0.2773 0.0790
vt 0.2798 0.0806
vt 0.2673 0.1032
vt 0.2703 0.0978
vt 0.2656 0.0947
vt 0.2619 0.0998
vt 0.2581 0.1051
vt 0.2643 0.1088
vt 0.5876 0.1594
vt 0.5836 0.1571
vt 0.5817 0.1608
vt 0.5860 0.1626
vt 0.2856 0.0703
vt 0.2873 0.0673
vt 0.2865 0.0667
vt 0.2844 0.0695
vt 0.6070 0.1704
vt 0.6046 0.1690
vt 0.6043 0.1700
vt 0.6073 0.1712
vt 0.2729 0.0929
vt 0.2754 0.0885
vt 0.2719 0.0862
vt 0.2689 0.0903
vt 0.5792 0.1546
vt 0.5744 0.1519
vt 0.5721 0.1568
vt 0.5771 0.1589
vt 0.2886 0.0649
vt 0.2884 0.0641
vt 0.6016 0.1674
vt 0.6010 0.1687
vt 0.2777 0.0844
vt 0.2747 0.0825
vt 0.5692 0.1489
vt 0.5637 0.1457
vt 0.5605 0.1520
vt 0.5664 0.1545
vt 0.5756 0.1635
vt 0.5703 0.1621
vt 0.5693 0.1675
vt 0.5747 0.1682
vt 0.5797 0.1689
vt 0.5805 0.1648
vt 0.2876 0.0642
vt 0.2876 0.0633
vt 0.2851 0.0653
vt 0.2857 0.0661
vt 0.6006 0.1700
vt 0.5969 0.1691
vt 0.5966 0.1710
vt 0.6003 0.1715
vt 0.6038 0.1719
vt 0.6039 0.1709
vt 0.2720 0.0801
vt 0.2750 0.0770
vt 0.2730 0.0748
vt 0.2696 0.0775
vt 0.2659 0.0803
vt 0.2687 0.0835
vt 0.5644 0.1605
vt 0.5581 0.1588
vt 0.5566 0.1658
vt 0.5631 0.1667
vt 0.5931 0.1681
vt 0.5891 0.1671
vt 0.5886 0.1700
vt 0.5927 0.1705
vt 0.2779 0.0741
vt 0.2806 0.0713
vt 0.2793 0.0698
vt 0.2762 0.0723
vt 0.2569 0.0957
vt 0.2613 0.0911
vt 0.2575 0.0869
vt 0.2525 0.0909
vt 0.2473 0.0951
vt 0.2523 0.1005
vt 0.5849 0.1660
vt 0.5843 0.1695
vt 0.2833 0.0686
vt 0.2823 0.0675
vt 0.6065 0.1715
vt 0.6070 0.1722
vt 0.2652 0.0871
vt 0.2619 0.0835
vt 0.5841 0.1730
vt 0.5794 0.1730
vt 0.5797 0.1772
vt 0.5844 0.1766
vt 0.5887 0.1760
vt 0.5885 0.1730
vt 0.2815 0.0663
vt 0.2844 0.0646
vt 0.2841 0.0636
vt 0.2809 0.0650
vt 0.2774 0.0665
vt 0.2782 0.0682
vt 0.6064 0.1728
vt 0.6036 0.1728
vt 0.6039 0.1738
vt 0.6070 0.1734
vt 0.2592 0.0794
vt 0.2635 0.0769
vt 0.2616 0.0731
vt 0.2569 0.0751
vt 0.2518 0.0773
vt 0.2543 0.0823
vt 0.5744 0.1730
vt 0.5689 0.1730
vt 0.5692 0.1786
vt 0.5747 0.1779
vt 0.2868 0.0632
vt 0.2871 0.0624
vt 0.6003 0.1729
vt 0.5965 0.1729
vt 0.5966 0.1749
vt 0.6004 0.1743
vt 0.2676 0.0745
vt 0.2713 0.0723
vt 0.2700 0.0696
vt 0.2659 0.0713
vt 0.5627 0.1730
vt 0.5563 0.1730
vt 0.5569 0.1802
vt 0.5632 0.1794
vt 0.5926 0.1730
vt 0.5928 0.1754
vt 0.2749 0.0702
vt 0.2738 0.0680
vt 0.2489 0.0855
vt 0.2460 0.0797
vt 0.2399 0.0822
vt 0.2431 0.0889
vt 0.5644 0.1856
vt 0.5582 0.1872
vt 0.5604 0.1940
vt 0.5664 0.1916
vt 0.5721 0.1893
vt 0.5703 0.1840
vt 0.5932 0.1778
vt 0.5893 0.1789
vt 0.5903 0.1817
vt 0.5940 0.1801
vt 0.5976 0.1786
vt 0.5970 0.1768
vt 0.2729 0.0657
vt 0.2767 0.0647
vt 0.2763 0.0628
vt 0.2724 0.0633
vt 0.2684 0.0639
vt 0.2690 0.0668
vt 0.2439 0.0736
vt 0.2499 0.0720
vt 0.2488 0.0665
vt 0.2427 0.0673
vt 0.2363 0.0682
vt 0.2377 0.0753
vt 0.5851 0.1801
vt 0.5806 0.1813
vt 0.5820 0.1852
vt 0.5863 0.1834
vt 0.2804 0.0637
vt 0.2836 0.0627
vt 0.2836 0.0617
vt 0.2801 0.0622
vt 0.6066 0.1741
vt 0.6039 0.1748
vt 0.6044 0.1757
vt 0.6074 0.1744
vt 0.2553 0.0705
vt 0.2602 0.0692
vt 0.2594 0.0651
vt 0.2543 0.0658
vt 0.5757 0.1826
vt 0.5773 0.1872
vt 0.2863 0.0620
vt 0.2868 0.0613
vt 0.6007 0.1757
vt 0.6011 0.1771
vt 0.2648 0.0679
vt 0.2640 0.0644
vt 0.5795 0.1915
vt 0.5746 0.1943
vt 0.5778 0.1989
vt 0.5822 0.1955
vt 0.5862 0.1924
vt 0.5838 0.1890
vt 0.2861 0.0607
vt 0.2868 0.0602
vt 0.2836 0.0598
vt 0.2834 0.0608
vt 0.6018 0.1784
vt 0.5985 0.1803
vt 0.5996 0.1819
vt 0.6026 0.1796
vt 0.6054 0.1774
vt 0.6047 0.1766
vt 0.2638 0.0609
vt 0.2681 0.0609
vt 0.2683 0.0579
vt 0.2639 0.0573
vt 0.2593 0.0567
vt 0.2591 0.0609
vt 0.5692 0.1974
vt 0.5635 0.2006
vt 0.5675 0.2067
vt 0.5728 0.2027
vt 0.5952 0.1823
vt 0.5916 0.1844
vt 0.5933 0.1869
vt 0.5965 0.1843
vt 0.2722 0.0609
vt 0.2762 0.0608
vt 0.2763 0.0589
vt 0.2723 0.0584
vt 0.2422 0.0609
vt 0.2484 0.0609
vt 0.2488 0.0553
vt 0.2426 0.0545
vt 0.2360 0.0536
vt 0.2357 0.0609
vt 0.5879 0.1866
vt 0.5899 0.1896
vt 0.2800 0.0608
vt 0.2800 0.0594
vt 0.6071 0.1752
vt 0.6079 0.1754
vt 0.2540 0.0609
vt 0.2543 0.0561
vt 0.2439 0.0482
vt 0.2499 0.0499
vt 0.2517 0.0446
vt 0.2460 0.0422
vt 0.2400 0.0397
vt 0.2375 0.0465
vt 0.5922 0.1922
vt 0.5890 0.1956
vt 0.5922 0.1983
vt 0.5950 0.1946
vt 0.5976 0.1911
vt 0.5953 0.1891
vt 0.2803 0.0579
vt 0.2836 0.0588
vt 0.2840 0.0579
vt 0.2807 0.0566
vt 0.2772 0.0551
vt 0.2766 0.0570
vt 0.6079 0.1762
vt 0.6059 0.1782
vt 0.6068 0.1787
vt 0.6087 0.1761
vt 0.2553 0.0513
vt 0.2601 0.0526
vt 0.2614 0.0486
vt 0.2568 0.0467
vt 0.5854 0.1991
vt 0.5815 0.2031
vt 0.5857 0.2068
vt 0.5891 0.2023
vt 0.2863 0.0595
vt 0.2870 0.0591
vt 0.6036 0.1806
vt 0.6009 0.1834
vt 0.6024 0.1846
vt 0.6047 0.1816
vt 0.2646 0.0538
vt 0.2688 0.0549
vt 0.2697 0.0521
vt 0.2657 0.0504
vt 0.5770 0.2076
vt 0.5723 0.2123
vt 0.5778 0.2172
vt 0.5819 0.2118
vt 0.5982 0.1862
vt 0.6000 0.1878
vt 0.2728 0.0560
vt 0.2736 0.0536
vt 0.5874 0.2153
vt 0.5841 0.2212
vt 0.5909 0.2242
vt 0.5932 0.2181
vt 0.5955 0.2123
vt 0.5904 0.2098
vt 0.6021 0.1891
vt 0.6001 0.1927
vt 0.6028 0.1940
vt 0.6043 0.1902
vt 0.6058 0.1865
vt 0.6040 0.1857
vt 0.2746 0.0514
vt 0.2781 0.0534
vt 0.2791 0.0518
vt 0.2760 0.0494
vt 0.2727 0.0469
vt 0.2711 0.0494
vt 0.2488 0.0365
vt 0.2541 0.0396
vt 0.2572 0.0350
vt 0.2523 0.0313
vt 0.2473 0.0274
vt 0.2433 0.0333
vt 0.5980 0.1965
vt 0.5957 0.2006
vt 0.5995 0.2023
vt 0.6012 0.1980
vt 0.2814 0.0553
vt 0.2843 0.0569
vt 0.2850 0.0562
vt 0.2822 0.0541
vt 0.6089 0.1770
vt 0.6075 0.1794
vt 0.6085 0.1797
vt 0.6097 0.1767
vt 0.2589 0.0424
vt 0.2632 0.0449
vt 0.2656 0.0414
vt 0.2616 0.0384
vt 0.5932 0.2050
vt 0.5976 0.2071
vt 0.2867 0.0583
vt 0.2876 0.0581
vt 0.6059 0.1824
vt 0.6072 0.1830
vt 0.2673 0.0472
vt 0.2693 0.0442
vt 0.2647 0.0347
vt 0.2683 0.0383
vt 0.2608 0.0308
vt 0.6022 0.2086
vt 0.6008 0.2140
vt 0.6034 0.2036
vt 0.2875 0.0573
vt 0.2855 0.0553
vt 0.6086 0.1834
vt 0.6076 0.1871
vt 0.6094 0.1801
vt 0.2716 0.0416
vt 0.2747 0.0446
vt 0.5993 0.2200
vt 0.5978 0.2262
vt 0.6067 0.1909
vt 0.6057 0.1949
vt 0.2776 0.0475
vt 0.2804 0.0503
vt 0.2565 0.0266
vt 0.2520 0.0221
vt 0.6046 0.1991
vt 0.2831 0.0530
vt 0.6101 0.1774
vt 0.8612 0.4953
vt 0.8580 0.4938
vt 0.8579 0.4942
vt 0.8608 0.4957
vt 0.8628 0.4982
vt 0.8633 0.4979
vt 0.8666 0.5013
vt 0.8688 0.5013
vt 0.8647 0.5012
vt 0.8631 0.5046
vt 0.8645 0.5055
vt 0.8662 0.5065
vt 0.8490 0.4982
vt 0.8478 0.4972
vt 0.8478 0.5037
vt 0.8492 0.5034
vt 0.8503 0.5031
vt 0.8500 0.4990
vt 0.8515 0.4950
vt 0.8510 0.4933
vt 0.8504 0.4912
vt 0.8519 0.5062
vt 0.8509 0.5073
vt 0.8559 0.5086
vt 0.8560 0.5073
vt 0.8562 0.5063
vt 0.8527 0.5054
vt 0.8514 0.4993
vt 0.8512 0.4992
vt 0.8516 0.5023
vt 0.8518 0.5022
vt 0.8522 0.5019
vt 0.8519 0.4993
vt 0.8529 0.4967
vt 0.8525 0.4964
vt 0.8523 0.4962
vt 0.8507 0.4992
vt 0.8511 0.5027
vt 0.8520 0.4958
vt 0.8532 0.5047
vt 0.8563 0.5055
vt 0.8564 0.5051
vt 0.8536 0.5042
vt 0.8636 0.5011
vt 0.8631 0.5011
vt 0.8619 0.5036
vt 0.8623 0.5039
vt 0.8596 0.5053
vt 0.8600 0.5061
vt 0.8594 0.5049
vt 0.8606 0.4959
vt 0.8578 0.4944
vt 0.8578 0.4948
vt 0.8603 0.4962
vt 0.8621 0.4984
vt 0.8625 0.4983
vt 0.8606 0.5073
vt 0.8615 0.5087
vt 0.8547 0.4940
vt 0.8546 0.4930
vt 0.8548 0.4945
vt 0.3689 0.6333
vt 0.3736 0.6394
vt 0.3333 0.6262
vt 0.8905 0.4641
vt 0.3783 0.6480
vt 0.8650 0.5556
vt 0.8659 0.5570
vt 0.8759 0.5551
vt 0.8752 0.5539
vt 0.3512 0.6088
vt 0.3639 0.6075
vt 0.3618 0.6031
vt 0.3478 0.6044
vt 0.8620 0.4721
vt 0.8571 0.4802
vt 0.8546 0.4912
vt 0.8548 0.4890
vt 0.8463 0.5345
vt 0.8476 0.5168
vt 0.3749 0.6085
vt 0.3753 0.6047
vt 0.9126 0.4807
vt 0.8858 0.5525
vt 0.8849 0.5466
vt 0.8861 0.5539
vt 0.8827 0.5318
vt 0.8810 0.5148
vt 0.8819 0.5020
vt 0.8762 0.5010
vt 0.8853 0.4921
vt 0.8914 0.4838
vt 0.8550 0.4869
vt 0.8553 0.4849
vt 0.8495 0.4873
vt 0.8499 0.4891
vt 0.8611 0.4878
vt 0.8620 0.4862
vt 0.8622 0.5100
vt 0.8628 0.5113
vt 0.8689 0.5081
vt 0.8677 0.5074
vt 0.8558 0.5101
vt 0.8557 0.5114
vt 0.8500 0.5084
vt 0.8491 0.5095
vt 0.8464 0.5041
vt 0.8451 0.5046
vt 0.8467 0.4963
vt 0.8456 0.4955
vt 0.8707 0.5013
vt 0.8724 0.5011
vt 0.8725 0.4936
vt 0.8707 0.4946
vt 0.8669 0.4902
vt 0.8684 0.4888
vt 0.8530 0.4994
vt 0.8532 0.5014
vt 0.8542 0.5008
vt 0.8544 0.4994
vt 0.8546 0.4981
vt 0.8538 0.4974
vt 0.8597 0.4969
vt 0.8576 0.4958
vt 0.8574 0.4974
vt 0.8590 0.4982
vt 0.8600 0.4991
vt 0.8611 0.4988
vt 0.8549 0.4947
vt 0.8551 0.4951
vt 0.8593 0.5047
vt 0.8617 0.5034
vt 0.8613 0.5031
vt 0.8592 0.5043
vt 0.8565 0.5045
vt 0.8565 0.5049
vt 0.8628 0.5010
vt 0.8624 0.5009
vt 0.8537 0.5040
vt 0.8540 0.5037
vt 0.8585 0.5000
vt 0.8571 0.4996
vt 0.8568 0.5019
vt 0.8584 0.5019
vt 0.8596 0.5016
vt 0.8599 0.5004
vt 0.8557 0.4995
vt 0.8553 0.5014
vt 0.8559 0.4975
vt 0.8555 0.4961
vt 0.8587 0.5033
vt 0.8604 0.5024
vt 0.8566 0.5035
vt 0.8613 0.5007
vt 0.8546 0.5028
vt 0.8695 0.4876
vt 0.8626 0.4850
vt 0.8738 0.4925
vt 0.8736 0.5008
vt 0.8697 0.5087
vt 0.8448 0.4950
vt 0.8441 0.5050
vt 0.8491 0.4861
vt 0.8484 0.5104
vt 0.8556 0.5124
vt 0.8632 0.5122
vt 0.8554 0.4836
vt 0.8785 0.2261
vt 0.8709 0.2173
vt 0.8868 0.2376
vt 0.9098 0.1913
vt 0.9035 0.1878
vt 0.8988 0.1809
vt 0.3006 0.3821
vt 0.3054 0.2629
vt 0.8964 0.2542
vt 0.8748 0.2814
vt 0.9166 0.2297
vt 0.8565 0.3014
vt 0.8399 0.3189
vt 0.8236 0.3386
vt 0.8119 0.3254
vt 0.7454 0.3196
vt 0.7317 0.3140
vt 0.7222 0.3113
vt 0.7147 0.3100
vt 0.7997 0.3117
vt 0.5503 0.2355
vt 0.5453 0.2362
vt 0.5524 0.3542
vt 0.5567 0.3545
vt 0.4222 0.7481
vt 0.4341 0.7350
vt 0.7421 0.4194
vt 0.7320 0.4168
vt 0.1742 0.0518
vt 0.1758 0.0500
vt 0.1463 0.0304
vt 0.1454 0.0330
vt 0.5391 0.1197
vt 0.5351 0.1287
vt 0.5489 0.1616
vt 0.5481 0.1316
vt 0.6815 0.0773
vt 0.6808 0.0471
vt 0.6922 0.0707
vt 0.6914 0.0324
vt 0.5437 0.4282
vt 0.5465 0.4291
vt 0.7022 0.6029
vt 0.6910 0.6059
vt 0.4456 0.5393
vt 0.4455 0.5428
vt 0.5318 0.4661
vt 0.5343 0.4673
vt 0.6420 0.3341
vt 0.6430 0.2635
vt 0.5146 0.1250
vt 0.5115 0.1278
vt 0.6376 0.5744
vt 0.6399 0.4515
vt 0.7688 0.0592
vt 0.7819 0.0219
vt 0.3672 0.0321
vt 0.3773 0.0335
vt 0.3775 0.0287
vt 0.3675 0.0274
vt 0.4811 0.0862
vt 0.4829 0.0829
vt 0.4495 0.0533
vt 0.4487 0.0569
vt 0.4218 0.0430
vt 0.4221 0.0389
vt 0.4012 0.0333
vt 0.4011 0.0379
vt 0.6829 0.1468
vt 0.6790 0.1371
vt 0.9309 0.2177
vt 0.9421 0.2120
vt 0.9309 0.1815
vt 0.9195 0.1881
vt 0.0846 0.3694
vt 0.3874 0.0351
vt 0.3877 0.0510
vt 0.3876 0.0303
vt 0.7074 0.3084
vt 0.7108 0.2956
vt 0.7031 0.3244
vt 0.3893 0.2342
vt 0.3900 0.1381
vt 0.0967 0.1509
vt 0.0847 0.2539
vt 0.1360 0.7295
vt 0.1431 0.7271
vt 0.1336 0.7287
vt 0.7141 0.2822
vt 0.7173 0.2685
vt 0.9600 0.1079
vt 0.9458 0.0914
vt 0.9710 0.1206
vt 0.9307 0.0727
vt 0.9154 0.0532
vt 0.9763 0.1277
vt 0.9788 0.1320
vt 0.7003 0.3762
vt 0.7016 0.3813
vt 0.0943 0.6635
vt 0.0868 0.6399
vt 0.1027 0.6871
vt 0.2057 0.7014
vt 0.2231 0.6942
vt 0.1845 0.7100
vt 0.1615 0.7196
vt 0.1294 0.7265
vt 0.3889 0.0895
vt 0.0590 0.5318
vt 0.0726 0.5861
vt 0.2350 0.6892
vt 0.2441 0.6853
vt 0.0807 0.6181
vt 0.3898 0.4845
vt 0.3863 0.4273
vt 0.1093 0.0906
vt 0.1207 0.0412
vt 0.9007 0.0344
vt 0.8862 0.0158
vt 0.3862 0.3449
vt 0.6972 0.3474
vt 0.1113 0.7092
vt 0.3567 0.5585
vt 0.3567 0.5635
vt 0.1248 0.0220
vt 0.1253 0.0180
vn 0.8298 0.4436 0.3386
vn 0.9071 0.2880 0.3069
vn 0.9509 0.2674 0.1559
vn 0.8842 0.4384 0.1609
vn 0.7091 0.6827 0.1763
vn 0.6461 0.6586 0.3858
vn 0.6182 0.6172 0.4866
vn 0.8012 0.4151 0.4309
vn 0.8753 0.2997 0.3796
vn 0.9992 -0.0362 -0.0127
vn 0.8504 0.5083 -0.1357
vn 0.9317 0.2485 -0.2648
vn 0.9982 0.0419 -0.0423
vn 0.9191 0.3924 -0.0362
vn 0.9747 0.2225 -0.0190
vn 0.3447 0.8439 -0.4110
vn 0.2153 0.8975 -0.3848
vn 0.2330 0.8717 -0.4311
vn 0.3696 0.8144 -0.4473
vn 0.5362 0.6867 -0.4907
vn 0.5205 0.6967 -0.4937
vn 0.5154 0.6695 -0.5349
vn 0.3309 0.8510 -0.4077
vn 0.2053 0.9098 -0.3606
vn -0.0739 0.8797 -0.4697
vn -0.1472 0.7768 -0.6123
vn 0.1217 0.7780 -0.6164
vn 0.0383 0.8813 -0.4709
vn 0.0095 0.9085 -0.4177
vn -0.0479 0.9095 -0.4128
vn -0.0413 0.9098 -0.4128
vn -0.0641 0.8892 -0.4530
vn -0.1555 0.8572 -0.4909
vn 0.6442 0.4771 -0.5977
vn 0.6717 0.5030 -0.5439
vn 0.7405 0.2988 -0.6020
vn 0.6827 0.2524 -0.6857
vn 0.6430 0.1711 -0.7465
vn 0.6290 0.4028 -0.6649
vn 0.9683 -0.1734 -0.1799
vn 0.9802 0.0657 -0.1866
vn 0.9560 -0.0073 -0.2933
vn 0.9957 -0.0807 -0.0446
vn 0.8621 0.4602 0.2121
vn 0.9525 0.2785 0.1229
vn 0.8329 0.4064 0.3755
vn 0.5239 0.8149 0.2477
vn 0.4484 0.8926 -0.0457
vn 0.7490 0.6235 -0.2242
vn 0.7577 0.6505 -0.0521
vn 0.9066 0.3677 -0.2071
vn 0.9849 -0.0234 -0.1716
vn 0.5708 -0.8208 -0.0219
vn 0.4031 -0.9150 -0.0155
vn 0.3629 -0.9278 -0.0863
vn 0.5361 -0.8369 -0.1103
vn 0.9624 0.1868 -0.1972
vn 0.5706 -0.8195 0.0531
vn 0.4040 -0.9132 0.0533
vn 0.2630 -0.9647 -0.0130
vn 0.2306 -0.9695 -0.0836
vn 0.3945 -0.9131 0.1031
vn 0.2551 -0.9603 0.1126
vn 0.2640 -0.9627 0.0596
vn 0.5646 -0.8175 0.1135
vn 0.5481 -0.8202 0.1640
vn 0.4288 -0.8790 0.2087
vn 0.2649 -0.9411 0.2099
vn 0.0000 0.9767 -0.2145
vn 0.0000 0.9998 -0.0216
vn 0.1213 0.9923 -0.0225
vn 0.1223 0.9688 -0.2154
vn 0.2062 -0.9613 -0.1827
vn 0.2806 -0.9483 -0.1480
vn 0.1667 -0.9770 -0.1332
vn 0.1333 -0.9764 -0.1697
vn 0.1556 -0.9634 -0.2181
vn 0.2713 -0.9292 -0.2508
vn 0.4291 -0.8796 -0.2051
vn 0.2508 0.9532 -0.1689
vn 0.1290 0.9460 -0.2972
vn 0.2488 0.2286 -0.9412
vn 0.4533 0.7841 -0.4238
vn 0.5885 0.7342 -0.3385
vn 0.3888 0.9154 -0.1044
vn 0.3451 0.9378 -0.0382
vn 0.2287 0.9630 -0.1426
vn 0.1151 0.9549 -0.2738
vn 0.7774 0.1782 0.6031
vn 0.7938 0.0494 0.6062
vn 0.6925 0.0550 0.7193
vn 0.6549 0.1507 0.7405
vn 0.5945 0.1961 0.7798
vn 0.7186 0.3002 0.6272
vn 0.8618 0.3702 0.3467
vn 0.9223 0.1723 0.3458
vn 0.9338 0.0142 0.3574
vn 0.0372 -0.9992 -0.0092
vn 0.0279 -0.9995 -0.0098
vn 0.0229 -0.9964 -0.0813
vn 0.0308 -0.9963 -0.0803
vn 0.1152 0.9930 -0.0254
vn 0.1169 0.9691 -0.2174
vn 0.0000 -0.9999 -0.0099
vn 0.0000 -0.9966 -0.0815
vn 0.0392 -0.9970 0.0662
vn 0.0294 -0.9974 0.0659
vn 0.1227 0.8961 -0.4265
vn 0.0179 0.9133 -0.4068
vn 0.0244 0.9326 -0.3600
vn 0.0928 0.9260 -0.3660
vn 0.2173 0.8965 -0.3860
vn 0.2923 0.8395 -0.4581
vn 0.4775 0.6561 -0.5843
vn 0.2730 0.7505 -0.6019
vn 0.0909 0.8020 -0.5904
vn 0.1687 0.8954 -0.4121
vn 0.0596 0.9238 -0.3782
vn -0.0147 0.9534 -0.3013
vn 0.0793 0.9405 -0.3302
vn 0.2534 0.8833 -0.3944
vn 0.3666 0.8087 -0.4600
vn 0.5045 0.6603 -0.5563
vn 0.3384 0.7573 -0.5585
vn 0.2355 0.8071 -0.5414
vn 0.0000 -0.9978 0.0658
vn 0.0000 0.9791 0.2034
vn 0.1188 0.9723 0.2011
vn 0.3162 0.9479 -0.0387
vn 0.2887 0.9361 0.2011
vn 0.4740 0.8594 0.1917
vn 0.5161 0.8549 -0.0523
vn 0.1139 0.9736 0.1978
vn -0.0443 -0.9813 -0.1873
vn -0.0557 -0.9806 -0.1878
vn -0.0628 -0.9589 -0.2765
vn -0.0504 -0.9629 -0.2652
vn 0.0000 -0.9652 -0.2614
vn 0.0000 -0.9822 -0.1877
vn 0.0000 -0.9782 -0.2075
vn -0.0438 -0.9774 -0.2067
vn -0.0540 -0.9770 -0.2063
vn 0.1072 0.9145 0.3901
vn 0.1058 0.9170 0.3847
vn 0.0000 0.9194 0.3932
vn 0.0000 0.8537 0.5207
vn 0.0778 0.8532 0.5157
vn 0.0683 0.8639 0.4990
vn 0.0293 -0.9917 0.1250
vn 0.0378 -0.9915 0.1243
vn 0.0323 -0.9802 0.1952
vn 0.0304 -0.9800 0.1965
vn 0.0000 -0.9807 0.1951
vn 0.0000 -0.9921 0.1251
vn 0.7830 -0.1089 0.6124
vn 0.7516 -0.2719 0.6009
vn 0.6528 -0.2646 0.7098
vn 0.6962 -0.0910 0.7121
vn 0.9203 -0.1539 0.3595
vn 0.8919 -0.3012 0.3373
vn 0.1404 -0.9828 0.1197
vn 0.1413 -0.9878 0.0648
vn 0.1519 -0.9685 0.1972
vn 0.0890 -0.9785 0.1862
vn 0.0849 -0.9889 0.1216
vn 0.0841 -0.9942 0.0665
vn 0.4302 0.8062 0.4060
vn 0.2698 0.8748 0.4023
vn 0.2663 0.8260 0.4967
vn 0.4217 0.7552 0.5017
vn 0.7461 0.0682 0.6624
vn 0.5231 0.0225 0.8520
vn 0.2116 -0.6332 0.7445
vn 0.5234 -0.3583 0.7731
vn -0.0578 -0.9875 -0.1463
vn -0.0412 -0.9926 -0.1144
vn 0.0292 -0.9956 -0.0888
vn -0.0042 -0.9807 -0.1954
vn -0.0284 -0.9632 -0.2672
vn -0.0630 -0.9827 -0.1743
vn -0.0761 -0.9763 -0.2027
vn -0.0915 -0.9763 -0.1958
vn -0.0955 -0.9787 -0.1816
vn 0.1400 -0.9901 -0.0103
vn 0.0823 -0.9966 -0.0091
vn 0.1276 -0.9884 -0.0822
vn 0.1968 -0.8527 -0.4838
vn 0.2469 -0.7335 -0.6333
vn -0.0933 -0.8327 -0.5458
vn -0.0022 -0.9196 -0.3927
vn 0.0105 -0.9447 -0.3278
vn 0.1452 -0.9032 -0.4039
vn 0.3496 -0.7858 -0.5101
vn 0.4291 -0.7071 -0.5620
vn 0.4741 -0.6335 -0.6114
vn 0.5399 -0.6758 -0.5017
vn 0.4822 -0.6890 -0.5410
vn -0.1339 -0.9893 0.0578
vn -0.1233 -0.9898 0.0709
vn -0.0778 -0.9945 0.0704
vn 0.5276 -0.6848 -0.5026
vn 0.7119 0.1238 -0.6912
vn 0.7438 0.1397 -0.6536
vn 0.7065 0.1301 -0.6956
vn 0.7506 -0.6432 0.1511
vn 0.7181 -0.5662 0.4047
vn 0.6380 0.3028 0.7080
vn 0.9766 -0.0999 0.1905
vn 0.9759 -0.2070 0.0695
vn 0.8313 -0.5537 0.0481
vn 0.7644 -0.6320 -0.1271
vn 0.4359 -0.8978 0.0620
vn 0.3589 -0.8970 0.2579
vn 0.0769 -0.9938 -0.0805
vn 0.3262 0.9179 -0.2258
vn 0.5186 0.8234 -0.2301
vn 0.9279 -0.3695 -0.0505
vn 0.9028 -0.4277 -0.0443
vn 0.8770 -0.4618 -0.1325
vn 0.9265 -0.3492 -0.1403
vn 0.0555 -0.8438 0.5337
vn 0.1505 -0.7581 0.6345
vn 0.2312 -0.4831 0.8444
vn 0.0636 -0.6853 0.7255
vn 0.0362 -0.7240 0.6888
vn 0.0300 -0.8592 0.5108
vn 0.0452 -0.9810 0.1885
vn 0.4435 0.4673 -0.7648
vn 0.4271 0.6491 -0.6294
vn 0.0197 0.5266 -0.8498
vn -0.0234 0.0825 -0.9963
vn 0.4960 0.0240 -0.8680
vn 0.7038 -0.0262 -0.7098
vn 0.6678 0.3604 -0.6512
vn 0.6003 0.5408 -0.5892
vn 0.1087 0.9246 -0.3649
vn 0.0898 0.9266 -0.3650
vn 0.1038 0.9053 -0.4118
vn 0.1139 0.9033 -0.4136
vn 0.1031 0.9350 -0.3394
vn 0.0639 0.9386 -0.3389
vn 0.7078 0.3154 -0.6320
vn 0.6799 0.3124 -0.6634
vn 0.6498 0.3594 -0.6698
vn 0.5853 0.5687 -0.5779
vn 0.5727 0.5811 -0.5782
vn 0.5547 0.4722 -0.6851
vn 0.5992 0.0370 -0.7997
vn 0.3517 0.8363 -0.4206
vn 0.2512 0.8106 -0.5290
vn 0.2633 0.4769 -0.8386
vn 0.2364 0.0291 -0.9712
vn -0.0212 0.0179 -0.9996
vn 0.0149 -0.8568 -0.5154
vn 0.0273 -0.8431 -0.5371
vn -0.0133 0.0439 -0.9989
vn -0.0353 0.7812 -0.6233
vn -0.0336 0.7797 -0.6252
vn 0.0000 0.7785 -0.6276
vn 0.0000 0.0089 -0.9999
vn 0.0000 -0.8616 -0.5075
vn 0.6565 0.2539 -0.7102
vn 0.7427 0.3574 -0.5663
vn 0.5963 -0.0042 -0.8027
vn 0.9598 -0.2784 -0.0357
vn 0.8406 -0.5244 -0.1351
vn 0.2986 -0.1393 0.9442
vn 0.1629 0.0352 0.9860
vn 0.5491 0.0264 0.8353
vn 0.5752 -0.0824 0.8138
vn 0.5347 -0.1760 0.8265
vn 0.4046 -0.1296 0.9052
vn 0.1870 -0.2982 0.9360
vn -0.2270 -0.2907 0.9295
vn -0.4103 0.0517 0.9105
vn 0.8190 -0.5738 -0.0061
vn 0.9589 -0.2831 0.0169
vn 0.5372 0.5130 0.6695
vn 0.7142 0.3618 0.5991
vn 0.7521 0.4374 0.4929
vn 0.5529 0.6324 0.5426
vn 0.3790 0.7202 0.5811
vn 0.3773 0.5723 0.7280
vn 0.3663 0.3148 0.8756
vn 0.5157 0.2914 0.8057
vn 0.6395 0.2434 0.7292
vn -0.7731 -0.1014 0.6261
vn -0.8054 0.3753 0.4587
vn -0.9192 0.2824 0.2742
vn -0.9474 -0.0493 0.3160
vn -0.8601 -0.4486 0.2428
vn -0.7006 -0.6019 0.3832
vn -0.4941 -0.7199 0.4874
vn -0.5443 -0.1360 0.8278
vn -0.5537 0.5057 0.6616
vn 0.1831 -0.9378 0.2948
vn 0.0000 -0.9601 0.2796
vn 0.0000 -0.9771 0.2128
vn 0.1447 -0.9632 0.2264
vn 0.2569 -0.9319 0.2558
vn 0.2991 -0.8927 0.3370
vn 0.3804 -0.7795 0.4977
vn 0.2489 -0.8413 0.4798
vn 0.0000 -0.8759 0.4824
vn 0.6618 -0.4757 0.5795
vn 0.4451 -0.7126 0.5422
vn 0.3296 -0.6776 0.6574
vn 0.5394 -0.4696 0.6988
vn 0.8132 -0.4949 0.3061
vn 0.5803 -0.7674 0.2726
vn 0.5820 -0.2854 0.7614
vn 0.8949 -0.1729 0.4113
vn 0.3065 0.5153 0.8003
vn 0.2082 0.4029 0.8912
vn 0.3318 -0.3893 0.8592
vn 0.6256 0.4453 0.6405
vn 0.5148 0.2472 0.8209
vn 0.3756 0.4334 0.8192
vn 0.4824 0.6364 0.6018
vn 0.5582 0.7748 0.2968
vn 0.7343 0.5914 0.3331
vn 0.5427 -0.5300 0.6515
vn 0.4728 -0.7044 0.5293
vn 0.5846 -0.5905 0.5563
vn 0.6607 -0.4331 0.6131
vn 0.6983 -0.0734 0.7120
vn 0.5712 -0.1460 0.8077
vn 0.5061 -0.2111 0.8362
vn 0.4579 -0.5941 0.6613
vn 0.5199 -0.2231 0.8246
vn 0.4640 -0.4089 0.7858
vn 0.7465 -0.3638 0.5571
vn 0.7260 -0.2093 0.6550
vn 0.7189 -0.0966 0.6884
vn 0.5329 -0.1014 0.8401
vn 0.3565 -0.1158 0.9271
vn 0.2803 -0.2639 0.9229
vn 0.0895 -0.4483 0.8893
vn 0.5192 0.0756 0.8513
vn 0.6914 0.0805 0.7179
vn 0.3650 0.0816 0.9274
vn 0.4326 -0.0135 0.9015
vn 0.5187 0.0761 0.8515
vn 0.4644 -0.0353 0.8849
vn 0.3399 -0.2943 0.8932
vn 0.2117 -0.1754 0.9615
vn 0.2737 0.1954 0.9417
vn 0.7787 -0.3207 0.5392
vn 0.6291 -0.6095 0.4824
vn 0.6918 -0.6099 0.3864
vn 0.8619 -0.2482 0.4421
vn 0.8777 0.0866 0.4712
vn 0.8147 0.0134 0.5796
vn 0.8323 0.1224 0.5405
vn 0.8576 -0.0732 0.5090
vn 0.9089 -0.0357 0.4154
vn 0.8828 0.1700 0.4378
vn 0.8445 -0.1909 0.5003
vn 0.8367 -0.3342 0.4339
vn 0.8543 -0.2924 0.4298
vn 0.8882 -0.1556 0.4322
vn 0.9744 0.0746 0.2119
vn 0.9764 0.0049 0.2158
vn 0.9900 0.0045 0.1411
vn 0.9836 0.1074 0.1446
vn 0.9452 0.3009 0.1263
vn 0.9512 0.2368 0.1979
vn 0.9626 0.1740 0.2073
vn 0.9619 0.0273 0.2720
vn 0.9322 -0.0911 0.3501
vn 0.8615 0.4751 0.1789
vn 0.8309 0.5477 0.0979
vn 0.6286 0.7721 0.0934
vn 0.6577 0.7324 0.1759
vn 0.6539 0.7425 0.1447
vn 0.8850 0.4367 0.1614
vn 0.9301 -0.3259 0.1696
vn 0.7252 -0.6782 0.1193
vn 0.6967 -0.7172 0.0130
vn 0.9206 -0.3864 0.0564
vn 0.9720 -0.2163 0.0912
vn 0.9651 -0.1752 0.1945
vn 0.9268 -0.0299 0.3745
vn 0.9228 -0.2747 0.2702
vn 0.7384 -0.6410 0.2094
vn 0.0930 -0.9955 0.0191
vn 0.0000 -0.9999 0.0137
vn 0.0000 -0.9997 -0.0256
vn 0.0863 -0.9959 -0.0256
vn 0.1963 -0.9802 -0.0256
vn 0.2058 -0.9780 0.0339
vn 0.2273 -0.9677 0.1086
vn 0.1095 -0.9899 0.0902
vn 0.0000 -0.9966 0.0827
vn 0.9747 -0.0865 0.2059
vn 0.9870 -0.1072 0.1196
vn 0.9348 -0.0927 0.3429
vn 0.3988 0.8988 0.1817
vn 0.3886 0.9142 0.1147
vn 0.2384 0.9621 0.1324
vn 0.2455 0.9528 0.1785
vn 0.2583 0.9464 0.1936
vn 0.3900 0.9025 0.1825
vn 0.9280 -0.1022 0.3583
vn 0.9156 -0.2172 0.3385
vn 0.9142 -0.2125 0.3451
vn 0.9337 -0.0887 0.3467
vn 0.9463 -0.0550 0.3185
vn 0.9286 -0.0666 0.3651
vn 0.9127 -0.0048 0.4084
vn 0.9157 -0.1076 0.3871
vn 0.8950 -0.2298 0.3823
vn 0.8126 0.3611 0.4573
vn 0.8302 0.4692 0.3009
vn 0.7359 0.5932 0.3262
vn 0.7305 0.4506 0.5132
vn 0.7483 0.2608 0.6099
vn 0.8077 0.2333 0.5414
vn 0.8470 0.2171 0.4851
vn 0.8572 0.3119 0.4098
vn 0.8759 0.3877 0.2870
vn 0.9056 -0.2373 0.3515
vn 0.7304 -0.6172 0.2924
vn 0.9089 0.0880 0.4076
vn 0.1259 -0.9761 0.1768
vn 0.0000 -0.9857 0.1683
vn 0.2429 -0.9504 0.1942
vn -0.9936 0.0257 0.1100
vn -0.8168 0.5744 -0.0537
vn -0.4521 0.8668 0.2105
vn -0.6559 0.1713 0.7352
vn -0.6166 -0.7848 0.0616
vn -0.8557 -0.4889 -0.1695
vn -0.7889 -0.5899 -0.1721
vn -0.9947 -0.0277 -0.0988
vn -0.9263 0.3439 -0.1537
vn 0.4411 0.8113 0.3837
vn 0.5615 0.7042 0.4345
vn 0.4616 0.8304 0.3119
vn 0.3749 0.8823 0.2846
vn 0.2795 0.9227 0.2655
vn 0.3117 0.8885 0.3366
vn 0.3472 0.8413 0.4142
vn 0.5087 0.7374 0.4442
vn 0.7190 0.5040 0.4786
vn 0.3777 0.9208 0.0967
vn 0.5904 0.8038 0.0737
vn 0.3686 0.8906 0.2664
vn 0.2705 0.9296 0.2502
vn 0.2528 0.9595 0.1242
vn 0.9792 -0.1529 0.1332
vn 0.9549 -0.2799 0.0989
vn 0.9884 -0.0053 0.1513
vn 0.0880 -0.9961 0.0092
vn 0.0000 -0.9999 0.0122
vn 0.0000 -0.9801 0.1983
vn 0.0882 -0.9760 0.1991
vn 0.1785 -0.9615 0.2088
vn 0.1964 -0.9805 0.0033
vn 0.8867 -0.4585 0.0584
vn 0.6535 -0.7566 0.0204
vn 0.7858 0.6121 0.0878
vn 0.9235 0.3632 0.1233
vn 0.9792 0.1398 0.1471
vn 0.1254 -0.4710 0.8732
vn 0.1252 0.0162 0.9920
vn -0.2633 0.0341 0.9641
vn -0.2037 -0.4226 0.8831
vn -0.0362 -0.7917 0.6098
vn 0.1465 -0.8211 0.5517
vn -0.1933 0.5968 -0.7787
vn 0.0321 0.5012 -0.8647
vn 0.1437 0.8241 -0.5478
vn -0.0208 0.8843 -0.4665
vn 0.3459 -0.5720 0.7437
vn 0.2315 -0.8863 0.4012
vn -0.0401 0.0419 -0.9983
vn -0.2974 0.0747 -0.9518
vn 0.1455 0.5283 0.8365
vn 0.3585 0.6163 0.7011
vn 0.2409 0.9246 0.2951
vn 0.1845 0.8777 0.4423
vn 0.2000 0.9395 -0.2782
vn 0.1892 0.9443 -0.2691
vn 0.1441 0.9851 -0.0939
vn 0.2147 0.9729 -0.0860
vn -0.1854 -0.5570 -0.8095
vn 0.0401 -0.4919 -0.8697
vn 0.0862 0.9644 -0.2498
vn 0.1393 0.9843 -0.1079
vn 0.2149 -0.9763 -0.0260
vn 0.1937 -0.9752 0.1066
vn 0.1852 -0.9726 0.1406
vn 0.2102 -0.9776 -0.0118
vn 0.2514 -0.8836 -0.3949
vn 0.1797 -0.8982 -0.4011
vn 0.1452 -0.9878 -0.0564
vn 0.1527 -0.9874 0.0404
vn 0.1723 0.9845 0.0328
vn 0.2068 0.9726 0.1058
vn 0.2600 0.1555 0.9530
vn 0.3792 -0.0092 0.9252
vn 0.5181 0.0825 0.8513
vn -0.2623 0.3547 0.8974
vn 0.2296 0.4147 0.8805
vn 0.0448 0.9983 0.0383
vn 0.0462 0.9888 -0.1419
vn 0.4751 0.6644 0.5768
vn -0.1823 0.8762 0.4462
vn -0.0475 0.8791 0.4742
vn 0.1030 0.9890 0.1059
vn -0.4657 0.4760 0.7460
vn -0.5358 0.0485 0.8430
vn -0.2153 0.5109 0.8322
vn -0.4273 -0.3818 0.8195
vn -0.1398 -0.7684 0.6245
vn 0.1252 -0.9362 0.3282
vn 0.2250 -0.8042 0.5501
vn 0.1950 -0.9691 0.1505
vn 0.1262 -0.9454 0.3003
vn 0.2846 0.3693 0.8846
vn 0.3708 0.0211 0.9285
vn 0.3068 0.2232 0.9252
vn 0.2855 -0.4207 0.8610
vn 0.3249 -0.4028 0.8556
vn 0.1859 -0.5610 0.8067
vn -0.4424 0.1045 -0.8907
vn -0.3142 -0.6523 -0.6898
vn -0.0099 0.9844 -0.1755
vn 0.0439 0.9949 -0.0910
vn 0.0485 -0.9974 -0.0522
vn 0.0752 -0.9971 0.0062
vn 0.0903 0.9959 -0.0075
vn 0.4118 0.0127 0.9112
vn 0.1677 -0.9537 0.2494
vn 0.1637 -0.9748 0.1514
vn 0.1067 -0.9914 0.0758
vn 0.2041 -0.9469 0.2483
vn 0.4116 -0.7102 0.5711
vn 0.5826 0.0177 0.8125
vn -0.1051 0.9404 -0.3233
vn -0.0862 0.9644 -0.2498
vn -0.2000 0.9395 -0.2782
vn -0.1437 0.8241 -0.5478
vn 0.0208 0.8843 -0.4665
vn 0.4081 0.7459 0.5264
vn 0.2535 -0.4694 -0.8458
vn 0.0456 -0.9355 -0.3503
vn 0.6797 0.0174 0.7332
vn 0.4108 0.8119 0.4148
vn 0.1489 0.9827 0.1096
vn 0.1861 0.9691 0.1620
vn -0.0575 -0.9682 -0.2434
vn -0.4882 0.1212 -0.8642
vn -0.3413 -0.7129 -0.6126
vn -0.0837 -0.9802 -0.1792
vn 0.0530 0.9985 -0.0078
vn 0.0091 0.9977 -0.0664
vn -0.2918 0.7169 -0.6331
vn 0.1726 -0.9684 0.1797
vn 0.4233 -0.7799 0.4610
vn 0.0500 0.9987 -0.0091
vn 0.0048 0.9980 -0.0629
vn 0.1512 0.9843 0.0914
vn 0.1647 0.9840 0.0670
vn 0.1238 0.9912 -0.0467
vn 0.0632 0.9915 -0.1133
vn 0.4757 -0.7764 0.4133
vn 0.7591 0.0317 0.6501
vn 0.1794 -0.9712 0.1569
vn 0.1933 -0.9717 0.1359
vn 0.6815 -0.6939 0.2324
vn 0.9208 0.0849 0.3807
vn -0.2935 0.7753 -0.5592
vn -0.4715 0.1017 -0.8759
vn -0.2966 0.7824 -0.5476
vn -0.1130 0.9623 -0.2474
vn -0.1123 0.9646 -0.2386
vn -0.0971 0.9637 -0.2484
vn -0.1203 0.6804 -0.7228
vn -0.2118 -0.0014 -0.9773
vn -0.0390 0.9917 -0.1225
vn -0.0356 0.9910 -0.1292
vn 0.0033 0.9813 -0.1925
vn 0.0365 -0.9993 0.0099
vn 0.0713 -0.9958 0.0571
vn 0.0084 -0.9995 -0.0318
vn 0.3374 0.5838 -0.7384
vn 0.4090 -0.0847 -0.9086
vn 0.5623 0.6235 -0.5431
vn 0.7347 -0.0252 -0.6778
vn 0.6866 0.6293 -0.3641
vn 0.9560 0.1008 -0.2754
vn 0.5943 0.7863 0.1690
vn 0.7482 -0.6089 -0.2634
vn 0.1440 -0.9892 0.0269
vn 0.0785 -0.9963 -0.0340
vn 0.5576 -0.6645 -0.4975
vn 0.3977 -0.6490 -0.6485
vn 0.0334 -0.9944 -0.1005
vn -0.0617 -0.9828 -0.1738
vn -0.1160 -0.7204 -0.6838
vn -0.3292 -0.7211 -0.6096
vn -0.0825 -0.9820 -0.1698
vn 0.4467 0.8196 0.3588
vn 0.0711 -0.9961 0.0526
vn 0.0323 -0.9994 0.0101
vn 0.0026 -0.9995 -0.0305
vn 0.8449 0.1113 -0.5232
vn 0.8090 0.2667 -0.5238
vn 0.8989 0.2013 -0.3892
vn 0.9169 -0.1182 -0.3812
vn 0.9311 -0.0114 -0.3646
vn 0.8087 0.4263 -0.4052
vn 0.1234 0.8935 -0.4317
vn 0.1068 0.8972 -0.4284
vn 0.1106 0.9197 -0.3765
vn 0.1423 0.9147 -0.3783
vn 0.2951 0.8731 -0.3881
vn 0.2568 0.8567 -0.4473
vn 0.0897 -0.9840 -0.1539
vn 0.1048 -0.9858 -0.1312
vn 0.0649 -0.9895 -0.1287
vn 0.0479 -0.9877 -0.1487
vn 0.0271 -0.9772 -0.2105
vn 0.0856 -0.9755 -0.2026
vn -0.0238 -0.9849 -0.1716
vn -0.0295 -0.9868 -0.1592
vn 0.0104 -0.9909 -0.1340
vn 0.0070 -0.9901 -0.1402
vn 0.0000 -0.9898 -0.1426
vn 0.0000 -0.9842 -0.1771
vn 0.0000 -0.9733 -0.2293
vn -0.0539 -0.9727 -0.2259
vn -0.0685 -0.9732 -0.2193
vn -0.2718 0.5191 -0.8103
vn -0.3779 0.1062 -0.9197
vn -0.4331 0.5443 -0.7184
vn -0.5774 0.0860 -0.8119
vn 0.7290 0.4633 -0.5039
vn 0.5806 0.6529 -0.4864
vn 0.6750 0.6217 -0.3973
vn 0.8307 0.3958 -0.3915
vn 0.5864 -0.4255 -0.6892
vn 0.3977 -0.8630 -0.3115
vn 0.9286 -0.2698 -0.2545
vn 0.4042 0.7899 -0.4611
vn 0.4651 0.7930 -0.3935
vn 0.1689 0.4682 -0.8673
vn 0.0532 0.8066 -0.5886
vn 0.2531 0.4596 -0.8513
vn 0.3534 0.0546 -0.9339
vn 0.2441 0.0553 -0.9681
vn 0.0000 0.0531 -0.9986
vn 0.0000 0.4660 -0.8848
vn 0.0000 0.8066 -0.5910
vn 0.3955 0.7893 -0.4697
vn 0.3784 0.8077 -0.4521
vn 0.0055 -0.9913 0.1316
vn 0.0042 -0.9914 0.1307
vn 0.0116 -0.9948 0.1013
vn 0.0100 -0.9948 0.1014
vn 0.0000 -0.9948 0.1022
vn 0.0000 -0.9912 0.1324
vn 0.0000 -0.9976 0.0689
vn 0.0279 -0.9972 0.0695
vn 0.0338 -0.9971 0.0684
vn 0.4734 -0.5389 -0.6967
vn 0.6524 0.1272 -0.7471
vn -0.1313 -0.9901 -0.0505
vn 0.0206 -0.9998 -0.0043
vn 0.0277 -0.9996 -0.0079
vn 0.0000 -1.0000 -0.0021
vn 0.3439 0.8324 -0.4345
vn 0.2083 0.9053 -0.3700
vn 0.5295 0.6212 -0.5776
vn 0.6364 0.3366 -0.6940
vn 0.0989 0.9318 -0.3492
vn 0.0404 0.9378 -0.3446
vn 0.3292 0.3981 -0.8562
vn 0.1653 0.8323 -0.5291
vn 0.4563 0.3812 -0.8040
vn 0.4950 -0.1741 -0.8512
vn 0.3597 -0.2044 -0.9104
vn 0.0000 -0.2207 -0.9753
vn 0.0000 0.4003 -0.9163
vn 0.0000 0.8460 -0.5332
vn 0.2630 -0.6462 -0.7164
vn 0.3676 -0.6131 -0.6993
vn 0.1692 -0.8761 -0.4514
vn 0.1151 -0.8926 -0.4358
vn 0.0000 -0.9011 -0.4336
vn 0.0000 -0.6630 -0.7486
vn 0.6110 -0.4495 -0.6516
vn 0.7012 -0.0584 -0.7106
vn 0.6133 -0.4200 -0.6689
vn 0.5457 -0.5061 -0.6678
vn 0.6498 -0.0990 -0.7536
vn 0.6837 0.3216 -0.6550
vn 0.5977 0.5681 -0.5656
vn 0.6300 0.3243 -0.7056
vn -0.0419 -0.9682 -0.2466
vn -0.0497 -0.9674 -0.2483
vn 0.0000 -0.9691 -0.2464
vn 0.0000 -0.9613 -0.2755
vn -0.0253 -0.9601 -0.2784
vn -0.0250 -0.9578 -0.2863
vn 0.4651 0.7120 -0.5260
vn 0.3016 0.8157 -0.4936
vn 0.3858 -0.4480 -0.8065
vn -0.0822 -0.4393 -0.8945
vn 0.0224 -0.9473 -0.3194
vn 0.0419 -0.9413 -0.3348
vn 0.0000 -0.9496 -0.3134
vn 0.0124 0.9122 -0.4095
vn 0.0172 0.9357 -0.3524
vn -0.0233 0.7835 -0.6209
vn -0.0748 0.6680 -0.7403
vn 0.0010 0.9062 -0.4228
vn 0.0852 0.9196 -0.3836
vn 0.0836 0.9518 -0.2950
vn -0.0348 -0.9950 -0.0939
vn 0.0074 -0.9994 -0.0349
vn -0.0908 -0.9837 -0.1551
vn -0.0888 -0.9890 -0.1187
vn -0.0425 -0.9964 -0.0737
vn -0.0055 -0.9995 -0.0313
vn -0.0843 -0.9537 -0.2886
vn -0.1400 -0.9462 -0.2915
vn -0.0563 -0.9626 -0.2651
vn -0.0102 0.9513 -0.3079
vn -0.0324 0.9560 -0.2916
vn -0.0252 0.7786 -0.6269
vn 0.0124 0.9744 -0.2245
vn -0.0331 0.9783 -0.2042
vn 0.3315 -0.9307 0.1545
vn 0.7492 -0.5664 0.3434
vn 0.7043 -0.5611 0.4347
vn 0.3016 -0.9326 0.1982
vn 0.2290 0.9590 -0.1665
vn 0.1997 0.9644 -0.1730
vn 0.1324 0.9650 -0.2264
vn 0.1260 0.9551 -0.2680
vn 0.5836 0.8010 0.1330
vn 0.3516 0.9359 -0.0215
vn 0.3952 0.9172 0.0502
vn 0.6047 0.7620 0.2317
vn 0.9134 -0.1117 0.3914
vn 0.8571 -0.1189 0.5013
vn -0.3550 -0.8305 -0.4292
vn -0.3529 -0.8606 -0.3672
vn -0.1599 -0.9751 -0.1534
vn -0.1678 -0.9659 -0.1972
vn 0.2691 0.9577 -0.1017
vn 0.3146 0.9476 -0.0555
vn -0.0155 -0.9996 -0.0224
vn 0.0564 -0.9982 0.0201
vn 0.0554 -0.9980 0.0287
vn -0.0965 -0.9914 -0.0884
vn 0.8726 0.3597 0.3302
vn 0.8425 0.3050 0.4440
vn -0.6375 0.0229 -0.7701
vn -0.5959 -0.4406 -0.6714
vn -0.5576 -0.3989 -0.7280
vn -0.1734 -0.9511 -0.2556
vn -0.3040 -0.7991 -0.5187
vn -0.4000 -0.3781 -0.8349
vn 0.2342 -0.9722 -0.0001
vn -0.5054 -0.4646 -0.7271
vn -0.3085 -0.8663 -0.3927
vn -0.5239 -0.0126 -0.8517
vn -0.2944 -0.0049 -0.9556
vn -0.3100 -0.4595 -0.8323
vn -0.2570 -0.8510 -0.4579
vn 0.1693 0.9682 -0.1844
vn 0.1325 0.9676 -0.2148
vn 0.2322 0.9623 -0.1412
vn 0.2816 0.9232 -0.2615
vn 0.1971 0.9292 -0.3127
vn 0.1500 0.9221 -0.3565
vn 0.7822 -0.5998 0.1684
vn 0.9747 -0.1302 0.1817
vn 0.3472 -0.9350 0.0724
vn 0.3576 -0.9338 -0.0049
vn 0.7560 -0.6445 -0.1143
vn 0.9803 -0.1379 -0.1412
vn 0.3273 0.9405 -0.0915
vn 0.5669 0.8238 -0.0015
vn 0.5598 0.8242 -0.0851
vn 0.4215 0.8861 -0.1927
vn -0.1572 -0.9721 -0.1739
vn -0.0976 -0.9897 -0.1047
vn -0.1446 -0.9030 -0.4044
vn -0.0492 -0.9457 -0.3212
vn 0.0696 -0.9976 -0.0027
vn -0.0104 -0.9993 -0.0368
vn 0.0864 -0.9752 -0.2035
vn 0.2125 -0.9687 -0.1282
vn 0.0525 0.9627 -0.2655
vn 0.0243 0.9422 -0.3342
vn -0.0550 -0.9971 -0.0518
vn -0.1583 0.8926 -0.4221
vn -0.4986 0.5181 -0.6949
vn -0.1324 0.9650 -0.2264
vn -0.1997 0.9644 -0.1730
vn -0.2290 0.9590 -0.1665
vn -0.1260 0.9551 -0.2680
vn 0.2421 -0.5961 -0.7655
vn 0.3486 0.0164 -0.9371
vn 0.5446 -0.0206 -0.8384
vn 0.3942 -0.6316 -0.6676
vn 0.0231 -0.9655 -0.2595
vn 0.0931 -0.5601 -0.8231
vn 0.1772 0.0302 -0.9837
vn 0.3202 0.5851 -0.7450
vn 0.4842 0.5716 -0.6624
vn 0.1943 0.5755 -0.7944
vn -0.0673 -0.5102 -0.8574
vn -0.0113 0.0148 -0.9998
vn 0.7137 0.5025 -0.4880
vn 0.8879 0.4344 -0.1511
vn 0.8093 -0.0874 -0.5809
vn 0.5969 -0.6499 -0.4704
vn 0.0558 0.5266 -0.8483
vn 0.0846 0.8967 -0.4345
vn -0.1909 0.4716 -0.8609
vn -0.0314 0.8624 -0.5052
vn 0.0873 0.9621 -0.2584
vn -0.0878 0.8850 -0.4571
vn -0.0513 -0.9966 -0.0652
vn -0.4030 0.4814 -0.7783
vn 0.9096 0.3937 0.1324
vn -0.1506 0.0575 -0.9869
vn -0.2930 -0.7262 -0.6218
vn -0.1036 0.0322 -0.9941
vn -0.1755 -0.8512 -0.4945
vn -0.2521 -0.9648 0.0743
vn -0.2588 -0.9518 0.1647
vn -0.1792 -0.9832 0.0336
vn -0.1866 -0.9720 0.1422
vn 0.2076 -0.7243 -0.6575
vn 0.2906 -0.7268 -0.6223
vn 0.0000 -0.7199 -0.6941
vn -0.2628 -0.9459 0.1902
vn -0.1907 -0.9659 0.1751
vn -0.3484 -0.4144 -0.8407
vn -0.4223 -0.3635 -0.8304
vn -0.4888 -0.4725 -0.7333
vn -0.4246 -0.4941 -0.7586
vn 0.0000 -0.5292 -0.8485
vn 0.0000 -0.4707 -0.8823
vn 0.0000 -0.6080 -0.7939
vn -0.2926 -0.5415 -0.7881
vn -0.3798 -0.4660 -0.7991
vn 0.6588 -0.0173 0.7521
vn 0.4462 0.7220 0.5288
vn 0.5364 -0.6695 0.5138
vn 0.2715 0.6971 0.6636
vn 0.2792 0.6657 0.6920
vn 0.3627 0.7306 0.5785
vn -0.3763 0.9120 -0.1631
vn -0.3341 0.9304 -0.1507
vn -0.2644 0.9538 -0.1423
vn -0.5009 -0.8550 0.1343
vn -0.3752 -0.9123 0.1642
vn -0.0632 -0.4844 0.8725
vn 0.0000 -0.4916 0.8708
vn 0.0000 -0.9963 0.0858
vn 0.5538 -0.7802 -0.2909
vn 0.4249 -0.8937 -0.1440
vn 0.4624 -0.8625 -0.2054
vn -0.2464 -0.4868 -0.8380
vn -0.3309 -0.5117 -0.7928
vn -0.5770 -0.5233 -0.6270
vn 0.4327 0.7813 0.4498
vn 0.4136 0.8375 0.3570
vn -0.5008 0.8586 -0.1092
vn -0.4614 0.8719 -0.1637
vn -0.2074 0.9511 0.2286
vn 0.0078 0.9792 0.2028
vn -0.0052 1.0000 -0.0021
vn -0.2722 0.9621 -0.0160
vn -0.6415 0.7651 -0.0555
vn -0.5561 0.8038 0.2112
vn -0.2399 0.6014 0.7620
vn -0.0684 0.6467 0.7597
vn -0.8212 0.5589 0.1149
vn -0.8617 0.4899 -0.1318
vn -0.9405 0.3392 0.0156
vn -0.1438 -0.0926 0.9852
vn -0.0319 0.6595 0.7510
vn -0.1957 -0.1140 0.9740
vn -0.2470 -0.7914 0.5591
vn -0.1850 -0.7913 0.5828
vn 0.0000 -0.7969 0.6041
vn 0.0000 -0.0880 0.9961
vn 0.0000 0.6615 0.7499
vn -0.8111 -0.4387 -0.3868
vn -0.6538 -0.6303 -0.4186
vn -0.7464 -0.5176 -0.4183
vn -0.8509 -0.3464 -0.3949
vn -0.6424 -0.6876 -0.3385
vn -0.6397 -0.7015 -0.3142
vn -0.7670 0.4949 -0.4082
vn -0.6565 0.5620 -0.5031
vn -0.7962 0.5278 -0.2957
vn -0.8824 0.3081 -0.3554
vn -0.8211 0.3704 -0.4341
vn -0.6744 0.5397 -0.5038
vn -0.5267 0.6738 -0.5182
vn -0.4022 0.7851 -0.4708
vn -0.4890 0.7270 -0.4819
vn -0.3066 0.8700 -0.3862
vn 0.4103 0.8421 0.3501
vn -0.4918 0.8697 -0.0401
vn -0.1183 -0.9907 -0.0675
vn -0.1575 -0.9850 -0.0709
vn -0.1219 -0.9657 -0.2293
vn -0.0838 -0.9690 -0.2324
vn 0.0000 -0.9717 -0.2360
vn 0.0000 -0.9980 -0.0624
vn 0.4250 -0.9045 0.0342
vn 0.3303 -0.9413 -0.0693
vn 0.9116 -0.1760 0.3714
vn -0.0820 -0.9795 -0.1838
vn -0.1359 -0.9730 -0.1867
vn -0.1659 -0.9762 -0.1399
vn -0.0809 -0.9882 -0.1301
vn 0.0000 -0.9913 -0.1317
vn 0.0000 -0.9823 -0.1871
vn 0.1808 0.8358 0.5184
vn 0.1913 0.7682 0.6110
vn 0.3707 0.7833 0.4990
vn 0.1639 0.8943 0.4162
vn 0.0000 0.9083 0.4183
vn 0.0000 0.8513 0.5247
vn 0.0000 0.7839 0.6209
vn 0.1318 0.9678 0.2145
vn 0.1354 0.9557 0.2613
vn 0.2647 0.9407 0.2121
vn 0.1313 0.9729 0.1901
vn 0.0000 0.9818 0.1898
vn 0.0000 0.9762 0.2166
vn 0.0000 0.9649 0.2625
vn 0.1302 0.9760 0.1742
vn 0.1369 0.9798 0.1456
vn 0.0000 0.9882 0.1532
vn 0.0000 0.9847 0.1742
vn 0.1611 0.9758 0.1479
vn 0.1873 0.9498 0.2504
vn 0.0000 0.9666 0.2561
vn 0.0000 0.9869 0.1613
vn 0.1810 0.0838 0.9799
vn 0.1672 -0.1336 0.9768
vn 0.1845 0.3292 0.9261
vn 0.0000 0.3333 0.9428
vn 0.0000 0.0840 0.9965
vn 0.0000 -0.1382 0.9904
vn 0.3578 -0.9338 0.0023
vn 0.3740 -0.9272 -0.0186
vn 0.3140 -0.9197 0.2354
vn 0.4182 -0.8804 0.2236
vn 0.4117 -0.8594 0.3032
vn 0.4139 -0.8991 0.1422
vn 0.4202 -0.8155 0.3979
vn 0.3931 -0.9173 0.0633
vn -0.2125 -0.9751 -0.0635
vn -0.3563 -0.9327 -0.0556
vn -0.2992 -0.9252 -0.2331
vn -0.1750 -0.9567 -0.2324
vn -0.3156 -0.7786 0.5423
vn -0.2472 0.8805 -0.4044
vn 0.0000 0.9265 -0.3764
vn 0.0000 0.9994 -0.0352
vn -0.1155 0.9897 -0.0841
vn -0.1490 0.9497 -0.2753
vn 0.0000 0.9744 -0.2249
vn -0.3004 -0.1349 0.9442
vn 0.0575 0.9809 0.1858
vn 0.0000 0.9839 0.1783
vn 0.0000 1.0000 -0.0019
vn 0.0788 0.9969 -0.0005
vn 0.0874 -0.9948 0.0512
vn -0.3542 -0.4888 -0.7972
vn 0.2629 0.5942 0.7601
vn 0.0000 0.5381 0.8429
vn 0.0000 -0.3327 0.9430
vn 0.3763 -0.2865 0.8811
vn -0.3969 -0.3482 -0.8492
vn -0.4188 -0.3627 -0.8325
vn -0.3856 -0.4831 -0.7860
vn -0.4077 -0.5592 -0.7219
vn 0.0978 -0.3030 0.9479
vn 0.0000 -0.3135 0.9496
vn 0.3175 -0.6592 0.6816
vn 0.0000 -0.7032 0.7110
vn 0.7453 -0.5856 0.3187
vn 0.4570 -0.8891 -0.0252
vn 0.3011 -0.9403 0.1587
vn 0.9134 -0.1682 0.3705
vn 0.6495 -0.0905 0.7549
vn 0.5949 -0.2526 0.7631
vn 0.6342 0.0403 0.7721
vn 0.5828 0.1113 0.8049
vn 0.3162 0.7981 0.5129
vn 0.2131 0.6712 0.7100
vn 0.1607 0.7897 0.5921
vn 0.2414 0.8658 0.4382
vn 0.0840 -0.9131 0.3990
vn 0.0000 -0.9187 0.3949
vn 0.0000 -0.8728 0.4881
vn 0.0774 -0.8654 0.4950
vn 0.0891 -0.8483 0.5219
vn 0.1342 -0.8969 0.4214
vn 0.2233 -0.8511 0.4751
vn 0.1386 -0.8025 0.5804
vn 0.1796 0.8977 0.4023
vn 0.1337 0.8382 0.5286
vn 0.0000 0.8614 0.5078
vn 0.0000 0.9193 0.3935
vn 0.0707 0.7445 0.6638
vn 0.0552 0.6779 0.7331
vn -0.0533 0.4623 0.8851
vn -0.0028 0.5125 0.8587
vn 0.0000 0.5234 0.8521
vn 0.0000 0.7680 0.6405
vn 0.0079 0.6048 0.7963
vn 0.0000 0.6103 0.7921
vn -0.0363 0.6019 0.7977
vn 0.0858 -0.7541 0.6511
vn 0.0557 -0.7975 0.6006
vn 0.2512 -0.6409 0.7253
vn 0.0663 -0.8192 0.5696
vn 0.0000 -0.8310 0.5562
vn 0.0000 -0.7664 0.6423
vn 0.0514 -0.7493 0.6602
vn 0.0000 0.9269 -0.3753
vn 0.1192 0.9188 -0.3762
vn 0.8930 0.3600 -0.2700
vn 0.9750 -0.1372 -0.1744
vn 0.9999 0.0059 0.0123
vn 0.8819 0.4673 -0.0616
vn -0.4292 -0.8282 -0.3604
vn -0.3696 -0.8162 -0.4440
vn -0.3823 -0.8881 -0.2550
vn -0.4201 -0.8721 -0.2508
vn -0.6912 -0.6307 -0.3527
vn -0.6751 -0.6137 -0.4094
vn -0.6496 -0.5336 -0.5416
vn -0.4865 -0.6095 -0.6259
vn -0.2030 -0.7593 -0.6182
vn -0.3211 -0.7020 -0.6357
vn 0.0000 -0.8044 -0.5940
vn 0.0000 -0.9493 -0.3143
vn -0.1174 -0.9354 -0.3334
vn -0.2646 -0.8983 -0.3507
vn -0.3751 -0.7316 -0.5693
vn -0.3746 -0.8749 -0.3067
vn -0.5668 -0.8224 -0.0484
vn -0.8430 -0.5374 -0.0212
vn -0.4769 -0.8516 -0.2172
vn -0.9994 -0.0337 -0.0071
vn -0.4005 -0.8802 -0.2544
vn -0.3805 -0.8876 -0.2595
vn -0.6679 -0.6632 -0.3377
vn -0.3565 -0.9090 -0.2158
vn -0.3023 -0.9271 -0.2215
vn -0.1958 -0.9578 -0.2106
vn -0.2823 -0.9291 -0.2386
vn -0.2523 -0.9513 -0.1773
vn -0.5221 -0.3791 -0.7639
vn -0.7025 -0.3411 -0.6246
vn -0.8298 0.3957 -0.3934
vn -0.6480 0.6377 -0.4165
vn -0.8596 0.3641 -0.3585
vn -0.6615 0.6757 -0.3254
vn -0.4048 0.8404 -0.3604
vn -0.1738 0.9524 -0.2505
vn -0.3531 0.8987 -0.2601
vn -0.0845 0.9823 -0.1669
vn -0.0244 0.9895 -0.1421
vn 0.0000 0.9946 -0.1032
vn 0.0451 0.9946 -0.0936
vn 0.0000 0.9973 -0.0731
vn 0.0745 0.9959 -0.0512
vn 0.0000 0.9991 -0.0432
vn -0.0367 0.9953 -0.0894
vn -0.7864 0.5778 -0.2184
vn -0.8881 0.3489 -0.2992
vn -0.8754 0.3872 -0.2894
vn -0.6843 0.6907 -0.2337
vn -0.3268 0.9317 -0.1584
vn -0.6042 0.7900 -0.1040
vn -0.7027 0.7054 -0.0928
vn -0.7027 0.7114 0.0000
vn -0.6042 0.7968 0.0000
vn -0.4956 0.8685 0.0000
vn -0.4956 0.8611 -0.1133
vn -0.4956 0.8389 -0.2248
vn -0.6042 0.7697 -0.2062
vn -0.7027 0.6872 -0.1841
vn 0.1291 0.9831 -0.1294
vn 0.0000 0.9914 -0.1305
vn 0.0000 1.0000 0.0000
vn 0.1291 0.9916 0.0000
vn 0.2561 0.9666 0.0000
vn 0.2561 0.9584 -0.1262
vn 0.2561 0.9337 -0.2502
vn 0.1291 0.9578 -0.2566
vn 0.0000 0.9659 -0.2588
vn 0.7895 0.6084 -0.0801
vn 0.7027 0.7053 -0.0928
vn 0.7027 0.7114 0.0000
vn 0.7895 0.6137 0.0000
vn 0.8630 0.5052 0.0000
vn 0.8630 0.5009 -0.0659
vn 0.8630 0.4880 -0.1307
vn 0.7895 0.5928 -0.1588
vn 0.7027 0.6872 -0.1841
vn -0.7895 0.6084 -0.0801
vn -0.8630 0.5009 -0.0659
vn -0.8630 0.5052 0.0000
vn -0.7895 0.6137 0.0000
vn -0.7895 0.5928 -0.1588
vn -0.8630 0.4880 -0.1307
vn -0.1291 0.9831 -0.1294
vn -0.2561 0.9584 -0.1262
vn -0.2561 0.9666 0.0000
vn -0.1291 0.9916 0.0000
vn -0.1291 0.9578 -0.2566
vn -0.2561 0.9337 -0.2502
vn 0.6042 0.7900 -0.1040
vn 0.4956 0.8611 -0.1133
vn 0.4956 0.8685 0.0000
vn 0.6042 0.7968 0.0000
vn 0.6042 0.7697 -0.2062
vn 0.4957 0.8389 -0.2248
vn -0.9194 0.3898 -0.0513
vn -0.9595 0.2792 -0.0367
vn -0.9622 0.2724 0.0000
vn -0.9191 0.3939 0.0000
vn -0.9191 0.3805 -0.1019
vn -0.9622 0.2631 -0.0705
vn 0.9821 0.1867 -0.0246
vn 0.9595 0.2792 -0.0367
vn 0.9622 0.2724 0.0000
vn 0.9897 0.1429 0.0000
vn 1.0000 0.0000 0.0000
vn 0.9897 0.1380 -0.0370
vn 0.9622 0.2631 -0.0705
vn -0.3789 0.9175 -0.1208
vn -0.3789 0.9254 0.0000
vn -0.3789 0.8939 -0.2395
vn 0.3789 0.9175 -0.1208
vn 0.3789 0.9254 0.0000
vn 0.3789 0.8939 -0.2395
vn -0.9821 0.1867 -0.0246
vn -0.9897 0.1380 -0.0370
vn -1.0000 0.0000 0.0000
vn -0.9897 0.1428 0.0000
vn 0.9194 0.3898 -0.0513
vn 0.9191 0.3939 0.0000
vn 0.9191 0.3805 -0.1019
vn 0.6042 0.7362 -0.3049
vn 0.4957 0.8024 -0.3323
vn 0.7027 0.6573 -0.2723
vn 0.7027 0.6161 -0.3557
vn 0.6042 0.6901 -0.3984
vn 0.4956 0.7522 -0.4342
vn -0.9194 0.3633 -0.1505
vn -0.9595 0.2601 -0.1077
vn -0.8630 0.4668 -0.1933
vn -0.8630 0.4375 -0.2526
vn -0.9191 0.3412 -0.1970
vn -0.9622 0.2359 -0.1362
vn 0.9821 0.1740 -0.0721
vn 0.9595 0.2601 -0.1077
vn 0.9897 0.1237 -0.0714
vn 0.9622 0.2359 -0.1362
vn -0.3789 0.8549 -0.3541
vn -0.4956 0.8024 -0.3323
vn -0.2561 0.8931 -0.3699
vn -0.2561 0.8371 -0.4833
vn -0.3789 0.8014 -0.4627
vn -0.4956 0.7522 -0.4342
vn 0.3789 0.8549 -0.3541
vn 0.2561 0.8931 -0.3699
vn 0.3789 0.8014 -0.4627
vn 0.2561 0.8371 -0.4833
vn -0.9821 0.1740 -0.0721
vn -0.9897 0.1237 -0.0714
vn 0.9194 0.3633 -0.1505
vn 0.8630 0.4668 -0.1933
vn 0.9191 0.3412 -0.1970
vn 0.8630 0.4375 -0.2526
vn -0.6042 0.7362 -0.3049
vn -0.7027 0.6573 -0.2723
vn -0.6042 0.6901 -0.3984
vn -0.7027 0.6161 -0.3557
vn 0.1291 0.9161 -0.3795
vn 0.0000 0.9239 -0.3827
vn 0.1291 0.8588 -0.4958
vn 0.0000 0.8660 -0.5000
vn 0.7895 0.5670 -0.2348
vn 0.7895 0.5315 -0.3068
vn -0.7895 0.5670 -0.2348
vn -0.7895 0.5315 -0.3068
vn -0.1291 0.9161 -0.3795
vn -0.1291 0.8588 -0.4958
vn 0.1291 0.7867 -0.6037
vn 0.0000 0.7933 -0.6088
vn 0.2561 0.7669 -0.5885
vn 0.2561 0.6835 -0.6835
vn 0.1291 0.7012 -0.7012
vn 0.0000 0.7071 -0.7071
vn 0.7895 0.4869 -0.3736
vn 0.7027 0.5644 -0.4331
vn 0.8630 0.4008 -0.3075
vn 0.8630 0.3572 -0.3572
vn 0.7895 0.4339 -0.4339
vn 0.7027 0.5031 -0.5031
vn -0.7895 0.4869 -0.3736
vn -0.8630 0.4008 -0.3075
vn -0.7027 0.5644 -0.4331
vn -0.7027 0.5030 -0.5031
vn -0.7895 0.4339 -0.4339
vn -0.8630 0.3572 -0.3572
vn -0.1291 0.7867 -0.6037
vn -0.2561 0.7669 -0.5885
vn -0.1291 0.7012 -0.7012
vn -0.2561 0.6835 -0.6835
vn 0.6042 0.6322 -0.4851
vn 0.4956 0.6890 -0.5287
vn 0.6042 0.5634 -0.5634
vn 0.4956 0.6141 -0.6141
vn -0.9194 0.3119 -0.2394
vn -0.9595 0.2234 -0.1714
vn -0.9191 0.2785 -0.2785
vn -0.9622 0.1926 -0.1926
vn 0.9821 0.1494 -0.1147
vn 0.9595 0.2234 -0.1714
vn 0.9897 0.1010 -0.1010
vn 0.9622 0.1926 -0.1926
vn -0.3789 0.7342 -0.5633
vn -0.4956 0.6890 -0.5287
vn -0.3789 0.6543 -0.6543
vn -0.4956 0.6141 -0.6141
vn 0.3789 0.7342 -0.5633
vn 0.3789 0.6543 -0.6543
vn -0.9821 0.1494 -0.1147
vn -0.9897 0.1010 -0.1010
vn 0.9194 0.3119 -0.2394
vn 0.9191 0.2785 -0.2785
vn -0.6042 0.6322 -0.4851
vn -0.6042 0.5634 -0.5634
vn 0.3789 0.5633 -0.7342
vn 0.2561 0.5884 -0.7669
vn 0.4956 0.5287 -0.6890
vn 0.4956 0.4342 -0.7522
vn 0.3789 0.4627 -0.8014
vn 0.2561 0.4833 -0.8371
vn -0.9821 0.1147 -0.1494
vn -0.9897 0.0714 -0.1237
vn -0.9595 0.1714 -0.2234
vn -0.9622 0.1362 -0.2359
vn 0.9194 0.2394 -0.3119
vn 0.8630 0.3075 -0.4008
vn 0.9595 0.1714 -0.2234
vn 0.9622 0.1362 -0.2359
vn 0.9191 0.1970 -0.3412
vn 0.8630 0.2526 -0.4375
vn -0.6042 0.4851 -0.6322
vn -0.7027 0.4331 -0.5644
vn -0.4956 0.5287 -0.6890
vn -0.4956 0.4342 -0.7522
vn -0.6042 0.3984 -0.6901
vn -0.7027 0.3557 -0.6161
vn 0.1291 0.6037 -0.7867
vn 0.0000 0.6088 -0.7933
vn 0.1291 0.4958 -0.8588
vn 0.0000 0.5000 -0.8660
vn 0.7895 0.3736 -0.4869
vn 0.7027 0.4331 -0.5644
vn 0.7895 0.3068 -0.5315
vn 0.7027 0.3557 -0.6161
vn -0.7895 0.3736 -0.4869
vn -0.8630 0.3075 -0.4008
vn -0.7895 0.3068 -0.5315
vn -0.8630 0.2526 -0.4375
vn -0.1291 0.6037 -0.7867
vn -0.2561 0.5885 -0.7669
vn -0.1291 0.4958 -0.8588
vn -0.2561 0.4833 -0.8371
vn 0.6042 0.4851 -0.6322
vn 0.6042 0.3984 -0.6901
vn -0.9194 0.2394 -0.3119
vn -0.9191 0.1970 -0.3412
vn 0.9821 0.1147 -0.1494
vn 0.9897 0.0714 -0.1237
vn -0.3789 0.5633 -0.7342
vn -0.3789 0.4627 -0.8014
vn -0.1291 0.3795 -0.9161
vn -0.2561 0.3699 -0.8931
vn 0.0000 0.3827 -0.9239
vn 0.0000 0.2588 -0.9659
vn -0.1291 0.2566 -0.9578
vn -0.2561 0.2502 -0.9337
vn 0.6042 0.3049 -0.7362
vn 0.4956 0.3323 -0.8024
vn 0.7027 0.2723 -0.6573
vn 0.7027 0.1841 -0.6872
vn 0.6042 0.2062 -0.7697
vn 0.4957 0.2248 -0.8389
vn -0.9194 0.1505 -0.3633
vn -0.9595 0.1077 -0.2601
vn -0.8630 0.1933 -0.4668
vn -0.8630 0.1307 -0.4880
vn -0.9191 0.1019 -0.3805
vn -0.9622 0.0705 -0.2631
vn 0.9821 0.0721 -0.1740
vn 0.9595 0.1077 -0.2601
vn 0.9897 0.0370 -0.1380
vn 0.9622 0.0705 -0.2631
vn -0.3789 0.3541 -0.8549
vn -0.4956 0.3323 -0.8024
vn -0.3790 0.2395 -0.8939
vn -0.4956 0.2248 -0.8389
vn 0.3789 0.3541 -0.8549
vn 0.2561 0.3699 -0.8931
vn 0.3789 0.2395 -0.8939
vn 0.2561 0.2502 -0.9337
vn -0.9821 0.0721 -0.1740
vn -0.9897 0.0370 -0.1380
vn 0.9194 0.1505 -0.3633
vn 0.8630 0.1933 -0.4668
vn 0.9191 0.1019 -0.3805
vn 0.8630 0.1307 -0.4880
vn -0.6042 0.3049 -0.7362
vn -0.7027 0.2723 -0.6573
vn -0.6042 0.2062 -0.7697
vn -0.7027 0.1841 -0.6872
vn 0.1291 0.3795 -0.9161
vn 0.1291 0.2566 -0.9578
vn 0.7895 0.2348 -0.5670
vn 0.7895 0.1588 -0.5928
vn -0.7895 0.2348 -0.5670
vn -0.7895 0.1588 -0.5928
vn 0.1291 0.1294 -0.9831
vn 0.0000 0.1305 -0.9914
vn 0.2561 0.1262 -0.9584
vn 0.2561 0.0000 -0.9666
vn 0.1291 0.0000 -0.9916
vn 0.0000 0.0000 -1.0000
vn 0.7895 0.0801 -0.6084
vn 0.7027 0.0929 -0.7053
vn 0.8630 0.0659 -0.5009
vn 0.8630 0.0000 -0.5052
vn 0.7895 0.0000 -0.6137
vn 0.7027 0.0000 -0.7114
vn -0.7895 0.0801 -0.6084
vn -0.8630 0.0659 -0.5009
vn -0.7027 0.0929 -0.7054
vn -0.7027 0.0000 -0.7114
vn -0.7895 0.0000 -0.6137
vn -0.8630 0.0000 -0.5052
vn -0.1291 0.1294 -0.9831
vn -0.2561 0.1262 -0.9584
vn -0.1291 0.0000 -0.9916
vn -0.2561 0.0000 -0.9666
vn 0.6042 0.1040 -0.7900
vn 0.4956 0.1133 -0.8611
vn 0.6042 0.0000 -0.7968
vn 0.4956 0.0000 -0.8685
vn -0.9194 0.0513 -0.3898
vn -0.9595 0.0367 -0.2792
vn -0.9191 0.0000 -0.3939
vn -0.9622 0.0000 -0.2724
vn 0.9821 0.0246 -0.1867
vn 0.9595 0.0367 -0.2792
vn 0.9897 0.0000 -0.1429
vn 0.9622 0.0000 -0.2724
vn -0.3789 0.1208 -0.9175
vn -0.4956 0.1133 -0.8611
vn -0.3789 0.0000 -0.9254
vn -0.4956 0.0000 -0.8685
vn 0.3789 0.1208 -0.9175
vn 0.3789 0.0000 -0.9254
vn -0.9821 0.0246 -0.1867
vn -0.9897 0.0000 -0.1429
vn 0.9194 0.0513 -0.3898
vn 0.9191 0.0000 -0.3939
vn -0.6042 0.1040 -0.7900
vn -0.6042 0.0000 -0.7968
vn -0.3789 -0.1208 -0.9175
vn -0.4956 -0.1133 -0.8611
vn -0.2561 -0.1262 -0.9584
vn -0.2561 -0.2502 -0.9337
vn -0.3789 -0.2395 -0.8939
vn -0.4956 -0.2248 -0.8389
vn 0.3789 -0.1208 -0.9175
vn 0.2561 -0.1262 -0.9584
vn 0.4956 -0.1133 -0.8611
vn 0.4956 -0.2248 -0.8389
vn 0.3790 -0.2395 -0.8939
vn 0.2561 -0.2502 -0.9337
vn -0.9821 -0.0246 -0.1867
vn -0.9897 -0.0370 -0.1380
vn -0.9595 -0.0367 -0.2792
vn -0.9622 -0.0705 -0.2631
vn 0.9194 -0.0513 -0.3898
vn 0.8630 -0.0659 -0.5009
vn 0.9595 -0.0367 -0.2792
vn 0.9622 -0.0705 -0.2631
vn 0.9191 -0.1020 -0.3805
vn 0.8630 -0.1308 -0.4880
vn -0.6042 -0.1040 -0.7900
vn -0.7027 -0.0928 -0.7053
vn -0.6042 -0.2062 -0.7697
vn -0.7027 -0.1841 -0.6872
vn 0.1291 -0.1294 -0.9831
vn 0.0000 -0.1305 -0.9914
vn 0.1291 -0.2566 -0.9578
vn 0.0000 -0.2588 -0.9659
vn 0.7895 -0.0801 -0.6084
vn 0.7027 -0.0928 -0.7053
vn 0.7895 -0.1588 -0.5928
vn 0.7027 -0.1841 -0.6872
vn -0.7895 -0.0801 -0.6084
vn -0.8630 -0.0659 -0.5009
vn -0.7895 -0.1588 -0.5928
vn -0.8630 -0.1307 -0.4880
vn -0.1291 -0.1294 -0.9831
vn -0.1291 -0.2566 -0.9578
vn 0.6042 -0.1040 -0.7900
vn 0.6042 -0.2062 -0.7696
vn -0.9194 -0.0513 -0.3898
vn -0.9191 -0.1019 -0.3805
vn 0.9821 -0.0246 -0.1867
vn 0.9897 -0.0370 -0.1380
vn -0.1291 -0.3795 -0.9161
vn -0.2561 -0.3699 -0.8931
vn 0.0000 -0.3827 -0.9239
vn 0.0000 -0.5000 -0.8660
vn -0.1291 -0.4958 -0.8588
vn -0.2561 -0.4833 -0.8371
vn 0.6042 -0.3049 -0.7362
vn 0.4956 -0.3323 -0.8024
vn 0.7027 -0.2723 -0.6573
vn 0.7027 -0.3557 -0.6161
vn 0.6042 -0.3984 -0.6901
vn 0.4956 -0.4342 -0.7522
vn -0.9194 -0.1505 -0.3633
vn -0.9595 -0.1077 -0.2601
vn -0.8630 -0.1933 -0.4668
vn -0.8630 -0.2526 -0.4375
vn -0.9191 -0.1970 -0.3412
vn -0.9622 -0.1362 -0.2359
vn 0.9821 -0.0721 -0.1740
vn 0.9595 -0.1077 -0.2601
vn 0.9897 -0.0714 -0.1237
vn 0.9622 -0.1362 -0.2359
vn -0.3789 -0.3541 -0.8549
vn -0.4956 -0.3324 -0.8024
vn -0.3789 -0.4627 -0.8014
vn -0.4956 -0.4342 -0.7522
vn 0.3789 -0.3541 -0.8549
vn 0.2561 -0.3699 -0.8931
vn 0.3789 -0.4627 -0.8014
vn 0.2561 -0.4833 -0.8371
vn -0.9821 -0.0721 -0.1740
vn -0.9897 -0.0714 -0.1237
vn 0.9194 -0.1505 -0.3633
vn 0.8630 -0.1933 -0.4668
vn 0.9191 -0.1970 -0.3412
vn 0.8630 -0.2526 -0.4375
vn -0.6042 -0.3049 -0.7362
vn -0.7027 -0.2723 -0.6573
vn -0.6042 -0.3984 -0.6901
vn -0.7027 -0.3557 -0.6161
vn 0.1291 -0.3795 -0.9161
vn 0.1291 -0.4958 -0.8588
vn 0.7895 -0.2348 -0.5670
vn 0.7895 -0.3068 -0.5315
vn -0.7895 -0.2348 -0.5670
vn -0.7895 -0.3068 -0.5315
vn -0.6042 -0.4851 -0.6322
vn -0.7027 -0.4331 -0.5644
vn -0.4956 -0.5287 -0.6890
vn -0.4956 -0.6141 -0.6141
vn -0.6042 -0.5634 -0.5634
vn -0.7027 -0.5031 -0.5031
vn 0.1291 -0.6037 -0.7867
vn 0.0000 -0.6088 -0.7933
vn 0.2561 -0.5884 -0.7669
vn 0.2561 -0.6835 -0.6835
vn 0.1291 -0.7012 -0.7012
vn 0.0000 -0.7071 -0.7071
vn 0.7895 -0.3736 -0.4869
vn 0.7027 -0.4331 -0.5644
vn 0.8630 -0.3075 -0.4008
vn 0.8630 -0.3572 -0.3572
vn 0.7895 -0.4339 -0.4339
vn 0.7027 -0.5031 -0.5031
vn -0.7895 -0.3736 -0.4869
vn -0.8630 -0.3075 -0.4008
vn -0.7895 -0.4339 -0.4339
vn -0.8630 -0.3572 -0.3572
vn -0.1291 -0.6037 -0.7867
vn -0.2561 -0.5884 -0.7669
vn -0.1291 -0.7012 -0.7012
vn -0.2561 -0.6835 -0.6835
vn 0.6042 -0.4851 -0.6322
vn 0.4956 -0.5287 -0.6890
vn 0.6042 -0.5634 -0.5634
vn 0.4956 -0.6141 -0.6141
vn -0.9194 -0.2394 -0.3120
vn -0.9595 -0.1714 -0.2234
vn -0.9191 -0.2786 -0.2786
vn -0.9622 -0.1926 -0.1926
vn 0.9821 -0.1147 -0.1494
vn 0.9595 -0.1714 -0.2234
vn 0.9897 -0.1010 -0.1010
vn 0.9622 -0.1926 -0.1926
vn -0.3789 -0.5633 -0.7342
vn -0.3789 -0.6543 -0.6543
vn 0.3789 -0.5633 -0.7342
vn 0.3789 -0.6543 -0.6543
vn -0.9821 -0.1147 -0.1494
vn -0.9897 -0.1010 -0.1010
vn 0.9194 -0.2394 -0.3119
vn 0.9191 -0.2785 -0.2785
vn 0.9821 -0.1494 -0.1147
vn 0.9595 -0.2234 -0.1714
vn 0.9897 -0.1237 -0.0714
vn 0.9622 -0.2359 -0.1362
vn -0.3789 -0.7342 -0.5633
vn -0.4956 -0.6890 -0.5287
vn -0.2561 -0.7669 -0.5885
vn -0.2561 -0.8371 -0.4833
vn -0.3789 -0.8014 -0.4627
vn -0.4956 -0.7522 -0.4342
vn 0.3789 -0.7342 -0.5633
vn 0.2561 -0.7669 -0.5885
vn 0.4957 -0.6890 -0.5287
vn 0.4956 -0.7522 -0.4342
vn 0.3789 -0.8014 -0.4627
vn 0.2561 -0.8371 -0.4833
vn -0.9821 -0.1494 -0.1147
vn -0.9897 -0.1237 -0.0714
vn -0.9595 -0.2234 -0.1714
vn -0.9622 -0.2359 -0.1362
vn 0.9194 -0.3120 -0.2394
vn 0.8630 -0.4008 -0.3075
vn 0.9191 -0.3411 -0.1970
vn 0.8630 -0.4375 -0.2526
vn -0.6042 -0.6322 -0.4851
vn -0.7027 -0.5644 -0.4331
vn -0.6042 -0.6901 -0.3984
vn -0.7027 -0.6161 -0.3557
vn 0.1291 -0.7867 -0.6037
vn 0.0000 -0.7933 -0.6088
vn 0.1291 -0.8588 -0.4958
vn 0.0000 -0.8660 -0.5000
vn 0.7895 -0.4869 -0.3736
vn 0.7027 -0.5644 -0.4331
vn 0.7895 -0.5315 -0.3068
vn 0.7027 -0.6161 -0.3557
vn -0.7895 -0.4869 -0.3736
vn -0.8630 -0.4008 -0.3075
vn -0.7895 -0.5315 -0.3068
vn -0.8630 -0.4375 -0.2526
vn -0.1291 -0.7867 -0.6037
vn -0.1291 -0.8588 -0.4958
vn 0.6042 -0.6322 -0.4851
vn 0.6042 -0.6901 -0.3984
vn -0.9194 -0.3120 -0.2394
vn -0.9191 -0.3412 -0.1970
vn -0.7895 -0.5670 -0.2348
vn -0.8630 -0.4668 -0.1933
vn -0.7027 -0.6573 -0.2723
vn -0.7027 -0.6872 -0.1841
vn -0.7895 -0.5928 -0.1588
vn -0.8630 -0.4880 -0.1307
vn -0.1291 -0.9161 -0.3795
vn -0.2561 -0.8931 -0.3699
vn 0.0000 -0.9239 -0.3827
vn 0.0000 -0.9659 -0.2588
vn -0.1291 -0.9578 -0.2566
vn -0.2561 -0.9337 -0.2502
vn 0.6042 -0.7362 -0.3049
vn 0.4956 -0.8024 -0.3323
vn 0.7027 -0.6573 -0.2723
vn 0.7027 -0.6872 -0.1841
vn 0.6042 -0.7697 -0.2062
vn 0.4956 -0.8389 -0.2248
vn -0.9194 -0.3633 -0.1505
vn -0.9595 -0.2601 -0.1077
vn -0.9191 -0.3805 -0.1019
vn -0.9622 -0.2631 -0.0705
vn 0.9821 -0.1740 -0.0721
vn 0.9595 -0.2601 -0.1077
vn 0.9897 -0.1380 -0.0370
vn 0.9622 -0.2631 -0.0705
vn -0.3789 -0.8549 -0.3541
vn -0.4956 -0.8024 -0.3323
vn -0.3789 -0.8939 -0.2395
vn -0.4956 -0.8389 -0.2248
vn 0.3789 -0.8549 -0.3541
vn 0.2561 -0.8931 -0.3699
vn 0.3789 -0.8939 -0.2395
vn 0.2561 -0.9337 -0.2502
vn -0.9821 -0.1740 -0.0721
vn -0.9897 -0.1380 -0.0370
vn 0.9194 -0.3633 -0.1505
vn 0.8630 -0.4668 -0.1933
vn 0.9191 -0.3805 -0.1020
vn 0.8630 -0.4880 -0.1307
vn -0.6042 -0.7362 -0.3049
vn -0.6042 -0.7697 -0.2062
vn 0.1291 -0.9161 -0.3795
vn 0.1291 -0.9578 -0.2566
vn 0.7895 -0.5670 -0.2348
vn 0.7895 -0.5928 -0.1588
vn 0.9194 -0.3898 -0.0513
vn 0.8630 -0.5009 -0.0659
vn 0.9595 -0.2792 -0.0367
vn 0.9622 -0.2724 0.0000
vn 0.9191 -0.3939 0.0000
vn 0.8630 -0.5052 0.0000
vn -0.6042 -0.7900 -0.1040
vn -0.7027 -0.7053 -0.0928
vn -0.4956 -0.8611 -0.1133
vn -0.4956 -0.8685 0.0000
vn -0.6042 -0.7968 0.0000
vn -0.7027 -0.7114 0.0000
vn 0.1291 -0.9831 -0.1294
vn 0.0000 -0.9914 -0.1305
vn 0.2561 -0.9584 -0.1262
vn 0.2561 -0.9666 0.0000
vn 0.1291 -0.9916 0.0000
vn 0.0000 -1.0000 0.0000
vn 0.7895 -0.6084 -0.0801
vn 0.7027 -0.7053 -0.0928
vn 0.7895 -0.6137 0.0000
vn 0.7027 -0.7114 0.0000
vn -0.7895 -0.6084 -0.0801
vn -0.8630 -0.5009 -0.0659
vn -0.7895 -0.6137 0.0000
vn -0.8630 -0.5052 0.0000
vn -0.1291 -0.9831 -0.1294
vn -0.2561 -0.9584 -0.1262
vn -0.1291 -0.9916 0.0000
vn -0.2561 -0.9666 0.0000
vn 0.6042 -0.7900 -0.1040
vn 0.4956 -0.8611 -0.1133
vn 0.6042 -0.7968 0.0000
vn 0.4956 -0.8685 0.0000
vn -0.9194 -0.3898 -0.0513
vn -0.9595 -0.2792 -0.0367
vn -0.9191 -0.3939 0.0000
vn -0.9622 -0.2724 0.0000
vn 0.9821 -0.1867 -0.0246
vn 0.9897 -0.1429 0.0000
vn -0.3789 -0.9175 -0.1208
vn -0.3789 -0.9254 0.0000
vn 0.3789 -0.9175 -0.1208
vn 0.3789 -0.9254 0.0000
vn -0.9821 -0.1867 -0.0246
vn -0.9897 -0.1428 0.0000
vn -0.9194 -0.3898 0.0513
vn -0.9595 -0.2792 0.0367
vn -0.8630 -0.5009 0.0659
vn -0.8630 -0.4880 0.1307
vn -0.9191 -0.3805 0.1020
vn -0.9622 -0.2631 0.0705
vn 0.9821 -0.1867 0.0246
vn 0.9595 -0.2792 0.0367
vn 0.9897 -0.1380 0.0370
vn 0.9622 -0.2631 0.0705
vn -0.3789 -0.9175 0.1208
vn -0.4957 -0.8611 0.1133
vn -0.2561 -0.9584 0.1262
vn -0.2561 -0.9337 0.2502
vn -0.3789 -0.8939 0.2395
vn -0.4956 -0.8389 0.2248
vn 0.3789 -0.9175 0.1208
vn 0.2561 -0.9584 0.1262
vn 0.4956 -0.8611 0.1133
vn 0.4956 -0.8389 0.2248
vn 0.3789 -0.8939 0.2395
vn 0.2561 -0.9337 0.2502
vn -0.9821 -0.1867 0.0246
vn -0.9897 -0.1380 0.0370
vn 0.9194 -0.3898 0.0513
vn 0.8630 -0.5009 0.0659
vn 0.9191 -0.3805 0.1020
vn 0.8630 -0.4880 0.1307
vn -0.6042 -0.7900 0.1040
vn -0.7027 -0.7053 0.0928
vn -0.6042 -0.7697 0.2062
vn -0.7027 -0.6872 0.1841
vn 0.1291 -0.9831 0.1294
vn 0.0000 -0.9914 0.1305
vn 0.1291 -0.9578 0.2566
vn 0.0000 -0.9659 0.2588
vn 0.7895 -0.6084 0.0801
vn 0.7027 -0.7053 0.0928
vn 0.7895 -0.5928 0.1588
vn 0.7027 -0.6872 0.1841
vn -0.7895 -0.6084 0.0801
vn -0.7895 -0.5928 0.1588
vn -0.1291 -0.9831 0.1294
vn -0.1291 -0.9578 0.2566
vn 0.6042 -0.7900 0.1040
vn 0.6042 -0.7697 0.2062
vn 0.7895 -0.5670 0.2348
vn 0.7027 -0.6573 0.2723
vn 0.8630 -0.4668 0.1933
vn 0.8630 -0.4375 0.2526
vn 0.7895 -0.5315 0.3068
vn 0.7027 -0.6161 0.3557
vn -0.7895 -0.5670 0.2348
vn -0.8630 -0.4668 0.1933
vn -0.7027 -0.6573 0.2723
vn -0.7027 -0.6161 0.3557
vn -0.7895 -0.5315 0.3068
vn -0.8630 -0.4375 0.2526
vn -0.1291 -0.9161 0.3795
vn -0.2561 -0.8931 0.3699
vn 0.0000 -0.9239 0.3827
vn 0.0000 -0.8660 0.5000
vn -0.1291 -0.8588 0.4958
vn -0.2561 -0.8371 0.4833
vn 0.6042 -0.7362 0.3049
vn 0.4956 -0.8024 0.3323
vn 0.6042 -0.6901 0.3984
vn 0.4956 -0.7522 0.4342
vn -0.9194 -0.3633 0.1505
vn -0.9595 -0.2601 0.1077
vn -0.9191 -0.3412 0.1970
vn -0.9622 -0.2359 0.1362
vn 0.9821 -0.1740 0.0721
vn 0.9595 -0.2601 0.1077
vn 0.9897 -0.1237 0.0714
vn 0.9622 -0.2359 0.1362
vn -0.3789 -0.8549 0.3541
vn -0.4956 -0.8024 0.3323
vn -0.3789 -0.8014 0.4627
vn -0.4956 -0.7522 0.4342
vn 0.3789 -0.8549 0.3541
vn 0.2561 -0.8931 0.3699
vn 0.3789 -0.8014 0.4627
vn 0.2561 -0.8371 0.4833
vn -0.9821 -0.1740 0.0721
vn -0.9897 -0.1237 0.0714
vn 0.9194 -0.3633 0.1505
vn 0.9191 -0.3411 0.1970
vn -0.6042 -0.7362 0.3049
vn -0.6042 -0.6901 0.3984
vn 0.1291 -0.9161 0.3795
vn 0.1291 -0.8588 0.4958
vn -0.9821 -0.1494 0.1147
vn -0.9897 -0.1010 0.1010
vn -0.9595 -0.2234 0.1714
vn -0.9622 -0.1926 0.1926
vn 0.9194 -0.3119 0.2394
vn 0.8630 -0.4008 0.3075
vn 0.9595 -0.2234 0.1714
vn 0.9622 -0.1926 0.1926
vn 0.9191 -0.2785 0.2785
vn 0.8630 -0.3572 0.3572
vn -0.6042 -0.6322 0.4851
vn -0.7027 -0.5644 0.4331
vn -0.4956 -0.6890 0.5287
vn -0.4956 -0.6141 0.6141
vn -0.6042 -0.5634 0.5634
vn -0.7027 -0.5031 0.5031
vn 0.1291 -0.7867 0.6037
vn 0.0000 -0.7933 0.6088
vn 0.2561 -0.7669 0.5885
vn 0.2561 -0.6835 0.6835
vn 0.1291 -0.7012 0.7012
vn 0.0000 -0.7071 0.7071
vn 0.7895 -0.4869 0.3736
vn 0.7027 -0.5644 0.4331
vn 0.7895 -0.4339 0.4339
vn 0.7027 -0.5031 0.5031
vn -0.7895 -0.4869 0.3736
vn -0.8630 -0.4008 0.3076
vn -0.7895 -0.4339 0.4339
vn -0.8630 -0.3572 0.3572
vn -0.1291 -0.7867 0.6037
vn -0.2561 -0.7669 0.5885
vn -0.1291 -0.7012 0.7012
vn -0.2561 -0.6835 0.6835
vn 0.6042 -0.6322 0.4851
vn 0.4956 -0.6890 0.5287
vn 0.6042 -0.5634 0.5634
vn 0.4956 -0.6141 0.6141
vn -0.9194 -0.3119 0.2394
vn -0.9191 -0.2785 0.2785
vn 0.9821 -0.1494 0.1147
vn 0.9897 -0.1010 0.1010
vn -0.3790 -0.7342 0.5633
vn -0.3790 -0.6543 0.6543
vn 0.3789 -0.7342 0.5633
vn 0.3789 -0.6543 0.6543
vn 0.6042 -0.4851 0.6322
vn 0.4956 -0.5287 0.6890
vn 0.7027 -0.4331 0.5644
vn 0.7027 -0.3557 0.6161
vn 0.6042 -0.3984 0.6901
vn 0.4956 -0.4342 0.7522
vn -0.9194 -0.2394 0.3119
vn -0.9595 -0.1714 0.2234
vn -0.8630 -0.3076 0.4008
vn -0.8630 -0.2526 0.4375
vn -0.9191 -0.1970 0.3412
vn -0.9622 -0.1362 0.2359
vn 0.9821 -0.1147 0.1494
vn 0.9595 -0.1714 0.2234
vn 0.9897 -0.0714 0.1237
vn 0.9622 -0.1362 0.2359
vn -0.3789 -0.5633 0.7342
vn -0.4956 -0.5287 0.6890
vn -0.2561 -0.5885 0.7669
vn -0.2561 -0.4833 0.8371
vn -0.3789 -0.4627 0.8014
vn -0.4957 -0.4342 0.7521
vn 0.3789 -0.5633 0.7342
vn 0.2561 -0.5885 0.7669
vn 0.3789 -0.4627 0.8014
vn 0.2561 -0.4833 0.8371
vn -0.9821 -0.1147 0.1494
vn -0.9897 -0.0714 0.1237
vn 0.9194 -0.2394 0.3119
vn 0.8630 -0.3076 0.4008
vn 0.9191 -0.1970 0.3412
vn 0.8630 -0.2526 0.4375
vn -0.6042 -0.4851 0.6322
vn -0.7027 -0.4331 0.5644
vn -0.6042 -0.3984 0.6901
vn -0.7027 -0.3557 0.6161
vn 0.1291 -0.6037 0.7867
vn 0.0000 -0.6088 0.7933
vn 0.1291 -0.4958 0.8588
vn 0.0000 -0.5000 0.8660
vn 0.7895 -0.3736 0.4869
vn 0.7895 -0.3068 0.5315
vn -0.7895 -0.3736 0.4869
vn -0.7895 -0.3068 0.5315
vn -0.1291 -0.6037 0.7867
vn -0.1291 -0.4958 0.8588
vn 0.7895 -0.2348 0.5670
vn 0.7027 -0.2722 0.6573
vn 0.8630 -0.1933 0.4668
vn 0.8630 -0.1308 0.4880
vn 0.7895 -0.1588 0.5928
vn 0.7027 -0.1841 0.6872
vn -0.7895 -0.2348 0.5670
vn -0.8630 -0.1933 0.4668
vn -0.7027 -0.2723 0.6573
vn -0.7027 -0.1841 0.6872
vn -0.7895 -0.1588 0.5928
vn -0.8630 -0.1307 0.4880
vn -0.1291 -0.3795 0.9161
vn -0.2561 -0.3699 0.8931
vn 0.0000 -0.3827 0.9239
vn 0.0000 -0.2588 0.9659
vn -0.1291 -0.2566 0.9578
vn -0.2561 -0.2502 0.9337
vn 0.6042 -0.3049 0.7362
vn 0.4956 -0.3323 0.8024
vn 0.6042 -0.2062 0.7697
vn 0.4956 -0.2248 0.8389
vn -0.9194 -0.1505 0.3633
vn -0.9595 -0.1078 0.2601
vn -0.9191 -0.1019 0.3805
vn -0.9622 -0.0705 0.2631
vn 0.9821 -0.0721 0.1740
vn 0.9595 -0.1077 0.2601
vn 0.9897 -0.0370 0.1380
vn 0.9622 -0.0705 0.2631
vn -0.3789 -0.3541 0.8549
vn -0.4956 -0.3323 0.8024
vn -0.3789 -0.2395 0.8939
vn -0.4957 -0.2248 0.8389
vn 0.3789 -0.3541 0.8549
vn 0.2561 -0.3699 0.8931
vn 0.3790 -0.2395 0.8939
vn 0.2561 -0.2502 0.9337
vn -0.9821 -0.0721 0.1740
vn -0.9897 -0.0370 0.1380
vn 0.9194 -0.1505 0.3633
vn 0.9191 -0.1020 0.3805
vn -0.6042 -0.3049 0.7362
vn -0.6042 -0.2062 0.7696
vn 0.1291 -0.3795 0.9161
vn 0.1291 -0.2566 0.9578
vn 0.3790 -0.1208 0.9175
vn 0.2561 -0.1262 0.9584
vn 0.4957 -0.1133 0.8611
vn 0.4957 0.0000 0.8685
vn 0.3790 0.0000 0.9254
vn 0.2561 0.0000 0.9666
vn -0.9821 -0.0246 0.1867
vn -0.9897 0.0000 0.1429
vn -0.9595 -0.0367 0.2792
vn -0.9622 0.0000 0.2724
vn 0.9194 -0.0513 0.3898
vn 0.8630 -0.0659 0.5009
vn 0.9595 -0.0367 0.2792
vn 0.9622 0.0000 0.2724
vn 0.9191 0.0000 0.3939
vn 0.8630 0.0000 0.5052
vn -0.6042 -0.1040 0.7900
vn -0.7027 -0.0928 0.7054
vn -0.4956 -0.1133 0.8611
vn -0.4957 0.0000 0.8685
vn -0.6042 0.0000 0.7968
vn -0.7027 0.0000 0.7114
vn 0.1291 -0.1294 0.9831
vn 0.0000 -0.1305 0.9914
vn 0.1291 0.0000 0.9916
vn 0.0000 0.0000 1.0000
vn 0.7895 -0.0801 0.6084
vn 0.7027 -0.0928 0.7054
vn 0.7895 0.0000 0.6137
vn 0.7027 0.0000 0.7114
vn -0.7895 -0.0801 0.6084
vn -0.8630 -0.0660 0.5009
vn -0.7895 0.0000 0.6137
vn -0.8630 0.0000 0.5052
vn -0.1291 -0.1294 0.9831
vn -0.2561 -0.1262 0.9584
vn -0.1291 0.0000 0.9916
vn -0.2561 0.0000 0.9666
vn 0.6042 -0.1040 0.7900
vn 0.6042 0.0000 0.7968
vn -0.9194 -0.0513 0.3898
vn -0.9191 0.0000 0.3939
vn 0.9821 -0.0246 0.1867
vn 0.9897 0.0000 0.1429
vn -0.3789 -0.1208 0.9175
vn -0.3789 0.0000 0.9254
vn 0.6042 0.1040 0.7900
vn 0.4956 0.1133 0.8611
vn 0.7027 0.0928 0.7054
vn 0.7027 0.1841 0.6872
vn 0.6042 0.2062 0.7696
vn 0.4957 0.2248 0.8389
vn -0.9194 0.0513 0.3898
vn -0.9595 0.0367 0.2792
vn -0.8630 0.0660 0.5009
vn -0.8630 0.1308 0.4880
vn -0.9191 0.1020 0.3805
vn -0.9622 0.0705 0.2631
vn 0.9821 0.0246 0.1867
vn 0.9595 0.0367 0.2792
vn 0.9897 0.0370 0.1380
vn 0.9622 0.0705 0.2631
vn -0.3789 0.1208 0.9175
vn -0.4956 0.1133 0.8611
vn -0.2561 0.1262 0.9584
vn -0.2561 0.2502 0.9337
vn -0.3790 0.2395 0.8939
vn -0.4957 0.2248 0.8389
vn 0.3789 0.1208 0.9175
vn 0.2561 0.1262 0.9584
vn 0.3790 0.2395 0.8939
vn 0.2561 0.2502 0.9337
vn -0.9821 0.0246 0.1867
vn -0.9897 0.0370 0.1380
vn 0.9194 0.0513 0.3898
vn 0.8630 0.0659 0.5009
vn 0.9191 0.1020 0.3805
vn 0.8630 0.1308 0.4880
vn -0.6042 0.1040 0.7900
vn -0.7027 0.0928 0.7054
vn -0.6042 0.2062 0.7697
vn -0.7027 0.1841 0.6872
vn 0.1291 0.1294 0.9831
vn 0.0000 0.1305 0.9914
vn 0.1291 0.2566 0.9578
vn 0.0000 0.2588 0.9659
vn 0.7895 0.0801 0.6084
vn 0.7895 0.1588 0.5928
vn -0.7895 0.0801 0.6084
vn -0.7895 0.1588 0.5928
vn -0.1291 0.1294 0.9831
vn -0.1291 0.2566 0.9578
vn 0.1291 0.3795 0.9161
vn 0.0000 0.3827 0.9239
vn 0.2561 0.3699 0.8931
vn 0.2561 0.4833 0.8371
vn 0.1291 0.4958 0.8588
vn 0.0000 0.5000 0.8660
vn 0.7895 0.2348 0.5670
vn 0.7027 0.2723 0.6573
vn 0.8630 0.1933 0.4668
vn 0.8630 0.2526 0.4375
vn 0.7895 0.3068 0.5315
vn 0.7027 0.3557 0.6161
vn -0.7895 0.2348 0.5670
vn -0.8630 0.1933 0.4668
vn -0.7027 0.2722 0.6573
vn -0.7027 0.3557 0.6161
vn -0.7895 0.3068 0.5315
vn -0.8630 0.2526 0.4375
vn -0.1291 0.3795 0.9161
vn -0.2561 0.3699 0.8931
vn -0.1291 0.4958 0.8588
vn -0.2561 0.4833 0.8371
vn 0.6042 0.3049 0.7362
vn 0.4956 0.3323 0.8024
vn 0.6042 0.3984 0.6901
vn 0.4957 0.4342 0.7522
vn -0.9194 0.1505 0.3633
vn -0.9595 0.1077 0.2601
vn -0.9191 0.1970 0.3412
vn -0.9622 0.1362 0.2359
vn 0.9821 0.0721 0.1740
vn 0.9595 0.1077 0.2601
vn 0.9897 0.0714 0.1237
vn 0.9622 0.1362 0.2359
vn -0.3790 0.3541 0.8549
vn -0.4956 0.3323 0.8024
vn -0.3789 0.4627 0.8014
vn -0.4956 0.4342 0.7522
vn 0.3790 0.3541 0.8549
vn 0.3789 0.4627 0.8014
vn -0.9821 0.0721 0.1740
vn -0.9897 0.0714 0.1237
vn 0.9194 0.1505 0.3633
vn 0.9191 0.1970 0.3412
vn -0.6042 0.3049 0.7362
vn -0.6042 0.3984 0.6901
vn 0.3789 0.5633 0.7342
vn 0.2561 0.5885 0.7669
vn 0.4956 0.5287 0.6890
vn 0.4957 0.6141 0.6141
vn 0.3789 0.6543 0.6543
vn 0.2561 0.6835 0.6835
vn -0.9821 0.1147 0.1494
vn -0.9897 0.1010 0.1010
vn -0.9595 0.1714 0.2234
vn -0.9622 0.1926 0.1926
vn 0.9194 0.2394 0.3119
vn 0.8630 0.3075 0.4008
vn 0.9595 0.1714 0.2234
vn 0.9622 0.1926 0.1926
vn 0.9191 0.2785 0.2785
vn 0.8630 0.3572 0.3572
vn -0.6042 0.4851 0.6322
vn -0.7027 0.4331 0.5644
vn -0.4956 0.5287 0.6890
vn -0.4956 0.6141 0.6141
vn -0.6042 0.5634 0.5634
vn -0.7027 0.5031 0.5031
vn 0.1291 0.6037 0.7867
vn 0.0000 0.6088 0.7934
vn 0.1291 0.7012 0.7012
vn 0.0000 0.7071 0.7071
vn 0.7895 0.3736 0.4869
vn 0.7027 0.4331 0.5644
vn 0.7895 0.4339 0.4339
vn 0.7027 0.5031 0.5031
vn -0.7895 0.3736 0.4869
vn -0.8630 0.3075 0.4008
vn -0.7895 0.4339 0.4339
vn -0.8630 0.3572 0.3572
vn -0.1291 0.6037 0.7867
vn -0.2561 0.5884 0.7669
vn -0.1291 0.7012 0.7012
vn -0.2561 0.6835 0.6835
vn 0.6042 0.4851 0.6322
vn 0.6042 0.5634 0.5634
vn -0.9194 0.2394 0.3119
vn -0.9191 0.2785 0.2786
vn 0.9821 0.1147 0.1494
vn 0.9897 0.1010 0.1010
vn -0.3789 0.5633 0.7342
vn -0.3789 0.6543 0.6543
vn -0.1291 0.7867 0.6037
vn -0.2561 0.7669 0.5885
vn 0.0000 0.7933 0.6088
vn 0.0000 0.8660 0.5000
vn -0.1291 0.8588 0.4958
vn -0.2561 0.8371 0.4833
vn 0.6042 0.6322 0.4851
vn 0.4957 0.6890 0.5287
vn 0.7027 0.5644 0.4331
vn 0.7027 0.6161 0.3557
vn 0.6042 0.6901 0.3984
vn 0.4957 0.7522 0.4342
vn -0.9194 0.3119 0.2394
vn -0.9595 0.2234 0.1714
vn -0.8630 0.4008 0.3075
vn -0.8630 0.4375 0.2526
vn -0.9191 0.3412 0.1970
vn -0.9622 0.2359 0.1362
vn 0.9821 0.1494 0.1147
vn 0.9595 0.2234 0.1714
vn 0.9897 0.1237 0.0714
vn 0.9622 0.2359 0.1362
vn -0.3789 0.7342 0.5633
vn -0.4956 0.6890 0.5287
vn -0.3789 0.8014 0.4627
vn -0.4956 0.7522 0.4342
vn 0.3789 0.7342 0.5633
vn 0.2561 0.7669 0.5884
vn 0.3789 0.8014 0.4627
vn 0.2561 0.8371 0.4833
vn -0.9821 0.1494 0.1147
vn -0.9897 0.1237 0.0714
vn 0.9194 0.3119 0.2394
vn 0.8630 0.4008 0.3076
vn 0.9191 0.3412 0.1970
vn 0.8630 0.4375 0.2526
vn -0.6042 0.6322 0.4851
vn -0.7027 0.5644 0.4331
vn -0.6042 0.6901 0.3984
vn -0.7027 0.6161 0.3557
vn 0.1291 0.7867 0.6037
vn 0.1291 0.8588 0.4958
vn 0.7895 0.4869 0.3736
vn 0.7895 0.5315 0.3068
vn -0.7895 0.4869 0.3736
vn -0.7895 0.5315 0.3068
vn 0.1291 0.9161 0.3795
vn 0.0000 0.9239 0.3827
vn 0.2561 0.8931 0.3699
vn 0.2561 0.9337 0.2502
vn 0.1291 0.9578 0.2566
vn 0.0000 0.9659 0.2588
vn 0.7895 0.5670 0.2348
vn 0.7027 0.6573 0.2723
vn 0.8630 0.4668 0.1933
vn 0.8630 0.4880 0.1307
vn 0.7895 0.5928 0.1588
vn 0.7027 0.6872 0.1841
vn -0.7895 0.5670 0.2348
vn -0.8630 0.4668 0.1933
vn -0.7027 0.6573 0.2723
vn -0.7027 0.6872 0.1841
vn -0.7895 0.5928 0.1588
vn -0.8630 0.4880 0.1307
vn -0.1291 0.9161 0.3795
vn -0.2561 0.8931 0.3699
vn -0.1291 0.9578 0.2566
vn -0.2561 0.9337 0.2502
vn 0.6042 0.7362 0.3049
vn 0.4956 0.8024 0.3323
vn 0.6042 0.7697 0.2062
vn 0.4956 0.8389 0.2248
vn -0.9194 0.3633 0.1505
vn -0.9595 0.2601 0.1077
vn -0.9191 0.3805 0.1019
vn -0.9622 0.2631 0.0705
vn 0.9821 0.1740 0.0721
vn 0.9595 0.2601 0.1077
vn 0.9897 0.1380 0.0370
vn 0.9622 0.2631 0.0705
vn -0.3789 0.8549 0.3541
vn -0.4956 0.8024 0.3323
vn -0.3789 0.8939 0.2395
vn -0.4956 0.8389 0.2248
vn 0.3789 0.8549 0.3541
vn 0.3789 0.8939 0.2395
vn -0.9821 0.1740 0.0721
vn -0.9897 0.1380 0.0370
vn 0.9194 0.3633 0.1505
vn 0.9191 0.3805 0.1020
vn -0.6042 0.7362 0.3049
vn -0.6042 0.7697 0.2062
vn -0.3789 0.9175 0.1208
vn -0.4956 0.8611 0.1133
vn -0.2561 0.9584 0.1262
vn 0.3789 0.9175 0.1208
vn 0.2561 0.9584 0.1262
vn 0.4956 0.8611 0.1133
vn -0.9821 0.1867 0.0246
vn -0.9595 0.2792 0.0367
vn 0.9194 0.3898 0.0513
vn 0.8630 0.5009 0.0659
vn 0.9595 0.2792 0.0367
vn -0.6042 0.7900 0.1040
vn -0.7027 0.7053 0.0928
vn 0.1291 0.9831 0.1294
vn 0.0000 0.9914 0.1305
vn 0.7895 0.6084 0.0801
vn 0.7027 0.7054 0.0928
vn -0.7895 0.6084 0.0801
vn -0.8630 0.5009 0.0659
vn -0.1291 0.9831 0.1294
vn 0.6042 0.7900 0.1040
vn -0.9194 0.3898 0.0513
vn 0.9821 0.1867 0.0246
vn 0.8970 0.2602 0.3573
vn 0.9116 0.3041 0.2765
vn 0.8906 0.1954 0.4107
vn 0.9208 0.1755 0.3483
vn 0.9230 0.2159 0.3184
vn 0.9339 0.2355 0.2688
vn 0.8275 0.1153 0.5494
vn 0.7808 0.0934 0.6178
vn 0.8362 -0.0577 0.5454
vn 0.8646 0.0236 0.5018
vn 0.8787 0.0777 0.4708
vn 0.8600 0.1237 0.4949
vn 0.9196 0.3813 -0.0941
vn 0.9806 0.1959 -0.0028
vn 0.9757 0.1519 -0.1575
vn 0.8783 0.4137 -0.2397
vn 0.8112 0.5648 -0.1516
vn 0.8695 0.4904 -0.0594
vn 0.9097 0.4138 0.0340
vn 0.9394 0.3389 0.0519
vn 0.9633 0.2378 0.1247
vn 0.9884 -0.0214 0.1503
vn 0.9476 -0.1224 0.2950
vn 0.9359 -0.2413 0.2567
vn 0.9886 -0.1375 0.0619
vn 0.9711 0.0993 0.2168
vn 0.9455 0.0078 0.3254
vn 0.6525 0.1621 0.7402
vn 0.6070 0.4617 0.6467
vn 0.9015 0.3117 0.2999
vn 0.9091 0.2772 0.3108
vn 0.9315 0.2419 0.2715
vn 0.7772 -0.1079 0.6199
vn 0.1561 -0.5567 0.8159
vn -0.0279 -0.0827 0.9962
vn -0.1350 0.4634 0.8758
vn 0.9273 0.3014 0.2217
vn 0.9272 0.2880 0.2394
vn 0.9336 0.3112 0.1775
vn 0.9367 0.2265 0.2669
vn 0.9264 0.1497 0.3454
vn 0.9116 0.2944 0.2870
vn 0.9069 0.2334 0.3506
vn 0.8964 0.1389 0.4209
vn 0.8924 0.1387 0.4294
vn 0.9014 0.1871 0.3904
vn 0.9205 0.1552 0.3587
vn 0.8962 0.1319 0.4235
vn 0.9043 0.0220 0.4263
vn 0.8863 0.2088 0.4133
vn 0.9814 -0.1854 -0.0492
vn 0.9556 -0.2563 0.1454
vn 0.9899 0.0006 -0.1414
vn 0.5844 -0.2512 -0.7716
vn 0.5800 -0.6305 -0.5159
vn 0.5156 -0.8499 -0.1082
vn 0.9058 -0.0751 0.4169
vn 0.8940 -0.1873 0.4069
vn 0.9263 0.3212 0.1969
vn 0.8891 0.4359 0.1399
vn 0.9428 0.2344 0.2371
vn -0.3325 -0.9249 -0.1845
vn -0.2099 -0.9647 -0.1592
vn -0.4086 -0.8761 -0.2558
vn 0.1466 0.9335 0.3272
vn 0.0000 0.9450 0.3271
vn -0.0831 -0.9861 -0.1441
vn 0.0000 -0.9901 -0.1407
vn 0.2828 -0.9590 -0.0193
vn 0.2402 -0.9673 0.0815
vn -0.7901 -0.5027 -0.3507
vn -0.7874 -0.4940 -0.3686
vn -0.8704 -0.3161 -0.3774
vn -0.8645 -0.3030 -0.4009
vn 0.3630 0.9097 0.2014
vn 0.4725 0.8634 0.1768
vn 0.8434 0.5274 0.1027
vn 0.7624 0.6424 0.0781
vn 0.9438 -0.0410 0.3279
vn 0.9645 0.0087 0.2638
vn -0.8261 -0.3082 -0.4718
vn -0.7487 -0.5043 -0.4302
vn 0.1930 0.6063 0.7715
vn 0.0000 0.6168 0.7871
vn 0.2340 -0.9670 0.1008
vn 0.8663 -0.2571 0.4283
vn 0.9033 -0.1235 0.4109
vn 0.9168 -0.0081 0.3993
vn 0.8871 0.1921 0.4198
vn 0.8755 0.1922 0.4434
vn 0.7515 0.4677 0.4653
vn 0.5452 0.6839 0.4847
vn 0.6947 0.7142 0.0852
vn 0.7694 0.6139 -0.1764
vn 0.8080 0.5860 -0.0602
vn 0.7308 0.6700 0.1304
vn 0.6990 0.6314 0.3358
vn 0.6523 0.6753 0.3442
vn 0.8837 -0.2351 0.4047
vn 0.8180 -0.0887 0.5683
vn 0.8651 0.0313 0.5006
vn 0.9131 -0.0915 0.3974
vn 0.9503 -0.1436 0.2763
vn 0.9279 -0.2859 0.2392
vn 0.9831 -0.1813 0.0233
vn 0.9917 -0.0540 0.1163
vn 0.9751 0.2066 -0.0809
vn 0.9635 0.1398 -0.2282
vn 0.8440 0.4382 -0.3091
vn 0.8771 0.4488 -0.1709
vn 0.7571 0.0871 0.6475
vn 0.7241 0.2810 0.6298
vn 0.8136 0.2788 0.5102
vn 0.8285 0.1527 0.5388
vn 0.6769 0.5081 0.5326
vn 0.7567 0.4565 0.4680
vn 0.0822 -0.0461 0.9955
vn -0.0088 0.4867 0.8735
vn 0.2731 -0.5095 0.8159
vn 0.6824 -0.2096 0.7003
vn 0.6132 0.1345 0.7783
vn 0.4826 0.4727 0.7373
vn 0.6936 -0.5770 -0.4313
vn 0.6456 -0.7620 -0.0495
vn 0.6626 -0.2223 -0.7151
vn 0.9423 -0.0756 -0.3260
vn 0.9781 -0.1937 -0.0758
vn 0.9525 -0.2638 0.1519
vn 0.8848 -0.2694 0.3800
vn 0.3576 -0.8446 0.3983
vn 0.6690 0.7125 0.2112
vn 0.8219 0.5694 -0.0148
vn 0.6094 0.7120 0.3488
vn -0.0789 0.9820 0.1714
vn 0.0385 0.9857 -0.1636
vn 0.2514 0.7827 -0.5694
vn 0.9489 0.2670 -0.1681
vn 0.4760 0.2929 -0.8292
vn 0.5829 0.6592 0.4750
vn -0.1439 0.8480 0.5101
vn 0.9450 0.2313 0.2311
vn 0.6978 0.6938 0.1778
vn 0.6540 0.6763 0.3389
vn 0.9233 0.2377 0.3017
vn 0.9136 0.3054 -0.2682
vn 0.7454 0.6516 -0.1404
vn 0.8956 0.2434 0.3724
vn 0.5972 0.6369 0.4876
vn 0.8642 -0.2678 0.4259
vn 0.5041 -0.7614 0.4076
vn 0.1979 0.9776 -0.0719
vn 0.3752 0.7867 -0.4901
vn 0.0983 0.9693 0.2252
vn 0.5680 0.3084 -0.7630
vn 0.0292 0.8524 0.5220
vn 0.7189 0.5381 0.4399
vn 0.6367 0.6999 0.3234
vn 0.8180 0.3341 0.4683
vn 0.8697 0.1854 0.4573
vn 0.8934 0.0764 0.4426
vn 0.8989 0.4369 0.0333
vn 0.9652 0.2402 0.1029
vn 0.7863 0.6154 0.0544
vn 0.9784 0.0454 0.2017
vn 0.9523 -0.0349 0.3031
vn 0.9246 -0.0149 0.3807
vn 0.6607 0.7356 0.1493
vn 0.6348 0.7537 -0.1703
vn 0.5122 0.8587 -0.0170
vn 0.4297 0.9006 0.0647
vn 0.3295 0.9438 -0.0235
vn 0.6674 0.7212 0.1853
vn 0.2323 0.9615 -0.1471
vn 0.1215 0.9524 -0.2797
vn 0.0260 0.9255 -0.3777
vn 0.0166 0.9286 -0.3707
vn 0.1794 0.8849 -0.4299
vn 0.1644 0.9287 -0.3324
vn 0.0389 0.9653 -0.2581
vn -0.0327 0.9715 -0.2346
vn 0.0064 0.9217 -0.3879
vn 0.7512 -0.6460 -0.1350
vn 0.8834 -0.4675 -0.0317
vn 0.1334 0.9627 -0.2353
vn 0.0970 0.4984 0.8615
vn 0.0074 0.2689 0.9631
vn 0.3827 0.1722 0.9077
vn 0.2333 0.3365 0.9123
vn 0.4642 -0.2672 0.8444
vn 0.3680 0.0184 0.9296
vn 0.4161 -0.2627 0.8705
vn 0.2677 0.0107 0.9634
vn 0.9177 -0.3915 0.0668
vn 0.4603 -0.4400 0.7710
vn 0.2360 -0.6006 0.7639
vn 0.9509 -0.2568 0.1728
vn 0.9723 -0.2291 -0.0468
vn 0.4913 -0.8504 -0.1880
vn 0.9977 -0.0561 -0.0389
vn 0.9624 -0.2243 -0.1529
vn 0.0620 -0.9976 0.0308
vn 0.1105 -0.9935 -0.0277
vn -0.0602 -0.9505 -0.3047
vn -0.0752 -0.9458 -0.3158
vn 0.0000 -0.9536 -0.3010
vn 0.2156 -0.9601 -0.1778
vn 0.1055 -0.9798 -0.1697
vn 0.0510 -0.9711 -0.2330
vn 0.0052 -0.9514 -0.3077
vn 0.5483 -0.2742 0.7900
vn 0.9236 0.2140 0.3180
vn 0.1569 0.9630 -0.2190
vn -0.0446 -0.9441 -0.3265
vn -0.0343 -0.9757 -0.2164
vn -0.0484 -0.9572 -0.2854
vn -0.0281 0.9720 -0.2333
vn 0.0000 0.9724 -0.2333
vn 0.0000 0.9785 -0.2064
vn -0.0276 0.9783 -0.2053
vn -0.0168 0.9563 -0.2918
vn 0.0000 0.9575 -0.2882
vn 0.0460 -0.9958 -0.0796
vn 0.0293 -0.9912 -0.1288
vn 0.1412 0.9698 0.1988
vn 0.1498 0.9883 -0.0296
vn 0.4410 -0.6687 -0.5986
vn -0.0090 -0.9976 0.0682
vn 0.5282 0.0810 -0.8452
vn -0.0278 0.9563 -0.2910
vn 0.0000 0.9565 -0.2916
vn 0.0817 -0.9299 -0.3586
vn -0.0076 -0.9540 -0.2996
vn 0.2389 -0.8454 -0.4777
vn -0.0476 -0.9664 -0.2524
vn -0.0588 -0.9770 -0.2051
vn 0.4424 -0.5664 -0.6953
vn 0.5607 -0.1415 -0.8158
vn 0.5262 0.3563 -0.7721
vn 0.0278 0.9363 -0.3500
vn 0.0000 0.9357 -0.3526
vn 0.0000 0.9322 -0.3620
vn 0.0577 0.9334 -0.3542
vn 0.0117 0.9315 -0.3634
vn 0.0000 0.9309 -0.3652
vn -0.0416 -0.9991 -0.0016
vn -0.0350 -0.8365 -0.5469
vn -0.0540 -0.9921 0.1129
vn -0.0657 -0.9869 0.1469
vn 0.4299 0.4269 -0.7956
vn -0.0022 -0.9887 -0.1499
vn 0.1202 0.8945 -0.4305
vn 0.0000 0.9025 -0.4307
vn 0.1187 0.8990 -0.4214
vn 0.0000 0.9050 -0.4254
vn -0.0335 0.0524 -0.9980
vn 0.0965 0.9181 -0.3844
vn 0.0000 0.9192 -0.3939
vn 0.0520 -0.9910 0.1229
vn 0.0535 -0.9963 0.0666
vn 0.1358 0.9113 0.3886
vn 0.1140 0.8637 0.4909
vn -0.0565 -0.9808 -0.1866
vn 0.0517 -0.9986 -0.0089
vn 0.0350 0.9329 -0.3585
vn 0.0000 0.9365 -0.3507
vn 0.0039 0.9122 -0.4097
vn 0.0000 0.9113 -0.4118
vn -0.9747 0.2225 -0.0190
vn -0.9509 0.2674 0.1559
vn -0.8842 0.4384 0.1609
vn -0.9191 0.3924 -0.0362
vn 0.0390 -0.8676 0.4957
vn 0.0000 -0.8762 0.4819
vn 0.0447 0.5144 0.8563
vn -0.8298 0.4436 0.3386
vn -0.9071 0.2880 0.3069
vn -0.8753 0.2997 0.3796
vn -0.8012 0.4151 0.4309
vn -0.6182 0.6172 0.4866
vn -0.6461 0.6586 0.3858
vn -0.7091 0.6827 0.1763
vn -0.7577 0.6505 -0.0521
vn -0.9957 -0.0807 -0.0446
vn -0.9560 -0.0073 -0.2933
vn -0.9317 0.2485 -0.2648
vn -0.9982 0.0419 -0.0423
vn -0.3447 0.8439 -0.4110
vn -0.3696 0.8144 -0.4473
vn -0.2330 0.8717 -0.4311
vn -0.2153 0.8975 -0.3848
vn -0.2053 0.9098 -0.3606
vn -0.3309 0.8510 -0.4077
vn -0.5154 0.6695 -0.5349
vn -0.5205 0.6967 -0.4937
vn -0.5362 0.6867 -0.4907
vn 0.0739 0.8797 -0.4697
vn -0.0383 0.8813 -0.4709
vn -0.1217 0.7780 -0.6164
vn 0.1472 0.7768 -0.6123
vn 0.1555 0.8572 -0.4909
vn 0.0641 0.8892 -0.4530
vn 0.0413 0.9098 -0.4128
vn 0.0479 0.9095 -0.4128
vn -0.0095 0.9085 -0.4177
vn -0.6442 0.4771 -0.5977
vn -0.6717 0.5030 -0.5439
vn -0.6290 0.4028 -0.6649
vn -0.6430 0.1711 -0.7465
vn -0.6827 0.2524 -0.6857
vn -0.7405 0.2988 -0.6020
vn -0.9992 -0.0362 -0.0127
vn -0.8504 0.5083 -0.1357
vn -0.9849 -0.0234 -0.1716
vn -0.9802 0.0657 -0.1866
vn -0.8621 0.4602 0.2121
vn -0.9525 0.2785 0.1229
vn -0.4484 0.8926 -0.0457
vn -0.5239 0.8149 0.2477
vn -0.8329 0.4064 0.3755
vn -0.9683 -0.1734 -0.1799
vn -0.9624 0.1868 -0.1972
vn -0.9066 0.3677 -0.2071
vn -0.7490 0.6235 -0.2242
vn -0.2306 -0.9695 -0.0836
vn -0.2630 -0.9647 -0.0130
vn -0.4031 -0.9150 -0.0155
vn -0.3629 -0.9278 -0.0863
vn -0.5708 -0.8208 -0.0219
vn -0.5361 -0.8369 -0.1103
vn -0.2640 -0.9627 0.0596
vn -0.4040 -0.9132 0.0533
vn -0.3945 -0.9131 0.1031
vn -0.2551 -0.9603 0.1126
vn -0.2649 -0.9411 0.2099
vn -0.4288 -0.8790 0.2087
vn -0.5481 -0.8202 0.1640
vn -0.5646 -0.8175 0.1135
vn -0.5706 -0.8195 0.0531
vn -0.1169 0.9691 -0.2174
vn -0.1152 0.9930 -0.0254
vn -0.1213 0.9923 -0.0225
vn -0.1223 0.9688 -0.2154
vn -0.2062 -0.9613 -0.1827
vn -0.1333 -0.9764 -0.1697
vn -0.1667 -0.9770 -0.1332
vn -0.2806 -0.9483 -0.1480
vn -0.4291 -0.8796 -0.2051
vn -0.2713 -0.9292 -0.2508
vn -0.1556 -0.9634 -0.2181
vn -0.2508 0.9532 -0.1689
vn -0.4533 0.7841 -0.4238
vn -0.2488 0.2286 -0.9412
vn -0.1290 0.9460 -0.2972
vn -0.1151 0.9549 -0.2738
vn -0.2287 0.9630 -0.1426
vn -0.3451 0.9378 -0.0382
vn -0.3888 0.9154 -0.1044
vn -0.5885 0.7342 -0.3385
vn -0.7774 0.1782 0.6031
vn -0.6549 0.1507 0.7405
vn -0.6925 0.0550 0.7193
vn -0.7938 0.0494 0.6062
vn -0.9338 0.0142 0.3574
vn -0.9223 0.1723 0.3458
vn -0.8618 0.3702 0.3467
vn -0.7186 0.3002 0.6272
vn -0.5945 0.1961 0.7798
vn -0.0279 -0.9995 -0.0098
vn -0.0229 -0.9964 -0.0813
vn -0.0294 -0.9974 0.0659
vn -0.0372 -0.9992 -0.0092
vn -0.0308 -0.9963 -0.0803
vn -0.1227 0.8961 -0.4265
vn -0.0928 0.9260 -0.3660
vn -0.0244 0.9326 -0.3600
vn -0.0179 0.9133 -0.4068
vn -0.0909 0.8020 -0.5904
vn -0.2730 0.7505 -0.6019
vn -0.4775 0.6561 -0.5843
vn -0.2923 0.8395 -0.4581
vn -0.2173 0.8965 -0.3860
vn -0.1687 0.8954 -0.4121
vn -0.0793 0.9405 -0.3302
vn 0.0147 0.9534 -0.3013
vn -0.0596 0.9238 -0.3782
vn -0.2355 0.8071 -0.5414
vn -0.3384 0.7573 -0.5585
vn -0.5045 0.6603 -0.5563
vn -0.3666 0.8087 -0.4600
vn -0.2534 0.8833 -0.3944
vn -0.1139 0.9736 0.1978
vn -0.1188 0.9723 0.2011
vn -0.0392 -0.9970 0.0662
vn -0.4740 0.8594 0.1917
vn -0.5161 0.8549 -0.0523
vn 0.0443 -0.9813 -0.1873
vn 0.0504 -0.9629 -0.2652
vn 0.0628 -0.9589 -0.2765
vn 0.0557 -0.9806 -0.1878
vn 0.0540 -0.9770 -0.2063
vn 0.0438 -0.9774 -0.2067
vn -0.1072 0.9145 0.3901
vn -0.1058 0.9170 0.3847
vn -0.0683 0.8639 0.4990
vn -0.0778 0.8532 0.5157
vn -0.0293 -0.9917 0.1250
vn -0.0378 -0.9915 0.1243
vn -0.0304 -0.9800 0.1965
vn -0.0323 -0.9802 0.1952
vn -0.7830 -0.1089 0.6124
vn -0.6962 -0.0910 0.7121
vn -0.6528 -0.2646 0.7098
vn -0.7516 -0.2719 0.6009
vn -0.8919 -0.3012 0.3373
vn -0.9203 -0.1539 0.3595
vn -0.1404 -0.9828 0.1197
vn -0.1413 -0.9878 0.0648
vn -0.0841 -0.9942 0.0665
vn -0.0849 -0.9889 0.1216
vn -0.0890 -0.9785 0.1862
vn -0.1519 -0.9685 0.1972
vn -0.4302 0.8062 0.4060
vn -0.4217 0.7552 0.5017
vn -0.2663 0.8260 0.4967
vn -0.2698 0.8748 0.4023
vn -0.2887 0.9361 0.2011
vn -0.7461 0.0682 0.6624
vn -0.5234 -0.3583 0.7731
vn -0.2116 -0.6332 0.7445
vn -0.5231 0.0225 0.8520
vn 0.0578 -0.9875 -0.1463
vn 0.0042 -0.9807 -0.1954
vn -0.0292 -0.9956 -0.0888
vn 0.0412 -0.9926 -0.1144
vn 0.0955 -0.9787 -0.1816
vn 0.0915 -0.9763 -0.1958
vn 0.0761 -0.9763 -0.2027
vn 0.0630 -0.9827 -0.1743
vn 0.0284 -0.9632 -0.2672
vn -0.3162 0.9479 -0.0387
vn -0.1400 -0.9901 -0.0103
vn -0.0823 -0.9966 -0.0091
vn -0.1276 -0.9884 -0.0822
vn -0.0769 -0.9938 -0.0805
vn -0.1968 -0.8527 -0.4838
vn 0.0022 -0.9196 -0.3927
vn 0.0933 -0.8327 -0.5458
vn -0.2469 -0.7335 -0.6333
vn -0.4741 -0.6335 -0.6114
vn -0.4291 -0.7071 -0.5620
vn -0.3496 -0.7858 -0.5101
vn -0.1452 -0.9032 -0.4039
vn -0.0105 -0.9447 -0.3278
vn -0.5399 -0.6758 -0.5017
vn 0.1233 -0.9898 0.0709
vn 0.1339 -0.9893 0.0578
vn -0.4822 -0.6890 -0.5410
vn -0.7065 0.1301 -0.6956
vn -0.7438 0.1397 -0.6536
vn -0.7119 0.1238 -0.6912
vn -0.5276 -0.6848 -0.5026
vn 0.0778 -0.9945 0.0704
vn -0.7506 -0.6432 0.1511
vn -0.9766 -0.0999 0.1905
vn -0.6380 0.3028 0.7080
vn -0.7181 -0.5662 0.4047
vn -0.3589 -0.8970 0.2579
vn -0.4359 -0.8978 0.0620
vn -0.7644 -0.6320 -0.1271
vn -0.8313 -0.5537 0.0481
vn -0.9759 -0.2070 0.0695
vn -0.5186 0.8234 -0.2301
vn -0.3262 0.9179 -0.2258
vn -0.8406 -0.5244 -0.1351
vn -0.9598 -0.2784 -0.0357
vn -0.9028 -0.4277 -0.0443
vn -0.8770 -0.4618 -0.1325
vn -0.0555 -0.8438 0.5337
vn -0.0636 -0.6853 0.7255
vn -0.2312 -0.4831 0.8444
vn -0.1505 -0.7581 0.6345
vn -0.0452 -0.9810 0.1885
vn -0.0300 -0.8592 0.5108
vn -0.0362 -0.7240 0.6888
vn -0.4435 0.4673 -0.7648
vn -0.0197 0.5266 -0.8498
vn -0.4271 0.6491 -0.6294
vn -0.6003 0.5408 -0.5892
vn -0.6678 0.3604 -0.6512
vn -0.7038 -0.0262 -0.7098
vn -0.4960 0.0240 -0.8680
vn 0.0234 0.0825 -0.9963
vn -0.1087 0.9246 -0.3649
vn -0.1139 0.9033 -0.4136
vn -0.1038 0.9053 -0.4118
vn -0.0898 0.9266 -0.3650
vn -0.0639 0.9386 -0.3389
vn -0.1031 0.9350 -0.3394
vn -0.7078 0.3154 -0.6320
vn -0.6799 0.3124 -0.6634
vn -0.5727 0.5811 -0.5782
vn -0.5853 0.5687 -0.5779
vn -0.6498 0.3594 -0.6698
vn -0.5547 0.4722 -0.6851
vn -0.5992 0.0370 -0.7997
vn -0.2364 0.0291 -0.9712
vn -0.2633 0.4769 -0.8386
vn -0.2512 0.8106 -0.5290
vn -0.3517 0.8363 -0.4206
vn 0.0212 0.0179 -0.9996
vn 0.0133 0.0439 -0.9989
vn -0.0273 -0.8431 -0.5371
vn -0.0149 -0.8568 -0.5154
vn 0.0336 0.7797 -0.6252
vn 0.0353 0.7812 -0.6233
vn -0.6565 0.2539 -0.7102
vn -0.7427 0.3574 -0.5663
vn -0.5963 -0.0042 -0.8027
vn -0.9279 -0.3695 -0.0505
vn -0.9265 -0.3492 -0.1403
vn -0.2986 -0.1393 0.9442
vn -0.5752 -0.0824 0.8138
vn -0.5491 0.0264 0.8353
vn -0.1629 0.0352 0.9860
vn 0.4103 0.0517 0.9105
vn 0.2270 -0.2907 0.9295
vn -0.1870 -0.2982 0.9360
vn -0.4046 -0.1296 0.9052
vn -0.5347 -0.1760 0.8265
vn -0.4570 -0.8891 -0.0252
vn -0.8190 -0.5738 -0.0061
vn -0.5372 0.5130 0.6695
vn -0.5529 0.6324 0.5426
vn -0.7521 0.4374 0.4929
vn -0.7142 0.3618 0.5991
vn -0.6395 0.2434 0.7292
vn -0.5157 0.2914 0.8057
vn -0.3663 0.3148 0.8756
vn -0.3773 0.5723 0.7280
vn -0.3790 0.7202 0.5811
vn 0.7731 -0.1014 0.6261
vn 0.9474 -0.0493 0.3160
vn 0.9192 0.2824 0.2742
vn 0.8054 0.3753 0.4587
vn 0.5537 0.5057 0.6616
vn 0.5443 -0.1360 0.8278
vn 0.4941 -0.7199 0.4874
vn 0.7006 -0.6019 0.3832
vn 0.8601 -0.4486 0.2428
vn -0.1831 -0.9378 0.2948
vn -0.1447 -0.9632 0.2264
vn -0.2489 -0.8413 0.4798
vn -0.3804 -0.7795 0.4977
vn -0.2991 -0.8927 0.3370
vn -0.2569 -0.9319 0.2558
vn -0.6618 -0.4757 0.5795
vn -0.5394 -0.4696 0.6988
vn -0.3296 -0.6776 0.6574
vn -0.4451 -0.7126 0.5422
vn -0.5803 -0.7674 0.2726
vn -0.8132 -0.4949 0.3061
vn -0.5820 -0.2854 0.7614
vn -0.3065 0.5153 0.8003
vn -0.8949 -0.1729 0.4113
vn -0.3318 -0.3893 0.8592
vn -0.2082 0.4029 0.8912
vn -0.6256 0.4453 0.6405
vn -0.5148 0.2472 0.8209
vn -0.7343 0.5914 0.3331
vn -0.5582 0.7748 0.2968
vn -0.4824 0.6364 0.6018
vn -0.3756 0.4334 0.8192
vn -0.5427 -0.5300 0.6515
vn -0.6607 -0.4331 0.6131
vn -0.5846 -0.5905 0.5563
vn -0.4728 -0.7044 0.5293
vn -0.4579 -0.5941 0.6613
vn -0.5061 -0.2111 0.8362
vn -0.5712 -0.1460 0.8077
vn -0.6983 -0.0734 0.7120
vn -0.5199 -0.2231 0.8246
vn -0.7260 -0.2093 0.6550
vn -0.7465 -0.3637 0.5571
vn -0.4640 -0.4089 0.7858
vn -0.0895 -0.4483 0.8893
vn -0.2803 -0.2639 0.9229
vn -0.3565 -0.1158 0.9271
vn -0.5329 -0.1014 0.8401
vn -0.7189 -0.0966 0.6884
vn -0.5192 0.0756 0.8513
vn -0.6914 0.0805 0.7179
vn -0.3650 0.0816 0.9274
vn -0.4326 -0.0135 0.9015
vn -0.3399 -0.2943 0.8932
vn -0.4644 -0.0353 0.8849
vn -0.5187 0.0761 0.8515
vn -0.2737 0.1954 0.9417
vn -0.2117 -0.1754 0.9615
vn -0.7787 -0.3207 0.5392
vn -0.8619 -0.2482 0.4421
vn -0.6918 -0.6099 0.3864
vn -0.6291 -0.6095 0.4824
vn -0.8147 0.0134 0.5796
vn -0.8777 0.0866 0.4712
vn -0.8323 0.1224 0.5405
vn -0.8828 0.1700 0.4378
vn -0.9089 -0.0357 0.4154
vn -0.8576 -0.0732 0.5090
vn -0.8445 -0.1909 0.5003
vn -0.8882 -0.1556 0.4322
vn -0.8542 -0.2924 0.4298
vn -0.8367 -0.3342 0.4339
vn -0.9744 0.0746 0.2119
vn -0.9836 0.1074 0.1446
vn -0.9900 0.0045 0.1411
vn -0.9764 0.0049 0.2158
vn -0.9322 -0.0911 0.3501
vn -0.9619 0.0273 0.2720
vn -0.9626 0.1740 0.2073
vn -0.9512 0.2368 0.1979
vn -0.9452 0.3009 0.1263
vn -0.8615 0.4751 0.1789
vn -0.8309 0.5477 0.0979
vn -0.8850 0.4367 0.1614
vn -0.6539 0.7426 0.1447
vn -0.6577 0.7324 0.1759
vn -0.6286 0.7721 0.0934
vn -0.9301 -0.3259 0.1696
vn -0.9206 -0.3864 0.0564
vn -0.6967 -0.7172 0.0130
vn -0.7252 -0.6782 0.1193
vn -0.7384 -0.6410 0.2094
vn -0.9228 -0.2747 0.2702
vn -0.9268 -0.0299 0.3745
vn -0.9651 -0.1752 0.1945
vn -0.9720 -0.2163 0.0912
vn -0.0930 -0.9955 0.0191
vn -0.0863 -0.9959 -0.0256
vn -0.1095 -0.9899 0.0902
vn -0.2273 -0.9677 0.1086
vn -0.2058 -0.9780 0.0339
vn -0.1963 -0.9802 -0.0256
vn -0.9747 -0.0865 0.2059
vn -0.9870 -0.1072 0.1196
vn -0.9348 -0.0927 0.3429
vn -0.3988 0.8988 0.1817
vn -0.3886 0.9142 0.1147
vn -0.3900 0.9025 0.1825
vn -0.2583 0.9464 0.1936
vn -0.2455 0.9528 0.1785
vn -0.2384 0.9621 0.1324
vn -0.9280 -0.1022 0.3583
vn -0.9337 -0.0887 0.3467
vn -0.9142 -0.2125 0.3451
vn -0.9156 -0.2172 0.3385
vn -0.8950 -0.2298 0.3823
vn -0.9157 -0.1076 0.3871
vn -0.9127 -0.0048 0.4084
vn -0.9286 -0.0666 0.3651
vn -0.9463 -0.0550 0.3185
vn -0.8126 0.3611 0.4573
vn -0.7305 0.4506 0.5132
vn -0.7359 0.5932 0.3262
vn -0.8302 0.4692 0.3009
vn -0.8759 0.3877 0.2870
vn -0.8572 0.3119 0.4098
vn -0.8470 0.2171 0.4851
vn -0.8077 0.2333 0.5414
vn -0.7483 0.2608 0.6099
vn -0.9056 -0.2373 0.3515
vn -0.7304 -0.6172 0.2924
vn -0.9089 0.0880 0.4076
vn -0.1259 -0.9761 0.1768
vn -0.2429 -0.9504 0.1942
vn 0.9936 0.0257 0.1100
vn 0.6559 0.1713 0.7352
vn 0.4521 0.8668 0.2105
vn 0.8168 0.5744 -0.0537
vn 0.9263 0.3439 -0.1537
vn 0.9947 -0.0277 -0.0988
vn 0.7889 -0.5899 -0.1721
vn 0.8557 -0.4889 -0.1695
vn 0.6166 -0.7848 0.0616
vn -0.4411 0.8113 0.3837
vn -0.3749 0.8823 0.2846
vn -0.4616 0.8304 0.3119
vn -0.5615 0.7042 0.4345
vn -0.7190 0.5040 0.4786
vn -0.5087 0.7374 0.4442
vn -0.3472 0.8413 0.4142
vn -0.3117 0.8885 0.3366
vn -0.2795 0.9227 0.2655
vn -0.3777 0.9208 0.0967
vn -0.3686 0.8906 0.2664
vn -0.5904 0.8038 0.0737
vn -0.2528 0.9595 0.1242
vn -0.2705 0.9296 0.2502
vn -0.9792 -0.1529 0.1332
vn -0.9549 -0.2799 0.0989
vn -0.9884 -0.0053 0.1513
vn -0.0880 -0.9961 0.0092
vn -0.0882 -0.9760 0.1991
vn -0.1964 -0.9805 0.0033
vn -0.1785 -0.9615 0.2088
vn -0.8867 -0.4585 0.0584
vn -0.6535 -0.7566 0.0204
vn -0.7858 0.6121 0.0878
vn -0.9235 0.3632 0.1233
vn -0.9792 0.1398 0.1471
vn -0.1254 -0.4710 0.8732
vn 0.2037 -0.4226 0.8831
vn 0.2633 0.0341 0.9641
vn -0.1252 0.0162 0.9920
vn -0.3459 -0.5720 0.7437
vn -0.2315 -0.8863 0.4012
vn -0.1465 -0.8211 0.5517
vn 0.1933 0.5968 -0.7787
vn -0.0321 0.5012 -0.8647
vn 0.0362 -0.7917 0.6098
vn 0.0401 0.0419 -0.9983
vn -0.1455 0.5283 0.8365
vn -0.1845 0.8777 0.4423
vn -0.2409 0.9246 0.2951
vn -0.3585 0.6163 0.7011
vn 0.2974 0.0747 -0.9518
vn -0.1892 0.9443 -0.2691
vn -0.1393 0.9843 -0.1079
vn -0.2147 0.9729 -0.0860
vn 0.1854 -0.5570 -0.8095
vn -0.0401 -0.4919 -0.8697
vn -0.1441 0.9851 -0.0939
vn -0.2149 -0.9763 -0.0260
vn -0.2102 -0.9776 -0.0118
vn -0.1852 -0.9726 0.1406
vn -0.1937 -0.9752 0.1066
vn -0.1723 0.9845 0.0328
vn -0.2068 0.9726 0.1058
vn -0.1452 -0.9878 -0.0564
vn -0.1527 -0.9874 0.0404
vn -0.1797 -0.8982 -0.4011
vn -0.2514 -0.8836 -0.3949
vn -0.2600 0.1555 0.9530
vn -0.5181 0.0825 0.8513
vn -0.3792 -0.0092 0.9252
vn -0.2296 0.4147 0.8805
vn 0.2623 0.3547 0.8974
vn -0.0448 0.9983 0.0383
vn -0.4751 0.6644 0.5768
vn -0.0462 0.9888 -0.1419
vn -0.1030 0.9890 0.1059
vn 0.0475 0.8791 0.4742
vn 0.1823 0.8762 0.4462
vn 0.4657 0.4760 0.7460
vn 0.2153 0.5109 0.8322
vn 0.5358 0.0485 0.8430
vn 0.4273 -0.3818 0.8195
vn 0.1398 -0.7684 0.6245
vn -0.1252 -0.9362 0.3282
vn -0.2250 -0.8042 0.5501
vn -0.1262 -0.9454 0.3003
vn -0.1950 -0.9691 0.1505
vn -0.2846 0.3693 0.8846
vn -0.3068 0.2232 0.9252
vn -0.3708 0.0211 0.9285
vn -0.2855 -0.4207 0.8610
vn -0.3249 -0.4028 0.8556
vn -0.1859 -0.5610 0.8067
vn 0.0099 0.9844 -0.1755
vn -0.0439 0.9949 -0.0910
vn 0.3142 -0.6523 -0.6898
vn 0.4424 0.1045 -0.8907
vn -0.0903 0.9959 -0.0075
vn -0.0485 -0.9974 -0.0522
vn -0.0752 -0.9971 0.0062
vn -0.4118 0.0127 0.9112
vn -0.5826 0.0177 0.8125
vn -0.4116 -0.7102 0.5711
vn -0.1067 -0.9914 0.0758
vn -0.1637 -0.9748 0.1514
vn -0.2041 -0.9469 0.2483
vn -0.1677 -0.9537 0.2494
vn -0.4081 0.7459 0.5264
vn 0.1051 0.9404 -0.3233
vn -0.2535 -0.4694 -0.8458
vn -0.0456 -0.9355 -0.3503
vn -0.1861 0.9691 0.1620
vn -0.1489 0.9827 0.1096
vn -0.4108 0.8118 0.4148
vn -0.6797 0.0174 0.7332
vn 0.0575 -0.9682 -0.2434
vn 0.0837 -0.9802 -0.1792
vn 0.3413 -0.7129 -0.6126
vn 0.4882 0.1212 -0.8642
vn -0.0091 0.9977 -0.0664
vn -0.0530 0.9985 -0.0078
vn -0.4233 -0.7799 0.4610
vn -0.1726 -0.9684 0.1797
vn 0.2918 0.7169 -0.6331
vn -0.0500 0.9987 -0.0091
vn -0.0048 0.9980 -0.0629
vn -0.0632 0.9915 -0.1133
vn -0.1238 0.9912 -0.0467
vn -0.1647 0.9840 0.0670
vn -0.1512 0.9843 0.0914
vn -0.4757 -0.7764 0.4133
vn -0.7591 0.0317 0.6501
vn -0.9208 0.0849 0.3807
vn -0.6815 -0.6939 0.2324
vn -0.1933 -0.9717 0.1359
vn -0.1794 -0.9712 0.1569
vn 0.2935 0.7753 -0.5592
vn 0.2966 0.7824 -0.5476
vn 0.4715 0.1017 -0.8759
vn 0.2118 -0.0014 -0.9773
vn 0.1203 0.6804 -0.7228
vn 0.0971 0.9637 -0.2484
vn 0.1123 0.9646 -0.2386
vn 0.1130 0.9623 -0.2474
vn 0.0390 0.9917 -0.1225
vn 0.0356 0.9910 -0.1292
vn -0.0033 0.9813 -0.1925
vn -0.0713 -0.9958 0.0571
vn -0.0365 -0.9993 0.0099
vn -0.0084 -0.9995 -0.0318
vn -0.3374 0.5838 -0.7384
vn -0.4090 -0.0847 -0.9086
vn -0.7347 -0.0252 -0.6778
vn -0.5623 0.6235 -0.5431
vn -0.6866 0.6293 -0.3641
vn -0.9560 0.1008 -0.2754
vn -0.5943 0.7863 0.1690
vn -0.7482 -0.6089 -0.2634
vn -0.5576 -0.6645 -0.4975
vn -0.0785 -0.9963 -0.0340
vn -0.1440 -0.9892 0.0269
vn -0.3977 -0.6490 -0.6485
vn 0.1160 -0.7204 -0.6838
vn 0.0617 -0.9828 -0.1738
vn -0.0334 -0.9944 -0.1005
vn 0.3292 -0.7211 -0.6096
vn 0.0825 -0.9820 -0.1698
vn -0.4467 0.8196 0.3588
vn -0.0711 -0.9961 0.0526
vn -0.0323 -0.9994 0.0101
vn -0.0026 -0.9995 -0.0305
vn -0.8449 0.1113 -0.5232
vn -0.9169 -0.1182 -0.3812
vn -0.8989 0.2013 -0.3892
vn -0.8090 0.2667 -0.5238
vn -0.8087 0.4263 -0.4052
vn -0.9311 -0.0114 -0.3646
vn -0.1234 0.8935 -0.4317
vn -0.1423 0.9147 -0.3783
vn -0.1106 0.9197 -0.3765
vn -0.1068 0.8972 -0.4284
vn -0.2568 0.8567 -0.4473
vn -0.2951 0.8731 -0.3881
vn -0.0897 -0.9840 -0.1539
vn -0.1048 -0.9858 -0.1312
vn -0.0856 -0.9755 -0.2026
vn -0.0271 -0.9772 -0.2105
vn -0.0479 -0.9877 -0.1487
vn -0.0649 -0.9895 -0.1287
vn 0.0238 -0.9849 -0.1716
vn -0.0070 -0.9901 -0.1402
vn -0.0104 -0.9909 -0.1340
vn 0.0295 -0.9868 -0.1592
vn 0.0685 -0.9732 -0.2193
vn 0.0539 -0.9727 -0.2259
vn 0.2718 0.5191 -0.8103
vn 0.3779 0.1062 -0.9197
vn 0.5774 0.0860 -0.8119
vn 0.4331 0.5443 -0.7184
vn -0.7290 0.4633 -0.5039
vn -0.8307 0.3958 -0.3915
vn -0.6750 0.6217 -0.3973
vn -0.5806 0.6529 -0.4864
vn -0.5864 -0.4255 -0.6892
vn -0.9286 -0.2698 -0.2545
vn -0.3977 -0.8630 -0.3115
vn -0.4042 0.7899 -0.4611
vn -0.4651 0.7930 -0.3935
vn -0.1689 0.4682 -0.8673
vn -0.2531 0.4596 -0.8513
vn -0.0532 0.8066 -0.5886
vn -0.2441 0.0553 -0.9681
vn -0.3534 0.0546 -0.9339
vn -0.3955 0.7893 -0.4697
vn -0.3784 0.8077 -0.4521
vn -0.0055 -0.9913 0.1316
vn -0.0100 -0.9948 0.1014
vn -0.0116 -0.9948 0.1013
vn -0.0042 -0.9914 0.1307
vn -0.0338 -0.9971 0.0684
vn -0.0279 -0.9972 0.0695
vn -0.4734 -0.5389 -0.6967
vn -0.6524 0.1272 -0.7471
vn 0.1313 -0.9901 -0.0505
vn -0.0206 -0.9998 -0.0043
vn -0.0277 -0.9996 -0.0079
vn -0.3439 0.8324 -0.4345
vn -0.2083 0.9053 -0.3700
vn -0.5295 0.6212 -0.5776
vn -0.6364 0.3366 -0.6940
vn -0.0989 0.9318 -0.3492
vn -0.0404 0.9378 -0.3446
vn -0.3292 0.3981 -0.8562
vn -0.4563 0.3812 -0.8040
vn -0.1653 0.8323 -0.5291
vn -0.3597 -0.2044 -0.9104
vn -0.4950 -0.1741 -0.8512
vn -0.2630 -0.6462 -0.7164
vn -0.3676 -0.6131 -0.6993
vn -0.1151 -0.8926 -0.4358
vn -0.1692 -0.8761 -0.4514
vn -0.6110 -0.4495 -0.6516
vn -0.6133 -0.4200 -0.6689
vn -0.7012 -0.0584 -0.7106
vn -0.6498 -0.0990 -0.7536
vn -0.5457 -0.5061 -0.6678
vn -0.6837 0.3216 -0.6550
vn -0.5977 0.5681 -0.5656
vn -0.6300 0.3243 -0.7056
vn 0.0419 -0.9682 -0.2466
vn 0.0497 -0.9674 -0.2483
vn 0.0250 -0.9578 -0.2863
vn 0.0253 -0.9601 -0.2784
vn -0.4651 0.7120 -0.5260
vn -0.3016 0.8157 -0.4936
vn -0.3858 -0.4480 -0.8065
vn 0.0822 -0.4393 -0.8945
vn -0.0224 -0.9473 -0.3194
vn -0.0419 -0.9413 -0.3348
vn -0.0124 0.9122 -0.4095
vn 0.0748 0.6680 -0.7403
vn 0.0233 0.7835 -0.6209
vn -0.0172 0.9357 -0.3524
vn -0.0836 0.9518 -0.2950
vn -0.0852 0.9196 -0.3836
vn -0.0010 0.9062 -0.4228
vn 0.0348 -0.9950 -0.0939
vn -0.0074 -0.9994 -0.0349
vn 0.0055 -0.9995 -0.0313
vn 0.0425 -0.9964 -0.0737
vn 0.0888 -0.9890 -0.1187
vn 0.0908 -0.9837 -0.1551
vn 0.0843 -0.9537 -0.2886
vn 0.1400 -0.9462 -0.2915
vn 0.0563 -0.9626 -0.2651
vn 0.0102 0.9513 -0.3079
vn 0.0252 0.7786 -0.6269
vn 0.0324 0.9560 -0.2916
vn 0.0331 0.9783 -0.2042
vn -0.0124 0.9744 -0.2245
vn -0.2691 0.9577 -0.1017
vn -0.3146 0.9476 -0.0555
vn -0.8571 -0.1189 0.5013
vn -0.9134 -0.1117 0.3914
vn -0.7492 -0.5664 0.3434
vn -0.7043 -0.5611 0.4347
vn -0.3315 -0.9307 0.1545
vn -0.3016 -0.9326 0.1982
vn -0.3516 0.9359 -0.0215
vn -0.3952 0.9172 0.0502
vn -0.5836 0.8010 0.1330
vn -0.6047 0.7620 0.2317
vn 0.0965 -0.9914 -0.0884
vn 0.1599 -0.9751 -0.1534
vn 0.1678 -0.9659 -0.1972
vn 0.3550 -0.8305 -0.4292
vn 0.3529 -0.8606 -0.3672
vn -0.0564 -0.9982 0.0201
vn -0.0554 -0.9980 0.0287
vn 0.0155 -0.9996 -0.0224
vn -0.8726 0.3597 0.3302
vn -0.8425 0.3050 0.4440
vn 0.5959 -0.4406 -0.6714
vn 0.5576 -0.3989 -0.7280
vn 0.1734 -0.9511 -0.2556
vn 0.3040 -0.7991 -0.5187
vn 0.4000 -0.3781 -0.8349
vn -0.2342 -0.9722 -0.0001
vn 0.5054 -0.4646 -0.7271
vn 0.3085 -0.8663 -0.3928
vn 0.2570 -0.8510 -0.4579
vn 0.3100 -0.4595 -0.8323
vn 0.2944 -0.0049 -0.9556
vn 0.5239 -0.0126 -0.8517
vn 0.6375 0.0229 -0.7701
vn -0.1693 0.9682 -0.1844
vn -0.1325 0.9676 -0.2148
vn -0.1500 0.9221 -0.3565
vn -0.1971 0.9292 -0.3127
vn -0.2816 0.9232 -0.2615
vn -0.2322 0.9623 -0.1412
vn -0.7822 -0.5998 0.1684
vn -0.9747 -0.1302 0.1817
vn -0.9803 -0.1379 -0.1412
vn -0.7560 -0.6445 -0.1143
vn -0.3576 -0.9338 -0.0049
vn -0.3472 -0.9350 0.0724
vn -0.3273 0.9405 -0.0915
vn -0.4215 0.8861 -0.1927
vn -0.5598 0.8242 -0.0851
vn -0.5669 0.8238 -0.0015
vn 0.1572 -0.9721 -0.1739
vn 0.0976 -0.9897 -0.1047
vn 0.0492 -0.9457 -0.3212
vn 0.1446 -0.9030 -0.4044
vn -0.0696 -0.9976 -0.0027
vn -0.2125 -0.9687 -0.1282
vn -0.0864 -0.9752 -0.2035
vn 0.0104 -0.9993 -0.0368
vn 0.1583 0.8926 -0.4221
vn -0.0525 0.9627 -0.2655
vn -0.0243 0.9422 -0.3342
vn 0.0550 -0.9971 -0.0518
vn 0.4986 0.5181 -0.6949
vn -0.2421 -0.5961 -0.7655
vn -0.3942 -0.6316 -0.6676
vn -0.5446 -0.0206 -0.8384
vn -0.3486 0.0164 -0.9371
vn -0.1772 0.0302 -0.9837
vn -0.0931 -0.5601 -0.8231
vn -0.0231 -0.9655 -0.2595
vn -0.3202 0.5851 -0.7450
vn -0.4842 0.5716 -0.6624
vn -0.1943 0.5755 -0.7944
vn 0.0673 -0.5102 -0.8574
vn 0.0113 0.0148 -0.9998
vn -0.7137 0.5025 -0.4880
vn -0.8879 0.4344 -0.1511
vn -0.8093 -0.0874 -0.5809
vn -0.5969 -0.6499 -0.4704
vn -0.0558 0.5266 -0.8483
vn -0.0846 0.8967 -0.4345
vn 0.0314 0.8624 -0.5052
vn 0.1909 0.4716 -0.8609
vn -0.0873 0.9621 -0.2584
vn 0.0878 0.8850 -0.4571
vn 0.0513 -0.9966 -0.0652
vn 0.4030 0.4814 -0.7783
vn -0.9096 0.3937 0.1324
vn 0.1506 0.0575 -0.9869
vn 0.2930 -0.7262 -0.6218
vn 0.1755 -0.8512 -0.4945
vn 0.1036 0.0322 -0.9941
vn 0.2521 -0.9648 0.0743
vn 0.2588 -0.9518 0.1647
vn 0.1866 -0.9720 0.1422
vn 0.1792 -0.9832 0.0336
vn -0.2076 -0.7243 -0.6575
vn -0.2906 -0.7268 -0.6223
vn 0.2628 -0.9459 0.1902
vn 0.1907 -0.9659 0.1751
vn 0.3484 -0.4144 -0.8407
vn 0.4246 -0.4941 -0.7586
vn 0.4888 -0.4725 -0.7333
vn 0.4223 -0.3635 -0.8304
vn 0.3798 -0.4660 -0.7991
vn 0.2926 -0.5415 -0.7881
vn -0.6588 -0.0173 0.7521
vn -0.4462 0.7220 0.5288
vn -0.5364 -0.6695 0.5138
vn -0.2715 0.6971 0.6636
vn -0.2792 0.6657 0.6920
vn 0.2644 0.9538 -0.1423
vn 0.3341 0.9304 -0.1507
vn 0.3763 0.9120 -0.1631
vn -0.3627 0.7306 0.5785
vn 0.5009 -0.8550 0.1343
vn 0.0632 -0.4844 0.8725
vn 0.3752 -0.9123 0.1642
vn -0.5538 -0.7802 -0.2909
vn -0.4249 -0.8937 -0.1440
vn 0.5770 -0.5233 -0.6270
vn 0.3309 -0.5117 -0.7928
vn 0.2465 -0.4868 -0.8380
vn -0.4624 -0.8625 -0.2054
vn -0.4327 0.7813 0.4498
vn 0.4614 0.8719 -0.1637
vn 0.5008 0.8586 -0.1092
vn -0.4136 0.8375 0.3570
vn 0.2074 0.9511 0.2286
vn 0.2722 0.9621 -0.0160
vn 0.0052 1.0000 -0.0021
vn -0.0078 0.9792 0.2028
vn 0.0684 0.6467 0.7597
vn 0.2399 0.6014 0.7620
vn 0.5561 0.8038 0.2112
vn 0.6415 0.7651 -0.0555
vn 0.8212 0.5589 0.1149
vn 0.8617 0.4899 -0.1318
vn 0.9405 0.3392 0.0156
vn 0.1438 -0.0926 0.9852
vn 0.1957 -0.1140 0.9740
vn 0.0319 0.6595 0.7510
vn 0.1850 -0.7913 0.5828
vn 0.2470 -0.7914 0.5591
vn 0.8111 -0.4387 -0.3868
vn 0.8509 -0.3464 -0.3949
vn 0.7464 -0.5176 -0.4183
vn 0.6538 -0.6303 -0.4186
vn 0.6397 -0.7015 -0.3142
vn 0.6424 -0.6876 -0.3385
vn 0.7670 0.4949 -0.4082
vn 0.6565 0.5620 -0.5031
vn 0.6744 0.5397 -0.5038
vn 0.8211 0.3704 -0.4341
vn 0.8824 0.3081 -0.3554
vn 0.7962 0.5278 -0.2957
vn 0.5267 0.6738 -0.5182
vn 0.4022 0.7851 -0.4708
vn 0.3066 0.8700 -0.3862
vn 0.4890 0.7270 -0.4819
vn -0.4103 0.8421 0.3501
vn 0.4918 0.8697 -0.0401
vn 0.1183 -0.9907 -0.0675
vn 0.0838 -0.9690 -0.2324
vn 0.1219 -0.9657 -0.2293
vn 0.1575 -0.9850 -0.0709
vn -0.4250 -0.9045 0.0342
vn -0.3303 -0.9413 -0.0693
vn -0.9116 -0.1760 0.3714
vn 0.0820 -0.9795 -0.1838
vn 0.0809 -0.9882 -0.1301
vn 0.1659 -0.9762 -0.1399
vn 0.1359 -0.9730 -0.1867
vn -0.1808 0.8358 0.5184
vn -0.3707 0.7833 0.4990
vn -0.1913 0.7682 0.6110
vn -0.1639 0.8943 0.4162
vn -0.1318 0.9678 0.2145
vn -0.2647 0.9407 0.2121
vn -0.1354 0.9557 0.2612
vn -0.1313 0.9729 0.1901
vn -0.1302 0.9760 0.1742
vn -0.1369 0.9798 0.1456
vn -0.1611 0.9758 0.1479
vn -0.1873 0.9498 0.2504
vn -0.1810 0.0838 0.9799
vn -0.1672 -0.1336 0.9768
vn -0.1845 0.3292 0.9261
vn -0.3578 -0.9338 0.0023
vn -0.3740 -0.9272 -0.0186
vn -0.3140 -0.9197 0.2354
vn -0.4182 -0.8804 0.2236
vn -0.4117 -0.8594 0.3032
vn -0.4139 -0.8991 0.1422
vn -0.4202 -0.8155 0.3979
vn -0.3931 -0.9173 0.0633
vn 0.2125 -0.9751 -0.0635
vn 0.1750 -0.9567 -0.2324
vn 0.2992 -0.9252 -0.2331
vn 0.3563 -0.9327 -0.0556
vn 0.3156 -0.7786 0.5423
vn 0.2472 0.8805 -0.4044
vn 0.1155 0.9897 -0.0841
vn 0.1490 0.9497 -0.2753
vn 0.3004 -0.1349 0.9442
vn -0.0575 0.9809 0.1858
vn -0.0788 0.9969 -0.0005
vn -0.0874 -0.9948 0.0512
vn 0.3542 -0.4888 -0.7972
vn -0.2629 0.5942 0.7601
vn -0.3763 -0.2865 0.8811
vn 0.3969 -0.3482 -0.8492
vn 0.4188 -0.3627 -0.8325
vn 0.4077 -0.5592 -0.7219
vn 0.3857 -0.4831 -0.7860
vn -0.0978 -0.3030 0.9479
vn -0.3175 -0.6592 0.6816
vn -0.7453 -0.5856 0.3187
vn -0.3011 -0.9403 0.1587
vn -0.9589 -0.2831 0.0169
vn -0.9134 -0.1682 0.3705
vn -0.6495 -0.0905 0.7549
vn -0.5949 -0.2526 0.7631
vn -0.6342 0.0403 0.7721
vn -0.5828 0.1113 0.8049
vn -0.3162 0.7981 0.5129
vn -0.2131 0.6712 0.7100
vn -0.2414 0.8658 0.4382
vn -0.1607 0.7897 0.5921
vn -0.0840 -0.9131 0.3990
vn -0.0774 -0.8654 0.4950
vn -0.1342 -0.8969 0.4214
vn -0.0891 -0.8483 0.5219
vn -0.2233 -0.8511 0.4751
vn -0.1386 -0.8025 0.5804
vn -0.1796 0.8977 0.4023
vn -0.1337 0.8382 0.5286
vn -0.0707 0.7445 0.6638
vn -0.0552 0.6779 0.7331
vn 0.0028 0.5125 0.8587
vn 0.0533 0.4623 0.8851
vn -0.0079 0.6048 0.7963
vn 0.0363 0.6019 0.7977
vn -0.0858 -0.7541 0.6511
vn -0.0557 -0.7975 0.6006
vn -0.2512 -0.6409 0.7253
vn -0.0663 -0.8192 0.5696
vn -0.0514 -0.7493 0.6602
vn -0.1192 0.9188 -0.3762
vn -0.8819 0.4673 -0.0616
vn -0.8930 0.3600 -0.2700
vn -0.9750 -0.1372 -0.1744
vn -0.9999 0.0059 0.0123
vn 0.4292 -0.8282 -0.3604
vn 0.4201 -0.8721 -0.2508
vn 0.3823 -0.8881 -0.2550
vn 0.3696 -0.8162 -0.4440
vn 0.4865 -0.6095 -0.6259
vn 0.6496 -0.5336 -0.5416
vn 0.6751 -0.6137 -0.4094
vn 0.6912 -0.6307 -0.3527
vn 0.2030 -0.7593 -0.6182
vn 0.3211 -0.7020 -0.6357
vn 0.2646 -0.8983 -0.3507
vn 0.1174 -0.9354 -0.3334
vn 0.3751 -0.7316 -0.5693
vn 0.3746 -0.8749 -0.3067
vn 0.5668 -0.8224 -0.0484
vn 0.4769 -0.8516 -0.2172
vn 0.8430 -0.5374 -0.0212
vn 0.9994 -0.0337 -0.0071
vn 0.4005 -0.8802 -0.2544
vn 0.6679 -0.6632 -0.3377
vn 0.3805 -0.8876 -0.2595
vn 0.3023 -0.9271 -0.2215
vn 0.3565 -0.9090 -0.2158
vn 0.1958 -0.9578 -0.2106
vn 0.2523 -0.9513 -0.1773
vn 0.2823 -0.9291 -0.2386
vn 0.5221 -0.3791 -0.7639
vn 0.7025 -0.3411 -0.6246
vn 0.8298 0.3957 -0.3934
vn 0.6480 0.6377 -0.4165
vn 0.6615 0.6757 -0.3254
vn 0.8596 0.3641 -0.3585
vn 0.4048 0.8404 -0.3604
vn 0.1738 0.9524 -0.2505
vn 0.0845 0.9823 -0.1669
vn 0.3531 0.8987 -0.2601
vn 0.0244 0.9895 -0.1421
vn -0.0451 0.9946 -0.0936
vn -0.0745 0.9959 -0.0512
vn 0.0367 0.9953 -0.0894
vn 0.7864 0.5778 -0.2184
vn 0.8881 0.3489 -0.2992
vn 0.8754 0.3872 -0.2894
vn 0.6843 0.6907 -0.2337
vn 0.3268 0.9317 -0.1584
vn 0.7027 0.7054 -0.0928
vn 0.4956 0.8389 -0.2248
vn -0.7027 0.7053 -0.0928
vn -0.9897 0.1429 0.0000
vn -0.4957 0.8024 -0.3323
vn 0.4956 0.8024 -0.3323
vn -0.7027 0.5031 -0.5030
vn -0.8630 0.4008 -0.3076
vn -0.9191 0.2785 -0.2786
vn -0.9194 0.2394 -0.3120
vn -0.7895 0.3068 -0.5314
vn 0.2561 0.5885 -0.7669
vn 0.9194 0.2394 -0.3120
vn 0.4956 0.2248 -0.8389
vn -0.3789 0.2395 -0.8939
vn -0.8630 0.1308 -0.4880
vn -0.7027 0.0929 -0.7053
vn 0.7027 0.0928 -0.7053
vn -0.4957 0.0000 -0.8685
vn 0.6042 -0.2062 -0.7697
vn 0.8630 -0.1307 -0.4880
vn 0.9191 -0.1019 -0.3805
vn 0.2561 -0.3699 -0.8930
vn 0.3790 -0.3541 -0.8549
vn 0.4956 -0.3324 -0.8024
vn 0.4957 -0.5287 -0.6890
vn 0.2561 -0.5885 -0.7669
vn -0.4957 -0.6141 -0.6141
vn 0.9194 -0.2394 -0.3120
vn 0.9191 -0.2786 -0.2785
vn -0.9194 -0.2394 -0.3119
vn -0.9191 -0.2785 -0.2785
vn 0.4956 -0.6890 -0.5287
vn 0.2561 -0.7669 -0.5884
vn -0.3790 -0.8014 -0.4627
vn -0.4957 -0.6890 -0.5287
vn -0.9194 -0.3119 -0.2394
vn -0.9191 -0.3411 -0.1970
vn -0.3790 -0.8939 -0.2395
vn -0.9191 -0.3805 -0.1020
vn -0.9897 -0.1429 0.0000
vn 0.9897 -0.1428 0.0000
vn -0.4956 -0.8611 0.1133
vn 0.7027 -0.7054 0.0928
vn -0.7027 -0.7054 0.0928
vn 0.9191 -0.3412 0.1970
vn -0.9191 -0.3411 0.1969
vn 0.8630 -0.4008 0.3076
vn -0.3789 -0.7342 0.5633
vn -0.3789 -0.6543 0.6543
vn -0.4956 -0.4342 0.7522
vn 0.9194 -0.2394 0.3120
vn 0.4957 -0.4342 0.7522
vn -0.8630 -0.3075 0.4008
vn -0.7027 -0.2722 0.6573
vn -0.8630 -0.1308 0.4880
vn 0.8630 -0.1307 0.4880
vn 0.7027 -0.2723 0.6573
vn -0.4956 -0.2248 0.8389
vn -0.6042 -0.2062 0.7697
vn 0.9595 -0.1078 0.2601
vn -0.9595 -0.1077 0.2601
vn 0.4957 -0.2248 0.8389
vn 0.3789 -0.2395 0.8939
vn -0.3790 -0.2395 0.8939
vn -0.9191 -0.1020 0.3805
vn 0.6042 -0.2062 0.7696
vn -0.3790 -0.1208 0.9175
vn -0.3790 0.0000 0.9254
vn -0.4957 -0.1133 0.8611
vn -0.8630 -0.0659 0.5009
vn 0.8630 -0.0660 0.5009
vn 0.3789 -0.1208 0.9175
vn -0.4956 0.2248 0.8389
vn -0.6042 0.2062 0.7696
vn 0.8630 0.0660 0.5009
vn -0.3789 0.2395 0.8939
vn -0.8630 0.0659 0.5009
vn -0.8630 0.1307 0.4880
vn 0.6042 0.2062 0.7697
vn -0.7027 0.2723 0.6573
vn -0.4956 0.4342 0.7521
vn 0.3789 0.3541 0.8549
vn 0.4956 0.4342 0.7522
vn -0.3789 0.3541 0.8549
vn -0.4957 0.5287 0.6890
vn -0.9191 0.2785 0.2785
vn 0.8630 0.3076 0.4008
vn 0.2561 0.5884 0.7669
vn 0.2561 0.7669 0.5885
vn -0.4957 0.7522 0.4342
vn 0.8630 0.4008 0.3075
vn 0.4956 0.7522 0.4342
vn -0.2561 0.7669 0.5884
vn -0.8630 0.4008 0.3076
vn -0.9191 0.3805 0.1020
vn 0.7027 0.7053 0.0928
vn -0.7027 0.7054 0.0928
vn -0.8970 0.2602 0.3573
vn -0.9116 0.3041 0.2765
vn -0.9339 0.2355 0.2688
vn -0.9230 0.2159 0.3184
vn -0.9208 0.1755 0.3483
vn -0.8906 0.1954 0.4107
vn -0.8275 0.1153 0.5494
vn -0.7808 0.0934 0.6178
vn -0.8600 0.1237 0.4949
vn -0.8787 0.0777 0.4708
vn -0.8646 0.0236 0.5018
vn -0.8362 -0.0577 0.5454
vn -0.9196 0.3813 -0.0941
vn -0.8783 0.4137 -0.2397
vn -0.9757 0.1519 -0.1575
vn -0.9806 0.1959 -0.0028
vn -0.9633 0.2378 0.1247
vn -0.9394 0.3389 0.0519
vn -0.9097 0.4138 0.0340
vn -0.8695 0.4904 -0.0594
vn -0.8112 0.5648 -0.1516
vn -0.9884 -0.0214 0.1503
vn -0.9886 -0.1375 0.0619
vn -0.9359 -0.2413 0.2567
vn -0.9476 -0.1224 0.2950
vn -0.9455 0.0078 0.3254
vn -0.9711 0.0993 0.2168
vn -0.6525 0.1621 0.7402
vn -0.9091 0.2772 0.3108
vn -0.9015 0.3117 0.2999
vn -0.6070 0.4617 0.6467
vn 0.1351 0.4634 0.8758
vn 0.0279 -0.0827 0.9962
vn -0.1561 -0.5567 0.8159
vn -0.7772 -0.1079 0.6199
vn -0.9315 0.2419 0.2715
vn -0.9273 0.3014 0.2217
vn -0.9272 0.2880 0.2394
vn -0.9336 0.3112 0.1775
vn -0.9367 0.2265 0.2669
vn -0.9264 0.1497 0.3454
vn -0.9069 0.2334 0.3506
vn -0.9116 0.2944 0.2869
vn -0.8964 0.1389 0.4209
vn -0.9205 0.1552 0.3587
vn -0.9014 0.1871 0.3904
vn -0.8924 0.1387 0.4294
vn -0.8962 0.1319 0.4235
vn -0.9043 0.0220 0.4263
vn -0.8863 0.2088 0.4133
vn -0.9814 -0.1854 -0.0492
vn -0.9556 -0.2563 0.1454
vn -0.5156 -0.8499 -0.1082
vn -0.5800 -0.6305 -0.5159
vn -0.5844 -0.2512 -0.7716
vn -0.9899 0.0006 -0.1414
vn -0.9058 -0.0751 0.4169
vn -0.8940 -0.1873 0.4069
vn -0.9263 0.3212 0.1969
vn -0.8891 0.4359 0.1399
vn -0.9428 0.2344 0.2371
vn 0.3325 -0.9249 -0.1845
vn 0.2099 -0.9647 -0.1592
vn 0.4086 -0.8761 -0.2558
vn -0.1466 0.9335 0.3272
vn 0.0831 -0.9861 -0.1441
vn -0.2828 -0.9590 -0.0193
vn 0.7874 -0.4940 -0.3686
vn 0.7901 -0.5027 -0.3507
vn -0.2402 -0.9673 0.0815
vn 0.8704 -0.3161 -0.3774
vn 0.8645 -0.3030 -0.4009
vn -0.3630 0.9097 0.2014
vn -0.4725 0.8634 0.1768
vn -0.8434 0.5274 0.1027
vn -0.7624 0.6424 0.0781
vn -0.9438 -0.0410 0.3279
vn -0.9645 0.0087 0.2638
vn 0.8261 -0.3082 -0.4718
vn 0.7487 -0.5043 -0.4302
vn -0.1930 0.6063 0.7715
vn -0.2340 -0.9670 0.1008
vn -0.8663 -0.2571 0.4283
vn -0.9033 -0.1235 0.4109
vn -0.9168 -0.0081 0.3993
vn -0.8871 0.1921 0.4198
vn -0.8755 0.1922 0.4434
vn -0.7515 0.4677 0.4653
vn -0.5452 0.6839 0.4847
vn -0.6947 0.7142 0.0852
vn -0.7308 0.6700 0.1304
vn -0.8080 0.5860 -0.0602
vn -0.7694 0.6139 -0.1764
vn -0.6523 0.6753 0.3442
vn -0.6990 0.6314 0.3358
vn -0.8837 -0.2351 0.4047
vn -0.9131 -0.0915 0.3974
vn -0.8651 0.0313 0.5006
vn -0.8180 -0.0887 0.5683
vn -0.9279 -0.2859 0.2392
vn -0.9503 -0.1436 0.2763
vn -0.9831 -0.1813 0.0233
vn -0.9917 -0.0540 0.1163
vn -0.9635 0.1398 -0.2282
vn -0.9751 0.2066 -0.0809
vn -0.8440 0.4382 -0.3091
vn -0.8771 0.4488 -0.1709
vn -0.7571 0.0871 0.6475
vn -0.8285 0.1527 0.5388
vn -0.8136 0.2788 0.5101
vn -0.7241 0.2810 0.6298
vn -0.6769 0.5081 0.5326
vn -0.7567 0.4565 0.4680
vn -0.0822 -0.0461 0.9955
vn 0.0088 0.4867 0.8735
vn -0.4826 0.4727 0.7373
vn -0.6132 0.1345 0.7783
vn -0.6824 -0.2096 0.7003
vn -0.2730 -0.5095 0.8159
vn -0.6936 -0.5770 -0.4313
vn -0.6456 -0.7620 -0.0495
vn -0.9525 -0.2638 0.1519
vn -0.9781 -0.1937 -0.0758
vn -0.9423 -0.0756 -0.3260
vn -0.6626 -0.2223 -0.7151
vn -0.8848 -0.2694 0.3800
vn -0.3576 -0.8446 0.3983
vn -0.6690 0.7125 0.2112
vn -0.8219 0.5694 -0.0148
vn -0.2514 0.7827 -0.5694
vn -0.0385 0.9857 -0.1636
vn 0.0789 0.9820 0.1714
vn -0.6094 0.7120 0.3488
vn -0.9489 0.2670 -0.1681
vn -0.4760 0.2929 -0.8292
vn -0.5829 0.6592 0.4750
vn 0.1439 0.8480 0.5101
vn -0.9450 0.2313 0.2311
vn -0.9233 0.2377 0.3017
vn -0.6540 0.6763 0.3389
vn -0.6978 0.6938 0.1778
vn -0.7454 0.6516 -0.1404
vn -0.9136 0.3054 -0.2682
vn -0.8956 0.2434 0.3724
vn -0.5972 0.6369 0.4876
vn -0.8642 -0.2678 0.4259
vn -0.5041 -0.7614 0.4076
vn -0.1979 0.9776 -0.0719
vn -0.3752 0.7867 -0.4901
vn -0.0983 0.9693 0.2252
vn -0.5680 0.3084 -0.7630
vn -0.0292 0.8524 0.5220
vn -0.7189 0.5381 0.4399
vn -0.6367 0.6999 0.3234
vn -0.8180 0.3341 0.4683
vn -0.8697 0.1854 0.4573
vn -0.8934 0.0764 0.4427
vn -0.8989 0.4369 0.0333
vn -0.9652 0.2402 0.1029
vn -0.7863 0.6154 0.0544
vn -0.9784 0.0454 0.2017
vn -0.9523 -0.0349 0.3031
vn -0.9246 -0.0149 0.3807
vn -0.6607 0.7356 0.1493
vn -0.6348 0.7537 -0.1703
vn -0.5122 0.8587 -0.0170
vn -0.4297 0.9006 0.0647
vn -0.3295 0.9438 -0.0235
vn -0.6674 0.7212 0.1853
vn -0.2323 0.9615 -0.1471
vn -0.1215 0.9524 -0.2797
vn -0.0260 0.9255 -0.3777
vn -0.0166 0.9286 -0.3707
vn -0.1794 0.8849 -0.4299
vn -0.1644 0.9287 -0.3324
vn -0.0389 0.9653 -0.2581
vn 0.0327 0.9715 -0.2346
vn -0.0064 0.9217 -0.3879
vn -0.7512 -0.6460 -0.1350
vn -0.8834 -0.4675 -0.0317
vn -0.1334 0.9627 -0.2353
vn -0.0970 0.4984 0.8615
vn -0.0074 0.2689 0.9631
vn -0.3827 0.1722 0.9077
vn -0.2333 0.3365 0.9123
vn -0.4642 -0.2672 0.8444
vn -0.3680 0.0184 0.9296
vn -0.4161 -0.2627 0.8705
vn -0.2677 0.0107 0.9634
vn -0.9177 -0.3915 0.0668
vn -0.4603 -0.4400 0.7710
vn -0.2360 -0.6006 0.7639
vn -0.9509 -0.2568 0.1728
vn -0.9723 -0.2291 -0.0468
vn -0.4913 -0.8504 -0.1880
vn -0.9977 -0.0561 -0.0389
vn -0.9624 -0.2243 -0.1529
vn -0.0620 -0.9976 0.0308
vn -0.1105 -0.9935 -0.0277
vn 0.0602 -0.9505 -0.3047
vn 0.0752 -0.9458 -0.3158
vn -0.2156 -0.9601 -0.1778
vn -0.1055 -0.9798 -0.1697
vn -0.0510 -0.9711 -0.2330
vn -0.0052 -0.9514 -0.3077
vn -0.5483 -0.2742 0.7900
vn -0.9236 0.2140 0.3180
vn -0.1569 0.9630 -0.2190
vn 0.0446 -0.9441 -0.3265
vn 0.0343 -0.9757 -0.2164
vn 0.0484 -0.9572 -0.2854
vn 0.0281 0.9720 -0.2333
vn 0.0276 0.9783 -0.2053
vn 0.0168 0.9563 -0.2918
vn -0.0460 -0.9958 -0.0796
vn -0.0293 -0.9912 -0.1288
vn -0.1412 0.9698 0.1988
vn -0.1498 0.9883 -0.0296
vn -0.4410 -0.6687 -0.5986
vn 0.0090 -0.9976 0.0682
vn -0.5282 0.0810 -0.8452
vn 0.0278 0.9563 -0.2910
vn -0.0817 -0.9299 -0.3586
vn 0.0076 -0.9540 -0.2996
vn -0.2389 -0.8454 -0.4777
vn 0.0476 -0.9664 -0.2524
vn 0.0588 -0.9770 -0.2051
vn -0.4424 -0.5664 -0.6953
vn -0.5607 -0.1415 -0.8158
vn -0.5262 0.3563 -0.7721
vn -0.0278 0.9363 -0.3500
vn -0.0577 0.9334 -0.3542
vn -0.0117 0.9315 -0.3634
vn 0.0416 -0.9991 -0.0016
vn 0.0350 -0.8365 -0.5469
vn 0.0540 -0.9921 0.1129
vn 0.0657 -0.9869 0.1469
vn -0.4299 0.4268 -0.7956
vn 0.0022 -0.9887 -0.1499
vn -0.1202 0.8945 -0.4305
vn -0.1187 0.8990 -0.4214
vn 0.0335 0.0524 -0.9980
vn -0.0965 0.9181 -0.3844
vn -0.0520 -0.9910 0.1229
vn -0.0535 -0.9963 0.0666
vn -0.1358 0.9113 0.3886
vn -0.1140 0.8637 0.4909
vn 0.0565 -0.9808 -0.1866
vn -0.0517 -0.9986 -0.0089
vn -0.0350 0.9329 -0.3585
vn -0.0039 0.9122 -0.4097
vn -0.0390 -0.8676 0.4957
vn -0.0447 0.5144 0.8563
usemtl Leatherback-mat
s 1
f 1/1/1 1211/2/2 3609/3/3 1208/4/4
f 1/1/1 1208/4/4 3604/5/5 1200/6/6
f 1/1/1 1200/6/6 3602/7/7 1199/8/8
f 1/1/1 1199/8/8 3608/9/9 1211/2/2
f 4123/10/10 4130/11/11 2345/12/12 1265/13/13
f 1214/14/14 1208/4/4 3609/3/3 3613/15/15
f 2/16/16 1261/17/17 3698/18/18 1429/19/19
f 2/16/16 1429/19/19 3694/20/20 1205/21/21
f 2/16/16 1205/21/21 3606/22/22 1250/23/23
f 2/16/16 1250/23/23 3629/24/24 1261/17/17
f 3/25/25 1264/26/26 3712/27/27 2334/28/28
f 3/25/25 2334/28/28 4129/29/29 2337/30/30
f 3/25/25 2337/30/30 4128/31/31 2330/32/32
f 3/25/25 2330/32/32 3720/33/33 1264/26/26
f 4/34/34 1205/21/21 3694/20/20 1427/35/35
f 4/34/34 1427/35/35 3695/36/36 1210/37/37
f 4/34/34 1210/37/37 3610/38/38 1203/39/39
f 4/34/34 1203/39/39 3606/22/22 1205/21/21
f 4122/40/40 4123/10/10 1265/13/13 1635/41/41
f 1265/13/13 2345/12/12 3637/42/42 3638/43/43
f 5/44/44 2338/45/45 3609/3/3 1211/2/2
f 5/44/44 1211/2/2 3608/9/9 2339/46/46
f 5/44/44 2339/46/46 4131/47/47 2340/48/48
f 5/44/44 2340/48/48 4130/49/11 2338/45/45
f 3788/50/49 3612/51/50 1214/14/14 1634/52/51
f 1635/41/41 1265/13/13 3638/43/43 3793/53/52
f 4139/54/53 1212/55/54 1633/56/55 4138/57/56
f 1634/52/51 1214/14/14 3613/15/15 3789/58/57
f 4135/59/58 1201/60/59 1212/55/54 4139/54/53
f 1633/56/55 1212/55/54 3611/61/60 3787/62/61
f 6/63/62 1197/64/63 3603/65/64 1201/60/59
f 6/63/62 1201/60/59 4135/59/58 2356/66/65
f 6/63/62 2356/66/65 4136/67/66 2352/68/67
f 6/63/62 2352/68/67 3600/69/68 1197/64/63
f 4415/70/69 4207/71/70 2383/72/71 2398/73/72
f 1212/55/54 1201/60/59 3603/65/64 3611/61/60
f 7/74/73 2354/75/74 3599/76/75 1204/77/76
f 7/74/73 1204/77/76 4142/78/77 2366/79/78
f 7/74/73 2366/79/78 4140/80/79 2354/75/74
f 8/81/80 1487/82/81 3636/83/82 1273/84/83
f 8/81/80 1273/84/83 3699/85/84 1421/86/85
f 8/81/80 1421/86/85 4125/87/86 2329/88/87
f 8/81/80 2329/88/87 4126/89/88 1487/82/81
f 9/90/89 1234/91/90 3780/92/91 1611/93/92
f 9/90/89 1611/93/92 3781/94/93 1286/95/94
f 9/90/89 1286/95/94 3644/96/95 1285/97/96
f 9/90/89 1285/97/96 3647/98/97 1234/91/90
f 4156/99/98 1230/100/99 1631/101/100 4172/102/101
f 2398/73/72 2383/72/71 4158/103/102 4173/104/103
f 4206/105/104 4416/106/105 1631/101/100 1230/100/99
f 4152/107/106 1226/108/107 1230/100/99 4156/99/98
f 10/109/108 2421/110/109 4166/111/110 2391/112/111
f 10/109/108 2391/112/111 3704/113/112 1437/114/113
f 10/109/108 1437/114/113 3700/115/114 2387/116/115
f 10/109/108 2387/116/115 4162/117/116 2421/110/109
f 11/118/117 2420/119/118 4171/120/119 2396/121/120
f 11/118/117 2396/121/120 3714/122/121 1463/123/122
f 11/118/117 1463/123/122 3711/124/123 2394/125/124
f 11/118/117 2394/125/124 4169/126/125 2420/119/118
f 4201/127/126 4206/105/104 1230/100/99 1226/108/107
f 4207/71/70 4200/128/127 2382/129/128 2383/72/71
f 3622/130/129 3621/131/130 1202/132/131 1213/133/132
f 2383/72/71 2382/129/128 4157/134/133 4158/103/102
f 12/135/134 2419/136/135 4161/137/136 2386/138/137
f 12/135/134 2386/138/137 4300/139/138 1238/140/139
f 12/135/134 1238/140/139 4202/141/140 1227/142/141
f 12/135/134 1227/142/141 4153/143/142 2419/136/135
f 13/144/143 2418/145/144 4157/134/133 2382/129/128
f 13/144/143 2382/129/128 4200/128/127 1239/146/145
f 13/144/143 1239/146/145 4199/147/146 1225/148/147
f 13/144/143 1225/148/147 4151/149/148 2418/145/144
f 14/150/149 1226/108/107 4152/107/106 2417/151/150
f 14/150/149 2417/151/150 4149/152/151 1223/153/152
f 14/150/149 1223/153/152 4197/154/153 1240/155/154
f 14/150/149 1240/155/154 4201/127/126 1226/108/107
f 15/156/155 1604/157/156 3779/158/157 1610/159/158
f 15/156/155 1610/159/158 3780/92/91 1234/91/90
f 15/156/155 1234/91/90 3647/98/97 1282/160/159
f 15/156/155 1282/160/159 3645/161/160 1604/157/156
f 16/162/161 1248/163/162 3603/65/64 1197/64/63
f 16/162/161 1197/64/63 3600/69/68 1245/164/163
f 16/162/161 1245/164/163 3624/165/164 1254/166/165
f 16/162/161 1254/166/165 3627/167/166 1248/163/162
f 17/168/167 1200/6/6 3604/5/5 1202/132/131
f 17/168/167 1202/132/131 3621/131/130 1255/169/168
f 17/168/167 1255/169/168 3626/170/169 1247/171/170
f 17/168/167 1247/171/170 3602/7/7 1200/6/6
f 18/172/171 2339/46/46 3608/9/9 1199/8/8
f 18/172/171 1199/8/8 3602/7/7 1364/173/172
f 18/172/171 1364/173/172 4132/174/173 2343/175/174
f 18/172/171 2343/175/174 4131/47/47 2339/46/46
f 19/176/175 1413/177/176 3693/178/177 1424/179/178
f 19/176/175 1424/179/178 3697/180/179 1256/181/180
f 19/176/175 1256/181/180 3628/182/181 1249/183/182
f 19/176/175 1249/183/182 3605/184/183 1413/177/176
f 3611/61/60 3603/65/64 1248/163/162 1251/185/184
f 1213/133/132 1202/132/131 3604/5/5 3612/51/50
f 3627/167/166 3632/186/185 1251/185/184 1248/163/162
f 3787/62/61 3611/61/60 1251/185/184 1630/187/186
f 20/188/187 1465/189/188 3620/190/189 1475/191/190
f 20/188/187 1475/191/190 3634/192/191 1253/193/192
f 20/188/187 1253/193/192 3708/194/193 1455/195/194
f 20/188/187 1455/195/194 3706/196/195 1465/189/188
f 21/197/196 1446/198/197 3745/199/198 1530/200/199
f 21/197/196 1530/200/199 3746/201/200 1529/202/201
f 21/197/196 1529/202/201 3701/203/202 1434/204/203
f 21/197/196 1434/204/203 3702/205/204 1446/198/197
f 22/206/205 1354/207/206 3616/208/207 1220/209/208
f 22/206/205 1220/209/208 3614/210/209 2361/211/210
f 22/206/205 2361/211/210 4144/212/211 2359/213/212
f 22/206/205 2359/213/212 4145/214/213 1354/207/206
f 3632/186/185 3791/215/214 1630/187/186 1251/185/184
f 3792/216/215 3622/130/129 1213/133/132 1629/217/216
f 4141/218/217 1219/219/218 1628/220/219 4147/221/220
f 1629/217/216 1213/133/132 3612/51/50 3788/50/49
f 23/222/221 1287/223/222 4134/224/223 2350/225/224
f 23/222/221 2350/225/224 3786/226/225 2422/227/226
f 23/222/221 2422/227/226 4149/152/151 2374/228/227
f 23/222/221 2374/228/227 3624/165/164 1287/223/222
f 24/229/228 1237/230/229 3712/27/27 1474/231/230
f 24/229/228 1474/231/230 3713/232/231 1268/233/232
f 24/229/228 1268/233/232 3707/234/233 1458/235/234
f 24/229/228 1458/235/234 3710/236/235 1237/230/229
f 25/237/236 2416/238/237 4160/239/238 2385/240/239
f 25/237/236 2385/240/239 3698/18/18 1261/17/17
f 25/237/236 1261/17/17 3629/24/24 2379/241/240
f 25/237/236 2379/241/240 4154/242/241 2416/238/237
f 26/243/242 1449/244/243 3702/205/204 1434/204/203
f 26/243/242 1434/204/203 3701/203/202 1435/245/244
f 26/243/242 1435/245/244 3700/115/114 1441/246/245
f 26/243/242 1441/246/245 3703/247/246 1449/244/243
f 27/248/247 1207/249/248 3637/250/42 2345/251/12
f 27/248/247 2345/251/12 4130/252/11 1263/253/249
f 27/248/247 1263/253/249 3667/254/250 1349/255/251
f 27/248/247 1349/255/251 3668/256/252 1207/249/248
f 28/257/253 1229/258/254 4155/259/255 2415/260/256
f 28/257/253 2415/260/256 4159/261/257 1272/262/258
f 28/257/253 1272/262/258 4228/263/259 1232/264/260
f 28/257/253 1232/264/260 4204/265/261 1229/258/254
f 29/266/262 1210/37/37 3695/36/36 1422/267/263
f 29/266/262 1422/267/263 3699/268/84 1273/269/83
f 29/266/262 1273/269/83 3636/270/82 1209/271/264
f 29/266/262 1209/271/264 3610/38/38 1210/37/37
f 4141/218/217 4144/212/211 2361/211/210 1219/219/218
f 1628/220/219 1219/219/218 3618/272/265 3790/273/266
f 30/274/267 1270/275/268 3640/276/269 1258/277/270
f 30/274/267 1258/277/270 3633/278/271 1252/279/272
f 30/274/267 1252/279/272 3676/280/273 1362/281/274
f 30/274/267 1362/281/274 3675/282/275 1270/275/268
f 4147/221/220 1628/220/219 1215/283/276 4146/284/277
f 1219/219/218 2361/211/210 3614/210/209 3618/272/265
f 31/285/278 2263/286/279 4093/287/280 2274/288/281
f 31/285/278 2274/288/281 4096/289/282 1573/290/283
f 31/285/278 1573/290/283 3763/291/284 1571/292/285
f 31/285/278 1571/292/285 3619/293/286 2263/286/279
f 32/294/287 1560/295/288 3758/296/289 1561/297/290
f 32/294/287 1561/297/290 3755/298/291 1535/299/292
f 32/294/287 1535/299/292 3756/300/293 1558/301/294
f 32/294/287 1558/301/294 3757/302/295 1560/295/288
f 33/303/296 1320/304/297 4258/305/298 1325/306/299
f 33/303/296 1325/306/299 3767/307/300 1585/308/301
f 33/303/296 1585/308/301 3766/309/302 1288/310/303
f 33/303/296 1288/310/303 4208/311/304 1320/304/297
f 34/312/305 1607/313/306 3782/314/307 1609/315/308
f 34/312/305 1609/315/308 3779/158/157 1604/157/156
f 34/312/305 1604/157/156 3645/161/160 1283/316/309
f 34/312/305 1283/316/309 3642/317/310 1607/313/306
f 35/318/311 1217/319/312 3616/320/207 2358/321/313
f 35/318/311 2358/321/313 4137/322/314 2353/323/315
f 35/318/311 2353/323/315 3600/69/68 2352/68/67
f 35/318/311 2352/68/67 4136/67/66 1217/319/312
f 36/324/316 1286/95/94 3781/94/93 1608/325/317
f 36/324/316 1608/325/317 3778/326/318 1326/327/319
f 36/324/316 1326/327/319 3643/328/320 1281/329/321
f 36/324/316 1281/329/321 3644/96/95 1286/95/94
f 37/330/322 1579/331/323 3639/332/324 1297/333/325
f 37/330/322 1297/333/325 3649/334/326 1587/335/327
f 37/330/322 1587/335/327 3770/336/328 1603/337/329
f 37/330/322 1603/337/329 3766/309/302 1579/331/323
f 38/338/330 1589/339/331 3650/340/332 1299/341/333
f 38/338/330 1299/341/333 3648/342/334 1569/343/335
f 38/338/330 1569/343/335 3761/344/336 1602/345/337
f 38/338/330 1602/345/337 3772/346/338 1589/339/331
f 39/347/339 1569/343/335 3648/342/334 1295/348/340
f 39/347/339 1295/348/340 3619/293/286 1571/292/285
f 39/347/339 1571/292/285 3763/291/284 1577/349/341
f 39/347/339 1577/349/341 3761/344/336 1569/343/335
f 40/350/342 1606/351/343 3631/352/344 2346/353/345
f 40/350/342 2346/353/345 4133/354/346 2347/355/347
f 40/350/342 2347/355/347 3778/326/318 1608/325/317
f 40/350/342 1608/325/317 3781/94/93 1606/351/343
f 41/356/348 1284/357/349 3656/358/350 1324/359/351
f 41/356/348 1324/359/351 3658/360/352 1319/361/353
f 41/356/348 1319/361/353 3649/334/326 1297/333/325
f 41/356/348 1297/333/325 3639/332/324 1284/357/349
f 42/362/354 2265/363/355 4094/364/356 2273/365/357
f 42/362/354 2273/365/357 4093/287/280 2263/286/279
f 42/362/354 2263/286/279 3619/293/286 1295/348/340
f 42/362/354 1295/348/340 3648/342/334 2265/363/355
f 43/366/358 1279/367/359 4092/368/360 2272/369/361
f 43/366/358 2272/369/361 4094/364/356 2265/363/355
f 43/366/358 2265/363/355 3648/342/334 1299/341/333
f 43/366/358 1299/341/333 3650/340/332 1279/367/359
f 44/370/362 1305/371/363 3663/372/364 1340/373/365
f 44/370/362 1340/373/365 3662/374/366 1332/375/367
f 44/370/362 1332/375/367 3654/376/368 1309/377/369
f 44/370/362 1309/377/369 3652/378/370 1305/371/363
f 45/379/371 1332/375/367 3662/374/366 1339/380/372
f 45/379/371 1339/380/372 3660/381/373 1328/382/374
f 45/379/371 1328/382/374 3646/383/375 1310/384/376
f 45/379/371 1310/384/376 3654/376/368 1332/375/367
f 46/385/377 1307/386/378 3664/387/379 1338/388/380
f 46/385/377 1338/388/380 3661/389/381 1330/390/382
f 46/385/377 1330/390/382 3651/391/383 1311/392/384
f 46/385/377 1311/392/384 3653/393/385 1307/386/378
f 47/394/386 1331/395/387 4263/396/388 1337/397/389
f 47/394/386 1337/397/389 3769/398/390 1586/399/391
f 47/394/386 1586/399/391 3765/400/392 1312/401/393
f 47/394/386 1312/401/393 4250/402/394 1331/395/387
f 48/403/395 1330/390/382 3661/389/381 1336/404/396
f 48/403/395 1336/404/396 3663/372/364 1305/371/363
f 48/403/395 1305/371/363 3652/378/370 1313/405/397
f 48/403/395 1313/405/397 3651/391/383 1330/390/382
f 49/406/398 1328/382/374 3660/381/373 1335/407/399
f 49/406/398 1335/407/399 3759/408/400 1575/409/401
f 49/406/398 1575/409/401 3760/410/402 1314/411/403
f 49/406/398 1314/411/403 3646/383/375 1328/382/374
f 50/412/404 1315/413/405 4082/414/406 2261/415/407
f 50/412/404 2261/415/407 4081/416/408 2237/417/409
f 50/412/404 2237/417/409 3659/418/410 1322/419/411
f 50/412/404 1322/419/411 3655/420/412 1315/413/405
f 51/421/413 2260/422/414 4103/423/415 2286/424/416
f 51/421/413 2286/424/416 4101/425/417 2173/426/418
f 51/421/413 2173/426/418 4079/427/419 2248/428/420
f 51/421/413 2248/428/420 4091/429/421 2260/422/414
f 52/430/422 1316/431/423 3653/393/385 1311/392/384
f 52/430/422 1311/392/384 3651/391/383 1304/432/424
f 52/430/422 1304/432/424 3658/360/352 1324/359/351
f 52/430/422 1324/359/351 3656/358/350 1316/431/423
f 53/433/425 1306/434/426 4250/402/394 1312/401/393
f 53/433/425 1312/401/393 3765/400/392 1584/435/427
f 53/433/425 1584/435/427 3767/307/300 1325/306/299
f 53/433/425 1325/306/299 4258/305/298 1306/434/426
f 54/436/428 1550/437/429 3754/438/430 1539/439/431
f 54/436/428 1539/439/431 3751/440/432 1639/441/433
f 54/436/428 1639/441/433 3796/442/434 1646/443/435
f 54/436/428 1646/443/435 3795/444/436 1550/437/429
f 55/445/437 2235/446/438 4080/447/439 2259/448/440
f 55/445/437 2259/448/440 4085/449/441 1574/450/442
f 55/445/437 1574/450/442 3762/451/443 1327/452/444
f 55/445/437 1327/452/444 3657/453/445 2235/446/438
f 56/454/446 1276/455/447 3643/328/320 1572/456/448
f 56/454/446 1572/456/448 3764/457/449 1576/458/450
f 56/454/446 1576/458/450 3759/408/400 1335/407/399
f 56/454/446 1335/407/399 3660/381/373 1276/455/447
f 57/459/451 1278/460/452 3645/161/160 1282/160/159
f 57/459/451 1282/160/159 3647/98/97 1333/461/453
f 57/459/451 1333/461/453 3663/372/364 1336/404/396
f 57/459/451 1336/404/396 3661/389/381 1278/460/452
f 58/462/454 1280/463/455 4233/464/456 1274/465/457
f 58/462/454 1274/465/457 3768/466/458 1583/467/459
f 58/462/454 1583/467/459 3769/398/390 1337/397/389
f 58/462/454 1337/397/389 4263/396/388 1280/463/455
f 59/468/460 1334/469/461 3642/317/310 1283/316/309
f 59/468/460 1283/316/309 3645/161/160 1278/460/452
f 59/468/460 1278/460/452 3661/389/381 1338/388/380
f 59/468/460 1338/388/380 3664/387/379 1334/469/461
f 60/470/462 1301/471/463 3644/96/95 1281/329/321
f 60/470/462 1281/329/321 3643/328/320 1276/455/447
f 60/470/462 1276/455/447 3660/381/373 1339/380/372
f 60/470/462 1339/380/372 3662/374/366 1301/471/463
f 61/472/464 1333/461/453 3647/98/97 1285/97/96
f 61/472/464 1285/97/96 3644/96/95 1301/471/463
f 61/472/464 1301/471/463 3662/374/366 1340/373/365
f 61/472/464 1340/373/365 3663/372/364 1333/461/453
f 62/473/465 1371/474/466 3673/475/467 1347/476/468
f 62/473/465 1347/476/468 3672/477/469 1370/478/470
f 85/479/471 63/480/472 1341/481/473 1379/482/474
f 86/483/475 62/473/465 1370/478/470 1365/484/476
f 63/480/472 1369/485/477 3668/256/252 1349/255/251
f 63/480/472 1349/255/251 3667/254/250 1341/481/473
f 85/479/471 1380/486/478 1369/485/477 63/480/472
f 79/487/479 76/488/480 1367/489/481 1372/490/482
f 64/491/483 1341/481/473 3667/254/250 1342/492/484
f 64/491/483 1342/492/484 3666/493/485 1348/494/486
f 88/495/487 78/496/488 1369/497/477 1380/498/478
f 73/499/489 64/491/483 1348/494/486 1378/500/490
f 65/501/491 1351/502/492 3670/503/493 1344/504/494
f 65/501/491 1344/504/494 3669/505/495 1352/506/496
f 74/507/497 1366/508/498 1351/502/492 65/501/491
f 87/509/499 1378/500/490 1348/494/486 77/510/500
f 66/511/501 1356/512/502 3631/513/344 1267/514/503
f 66/511/501 1267/514/503 3640/276/269 1270/275/268
f 66/511/501 1270/275/268 3675/282/275 1360/515/504
f 66/511/501 1360/515/504 3674/516/505 1356/512/502
f 67/517/506 1355/518/507 4131/519/47 2344/520/508
f 67/517/506 2344/520/508 3674/521/505 1357/522/509
f 67/517/506 1357/522/509 3671/523/510 1345/524/511
f 67/517/506 1345/524/511 3666/493/485 1355/518/507
f 68/525/512 1357/522/509 3674/521/505 1360/526/504
f 68/525/512 1360/526/504 3675/527/275 1358/528/513
f 68/525/512 1358/528/513 3673/529/467 1350/530/514
f 68/525/512 1350/530/514 3671/523/510 1357/522/509
f 69/531/515 1358/532/513 3675/533/275 1362/534/274
f 69/531/515 1362/534/274 3676/535/273 1363/536/516
f 69/531/515 1363/536/516 3672/477/469 1347/476/468
f 69/531/515 1347/476/468 3673/475/467 1358/532/513
f 70/537/517 1363/536/516 3676/535/273 1426/538/518
f 70/537/517 1426/538/518 4145/539/213 2360/540/519
f 70/537/517 2360/540/519 3670/503/493 1346/541/520
f 70/537/517 1346/541/520 3672/477/469 1363/536/516
f 71/542/521 1359/543/522 3676/280/273 1361/544/523
f 71/542/521 1361/544/523 4137/545/314 2358/546/313
f 71/542/521 2358/546/313 3616/208/207 1359/543/522
f 72/547/524 1356/512/502 3674/516/505 2341/548/525
f 72/547/524 2341/548/525 4132/549/173 2348/550/526
f 72/547/524 2348/550/526 4133/551/346 2346/552/345
f 72/547/524 2346/552/345 3631/513/344 1356/512/502
f 88/495/487 1380/498/478 1393/553/527 82/554/528
f 95/555/529 73/499/489 1378/500/490 1373/556/530
f 94/557/531 1395/558/532 1366/508/498 74/507/497
f 87/509/499 83/559/533 1373/556/530 1378/500/490
f 86/483/475 1368/560/534 1371/474/466 62/473/465
f 80/561/535 75/562/536 1365/484/476 1370/478/470
f 93/563/537 1376/564/538 1365/484/476 75/562/536
f 86/483/475 84/565/539 1375/566/540 1368/560/534
f 79/487/479 1371/567/466 1368/568/534 76/488/480
f 95/555/529 1396/569/541 1379/482/474 73/499/489
f 671/570/542 662/571/543 2550/572/544 2588/573/545
f 81/574/546 76/488/480 1368/568/534 1375/575/540
f 77/510/500 1348/494/486 3666/493/485 1345/524/511
f 77/510/500 1345/524/511 3671/523/510 1372/490/482
f 80/561/535 1351/502/492 1366/508/498 75/562/536
f 87/509/499 77/510/500 1372/490/482 1367/489/481
f 78/496/488 1352/506/496 3669/505/495 1343/576/547
f 78/496/488 1343/576/547 3668/577/252 1369/497/477
f 88/495/487 1377/578/548 1352/506/496 78/496/488
f 74/507/497 65/501/491 1352/506/496 1377/578/548
f 79/487/479 1372/490/482 3671/523/510 1350/530/514
f 79/487/479 1350/530/514 3673/529/467 1371/567/466
f 80/561/535 1370/478/470 3672/477/469 1346/541/520
f 80/561/535 1346/541/520 3670/503/493 1351/502/492
f 81/574/546 1375/575/540 3684/579/549 1390/580/550
f 81/574/546 1390/580/550 3682/581/551 1374/582/552
f 94/557/531 74/507/497 1377/578/548 1394/583/553
f 88/495/487 82/554/528 1394/583/553 1377/578/548
f 82/554/528 1393/553/527 3679/584/554 1383/585/555
f 82/554/528 1383/585/555 3680/586/556 1394/583/553
f 87/509/499 1367/489/481 1374/582/552 83/559/533
f 93/563/537 75/562/536 1366/508/498 1395/558/532
f 83/559/533 1374/582/552 3682/581/551 1385/587/557
f 83/559/533 1385/587/557 3677/588/558 1373/556/530
f 86/483/475 1365/484/476 1376/564/538 84/565/539
f 96/589/559 85/479/471 1379/482/474 1396/569/541
f 84/565/539 1376/564/538 3683/590/560 1387/591/561
f 84/565/539 1387/591/561 3684/592/549 1375/566/540
f 96/589/559 1393/593/527 1380/486/478 85/479/471
f 81/574/546 1374/582/552 1367/489/481 76/488/480
f 89/594/562 1392/595/563 3677/588/558 1385/587/557
f 89/594/562 1385/587/557 3682/581/551 1410/596/564
f 89/594/562 1410/596/564 3690/597/565 1401/598/566
f 89/594/562 1401/598/566 3685/599/567 1392/595/563
f 90/600/568 1409/601/569 3684/592/549 1387/591/561
f 90/600/568 1387/591/561 3683/590/560 1381/602/570
f 90/600/568 1381/602/570 3691/603/571 1403/604/572
f 90/600/568 1403/604/572 3692/605/573 1409/601/569
f 91/606/574 1388/607/575 3679/608/554 1389/609/576
f 91/606/574 1389/609/576 3678/610/577 1391/611/578
f 91/606/574 1391/611/578 3686/612/579 1405/613/580
f 91/606/574 1405/613/580 3687/614/581 1388/607/575
f 92/615/582 1391/611/578 3678/610/577 1382/616/583
f 92/615/582 1382/616/583 3677/588/558 1392/595/563
f 92/615/582 1392/595/563 3685/599/567 1398/617/584
f 92/615/582 1398/617/584 3686/612/579 1391/611/578
f 93/563/537 1395/558/532 3681/618/585 1386/619/586
f 93/563/537 1386/619/586 3683/590/560 1376/564/538
f 94/557/531 1394/583/553 3680/586/556 1384/620/587
f 94/557/531 1384/620/587 3681/618/585 1395/558/532
f 95/555/529 1373/556/530 3677/588/558 1382/616/583
f 95/555/529 1382/616/583 3678/610/577 1396/569/541
f 96/589/559 1396/569/541 3678/610/577 1389/609/576
f 96/589/559 1389/609/576 3679/608/554 1393/593/527
f 97/621/588 1408/622/589 3687/614/581 1405/613/580
f 97/621/588 1405/613/580 3686/612/579 1398/617/584
f 97/621/588 1398/617/584 3685/599/567 1397/623/590
f 97/621/588 1397/623/590 3665/624/591 1408/622/589
f 98/625/592 1407/626/593 3665/624/591 1397/623/590
f 98/625/592 1397/623/590 3685/599/567 1401/598/566
f 98/625/592 1401/598/566 3690/597/565 1406/627/594
f 98/625/592 1406/627/594 3692/628/573 1407/626/593
f 99/629/595 1402/630/596 3689/631/597 1404/632/598
f 99/629/595 1404/632/598 3665/633/591 1407/634/593
f 99/629/595 1407/634/593 3692/605/573 1403/604/572
f 99/629/595 1403/604/572 3691/603/571 1402/630/596
f 100/635/599 1400/636/600 3688/637/601 1399/638/602
f 100/635/599 1399/638/602 3687/639/581 1408/640/589
f 100/635/599 1408/640/589 3665/633/591 1404/632/598
f 100/635/599 1404/632/598 3689/631/597 1400/636/600
f 101/641/603 1411/642/604 3680/586/556 1383/585/555
f 101/641/603 1383/585/555 3679/584/554 1388/643/575
f 101/641/603 1388/643/575 3687/639/581 1399/638/602
f 101/641/603 1399/638/602 3688/637/601 1411/642/604
f 102/644/605 1410/596/564 3682/581/551 1390/580/550
f 102/644/605 1390/580/550 3684/579/549 1409/645/569
f 102/644/605 1409/645/569 3692/628/573 1406/627/594
f 102/644/605 1406/627/594 3690/597/565 1410/596/564
f 103/646/606 1381/602/570 3683/590/560 1386/619/586
f 103/646/606 1386/619/586 3681/618/585 1412/647/607
f 103/646/606 1412/647/607 3689/631/597 1402/630/596
f 103/646/606 1402/630/596 3691/603/571 1381/602/570
f 104/648/608 1412/647/607 3681/618/585 1384/620/587
f 104/648/608 1384/620/587 3680/586/556 1411/642/604
f 104/648/608 1411/642/604 3688/637/601 1400/636/600
f 104/648/608 1400/636/600 3689/631/597 1412/647/607
f 105/649/609 1415/650/610 3607/651/611 1206/652/612
f 105/649/609 1206/652/612 4124/653/613 2326/654/614
f 105/649/609 2326/654/614 3699/268/84 1422/267/263
f 105/649/609 1422/267/263 3695/36/36 1415/650/610
f 106/655/615 2414/656/616 4150/657/617 2375/658/618
f 106/655/615 2375/658/618 3625/659/619 1420/660/620
f 106/655/615 1420/660/620 3698/18/18 2385/240/239
f 106/655/615 2385/240/239 4160/239/238 2414/656/616
f 107/661/621 1204/77/76 3599/76/75 1244/662/622
f 107/661/621 1244/662/622 3623/663/623 2363/664/624
f 107/661/621 2363/664/624 4143/665/625 2367/666/626
f 107/661/621 2367/666/626 4142/78/77 1204/77/76
f 108/667/627 2413/668/628 4148/669/629 1222/670/630
f 108/667/627 1222/670/630 4196/671/631 2364/672/632
f 108/667/627 2364/672/632 4778/673/633 2365/674/634
f 108/667/627 2365/674/634 4175/675/635 2413/668/628
f 109/676/636 1221/677/637 3713/232/231 1474/231/230
f 109/676/636 1474/231/230 3712/27/27 1264/26/26
f 109/676/636 1264/26/26 3720/33/33 1486/678/638
f 109/676/636 1486/678/638 3724/679/639 1221/677/637
f 110/680/640 1414/681/641 3601/682/642 1198/683/643
f 110/680/640 1198/683/643 3607/651/611 1415/650/610
f 110/680/640 1415/650/610 3695/36/36 1427/35/35
f 110/680/640 1427/35/35 3694/20/20 1414/681/641
f 111/684/644 1353/685/645 4144/686/211 2370/687/646
f 111/684/644 2370/687/646 3637/688/42 1207/689/248
f 111/684/644 1207/689/248 3668/577/252 1343/576/547
f 111/684/644 1343/576/547 3669/505/495 1353/685/645
f 112/690/647 1420/660/620 3625/659/619 1246/691/648
f 112/690/647 1246/691/648 3601/682/642 1414/681/641
f 112/690/647 1414/681/641 3694/20/20 1429/19/19
f 112/690/647 1429/19/19 3698/18/18 1420/660/620
f 113/692/649 1430/693/650 4162/117/116 2412/694/651
f 113/692/649 2412/694/651 4163/695/652 1431/696/653
f 113/692/649 1431/696/653 4307/697/654 1432/698/655
f 113/692/649 1432/698/655 4305/699/656 1430/693/650
f 114/700/657 1437/114/113 3704/113/112 1448/701/658
f 114/700/657 1448/701/658 3703/247/246 1441/246/245
f 114/700/657 1441/246/245 3700/115/114 1437/114/113
f 115/702/659 2411/703/660 4165/704/661 2390/705/662
f 115/702/659 2390/705/662 4312/706/663 1528/707/664
f 115/702/659 1528/707/664 4359/708/665 1433/709/666
f 115/702/659 1433/709/666 4164/710/667 2411/703/660
f 116/711/668 1235/712/669 3610/38/38 1209/271/264
f 116/711/668 1209/271/264 3636/270/82 1532/713/670
f 116/711/668 1532/713/670 3745/199/198 1446/198/197
f 116/711/668 1446/198/197 3702/205/204 1235/712/669
f 117/714/671 2410/715/672 4155/259/255 1229/258/254
f 117/714/671 1229/258/254 4204/265/261 1444/716/673
f 117/714/671 1444/716/673 4312/706/663 2390/705/662
f 117/714/671 2390/705/662 4165/704/661 2410/715/672
f 118/717/674 1442/718/675 3629/24/24 1250/23/23
f 118/717/674 1250/23/23 3606/22/22 1436/719/676
f 118/717/674 1436/719/676 3703/247/246 1448/701/658
f 118/717/674 1448/701/658 3704/113/112 1442/718/675
f 119/720/677 1436/719/676 3606/22/22 1203/39/39
f 119/720/677 1203/39/39 3610/38/38 1235/712/669
f 119/720/677 1235/712/669 3702/205/204 1449/244/243
f 119/720/677 1449/244/243 3703/247/246 1436/719/676
f 120/721/678 2409/722/679 4154/242/241 2379/241/240
f 120/721/678 2379/241/240 3629/24/24 1442/718/675
f 120/721/678 1442/718/675 3704/113/112 2391/112/111
f 120/721/678 2391/112/111 4166/111/110 2409/722/679
f 121/723/680 1462/724/681 4169/126/125 2408/725/682
f 121/723/680 2408/725/682 4168/726/683 1453/727/684
f 121/723/680 1453/727/684 4319/728/685 1459/729/686
f 121/723/680 1459/729/686 4321/730/687 1462/724/681
f 122/731/688 1453/732/684 4168/733/683 2407/734/689
f 122/731/688 2407/734/689 4167/735/690 1452/736/691
f 122/731/688 1452/736/691 4317/737/692 1454/738/693
f 122/731/688 1454/738/693 4319/739/685 1453/732/684
f 123/740/694 1456/741/695 3707/742/233 1451/743/696
f 123/740/694 1451/743/696 3706/196/195 1455/195/194
f 123/740/694 1455/195/194 3708/194/193 1457/744/697
f 123/740/694 1457/744/697 3709/745/698 1456/741/695
f 124/746/699 1461/747/700 3710/236/235 1458/235/234
f 124/746/699 1458/235/234 3707/234/233 1456/748/695
f 124/746/699 1456/748/695 3709/749/698 1460/750/701
f 124/746/699 1460/750/701 3711/124/123 1461/747/700
f 125/751/702 2406/752/703 4153/143/142 1227/142/141
f 125/751/702 1227/142/141 4202/141/140 1466/753/704
f 125/751/702 1466/753/704 4327/754/705 2395/755/706
f 125/751/702 2395/755/706 4170/756/707 2406/752/703
f 126/757/708 1463/123/122 3714/122/121 1473/758/709
f 126/757/708 1473/758/709 3712/27/27 1237/230/229
f 126/757/708 1237/230/229 3710/236/235 1461/747/700
f 126/757/708 1461/747/700 3711/124/123 1463/123/122
f 127/759/710 1268/760/232 3713/761/231 1472/762/711
f 127/759/710 1472/762/711 3620/190/189 1465/189/188
f 127/759/710 1465/189/188 3706/196/195 1451/743/696
f 127/759/710 1451/743/696 3707/742/233 1268/760/232
f 128/763/712 2405/764/713 4170/756/707 2395/755/706
f 128/763/712 2395/755/706 4327/754/705 1470/765/714
f 128/763/712 1470/765/714 4317/737/692 1452/736/691
f 128/763/712 1452/736/691 4167/735/690 2405/764/713
f 129/766/715 2331/767/716 3641/768/717 1269/769/718
f 129/766/715 1269/769/718 3636/83/82 1257/770/719
f 129/766/715 1257/770/719 4129/29/29 2335/771/720
f 129/766/715 2335/771/720 4127/772/721 2331/767/716
f 130/773/722 1428/774/723 3693/178/177 1413/177/176
f 130/773/722 1413/177/176 3605/184/183 1467/775/724
f 130/773/722 1467/775/724 3718/776/725 1483/777/726
f 130/773/722 1483/777/726 3715/778/727 1428/774/723
f 131/779/728 1231/780/729 3605/184/183 1249/183/182
f 131/779/728 1249/183/182 3628/182/181 1266/781/730
f 131/779/728 1266/781/730 3634/192/191 1475/191/190
f 131/779/728 1475/191/190 3620/190/189 1231/780/729
f 132/782/731 2404/783/732 4159/784/257 2384/785/733
f 132/782/731 2384/785/733 3641/768/717 2331/767/716
f 132/782/731 2331/767/716 4127/772/721 2399/786/734
f 132/782/731 2399/786/734 4174/787/735 2404/783/732
f 3617/788/736 1491/789/737 1478/790/738 3716/791/739
f 1482/792/740 1498/793/741 3729/794/742 3721/795/743
f 3730/796/744 1501/797/745 1484/798/746 3722/799/747
f 1478/790/738 1491/789/737 3725/800/748 3717/801/749
f 3719/802/750 3727/803/751 1494/804/752 1479/805/753
f 1484/798/746 1501/797/745 3731/806/754 3723/807/755
f 3715/778/727 3696/808/756 1490/809/757 1477/810/758
f 1479/805/753 1494/804/752 3726/811/759 3718/776/725
f 3717/812/749 3725/813/748 1496/814/760 1481/815/761
f 1477/810/758 1490/809/757 3617/788/736 3716/791/739
f 3724/816/639 3732/817/762 1505/818/763 1485/819/764
f 1481/815/761 1496/814/760 3730/796/744 3722/799/747
f 133/820/765 1467/775/724 3605/184/183 1231/780/729
f 133/820/765 1231/780/729 3620/190/189 1489/821/766
f 133/820/765 1489/821/766 3719/802/750 1479/805/753
f 133/820/765 1479/805/753 3718/776/725 1467/775/724
f 134/822/767 1489/821/766 3620/190/189 1472/762/711
f 134/822/767 1472/762/711 3713/761/231 1221/823/637
f 134/822/767 1221/823/637 3724/816/639 1485/819/764
f 134/822/767 1485/819/764 3719/802/750 1489/821/766
f 135/824/768 2360/540/519 4145/539/213 2359/825/212
f 135/824/768 2359/825/212 4144/686/211 1353/685/645
f 135/824/768 1353/685/645 3669/505/495 1344/504/494
f 135/824/768 1344/504/494 3670/503/493 2360/540/519
f 136/826/769 1502/827/770 3727/803/751 1505/818/763
f 136/826/769 1505/818/763 3732/817/762 1525/828/771
f 136/826/769 1525/828/771 3744/829/772 1522/830/773
f 136/826/769 1522/830/773 3739/831/774 1502/827/770
f 137/832/775 1524/833/776 3729/794/742 1498/793/741
f 137/832/775 1498/793/741 3731/806/754 1493/834/777
f 137/832/775 1493/834/777 3743/835/778 1515/836/779
f 137/832/775 1515/836/779 3741/837/780 1524/833/776
f 138/838/781 1492/839/782 3725/800/748 1491/789/737
f 138/838/781 1491/789/737 3617/788/736 1503/840/783
f 138/838/781 1503/840/783 3734/841/784 1508/842/785
f 138/838/781 1508/842/785 3735/843/786 1492/839/782
f 139/844/787 1493/834/777 3731/806/754 1501/797/745
f 139/844/787 1501/797/745 3730/796/744 1497/845/788
f 139/844/787 1497/845/788 3742/846/789 1518/847/790
f 139/844/787 1518/847/790 3743/835/778 1493/834/777
f 140/848/791 1500/849/792 3726/811/759 1494/804/752
f 140/848/791 1494/804/752 3727/803/751 1502/827/770
f 140/848/791 1502/827/770 3739/831/774 1511/850/793
f 140/848/791 1511/850/793 3736/851/794 1500/849/792
f 141/852/795 1503/840/783 3617/788/736 1490/809/757
f 141/852/795 1490/809/757 3696/808/756 1504/853/796
f 141/852/795 1504/853/796 3733/854/797 1507/855/798
f 141/852/795 1507/855/798 3734/841/784 1503/840/783
f 3729/794/742 1495/856/799 1480/857/800 3721/795/743
f 1485/819/764 1505/818/763 3727/803/751 3719/802/750
f 3726/811/759 1499/858/801 1483/777/726 3718/776/725
f 1480/857/800 1495/856/799 3728/859/802 3720/33/33
f 3728/859/802 1506/860/803 1486/678/638 3720/33/33
f 1483/777/726 1499/858/801 3696/808/756 3715/778/727
f 4342/861/804 2694/862/805 2678/863/806 4334/864/807
f 1486/678/638 1506/860/803 3732/865/762 3724/679/639
f 142/866/808 1510/867/809 3738/868/810 1520/869/811
f 142/866/808 1520/869/811 3733/854/797 1516/870/812
f 142/866/808 1516/870/812 3736/851/794 1509/871/813
f 142/866/808 1509/871/813 3737/872/814 1510/867/809
f 143/873/815 1515/836/779 3743/835/778 1519/874/816
f 143/873/815 1519/874/816 3738/875/810 1510/876/809
f 143/873/815 1510/876/809 3737/877/814 1514/878/817
f 143/873/815 1514/878/817 3741/837/780 1515/836/779
f 144/879/818 1521/880/819 3737/872/814 1509/871/813
f 144/879/818 1509/871/813 3736/851/794 1511/850/793
f 144/879/818 1511/850/793 3739/831/774 1522/830/773
f 144/879/818 1522/830/773 3744/829/772 1521/880/819
f 145/881/820 1518/847/790 3742/846/789 1513/882/821
f 145/881/820 1513/882/821 3735/883/786 1517/884/822
f 145/881/820 1517/884/822 3738/875/810 1519/874/816
f 145/881/820 1519/874/816 3743/835/778 1518/847/790
f 146/885/823 1517/886/822 3735/843/786 1508/842/785
f 146/885/823 1508/842/785 3734/841/784 1507/855/798
f 146/885/823 1507/855/798 3733/854/797 1520/869/811
f 146/885/823 1520/869/811 3738/868/810 1517/886/822
f 147/887/824 1512/888/825 3741/837/780 1514/878/817
f 147/887/824 1514/878/817 3737/877/814 1521/889/819
f 147/887/824 1521/889/819 3744/890/772 1523/891/826
f 147/887/824 1523/891/826 3740/892/827 1512/888/825
f 148/893/828 1526/894/829 3728/859/802 1495/856/799
f 148/893/828 1495/856/799 3729/794/742 1524/833/776
f 148/893/828 1524/833/776 3741/837/780 1512/888/825
f 148/893/828 1512/888/825 3740/892/827 1526/894/829
f 149/895/830 1504/853/796 3696/808/756 1499/858/801
f 149/895/830 1499/858/801 3726/811/759 1500/849/792
f 149/895/830 1500/849/792 3736/851/794 1516/870/812
f 149/895/830 1516/870/812 3733/854/797 1504/853/796
f 150/896/831 1525/897/771 3732/865/762 1506/860/803
f 150/896/831 1506/860/803 3728/859/802 1526/894/829
f 150/896/831 1526/894/829 3740/892/827 1523/891/826
f 150/896/831 1523/891/826 3744/890/772 1525/897/771
f 151/898/832 1497/845/788 3730/796/744 1496/814/760
f 151/898/832 1496/814/760 3725/813/748 1492/899/782
f 151/898/832 1492/899/782 3735/883/786 1513/882/821
f 151/898/832 1513/882/821 3742/846/789 1497/845/788
f 152/900/833 1531/901/834 3636/270/82 1269/902/718
f 152/900/833 1269/902/718 3641/903/717 1260/904/835
f 152/900/833 1260/904/835 3630/905/836 1531/901/834
f 153/906/837 1527/907/838 3745/199/198 1532/713/670
f 153/906/837 1532/713/670 3636/270/82 1531/901/834
f 153/906/837 1531/901/834 3630/905/836 1440/908/839
f 153/906/837 1440/908/839 3705/909/840 1527/907/838
f 154/910/841 2403/911/842 4164/710/667 1433/709/666
f 154/910/841 1433/709/666 4359/708/665 1439/912/843
f 154/910/841 1439/912/843 4307/697/654 1431/696/653
f 154/910/841 1431/696/653 4163/695/652 2403/911/842
f 155/913/844 1445/914/845 3746/201/200 1530/200/199
f 155/913/844 1530/200/199 3745/199/198 1527/907/838
f 155/913/844 1527/907/838 3705/909/840 1445/914/845
f 156/915/846 1636/916/847 3774/917/848 1537/918/849
f 156/915/846 1537/918/849 4365/919/850 1637/920/851
f 156/915/846 1637/920/851 4421/921/852 1643/922/853
f 156/915/846 1643/922/853 3794/923/854 1636/916/847
f 157/924/855 1551/925/856 3651/391/383 1313/405/397
f 157/924/855 1313/405/397 3652/378/370 1547/926/857
f 157/924/855 1547/926/857 3751/927/432 1539/928/431
f 157/924/855 1539/928/431 3754/929/430 1551/925/856
f 158/930/858 1600/931/859 3770/336/328 1587/335/327
f 158/930/858 1587/335/327 3649/334/326 1543/932/860
f 158/930/858 1543/932/860 3749/933/861 1590/934/862
f 158/930/858 1590/934/862 3773/935/863 1600/931/859
f 159/936/864 1599/937/865 3772/346/338 1300/938/866
f 159/936/864 1300/938/866 4246/939/867 1542/940/868
f 159/936/864 1542/940/868 4365/941/850 1537/942/849
f 159/936/864 1537/942/849 3774/943/848 1599/937/865
f 160/944/869 2271/945/870 4092/368/360 1279/367/359
f 160/944/869 1279/367/359 3650/340/332 1544/946/871
f 160/944/869 1544/946/871 3748/947/872 1533/948/873
f 160/944/869 1533/948/873 4095/949/874 2271/945/870
f 161/950/875 1543/932/860 3649/334/326 1319/361/353
f 161/950/875 1319/361/353 3658/360/352 1540/951/876
f 161/950/875 1540/951/876 3750/952/877 1538/953/878
f 161/950/875 1538/953/878 3749/933/861 1543/932/860
f 162/954/879 1598/955/880 3775/956/881 1592/957/882
f 162/954/879 1592/957/882 3753/958/883 1562/959/884
f 162/954/879 1562/959/884 3757/302/295 1588/960/885
f 162/954/879 1588/960/885 3771/961/886 1598/955/880
f 163/962/887 1562/959/884 3753/958/883 1638/963/888
f 163/962/887 1638/963/888 3795/444/436 1647/964/889
f 163/962/887 1647/964/889 3758/296/289 1560/295/288
f 163/962/887 1560/295/288 3757/302/295 1562/959/884
f 164/965/890 1293/966/891 3771/961/886 1597/967/892
f 164/965/890 1597/967/892 3777/968/893 1559/969/894
f 164/965/890 1559/969/894 4377/970/895 1557/971/896
f 164/965/890 1557/971/896 4376/972/897 1293/966/891
f 165/973/898 1536/974/899 4083/975/900 2258/976/901
f 165/973/898 2258/976/901 4087/977/902 1648/978/903
f 165/973/898 1648/978/903 3796/442/434 1639/441/433
f 165/973/898 1639/441/433 3751/440/432 1536/974/899
f 166/979/904 1556/980/905 3749/981/861 1538/982/878
f 166/979/904 1538/982/878 3750/983/877 1664/984/906
f 166/979/904 1664/984/906 3804/985/907 1656/986/908
f 166/979/904 1656/986/908 3801/987/909 1556/980/905
f 167/988/910 1654/989/911 3773/990/863 1590/991/862
f 167/988/910 1590/991/862 3749/981/861 1556/980/905
f 167/988/910 1556/980/905 3801/987/909 1657/992/912
f 167/988/910 1657/992/912 3802/993/913 1654/989/911
f 168/994/914 1540/951/876 3658/360/352 1304/432/424
f 168/994/914 1304/432/424 3651/391/383 1551/925/856
f 168/994/914 1551/925/856 3754/929/430 1552/995/915
f 168/994/914 1552/995/915 3750/952/877 1540/951/876
f 169/996/916 1595/997/917 3776/998/918 1549/999/919
f 169/996/916 1549/999/919 4371/1000/920 1565/1001/921
f 169/996/916 1565/1001/921 4377/970/895 1559/969/894
f 169/996/916 1559/969/894 3777/968/893 1595/997/917
f 170/1002/922 2257/1003/923 4083/1004/900 1536/1005/899
f 170/1002/922 1536/1005/899 3751/927/432 1547/926/857
f 170/1002/922 1547/926/857 3652/378/370 2238/1006/924
f 170/1002/922 2238/1006/924 4082/414/406 2257/1003/923
f 171/1007/925 1601/1008/926 4086/1009/927 2256/1010/928
f 171/1007/925 2256/1010/928 4716/1011/929 1553/1012/930
f 171/1007/925 1553/1012/930 4371/1000/920 1549/999/919
f 171/1007/925 1549/999/919 3776/998/918 1601/1008/926
f 172/1013/931 2270/1014/932 4096/289/282 2267/1015/933
f 172/1013/931 2267/1015/933 3762/451/443 1570/1016/934
f 172/1013/931 1570/1016/934 4256/1017/935 1318/1018/936
f 172/1013/931 1318/1018/936 4726/1019/937 2270/1014/932
f 173/1020/938 2255/1021/939 4085/449/441 2242/1022/940
f 173/1020/938 2242/1022/940 3760/410/402 1568/1023/941
f 173/1020/938 1568/1023/941 4237/1024/942 1303/1025/943
f 173/1020/938 1303/1025/943 4711/1026/944 2255/1021/939
f 174/1027/945 1568/1023/941 3760/410/402 1575/409/401
f 174/1027/945 1575/409/401 3759/408/400 1567/1028/946
f 174/1027/945 1567/1028/946 4261/1029/947 1329/1030/948
f 174/1027/945 1329/1030/948 4237/1024/942 1568/1023/941
f 175/1031/949 1567/1028/946 3759/408/400 1576/458/450
f 175/1031/949 1576/458/450 3764/457/449 1275/1032/950
f 175/1031/949 1275/1032/950 4235/1033/951 1277/1034/952
f 175/1031/949 1277/1034/952 4261/1029/947 1567/1028/946
f 176/1035/953 1290/1036/954 3761/344/336 1577/349/341
f 176/1035/953 1577/349/341 3763/291/284 1289/1037/955
f 176/1035/953 1289/1037/955 4241/1038/956 1294/1039/957
f 176/1035/953 1294/1039/957 4243/1040/958 1290/1036/954
f 177/1041/959 1582/1042/960 3769/398/390 1583/467/459
f 177/1041/959 1583/467/459 3768/466/458 1581/1043/961
f 177/1041/959 1581/1043/961 3642/317/310 1334/469/461
f 177/1041/959 1334/469/461 3664/387/379 1582/1042/960
f 178/1044/962 1580/1045/963 3767/307/300 1584/435/427
f 178/1044/962 1584/435/427 3765/400/392 1578/1046/964
f 178/1044/962 1578/1046/964 3653/393/385 1316/431/423
f 178/1044/962 1316/431/423 3656/358/350 1580/1045/963
f 179/1047/965 1579/331/323 3766/309/302 1585/308/301
f 179/1047/965 1585/308/301 3767/307/300 1580/1045/963
f 179/1047/965 1580/1045/963 3656/358/350 1284/357/349
f 179/1047/965 1284/357/349 3639/332/324 1579/331/323
f 180/1048/966 1578/1046/964 3765/400/392 1586/399/391
f 180/1048/966 1586/399/391 3769/398/390 1582/1042/960
f 180/1048/966 1582/1042/960 3664/387/379 1307/386/378
f 180/1048/966 1307/386/378 3653/393/385 1578/1046/964
f 181/1049/967 1566/1050/968 3752/1051/969 1593/1052/970
f 181/1049/967 1593/1052/970 3776/998/918 1595/997/917
f 181/1049/967 1595/997/917 3777/968/893 1594/1053/971
f 181/1049/967 1594/1053/971 3756/300/293 1566/1050/968
f 182/1054/972 1655/1055/973 4364/1056/974 1534/1057/975
f 182/1054/972 1534/1057/975 3773/990/863 1654/989/911
f 182/1054/972 1654/989/911 3802/993/913 1658/1058/976
f 182/1054/972 1658/1058/976 4431/1059/977 1655/1055/973
f 183/1060/978 1588/960/885 3757/302/295 1558/301/294
f 183/1060/978 1558/301/294 3756/300/293 1594/1053/971
f 183/1060/978 1594/1053/971 3777/968/893 1597/967/892
f 183/1060/978 1597/967/892 3771/961/886 1588/960/885
f 184/1061/979 1563/1062/980 4370/1063/981 1546/1064/982
f 184/1061/979 1546/1064/982 3775/956/881 1598/955/880
f 184/1061/979 1598/955/880 3771/961/886 1293/966/891
f 184/1061/979 1293/966/891 4376/972/897 1563/1062/980
f 185/1065/983 1544/946/871 3650/340/332 1589/339/331
f 185/1065/983 1589/339/331 3772/346/338 1599/937/865
f 185/1065/983 1599/937/865 3774/943/848 1591/1066/984
f 185/1065/983 1591/1066/984 3748/947/872 1544/946/871
f 186/1067/985 1541/1068/986 4245/1069/987 1291/1070/988
f 186/1067/985 1291/1070/988 3770/336/328 1600/931/859
f 186/1067/985 1600/931/859 3773/935/863 1534/1071/975
f 186/1067/985 1534/1071/975 4364/1072/974 1541/1068/986
f 187/1073/989 1554/1074/990 3748/1075/872 1591/1076/984
f 187/1073/989 1591/1076/984 3774/917/848 1636/916/847
f 187/1073/989 1636/916/847 3794/923/854 1645/1077/991
f 187/1073/989 1645/1077/991 3798/1078/992 1554/1074/990
f 188/1079/993 1300/938/866 3772/346/338 1602/345/337
f 188/1079/993 1602/345/337 3761/344/336 1290/1036/954
f 188/1079/993 1290/1036/954 4243/1040/958 1298/1080/994
f 188/1079/993 1298/1080/994 4246/939/867 1300/938/866
f 189/1081/995 1288/310/303 3766/309/302 1603/337/329
f 189/1081/995 1603/337/329 3770/336/328 1291/1070/988
f 189/1081/995 1291/1070/988 4245/1069/987 1292/1082/996
f 189/1081/995 1292/1082/996 4208/311/304 1288/310/303
f 190/1083/997 1215/1084/276 3615/1085/998 2369/1086/999
f 190/1083/997 2369/1086/999 3716/791/739 1478/790/738
f 190/1083/997 1478/790/738 3717/801/749 2372/1087/1000
f 190/1083/997 2372/1087/1000 4146/1088/277 1215/1084/276
f 191/1089/1001 1233/1090/1002 3633/1091/271 1258/1092/270
f 191/1089/1001 1258/1092/270 3640/1093/269 1605/1094/1003
f 191/1089/1001 1605/1094/1003 3780/92/91 1610/159/158
f 191/1089/1001 1610/159/158 3779/158/157 1233/1090/1002
f 192/1095/1004 1605/1094/1003 3640/1093/269 1267/1096/503
f 192/1095/1004 1267/1096/503 3631/352/344 1606/351/343
f 192/1095/1004 1606/351/343 3781/94/93 1611/93/92
f 192/1095/1004 1611/93/92 3780/92/91 1605/1094/1003
f 3625/659/619 3792/216/215 1629/217/216 1246/691/648
f 1215/283/276 1628/220/219 3790/273/266 3615/1097/998
f 193/1098/1005 1326/327/319 3778/326/318 1618/1099/1006
f 193/1098/1005 1618/1099/1006 3784/1100/1007 1619/1101/1008
f 193/1098/1005 1619/1101/1008 3764/457/449 1572/456/448
f 193/1098/1005 1572/456/448 3643/328/320 1326/327/319
f 194/1102/1009 1241/1103/1010 4404/1104/1011 1615/1105/1012
f 194/1102/1009 1615/1105/1012 3783/1106/1013 1617/1107/1014
f 194/1102/1009 1617/1107/1014 3768/466/458 1274/465/457
f 194/1102/1009 1274/465/457 4233/464/456 1241/1103/1010
f 195/1108/1015 1581/1043/961 3768/466/458 1617/1107/1014
f 195/1108/1015 1617/1107/1014 3783/1106/1013 1616/1109/1016
f 195/1108/1015 1616/1109/1016 3782/314/307 1607/313/306
f 195/1108/1015 1607/313/306 3642/317/310 1581/1043/961
f 196/1110/1017 1275/1032/950 3764/457/449 1619/1101/1008
f 196/1110/1017 1619/1101/1008 3784/1100/1007 1613/1111/1018
f 196/1110/1017 1613/1111/1018 4403/1112/1019 1612/1113/1020
f 196/1110/1017 1612/1113/1020 4235/1033/951 1275/1032/950
f 197/1114/1021 1613/1111/1018 3784/1100/1007 1621/1115/1022
f 197/1114/1021 1621/1115/1022 3785/1116/1023 1623/1117/1024
f 197/1114/1021 1623/1117/1024 4408/1118/1025 1622/1119/1026
f 197/1114/1021 1622/1119/1026 4403/1112/1019 1613/1111/1018
f 198/1120/1027 1271/1121/1028 4408/1122/1025 1623/1123/1024
f 198/1120/1027 1623/1123/1024 3785/1124/1023 2423/1125/1029
f 198/1120/1027 2423/1125/1029 4151/149/148 1225/148/147
f 198/1120/1027 1225/148/147 4199/147/146 1271/1121/1028
f 199/1126/1030 1616/1109/1016 3783/1106/1013 1626/1127/1031
f 199/1126/1030 1626/1127/1031 3786/1128/225 2350/1129/224
f 199/1126/1030 2350/1129/224 4134/1130/223 2349/1131/1032
f 199/1126/1030 2349/1131/1032 3782/314/307 1616/1109/1016
f 200/1132/1033 1614/1133/1034 4409/1134/1035 1627/1135/1036
f 200/1132/1033 1627/1135/1036 3786/1128/225 1626/1127/1031
f 200/1132/1033 1626/1127/1031 3783/1106/1013 1615/1105/1012
f 200/1132/1033 1615/1105/1012 4404/1104/1011 1614/1133/1034
f 3599/76/75 3787/62/61 1630/187/186 1244/662/622
f 1246/691/648 1629/217/216 3788/50/49 3601/682/642
f 3791/215/214 3623/663/623 1244/662/622 1630/187/186
f 4172/102/101 1631/101/100 1222/670/630 4148/669/629
f 4416/106/105 4196/671/631 1222/670/630 1631/101/100
f 4198/1136/1037 4415/70/69 2398/73/72 1224/1137/1038
f 4138/57/56 1633/56/55 2354/75/74 4140/80/79
f 1224/1137/1038 2398/73/72 4173/104/103 4150/657/617
f 3601/682/642 3788/50/49 1634/52/51 1198/683/643
f 2354/75/74 1633/56/55 3787/62/61 3599/76/75
f 4124/1138/613 4122/40/40 1635/41/41 2325/1139/1039
f 1198/683/643 1634/52/51 3789/58/57 3607/651/611
f 4122/1140/40 2323/1141/1040 2324/1142/1041 4123/1143/10
f 2325/1139/1039 1635/41/41 3793/53/52 3635/1144/1042
f 201/1145/1043 1641/1146/1044 3800/1147/1045 1564/1148/1046
f 201/1145/1043 1564/1148/1046 3799/1149/1047 1640/1150/1048
f 201/1145/1043 1640/1150/1048 4097/1151/1049 2268/1152/1050
f 201/1145/1043 2268/1152/1050 3798/1078/992 1641/1146/1044
f 202/1153/1051 1650/1154/1052 3794/923/854 1643/922/853
f 202/1153/1051 1643/922/853 4421/921/852 1644/1155/1053
f 202/1153/1051 1644/1155/1053 4426/1156/1054 1642/1157/1055
f 202/1153/1051 1642/1157/1055 3797/1158/1056 1650/1154/1052
f 203/1159/1057 1641/1146/1044 3798/1078/992 1645/1077/991
f 203/1159/1057 1645/1077/991 3794/923/854 1650/1154/1052
f 203/1159/1057 1650/1154/1052 3797/1158/1056 1651/1160/1058
f 203/1159/1057 1651/1160/1058 3800/1147/1045 1641/1146/1044
f 204/1161/1059 1649/1162/1060 3796/442/434 1545/1163/1061
f 204/1161/1059 1545/1163/1061 3752/1051/969 1566/1050/968
f 204/1161/1059 1566/1050/968 3756/300/293 1535/299/292
f 204/1161/1059 1535/299/292 3755/298/291 1649/1162/1060
f 205/1164/1062 1647/964/889 3795/444/436 1646/443/435
f 205/1164/1062 1646/443/435 3796/442/434 1649/1162/1060
f 205/1164/1062 1649/1162/1060 3755/298/291 1561/297/290
f 205/1164/1062 1561/297/290 3758/296/289 1647/964/889
f 206/1165/1063 2254/1166/1064 4087/977/902 2244/1167/1065
f 206/1165/1063 2244/1167/1065 3799/1149/1047 1564/1148/1046
f 206/1165/1063 1564/1148/1046 3800/1147/1045 1548/1168/1066
f 206/1165/1063 1548/1168/1066 4084/1169/1067 2254/1166/1064
f 207/1170/1068 2240/1171/1069 4084/1169/1067 2253/1172/1070
f 207/1170/1068 2253/1172/1070 4086/1009/927 1601/1008/926
f 207/1170/1068 1601/1008/926 3776/998/918 1593/1052/970
f 207/1170/1068 1593/1052/970 3752/1051/969 2240/1171/1069
f 208/1173/1071 2268/1152/1050 4097/1151/1049 2269/1174/1072
f 208/1173/1071 2269/1174/1072 4095/1175/874 1533/1176/873
f 208/1173/1071 1533/1176/873 3748/1075/872 1554/1074/990
f 208/1173/1071 1554/1074/990 3798/1078/992 2268/1152/1050
f 209/1177/1073 1653/1178/1074 3801/987/909 1656/986/908
f 209/1177/1073 1656/986/908 3804/985/907 1665/1179/1075
f 209/1177/1073 1665/1179/1075 3803/1180/1076 1653/1178/1074
f 210/1181/1077 1661/1182/1078 3802/993/913 1657/992/912
f 210/1181/1077 1657/992/912 3801/987/909 1653/1178/1074
f 210/1181/1077 1653/1178/1074 3803/1180/1076 1666/1183/1079
f 210/1181/1077 1666/1183/1079 3805/1184/1080 1661/1182/1078
f 211/1185/1081 1662/1186/1082 4431/1059/977 1658/1058/976
f 211/1185/1081 1658/1058/976 3802/993/913 1661/1182/1078
f 211/1185/1081 1661/1182/1078 3805/1184/1080 1663/1187/1083
f 211/1185/1081 1663/1187/1083 4435/1188/1084 1662/1186/1082
f 212/1189/1085 1555/1190/1086 4435/1188/1084 1663/1187/1083
f 212/1189/1085 1663/1187/1083 3805/1184/1080 1596/1191/1087
f 212/1189/1085 1596/1191/1087 3775/956/881 1546/1064/982
f 212/1189/1085 1546/1064/982 4370/1063/981 1555/1190/1086
f 213/1192/1088 1660/1193/1089 3804/985/907 1664/984/906
f 213/1192/1088 1664/984/906 3750/983/877 1552/1194/915
f 213/1192/1088 1552/1194/915 3754/438/430 1550/437/429
f 213/1192/1088 1550/437/429 3795/444/436 1660/1193/1089
f 214/1195/1090 1659/1196/1091 3803/1180/1076 1665/1179/1075
f 214/1195/1090 1665/1179/1075 3804/985/907 1660/1193/1089
f 214/1195/1090 1660/1193/1089 3795/444/436 1638/963/888
f 214/1195/1090 1638/963/888 3753/958/883 1659/1196/1091
f 215/1197/1092 1596/1191/1087 3805/1184/1080 1666/1183/1079
f 215/1197/1092 1666/1183/1079 3803/1180/1076 1659/1196/1091
f 215/1197/1092 1659/1196/1091 3753/958/883 1592/957/882
f 215/1197/1092 1592/957/882 3775/956/881 1596/1191/1087
f 216/1198/1093 1687/1199/1094 3814/1200/1095 1674/1201/1096
f 216/1198/1093 1674/1201/1096 3813/1202/1097 1688/1203/1098
f 216/1198/1093 1688/1203/1098 3824/1204/1099 1684/1205/1100
f 216/1198/1093 1684/1205/1100 3825/1206/1101 1687/1199/1094
f 217/1207/1102 1689/1208/1103 3811/1209/1104 1671/1210/1105
f 217/1207/1102 1671/1210/1105 3810/1211/1106 1690/1212/1107
f 217/1207/1102 1690/1212/1107 3821/1213/1108 1681/1214/1109
f 217/1207/1102 1681/1214/1109 3822/1215/1110 1689/1208/1103
f 218/1216/1111 1691/1217/1112 3808/1218/1113 1668/1219/1114
f 218/1216/1111 1668/1219/1114 3807/1220/1115 1692/1221/1116
f 218/1216/1111 1692/1221/1116 3818/1222/1117 1678/1223/1118
f 218/1216/1111 1678/1223/1118 3819/1224/1119 1691/1217/1112
f 219/1225/1120 1693/1226/1121 3815/1227/1122 1675/1228/1123
f 219/1225/1120 1675/1228/1123 3814/1200/1095 1687/1199/1094
f 219/1225/1120 1687/1199/1094 3825/1206/1101 1685/1229/1124
f 219/1225/1120 1685/1229/1124 3826/1230/1125 1693/1226/1121
f 220/1231/1126 1694/1232/1127 3812/1233/1128 1672/1234/1129
f 220/1231/1126 1672/1234/1129 3811/1235/1104 1689/1236/1103
f 220/1231/1126 1689/1236/1103 3822/1237/1110 1682/1238/1130
f 220/1231/1126 1682/1238/1130 3823/1239/1131 1694/1232/1127
f 221/1240/1132 1695/1241/1133 3809/1242/1134 1669/1243/1135
f 221/1240/1132 1669/1243/1135 3808/1218/1113 1691/1217/1112
f 221/1240/1132 1691/1217/1112 3819/1224/1119 1679/1244/1136
f 221/1240/1132 1679/1244/1136 3820/1245/1137 1695/1241/1133
f 222/1246/1138 1696/1247/1139 3816/1248/1140 1676/1249/1141
f 222/1246/1138 1676/1249/1141 3815/1227/1122 1693/1226/1121
f 222/1246/1138 1693/1226/1121 3826/1230/1125 1686/1250/1142
f 222/1246/1138 1686/1250/1142 3827/1251/1143 1696/1247/1139
f 223/1252/1144 1697/1253/1145 3806/1254/1146 2178/1255/1147
f 223/1252/1144 2178/1255/1147 3905/1256/1148 2180/1257/1149
f 223/1252/1144 2180/1257/1149 3817/1258/1150 1697/1253/1145
f 224/1259/1151 1688/1203/1098 3813/1202/1097 1673/1260/1152
f 224/1259/1151 1673/1260/1152 3812/1233/1128 1694/1232/1127
f 224/1259/1151 1694/1232/1127 3823/1239/1131 1683/1261/1153
f 224/1259/1151 1683/1261/1153 3824/1204/1099 1688/1203/1098
f 225/1262/1154 1690/1212/1107 3810/1211/1106 1670/1263/1155
f 225/1262/1154 1670/1263/1155 3809/1242/1134 1695/1241/1133
f 225/1262/1154 1695/1241/1133 3820/1245/1137 1680/1264/1156
f 225/1262/1154 1680/1264/1156 3821/1213/1108 1690/1212/1107
f 226/1265/1157 2181/1266/1158 3928/1267/1159 2179/1268/1160
f 226/1265/1157 2179/1268/1160 3816/1248/1140 1696/1247/1139
f 226/1265/1157 1696/1247/1139 3827/1251/1143 2181/1266/1158
f 227/1269/1161 1692/1221/1116 3807/1220/1115 1667/1270/1162
f 227/1269/1161 1667/1270/1162 3806/1254/1146 1697/1253/1145
f 227/1269/1161 1697/1253/1145 3817/1258/1150 1677/1271/1163
f 227/1269/1161 1677/1271/1163 3818/1222/1117 1692/1221/1116
f 228/1272/1164 1708/1273/1165 3820/1245/1137 1679/1244/1136
f 228/1272/1164 1679/1244/1136 3819/1224/1119 1709/1274/1166
f 228/1272/1164 1709/1274/1166 3830/1275/1167 1700/1276/1168
f 228/1272/1164 1700/1276/1168 3831/1277/1169 1708/1273/1165
f 229/1278/1170 1710/1279/1171 3827/1251/1143 1686/1250/1142
f 229/1278/1170 1686/1250/1142 3826/1230/1125 1711/1280/1172
f 229/1278/1170 1711/1280/1172 3837/1281/1173 1707/1282/1174
f 229/1278/1170 1707/1282/1174 3838/1283/1175 1710/1279/1171
f 230/1284/1176 1712/1285/1177 3817/1258/1150 2180/1257/1149
f 230/1284/1176 2180/1257/1149 3905/1256/1148 2182/1286/1178
f 230/1284/1176 2182/1286/1178 3828/1287/1179 1712/1285/1177
f 231/1288/1180 1713/1289/1181 3824/1204/1099 1683/1261/1153
f 231/1288/1180 1683/1261/1153 3823/1239/1131 1714/1290/1182
f 231/1288/1180 1714/1290/1182 3834/1291/1183 1704/1292/1184
f 231/1288/1180 1704/1292/1184 3835/1293/1185 1713/1289/1181
f 232/1294/1186 1715/1295/1187 3821/1213/1108 1680/1264/1156
f 232/1294/1186 1680/1264/1156 3820/1245/1137 1708/1273/1165
f 232/1294/1186 1708/1273/1165 3831/1277/1169 1701/1296/1188
f 232/1294/1186 1701/1296/1188 3832/1297/1189 1715/1295/1187
f 233/1298/1190 2183/1299/1191 3928/1267/1159 2181/1266/1158
f 233/1298/1190 2181/1266/1158 3827/1251/1143 1710/1279/1171
f 233/1298/1190 1710/1279/1171 3838/1283/1175 2183/1299/1191
f 234/1300/1192 1716/1301/1193 3818/1222/1117 1677/1271/1163
f 234/1300/1192 1677/1271/1163 3817/1258/1150 1712/1285/1177
f 234/1300/1192 1712/1285/1177 3828/1287/1179 1698/1302/1194
f 234/1300/1192 1698/1302/1194 3829/1303/1195 1716/1301/1193
f 235/1304/1196 1717/1305/1197 3825/1206/1101 1684/1205/1100
f 235/1304/1196 1684/1205/1100 3824/1204/1099 1713/1289/1181
f 235/1304/1196 1713/1289/1181 3835/1293/1185 1705/1306/1198
f 235/1304/1196 1705/1306/1198 3836/1307/1199 1717/1305/1197
f 236/1308/1200 1718/1309/1201 3822/1215/1110 1681/1214/1109
f 236/1308/1200 1681/1214/1109 3821/1213/1108 1715/1295/1187
f 236/1308/1200 1715/1295/1187 3832/1297/1189 1702/1310/1202
f 236/1308/1200 1702/1310/1202 3833/1311/1203 1718/1309/1201
f 237/1312/1204 1709/1274/1166 3819/1224/1119 1678/1223/1118
f 237/1312/1204 1678/1223/1118 3818/1222/1117 1716/1301/1193
f 237/1312/1204 1716/1301/1193 3829/1303/1195 1699/1313/1205
f 237/1312/1204 1699/1313/1205 3830/1275/1167 1709/1274/1166
f 238/1314/1206 1711/1280/1172 3826/1230/1125 1685/1229/1124
f 238/1314/1206 1685/1229/1124 3825/1206/1101 1717/1305/1197
f 238/1314/1206 1717/1305/1197 3836/1307/1199 1706/1315/1207
f 238/1314/1206 1706/1315/1207 3837/1281/1173 1711/1280/1172
f 239/1316/1208 1714/1290/1182 3823/1239/1131 1682/1238/1130
f 239/1316/1208 1682/1238/1130 3822/1237/1110 1718/1317/1201
f 239/1316/1208 1718/1317/1201 3833/1318/1203 1703/1319/1209
f 239/1316/1208 1703/1319/1209 3834/1291/1183 1714/1290/1182
f 240/1320/1210 1729/1321/1211 3833/1311/1203 1702/1310/1202
f 240/1320/1210 1702/1310/1202 3832/1297/1189 1730/1322/1212
f 240/1320/1210 1730/1322/1212 3843/1323/1213 1723/1324/1214
f 240/1320/1210 1723/1324/1214 3844/1325/1215 1729/1321/1211
f 241/1326/1216 1731/1327/1217 3830/1275/1167 1699/1313/1205
f 241/1326/1216 1699/1313/1205 3829/1303/1195 1732/1328/1218
f 241/1326/1216 1732/1328/1218 3840/1329/1219 1720/1330/1220
f 241/1326/1216 1720/1330/1220 3841/1331/1221 1731/1327/1217
f 242/1332/1222 1733/1333/1223 3837/1281/1173 1706/1315/1207
f 242/1332/1222 1706/1315/1207 3836/1307/1199 1734/1334/1224
f 242/1332/1222 1734/1334/1224 3847/1335/1225 1727/1336/1226
f 242/1332/1222 1727/1336/1226 3848/1337/1227 1733/1333/1223
f 243/1338/1228 1735/1339/1229 3834/1291/1183 1703/1319/1209
f 243/1338/1228 1703/1319/1209 3833/1318/1203 1729/1340/1211
f 243/1338/1228 1729/1340/1211 3844/1341/1215 1724/1342/1230
f 243/1338/1228 1724/1342/1230 3845/1343/1231 1735/1339/1229
f 244/1344/1232 1736/1345/1233 3831/1277/1169 1700/1276/1168
f 244/1344/1232 1700/1276/1168 3830/1275/1167 1731/1327/1217
f 244/1344/1232 1731/1327/1217 3841/1331/1221 1721/1346/1234
f 244/1344/1232 1721/1346/1234 3842/1347/1235 1736/1345/1233
f 245/1348/1236 1737/1349/1237 3838/1283/1175 1707/1282/1174
f 245/1348/1236 1707/1282/1174 3837/1281/1173 1733/1333/1223
f 245/1348/1236 1733/1333/1223 3848/1337/1227 1728/1350/1238
f 245/1348/1236 1728/1350/1238 3849/1351/1239 1737/1349/1237
f 246/1352/1240 1738/1353/1241 3828/1287/1179 2182/1286/1178
f 246/1352/1240 2182/1286/1178 3905/1256/1148 2184/1354/1242
f 246/1352/1240 2184/1354/1242 3839/1355/1243 1738/1353/1241
f 247/1356/1244 1739/1357/1245 3835/1293/1185 1704/1292/1184
f 247/1356/1244 1704/1292/1184 3834/1291/1183 1735/1339/1229
f 247/1356/1244 1735/1339/1229 3845/1343/1231 1725/1358/1246
f 247/1356/1244 1725/1358/1246 3846/1359/1247 1739/1357/1245
f 248/1360/1248 1730/1322/1212 3832/1297/1189 1701/1296/1188
f 248/1360/1248 1701/1296/1188 3831/1277/1169 1736/1345/1233
f 248/1360/1248 1736/1345/1233 3842/1347/1235 1722/1361/1249
f 248/1360/1248 1722/1361/1249 3843/1323/1213 1730/1322/1212
f 249/1362/1250 2185/1363/1251 3928/1267/1159 2183/1299/1191
f 249/1362/1250 2183/1299/1191 3838/1283/1175 1737/1349/1237
f 249/1362/1250 1737/1349/1237 3849/1351/1239 2185/1363/1251
f 250/1364/1252 1732/1328/1218 3829/1303/1195 1698/1302/1194
f 250/1364/1252 1698/1302/1194 3828/1287/1179 1738/1353/1241
f 250/1364/1252 1738/1353/1241 3839/1355/1243 1719/1365/1253
f 250/1364/1252 1719/1365/1253 3840/1329/1219 1732/1328/1218
f 251/1366/1254 1734/1334/1224 3836/1307/1199 1705/1306/1198
f 251/1366/1254 1705/1306/1198 3835/1293/1185 1739/1357/1245
f 251/1366/1254 1739/1357/1245 3846/1359/1247 1726/1367/1255
f 251/1366/1254 1726/1367/1255 3847/1335/1225 1734/1334/1224
f 252/1368/1256 1750/1369/1257 3843/1323/1213 1722/1361/1249
f 252/1368/1256 1722/1361/1249 3842/1347/1235 1751/1370/1258
f 252/1368/1256 1751/1370/1258 3853/1371/1259 1743/1372/1260
f 252/1368/1256 1743/1372/1260 3854/1373/1261 1750/1369/1257
f 253/1374/1262 2187/1375/1263 3928/1267/1159 2185/1363/1251
f 253/1374/1262 2185/1363/1251 3849/1351/1239 1752/1376/1264
f 253/1374/1262 1752/1376/1264 3860/1377/1265 2187/1375/1263
f 254/1378/1266 1753/1379/1267 3840/1329/1219 1719/1365/1253
f 254/1378/1266 1719/1365/1253 3839/1355/1243 1754/1380/1268
f 254/1378/1266 1754/1380/1268 3850/1381/1269 1740/1382/1270
f 254/1378/1266 1740/1382/1270 3851/1383/1271 1753/1379/1267
f 255/1384/1272 1755/1385/1273 3847/1335/1225 1726/1367/1255
f 255/1384/1272 1726/1367/1255 3846/1359/1247 1756/1386/1274
f 255/1384/1272 1756/1386/1274 3857/1387/1275 1747/1388/1276
f 255/1384/1272 1747/1388/1276 3858/1389/1277 1755/1385/1273
f 256/1390/1278 1757/1391/1279 3844/1325/1215 1723/1324/1214
f 256/1390/1278 1723/1324/1214 3843/1323/1213 1750/1369/1257
f 256/1390/1278 1750/1369/1257 3854/1373/1261 1744/1392/1280
f 256/1390/1278 1744/1392/1280 3855/1393/1281 1757/1391/1279
f 257/1394/1282 1758/1395/1283 3841/1331/1221 1720/1330/1220
f 257/1394/1282 1720/1330/1220 3840/1329/1219 1753/1379/1267
f 257/1394/1282 1753/1379/1267 3851/1383/1271 1741/1396/1284
f 257/1394/1282 1741/1396/1284 3852/1397/1285 1758/1395/1283
f 258/1398/1286 1759/1399/1287 3848/1337/1227 1727/1336/1226
f 258/1398/1286 1727/1336/1226 3847/1335/1225 1755/1385/1273
f 258/1398/1286 1755/1385/1273 3858/1389/1277 1748/1400/1288
f 258/1398/1286 1748/1400/1288 3859/1401/1289 1759/1399/1287
f 259/1402/1290 1760/1403/1291 3845/1343/1231 1724/1342/1230
f 259/1402/1290 1724/1342/1230 3844/1341/1215 1757/1404/1279
f 259/1402/1290 1757/1404/1279 3855/1405/1281 1745/1406/1292
f 259/1402/1290 1745/1406/1292 3856/1407/1293 1760/1403/1291
f 260/1408/1294 1751/1370/1258 3842/1347/1235 1721/1346/1234
f 260/1408/1294 1721/1346/1234 3841/1331/1221 1758/1395/1283
f 260/1408/1294 1758/1395/1283 3852/1397/1285 1742/1409/1295
f 260/1408/1294 1742/1409/1295 3853/1371/1259 1751/1370/1258
f 261/1410/1296 1752/1376/1264 3849/1351/1239 1728/1350/1238
f 261/1410/1296 1728/1350/1238 3848/1337/1227 1759/1399/1287
f 261/1410/1296 1759/1399/1287 3859/1401/1289 1749/1411/1297
f 261/1410/1296 1749/1411/1297 3860/1377/1265 1752/1376/1264
f 262/1412/1298 1754/1380/1268 3839/1355/1243 2184/1354/1242
f 262/1412/1298 2184/1354/1242 3905/1256/1148 2186/1413/1299
f 262/1412/1298 2186/1413/1299 3850/1381/1269 1754/1380/1268
f 263/1414/1300 1756/1386/1274 3846/1359/1247 1725/1358/1246
f 263/1414/1300 1725/1358/1246 3845/1343/1231 1760/1403/1291
f 263/1414/1300 1760/1403/1291 3856/1407/1293 1746/1415/1301
f 263/1414/1300 1746/1415/1301 3857/1387/1275 1756/1386/1274
f 264/1416/1302 1771/1417/1303 3856/1407/1293 1745/1406/1292
f 264/1416/1302 1745/1406/1292 3855/1405/1281 1772/1418/1304
f 264/1416/1302 1772/1418/1304 3866/1419/1305 1766/1420/1306
f 264/1416/1302 1766/1420/1306 3867/1421/1307 1771/1417/1303
f 265/1422/1308 1773/1423/1309 3853/1371/1259 1742/1409/1295
f 265/1422/1308 1742/1409/1295 3852/1397/1285 1774/1424/1310
f 265/1422/1308 1774/1424/1310 3863/1425/1311 1763/1426/1312
f 265/1422/1308 1763/1426/1312 3864/1427/1313 1773/1423/1309
f 266/1428/1314 1775/1429/1315 3860/1377/1265 1749/1411/1297
f 266/1428/1314 1749/1411/1297 3859/1401/1289 1776/1430/1316
f 266/1428/1314 1776/1430/1316 3870/1431/1317 1770/1432/1318
f 266/1428/1314 1770/1432/1318 3871/1433/1319 1775/1429/1315
f 267/1434/1320 1777/1435/1321 3850/1381/1269 2186/1413/1299
f 267/1434/1320 2186/1413/1299 3905/1256/1148 2188/1436/1322
f 267/1434/1320 2188/1436/1322 3861/1437/1323 1777/1435/1321
f 268/1438/1324 1778/1439/1325 3857/1387/1275 1746/1415/1301
f 268/1438/1324 1746/1415/1301 3856/1407/1293 1771/1417/1303
f 268/1438/1324 1771/1417/1303 3867/1421/1307 1767/1440/1326
f 268/1438/1324 1767/1440/1326 3868/1441/1327 1778/1439/1325
f 269/1442/1328 1779/1443/1329 3854/1373/1261 1743/1372/1260
f 269/1442/1328 1743/1372/1260 3853/1371/1259 1773/1423/1309
f 269/1442/1328 1773/1423/1309 3864/1427/1313 1764/1444/1330
f 269/1442/1328 1764/1444/1330 3865/1445/1331 1779/1443/1329
f 270/1446/1332 2189/1447/1333 3928/1267/1159 2187/1375/1263
f 270/1446/1332 2187/1375/1263 3860/1377/1265 1775/1429/1315
f 270/1446/1332 1775/1429/1315 3871/1433/1319 2189/1447/1333
f 271/1448/1334 1780/1449/1335 3851/1383/1271 1740/1382/1270
f 271/1448/1334 1740/1382/1270 3850/1381/1269 1777/1435/1321
f 271/1448/1334 1777/1435/1321 3861/1437/1323 1761/1450/1336
f 271/1448/1334 1761/1450/1336 3862/1451/1337 1780/1449/1335
f 272/1452/1338 1781/1453/1339 3858/1389/1277 1747/1388/1276
f 272/1452/1338 1747/1388/1276 3857/1387/1275 1778/1439/1325
f 272/1452/1338 1778/1439/1325 3868/1441/1327 1768/1454/1340
f 272/1452/1338 1768/1454/1340 3869/1455/1341 1781/1453/1339
f 273/1456/1342 1772/1457/1304 3855/1393/1281 1744/1392/1280
f 273/1456/1342 1744/1392/1280 3854/1373/1261 1779/1443/1329
f 273/1456/1342 1779/1443/1329 3865/1445/1331 1765/1458/1343
f 273/1456/1342 1765/1458/1343 3866/1459/1305 1772/1457/1304
f 274/1460/1344 1774/1424/1310 3852/1397/1285 1741/1396/1284
f 274/1460/1344 1741/1396/1284 3851/1383/1271 1780/1449/1335
f 274/1460/1344 1780/1449/1335 3862/1451/1337 1762/1461/1345
f 274/1460/1344 1762/1461/1345 3863/1425/1311 1774/1424/1310
f 275/1462/1346 1776/1430/1316 3859/1401/1289 1748/1400/1288
f 275/1462/1346 1748/1400/1288 3858/1389/1277 1781/1453/1339
f 275/1462/1346 1781/1453/1339 3869/1455/1341 1769/1463/1347
f 275/1462/1346 1769/1463/1347 3870/1431/1317 1776/1430/1316
f 276/1464/1348 1792/1465/1349 3866/1459/1305 1765/1458/1343
f 276/1464/1348 1765/1458/1343 3865/1445/1331 1793/1466/1350
f 276/1464/1348 1793/1466/1350 3876/1467/1351 1786/1468/1352
f 276/1464/1348 1786/1468/1352 3877/1469/1353 1792/1465/1349
f 277/1470/1354 1794/1471/1355 3863/1425/1311 1762/1461/1345
f 277/1470/1354 1762/1461/1345 3862/1451/1337 1795/1472/1356
f 277/1470/1354 1795/1472/1356 3873/1473/1357 1783/1474/1358
f 277/1470/1354 1783/1474/1358 3874/1475/1359 1794/1471/1355
f 278/1476/1360 1796/1477/1361 3870/1431/1317 1769/1463/1347
f 278/1476/1360 1769/1463/1347 3869/1455/1341 1797/1478/1362
f 278/1476/1360 1797/1478/1362 3880/1479/1363 1790/1480/1364
f 278/1476/1360 1790/1480/1364 3881/1481/1365 1796/1477/1361
f 279/1482/1366 1798/1483/1367 3867/1421/1307 1766/1420/1306
f 279/1482/1366 1766/1420/1306 3866/1419/1305 1792/1484/1349
f 279/1482/1366 1792/1484/1349 3877/1485/1353 1787/1486/1368
f 279/1482/1366 1787/1486/1368 3878/1487/1369 1798/1483/1367
f 280/1488/1370 1799/1489/1371 3864/1427/1313 1763/1426/1312
f 280/1488/1370 1763/1426/1312 3863/1425/1311 1794/1471/1355
f 280/1488/1370 1794/1471/1355 3874/1475/1359 1784/1490/1372
f 280/1488/1370 1784/1490/1372 3875/1491/1373 1799/1489/1371
f 281/1492/1374 1800/1493/1375 3871/1433/1319 1770/1432/1318
f 281/1492/1374 1770/1432/1318 3870/1431/1317 1796/1477/1361
f 281/1492/1374 1796/1477/1361 3881/1481/1365 1791/1494/1376
f 281/1492/1374 1791/1494/1376 3882/1495/1377 1800/1493/1375
f 282/1496/1378 1801/1497/1379 3861/1437/1323 2188/1436/1322
f 282/1496/1378 2188/1436/1322 3905/1256/1148 2190/1498/1380
f 282/1496/1378 2190/1498/1380 3872/1499/1381 1801/1497/1379
f 283/1500/1382 1802/1501/1383 3868/1441/1327 1767/1440/1326
f 283/1500/1382 1767/1440/1326 3867/1421/1307 1798/1483/1367
f 283/1500/1382 1798/1483/1367 3878/1487/1369 1788/1502/1384
f 283/1500/1382 1788/1502/1384 3879/1503/1385 1802/1501/1383
f 284/1504/1386 1793/1466/1350 3865/1445/1331 1764/1444/1330
f 284/1504/1386 1764/1444/1330 3864/1427/1313 1799/1489/1371
f 284/1504/1386 1799/1489/1371 3875/1491/1373 1785/1505/1387
f 284/1504/1386 1785/1505/1387 3876/1467/1351 1793/1466/1350
f 285/1506/1388 2191/1507/1389 3928/1267/1159 2189/1447/1333
f 285/1506/1388 2189/1447/1333 3871/1433/1319 1800/1493/1375
f 285/1506/1388 1800/1493/1375 3882/1495/1377 2191/1507/1389
f 286/1508/1390 1795/1472/1356 3862/1451/1337 1761/1450/1336
f 286/1508/1390 1761/1450/1336 3861/1437/1323 1801/1497/1379
f 286/1508/1390 1801/1497/1379 3872/1499/1381 1782/1509/1391
f 286/1508/1390 1782/1509/1391 3873/1473/1357 1795/1472/1356
f 287/1510/1392 1797/1478/1362 3869/1455/1341 1768/1454/1340
f 287/1510/1392 1768/1454/1340 3868/1441/1327 1802/1501/1383
f 287/1510/1392 1802/1501/1383 3879/1503/1385 1789/1511/1393
f 287/1510/1392 1789/1511/1393 3880/1479/1363 1797/1478/1362
f 288/1512/1394 1813/1513/1395 3879/1503/1385 1788/1502/1384
f 288/1512/1394 1788/1502/1384 3878/1487/1369 1814/1514/1396
f 288/1512/1394 1814/1514/1396 3889/1515/1397 1809/1516/1398
f 288/1512/1394 1809/1516/1398 3890/1517/1399 1813/1513/1395
f 289/1518/1400 1815/1519/1401 3876/1467/1351 1785/1505/1387
f 289/1518/1400 1785/1505/1387 3875/1491/1373 1816/1520/1402
f 289/1518/1400 1816/1520/1402 3886/1521/1403 1806/1522/1404
f 289/1518/1400 1806/1522/1404 3887/1523/1405 1815/1519/1401
f 290/1524/1406 2193/1525/1407 3928/1267/1159 2191/1507/1389
f 290/1524/1406 2191/1507/1389 3882/1495/1377 1817/1526/1408
f 290/1524/1406 1817/1526/1408 3893/1527/1409 2193/1525/1407
f 291/1528/1410 1818/1529/1411 3873/1473/1357 1782/1509/1391
f 291/1528/1410 1782/1509/1391 3872/1499/1381 1819/1530/1412
f 291/1528/1410 1819/1530/1412 3883/1531/1413 1803/1532/1414
f 291/1528/1410 1803/1532/1414 3884/1533/1415 1818/1529/1411
f 292/1534/1416 1820/1535/1417 3880/1479/1363 1789/1511/1393
f 292/1534/1416 1789/1511/1393 3879/1503/1385 1813/1513/1395
f 292/1534/1416 1813/1513/1395 3890/1517/1399 1810/1536/1418
f 292/1534/1416 1810/1536/1418 3891/1537/1419 1820/1535/1417
f 293/1538/1420 1821/1539/1421 3877/1469/1353 1786/1468/1352
f 293/1538/1420 1786/1468/1352 3876/1467/1351 1815/1519/1401
f 293/1538/1420 1815/1519/1401 3887/1523/1405 1807/1540/1422
f 293/1538/1420 1807/1540/1422 3888/1541/1423 1821/1539/1421
f 294/1542/1424 1822/1543/1425 3874/1475/1359 1783/1474/1358
f 294/1542/1424 1783/1474/1358 3873/1473/1357 1818/1529/1411
f 294/1542/1424 1818/1529/1411 3884/1533/1415 1804/1544/1426
f 294/1542/1424 1804/1544/1426 3885/1545/1427 1822/1543/1425
f 295/1546/1428 1823/1547/1429 3881/1481/1365 1790/1480/1364
f 295/1546/1428 1790/1480/1364 3880/1479/1363 1820/1535/1417
f 295/1546/1428 1820/1535/1417 3891/1537/1419 1811/1548/1430
f 295/1546/1428 1811/1548/1430 3892/1549/1431 1823/1547/1429
f 296/1550/1432 1814/1514/1396 3878/1487/1369 1787/1486/1368
f 296/1550/1432 1787/1486/1368 3877/1485/1353 1821/1551/1421
f 296/1550/1432 1821/1551/1421 3888/1552/1423 1808/1553/1433
f 296/1550/1432 1808/1553/1433 3889/1515/1397 1814/1514/1396
f 297/1554/1434 1816/1520/1402 3875/1491/1373 1784/1490/1372
f 297/1554/1434 1784/1490/1372 3874/1475/1359 1822/1543/1425
f 297/1554/1434 1822/1543/1425 3885/1545/1427 1805/1555/1435
f 297/1554/1434 1805/1555/1435 3886/1521/1403 1816/1520/1402
f 298/1556/1436 1817/1526/1408 3882/1495/1377 1791/1494/1376
f 298/1556/1436 1791/1494/1376 3881/1481/1365 1823/1547/1429
f 298/1556/1436 1823/1547/1429 3892/1549/1431 1812/1557/1437
f 298/1556/1436 1812/1557/1437 3893/1527/1409 1817/1526/1408
f 299/1558/1438 1819/1530/1412 3872/1499/1381 2190/1498/1380
f 299/1558/1438 2190/1498/1380 3905/1256/1148 2192/1559/1439
f 299/1558/1438 2192/1559/1439 3883/1531/1413 1819/1530/1412
f 300/1560/1440 1834/1561/1441 3889/1515/1397 1808/1553/1433
f 300/1560/1440 1808/1553/1433 3888/1552/1423 1835/1562/1442
f 300/1560/1440 1835/1562/1442 3899/1563/1443 1829/1564/1444
f 300/1560/1440 1829/1564/1444 3900/1565/1445 1834/1561/1441
f 301/1566/1446 1836/1567/1447 3886/1521/1403 1805/1555/1435
f 301/1566/1446 1805/1555/1435 3885/1545/1427 1837/1568/1448
f 301/1566/1446 1837/1568/1448 3896/1569/1449 1826/1570/1450
f 301/1566/1446 1826/1570/1450 3897/1571/1451 1836/1567/1447
f 302/1572/1452 1838/1573/1453 3893/1527/1409 1812/1557/1437
f 302/1572/1452 1812/1557/1437 3892/1549/1431 1839/1574/1454
f 302/1572/1452 1839/1574/1454 3903/1575/1455 1833/1576/1456
f 302/1572/1452 1833/1576/1456 3904/1577/1457 1838/1573/1453
f 303/1578/1458 1840/1579/1459 3883/1531/1413 2192/1559/1439
f 303/1578/1458 2192/1559/1439 3905/1256/1148 2194/1580/1460
f 303/1578/1458 2194/1580/1460 3894/1581/1461 1840/1579/1459
f 304/1582/1462 1841/1583/1463 3890/1517/1399 1809/1516/1398
f 304/1582/1462 1809/1516/1398 3889/1515/1397 1834/1561/1441
f 304/1582/1462 1834/1561/1441 3900/1565/1445 1830/1584/1464
f 304/1582/1462 1830/1584/1464 3901/1585/1465 1841/1583/1463
f 305/1586/1466 1842/1587/1467 3887/1523/1405 1806/1522/1404
f 305/1586/1466 1806/1522/1404 3886/1521/1403 1836/1567/1447
f 305/1586/1466 1836/1567/1447 3897/1571/1451 1827/1588/1468
f 305/1586/1466 1827/1588/1468 3898/1589/1469 1842/1587/1467
f 306/1590/1470 2195/1591/1471 3928/1267/1159 2193/1525/1407
f 306/1590/1470 2193/1525/1407 3893/1527/1409 1838/1573/1453
f 306/1590/1470 1838/1573/1453 3904/1577/1457 2195/1591/1471
f 307/1592/1472 1843/1593/1473 3884/1533/1415 1803/1532/1414
f 307/1592/1472 1803/1532/1414 3883/1531/1413 1840/1579/1459
f 307/1592/1472 1840/1579/1459 3894/1581/1461 1824/1594/1474
f 307/1592/1472 1824/1594/1474 3895/1595/1475 1843/1593/1473
f 308/1596/1476 1844/1597/1477 3891/1537/1419 1810/1536/1418
f 308/1596/1476 1810/1536/1418 3890/1517/1399 1841/1583/1463
f 308/1596/1476 1841/1583/1463 3901/1585/1465 1831/1598/1478
f 308/1596/1476 1831/1598/1478 3902/1599/1479 1844/1597/1477
f 309/1600/1480 1835/1601/1442 3888/1541/1423 1807/1540/1422
f 309/1600/1480 1807/1540/1422 3887/1523/1405 1842/1587/1467
f 309/1600/1480 1842/1587/1467 3898/1589/1469 1828/1602/1481
f 309/1600/1480 1828/1602/1481 3899/1603/1443 1835/1601/1442
f 310/1604/1482 1837/1568/1448 3885/1545/1427 1804/1544/1426
f 310/1604/1482 1804/1544/1426 3884/1533/1415 1843/1593/1473
f 310/1604/1482 1843/1593/1473 3895/1595/1475 1825/1605/1483
f 310/1604/1482 1825/1605/1483 3896/1569/1449 1837/1568/1448
f 311/1606/1484 1839/1574/1454 3892/1549/1431 1811/1548/1430
f 311/1606/1484 1811/1548/1430 3891/1537/1419 1844/1597/1477
f 311/1606/1484 1844/1597/1477 3902/1599/1479 1832/1607/1485
f 311/1606/1484 1832/1607/1485 3903/1575/1455 1839/1574/1454
f 312/1608/1486 1856/1609/1487 3902/1599/1479 1831/1598/1478
f 312/1608/1486 1831/1598/1478 3901/1585/1465 1857/1610/1488
f 312/1608/1486 1857/1610/1488 3913/1611/1489 1853/1612/1490
f 312/1608/1486 1853/1612/1490 3914/1613/1491 1856/1609/1487
f 313/1614/1492 1858/1615/1493 3899/1603/1443 1828/1602/1481
f 313/1614/1492 1828/1602/1481 3898/1589/1469 1859/1616/1494
f 313/1614/1492 1859/1616/1494 3910/1617/1495 1850/1618/1496
f 313/1614/1492 1850/1618/1496 3911/1619/1497 1858/1615/1493
f 314/1620/1498 1860/1621/1499 3896/1569/1449 1825/1605/1483
f 314/1620/1498 1825/1605/1483 3895/1595/1475 1861/1622/1500
f 314/1620/1498 1861/1622/1500 3907/1623/1501 1847/1624/1502
f 314/1620/1498 1847/1624/1502 3908/1625/1503 1860/1621/1499
f 315/1626/1504 1862/1627/1505 3903/1575/1455 1832/1607/1485
f 315/1626/1504 1832/1607/1485 3902/1599/1479 1856/1609/1487
f 315/1626/1504 1856/1609/1487 3914/1613/1491 1854/1628/1506
f 315/1626/1504 1854/1628/1506 3915/1629/1507 1862/1627/1505
f 316/1630/1508 1863/1631/1509 3900/1565/1445 1829/1564/1444
f 316/1630/1508 1829/1564/1444 3899/1563/1443 1858/1632/1493
f 316/1630/1508 1858/1632/1493 3911/1633/1497 1851/1634/1510
f 316/1630/1508 1851/1634/1510 3912/1635/1511 1863/1631/1509
f 317/1636/1512 1864/1637/1513 3897/1571/1451 1826/1570/1450
f 317/1636/1512 1826/1570/1450 3896/1569/1449 1860/1621/1499
f 317/1636/1512 1860/1621/1499 3908/1625/1503 1848/1638/1514
f 317/1636/1512 1848/1638/1514 3909/1639/1515 1864/1637/1513
f 318/1640/1516 1865/1641/1517 3904/1577/1457 1833/1576/1456
f 318/1640/1516 1833/1576/1456 3903/1575/1455 1862/1627/1505
f 318/1640/1516 1862/1627/1505 3915/1629/1507 1855/1642/1518
f 318/1640/1516 1855/1642/1518 3916/1643/1519 1865/1641/1517
f 319/1644/1520 1866/1645/1521 3894/1581/1461 2194/1580/1460
f 319/1644/1520 2194/1580/1460 3905/1256/1148 1845/1646/1522
f 319/1644/1520 1845/1646/1522 3906/1647/1523 1866/1645/1521
f 320/1648/1524 1857/1610/1488 3901/1585/1465 1830/1584/1464
f 320/1648/1524 1830/1584/1464 3900/1565/1445 1863/1631/1509
f 320/1648/1524 1863/1631/1509 3912/1635/1511 1852/1649/1525
f 320/1648/1524 1852/1649/1525 3913/1611/1489 1857/1610/1488
f 321/1650/1526 1859/1616/1494 3898/1589/1469 1827/1588/1468
f 321/1650/1526 1827/1588/1468 3897/1571/1451 1864/1637/1513
f 321/1650/1526 1864/1637/1513 3909/1639/1515 1849/1651/1527
f 321/1650/1526 1849/1651/1527 3910/1617/1495 1859/1616/1494
f 322/1652/1528 2196/1653/1529 3928/1267/1159 2195/1591/1471
f 322/1652/1528 2195/1591/1471 3904/1577/1457 1865/1641/1517
f 322/1652/1528 1865/1641/1517 3916/1643/1519 2196/1653/1529
f 323/1654/1530 1861/1622/1500 3895/1595/1475 1824/1594/1474
f 323/1654/1530 1824/1594/1474 3894/1581/1461 1866/1645/1521
f 323/1654/1530 1866/1645/1521 3906/1647/1523 1846/1655/1531
f 323/1654/1530 1846/1655/1531 3907/1623/1501 1861/1622/1500
f 324/1656/1532 1878/1657/1533 3906/1647/1523 1845/1646/1522
f 324/1656/1532 1845/1646/1522 3905/1256/1148 2197/1658/1534
f 324/1656/1532 2197/1658/1534 3917/1659/1535 1878/1657/1533
f 325/1660/1536 1879/1661/1537 3913/1611/1489 1852/1649/1525
f 325/1660/1536 1852/1649/1525 3912/1635/1511 1880/1662/1538
f 325/1660/1536 1880/1662/1538 3923/1663/1539 1873/1664/1540
f 325/1660/1536 1873/1664/1540 3924/1665/1541 1879/1661/1537
f 326/1666/1542 1881/1667/1543 3910/1617/1495 1849/1651/1527
f 326/1666/1542 1849/1651/1527 3909/1639/1515 1882/1668/1544
f 326/1666/1542 1882/1668/1544 3920/1669/1545 1870/1670/1546
f 326/1666/1542 1870/1670/1546 3921/1671/1547 1881/1667/1543
f 327/1672/1548 1877/1673/1549 3928/1267/1159 2196/1653/1529
f 327/1672/1548 2196/1653/1529 3916/1643/1519 1883/1674/1550
f 327/1672/1548 1883/1674/1550 3927/1675/1551 1877/1673/1549
f 328/1676/1552 1884/1677/1553 3907/1623/1501 1846/1655/1531
f 328/1676/1552 1846/1655/1531 3906/1647/1523 1878/1657/1533
f 328/1676/1552 1878/1657/1533 3917/1659/1535 1867/1678/1554
f 328/1676/1552 1867/1678/1554 3918/1679/1555 1884/1677/1553
f 329/1680/1556 1885/1681/1557 3914/1613/1491 1853/1612/1490
f 329/1680/1556 1853/1612/1490 3913/1611/1489 1879/1661/1537
f 329/1680/1556 1879/1661/1537 3924/1665/1541 1874/1682/1558
f 329/1680/1556 1874/1682/1558 3925/1683/1559 1885/1681/1557
f 330/1684/1560 1886/1685/1561 3911/1619/1497 1850/1618/1496
f 330/1684/1560 1850/1618/1496 3910/1617/1495 1881/1667/1543
f 330/1684/1560 1881/1667/1543 3921/1671/1547 1871/1686/1562
f 330/1684/1560 1871/1686/1562 3922/1687/1563 1886/1685/1561
f 331/1688/1564 1887/1689/1565 3908/1625/1503 1847/1624/1502
f 331/1688/1564 1847/1624/1502 3907/1623/1501 1884/1677/1553
f 331/1688/1564 1884/1677/1553 3918/1679/1555 1868/1690/1566
f 331/1688/1564 1868/1690/1566 3919/1691/1567 1887/1689/1565
f 332/1692/1568 1888/1693/1569 3915/1629/1507 1854/1628/1506
f 332/1692/1568 1854/1628/1506 3914/1613/1491 1885/1681/1557
f 332/1692/1568 1885/1681/1557 3925/1683/1559 1875/1694/1570
f 332/1692/1568 1875/1694/1570 3926/1695/1571 1888/1693/1569
f 333/1696/1572 1880/1662/1538 3912/1635/1511 1851/1634/1510
f 333/1696/1572 1851/1634/1510 3911/1633/1497 1886/1697/1561
f 333/1696/1572 1886/1697/1561 3922/1698/1563 1872/1699/1573
f 333/1696/1572 1872/1699/1573 3923/1663/1539 1880/1662/1538
f 334/1700/1574 1882/1668/1544 3909/1639/1515 1848/1638/1514
f 334/1700/1574 1848/1638/1514 3908/1625/1503 1887/1689/1565
f 334/1700/1574 1887/1689/1565 3919/1691/1567 1869/1701/1575
f 334/1700/1574 1869/1701/1575 3920/1669/1545 1882/1668/1544
f 335/1702/1576 1883/1674/1550 3916/1643/1519 1855/1642/1518
f 335/1702/1576 1855/1642/1518 3915/1629/1507 1888/1693/1569
f 335/1702/1576 1888/1693/1569 3926/1695/1571 1876/1703/1577
f 335/1702/1576 1876/1703/1577 3927/1675/1551 1883/1674/1550
f 336/1704/1578 1899/1705/1579 3926/1695/1571 1875/1694/1570
f 336/1704/1578 1875/1694/1570 3925/1683/1559 1900/1706/1580
f 336/1704/1578 1900/1706/1580 3937/1707/1581 1897/1708/1582
f 336/1704/1578 1897/1708/1582 3938/1709/1583 1899/1705/1579
f 337/1710/1584 1901/1711/1585 3923/1663/1539 1872/1699/1573
f 337/1710/1584 1872/1699/1573 3922/1698/1563 1902/1712/1586
f 337/1710/1584 1902/1712/1586 3934/1713/1587 1894/1714/1588
f 337/1710/1584 1894/1714/1588 3935/1715/1589 1901/1711/1585
f 338/1716/1590 1903/1717/1591 3920/1669/1545 1869/1701/1575
f 338/1716/1590 1869/1701/1575 3919/1691/1567 1904/1718/1592
f 338/1716/1590 1904/1718/1592 3931/1719/1593 1891/1720/1594
f 338/1716/1590 1891/1720/1594 3932/1721/1595 1903/1717/1591
f 339/1722/1596 1905/1723/1597 3927/1675/1551 1876/1703/1577
f 339/1722/1596 1876/1703/1577 3926/1695/1571 1899/1705/1579
f 339/1722/1596 1899/1705/1579 3938/1709/1583 1898/1724/1598
f 339/1722/1596 1898/1724/1598 3939/1725/1599 1905/1723/1597
f 340/1726/1600 1906/1727/1601 3917/1659/1535 2197/1658/1534
f 340/1726/1600 2197/1658/1534 3905/1256/1148 2198/1728/1602
f 340/1726/1600 2198/1728/1602 3929/1729/1603 1906/1727/1601
f 341/1730/1604 1907/1731/1605 3924/1665/1541 1873/1664/1540
f 341/1730/1604 1873/1664/1540 3923/1663/1539 1901/1711/1585
f 341/1730/1604 1901/1711/1585 3935/1715/1589 1895/1732/1606
f 341/1730/1604 1895/1732/1606 3936/1733/1607 1907/1731/1605
f 342/1734/1608 1908/1735/1609 3921/1671/1547 1870/1670/1546
f 342/1734/1608 1870/1670/1546 3920/1669/1545 1903/1717/1591
f 342/1734/1608 1903/1717/1591 3932/1721/1595 1892/1736/1610
f 342/1734/1608 1892/1736/1610 3933/1737/1611 1908/1735/1609
f 343/1738/1612 2199/1739/1613 3928/1267/1159 1877/1673/1549
f 343/1738/1612 1877/1673/1549 3927/1675/1551 1905/1723/1597
f 343/1738/1612 1905/1723/1597 3939/1725/1599 2199/1739/1613
f 344/1740/1614 1909/1741/1615 3918/1679/1555 1867/1678/1554
f 344/1740/1614 1867/1678/1554 3917/1659/1535 1906/1727/1601
f 344/1740/1614 1906/1727/1601 3929/1729/1603 1889/1742/1616
f 344/1740/1614 1889/1742/1616 3930/1743/1617 1909/1741/1615
f 345/1744/1618 1900/1706/1580 3925/1683/1559 1874/1682/1558
f 345/1744/1618 1874/1682/1558 3924/1665/1541 1907/1731/1605
f 345/1744/1618 1907/1731/1605 3936/1733/1607 1896/1745/1619
f 345/1744/1618 1896/1745/1619 3937/1707/1581 1900/1706/1580
f 346/1746/1620 1902/1747/1586 3922/1687/1563 1871/1686/1562
f 346/1746/1620 1871/1686/1562 3921/1671/1547 1908/1735/1609
f 346/1746/1620 1908/1735/1609 3933/1737/1611 1893/1748/1621
f 346/1746/1620 1893/1748/1621 3934/1749/1587 1902/1747/1586
f 347/1750/1622 1904/1718/1592 3919/1691/1567 1868/1690/1566
f 347/1750/1622 1868/1690/1566 3918/1679/1555 1909/1741/1615
f 347/1750/1622 1909/1741/1615 3930/1743/1617 1890/1751/1623
f 347/1750/1622 1890/1751/1623 3931/1719/1593 1904/1718/1592
f 348/1752/1624 1920/1753/1625 3930/1743/1617 1889/1742/1616
f 348/1752/1624 1889/1742/1616 3929/1729/1603 1921/1754/1626
f 348/1752/1624 1921/1754/1626 3940/1755/1627 1910/1756/1628
f 348/1752/1624 1910/1756/1628 3941/1757/1629 1920/1753/1625
f 349/1758/1630 1922/1759/1631 3937/1707/1581 1896/1745/1619
f 349/1758/1630 1896/1745/1619 3936/1733/1607 1923/1760/1632
f 349/1758/1630 1923/1760/1632 3947/1761/1633 1917/1762/1634
f 349/1758/1630 1917/1762/1634 3948/1763/1635 1922/1759/1631
f 350/1764/1636 1924/1765/1637 3934/1749/1587 1893/1748/1621
f 350/1764/1636 1893/1748/1621 3933/1737/1611 1925/1766/1638
f 350/1764/1636 1925/1766/1638 3944/1767/1639 1914/1768/1640
f 350/1764/1636 1914/1768/1640 3945/1769/1641 1924/1765/1637
f 351/1770/1642 1926/1771/1643 3931/1719/1593 1890/1751/1623
f 351/1770/1642 1890/1751/1623 3930/1743/1617 1920/1753/1625
f 351/1770/1642 1920/1753/1625 3941/1757/1629 1911/1772/1644
f 351/1770/1642 1911/1772/1644 3942/1773/1645 1926/1771/1643
f 352/1774/1646 1927/1775/1647 3938/1709/1583 1897/1708/1582
f 352/1774/1646 1897/1708/1582 3937/1707/1581 1922/1759/1631
f 352/1774/1646 1922/1759/1631 3948/1763/1635 1918/1776/1648
f 352/1774/1646 1918/1776/1648 3949/1777/1649 1927/1775/1647
f 353/1778/1650 1928/1779/1651 3935/1715/1589 1894/1714/1588
f 353/1778/1650 1894/1714/1588 3934/1713/1587 1924/1780/1637
f 353/1778/1650 1924/1780/1637 3945/1781/1641 1915/1782/1652
f 353/1778/1650 1915/1782/1652 3946/1783/1653 1928/1779/1651
f 354/1784/1654 1929/1785/1655 3932/1721/1595 1891/1720/1594
f 354/1784/1654 1891/1720/1594 3931/1719/1593 1926/1771/1643
f 354/1784/1654 1926/1771/1643 3942/1773/1645 1912/1786/1656
f 354/1784/1654 1912/1786/1656 3943/1787/1657 1929/1785/1655
f 355/1788/1658 1930/1789/1659 3939/1725/1599 1898/1724/1598
f 355/1788/1658 1898/1724/1598 3938/1709/1583 1927/1775/1647
f 355/1788/1658 1927/1775/1647 3949/1777/1649 1919/1790/1660
f 355/1788/1658 1919/1790/1660 3950/1791/1661 1930/1789/1659
f 356/1792/1662 1921/1754/1626 3929/1729/1603 2198/1728/1602
f 356/1792/1662 2198/1728/1602 3905/1256/1148 2200/1793/1663
f 356/1792/1662 2200/1793/1663 3940/1755/1627 1921/1754/1626
f 357/1794/1664 1923/1760/1632 3936/1733/1607 1895/1732/1606
f 357/1794/1664 1895/1732/1606 3935/1715/1589 1928/1779/1651
f 357/1794/1664 1928/1779/1651 3946/1783/1653 1916/1795/1665
f 357/1794/1664 1916/1795/1665 3947/1761/1633 1923/1760/1632
f 358/1796/1666 1925/1766/1638 3933/1737/1611 1892/1736/1610
f 358/1796/1666 1892/1736/1610 3932/1721/1595 1929/1785/1655
f 358/1796/1666 1929/1785/1655 3943/1787/1657 1913/1797/1667
f 358/1796/1666 1913/1797/1667 3944/1767/1639 1925/1766/1638
f 359/1798/1668 2201/1799/1669 3928/1267/1159 2199/1739/1613
f 359/1798/1668 2199/1739/1613 3939/1725/1599 1930/1789/1659
f 359/1798/1668 1930/1789/1659 3950/1791/1661 2201/1799/1669
f 360/1800/1670 1941/1801/1671 3950/1791/1661 1919/1790/1660
f 360/1800/1670 1919/1790/1660 3949/1777/1649 1942/1802/1672
f 360/1800/1670 1942/1802/1672 3960/1803/1673 1940/1804/1674
f 360/1800/1670 1940/1804/1674 3961/1805/1675 1941/1801/1671
f 361/1806/1676 1943/1807/1677 3940/1755/1627 2200/1793/1663
f 361/1806/1676 2200/1793/1663 3905/1256/1148 2202/1808/1678
f 361/1806/1676 2202/1808/1678 3951/1809/1679 1943/1807/1677
f 362/1810/1680 1944/1811/1681 3947/1761/1633 1916/1795/1665
f 362/1810/1680 1916/1795/1665 3946/1783/1653 1945/1812/1682
f 362/1810/1680 1945/1812/1682 3957/1813/1683 1937/1814/1684
f 362/1810/1680 1937/1814/1684 3958/1815/1685 1944/1811/1681
f 363/1816/1686 1946/1817/1687 3944/1767/1639 1913/1797/1667
f 363/1816/1686 1913/1797/1667 3943/1787/1657 1947/1818/1688
f 363/1816/1686 1947/1818/1688 3954/1819/1689 1934/1820/1690
f 363/1816/1686 1934/1820/1690 3955/1821/1691 1946/1817/1687
f 364/1822/1692 2203/1823/1693 3928/1267/1159 2201/1799/1669
f 364/1822/1692 2201/1799/1669 3950/1791/1661 1941/1801/1671
f 364/1822/1692 1941/1801/1671 3961/1805/1675 2203/1823/1693
f 365/1824/1694 1948/1825/1695 3941/1757/1629 1910/1756/1628
f 365/1824/1694 1910/1756/1628 3940/1755/1627 1943/1807/1677
f 365/1824/1694 1943/1807/1677 3951/1809/1679 1931/1826/1696
f 365/1824/1694 1931/1826/1696 3952/1827/1697 1948/1825/1695
f 366/1828/1698 1949/1829/1699 3948/1763/1635 1917/1762/1634
f 366/1828/1698 1917/1762/1634 3947/1761/1633 1944/1811/1681
f 366/1828/1698 1944/1811/1681 3958/1815/1685 1938/1830/1700
f 366/1828/1698 1938/1830/1700 3959/1831/1701 1949/1829/1699
f 367/1832/1702 1950/1833/1703 3945/1769/1641 1914/1768/1640
f 367/1832/1702 1914/1768/1640 3944/1767/1639 1946/1817/1687
f 367/1832/1702 1946/1817/1687 3955/1821/1691 1935/1834/1704
f 367/1832/1702 1935/1834/1704 3956/1835/1705 1950/1833/1703
f 368/1836/1706 1951/1837/1707 3942/1773/1645 1911/1772/1644
f 368/1836/1706 1911/1772/1644 3941/1757/1629 1948/1825/1695
f 368/1836/1706 1948/1825/1695 3952/1827/1697 1932/1838/1708
f 368/1836/1706 1932/1838/1708 3953/1839/1709 1951/1837/1707
f 369/1840/1710 1942/1802/1672 3949/1777/1649 1918/1776/1648
f 369/1840/1710 1918/1776/1648 3948/1763/1635 1949/1829/1699
f 369/1840/1710 1949/1829/1699 3959/1831/1701 1939/1841/1711
f 369/1840/1710 1939/1841/1711 3960/1803/1673 1942/1802/1672
f 370/1842/1712 1945/1812/1682 3946/1783/1653 1915/1782/1652
f 370/1842/1712 1915/1782/1652 3945/1781/1641 1950/1843/1703
f 370/1842/1712 1950/1843/1703 3956/1844/1705 1936/1845/1713
f 370/1842/1712 1936/1845/1713 3957/1813/1683 1945/1812/1682
f 371/1846/1714 1947/1818/1688 3943/1787/1657 1912/1786/1656
f 371/1846/1714 1912/1786/1656 3942/1773/1645 1951/1837/1707
f 371/1846/1714 1951/1837/1707 3953/1839/1709 1933/1847/1715
f 371/1846/1714 1933/1847/1715 3954/1819/1689 1947/1818/1688
f 372/1848/1716 1962/1849/1717 3953/1839/1709 1932/1838/1708
f 372/1848/1716 1932/1838/1708 3952/1827/1697 1963/1850/1718
f 372/1848/1716 1963/1850/1718 3963/1851/1719 1953/1852/1720
f 372/1848/1716 1953/1852/1720 3964/1853/1721 1962/1849/1717
f 373/1854/1722 1964/1855/1723 3960/1803/1673 1939/1841/1711
f 373/1854/1722 1939/1841/1711 3959/1831/1701 1965/1856/1724
f 373/1854/1722 1965/1856/1724 3970/1857/1725 1960/1858/1726
f 373/1854/1722 1960/1858/1726 3971/1859/1727 1964/1855/1723
f 374/1860/1728 1966/1861/1729 3957/1813/1683 1936/1845/1713
f 374/1860/1728 1936/1845/1713 3956/1844/1705 1967/1862/1730
f 374/1860/1728 1967/1862/1730 3967/1863/1731 1957/1864/1732
f 374/1860/1728 1957/1864/1732 3968/1865/1733 1966/1861/1729
f 375/1866/1734 1968/1867/1735 3954/1819/1689 1933/1847/1715
f 375/1866/1734 1933/1847/1715 3953/1839/1709 1962/1849/1717
f 375/1866/1734 1962/1849/1717 3964/1853/1721 1954/1868/1736
f 375/1866/1734 1954/1868/1736 3965/1869/1737 1968/1867/1735
f 376/1870/1738 1969/1871/1739 3961/1805/1675 1940/1804/1674
f 376/1870/1738 1940/1804/1674 3960/1803/1673 1964/1855/1723
f 376/1870/1738 1964/1855/1723 3971/1859/1727 1961/1872/1740
f 376/1870/1738 1961/1872/1740 3972/1873/1741 1969/1871/1739
f 377/1874/1742 1970/1875/1743 3951/1809/1679 2202/1808/1678
f 377/1874/1742 2202/1808/1678 3905/1256/1148 2204/1876/1744
f 377/1874/1742 2204/1876/1744 3962/1877/1745 1970/1875/1743
f 378/1878/1746 1971/1879/1747 3958/1815/1685 1937/1814/1684
f 378/1878/1746 1937/1814/1684 3957/1813/1683 1966/1861/1729
f 378/1878/1746 1966/1861/1729 3968/1865/1733 1958/1880/1748
f 378/1878/1746 1958/1880/1748 3969/1881/1749 1971/1879/1747
f 379/1882/1750 1972/1883/1751 3955/1821/1691 1934/1820/1690
f 379/1882/1750 1934/1820/1690 3954/1819/1689 1968/1867/1735
f 379/1882/1750 1968/1867/1735 3965/1869/1737 1955/1884/1752
f 379/1882/1750 1955/1884/1752 3966/1885/1753 1972/1883/1751
f 380/1886/1754 2205/1887/1755 3928/1267/1159 2203/1823/1693
f 380/1886/1754 2203/1823/1693 3961/1805/1675 1969/1871/1739
f 380/1886/1754 1969/1871/1739 3972/1873/1741 2205/1887/1755
f 381/1888/1756 1963/1850/1718 3952/1827/1697 1931/1826/1696
f 381/1888/1756 1931/1826/1696 3951/1809/1679 1970/1875/1743
f 381/1888/1756 1970/1875/1743 3962/1877/1745 1952/1889/1757
f 381/1888/1756 1952/1889/1757 3963/1851/1719 1963/1850/1718
f 382/1890/1758 1965/1856/1724 3959/1831/1701 1938/1830/1700
f 382/1890/1758 1938/1830/1700 3958/1815/1685 1971/1879/1747
f 382/1890/1758 1971/1879/1747 3969/1881/1749 1959/1891/1759
f 382/1890/1758 1959/1891/1759 3970/1857/1725 1965/1856/1724
f 383/1892/1760 1967/1893/1730 3956/1835/1705 1935/1834/1704
f 383/1892/1760 1935/1834/1704 3955/1821/1691 1972/1883/1751
f 383/1892/1760 1972/1883/1751 3966/1885/1753 1956/1894/1761
f 383/1892/1760 1956/1894/1761 3967/1895/1731 1967/1893/1730
f 384/1896/1762 2207/1897/1763 3928/1267/1159 2205/1887/1755
f 384/1896/1762 2205/1887/1755 3972/1873/1741 1983/1898/1764
f 384/1896/1762 1983/1898/1764 3983/1899/1765 2207/1897/1763
f 385/1900/1766 1984/1901/1767 3963/1851/1719 1952/1889/1757
f 385/1900/1766 1952/1889/1757 3962/1877/1745 1985/1902/1768
f 385/1900/1766 1985/1902/1768 3973/1903/1769 1973/1904/1770
f 385/1900/1766 1973/1904/1770 3974/1905/1771 1984/1901/1767
f 386/1906/1772 1986/1907/1773 3970/1857/1725 1959/1891/1759
f 386/1906/1772 1959/1891/1759 3969/1881/1749 1987/1908/1774
f 386/1906/1772 1987/1908/1774 3980/1909/1775 1980/1910/1776
f 386/1906/1772 1980/1910/1776 3981/1911/1777 1986/1907/1773
f 387/1912/1778 1988/1913/1779 3967/1895/1731 1956/1894/1761
f 387/1912/1778 1956/1894/1761 3966/1885/1753 1989/1914/1780
f 387/1912/1778 1989/1914/1780 3977/1915/1781 1977/1916/1782
f 387/1912/1778 1977/1916/1782 3978/1917/1783 1988/1913/1779
f 388/1918/1784 1990/1919/1785 3964/1853/1721 1953/1852/1720
f 388/1918/1784 1953/1852/1720 3963/1851/1719 1984/1901/1767
f 388/1918/1784 1984/1901/1767 3974/1905/1771 1974/1920/1786
f 388/1918/1784 1974/1920/1786 3975/1921/1787 1990/1919/1785
f 389/1922/1788 1991/1923/1789 3971/1859/1727 1960/1858/1726
f 389/1922/1788 1960/1858/1726 3970/1857/1725 1986/1907/1773
f 389/1922/1788 1986/1907/1773 3981/1911/1777 1981/1924/1790
f 389/1922/1788 1981/1924/1790 3982/1925/1791 1991/1923/1789
f 390/1926/1792 1992/1927/1793 3968/1865/1733 1957/1864/1732
f 390/1926/1792 1957/1864/1732 3967/1863/1731 1988/1928/1779
f 390/1926/1792 1988/1928/1779 3978/1929/1783 1978/1930/1794
f 390/1926/1792 1978/1930/1794 3979/1931/1795 1992/1927/1793
f 391/1932/1796 1993/1933/1797 3965/1869/1737 1954/1868/1736
f 391/1932/1796 1954/1868/1736 3964/1853/1721 1990/1919/1785
f 391/1932/1796 1990/1919/1785 3975/1921/1787 1975/1934/1798
f 391/1932/1796 1975/1934/1798 3976/1935/1799 1993/1933/1797
f 392/1936/1800 1983/1898/1764 3972/1873/1741 1961/1872/1740
f 392/1936/1800 1961/1872/1740 3971/1859/1727 1991/1923/1789
f 392/1936/1800 1991/1923/1789 3982/1925/1791 1982/1937/1801
f 392/1936/1800 1982/1937/1801 3983/1899/1765 1983/1898/1764
f 393/1938/1802 1985/1902/1768 3962/1877/1745 2204/1876/1744
f 393/1938/1802 2204/1876/1744 3905/1256/1148 2206/1939/1803
f 393/1938/1802 2206/1939/1803 3973/1903/1769 1985/1902/1768
f 394/1940/1804 1987/1908/1774 3969/1881/1749 1958/1880/1748
f 394/1940/1804 1958/1880/1748 3968/1865/1733 1992/1927/1793
f 394/1940/1804 1992/1927/1793 3979/1931/1795 1979/1941/1805
f 394/1940/1804 1979/1941/1805 3980/1909/1775 1987/1908/1774
f 395/1942/1806 1989/1914/1780 3966/1885/1753 1955/1884/1752
f 395/1942/1806 1955/1884/1752 3965/1869/1737 1993/1933/1797
f 395/1942/1806 1993/1933/1797 3976/1935/1799 1976/1943/1807
f 395/1942/1806 1976/1943/1807 3977/1915/1781 1989/1914/1780
f 396/1944/1808 2004/1945/1809 3976/1935/1799 1975/1934/1798
f 396/1944/1808 1975/1934/1798 3975/1921/1787 2005/1946/1810
f 396/1944/1808 2005/1946/1810 3986/1947/1811 1996/1948/1812
f 396/1944/1808 1996/1948/1812 3987/1949/1813 2004/1945/1809
f 397/1950/1814 2006/1951/1815 3983/1899/1765 1982/1937/1801
f 397/1950/1814 1982/1937/1801 3982/1925/1791 2007/1952/1816
f 397/1950/1814 2007/1952/1816 3993/1953/1817 2003/1954/1818
f 397/1950/1814 2003/1954/1818 3994/1955/1819 2006/1951/1815
f 398/1956/1820 2008/1957/1821 3973/1903/1769 2206/1939/1803
f 398/1956/1820 2206/1939/1803 3905/1256/1148 2208/1958/1822
f 398/1956/1820 2208/1958/1822 3984/1959/1823 2008/1957/1821
f 399/1960/1824 2009/1961/1825 3980/1909/1775 1979/1941/1805
f 399/1960/1824 1979/1941/1805 3979/1931/1795 2010/1962/1826
f 399/1960/1824 2010/1962/1826 3990/1963/1827 2000/1964/1828
f 399/1960/1824 2000/1964/1828 3991/1965/1829 2009/1961/1825
f 400/1966/1830 2011/1967/1831 3977/1915/1781 1976/1943/1807
f 400/1966/1830 1976/1943/1807 3976/1935/1799 2004/1945/1809
f 400/1966/1830 2004/1945/1809 3987/1949/1813 1997/1968/1832
f 400/1966/1830 1997/1968/1832 3988/1969/1833 2011/1967/1831
f 401/1970/1834 2209/1971/1835 3928/1267/1159 2207/1897/1763
f 401/1970/1834 2207/1897/1763 3983/1899/1765 2006/1951/1815
f 401/1970/1834 2006/1951/1815 3994/1955/1819 2209/1971/1835
f 402/1972/1836 2012/1973/1837 3974/1905/1771 1973/1904/1770
f 402/1972/1836 1973/1904/1770 3973/1903/1769 2008/1957/1821
f 402/1972/1836 2008/1957/1821 3984/1959/1823 1994/1974/1838
f 402/1972/1836 1994/1974/1838 3985/1975/1839 2012/1973/1837
f 403/1976/1840 2013/1977/1841 3981/1911/1777 1980/1910/1776
f 403/1976/1840 1980/1910/1776 3980/1909/1775 2009/1961/1825
f 403/1976/1840 2009/1961/1825 3991/1965/1829 2001/1978/1842
f 403/1976/1840 2001/1978/1842 3992/1979/1843 2013/1977/1841
f 404/1980/1844 2014/1981/1845 3978/1917/1783 1977/1916/1782
f 404/1980/1844 1977/1916/1782 3977/1915/1781 2011/1967/1831
f 404/1980/1844 2011/1967/1831 3988/1969/1833 1998/1982/1846
f 404/1980/1844 1998/1982/1846 3989/1983/1847 2014/1981/1845
f 405/1984/1848 2005/1946/1810 3975/1921/1787 1974/1920/1786
f 405/1984/1848 1974/1920/1786 3974/1905/1771 2012/1973/1837
f 405/1984/1848 2012/1973/1837 3985/1975/1839 1995/1985/1849
f 405/1984/1848 1995/1985/1849 3986/1947/1811 2005/1946/1810
f 406/1986/1850 2007/1952/1816 3982/1925/1791 1981/1924/1790
f 406/1986/1850 1981/1924/1790 3981/1911/1777 2013/1977/1841
f 406/1986/1850 2013/1977/1841 3992/1979/1843 2002/1987/1851
f 406/1986/1850 2002/1987/1851 3993/1953/1817 2007/1952/1816
f 407/1988/1852 2010/1962/1826 3979/1931/1795 1978/1930/1794
f 407/1988/1852 1978/1930/1794 3978/1929/1783 2014/1989/1845
f 407/1988/1852 2014/1989/1845 3989/1990/1847 1999/1991/1853
f 407/1988/1852 1999/1991/1853 3990/1963/1827 2010/1962/1826
f 408/1992/1854 2025/1993/1855 3986/1947/1811 1995/1985/1849
f 408/1992/1854 1995/1985/1849 3985/1975/1839 2026/1994/1856
f 408/1992/1854 2026/1994/1856 3996/1995/1857 2016/1996/1858
f 408/1992/1854 2016/1996/1858 3997/1997/1859 2025/1993/1855
f 409/1998/1860 2027/1999/1861 3993/1953/1817 2002/1987/1851
f 409/1998/1860 2002/1987/1851 3992/1979/1843 2028/2000/1862
f 409/1998/1860 2028/2000/1862 4003/2001/1863 2023/2002/1864
f 409/1998/1860 2023/2002/1864 4004/2003/1865 2027/1999/1861
f 410/2004/1866 2029/2005/1867 3990/1963/1827 1999/1991/1853
f 410/2004/1866 1999/1991/1853 3989/1990/1847 2030/2006/1868
f 410/2004/1866 2030/2006/1868 4000/2007/1869 2020/2008/1870
f 410/2004/1866 2020/2008/1870 4001/2009/1871 2029/2005/1867
f 411/2010/1872 2031/2011/1873 3987/1949/1813 1996/1948/1812
f 411/2010/1872 1996/1948/1812 3986/1947/1811 2025/1993/1855
f 411/2010/1872 2025/1993/1855 3997/1997/1859 2017/2012/1874
f 411/2010/1872 2017/2012/1874 3998/2013/1875 2031/2011/1873
f 412/2014/1876 2032/2015/1877 3994/1955/1819 2003/1954/1818
f 412/2014/1876 2003/1954/1818 3993/1953/1817 2027/1999/1861
f 412/2014/1876 2027/1999/1861 4004/2003/1865 2024/2016/1878
f 412/2014/1876 2024/2016/1878 4005/2017/1879 2032/2015/1877
f 413/2018/1880 2033/2019/1881 3984/1959/1823 2208/1958/1822
f 413/2018/1880 2208/1958/1822 3905/1256/1148 2210/2020/1882
f 413/2018/1880 2210/2020/1882 3995/2021/1883 2033/2019/1881
f 414/2022/1884 2034/2023/1885 3991/1965/1829 2000/1964/1828
f 414/2022/1884 2000/1964/1828 3990/1963/1827 2029/2005/1867
f 414/2022/1884 2029/2005/1867 4001/2009/1871 2021/2024/1886
f 414/2022/1884 2021/2024/1886 4002/2025/1887 2034/2023/1885
f 415/2026/1888 2035/2027/1889 3988/1969/1833 1997/1968/1832
f 415/2026/1888 1997/1968/1832 3987/1949/1813 2031/2011/1873
f 415/2026/1888 2031/2011/1873 3998/2013/1875 2018/2028/1890
f 415/2026/1888 2018/2028/1890 3999/2029/1891 2035/2027/1889
f 416/2030/1892 2211/2031/1893 3928/1267/1159 2209/1971/1835
f 416/2030/1892 2209/1971/1835 3994/1955/1819 2032/2015/1877
f 416/2030/1892 2032/2015/1877 4005/2017/1879 2211/2031/1893
f 417/2032/1894 2026/1994/1856 3985/1975/1839 1994/1974/1838
f 417/2032/1894 1994/1974/1838 3984/1959/1823 2033/2019/1881
f 417/2032/1894 2033/2019/1881 3995/2021/1883 2015/2033/1895
f 417/2032/1894 2015/2033/1895 3996/1995/1857 2026/1994/1856
f 418/2034/1896 2028/2000/1862 3992/1979/1843 2001/1978/1842
f 418/2034/1896 2001/1978/1842 3991/1965/1829 2034/2023/1885
f 418/2034/1896 2034/2023/1885 4002/2025/1887 2022/2035/1897
f 418/2034/1896 2022/2035/1897 4003/2001/1863 2028/2000/1862
f 419/2036/1898 2030/2037/1868 3989/1983/1847 1998/1982/1846
f 419/2036/1898 1998/1982/1846 3988/1969/1833 2035/2027/1889
f 419/2036/1898 2035/2027/1889 3999/2029/1891 2019/2038/1899
f 419/2036/1898 2019/2038/1899 4000/2039/1869 2030/2037/1868
f 420/2040/1900 2046/2041/1901 3999/2029/1891 2018/2028/1890
f 420/2040/1900 2018/2028/1890 3998/2013/1875 2047/2042/1902
f 420/2040/1900 2047/2042/1902 4009/2043/1903 2039/2044/1904
f 420/2040/1900 2039/2044/1904 4010/2045/1905 2046/2041/1901
f 421/2046/1906 2213/2047/1907 3928/1267/1159 2211/2031/1893
f 421/2046/1906 2211/2031/1893 4005/2017/1879 2048/2048/1908
f 421/2046/1906 2048/2048/1908 4016/2049/1909 2213/2047/1907
f 422/2050/1910 2049/2051/1911 3996/1995/1857 2015/2033/1895
f 422/2050/1910 2015/2033/1895 3995/2021/1883 2050/2052/1912
f 422/2050/1910 2050/2052/1912 4006/2053/1913 2036/2054/1914
f 422/2050/1910 2036/2054/1914 4007/2055/1915 2049/2051/1911
f 423/2056/1916 2051/2057/1917 4003/2001/1863 2022/2035/1897
f 423/2056/1916 2022/2035/1897 4002/2025/1887 2052/2058/1918
f 423/2056/1916 2052/2058/1918 4013/2059/1919 2043/2060/1920
f 423/2056/1916 2043/2060/1920 4014/2061/1921 2051/2057/1917
f 424/2062/1922 2053/2063/1923 4000/2039/1869 2019/2038/1899
f 424/2062/1922 2019/2038/1899 3999/2029/1891 2046/2041/1901
f 424/2062/1922 2046/2041/1901 4010/2045/1905 2040/2064/1924
f 424/2062/1922 2040/2064/1924 4011/2065/1925 2053/2063/1923
f 425/2066/1926 2054/2067/1927 3997/1997/1859 2016/1996/1858
f 425/2066/1926 2016/1996/1858 3996/1995/1857 2049/2051/1911
f 425/2066/1926 2049/2051/1911 4007/2055/1915 2037/2068/1928
f 425/2066/1926 2037/2068/1928 4008/2069/1929 2054/2067/1927
f 426/2070/1930 2055/2071/1931 4004/2003/1865 2023/2002/1864
f 426/2070/1930 2023/2002/1864 4003/2001/1863 2051/2057/1917
f 426/2070/1930 2051/2057/1917 4014/2061/1921 2044/2072/1932
f 426/2070/1930 2044/2072/1932 4015/2073/1933 2055/2071/1931
f 427/2074/1934 2056/2075/1935 4001/2009/1871 2020/2008/1870
f 427/2074/1934 2020/2008/1870 4000/2007/1869 2053/2076/1923
f 427/2074/1934 2053/2076/1923 4011/2077/1925 2041/2078/1936
f 427/2074/1934 2041/2078/1936 4012/2079/1937 2056/2075/1935
f 428/2080/1938 2047/2042/1902 3998/2013/1875 2017/2012/1874
f 428/2080/1938 2017/2012/1874 3997/1997/1859 2054/2067/1927
f 428/2080/1938 2054/2067/1927 4008/2069/1929 2038/2081/1939
f 428/2080/1938 2038/2081/1939 4009/2043/1903 2047/2042/1902
f 429/2082/1940 2048/2048/1908 4005/2017/1879 2024/2016/1878
f 429/2082/1940 2024/2016/1878 4004/2003/1865 2055/2071/1931
f 429/2082/1940 2055/2071/1931 4015/2073/1933 2045/2083/1941
f 429/2082/1940 2045/2083/1941 4016/2049/1909 2048/2048/1908
f 430/2084/1942 2050/2052/1912 3995/2021/1883 2210/2020/1882
f 430/2084/1942 2210/2020/1882 3905/1256/1148 2212/2085/1943
f 430/2084/1942 2212/2085/1943 4006/2053/1913 2050/2052/1912
f 431/2086/1944 2052/2058/1918 4002/2025/1887 2021/2024/1886
f 431/2086/1944 2021/2024/1886 4001/2009/1871 2056/2075/1935
f 431/2086/1944 2056/2075/1935 4012/2079/1937 2042/2087/1945
f 431/2086/1944 2042/2087/1945 4013/2059/1919 2052/2058/1918
f 432/2088/1946 2067/2089/1947 4009/2043/1903 2038/2081/1939
f 432/2088/1946 2038/2081/1939 4008/2069/1929 2068/2090/1948
f 432/2088/1946 2068/2090/1948 4019/2091/1949 2059/2092/1950
f 432/2088/1946 2059/2092/1950 4020/2093/1951 2067/2089/1947
f 433/2094/1952 2069/2095/1953 4016/2049/1909 2045/2083/1941
f 433/2094/1952 2045/2083/1941 4015/2073/1933 2070/2096/1954
f 433/2094/1952 2070/2096/1954 4026/2097/1955 2066/2098/1956
f 433/2094/1952 2066/2098/1956 4027/2099/1957 2069/2095/1953
f 434/2100/1958 2071/2101/1959 4006/2053/1913 2212/2085/1943
f 434/2100/1958 2212/2085/1943 3905/1256/1148 2214/2102/1960
f 434/2100/1958 2214/2102/1960 4017/2103/1961 2071/2101/1959
f 435/2104/1962 2072/2105/1963 4013/2059/1919 2042/2087/1945
f 435/2104/1962 2042/2087/1945 4012/2079/1937 2073/2106/1964
f 435/2104/1962 2073/2106/1964 4023/2107/1965 2063/2108/1966
f 435/2104/1962 2063/2108/1966 4024/2109/1967 2072/2105/1963
f 436/2110/1968 2074/2111/1969 4010/2045/1905 2039/2044/1904
f 436/2110/1968 2039/2044/1904 4009/2043/1903 2067/2089/1947
f 436/2110/1968 2067/2089/1947 4020/2093/1951 2060/2112/1970
f 436/2110/1968 2060/2112/1970 4021/2113/1971 2074/2111/1969
f 437/2114/1972 2215/2115/1973 3928/1267/1159 2213/2047/1907
f 437/2114/1972 2213/2047/1907 4016/2049/1909 2069/2095/1953
f 437/2114/1972 2069/2095/1953 4027/2099/1957 2215/2115/1973
f 438/2116/1974 2075/2117/1975 4007/2055/1915 2036/2054/1914
f 438/2116/1974 2036/2054/1914 4006/2053/1913 2071/2101/1959
f 438/2116/1974 2071/2101/1959 4017/2103/1961 2057/2118/1976
f 438/2116/1974 2057/2118/1976 4018/2119/1977 2075/2117/1975
f 439/2120/1978 2076/2121/1979 4014/2061/1921 2043/2060/1920
f 439/2120/1978 2043/2060/1920 4013/2059/1919 2072/2105/1963
f 439/2120/1978 2072/2105/1963 4024/2109/1967 2064/2122/1980
f 439/2120/1978 2064/2122/1980 4025/2123/1981 2076/2121/1979
f 440/2124/1982 2077/2125/1983 4011/2065/1925 2040/2064/1924
f 440/2124/1982 2040/2064/1924 4010/2045/1905 2074/2111/1969
f 440/2124/1982 2074/2111/1969 4021/2113/1971 2061/2126/1984
f 440/2124/1982 2061/2126/1984 4022/2127/1985 2077/2125/1983
f 441/2128/1986 2068/2090/1948 4008/2069/1929 2037/2068/1928
f 441/2128/1986 2037/2068/1928 4007/2055/1915 2075/2117/1975
f 441/2128/1986 2075/2117/1975 4018/2119/1977 2058/2129/1987
f 441/2128/1986 2058/2129/1987 4019/2091/1949 2068/2090/1948
f 442/2130/1988 2070/2096/1954 4015/2073/1933 2044/2072/1932
f 442/2130/1988 2044/2072/1932 4014/2061/1921 2076/2121/1979
f 442/2130/1988 2076/2121/1979 4025/2123/1981 2065/2131/1989
f 442/2130/1988 2065/2131/1989 4026/2097/1955 2070/2096/1954
f 443/2132/1990 2073/2106/1964 4012/2079/1937 2041/2078/1936
f 443/2132/1990 2041/2078/1936 4011/2077/1925 2077/2133/1983
f 443/2132/1990 2077/2133/1983 4022/2134/1985 2062/2135/1991
f 443/2132/1990 2062/2135/1991 4023/2107/1965 2073/2106/1964
f 444/2136/1992 2088/2137/1993 4022/2127/1985 2061/2126/1984
f 444/2136/1992 2061/2126/1984 4021/2113/1971 2089/2138/1994
f 444/2136/1992 2089/2138/1994 4032/2139/1995 2082/2140/1996
f 444/2136/1992 2082/2140/1996 4033/2141/1997 2088/2137/1993
f 445/2142/1998 2090/2143/1999 4019/2091/1949 2058/2129/1987
f 445/2142/1998 2058/2129/1987 4018/2119/1977 2091/2144/2000
f 445/2142/1998 2091/2144/2000 4029/2145/2001 2079/2146/2002
f 445/2142/1998 2079/2146/2002 4030/2147/2003 2090/2143/1999
f 446/2148/2004 2092/2149/2005 4026/2097/1955 2065/2131/1989
f 446/2148/2004 2065/2131/1989 4025/2123/1981 2093/2150/2006
f 446/2148/2004 2093/2150/2006 4036/2151/2007 2086/2152/2008
f 446/2148/2004 2086/2152/2008 4037/2153/2009 2092/2149/2005
f 447/2154/2010 2094/2155/2011 4023/2107/1965 2062/2135/1991
f 447/2154/2010 2062/2135/1991 4022/2134/1985 2088/2156/1993
f 447/2154/2010 2088/2156/1993 4033/2157/1997 2083/2158/2012
f 447/2154/2010 2083/2158/2012 4034/2159/2013 2094/2155/2011
f 448/2160/2014 2095/2161/2015 4020/2093/1951 2059/2092/1950
f 448/2160/2014 2059/2092/1950 4019/2091/1949 2090/2143/1999
f 448/2160/2014 2090/2143/1999 4030/2147/2003 2080/2162/2016
f 448/2160/2014 2080/2162/2016 4031/2163/2017 2095/2161/2015
f 449/2164/2018 2096/2165/2019 4027/2099/1957 2066/2098/1956
f 449/2164/2018 2066/2098/1956 4026/2097/1955 2092/2149/2005
f 449/2164/2018 2092/2149/2005 4037/2153/2009 2087/2166/2020
f 449/2164/2018 2087/2166/2020 4038/2167/2021 2096/2165/2019
f 450/2168/2022 2097/2169/2023 4017/2103/1961 2214/2102/1960
f 450/2168/2022 2214/2102/1960 3905/1256/1148 2216/2170/2024
f 450/2168/2022 2216/2170/2024 4028/2171/2025 2097/2169/2023
f 451/2172/2026 2098/2173/2027 4024/2109/1967 2063/2108/1966
f 451/2172/2026 2063/2108/1966 4023/2107/1965 2094/2155/2011
f 451/2172/2026 2094/2155/2011 4034/2159/2013 2084/2174/2028
f 451/2172/2026 2084/2174/2028 4035/2175/2029 2098/2173/2027
f 452/2176/2030 2089/2138/1994 4021/2113/1971 2060/2112/1970
f 452/2176/2030 2060/2112/1970 4020/2093/1951 2095/2161/2015
f 452/2176/2030 2095/2161/2015 4031/2163/2017 2081/2177/2031
f 452/2176/2030 2081/2177/2031 4032/2139/1995 2089/2138/1994
f 453/2178/2032 2217/2179/2033 3928/1267/1159 2215/2115/1973
f 453/2178/2032 2215/2115/1973 4027/2099/1957 2096/2165/2019
f 453/2178/2032 2096/2165/2019 4038/2167/2021 2217/2179/2033
f 454/2180/2034 2091/2144/2000 4018/2119/1977 2057/2118/1976
f 454/2180/2034 2057/2118/1976 4017/2103/1961 2097/2169/2023
f 454/2180/2034 2097/2169/2023 4028/2171/2025 2078/2181/2035
f 454/2180/2034 2078/2181/2035 4029/2145/2001 2091/2144/2000
f 455/2182/2036 2093/2150/2006 4025/2123/1981 2064/2122/1980
f 455/2182/2036 2064/2122/1980 4024/2109/1967 2098/2173/2027
f 455/2182/2036 2098/2173/2027 4035/2175/2029 2085/2183/2037
f 455/2182/2036 2085/2183/2037 4036/2151/2007 2093/2150/2006
f 456/2184/2038 2109/2185/2039 4032/2139/1995 2081/2177/2031
f 456/2184/2038 2081/2177/2031 4031/2163/2017 2110/2186/2040
f 456/2184/2038 2110/2186/2040 4042/2187/2041 2102/2188/2042
f 456/2184/2038 2102/2188/2042 4043/2189/2043 2109/2185/2039
f 457/2190/2044 2219/2191/2045 3928/1267/1159 2217/2179/2033
f 457/2190/2044 2217/2179/2033 4038/2167/2021 2111/2192/2046
f 457/2190/2044 2111/2192/2046 4049/2193/2047 2219/2191/2045
f 458/2194/2048 2112/2195/2049 4029/2145/2001 2078/2181/2035
f 458/2194/2048 2078/2181/2035 4028/2171/2025 2113/2196/2050
f 458/2194/2048 2113/2196/2050 4039/2197/2051 2099/2198/2052
f 458/2194/2048 2099/2198/2052 4040/2199/2053 2112/2195/2049
f 459/2200/2054 2114/2201/2055 4036/2151/2007 2085/2183/2037
f 459/2200/2054 2085/2183/2037 4035/2175/2029 2115/2202/2056
f 459/2200/2054 2115/2202/2056 4046/2203/2057 2106/2204/2058
f 459/2200/2054 2106/2204/2058 4047/2205/2059 2114/2201/2055
f 460/2206/2060 2116/2207/2061 4033/2141/1997 2082/2140/1996
f 460/2206/2060 2082/2140/1996 4032/2139/1995 2109/2185/2039
f 460/2206/2060 2109/2185/2039 4043/2189/2043 2103/2208/2062
f 460/2206/2060 2103/2208/2062 4044/2209/2063 2116/2207/2061
f 461/2210/2064 2117/2211/2065 4030/2147/2003 2079/2146/2002
f 461/2210/2064 2079/2146/2002 4029/2145/2001 2112/2195/2049
f 461/2210/2064 2112/2195/2049 4040/2199/2053 2100/2212/2066
f 461/2210/2064 2100/2212/2066 4041/2213/2067 2117/2211/2065
f 462/2214/2068 2118/2215/2069 4037/2153/2009 2086/2152/2008
f 462/2214/2068 2086/2152/2008 4036/2151/2007 2114/2201/2055
f 462/2214/2068 2114/2201/2055 4047/2205/2059 2107/2216/2070
f 462/2214/2068 2107/2216/2070 4048/2217/2071 2118/2215/2069
f 463/2218/2072 2119/2219/2073 4034/2159/2013 2083/2158/2012
f 463/2218/2072 2083/2158/2012 4033/2157/1997 2116/2220/2061
f 463/2218/2072 2116/2220/2061 4044/2221/2063 2104/2222/2074
f 463/2218/2072 2104/2222/2074 4045/2223/2075 2119/2219/2073
f 464/2224/2076 2110/2186/2040 4031/2163/2017 2080/2162/2016
f 464/2224/2076 2080/2162/2016 4030/2147/2003 2117/2211/2065
f 464/2224/2076 2117/2211/2065 4041/2213/2067 2101/2225/2077
f 464/2224/2076 2101/2225/2077 4042/2187/2041 2110/2186/2040
f 465/2226/2078 2111/2192/2046 4038/2167/2021 2087/2166/2020
f 465/2226/2078 2087/2166/2020 4037/2153/2009 2118/2215/2069
f 465/2226/2078 2118/2215/2069 4048/2217/2071 2108/2227/2079
f 465/2226/2078 2108/2227/2079 4049/2193/2047 2111/2192/2046
f 466/2228/2080 2113/2196/2050 4028/2171/2025 2216/2170/2024
f 466/2228/2080 2216/2170/2024 3905/1256/1148 2218/2229/2081
f 466/2228/2080 2218/2229/2081 4039/2197/2051 2113/2196/2050
f 467/2230/2082 2115/2202/2056 4035/2175/2029 2084/2174/2028
f 467/2230/2082 2084/2174/2028 4034/2159/2013 2119/2219/2073
f 467/2230/2082 2119/2219/2073 4045/2223/2075 2105/2231/2083
f 467/2230/2082 2105/2231/2083 4046/2203/2057 2115/2202/2056
f 468/2232/2084 2130/2233/2085 4045/2223/2075 2104/2222/2074
f 468/2232/2084 2104/2222/2074 4044/2221/2063 2131/2234/2086
f 468/2232/2084 2131/2234/2086 4055/2235/2087 2125/2236/2088
f 468/2232/2084 2125/2236/2088 4056/2237/2089 2130/2233/2085
f 469/2238/2090 2132/2239/2091 4042/2187/2041 2101/2225/2077
f 469/2238/2090 2101/2225/2077 4041/2213/2067 2133/2240/2092
f 469/2238/2090 2133/2240/2092 4052/2241/2093 2122/2242/2094
f 469/2238/2090 2122/2242/2094 4053/2243/2095 2132/2239/2091
f 470/2244/2096 2134/2245/2097 4049/2193/2047 2108/2227/2079
f 470/2244/2096 2108/2227/2079 4048/2217/2071 2135/2246/2098
f 470/2244/2096 2135/2246/2098 4059/2247/2099 2129/2248/2100
f 470/2244/2096 2129/2248/2100 4060/2249/2101 2134/2245/2097
f 471/2250/2102 2136/2251/2103 4039/2197/2051 2218/2229/2081
f 471/2250/2102 2218/2229/2081 3905/1256/1148 2220/2252/2104
f 471/2250/2102 2220/2252/2104 4050/2253/2105 2136/2251/2103
f 472/2254/2106 2137/2255/2107 4046/2203/2057 2105/2231/2083
f 472/2254/2106 2105/2231/2083 4045/2223/2075 2130/2233/2085
f 472/2254/2106 2130/2233/2085 4056/2237/2089 2126/2256/2108
f 472/2254/2106 2126/2256/2108 4057/2257/2109 2137/2255/2107
f 473/2258/2110 2138/2259/2111 4043/2189/2043 2102/2188/2042
f 473/2258/2110 2102/2188/2042 4042/2187/2041 2132/2239/2091
f 473/2258/2110 2132/2239/2091 4053/2243/2095 2123/2260/2112
f 473/2258/2110 2123/2260/2112 4054/2261/2113 2138/2259/2111
f 474/2262/2114 2221/2263/2115 3928/1267/1159 2219/2191/2045
f 474/2262/2114 2219/2191/2045 4049/2193/2047 2134/2245/2097
f 474/2262/2114 2134/2245/2097 4060/2249/2101 2221/2263/2115
f 475/2264/2116 2139/2265/2117 4040/2199/2053 2099/2198/2052
f 475/2264/2116 2099/2198/2052 4039/2197/2051 2136/2251/2103
f 475/2264/2116 2136/2251/2103 4050/2253/2105 2120/2266/2118
f 475/2264/2116 2120/2266/2118 4051/2267/2119 2139/2265/2117
f 476/2268/2120 2140/2269/2121 4047/2205/2059 2106/2204/2058
f 476/2268/2120 2106/2204/2058 4046/2203/2057 2137/2255/2107
f 476/2268/2120 2137/2255/2107 4057/2257/2109 2127/2270/2122
f 476/2268/2120 2127/2270/2122 4058/2271/2123 2140/2269/2121
f 477/2272/2124 2131/2273/2086 4044/2209/2063 2103/2208/2062
f 477/2272/2124 2103/2208/2062 4043/2189/2043 2138/2259/2111
f 477/2272/2124 2138/2259/2111 4054/2261/2113 2124/2274/2125
f 477/2272/2124 2124/2274/2125 4055/2275/2087 2131/2273/2086
f 478/2276/2126 2133/2240/2092 4041/2213/2067 2100/2212/2066
f 478/2276/2126 2100/2212/2066 4040/2199/2053 2139/2265/2117
f 478/2276/2126 2139/2265/2117 4051/2267/2119 2121/2277/2127
f 478/2276/2126 2121/2277/2127 4052/2241/2093 2133/2240/2092
f 479/2278/2128 2135/2246/2098 4048/2217/2071 2107/2216/2070
f 479/2278/2128 2107/2216/2070 4047/2205/2059 2140/2269/2121
f 479/2278/2128 2140/2269/2121 4058/2271/2123 2128/2279/2129
f 479/2278/2128 2128/2279/2129 4059/2247/2099 2135/2246/2098
f 480/2280/2130 2151/2281/2131 4055/2275/2087 2124/2274/2125
f 480/2280/2130 2124/2274/2125 4054/2261/2113 2152/2282/2132
f 480/2280/2130 2152/2282/2132 4065/2283/2133 2145/2284/2134
f 480/2280/2130 2145/2284/2134 4066/2285/2135 2151/2281/2131
f 481/2286/2136 2153/2287/2137 4052/2241/2093 2121/2277/2127
f 481/2286/2136 2121/2277/2127 4051/2267/2119 2154/2288/2138
f 481/2286/2136 2154/2288/2138 4062/2289/2139 2142/2290/2140
f 481/2286/2136 2142/2290/2140 4063/2291/2141 2153/2287/2137
f 482/2292/2142 2155/2293/2143 4059/2247/2099 2128/2279/2129
f 482/2292/2142 2128/2279/2129 4058/2271/2123 2156/2294/2144
f 482/2292/2142 2156/2294/2144 4069/2295/2145 2149/2296/2146
f 482/2292/2142 2149/2296/2146 4070/2297/2147 2155/2293/2143
f 483/2298/2148 2157/2299/2149 4056/2237/2089 2125/2236/2088
f 483/2298/2148 2125/2236/2088 4055/2235/2087 2151/2300/2131
f 483/2298/2148 2151/2300/2131 4066/2301/2135 2146/2302/2150
f 483/2298/2148 2146/2302/2150 4067/2303/2151 2157/2299/2149
f 484/2304/2152 2158/2305/2153 4053/2243/2095 2122/2242/2094
f 484/2304/2152 2122/2242/2094 4052/2241/2093 2153/2287/2137
f 484/2304/2152 2153/2287/2137 4063/2291/2141 2143/2306/2154
f 484/2304/2152 2143/2306/2154 4064/2307/2155 2158/2305/2153
f 485/2308/2156 2159/2309/2157 4060/2249/2101 2129/2248/2100
f 485/2308/2156 2129/2248/2100 4059/2247/2099 2155/2293/2143
f 485/2308/2156 2155/2293/2143 4070/2297/2147 2150/2310/2158
f 485/2308/2156 2150/2310/2158 4071/2311/2159 2159/2309/2157
f 486/2312/2160 2160/2313/2161 4050/2253/2105 2220/2252/2104
f 486/2312/2160 2220/2252/2104 3905/1256/1148 2222/2314/2162
f 486/2312/2160 2222/2314/2162 4061/2315/2163 2160/2313/2161
f 487/2316/2164 2161/2317/2165 4057/2257/2109 2126/2256/2108
f 487/2316/2164 2126/2256/2108 4056/2237/2089 2157/2299/2149
f 487/2316/2164 2157/2299/2149 4067/2303/2151 2147/2318/2166
f 487/2316/2164 2147/2318/2166 4068/2319/2167 2161/2317/2165
f 488/2320/2168 2152/2282/2132 4054/2261/2113 2123/2260/2112
f 488/2320/2168 2123/2260/2112 4053/2243/2095 2158/2305/2153
f 488/2320/2168 2158/2305/2153 4064/2307/2155 2144/2321/2169
f 488/2320/2168 2144/2321/2169 4065/2283/2133 2152/2282/2132
f 489/2322/2170 2223/2323/2171 3928/1267/1159 2221/2263/2115
f 489/2322/2170 2221/2263/2115 4060/2249/2101 2159/2309/2157
f 489/2322/2170 2159/2309/2157 4071/2311/2159 2223/2323/2171
f 490/2324/2172 2154/2288/2138 4051/2267/2119 2120/2266/2118
f 490/2324/2172 2120/2266/2118 4050/2253/2105 2160/2313/2161
f 490/2324/2172 2160/2313/2161 4061/2315/2163 2141/2325/2173
f 490/2324/2172 2141/2325/2173 4062/2289/2139 2154/2288/2138
f 491/2326/2174 2156/2294/2144 4058/2271/2123 2127/2270/2122
f 491/2326/2174 2127/2270/2122 4057/2257/2109 2161/2317/2165
f 491/2326/2174 2161/2317/2165 4068/2319/2167 2148/2327/2175
f 491/2326/2174 2148/2327/2175 4069/2295/2145 2156/2294/2144
f 492/2328/2176 2224/2329/2177 4068/2319/2167 2147/2318/2166
f 492/2328/2176 2147/2318/2166 4067/2303/2151 2225/2330/2178
f 492/2328/2176 2225/2330/2178 3812/1233/1128 1673/1260/1152
f 492/2328/2176 1673/1260/1152 3813/1202/1097 2224/2329/2177
f 493/2331/2179 2226/2332/2180 4065/2283/2133 2144/2321/2169
f 493/2331/2179 2144/2321/2169 4064/2307/2155 2227/2333/2181
f 493/2331/2179 2227/2333/2181 3809/1242/1134 1670/1263/1155
f 493/2331/2179 1670/1263/1155 3810/1211/1106 2226/2332/2180
f 494/2334/2182 2179/1268/1160 3928/1267/1159 2223/2323/2171
f 494/2334/2182 2223/2323/2171 4071/2311/2159 2228/2335/2183
f 494/2334/2182 2228/2335/2183 3816/1248/1140 2179/1268/1160
f 495/2336/2184 2229/2337/2185 4062/2289/2139 2141/2325/2173
f 495/2336/2184 2141/2325/2173 4061/2315/2163 2230/2338/2186
f 495/2336/2184 2230/2338/2186 3806/1254/1146 1667/1270/1162
f 495/2336/2184 1667/1270/1162 3807/1220/1115 2229/2337/2185
f 496/2339/2187 2231/2340/2188 4069/2295/2145 2148/2327/2175
f 496/2339/2187 2148/2327/2175 4068/2319/2167 2224/2329/2177
f 496/2339/2187 2224/2329/2177 3813/1202/1097 1674/1201/1096
f 496/2339/2187 1674/1201/1096 3814/1200/1095 2231/2340/2188
f 497/2341/2189 2232/2342/2190 4066/2285/2135 2145/2284/2134
f 497/2341/2189 2145/2284/2134 4065/2283/2133 2226/2332/2180
f 497/2341/2189 2226/2332/2180 3810/1211/1106 1671/1210/1105
f 497/2341/2189 1671/1210/1105 3811/1209/1104 2232/2342/2190
f 498/2343/2191 2233/2344/2192 4063/2291/2141 2142/2290/2140
f 498/2343/2191 2142/2290/2140 4062/2289/2139 2229/2337/2185
f 498/2343/2191 2229/2337/2185 3807/1220/1115 1668/1219/1114
f 498/2343/2191 1668/1219/1114 3808/1218/1113 2233/2344/2192
f 499/2345/2193 2234/2346/2194 4070/2297/2147 2149/2296/2146
f 499/2345/2193 2149/2296/2146 4069/2295/2145 2231/2340/2188
f 499/2345/2193 2231/2340/2188 3814/1200/1095 1675/1228/1123
f 499/2345/2193 1675/1228/1123 3815/1227/1122 2234/2346/2194
f 500/2347/2195 2225/2330/2178 4067/2303/2151 2146/2302/2150
f 500/2347/2195 2146/2302/2150 4066/2301/2135 2232/2348/2190
f 500/2347/2195 2232/2348/2190 3811/1235/1104 1672/1234/1129
f 500/2347/2195 1672/1234/1129 3812/1233/1128 2225/2330/2178
f 501/2349/2196 2227/2333/2181 4064/2307/2155 2143/2306/2154
f 501/2349/2196 2143/2306/2154 4063/2291/2141 2233/2344/2192
f 501/2349/2196 2233/2344/2192 3808/1218/1113 1669/1243/1135
f 501/2349/2196 1669/1243/1135 3809/1242/1134 2227/2333/2181
f 502/2350/2197 2228/2335/2183 4071/2311/2159 2150/2310/2158
f 502/2350/2197 2150/2310/2158 4070/2297/2147 2234/2346/2194
f 502/2350/2197 2234/2346/2194 3815/1227/1122 1676/1249/1141
f 502/2350/2197 1676/1249/1141 3816/1248/1140 2228/2335/2183
f 503/2351/2198 2230/2338/2186 4061/2315/2163 2222/2314/2162
f 503/2351/2198 2222/2314/2162 3905/1256/1148 2178/1255/1147
f 503/2351/2198 2178/1255/1147 3806/1254/1146 2230/2338/2186
f 504/2352/2199 2252/2353/2200 4091/429/421 2248/428/420
f 504/2352/2199 2248/428/420 4079/427/419 2165/2354/2201
f 504/2352/2199 2165/2354/2201 4075/2355/2202 2245/2356/2203
f 504/2352/2199 2245/2356/2203 4088/2357/2204 2252/2353/2200
f 505/2358/2205 2173/426/418 4101/425/417 2285/2359/2206
f 505/2358/2205 2285/2359/2206 4099/2360/2207 2171/2361/2208
f 505/2358/2205 2171/2361/2208 4077/2362/2209 2174/2363/2210
f 505/2358/2205 2174/2363/2210 4079/427/419 2173/426/418
f 506/2364/2211 2275/2365/2212 4098/2366/2213 2284/2367/2214
f 506/2364/2211 2284/2367/2214 4100/2368/2215 2277/2369/2216
f 506/2364/2211 2277/2369/2216 4078/2370/2217 2175/2371/2218
f 506/2364/2211 2175/2371/2218 4076/2372/2219 2275/2365/2212
f 507/2373/2220 2251/2374/2221 4102/2375/2222 2283/2376/2223
f 507/2373/2220 2283/2376/2223 4098/2366/2213 2275/2365/2212
f 507/2373/2220 2275/2365/2212 4076/2372/2219 2176/2377/2224
f 507/2373/2220 2176/2377/2224 4090/2378/2225 2251/2374/2221
f 508/2379/2226 2296/2380/2227 4072/2381/2228 2168/2382/2229
f 508/2379/2226 2168/2382/2229 4073/2383/2230 2295/2384/2231
f 508/2379/2226 2295/2384/2231 4105/2385/2232 2289/2386/2233
f 508/2379/2226 2289/2386/2233 4107/2387/2234 2296/2380/2227
f 509/2388/2235 2163/2389/2236 4076/2372/2219 2175/2371/2218
f 509/2388/2235 2175/2371/2218 4078/2370/2217 2164/2390/2237
f 509/2388/2235 2164/2390/2237 4073/2383/2230 2168/2382/2229
f 509/2388/2235 2168/2382/2229 4072/2381/2228 2163/2389/2236
f 510/2391/2238 2249/2392/2239 4090/2378/2225 2176/2377/2224
f 510/2391/2238 2176/2377/2224 4076/2372/2219 2163/2389/2236
f 510/2391/2238 2163/2389/2236 4072/2381/2228 2167/2393/2240
f 510/2391/2238 2167/2393/2240 4089/2394/2241 2249/2392/2239
f 511/2395/2242 2165/2354/2201 4079/427/419 2174/2363/2210
f 511/2395/2242 2174/2363/2210 4077/2362/2209 2162/2396/2243
f 511/2395/2242 2162/2396/2243 4074/2397/2244 2169/2398/2245
f 511/2395/2242 2169/2398/2245 4075/2355/2202 2165/2354/2201
f 512/2399/2246 2162/2396/2243 4077/2362/2209 2247/2400/2247
f 512/2399/2246 2247/2400/2247 4090/2378/2225 2249/2392/2239
f 512/2399/2246 2249/2392/2239 4089/2394/2241 2246/2401/2248
f 512/2399/2246 2246/2401/2248 4074/2397/2244 2162/2396/2243
f 513/2402/2249 2294/2403/2250 4088/2357/2204 2245/2356/2203
f 513/2402/2249 2245/2356/2203 4075/2355/2202 2250/2404/2251
f 513/2402/2249 2250/2404/2251 4108/2405/2252 2291/2406/2253
f 513/2402/2249 2291/2406/2253 4104/2407/2254 2294/2403/2250
f 514/2408/2255 2171/2361/2208 4099/2360/2207 2282/2409/2256
f 514/2408/2255 2282/2409/2256 4102/2375/2222 2251/2374/2221
f 514/2408/2255 2251/2374/2221 4090/2378/2225 2247/2400/2247
f 514/2408/2255 2247/2400/2247 4077/2362/2209 2171/2361/2208
f 515/2410/2257 2164/2390/2237 4078/2370/2217 2177/2411/2258
f 515/2410/2257 2177/2411/2258 4091/429/421 2252/2353/2200
f 515/2410/2257 2252/2353/2200 4088/2357/2204 2166/2412/2259
f 515/2410/2257 2166/2412/2259 4073/2383/2230 2164/2390/2237
f 516/2413/2260 1548/1168/1066 3800/1147/1045 1651/1160/1058
f 516/2413/2260 1651/1160/1058 3797/1158/1056 2243/2414/2261
f 516/2413/2260 2243/2414/2261 4086/1009/927 2253/1172/1070
f 516/2413/2260 2253/1172/1070 4084/1169/1067 1548/1168/1066
f 517/2415/2262 1545/1163/1061 3796/442/434 1648/978/903
f 517/2415/2262 1648/978/903 4087/977/902 2254/1166/1064
f 517/2415/2262 2254/1166/1064 4084/1169/1067 2240/1171/1069
f 517/2415/2262 2240/1171/1069 3752/1051/969 1545/1163/1061
f 518/2416/2263 1570/1016/934 3762/451/443 1574/450/442
f 518/2416/2263 1574/450/442 4085/449/441 2255/1021/939
f 518/2416/2263 2255/1021/939 4711/1026/944 2236/2417/2264
f 518/2416/2263 2236/2417/2264 4256/1017/935 1570/1016/934
f 519/2418/2265 2243/2414/2261 3797/1158/1056 1642/1157/1055
f 519/2418/2265 1642/1157/1055 4426/1156/1054 2241/2419/2266
f 519/2418/2265 2241/2419/2266 4716/1011/929 2256/1010/928
f 519/2418/2265 2256/1010/928 4086/1009/927 2243/2414/2261
f 520/2420/2267 1296/2421/2268 3747/2422/2269 2239/2423/2270
f 520/2420/2267 2239/2423/2270 4083/1004/900 2257/1003/923
f 520/2420/2267 2257/1003/923 4082/414/406 1315/413/405
f 520/2420/2267 1315/413/405 3655/420/412 1296/2421/2268
f 521/2424/2271 2239/2425/2270 3747/2426/2269 1652/2427/2272
f 521/2424/2271 1652/2427/2272 3799/1149/1047 2244/1167/1065
f 521/2424/2271 2244/1167/1065 4087/977/902 2258/976/901
f 521/2424/2271 2258/976/901 4083/975/900 2239/2425/2270
f 522/2428/2273 1302/2429/2274 3646/383/375 1314/411/403
f 522/2428/2273 1314/411/403 3760/410/402 2242/1022/940
f 522/2428/2273 2242/1022/940 4085/449/441 2259/448/440
f 522/2428/2273 2259/448/440 4080/447/439 1302/2429/2274
f 523/2430/2275 2277/2369/2216 4100/2368/2215 2281/2431/2276
f 523/2430/2275 2281/2431/2276 4103/423/415 2260/422/414
f 523/2430/2275 2260/422/414 4091/429/421 2177/2411/2258
f 523/2430/2275 2177/2411/2258 4078/2370/2217 2277/2369/2216
f 524/2432/2277 2238/1006/924 3652/378/370 1309/377/369
f 524/2432/2277 1309/377/369 3654/376/368 1308/2433/2278
f 524/2432/2277 1308/2433/2278 4081/416/408 2261/415/407
f 524/2432/2277 2261/415/407 4082/414/406 2238/1006/924
f 525/2434/2279 1640/1150/1048 3799/1149/1047 1652/2427/2272
f 525/2434/2279 1652/2427/2272 3747/2426/2269 2266/2435/2280
f 525/2434/2279 2266/2435/2280 4095/1175/874 2269/1174/1072
f 525/2434/2279 2269/1174/1072 4097/1151/1049 1640/1150/1048
f 526/2436/2281 1289/1037/955 3763/291/284 1573/290/283
f 526/2436/2281 1573/290/283 4096/289/282 2270/1014/932
f 526/2436/2281 2270/1014/932 4726/1019/937 2264/2437/2282
f 526/2436/2281 2264/2437/2282 4241/1038/956 1289/1037/955
f 527/2438/2283 1296/2421/2268 3655/420/412 2262/2439/2284
f 527/2438/2283 2262/2439/2284 4092/368/360 2271/945/870
f 527/2438/2283 2271/945/870 4095/949/874 2266/2440/2280
f 527/2438/2283 2266/2440/2280 3747/2422/2269 1296/2421/2268
f 528/2441/2285 2262/2439/2284 3655/420/412 1322/419/411
f 528/2441/2285 1322/419/411 3659/418/410 1321/2442/2286
f 528/2441/2285 1321/2442/2286 4094/364/356 2272/369/361
f 528/2441/2285 2272/369/361 4092/368/360 2262/2439/2284
f 529/2443/2287 1321/2442/2286 3659/418/410 1323/2444/2288
f 529/2443/2287 1323/2444/2288 3657/453/445 1317/2445/2289
f 529/2443/2287 1317/2445/2289 4093/287/280 2273/365/357
f 529/2443/2287 2273/365/357 4094/364/356 1321/2442/2286
f 530/2446/2290 1317/2445/2289 3657/453/445 1327/452/444
f 530/2446/2290 1327/452/444 3762/451/443 2267/1015/933
f 530/2446/2290 2267/1015/933 4096/289/282 2274/288/281
f 530/2446/2290 2274/288/281 4093/287/280 1317/2445/2289
f 531/2447/2291 2312/2448/2292 4117/2449/2293 2322/2450/2294
f 531/2447/2291 2322/2450/2294 4121/2451/2295 2280/2452/2296
f 531/2447/2291 2280/2452/2296 4103/423/415 2281/2431/2276
f 531/2447/2291 2281/2431/2276 4100/2368/2215 2312/2448/2292
f 532/2453/2297 2276/2454/2298 4118/2455/2299 2321/2456/2300
f 532/2453/2297 2321/2456/2300 4120/2457/2301 2279/2458/2302
f 532/2453/2297 2279/2458/2302 4102/2375/2222 2282/2409/2256
f 532/2453/2297 2282/2409/2256 4099/2360/2207 2276/2454/2298
f 533/2459/2303 2279/2458/2302 4120/2457/2301 2320/2460/2304
f 533/2459/2303 2320/2460/2304 4116/2461/2305 2311/2462/2306
f 533/2459/2303 2311/2462/2306 4098/2366/2213 2283/2376/2223
f 533/2459/2303 2283/2376/2223 4102/2375/2222 2279/2458/2302
f 534/2463/2307 2311/2462/2306 4116/2461/2305 2319/2464/2308
f 534/2463/2307 2319/2464/2308 4117/2449/2293 2312/2448/2292
f 534/2463/2307 2312/2448/2292 4100/2368/2215 2284/2367/2214
f 534/2463/2307 2284/2367/2214 4098/2366/2213 2311/2462/2306
f 535/2465/2309 2278/2466/2310 4119/2467/2311 2318/2468/2312
f 535/2465/2309 2318/2468/2312 4118/2455/2299 2276/2454/2298
f 535/2465/2309 2276/2454/2298 4099/2360/2207 2285/2359/2206
f 535/2465/2309 2285/2359/2206 4101/425/417 2278/2466/2310
f 536/2469/2313 2280/2452/2296 4121/2451/2295 2317/2470/2314
f 536/2469/2313 2317/2470/2314 4119/2467/2311 2278/2466/2310
f 536/2469/2313 2278/2466/2310 4101/425/417 2286/424/416
f 536/2469/2313 2286/424/416 4103/423/415 2280/2452/2296
f 537/2471/2315 2308/2472/2316 4107/2387/2234 2289/2386/2233
f 537/2471/2315 2289/2386/2233 4105/2385/2232 2307/2473/2317
f 537/2471/2315 2307/2473/2317 4111/2474/2318 2301/2475/2319
f 537/2471/2315 2301/2475/2319 4113/2476/2320 2308/2472/2316
f 538/2477/2321 2306/2478/2322 4104/2407/2254 2291/2406/2253
f 538/2477/2321 2291/2406/2253 4108/2405/2252 2293/2479/2323
f 538/2477/2321 2293/2479/2323 4114/2480/2324 2303/2481/2325
f 538/2477/2321 2303/2481/2325 4110/2482/2326 2306/2478/2322
f 539/2483/2327 2295/2384/2231 4073/2383/2230 2166/2412/2259
f 539/2483/2327 2166/2412/2259 4088/2357/2204 2294/2403/2250
f 539/2483/2327 2294/2403/2250 4104/2407/2254 2287/2484/2328
f 539/2483/2327 2287/2484/2328 4105/2385/2232 2295/2384/2231
f 540/2485/2329 2298/2486/2330 4074/2397/2244 2246/2401/2248
f 540/2485/2329 2246/2401/2248 4089/2394/2241 2297/2487/2331
f 540/2485/2329 2297/2487/2331 4106/2488/2332 2292/2489/2333
f 540/2485/2329 2292/2489/2333 4109/2490/2334 2298/2486/2330
f 541/2491/2335 2250/2404/2251 4075/2355/2202 2169/2398/2245
f 541/2491/2335 2169/2398/2245 4074/2397/2244 2298/2486/2330
f 541/2491/2335 2298/2486/2330 4109/2490/2334 2290/2492/2336
f 541/2491/2335 2290/2492/2336 4108/2405/2252 2250/2404/2251
f 542/2493/2337 2297/2487/2331 4089/2394/2241 2167/2393/2240
f 542/2493/2337 2167/2393/2240 4072/2381/2228 2296/2380/2227
f 542/2493/2337 2296/2380/2227 4107/2387/2234 2288/2494/2338
f 542/2493/2337 2288/2494/2338 4106/2488/2332 2297/2487/2331
f 543/2495/2339 2304/2496/2340 4112/2497/2341 2305/2498/2342
f 543/2495/2339 2305/2498/2342 4110/2482/2326 2303/2481/2325
f 543/2495/2339 2303/2481/2325 4114/2480/2324 2302/2499/2343
f 543/2495/2339 2302/2499/2343 4115/2500/2344 2304/2496/2340
f 544/2501/2345 2300/2502/2346 4113/2476/2320 2301/2475/2319
f 544/2501/2345 2301/2475/2319 4111/2474/2318 2299/2503/2347
f 544/2501/2345 2299/2503/2347 4110/2482/2326 2305/2498/2342
f 544/2501/2345 2305/2498/2342 4112/2497/2341 2300/2502/2346
f 545/2504/2348 2307/2473/2317 4105/2385/2232 2287/2484/2328
f 545/2504/2348 2287/2484/2328 4104/2407/2254 2306/2478/2322
f 545/2504/2348 2306/2478/2322 4110/2482/2326 2299/2503/2347
f 545/2504/2348 2299/2503/2347 4111/2474/2318 2307/2473/2317
f 546/2505/2349 2310/2506/2350 4109/2490/2334 2292/2489/2333
f 546/2505/2349 2292/2489/2333 4106/2488/2332 2309/2507/2351
f 546/2505/2349 2309/2507/2351 4112/2497/2341 2304/2496/2340
f 546/2505/2349 2304/2496/2340 4115/2500/2344 2310/2506/2350
f 547/2508/2352 2293/2479/2323 4108/2405/2252 2290/2492/2336
f 547/2508/2352 2290/2492/2336 4109/2490/2334 2310/2506/2350
f 547/2508/2352 2310/2506/2350 4115/2500/2344 2302/2499/2343
f 547/2508/2352 2302/2499/2343 4114/2480/2324 2293/2479/2323
f 548/2509/2353 2309/2507/2351 4106/2488/2332 2288/2494/2338
f 548/2509/2353 2288/2494/2338 4107/2387/2234 2308/2472/2316
f 548/2509/2353 2308/2472/2316 4113/2476/2320 2300/2502/2346
f 548/2509/2353 2300/2502/2346 4112/2497/2341 2309/2507/2351
f 549/2510/2354 2316/2511/2355 4080/447/439 2235/446/438
f 549/2510/2354 2235/446/438 3657/453/445 2314/2512/2356
f 549/2510/2354 2314/2512/2356 4119/2467/2311 2317/2470/2314
f 549/2510/2354 2317/2470/2314 4121/2451/2295 2316/2511/2355
f 550/2513/2357 2314/2512/2356 3657/453/445 1323/2444/2288
f 550/2513/2357 1323/2444/2288 3659/418/410 2313/2514/2358
f 550/2513/2357 2313/2514/2358 4118/2455/2299 2318/2468/2312
f 550/2513/2357 2318/2468/2312 4119/2467/2311 2314/2512/2356
f 551/2515/2359 2170/2516/2360 3654/376/368 1310/384/376
f 551/2515/2359 1310/384/376 3646/383/375 2172/2517/2361
f 551/2515/2359 2172/2517/2361 4117/2449/2293 2319/2464/2308
f 551/2515/2359 2319/2464/2308 4116/2461/2305 2170/2516/2360
f 552/2518/2362 2315/2519/2363 4081/416/408 1308/2433/2278
f 552/2518/2362 1308/2433/2278 3654/376/368 2170/2516/2360
f 552/2518/2362 2170/2516/2360 4116/2461/2305 2320/2460/2304
f 552/2518/2362 2320/2460/2304 4120/2457/2301 2315/2519/2363
f 553/2520/2364 2313/2514/2358 3659/418/410 2237/417/409
f 553/2520/2364 2237/417/409 4081/416/408 2315/2519/2363
f 553/2520/2364 2315/2519/2363 4120/2457/2301 2321/2456/2300
f 553/2520/2364 2321/2456/2300 4118/2455/2299 2313/2514/2358
f 554/2521/2365 2172/2517/2361 3646/383/375 1302/2429/2274
f 554/2521/2365 1302/2429/2274 4080/447/439 2316/2511/2355
f 554/2521/2365 2316/2511/2355 4121/2451/2295 2322/2450/2294
f 554/2521/2365 2322/2450/2294 4117/2449/2293 2172/2517/2361
f 555/2522/2366 1421/86/85 3699/85/84 2326/2523/614
f 555/2522/2366 2326/2523/614 4124/2524/613 2325/2525/1039
f 555/2522/2366 2325/2525/1039 3635/2526/1042 2328/2527/2367
f 555/2522/2366 2328/2527/2367 4125/87/86 1421/86/85
f 3789/58/57 3613/15/15 2324/1142/1041 2323/1141/1040
f 4124/653/613 1206/652/612 2323/1141/1040 4122/1140/40
f 3607/651/611 3789/58/57 2323/1141/1040 1206/652/612
f 4123/1143/10 2324/1142/1041 2338/45/45 4130/49/11
f 556/2528/2368 1218/2529/2369 4125/87/86 2328/2527/2367
f 556/2528/2368 2328/2527/2367 3635/2526/1042 1488/2530/2370
f 556/2528/2368 1488/2530/2370 3722/799/747 1484/798/746
f 556/2528/2368 1484/798/746 3723/807/755 1218/2529/2369
f 557/2531/2371 2327/2532/2372 4126/89/88 2329/88/87
f 557/2531/2371 2329/88/87 4125/87/86 1218/2529/2369
f 557/2531/2371 1218/2529/2369 3723/807/755 1482/792/740
f 557/2531/2371 1482/792/740 3721/795/743 2327/2532/2372
f 558/2533/2373 1480/857/800 3720/33/33 2330/32/32
f 558/2533/2373 2330/32/32 4128/31/31 2333/2534/2374
f 558/2533/2373 2333/2534/2374 4126/89/88 2327/2532/2372
f 558/2533/2373 2327/2532/2372 3721/795/743 1480/857/800
f 559/2535/2375 1468/2536/2376 4127/772/721 2335/771/720
f 559/2535/2375 2335/771/720 4129/29/29 2334/28/28
f 559/2535/2375 2334/28/28 3712/27/27 1473/758/709
f 559/2535/2375 1473/758/709 3714/122/121 1468/2536/2376
f 560/2537/2377 2402/2538/2378 4174/787/735 2399/786/734
f 560/2537/2377 2399/786/734 4127/772/721 1468/2536/2376
f 560/2537/2377 1468/2536/2376 3714/122/121 2396/121/120
f 560/2537/2377 2396/121/120 4171/120/119 2402/2538/2378
f 561/2539/2379 2333/2534/2374 4128/31/31 2337/30/30
f 561/2539/2379 2337/30/30 4129/29/29 1257/770/719
f 561/2539/2379 1257/770/719 3636/83/82 1487/82/81
f 561/2539/2379 1487/82/81 4126/89/88 2333/2534/2374
f 3613/15/15 3609/3/3 2338/45/45 2324/1142/1041
f 4139/54/53 4138/57/56 1624/2540/2380 2357/2541/2381
f 562/2542/2382 1263/253/249 4130/252/11 2340/2543/48
f 562/2542/2382 2340/2543/48 4131/519/47 1355/518/507
f 562/2542/2382 1355/518/507 3666/493/485 1342/492/484
f 562/2542/2382 1342/492/484 3667/254/250 1263/253/249
f 563/2544/2383 2347/355/347 4133/354/346 2342/2545/2384
f 563/2544/2383 2342/2545/2384 3785/1116/1023 1621/1115/1022
f 563/2544/2383 1621/1115/1022 3784/1100/1007 1618/1099/1006
f 563/2544/2383 1618/1099/1006 3778/326/318 2347/355/347
f 564/2546/2385 1620/2547/2386 4133/2548/346 2348/2549/526
f 564/2546/2385 2348/2549/526 4132/174/173 1364/173/172
f 564/2546/2385 1364/173/172 3602/7/7 1247/171/170
f 564/2546/2385 1247/171/170 3626/170/169 1620/2547/2386
f 565/2550/2387 2344/2551/508 4131/2552/47 2343/2553/174
f 565/2550/2387 2343/2553/174 4132/549/173 2341/548/525
f 565/2550/2387 2341/548/525 3674/516/505 2344/2551/508
f 566/2554/2388 1252/279/272 3633/278/271 2351/2555/2389
f 566/2554/2388 2351/2555/2389 4134/2556/223 2355/2557/2390
f 566/2554/2388 2355/2557/2390 4137/545/314 1361/544/523
f 566/2554/2388 1361/544/523 3676/280/273 1252/279/272
f 3790/2558/266 3618/2559/265 2357/2541/2381 1624/2540/2380
f 4135/59/58 4139/54/53 2357/2541/2381 1259/2560/2391
f 567/2561/2392 2349/1131/1032 4134/1130/223 2351/2562/2389
f 567/2561/2392 2351/2562/2389 3633/1091/271 1233/1090/1002
f 567/2561/2392 1233/1090/1002 3779/158/157 1609/315/308
f 567/2561/2392 1609/315/308 3782/314/307 2349/1131/1032
f 568/2563/2393 2353/323/315 4137/322/314 2355/2564/2390
f 568/2563/2393 2355/2564/2390 4134/224/223 1287/223/222
f 568/2563/2393 1287/223/222 3624/165/164 1245/164/163
f 568/2563/2393 1245/164/163 3600/69/68 2353/323/315
f 569/2565/2394 1217/319/312 4136/67/66 2356/66/65
f 569/2565/2394 2356/66/65 4135/59/58 1259/2560/2391
f 569/2565/2394 1259/2560/2391 3614/2566/209 1220/2567/208
f 569/2565/2394 1220/2567/208 3616/320/207 1217/319/312
f 3618/2559/265 3614/2566/209 1259/2560/2391 2357/2541/2381
f 4141/218/217 1416/2568/2395 2370/2569/646 4144/212/211
f 3638/43/43 3637/42/42 2370/2569/646 1416/2568/2395
f 4138/57/56 4140/80/79 1216/2570/2396 1624/2540/2380
f 3615/2571/998 3790/2558/266 1624/2540/2380 1216/2570/2396
f 4147/221/220 4146/284/277 1262/2572/2397 2371/2573/2398
f 570/2574/2399 2369/1086/999 3615/1085/998 2368/2575/2400
f 570/2574/2399 2368/2575/2400 3693/178/177 1428/774/723
f 570/2574/2399 1428/774/723 3715/778/727 1477/810/758
f 570/2574/2399 1477/810/758 3716/791/739 2369/1086/999
f 571/2576/2401 2401/2577/2402 4175/675/635 2365/674/634
f 571/2576/2401 2365/674/634 4778/673/633 1418/2578/2403
f 571/2576/2401 1418/2578/2403 4300/2579/138 2386/2580/137
f 571/2576/2401 2386/2580/137 4161/2581/136 2401/2577/2402
f 572/2582/2404 1216/2570/2396 4140/80/79 2366/79/78
f 572/2582/2404 2366/79/78 4142/78/77 2362/2583/2405
f 572/2582/2404 2362/2583/2405 3693/2584/177 2368/2585/2400
f 572/2582/2404 2368/2585/2400 3615/2571/998 1216/2570/2396
f 573/2586/2406 2362/2583/2405 4142/78/77 2367/666/626
f 573/2586/2406 2367/666/626 4143/665/625 1419/2587/2407
f 573/2586/2406 1419/2587/2407 3697/2588/179 1424/2589/178
f 573/2586/2406 1424/2589/178 3693/2584/177 2362/2583/2405
f 574/2590/2408 1354/207/206 4145/214/213 1426/2591/518
f 574/2590/2408 1426/2591/518 3676/280/273 1359/543/522
f 574/2590/2408 1359/543/522 3616/208/207 1354/207/206
f 3635/1144/1042 3793/53/52 2371/2573/2398 1262/2572/2397
f 4141/218/217 4147/221/220 2371/2573/2398 1416/2568/2395
f 575/2592/2409 1262/2593/2397 4146/2594/277 2372/2595/1000
f 575/2592/2409 2372/2595/1000 3717/812/749 1481/815/761
f 575/2592/2409 1481/815/761 3722/799/747 1488/2530/2370
f 575/2592/2409 1488/2530/2370 3635/2526/1042 1262/2593/2397
f 3793/53/52 3638/43/43 1416/2568/2395 2371/2573/2398
f 4150/657/617 4173/104/103 1632/2596/2410 2375/658/618
f 576/2597/2411 1419/2587/2407 4143/665/625 2400/2598/2412
f 576/2597/2411 2400/2598/2412 4175/675/635 2401/2577/2402
f 576/2597/2411 2401/2577/2402 4161/2581/136 1425/2599/2413
f 576/2597/2411 1425/2599/2413 3697/2588/179 1419/2587/2407
f 577/2600/2414 2332/2601/2415 4761/2602/2416 2336/2603/2417
f 577/2600/2414 2336/2603/2417 4174/787/735 2402/2538/2378
f 577/2600/2414 2402/2538/2378 4171/120/119 1476/2604/2418
f 577/2600/2414 1476/2604/2418 4326/2605/2419 2332/2601/2415
f 3791/215/214 2397/2606/2420 2373/2607/2421 3623/663/623
f 2375/658/618 1632/2596/2410 3792/216/215 3625/659/619
f 4172/102/101 4148/669/629 2373/2607/2421 2397/2606/2420
f 4158/103/102 4157/134/133 1242/2608/2422 1243/2609/2423
f 578/2610/2424 1529/202/201 3746/201/200 2389/2611/2425
f 578/2610/2424 2389/2611/2425 4164/710/667 2403/911/842
f 578/2610/2424 2403/911/842 4163/695/652 2388/2612/2426
f 578/2610/2424 2388/2612/2426 3701/203/202 1529/202/201
f 579/2613/2427 1464/2614/2428 4228/2615/259 1272/2616/258
f 579/2613/2427 1272/2616/258 4159/784/257 2404/783/732
f 579/2613/2427 2404/783/732 4174/787/735 2336/2603/2417
f 579/2613/2427 2336/2603/2417 4761/2602/2416 1464/2614/2428
f 580/2617/2429 1253/193/192 3634/192/191 1471/2618/2430
f 580/2617/2429 1471/2618/2430 4170/756/707 2405/764/713
f 580/2617/2429 2405/764/713 4167/735/690 2392/2619/2431
f 580/2617/2429 2392/2619/2431 3708/194/193 1253/193/192
f 581/2620/2432 1266/781/730 3628/182/181 2378/2621/2433
f 581/2620/2432 2378/2621/2433 4153/143/142 2406/752/703
f 581/2620/2432 2406/752/703 4170/756/707 1471/2618/2430
f 581/2620/2432 1471/2618/2430 3634/192/191 1266/781/730
f 582/2622/2434 2393/2623/2435 3709/745/698 1457/744/697
f 582/2622/2434 1457/744/697 3708/194/193 2392/2619/2431
f 582/2622/2434 2392/2619/2431 4167/735/690 2407/734/689
f 582/2622/2434 2407/734/689 4168/733/683 2393/2623/2435
f 583/2624/2436 2394/125/124 3711/124/123 1460/750/701
f 583/2624/2436 1460/750/701 3709/749/698 2393/2625/2435
f 583/2624/2436 2393/2625/2435 4168/726/683 2408/725/682
f 583/2624/2436 2408/725/682 4169/126/125 2394/125/124
f 584/2626/2437 1438/2627/2438 4203/2628/2439 1228/2629/2440
f 584/2626/2437 1228/2629/2440 4154/242/241 2409/722/679
f 584/2626/2437 2409/722/679 4166/111/110 1450/2630/2441
f 584/2626/2437 1450/2630/2441 4311/2631/2442 1438/2627/2438
f 585/2632/2443 1440/908/839 3630/905/836 2380/2633/2444
f 585/2632/2443 2380/2633/2444 4155/259/255 2410/715/672
f 585/2632/2443 2410/715/672 4165/704/661 1447/2634/2445
f 585/2632/2443 1447/2634/2445 3705/909/840 1440/908/839
f 586/2635/2446 1445/914/845 3705/909/840 1447/2634/2445
f 586/2635/2446 1447/2634/2445 4165/704/661 2411/703/660
f 586/2635/2446 2411/703/660 4164/710/667 2389/2611/2425
f 586/2635/2446 2389/2611/2425 3746/201/200 1445/914/845
f 587/2636/2447 2387/116/115 3700/115/114 1435/245/244
f 587/2636/2447 1435/245/244 3701/203/202 2388/2612/2426
f 587/2636/2447 2388/2612/2426 4163/695/652 2412/694/651
f 587/2636/2447 2412/694/651 4162/117/116 2387/116/115
f 588/2637/2448 2363/664/624 3623/663/623 2373/2607/2421
f 588/2637/2448 2373/2607/2421 4148/669/629 2413/668/628
f 588/2637/2448 2413/668/628 4175/675/635 2400/2598/2412
f 588/2637/2448 2400/2598/2412 4143/665/625 2363/664/624
f 589/2638/2449 1417/2639/2450 4198/1136/1037 1224/1137/1038
f 589/2638/2449 1224/1137/1038 4150/657/617 2414/656/616
f 589/2638/2449 2414/656/616 4160/239/238 1423/2640/2451
f 589/2638/2449 1423/2640/2451 4299/2641/2452 1417/2639/2450
f 590/2642/2453 2380/2633/2444 3630/905/836 1260/904/835
f 590/2642/2453 1260/904/835 3641/903/717 2384/2643/733
f 590/2642/2453 2384/2643/733 4159/261/257 2415/260/256
f 590/2642/2453 2415/260/256 4155/259/255 2380/2633/2444
f 591/2644/2454 1236/2645/2455 4299/2641/2452 1423/2640/2451
f 591/2644/2454 1423/2640/2451 4160/239/238 2416/238/237
f 591/2644/2454 2416/238/237 4154/242/241 1228/2629/2440
f 591/2644/2454 1228/2629/2440 4203/2628/2439 1236/2645/2455
f 592/2646/2456 2377/2647/2457 3627/167/166 1254/166/165
f 592/2646/2456 1254/166/165 3624/165/164 2374/228/227
f 592/2646/2456 2374/228/227 4149/152/151 2417/151/150
f 592/2646/2456 2417/151/150 4152/107/106 2377/2647/2457
f 593/2648/2458 1255/169/168 3621/131/130 1242/2608/2422
f 593/2648/2458 1242/2608/2422 4157/134/133 2418/145/144
f 593/2648/2458 2418/145/144 4151/149/148 2376/2649/2459
f 593/2648/2458 2376/2649/2459 3626/170/169 1255/169/168
f 594/2650/2460 1256/181/180 3697/180/179 1425/2651/2413
f 594/2650/2460 1425/2651/2413 4161/137/136 2419/136/135
f 594/2650/2460 2419/136/135 4153/143/142 2378/2621/2433
f 594/2650/2460 2378/2621/2433 3628/182/181 1256/181/180
f 3627/167/166 2377/2647/2457 2381/2652/2461 3632/186/185
f 1243/2609/2423 1242/2608/2422 3621/131/130 3622/130/129
f 4152/107/106 4156/99/98 2381/2652/2461 2377/2647/2457
f 3632/186/185 2381/2652/2461 2397/2606/2420 3791/215/214
f 595/2653/2462 1469/2654/2463 4326/2605/2419 1476/2604/2418
f 595/2653/2462 1476/2604/2418 4171/120/119 2420/119/118
f 595/2653/2462 2420/119/118 4169/126/125 1462/724/681
f 595/2653/2462 1462/724/681 4321/730/687 1469/2654/2463
f 596/2655/2464 1443/2656/2465 4311/2631/2442 1450/2630/2441
f 596/2655/2464 1450/2630/2441 4166/111/110 2421/110/109
f 596/2655/2464 2421/110/109 4162/117/116 1430/693/650
f 596/2655/2464 1430/693/650 4305/699/656 1443/2656/2465
f 4156/99/98 4172/102/101 2397/2606/2420 2381/2652/2461
f 4173/104/103 4158/103/102 1243/2609/2423 1632/2596/2410
f 4190/2657/2466 4186/2658/2467 2435/2659/2468 2441/2660/2469
f 1632/2596/2410 1243/2609/2423 3622/130/129 3792/216/215
f 597/2661/2470 1223/153/152 4149/152/151 2422/227/226
f 597/2661/2470 2422/227/226 3786/226/225 1627/2662/1036
f 597/2661/2470 1627/2662/1036 4409/2663/1035 1625/2664/2471
f 597/2661/2470 1625/2664/2471 4197/154/153 1223/153/152
f 598/2665/2472 2376/2649/2459 4151/149/148 2423/1125/1029
f 598/2665/2472 2423/1125/1029 3785/1124/1023 2342/2666/2384
f 598/2665/2472 2342/2666/2384 4133/2548/346 1620/2547/2386
f 598/2665/2472 1620/2547/2386 3626/170/169 2376/2649/2459
f 599/2667/2473 2435/2659/2468 4186/2658/2467 2438/2668/2474
f 599/2667/2473 2438/2668/2474 4185/2669/2475 2426/2670/2476
f 599/2667/2473 2426/2670/2476 4179/2671/2477 2427/2672/2478
f 599/2667/2473 2427/2672/2478 4181/2673/2479 2435/2659/2468
f 4189/2674/2480 2441/2660/2469 2435/2659/2468 4181/2673/2479
f 4227/2675/2481 4226/2676/2482 3521/2677/2483 2486/2678/2484
f 600/2679/2485 2636/2680/2486 4302/2681/2487 2482/2682/2488
f 600/2679/2485 2482/2682/2488 4218/2683/2489 2471/2684/2490
f 600/2679/2485 2471/2684/2490 4183/2685/2491 2432/2686/2492
f 600/2679/2485 2432/2686/2492 4296/2687/2493 2636/2680/2486
f 601/2688/2494 3510/2689/2495 4323/2690/2496 2485/2691/2497
f 601/2688/2494 2485/2691/2497 4333/2692/2498 3507/2693/2499
f 601/2688/2494 3507/2693/2499 4762/2694/2500 3513/2695/2501
f 601/2688/2494 3513/2695/2501 4763/2696/2502 3510/2689/2495
f 602/2697/2503 2634/2698/2504 4296/2687/2493 2432/2686/2492
f 602/2697/2503 2432/2686/2492 4183/2685/2491 2430/2699/2505
f 602/2697/2503 2430/2699/2505 4187/2700/2506 2437/2701/2507
f 602/2697/2503 2437/2701/2507 4297/2702/2508 2634/2698/2504
f 4756/2703/2509 2486/2678/2484 3521/2677/2483 4764/2704/2510
f 4419/2705/2511 4227/2675/2481 2486/2678/2484 2819/2706/2512
f 603/2707/2513 2438/2668/2474 4186/2658/2467 3514/2708/2514
f 603/2707/2513 3514/2708/2514 4764/2709/2510 3516/2710/2515
f 603/2707/2513 3516/2710/2515 4765/2711/2516 3515/2712/2517
f 603/2707/2513 3515/2712/2517 4185/2669/2475 2438/2668/2474
f 4755/2713/2518 2819/2706/2512 2486/2678/2484 4756/2703/2509
f 4413/2714/2519 4190/2657/2466 2441/2660/2469 2818/2715/2520
f 4412/2716/2521 2818/2715/2520 2441/2660/2469 4189/2674/2480
f 4411/2717/2522 4188/2718/2523 2439/2719/2524 2817/2720/2525
f 4773/2721/2526 4772/2722/2527 2817/2720/2525 2439/2719/2524
f 4188/2718/2523 4180/2723/2528 2428/2724/2529 2439/2719/2524
f 604/2725/2530 2428/2724/2529 4180/2723/2528 2424/2726/2531
f 604/2725/2530 2424/2726/2531 4177/2727/2532 3528/2728/2533
f 604/2725/2530 3528/2728/2533 4770/2729/2534 3532/2730/2535
f 604/2725/2530 3532/2730/2535 4769/2731/2536 2428/2724/2529
f 4769/2731/2536 4773/2721/2526 2439/2719/2524 2428/2724/2529
f 4808/2732/2537 4793/2733/2538 3558/2734/2539 3573/2735/2540
f 605/2736/2541 2431/2737/2542 4176/2738/2543 3530/2739/2544
f 605/2736/2541 3530/2739/2544 4774/2740/2545 3541/2741/2546
f 605/2736/2541 3541/2741/2546 4776/2742/2547 2431/2737/2542
f 606/2743/2548 2493/2744/2549 4225/2745/2550 2683/2746/2551
f 606/2743/2548 2683/2746/2551 4759/2747/2552 3506/2748/2553
f 606/2743/2548 3506/2748/2553 4758/2749/2554 2628/2750/2555
f 606/2743/2548 2628/2750/2555 4303/2751/2556 2493/2744/2549
f 607/2752/2557 2799/2753/2558 4400/2754/2559 2460/2755/2560
f 607/2752/2557 2460/2755/2560 4240/2756/2561 2503/2757/2562
f 607/2752/2557 2503/2757/2562 4236/2758/2563 2504/2759/2564
f 607/2752/2557 2504/2759/2564 4401/2760/2565 2799/2753/2558
f 4415/70/69 3573/2735/2540 3558/2734/2539 4207/71/70
f 4206/105/104 2457/2761/2566 2815/2762/2567 4416/106/105
f 4201/127/126 2453/2763/2568 2457/2761/2566 4206/105/104
f 2815/2762/2567 2457/2761/2566 4791/2764/2569 4807/2765/2570
f 608/2766/2571 3566/2767/2572 4801/2768/2573 3596/2769/2574
f 608/2766/2571 3596/2769/2574 4797/2770/2575 3562/2771/2576
f 608/2766/2571 3562/2771/2576 4304/2772/2577 2643/2773/2578
f 608/2766/2571 2643/2773/2578 4310/2774/2579 3566/2767/2572
f 609/2775/2580 3571/2776/2581 4806/2777/2582 3595/2778/2583
f 609/2775/2580 3595/2778/2583 4804/2779/2584 3569/2780/2585
f 609/2775/2580 3569/2780/2585 4322/2781/2586 2663/2782/2587
f 609/2775/2580 2663/2782/2587 4325/2783/2588 3571/2776/2581
f 4793/2733/2538 4792/2784/2589 3557/2785/2590 3558/2734/2539
f 2457/2761/2566 2453/2763/2568 4787/2786/2591 4791/2764/2569
f 4207/71/70 3558/2734/2539 3557/2785/2590 4200/128/127
f 4189/2674/2480 4181/2673/2479 2429/2787/2592 2440/2788/2593
f 610/2789/2594 3561/2790/2595 4796/2791/2596 3594/2792/2597
f 610/2789/2594 3594/2792/2597 4788/2793/2598 2454/2794/2599
f 610/2789/2594 2454/2794/2599 4202/141/140 1238/140/139
f 610/2789/2594 1238/140/139 4300/139/138 3561/2790/2595
f 611/2795/2600 3557/2785/2590 4792/2784/2589 3593/2796/2601
f 611/2795/2600 3593/2796/2601 4786/2797/2602 2452/2798/2603
f 611/2795/2600 2452/2798/2603 4199/147/146 1239/146/145
f 611/2795/2600 1239/146/145 4200/128/127 3557/2785/2590
f 612/2799/2604 3592/2800/2605 4787/2786/2591 2453/2763/2568
f 612/2799/2604 2453/2763/2568 4201/127/126 1240/155/154
f 612/2799/2604 1240/155/154 4197/154/153 2450/2801/2606
f 612/2799/2604 2450/2801/2606 4784/2802/2607 3592/2800/2605
f 613/2803/2608 2798/2804/2609 4399/2805/2610 2792/2806/2611
f 613/2803/2608 2792/2806/2611 4238/2807/2612 2500/2808/2613
f 613/2803/2608 2500/2808/2613 4240/2756/2561 2460/2755/2560
f 613/2803/2608 2460/2755/2560 4400/2754/2559 2798/2804/2609
f 614/2809/2614 2424/2726/2531 4180/2723/2528 2469/2810/2615
f 614/2809/2614 2469/2810/2615 4216/2811/2616 2475/2812/2617
f 614/2809/2614 2475/2812/2617 4213/2813/2618 2466/2814/2619
f 614/2809/2614 2466/2814/2619 4177/2727/2532 2424/2726/2531
f 615/2815/2620 2429/2787/2592 4181/2673/2479 2427/2672/2478
f 615/2815/2620 2427/2672/2478 4179/2671/2477 2468/2816/2621
f 615/2815/2620 2468/2816/2621 4215/2817/2622 2476/2818/2623
f 615/2815/2620 2476/2818/2623 4210/2819/2624 2429/2787/2592
f 616/2820/2625 2426/2670/2476 4185/2669/2475 3515/2712/2517
f 616/2820/2625 3515/2712/2517 4765/2711/2516 3519/2821/2626
f 616/2820/2625 3519/2821/2626 4766/2822/2627 2573/2823/2628
f 616/2820/2625 2573/2823/2628 4179/2671/2477 2426/2670/2476
f 617/2824/2629 2631/2825/2630 4295/2826/2631 2622/2827/2632
f 617/2824/2629 2622/2827/2632 4182/2828/2633 2470/2829/2634
f 617/2824/2629 2470/2829/2634 4217/2830/2635 2477/2831/2636
f 617/2824/2629 2477/2831/2636 4301/2832/2637 2631/2825/2630
f 4211/2833/2638 2440/2788/2593 2429/2787/2592 4210/2819/2624
f 4216/2811/2616 2469/2810/2615 2472/2834/2639 4221/2835/2640
f 4221/2835/2640 2472/2834/2639 2814/2836/2641 4417/2837/2642
f 2472/2834/2639 2469/2810/2615 4180/2723/2528 4188/2718/2523
f 618/2838/2643 2671/2839/2644 4209/2840/2645 2664/2841/2646
f 618/2838/2643 2664/2841/2646 4314/2842/2647 2656/2843/2648
f 618/2838/2643 2656/2843/2648 4316/2844/2649 2474/2845/2650
f 618/2838/2643 2474/2845/2650 4223/2846/2651 2671/2839/2644
f 619/2847/2652 2725/2848/2653 4358/2849/2654 2648/2850/2655
f 619/2847/2652 2648/2850/2655 4308/2851/2656 2640/2852/2657
f 619/2847/2652 2640/2852/2657 4306/2853/2658 2724/2854/2659
f 619/2847/2652 2724/2854/2659 4360/2855/2660 2725/2848/2653
f 620/2856/2661 2447/2857/2662 4193/2858/2663 2563/2859/2664
f 620/2856/2661 2563/2859/2664 4780/2860/2665 3535/2861/2666
f 620/2856/2661 3535/2861/2666 4779/2862/2667 3537/2863/2668
f 620/2856/2661 3537/2863/2668 4191/2864/2669 2447/2857/2662
f 4412/2716/2521 4189/2674/2480 2440/2788/2593 2813/2865/2670
f 2814/2836/2641 2472/2834/2639 4188/2718/2523 4411/2717/2522
f 4418/2866/2671 2813/2865/2670 2440/2788/2593 4211/2833/2638
f 4414/2867/2672 4195/2868/2673 2446/2869/2674 2812/2870/2675
f 621/2871/2676 3526/2872/2677 4768/2873/2678 2505/2874/2679
f 621/2871/2676 2505/2874/2679 4213/2813/2618 3549/2875/2680
f 621/2871/2676 3549/2875/2680 4784/2802/2607 3597/2876/2681
f 621/2871/2676 3597/2876/2681 4410/2877/2682 3526/2872/2677
f 622/2878/2683 2670/2879/2684 4323/2690/2496 2462/2880/2685
f 622/2878/2683 2462/2880/2685 4320/2881/2686 2659/2882/2687
f 622/2878/2683 2659/2882/2687 4315/2883/2688 2489/2884/2689
f 622/2878/2683 2489/2884/2689 4324/2885/2690 2670/2879/2684
f 623/2886/2691 3560/2887/2692 4795/2888/2693 3591/2889/2694
f 623/2886/2691 3591/2889/2694 4789/2890/2695 3554/2891/2696
f 623/2886/2691 3554/2891/2696 4218/2683/2489 2482/2682/2488
f 623/2886/2691 2482/2682/2488 4302/2681/2487 3560/2887/2692
f 624/2892/2697 2640/2852/2657 4308/2851/2656 2651/2893/2698
f 624/2892/2697 2651/2893/2698 4309/2894/2699 2645/2895/2700
f 624/2892/2697 2645/2895/2700 4304/2772/2577 2641/2896/2701
f 624/2892/2697 2641/2896/2701 4306/2853/2658 2640/2852/2657
f 625/2897/2702 3521/2898/2483 4226/2899/2482 2434/2900/2703
f 625/2897/2702 2434/2900/2703 4270/2901/2704 2558/2902/2705
f 625/2897/2702 2558/2902/2705 4269/2903/2706 2484/2904/2707
f 625/2897/2702 2484/2904/2707 4764/2905/2510 3521/2898/2483
f 626/2906/2708 3590/2907/2709 4790/2908/2710 2456/2909/2711
f 626/2906/2708 2456/2909/2711 4204/265/261 1232/264/260
f 626/2906/2708 1232/264/260 4228/263/259 2492/2910/2712
f 626/2906/2708 2492/2910/2712 4794/2911/2713 3590/2907/2709
f 627/2912/2714 2629/2913/2715 4297/2702/2508 2437/2701/2507
f 627/2912/2714 2437/2701/2507 4187/2700/2506 2436/2914/2716
f 627/2912/2714 2436/2914/2716 4225/2915/2550 2493/2916/2549
f 627/2912/2714 2493/2916/2549 4303/2917/2556 2629/2913/2715
f 4775/2918/2717 4782/2919/2718 2812/2870/2675 2446/2869/2674
f 4195/2868/2673 4191/2864/2669 3537/2863/2668 2446/2869/2674
f 628/2920/2719 2479/2921/2720 4230/2922/2721 2491/2923/2722
f 628/2920/2719 2491/2923/2722 4277/2924/2723 2571/2925/2724
f 628/2920/2719 2571/2925/2724 4278/2926/2725 2473/2927/2726
f 628/2920/2719 2473/2927/2726 4222/2928/2727 2479/2921/2720
f 4775/2918/2717 2446/2869/2674 3537/2863/2668 4779/2862/2667
f 4192/2929/2728 4414/2867/2672 2812/2870/2675 2442/2930/2729
f 629/2931/2730 3451/2932/2731 4725/2933/2732 3441/2934/2733
f 629/2931/2730 3441/2934/2733 4205/2935/2734 2759/2936/2735
f 629/2931/2730 2759/2936/2735 4383/2937/2736 2761/2938/2737
f 629/2931/2730 2761/2938/2737 4729/2939/2738 3451/2932/2731
f 630/2940/2739 2751/2941/2740 4378/2942/2741 2750/2943/2742
f 630/2940/2739 2750/2943/2742 4375/2944/2743 2748/2945/2744
f 630/2940/2739 2748/2945/2744 4374/2946/2745 2730/2947/2746
f 630/2940/2739 2730/2947/2746 4373/2948/2747 2751/2941/2740
f 631/2949/2748 2536/2950/2749 4258/305/298 1320/304/297
f 631/2949/2748 1320/304/297 4208/311/304 2506/2951/2750
f 631/2949/2748 2506/2951/2750 4386/2952/2751 2773/2953/2752
f 631/2949/2748 2773/2953/2752 4387/2954/2753 2536/2950/2749
f 632/2955/2754 2797/2956/2755 4402/2957/2756 2795/2958/2757
f 632/2955/2754 2795/2958/2757 4232/2959/2758 2501/2960/2759
f 632/2955/2754 2501/2960/2759 4238/2807/2612 2792/2806/2611
f 632/2955/2754 2792/2806/2611 4399/2805/2610 2797/2956/2755
f 633/2961/2760 3534/2962/2761 4193/2963/2663 2444/2964/2762
f 633/2961/2760 2444/2964/2762 4770/2729/2534 3528/2728/2533
f 633/2961/2760 3528/2728/2533 4177/2727/2532 3529/2965/2763
f 633/2961/2760 3529/2965/2763 4771/2966/2764 3534/2962/2761
f 634/2967/2765 2796/2968/2766 4401/2760/2565 2504/2759/2564
f 634/2967/2765 2504/2759/2564 4236/2758/2563 2499/2969/2767
f 634/2967/2765 2499/2969/2767 4234/2970/2768 2537/2971/2769
f 634/2967/2765 2537/2971/2769 4398/2972/2770 2796/2968/2766
f 635/2973/2771 2513/2974/2772 4229/2975/2773 2767/2976/2774
f 635/2973/2771 2767/2976/2774 4386/2952/2751 2791/2977/2775
f 635/2973/2771 2791/2977/2775 4390/2978/2776 2775/2979/2777
f 635/2973/2771 2775/2979/2777 4244/2980/2778 2513/2974/2772
f 636/2981/2779 2514/2982/2780 4247/2983/2781 2777/2984/2782
f 636/2981/2779 2777/2984/2782 4392/2985/2783 2790/2986/2784
f 636/2981/2779 2790/2986/2784 4381/2987/2785 2757/2988/2786
f 636/2981/2779 2757/2988/2786 4242/2989/2787 2514/2982/2780
f 637/2990/2788 2511/2991/2789 4242/2989/2787 2757/2988/2786
f 637/2990/2788 2757/2988/2786 4381/2987/2785 2765/2992/2790
f 637/2990/2788 2765/2992/2790 4383/2937/2736 2759/2936/2735
f 637/2990/2788 2759/2936/2735 4205/2935/2734 2511/2991/2789
f 638/2993/2791 3522/2994/2792 4220/2995/2793 2794/2996/2794
f 638/2993/2791 2794/2996/2794 4401/2760/2565 2796/2968/2766
f 638/2993/2791 2796/2968/2766 4398/2972/2770 3523/2997/2795
f 638/2993/2791 3523/2997/2795 4767/2998/2796 3522/2994/2792
f 639/2999/2797 2535/3000/2798 4254/3001/2799 2502/3002/2800
f 639/2999/2797 2502/3002/2800 4229/2975/2773 2513/2974/2772
f 639/2999/2797 2513/2974/2772 4244/2980/2778 2531/3003/2801
f 639/2999/2797 2531/3003/2801 4257/3004/2802 2535/3000/2798
f 640/3005/2803 3450/3006/2804 4727/3007/2805 3442/3008/2806
f 640/3005/2803 3442/3008/2806 4242/2989/2787 2511/2991/2789
f 640/3005/2803 2511/2991/2789 4205/2935/2734 3441/2934/2733
f 640/3005/2803 3441/2934/2733 4725/2933/2732 3450/3006/2804
f 641/3009/2807 3449/3010/2808 4724/3011/2809 2498/3012/2810
f 641/3009/2807 2498/3012/2810 4247/2983/2781 2514/2982/2780
f 641/3009/2807 2514/2982/2780 4242/2989/2787 3442/3008/2806
f 641/3009/2807 3442/3008/2806 4727/3007/2805 3449/3010/2808
f 642/3013/2811 2549/3014/2812 4265/3015/2813 2519/3016/2814
f 642/3013/2811 2519/3016/2814 4249/3017/2815 2522/3018/2816
f 642/3013/2811 2522/3018/2816 4252/3019/2817 2541/3020/2818
f 642/3013/2811 2541/3020/2818 4264/3021/2819 2549/3014/2812
f 643/3022/2820 2548/3023/2821 4264/3021/2819 2541/3020/2818
f 643/3022/2820 2541/3020/2818 4252/3019/2817 2523/3024/2822
f 643/3022/2820 2523/3024/2822 4239/3025/2823 2539/3026/2824
f 643/3022/2820 2539/3026/2824 4260/3027/2825 2548/3023/2821
f 644/3028/2826 2547/3029/2827 4266/3030/2828 2520/3031/2829
f 644/3028/2826 2520/3031/2829 4251/3032/2830 2524/3033/2831
f 644/3028/2826 2524/3033/2831 4248/3034/2832 2540/3035/2833
f 644/3028/2826 2540/3035/2833 4262/3036/2834 2547/3029/2827
f 645/3037/2835 2546/3038/2836 4263/396/388 1331/395/387
f 645/3037/2835 1331/395/387 4250/402/394 2525/3039/2837
f 645/3037/2835 2525/3039/2837 4385/3040/2838 2774/3041/2839
f 645/3037/2835 2774/3041/2839 4389/3042/2840 2546/3038/2836
f 646/3043/2841 2545/3044/2842 4262/3036/2834 2540/3035/2833
f 646/3043/2841 2540/3035/2833 4248/3034/2832 2526/3045/2843
f 646/3043/2841 2526/3045/2843 4249/3017/2815 2519/3016/2814
f 646/3043/2841 2519/3016/2814 4265/3015/2813 2545/3044/2842
f 647/3046/2844 2544/3047/2845 4260/3027/2825 2539/3026/2824
f 647/3046/2844 2539/3026/2824 4239/3025/2823 2527/3048/2846
f 647/3046/2844 2527/3048/2846 4380/3049/2847 2763/3050/2848
f 647/3046/2844 2763/3050/2848 4379/3051/2849 2544/3047/2845
f 648/3052/2850 3439/3053/2851 4713/3054/2852 2528/3055/2853
f 648/3052/2850 2528/3055/2853 4253/3056/2854 2533/3057/2855
f 648/3052/2850 2533/3057/2855 4259/3058/2856 3416/3059/2857
f 648/3052/2850 3416/3059/2857 4712/3060/2858 3439/3053/2851
f 649/3061/2859 3463/3062/2860 4736/3063/2861 3438/3064/2862
f 649/3061/2859 3438/3064/2862 4723/3065/2863 3426/3066/2864
f 649/3061/2859 3426/3066/2864 4709/3067/2865 3353/3068/2866
f 649/3061/2859 3353/3068/2866 4734/3069/2867 3463/3062/2860
f 650/3070/2868 2524/3033/2831 4251/3032/2830 2529/3071/2869
f 650/3070/2868 2529/3071/2869 4254/3001/2799 2535/3000/2798
f 650/3070/2868 2535/3000/2798 4257/3004/2802 2518/3072/2870
f 650/3070/2868 2518/3072/2870 4248/3034/2832 2524/3033/2831
f 651/3073/2871 2525/3039/2837 4250/402/394 1306/434/426
f 651/3073/2871 1306/434/426 4258/305/298 2536/2950/2749
f 651/3073/2871 2536/2950/2749 4387/2954/2753 2772/3074/2872
f 651/3073/2871 2772/3074/2872 4385/3040/2838 2525/3039/2837
f 652/3075/2873 2734/3076/2874 4372/3077/2875 2743/3078/2876
f 652/3075/2873 2743/3078/2876 4422/3079/2877 2828/3080/2878
f 652/3075/2873 2828/3080/2878 4423/3081/2879 2822/3082/2880
f 652/3075/2873 2822/3082/2880 4367/3083/2881 2734/3076/2874
f 653/3084/2882 3437/3085/2883 4710/3086/2884 3415/3087/2885
f 653/3084/2882 3415/3087/2885 4255/3088/2886 2538/3089/2887
f 653/3084/2882 2538/3089/2887 4382/3090/2888 2762/3091/2889
f 653/3084/2882 2762/3091/2889 4717/3092/2890 3437/3085/2883
f 654/3093/2891 2760/3094/2892 4234/2970/2768 2496/3095/2893
f 654/3093/2891 2496/3095/2893 4260/3027/2825 2544/3047/2845
f 654/3093/2891 2544/3047/2845 4379/3051/2849 2764/3096/2894
f 654/3093/2891 2764/3096/2894 4384/3097/2895 2760/3094/2892
f 655/3098/2896 2500/2808/2613 4238/2807/2612 2497/3099/2897
f 655/3098/2896 2497/3099/2897 4262/3036/2834 2545/3044/2842
f 655/3098/2896 2545/3044/2842 4265/3015/2813 2542/3100/2898
f 655/3098/2896 2542/3100/2898 4240/2756/2561 2500/2808/2613
f 656/3101/2899 2494/3102/2900 4233/464/456 1280/463/455
f 656/3101/2899 1280/463/455 4263/396/388 2546/3038/2836
f 656/3101/2899 2546/3038/2836 4389/3042/2840 2771/3103/2901
f 656/3101/2899 2771/3103/2901 4388/3104/2902 2494/3102/2900
f 657/3105/2903 2501/2960/2759 4232/2959/2758 2543/3106/2904
f 657/3105/2903 2543/3106/2904 4266/3030/2828 2547/3029/2827
f 657/3105/2903 2547/3029/2827 4262/3036/2834 2497/3099/2897
f 657/3105/2903 2497/3099/2897 4238/2807/2612 2501/2960/2759
f 658/3107/2905 2499/2969/2767 4236/2758/2563 2516/3108/2906
f 658/3107/2905 2516/3108/2906 4264/3021/2819 2548/3023/2821
f 658/3107/2905 2548/3023/2821 4260/3027/2825 2496/3095/2893
f 658/3107/2905 2496/3095/2893 4234/2970/2768 2499/2969/2767
f 659/3109/2907 2503/2757/2562 4240/2756/2561 2542/3100/2898
f 659/3109/2907 2542/3100/2898 4265/3015/2813 2549/3014/2812
f 659/3109/2907 2549/3014/2812 4264/3021/2819 2516/3108/2906
f 659/3109/2907 2516/3108/2906 4236/2758/2563 2503/2757/2562
f 660/3110/2908 2556/3111/2909 4275/3112/2910 2580/3113/2911
f 684/3114/2912 2574/3115/2913 2579/3116/2914 660/3110/2908
f 683/3117/2915 2588/573/545 2550/572/544 661/3118/2916
f 660/3110/2908 2579/3116/2914 4274/3119/2917 2556/3111/2909
f 661/3118/2916 2558/2902/2705 4270/2901/2704 2578/3120/2918
f 677/3121/2919 2581/3122/2920 2576/3123/2921 674/3124/2922
f 683/3117/2915 661/3118/2916 2578/3120/2918 2589/3125/2923
f 661/3118/2916 2550/572/544 4269/2903/2706 2558/2902/2705
f 662/571/543 2551/3126/2924 4269/2903/2706 2550/572/544
f 671/570/542 2587/3127/2925 2557/3128/2926 662/571/543
f 686/3129/2927 2589/3130/2923 2578/3131/2918 676/3132/2928
f 662/571/543 2557/3128/2926 4268/3133/2929 2551/3126/2924
f 663/3134/2930 2553/3135/2931 4272/3136/2932 2560/3137/2933
f 685/3138/2934 675/3139/2935 2557/3128/2926 2587/3127/2925
f 672/3140/2936 663/3134/2930 2560/3137/2933 2575/3141/2937
f 663/3134/2930 2561/3142/2938 4271/3143/2939 2553/3135/2931
f 664/3144/2940 2488/3145/2941 4220/3146/2793 2565/3147/2942
f 664/3144/2940 2565/3147/2942 4276/3148/2943 2569/3149/2944
f 664/3144/2940 2569/3149/2944 4277/2924/2723 2491/2923/2722
f 664/3144/2940 2491/2923/2722 4230/2922/2721 2488/3145/2941
f 665/3150/2945 3520/3151/2946 4765/3152/2516 2564/3153/2947
f 665/3150/2945 2564/3153/2947 4268/3133/2929 2554/3154/2948
f 665/3150/2945 2554/3154/2948 4273/3155/2949 2566/3156/2950
f 665/3150/2945 2566/3156/2950 4276/3157/2943 3520/3151/2946
f 666/3158/2951 2569/3159/2944 4276/3157/2943 2566/3156/2950
f 666/3158/2951 2566/3156/2950 4273/3155/2949 2559/3160/2952
f 666/3158/2951 2559/3160/2952 4275/3161/2910 2567/3162/2953
f 666/3158/2951 2567/3162/2953 4277/3163/2723 2569/3159/2944
f 667/3164/2954 2571/3165/2724 4277/3166/2723 2567/3167/2953
f 667/3164/2954 2567/3167/2953 4275/3112/2910 2556/3111/2909
f 667/3164/2954 2556/3111/2909 4274/3119/2917 2572/3168/2955
f 667/3164/2954 2572/3168/2955 4278/3169/2725 2571/3165/2724
f 668/3170/2956 2633/3171/2957 4278/3169/2725 2572/3168/2955
f 668/3170/2956 2572/3168/2955 4274/3119/2917 2555/3172/2958
f 668/3170/2956 2555/3172/2958 4272/3136/2932 3536/3173/2959
f 668/3170/2956 3536/3173/2959 4780/3174/2665 2633/3171/2957
f 669/3175/2960 2570/3176/2961 4278/2926/2725 2568/3177/2962
f 669/3175/2960 2568/3177/2962 4193/2858/2663 3534/3178/2761
f 669/3175/2960 3534/3178/2761 4771/3179/2764 2570/3176/2961
f 670/3180/2963 3517/3181/2964 4276/3148/2943 2565/3147/2942
f 670/3180/2963 2565/3147/2942 4220/3146/2793 3522/3182/2792
f 670/3180/2963 3522/3182/2792 4767/3183/2796 3524/3184/2965
f 670/3180/2963 3524/3184/2965 4766/3185/2627 3517/3181/2964
f 693/3186/2966 2582/3187/2967 2587/3127/2925 671/570/542
f 686/3129/2927 680/3188/2968 2602/3189/2969 2589/3130/2923
f 685/3138/2934 2587/3127/2925 2582/3187/2967 681/3190/2970
f 692/3191/2971 672/3140/2936 2575/3141/2937 2604/3192/2972
f 684/3114/2912 660/3110/2908 2580/3113/2911 2577/3193/2973
f 684/3114/2912 2577/3193/2973 2584/3194/2974 682/3195/2975
f 691/3196/2976 673/3197/2977 2574/3115/2913 2585/3198/2978
f 678/3199/2979 2579/3116/2914 2574/3115/2913 673/3197/2977
f 677/3121/2919 674/3124/2922 2577/3200/2973 2580/3201/2911
f 679/3202/2980 2584/3203/2974 2577/3200/2973 674/3124/2922
f 693/3186/2966 671/570/542 2588/573/545 2605/3204/2981
f 675/3139/2935 2554/3154/2948 4268/3133/2929 2557/3128/2926
f 685/3138/2934 2576/3123/2921 2581/3122/2920 675/3139/2935
f 678/3199/2979 673/3197/2977 2575/3141/2937 2560/3137/2933
f 675/3139/2935 2581/3122/2920 4273/3155/2949 2554/3154/2948
f 676/3132/2928 2552/3205/2982 4271/3143/2939 2561/3142/2938
f 672/3140/2936 2586/3206/2983 2561/3142/2938 663/3134/2930
f 686/3129/2927 676/3132/2928 2561/3142/2938 2586/3206/2983
f 676/3132/2928 2578/3131/2918 4270/3207/2704 2552/3205/2982
f 677/3121/2919 2559/3160/2952 4273/3155/2949 2581/3122/2920
f 677/3121/2919 2580/3201/2911 4275/3161/2910 2559/3160/2952
f 678/3199/2979 2555/3172/2958 4274/3119/2917 2579/3116/2914
f 678/3199/2979 2560/3137/2933 4272/3136/2932 2555/3172/2958
f 679/3202/2980 2583/3208/2984 4284/3209/2985 2599/3210/2986
f 679/3202/2980 2599/3210/2986 4286/3211/2987 2584/3203/2974
f 692/3191/2971 2603/3212/2988 2586/3206/2983 672/3140/2936
f 680/3188/2968 2603/3212/2988 4282/3213/2989 2592/3214/2990
f 680/3188/2968 2592/3214/2990 4281/3215/2991 2602/3189/2969
f 686/3129/2927 2586/3206/2983 2603/3212/2988 680/3188/2968
f 685/3138/2934 681/3190/2970 2583/3208/2984 2576/3123/2921
f 681/3190/2970 2582/3187/2967 4279/3216/2992 2594/3217/2993
f 681/3190/2970 2594/3217/2993 4284/3209/2985 2583/3208/2984
f 691/3196/2976 2604/3192/2972 2575/3141/2937 673/3197/2977
f 684/3114/2912 682/3195/2975 2585/3198/2978 2574/3115/2913
f 682/3195/2975 2584/3194/2974 4286/3218/2987 2596/3219/2994
f 682/3195/2975 2596/3219/2994 4285/3220/2995 2585/3198/2978
f 694/3221/2996 2605/3204/2981 2588/573/545 683/3117/2915
f 679/3202/2980 674/3124/2922 2576/3123/2921 2583/3208/2984
f 694/3221/2996 683/3117/2915 2589/3125/2923 2602/3222/2969
f 687/3223/2997 2594/3217/2993 4279/3216/2992 2601/3224/2998
f 687/3223/2997 2601/3224/2998 4287/3225/2999 2610/3226/3000
f 687/3223/2997 2610/3226/3000 4292/3227/3001 2619/3228/3002
f 687/3223/2997 2619/3228/3002 4284/3209/2985 2594/3217/2993
f 688/3229/3003 2596/3219/2994 4286/3218/2987 2618/3230/3004
f 688/3229/3003 2618/3230/3004 4294/3231/3005 2612/3232/3006
f 688/3229/3003 2612/3232/3006 4293/3233/3007 2590/3234/3008
f 688/3229/3003 2590/3234/3008 4285/3220/2995 2596/3219/2994
f 689/3235/3009 2598/3236/3010 4281/3237/2991 2597/3238/3011
f 689/3235/3009 2597/3238/3011 4289/3239/3012 2614/3240/3013
f 689/3235/3009 2614/3240/3013 4288/3241/3014 2600/3242/3015
f 689/3235/3009 2600/3242/3015 4280/3243/3016 2598/3236/3010
f 690/3244/3017 2591/3245/3018 4280/3243/3016 2600/3242/3015
f 690/3244/3017 2600/3242/3015 4288/3241/3014 2607/3246/3019
f 690/3244/3017 2607/3246/3019 4287/3225/2999 2601/3224/2998
f 690/3244/3017 2601/3224/2998 4279/3216/2992 2591/3245/3018
f 691/3196/2976 2585/3198/2978 4285/3220/2995 2595/3247/3020
f 691/3196/2976 2595/3247/3020 4283/3248/3021 2604/3192/2972
f 692/3191/2971 2604/3192/2972 4283/3248/3021 2593/3249/3022
f 692/3191/2971 2593/3249/3022 4282/3213/2989 2603/3212/2988
f 693/3186/2966 2605/3204/2981 4280/3243/3016 2591/3245/3018
f 693/3186/2966 2591/3245/3018 4279/3216/2992 2582/3187/2967
f 694/3221/2996 2602/3222/2969 4281/3237/2991 2598/3236/3010
f 694/3221/2996 2598/3236/3010 4280/3243/3016 2605/3204/2981
f 695/3250/3023 2614/3240/3013 4289/3239/3012 2617/3251/3024
f 695/3250/3023 2617/3251/3024 4267/3252/3025 2606/3253/3026
f 695/3250/3023 2606/3253/3026 4287/3225/2999 2607/3246/3019
f 695/3250/3023 2607/3246/3019 4288/3241/3014 2614/3240/3013
f 696/3254/3027 2606/3253/3026 4267/3252/3025 2616/3255/3028
f 696/3254/3027 2616/3255/3028 4294/3256/3005 2615/3257/3029
f 696/3254/3027 2615/3257/3029 4292/3227/3001 2610/3226/3000
f 696/3254/3027 2610/3226/3000 4287/3225/2999 2606/3253/3026
f 697/3258/3030 2613/3259/3031 4291/3260/3032 2611/3261/3033
f 697/3258/3030 2611/3261/3033 4293/3233/3007 2612/3232/3006
f 697/3258/3030 2612/3232/3006 4294/3231/3005 2616/3262/3028
f 697/3258/3030 2616/3262/3028 4267/3263/3025 2613/3259/3031
f 698/3264/3034 2608/3265/3035 4290/3266/3036 2609/3267/3037
f 698/3264/3034 2609/3267/3037 4291/3260/3032 2613/3259/3031
f 698/3264/3034 2613/3259/3031 4267/3263/3025 2617/3268/3024
f 698/3264/3034 2617/3268/3024 4289/3269/3012 2608/3265/3035
f 699/3270/3038 2592/3214/2990 4282/3213/2989 2620/3271/3039
f 699/3270/3038 2620/3271/3039 4290/3266/3036 2608/3265/3035
f 699/3270/3038 2608/3265/3035 4289/3269/3012 2597/3272/3011
f 699/3270/3038 2597/3272/3011 4281/3215/2991 2592/3214/2990
f 700/3273/3040 2599/3210/2986 4284/3209/2985 2619/3228/3002
f 700/3273/3040 2619/3228/3002 4292/3227/3001 2615/3257/3029
f 700/3273/3040 2615/3257/3029 4294/3256/3005 2618/3274/3004
f 700/3273/3040 2618/3274/3004 4286/3211/2987 2599/3210/2986
f 701/3275/3041 2595/3247/3020 4285/3220/2995 2590/3234/3008
f 701/3275/3041 2590/3234/3008 4293/3233/3007 2611/3261/3033
f 701/3275/3041 2611/3261/3033 4291/3260/3032 2621/3276/3042
f 701/3275/3041 2621/3276/3042 4283/3248/3021 2595/3247/3020
f 702/3277/3043 2593/3249/3022 4283/3248/3021 2621/3276/3042
f 702/3277/3043 2621/3276/3042 4291/3260/3032 2609/3267/3037
f 702/3277/3043 2609/3267/3037 4290/3266/3036 2620/3271/3039
f 702/3277/3043 2620/3271/3039 4282/3213/2989 2593/3249/3022
f 703/3278/3044 2433/3279/3045 4184/3280/3046 2624/3281/3047
f 703/3278/3044 2624/3281/3047 4297/2702/2508 2629/2913/2715
f 703/3278/3044 2629/2913/2715 4303/2917/2556 3503/3282/3048
f 703/3278/3044 3503/3282/3048 4757/3283/3049 2433/3279/3045
f 704/3284/3050 3550/3285/3051 4785/3286/3052 3589/3287/3053
f 704/3284/3050 3589/3287/3053 4795/2888/2693 3560/2887/2692
f 704/3284/3050 3560/2887/2692 4302/2681/2487 2627/3288/3054
f 704/3284/3050 2627/3288/3054 4214/3289/3055 3550/3285/3051
f 705/3290/3056 2465/3291/3057 4176/2738/2543 2431/2737/2542
f 705/3290/3056 2431/2737/2542 4776/2742/2547 3542/3292/3058
f 705/3290/3056 3542/3292/3058 4777/3293/3059 3539/3294/3060
f 705/3290/3056 3539/3294/3060 4212/3295/3061 2465/3291/3057
f 706/3296/3062 2449/3297/3063 4783/3298/3064 3588/3299/3065
f 706/3296/3062 3588/3299/3065 4810/3300/3066 3540/3301/3067
f 706/3296/3062 3540/3301/3067 4778/673/633 2364/672/632
f 706/3296/3062 2364/672/632 4196/671/631 2449/3297/3063
f 707/3302/3068 2670/2879/2684 4324/2885/2690 2448/3303/3069
f 707/3302/3068 2448/3303/3069 4337/3304/3070 2682/3305/3071
f 707/3302/3068 2682/3305/3071 4333/2692/2498 2485/2691/2497
f 707/3302/3068 2485/2691/2497 4323/2690/2496 2670/2879/2684
f 708/3306/3072 2425/3307/3073 4178/3308/3074 2623/3309/3075
f 708/3306/3072 2623/3309/3075 4296/2687/2493 2634/2698/2504
f 708/3306/3072 2634/2698/2504 4297/2702/2508 2624/3281/3047
f 708/3306/3072 2624/3281/3047 4184/3280/3046 2425/3307/3073
f 709/3310/3076 3545/3311/3077 4779/3312/2667 2562/3313/3078
f 709/3310/3076 2562/3313/3078 4271/3143/2939 2552/3205/2982
f 709/3310/3076 2552/3205/2982 4270/3207/2704 2434/3314/2703
f 709/3310/3076 2434/3314/2703 4226/3315/2482 3545/3311/3077
f 710/3316/3079 2467/3317/3080 4214/3289/3055 2627/3288/3054
f 710/3316/3079 2627/3288/3054 4302/2681/2487 2636/2680/2486
f 710/3316/3079 2636/2680/2486 4296/2687/2493 2623/3309/3075
f 710/3316/3079 2623/3309/3075 4178/3308/3074 2467/3317/3080
f 711/3318/3081 3587/3319/3082 4797/2770/2575 2637/3320/3083
f 711/3318/3081 2637/3320/3083 4305/699/656 1432/698/655
f 711/3318/3081 1432/698/655 4307/697/654 2638/3321/3084
f 711/3318/3081 2638/3321/3084 4798/3322/3085 3587/3319/3082
f 712/3323/3086 2650/3324/3087 4310/2774/2579 2643/2773/2578
f 712/3323/3086 2643/2773/2578 4304/2772/2577 2645/2895/2700
f 712/3323/3086 2645/2895/2700 4309/2894/2699 2650/3324/3087
f 713/3325/3088 3565/3326/3089 4800/3327/3090 3586/3328/3091
f 713/3325/3088 3586/3328/3091 4799/3329/3092 2639/3330/3093
f 713/3325/3088 2639/3330/3093 4359/708/665 1528/707/664
f 713/3325/3088 1528/707/664 4312/706/663 3565/3326/3089
f 714/3331/3094 2436/2914/2716 4187/2700/2506 2461/3332/3095
f 714/3331/3094 2461/3332/3095 4308/2851/2656 2648/2850/2655
f 714/3331/3094 2648/2850/2655 4358/2849/2654 2727/3333/3096
f 714/3331/3094 2727/3333/3096 4225/2915/2550 2436/2914/2716
f 715/3334/3097 2456/2909/2711 4790/2908/2710 3585/3335/3098
f 715/3334/3097 3585/3335/3098 4800/3327/3090 3565/3326/3089
f 715/3334/3097 3565/3326/3089 4312/706/663 1444/716/673
f 715/3334/3097 1444/716/673 4204/265/261 2456/2909/2711
f 716/3336/3099 2471/2684/2490 4218/2683/2489 2646/3337/3100
f 716/3336/3099 2646/3337/3100 4310/2774/2579 2650/3324/3087
f 716/3336/3099 2650/3324/3087 4309/2894/2699 2642/3338/3101
f 716/3336/3099 2642/3338/3101 4183/2685/2491 2471/2684/2490
f 717/3339/3102 2430/2699/2505 4183/2685/2491 2642/3338/3101
f 717/3339/3102 2642/3338/3101 4309/2894/2699 2651/2893/2698
f 717/3339/3102 2651/2893/2698 4308/2851/2656 2461/3332/3095
f 717/3339/3102 2461/3332/3095 4187/2700/2506 2430/2699/2505
f 718/3340/3103 3554/2891/2696 4789/2890/2695 3584/3341/3104
f 718/3340/3103 3584/3341/3104 4801/2768/2573 3566/2767/2572
f 718/3340/3103 3566/2767/2572 4310/2774/2579 2646/3337/3100
f 718/3340/3103 2646/3337/3100 4218/2683/2489 3554/2891/2696
f 719/3342/3105 3583/3343/3106 4804/2779/2584 2662/3344/3107
f 719/3342/3105 2662/3344/3107 4321/730/687 1459/729/686
f 719/3342/3105 1459/729/686 4319/728/685 2655/3345/3108
f 719/3342/3105 2655/3345/3108 4803/3346/3109 3583/3343/3106
f 720/3347/3110 3582/3348/3111 4803/3349/3109 2655/3350/3108
f 720/3347/3110 2655/3350/3108 4319/739/685 1454/738/693
f 720/3347/3110 1454/738/693 4317/737/692 2654/3351/3112
f 720/3347/3110 2654/3351/3112 4802/3352/3113 3582/3348/3111
f 721/3353/3114 2653/3354/3115 4315/3355/2688 2657/3356/3116
f 721/3353/3114 2657/3356/3116 4318/3357/3117 2658/3358/3118
f 721/3353/3114 2658/3358/3118 4316/2844/2649 2656/2843/2648
f 721/3353/3114 2656/2843/2648 4314/2842/2647 2653/3354/3115
f 722/3359/3119 2659/2882/2687 4320/2881/2686 2661/3360/3120
f 722/3359/3119 2661/3360/3120 4322/2781/2586 2660/3361/3121
f 722/3359/3119 2660/3361/3121 4318/3362/3117 2657/3363/3116
f 722/3359/3119 2657/3363/3116 4315/2883/2688 2659/2882/2687
f 723/3364/3122 2454/2794/2599 4788/2793/2598 3581/3365/3123
f 723/3364/3122 3581/3365/3123 4805/3366/3124 3570/3367/3125
f 723/3364/3122 3570/3367/3125 4327/754/705 1466/753/704
f 723/3364/3122 1466/753/704 4202/141/140 2454/2794/2599
f 724/3368/3126 2669/3369/3127 4325/2783/2588 2663/2782/2587
f 724/3368/3126 2663/2782/2587 4322/2781/2586 2661/3360/3120
f 724/3368/3126 2661/3360/3120 4320/2881/2686 2462/2880/2685
f 724/3368/3126 2462/2880/2685 4323/2690/2496 2669/3369/3127
f 725/3370/3128 2668/3371/3129 4324/3372/2690 2489/3373/2689
f 725/3370/3128 2489/3373/2689 4315/3355/2688 2653/3354/3115
f 725/3370/3128 2653/3354/3115 4314/2842/2647 2664/2841/2646
f 725/3370/3128 2664/2841/2646 4209/2840/2645 2668/3371/3129
f 726/3374/3130 3570/3367/3125 4805/3366/3124 3580/3375/3131
f 726/3374/3130 3580/3375/3131 4802/3352/3113 2654/3351/3112
f 726/3374/3130 2654/3351/3112 4317/737/692 1470/765/714
f 726/3374/3130 1470/765/714 4327/754/705 3570/3367/3125
f 727/3376/3132 2490/3377/3133 4231/3378/3134 3508/3379/3135
f 727/3376/3132 3508/3379/3135 4760/3380/3136 3511/3381/3137
f 727/3376/3132 3511/3381/3137 4763/2696/2502 2478/3382/3138
f 727/3376/3132 2478/3382/3138 4225/2745/2550 2490/3377/3133
f 728/3383/3139 2622/2827/2632 4295/2826/2631 2635/3384/3140
f 728/3383/3139 2635/3384/3140 4328/3385/3141 2679/3386/3142
f 728/3383/3139 2679/3386/3142 4331/3387/3143 2665/3388/3144
f 728/3383/3139 2665/3388/3144 4182/2828/2633 2622/2827/2632
f 729/3389/3145 2470/2829/2634 4182/2828/2633 2458/3390/3146
f 729/3389/3145 2458/3390/3146 4209/2840/2645 2671/2839/2644
f 729/3389/3145 2671/2839/2644 4223/2846/2651 2487/3391/3147
f 729/3389/3145 2487/3391/3147 4217/2830/2635 2470/2829/2634
f 730/3392/3148 3559/3393/3149 4794/3394/2713 3579/3395/3150
f 730/3392/3148 3579/3395/3150 4809/3396/3151 3574/3397/3152
f 730/3392/3148 3574/3397/3152 4760/3380/3136 3508/3379/3135
f 730/3392/3148 3508/3379/3135 4231/3378/3134 3559/3393/3149
f 4344/3398/3153 4336/3399/3154 2678/863/806 2694/862/805
f 4330/3400/3155 4338/3401/3156 2687/3402/3157 2674/3403/3158
f 4194/3404/3159 4329/3405/3160 2674/3403/3158 2687/3402/3157
f 4344/3398/3153 2697/3406/3161 2680/3407/3162 4336/3399/3154
f 4343/3408/3163 4335/3409/3164 2680/3407/3162 2697/3406/3161
f 4339/3410/3165 2690/3411/3166 2675/3412/3167 4331/3387/3143
f 4332/3413/3168 2675/3412/3167 2690/3411/3166 4340/3414/3169
f 4194/3404/3159 2686/3415/3170 2673/3416/3171 4329/3405/3160
f 4328/3385/3141 2673/3416/3171 2686/3415/3170 4298/3417/3172
f 4343/3408/3163 2692/3418/3173 2677/3419/3174 4335/3409/3164
f 4330/3420/3155 2677/3419/3174 2692/3418/3173 4338/3421/3156
f 4332/3413/3168 4340/3414/3169 2701/3422/3175 2681/3423/3176
f 731/3424/3177 2458/3390/3146 4182/2828/2633 2665/3388/3144
f 731/3424/3177 2665/3388/3144 4331/3387/3143 2675/3412/3167
f 731/3424/3177 2675/3412/3167 4332/3413/3168 2685/3425/3178
f 731/3424/3177 2685/3425/3178 4209/2840/2645 2458/3390/3146
f 732/3426/3179 2668/3371/3129 4209/2840/2645 2685/3425/3178
f 732/3426/3179 2685/3425/3178 4332/3413/3168 2681/3423/3176
f 732/3426/3179 2681/3423/3176 4337/3427/3070 2448/3428/3069
f 732/3426/3179 2448/3428/3069 4324/3372/2690 2668/3371/3129
f 733/3429/3180 3535/3430/2666 4780/3174/2665 3536/3173/2959
f 733/3429/3180 3536/3173/2959 4272/3136/2932 2553/3135/2931
f 733/3429/3180 2553/3135/2931 4271/3143/2939 2562/3313/3078
f 733/3429/3180 2562/3313/3078 4779/3312/2667 3535/3430/2666
f 734/3431/3181 2701/3422/3175 4340/3414/3169 2698/3432/3182
f 734/3431/3181 2698/3432/3182 4352/3433/3183 2718/3434/3184
f 734/3431/3181 2718/3434/3184 4357/3435/3185 2721/3436/3186
f 734/3431/3181 2721/3436/3186 4345/3437/3187 2701/3422/3175
f 735/3438/3188 2694/862/805 4342/861/804 2720/3439/3189
f 735/3438/3188 2720/3439/3189 4354/3440/3190 2711/3441/3191
f 735/3438/3188 2711/3441/3191 4356/3442/3192 2689/3443/3193
f 735/3438/3188 2689/3443/3193 4344/3398/3153 2694/862/805
f 736/3444/3194 2687/3402/3157 4338/3401/3156 2688/3445/3195
f 736/3444/3194 2688/3445/3195 4348/3446/3196 2704/3447/3197
f 736/3444/3194 2704/3447/3197 4347/3448/3198 2699/3449/3199
f 736/3444/3194 2699/3449/3199 4194/3404/3159 2687/3402/3157
f 737/3450/3200 2697/3406/3161 4344/3398/3153 2689/3443/3193
f 737/3450/3200 2689/3443/3193 4356/3442/3192 2714/3451/3201
f 737/3450/3200 2714/3451/3201 4355/3452/3202 2693/3453/3203
f 737/3450/3200 2693/3453/3203 4343/3408/3163 2697/3406/3161
f 738/3454/3204 2690/3411/3166 4339/3410/3165 2696/3455/3205
f 738/3454/3204 2696/3455/3205 4349/3456/3206 2707/3457/3207
f 738/3454/3204 2707/3457/3207 4352/3433/3183 2698/3432/3182
f 738/3454/3204 2698/3432/3182 4340/3414/3169 2690/3411/3166
f 739/3458/3208 2686/3415/3170 4194/3404/3159 2699/3449/3199
f 739/3458/3208 2699/3449/3199 4347/3448/3198 2703/3459/3209
f 739/3458/3208 2703/3459/3209 4346/3460/3210 2700/3461/3211
f 739/3458/3208 2700/3461/3211 4298/3417/3172 2686/3415/3170
f 4337/3427/3070 2681/3423/3176 2701/3422/3175 4345/3437/3187
f 4341/3462/3212 2691/3463/3213 2676/3464/3214 4333/2692/2498
f 4342/861/804 4334/864/807 2676/3464/3214 2691/3463/3213
f 4328/3385/3141 4298/3417/3172 2695/3465/3215 2679/3386/3142
f 4339/3410/3165 4331/3387/3143 2679/3386/3142 2695/3465/3215
f 4337/3304/3070 4345/3466/3187 2702/3467/3216 2682/3305/3071
f 4341/3462/3212 4333/2692/2498 2682/3305/3071 2702/3467/3216
f 740/3468/3217 2716/3469/3218 4351/3470/3219 2706/3471/3220
f 740/3468/3217 2706/3471/3220 4350/3472/3221 2705/3473/3222
f 740/3468/3217 2705/3473/3222 4349/3456/3206 2712/3474/3223
f 740/3468/3217 2712/3474/3223 4346/3460/3210 2716/3469/3218
f 741/3475/3224 2715/3476/3225 4356/3442/3192 2711/3441/3191
f 741/3475/3224 2711/3441/3191 4354/3440/3190 2710/3477/3226
f 741/3475/3224 2710/3477/3226 4350/3478/3221 2706/3479/3220
f 741/3475/3224 2706/3479/3220 4351/3480/3219 2715/3476/3225
f 742/3481/3227 2705/3473/3222 4350/3472/3221 2717/3482/3228
f 742/3481/3227 2717/3482/3228 4357/3435/3185 2718/3434/3184
f 742/3481/3227 2718/3434/3184 4352/3433/3183 2707/3457/3207
f 742/3481/3227 2707/3457/3207 4349/3456/3206 2705/3473/3222
f 743/3483/3229 2709/3484/3230 4355/3452/3202 2714/3451/3201
f 743/3483/3229 2714/3451/3201 4356/3442/3192 2715/3476/3225
f 743/3483/3229 2715/3476/3225 4351/3480/3219 2713/3485/3231
f 743/3483/3229 2713/3485/3231 4348/3486/3196 2709/3484/3230
f 744/3487/3232 2704/3447/3197 4348/3446/3196 2713/3488/3231
f 744/3487/3232 2713/3488/3231 4351/3470/3219 2716/3469/3218
f 744/3487/3232 2716/3469/3218 4346/3460/3210 2703/3459/3209
f 744/3487/3232 2703/3459/3209 4347/3448/3198 2704/3447/3197
f 745/3489/3233 2710/3477/3226 4354/3440/3190 2708/3490/3234
f 745/3489/3233 2708/3490/3234 4353/3491/3235 2719/3492/3236
f 745/3489/3233 2719/3492/3236 4357/3493/3185 2717/3494/3228
f 745/3489/3233 2717/3494/3228 4350/3478/3221 2710/3477/3226
f 746/3495/3237 2691/3463/3213 4341/3462/3212 2722/3496/3238
f 746/3495/3237 2722/3496/3238 4353/3491/3235 2708/3490/3234
f 746/3495/3237 2708/3490/3234 4354/3440/3190 2720/3439/3189
f 746/3495/3237 2720/3439/3189 4342/861/804 2691/3463/3213
f 747/3497/3239 2695/3465/3215 4298/3417/3172 2700/3461/3211
f 747/3497/3239 2700/3461/3211 4346/3460/3210 2712/3474/3223
f 747/3497/3239 2712/3474/3223 4349/3456/3206 2696/3455/3205
f 747/3497/3239 2696/3455/3205 4339/3410/3165 2695/3465/3215
f 748/3498/3240 2702/3467/3216 4345/3466/3187 2721/3499/3186
f 748/3498/3240 2721/3499/3186 4357/3493/3185 2719/3492/3236
f 748/3498/3240 2719/3492/3236 4353/3491/3235 2722/3496/3238
f 748/3498/3240 2722/3496/3238 4341/3462/3212 2702/3467/3216
f 749/3500/3241 2692/3418/3173 4343/3408/3163 2693/3453/3203
f 749/3500/3241 2693/3453/3203 4355/3452/3202 2709/3484/3230
f 749/3500/3241 2709/3484/3230 4348/3486/3196 2688/3501/3195
f 749/3500/3241 2688/3501/3195 4338/3421/3156 2692/3418/3173
f 750/3502/3242 2490/3503/3133 4225/2915/2550 2726/3504/3243
f 750/3502/3242 2726/3504/3243 4219/3505/3244 2481/3506/3245
f 750/3502/3242 2481/3506/3245 4231/3507/3134 2490/3503/3133
f 751/3508/3246 2727/3333/3096 4358/2849/2654 2723/3509/3247
f 751/3508/3246 2723/3509/3247 4313/3510/3248 2644/3511/3249
f 751/3508/3246 2644/3511/3249 4219/3505/3244 2726/3504/3243
f 751/3508/3246 2726/3504/3243 4225/2915/2550 2727/3333/3096
f 752/3512/3250 2639/3330/3093 4799/3329/3092 3578/3513/3251
f 752/3512/3250 3578/3513/3251 4798/3322/3085 2638/3321/3084
f 752/3512/3250 2638/3321/3084 4307/697/654 1439/912/843
f 752/3512/3250 1439/912/843 4359/708/665 2639/3330/3093
f 753/3514/3252 2725/2848/2653 4360/2855/2660 2647/3515/3253
f 753/3514/3252 2647/3515/3253 4313/3510/3248 2723/3509/3247
f 753/3514/3252 2723/3509/3247 4358/2849/2654 2725/2848/2653
f 754/3516/3254 2732/3517/3255 4394/3518/3256 2820/3519/3257
f 754/3516/3254 2820/3519/3257 4420/3520/3258 2826/3521/3259
f 754/3516/3254 2826/3521/3259 4421/921/852 1637/920/851
f 754/3516/3254 1637/920/851 4365/919/850 2732/3517/3255
f 755/3522/3260 2526/3045/2843 4248/3034/2832 2744/3523/3261
f 755/3522/3260 2744/3523/3261 4372/3524/2875 2734/3525/2874
f 755/3522/3260 2734/3525/2874 4367/3526/2881 2740/3527/3262
f 755/3522/3260 2740/3527/3262 4249/3017/2815 2526/3045/2843
f 756/3528/3263 2775/2979/2777 4390/2978/2776 2788/3529/3264
f 756/3528/3263 2788/3529/3264 4393/3530/3265 2778/3531/3266
f 756/3528/3263 2778/3531/3266 4363/3532/3267 2736/3533/3268
f 756/3528/3263 2736/3533/3268 4244/2980/2778 2775/2979/2777
f 757/3534/3269 2515/3535/3270 4392/2985/2783 2787/3536/3271
f 757/3534/3269 2787/3536/3271 4394/3537/3256 2732/3538/3255
f 757/3534/3269 2732/3538/3255 4365/941/850 1542/940/868
f 757/3534/3269 1542/940/868 4246/939/867 2515/3535/3270
f 758/3539/3272 2498/3012/2810 4724/3011/2809 3448/3540/3273
f 758/3539/3272 3448/3540/3273 4728/3541/3274 2728/3542/3275
f 758/3539/3272 2728/3542/3275 4362/3543/3276 2737/3544/3277
f 758/3539/3272 2737/3544/3277 4247/2983/2781 2498/3012/2810
f 759/3545/3278 2531/3003/2801 4244/2980/2778 2736/3533/3268
f 759/3545/3278 2736/3533/3268 4363/3532/3267 2733/3546/3279
f 759/3545/3278 2733/3546/3279 4366/3547/3280 2735/3548/3281
f 759/3545/3278 2735/3548/3281 4257/3004/2802 2531/3003/2801
f 760/3549/3282 2780/3550/3283 4395/3551/3284 2786/3552/3285
f 760/3549/3282 2786/3552/3285 4391/3553/3286 2776/3554/3287
f 760/3549/3282 2776/3554/3287 4375/2944/2743 2752/3555/3288
f 760/3549/3282 2752/3555/3288 4369/3556/3289 2780/3550/3283
f 761/3557/3290 2821/3558/3291 4369/3556/3289 2752/3555/3288
f 761/3557/3290 2752/3555/3288 4375/2944/2743 2750/2943/2742
f 761/3557/3290 2750/2943/2742 4378/2942/2741 2829/3559/3292
f 761/3557/3290 2829/3559/3292 4422/3079/2877 2821/3558/3291
f 762/3560/3293 2785/3561/3294 4391/3553/3286 2510/3562/3295
f 762/3560/3293 2510/3562/3295 4376/972/897 1557/971/896
f 762/3560/3293 1557/971/896 4377/970/895 2749/3563/3296
f 762/3560/3293 2749/3563/3296 4397/3564/3297 2785/3561/3294
f 763/3565/3298 3436/3566/3299 4714/3567/3300 2731/3568/3301
f 763/3565/3298 2731/3568/3301 4367/3083/2881 2822/3082/2880
f 763/3565/3298 2822/3082/2880 4423/3081/2879 2830/3569/3302
f 763/3565/3298 2830/3569/3302 4719/3570/3303 3436/3566/3299
f 764/3571/3304 2733/3572/3279 4363/3573/3267 2747/3574/3305
f 764/3571/3304 2747/3574/3305 4429/3575/3306 2837/3576/3307
f 764/3571/3304 2837/3576/3307 4433/3577/3308 2844/3578/3309
f 764/3571/3304 2844/3578/3309 4366/3579/3280 2733/3572/3279
f 765/3580/3310 2778/3581/3266 4393/3582/3265 2836/3583/3311
f 765/3580/3310 2836/3583/3311 4430/3584/3312 2838/3585/3313
f 765/3580/3310 2838/3585/3313 4429/3575/3306 2747/3574/3305
f 765/3580/3310 2747/3574/3305 4363/3573/3267 2778/3581/3266
f 766/3586/3314 2518/3072/2870 4257/3004/2802 2735/3548/3281
f 766/3586/3314 2735/3548/3281 4366/3547/3280 2745/3587/3315
f 766/3586/3314 2745/3587/3315 4372/3524/2875 2744/3523/3261
f 766/3586/3314 2744/3523/3261 4248/3034/2832 2518/3072/2870
f 767/3588/3316 2742/3589/3317 4396/3590/3318 2783/3591/3319
f 767/3588/3316 2783/3591/3319 4397/3564/3297 2749/3563/3296
f 767/3588/3316 2749/3563/3296 4377/970/895 1565/1001/921
f 767/3588/3316 1565/1001/921 4371/1000/920 2742/3589/3317
f 768/3592/3320 2731/3593/3301 4714/3594/3300 3435/3595/3321
f 768/3592/3320 3435/3595/3321 4713/3054/2852 3417/3596/3322
f 768/3592/3320 3417/3596/3322 4249/3017/2815 2740/3527/3262
f 768/3592/3320 2740/3527/3262 4367/3526/2881 2731/3593/3301
f 769/3597/3323 3434/3598/3324 4718/3599/3325 2789/3600/3326
f 769/3597/3323 2789/3600/3326 4396/3590/3318 2742/3589/3317
f 769/3597/3323 2742/3589/3317 4371/1000/920 1553/1012/930
f 769/3597/3323 1553/1012/930 4716/1011/929 3434/3598/3324
f 770/3601/3327 3444/3602/3328 4729/2939/2738 3447/3603/3329
f 770/3601/3327 3447/3603/3329 4726/1019/937 1318/1018/936
f 770/3601/3327 1318/1018/936 4256/1017/935 2758/3604/3330
f 770/3601/3327 2758/3604/3330 4382/3090/2888 3444/3602/3328
f 771/3605/3331 3420/3606/3332 4717/3092/2890 3433/3607/3333
f 771/3605/3331 3433/3607/3333 4711/1026/944 1303/1025/943
f 771/3605/3331 1303/1025/943 4237/1024/942 2756/3608/3334
f 771/3605/3331 2756/3608/3334 4380/3049/2847 3420/3606/3332
f 772/3609/3335 2763/3050/2848 4380/3049/2847 2756/3608/3334
f 772/3609/3335 2756/3608/3334 4237/1024/942 1329/1030/948
f 772/3609/3335 1329/1030/948 4261/1029/947 2755/3610/3336
f 772/3609/3335 2755/3610/3336 4379/3051/2849 2763/3050/2848
f 773/3611/3337 2764/3096/2894 4379/3051/2849 2755/3610/3336
f 773/3611/3337 2755/3610/3336 4261/1029/947 1277/1034/952
f 773/3611/3337 1277/1034/952 4235/1033/951 2495/3612/3338
f 773/3611/3337 2495/3612/3338 4384/3097/2895 2764/3096/2894
f 774/3613/3339 2765/2992/2790 4381/2987/2785 2508/3614/3340
f 774/3613/3339 2508/3614/3340 4243/1040/958 1294/1039/957
f 774/3613/3339 1294/1039/957 4241/1038/956 2507/3615/3341
f 774/3613/3339 2507/3615/3341 4383/2937/2736 2765/2992/2790
f 775/3616/3342 2771/3103/2901 4389/3042/2840 2770/3617/3343
f 775/3616/3342 2770/3617/3343 4266/3030/2828 2543/3106/2904
f 775/3616/3342 2543/3106/2904 4232/2959/2758 2769/3618/3344
f 775/3616/3342 2769/3618/3344 4388/3104/2902 2771/3103/2901
f 776/3619/3345 2772/3074/2872 4387/2954/2753 2768/3620/3346
f 776/3619/3345 2768/3620/3346 4254/3001/2799 2529/3071/2869
f 776/3619/3345 2529/3071/2869 4251/3032/2830 2766/3621/3347
f 776/3619/3345 2766/3621/3347 4385/3040/2838 2772/3074/2872
f 777/3622/3348 2773/2953/2752 4386/2952/2751 2767/2976/2774
f 777/3622/3348 2767/2976/2774 4229/2975/2773 2502/3002/2800
f 777/3622/3348 2502/3002/2800 4254/3001/2799 2768/3620/3346
f 777/3622/3348 2768/3620/3346 4387/2954/2753 2773/2953/2752
f 778/3623/3349 2774/3041/2839 4385/3040/2838 2766/3621/3347
f 778/3623/3349 2766/3621/3347 4251/3032/2830 2520/3031/2829
f 778/3623/3349 2520/3031/2829 4266/3030/2828 2770/3617/3343
f 778/3623/3349 2770/3617/3343 4389/3042/2840 2774/3041/2839
f 779/3624/3350 2781/3625/3351 4368/3626/3352 2754/3627/3353
f 779/3624/3350 2754/3627/3353 4374/2946/2745 2782/3628/3354
f 779/3624/3350 2782/3628/3354 4397/3564/3297 2783/3591/3319
f 779/3624/3350 2783/3591/3319 4396/3590/3318 2781/3625/3351
f 780/3629/3355 2729/3630/3356 4364/1056/974 1655/1055/973
f 780/3629/3355 1655/1055/973 4431/1059/977 2839/3631/3357
f 780/3629/3355 2839/3631/3357 4430/3584/3312 2836/3583/3311
f 780/3629/3355 2836/3583/3311 4393/3582/3265 2729/3630/3356
f 781/3632/3358 2748/2945/2744 4375/2944/2743 2776/3554/3287
f 781/3632/3358 2776/3554/3287 4391/3553/3286 2785/3561/3294
f 781/3632/3358 2785/3561/3294 4397/3564/3297 2782/3628/3354
f 781/3632/3358 2782/3628/3354 4374/2946/2745 2748/2945/2744
f 782/3633/3359 2739/3634/3360 4370/1063/981 1563/1062/980
f 782/3633/3359 1563/1062/980 4376/972/897 2510/3562/3295
f 782/3633/3359 2510/3562/3295 4391/3553/3286 2786/3552/3285
f 782/3633/3359 2786/3552/3285 4395/3551/3284 2739/3634/3360
f 783/3635/3361 2777/2984/2782 4247/2983/2781 2737/3544/3277
f 783/3635/3361 2737/3544/3277 4362/3543/3276 2779/3636/3362
f 783/3635/3361 2779/3636/3362 4394/3537/3256 2787/3536/3271
f 783/3635/3361 2787/3536/3271 4392/2985/2783 2777/2984/2782
f 784/3637/3363 2509/3638/3364 4245/1069/987 1541/1068/986
f 784/3637/3363 1541/1068/986 4364/1072/974 2729/3639/3356
f 784/3637/3363 2729/3639/3356 4393/3530/3265 2788/3529/3264
f 784/3637/3363 2788/3529/3264 4390/2978/2776 2509/3638/3364
f 785/3640/3365 2779/3641/3362 4362/3642/3276 2746/3643/3366
f 785/3640/3365 2746/3643/3366 4425/3644/3367 2827/3645/3368
f 785/3640/3365 2827/3645/3368 4420/3520/3258 2820/3519/3257
f 785/3640/3365 2820/3519/3257 4394/3518/3256 2779/3641/3362
f 786/3646/3369 2790/2986/2784 4392/2985/2783 2515/3535/3270
f 786/3646/3369 2515/3535/3270 4246/939/867 1298/1080/994
f 786/3646/3369 1298/1080/994 4243/1040/958 2508/3614/3340
f 786/3646/3369 2508/3614/3340 4381/2987/2785 2790/2986/2784
f 787/3647/3370 2791/2977/2775 4386/2952/2751 2506/2951/2750
f 787/3647/3370 2506/2951/2750 4208/311/304 1292/1082/996
f 787/3647/3370 1292/1082/996 4245/1069/987 2509/3638/3364
f 787/3647/3370 2509/3638/3364 4390/2978/2776 2791/2977/2775
f 788/3648/3371 3544/3649/3372 4192/3650/2728 2442/3651/2729
f 788/3648/3371 2442/3651/2729 4781/3652/3373 3547/3653/3374
f 788/3648/3371 3547/3653/3374 4330/3400/3155 2674/3403/3158
f 788/3648/3371 2674/3403/3158 4329/3405/3160 3544/3649/3372
f 789/3654/3375 2479/3655/2720 4222/3656/2727 2459/3657/3376
f 789/3654/3375 2459/3657/3376 4399/2805/2610 2798/2804/2609
f 789/3654/3375 2798/2804/2609 4400/2754/2559 2793/3658/3377
f 789/3654/3375 2793/3658/3377 4230/3659/2721 2479/3655/2720
f 790/3660/3378 2488/3661/2941 4230/3659/2721 2793/3658/3377
f 790/3660/3378 2793/3658/3377 4400/2754/2559 2799/2753/2558
f 790/3660/3378 2799/2753/2558 4401/2760/2565 2794/2996/2794
f 790/3660/3378 2794/2996/2794 4220/2995/2793 2488/3661/2941
f 4782/2919/2718 4781/3662/3373 2442/2930/2729 2812/2870/2675
f 4178/3308/3074 4412/2716/2521 2813/2865/2670 2467/3317/3080
f 791/3663/3379 2804/3664/3380 4398/2972/2770 2537/2971/2769
f 791/3663/3379 2537/2971/2769 4234/2970/2768 2760/3094/2892
f 791/3663/3379 2760/3094/2892 4384/3097/2895 2805/3665/3381
f 791/3663/3379 2805/3665/3381 4406/3666/3382 2804/3664/3380
f 792/3667/3383 2801/3668/3384 4404/1104/1011 1241/1103/1010
f 792/3667/3383 1241/1103/1010 4233/464/456 2494/3102/2900
f 792/3667/3383 2494/3102/2900 4388/3104/2902 2803/3669/3385
f 792/3667/3383 2803/3669/3385 4405/3670/3386 2801/3668/3384
f 793/3671/3387 2803/3669/3385 4388/3104/2902 2769/3618/3344
f 793/3671/3387 2769/3618/3344 4232/2959/2758 2795/2958/2757
f 793/3671/3387 2795/2958/2757 4402/2957/2756 2802/3672/3388
f 793/3671/3387 2802/3672/3388 4405/3670/3386 2803/3669/3385
f 794/3673/3389 2805/3665/3381 4384/3097/2895 2495/3612/3338
f 794/3673/3389 2495/3612/3338 4235/1033/951 1612/1113/1020
f 794/3673/3389 1612/1113/1020 4403/1112/1019 2800/3674/3390
f 794/3673/3389 2800/3674/3390 4406/3666/3382 2805/3665/3381
f 795/3675/3391 2807/3676/3392 4406/3666/3382 2800/3674/3390
f 795/3675/3391 2800/3674/3390 4403/1112/1019 1622/1119/1026
f 795/3675/3391 1622/1119/1026 4408/1118/1025 2808/3677/3393
f 795/3675/3391 2808/3677/3393 4407/3678/3394 2807/3676/3392
f 796/3679/3395 2808/3680/3393 4408/1122/1025 1271/1121/1028
f 796/3679/3395 1271/1121/1028 4199/147/146 2452/2798/2603
f 796/3679/3395 2452/2798/2603 4786/2797/2602 3598/3681/3396
f 796/3679/3395 3598/3681/3396 4407/3682/3394 2808/3680/3393
f 797/3683/3397 2810/3684/3398 4405/3670/3386 2802/3672/3388
f 797/3683/3397 2802/3672/3388 4402/2957/2756 3525/3685/3399
f 797/3683/3397 3525/3685/3399 4768/3686/2678 3526/3687/2677
f 797/3683/3397 3526/3687/2677 4410/3688/2682 2810/3684/3398
f 798/3689/3400 2811/3690/3401 4409/1134/1035 1614/1133/1034
f 798/3689/3400 1614/1133/1034 4404/1104/1011 2801/3668/3384
f 798/3689/3400 2801/3668/3384 4405/3670/3386 2810/3684/3398
f 798/3689/3400 2810/3684/3398 4410/3688/2682 2811/3690/3401
f 4214/3289/3055 2467/3317/3080 2813/2865/2670 4418/2866/2671
f 4417/2837/2642 2814/2836/2641 2465/3291/3057 4212/3295/3061
f 4416/106/105 2815/2762/2567 2449/3297/3063 4196/671/631
f 2465/3291/3057 2814/2836/2641 4411/2717/2522 4176/2738/2543
f 4785/3286/3052 4808/2732/2537 3573/2735/2540 2451/3691/3402
f 2449/3297/3063 2815/2762/2567 4807/2765/2570 4783/3298/3064
f 4198/1136/1037 2451/3691/3402 3573/2735/2540 4415/70/69
f 4176/2738/2543 4411/2717/2522 2817/2720/2525 3530/2739/2544
f 4772/2722/2527 4774/2740/2545 3530/2739/2544 2817/2720/2525
f 4184/3280/3046 4413/2714/2519 2818/2715/2520 2425/3307/3073
f 4178/3308/3074 2425/3307/3073 2818/2715/2520 4412/2716/2521
f 4224/3692/3403 4419/2705/2511 2819/2706/2512 3502/3693/3404
f 4757/3694/3049 3502/3693/3404 2819/2706/2512 4755/2713/2518
f 4413/2714/2519 3500/3695/3405 3501/3696/3406 4190/2657/2466
f 799/3697/3407 2753/3698/3408 4428/3699/3409 2824/3700/3410
f 799/3697/3407 2824/3700/3410 4425/3644/3367 3445/3701/3411
f 799/3697/3407 3445/3701/3411 4730/3702/3412 2823/3703/3413
f 799/3697/3407 2823/3703/3413 4427/3704/3414 2753/3698/3408
f 800/3705/3415 2826/3521/3259 4420/3520/3258 2832/3706/3416
f 800/3705/3415 2832/3706/3416 4424/3707/3417 2825/3708/3418
f 800/3705/3415 2825/3708/3418 4426/1156/1054 1644/1155/1053
f 800/3705/3415 1644/1155/1053 4421/921/852 2826/3521/3259
f 801/3709/3419 2827/3645/3368 4425/3644/3367 2824/3700/3410
f 801/3709/3419 2824/3700/3410 4428/3699/3409 2833/3710/3420
f 801/3709/3419 2833/3710/3420 4424/3707/3417 2832/3706/3416
f 801/3709/3419 2832/3706/3416 4420/3520/3258 2827/3645/3368
f 802/3711/3421 2738/3712/3422 4423/3081/2879 2831/3713/3423
f 802/3711/3421 2831/3713/3423 4373/2948/2747 2730/2947/2746
f 802/3711/3421 2730/2947/2746 4374/2946/2745 2754/3627/3353
f 802/3711/3421 2754/3627/3353 4368/3626/3352 2738/3712/3422
f 803/3714/3424 2828/3080/2878 4422/3079/2877 2829/3559/3292
f 803/3714/3424 2829/3559/3292 4378/2942/2741 2751/2941/2740
f 803/3714/3424 2751/2941/2740 4373/2948/2747 2831/3713/3423
f 803/3714/3424 2831/3713/3423 4423/3081/2879 2828/3080/2878
f 804/3715/3425 3422/3716/3426 4719/3570/3303 3432/3717/3427
f 804/3715/3425 3432/3717/3427 4715/3718/3428 2741/3719/3429
f 804/3715/3425 2741/3719/3429 4428/3699/3409 2753/3698/3408
f 804/3715/3425 2753/3698/3408 4427/3704/3414 3422/3716/3426
f 805/3720/3430 3431/3721/3431 4715/3718/3428 3419/3722/3432
f 805/3720/3430 3419/3722/3432 4368/3626/3352 2781/3625/3351
f 805/3720/3430 2781/3625/3351 4396/3590/3318 2789/3600/3326
f 805/3720/3430 2789/3600/3326 4718/3599/3325 3431/3721/3431
f 806/3723/3433 3446/3724/3434 4730/3702/3412 3445/3701/3411
f 806/3723/3433 3445/3701/3411 4425/3644/3367 2746/3643/3366
f 806/3723/3433 2746/3643/3366 4362/3642/3276 2728/3725/3275
f 806/3723/3433 2728/3725/3275 4728/3726/3274 3446/3724/3434
f 807/3727/3435 2837/3576/3307 4429/3575/3306 2835/3728/3436
f 807/3727/3435 2835/3728/3436 4432/3729/3437 2845/3730/3438
f 807/3727/3435 2845/3730/3438 4433/3577/3308 2837/3576/3307
f 808/3731/3439 2838/3585/3313 4430/3584/3312 2842/3732/3440
f 808/3731/3439 2842/3732/3440 4434/3733/3441 2846/3734/3442
f 808/3731/3439 2846/3734/3442 4432/3729/3437 2835/3728/3436
f 808/3731/3439 2835/3728/3436 4429/3575/3306 2838/3585/3313
f 809/3735/3443 2839/3631/3357 4431/1059/977 1662/1186/1082
f 809/3735/3443 1662/1186/1082 4435/1188/1084 2843/3736/3444
f 809/3735/3443 2843/3736/3444 4434/3733/3441 2842/3732/3440
f 809/3735/3443 2842/3732/3440 4430/3584/3312 2839/3631/3357
f 810/3737/3445 2843/3736/3444 4435/1188/1084 1555/1190/1086
f 810/3737/3445 1555/1190/1086 4370/1063/981 2739/3634/3360
f 810/3737/3445 2739/3634/3360 4395/3551/3284 2784/3738/3446
f 810/3737/3445 2784/3738/3446 4434/3733/3441 2843/3736/3444
f 811/3739/3447 2844/3578/3309 4433/3577/3308 2841/3740/3448
f 811/3739/3447 2841/3740/3448 4422/3079/2877 2743/3078/2876
f 811/3739/3447 2743/3078/2876 4372/3077/2875 2745/3741/3315
f 811/3739/3447 2745/3741/3315 4366/3579/3280 2844/3578/3309
f 812/3742/3449 2845/3730/3438 4432/3729/3437 2840/3743/3450
f 812/3742/3449 2840/3743/3450 4369/3556/3289 2821/3558/3291
f 812/3742/3449 2821/3558/3291 4422/3079/2877 2841/3740/3448
f 812/3742/3449 2841/3740/3448 4433/3577/3308 2845/3730/3438
f 813/3744/3451 2846/3734/3442 4434/3733/3441 2784/3738/3446
f 813/3744/3451 2784/3738/3446 4395/3551/3284 2780/3550/3283
f 813/3744/3451 2780/3550/3283 4369/3556/3289 2840/3743/3450
f 813/3744/3451 2840/3743/3450 4432/3729/3437 2846/3734/3442
f 814/3745/1132 2854/3746/1135 4444/3747/1113 2867/3748/3452
f 814/3745/1132 2867/3748/3452 4455/3749/1119 2864/3750/1136
f 814/3745/1132 2864/3750/1136 4454/3751/3453 2868/3752/1133
f 814/3745/1132 2868/3752/1133 4443/3753/1134 2854/3746/1135
f 815/3754/1126 2851/3755/1129 4441/3756/1104 2869/3757/1103
f 815/3754/1126 2869/3757/1103 4452/3758/1110 2861/3759/1130
f 815/3754/1126 2861/3759/1130 4451/3760/1131 2870/3761/1127
f 815/3754/1126 2870/3761/1127 4440/3762/1128 2851/3755/1129
f 816/3763/1120 2848/3764/1123 4438/3765/1095 2871/3766/3454
f 816/3763/1120 2871/3766/3454 4449/3767/1101 2858/3768/1124
f 816/3763/1120 2858/3768/1124 4448/3769/1125 2872/3770/1121
f 816/3763/1120 2872/3770/1121 4437/3771/1122 2848/3764/1123
f 817/3772/1111 2855/3773/1114 4445/3774/1115 2873/3775/1116
f 817/3772/1111 2873/3775/1116 4456/3776/1117 2865/3777/1118
f 817/3772/1111 2865/3777/1118 4455/3749/1119 2867/3748/3452
f 817/3772/1111 2867/3748/3452 4444/3747/1113 2855/3773/1114
f 818/3778/1102 2852/3779/1105 4442/3780/1106 2874/3781/1107
f 818/3778/1102 2874/3781/1107 4453/3782/1108 2862/3783/1109
f 818/3778/1102 2862/3783/1109 4452/3784/1110 2869/3785/1103
f 818/3778/1102 2869/3785/1103 4441/3786/1104 2852/3779/1105
f 819/3787/1093 2849/3788/1096 4439/3789/1097 2875/3790/1098
f 819/3787/1093 2875/3790/1098 4450/3791/1099 2859/3792/1100
f 819/3787/1093 2859/3792/1100 4449/3767/1101 2871/3766/3454
f 819/3787/1093 2871/3766/3454 4438/3765/1095 2849/3788/1096
f 820/3793/1161 2856/3794/1162 4446/3795/1146 2876/3796/1145
f 820/3793/1161 2876/3796/1145 4457/3797/1150 2866/3798/1163
f 820/3793/1161 2866/3798/1163 4456/3776/1117 2873/3775/1116
f 820/3793/1161 2873/3775/1116 4445/3774/1115 2856/3794/1162
f 821/3799/1157 3358/3800/3455 4436/3801/1140 2877/3802/1139
f 821/3799/1157 2877/3802/1139 4447/3803/1143 3360/3804/1158
f 821/3799/1157 3360/3804/1158 4535/3805/1159 3358/3800/3455
f 822/3806/1154 2853/3807/1155 4443/3753/1134 2868/3752/1133
f 822/3806/1154 2868/3752/1133 4454/3751/3453 2863/3808/1156
f 822/3806/1154 2863/3808/1156 4453/3782/1108 2874/3781/1107
f 822/3806/1154 2874/3781/1107 4442/3780/1106 2853/3807/1155
f 823/3809/1151 2850/3810/1152 4440/3762/1128 2870/3761/1127
f 823/3809/1151 2870/3761/1127 4451/3760/1131 2860/3811/1153
f 823/3809/1151 2860/3811/1153 4450/3791/1099 2875/3790/1098
f 823/3809/1151 2875/3790/1098 4439/3789/1097 2850/3810/1152
f 824/3812/1144 3359/3813/1147 4558/3814/1148 3361/3815/1149
f 824/3812/1144 3361/3815/1149 4457/3797/1150 2876/3796/1145
f 824/3812/1144 2876/3796/1145 4446/3795/1146 3359/3813/1147
f 825/3816/1138 2847/3817/1141 4437/3771/1122 2872/3770/1121
f 825/3816/1138 2872/3770/1121 4448/3769/1125 2857/3818/1142
f 825/3816/1138 2857/3818/1142 4447/3803/1143 2877/3802/1139
f 825/3816/1138 2877/3802/1139 4436/3801/1140 2847/3817/1141
f 826/3819/1196 2859/3792/1100 4450/3791/1099 2888/3820/3456
f 826/3819/1196 2888/3820/3456 4461/3821/1185 2880/3822/1198
f 826/3819/1196 2880/3822/1198 4460/3823/1199 2889/3824/1197
f 826/3819/1196 2889/3824/1197 4449/3767/1101 2859/3792/1100
f 827/3825/1192 2866/3798/1163 4457/3797/1150 2890/3826/1177
f 827/3825/1192 2890/3826/1177 4468/3827/1179 2887/3828/1194
f 827/3825/1192 2887/3828/1194 4467/3829/1195 2891/3830/1193
f 827/3825/1192 2891/3830/1193 4456/3776/1117 2866/3798/1163
f 828/3831/1190 3360/3804/1158 4447/3803/1143 2892/3832/1171
f 828/3831/1190 2892/3832/1171 4458/3833/1175 3362/3834/1191
f 828/3831/1190 3362/3834/1191 4535/3805/1159 3360/3804/1158
f 829/3835/1186 2863/3808/1156 4454/3751/3453 2893/3836/3457
f 829/3835/1186 2893/3836/3457 4465/3837/1169 2884/3838/1188
f 829/3835/1186 2884/3838/1188 4464/3839/1189 2894/3840/1187
f 829/3835/1186 2894/3840/1187 4453/3782/1108 2863/3808/1156
f 830/3841/1180 2860/3811/1153 4451/3760/1131 2895/3842/1182
f 830/3841/1180 2895/3842/1182 4462/3843/1183 2881/3844/1184
f 830/3841/1180 2881/3844/1184 4461/3821/1185 2888/3820/3456
f 830/3841/1180 2888/3820/3456 4450/3791/1099 2860/3811/1153
f 831/3845/1176 3361/3815/1149 4558/3814/1148 3363/3846/1178
f 831/3845/1176 3363/3846/1178 4468/3827/1179 2890/3826/1177
f 831/3845/1176 2890/3826/1177 4457/3797/1150 3361/3815/1149
f 832/3847/1170 2857/3818/1142 4448/3769/1125 2896/3848/1172
f 832/3847/1170 2896/3848/1172 4459/3849/1173 2878/3850/1174
f 832/3847/1170 2878/3850/1174 4458/3833/1175 2892/3832/1171
f 832/3847/1170 2892/3832/1171 4447/3803/1143 2857/3818/1142
f 833/3851/1164 2864/3750/1136 4455/3749/1119 2897/3852/1166
f 833/3851/1164 2897/3852/1166 4466/3853/1167 2885/3854/1168
f 833/3851/1164 2885/3854/1168 4465/3837/1169 2893/3836/3457
f 833/3851/1164 2893/3836/3457 4454/3751/3453 2864/3750/1136
f 834/3855/1208 2861/3759/1130 4452/3758/1110 2898/3856/1201
f 834/3855/1208 2898/3856/1201 4463/3857/1203 2882/3858/1209
f 834/3855/1208 2882/3858/1209 4462/3843/1183 2895/3842/1182
f 834/3855/1208 2895/3842/1182 4451/3760/1131 2861/3759/1130
f 835/3859/1206 2858/3768/1124 4449/3767/1101 2889/3824/1197
f 835/3859/1206 2889/3824/1197 4460/3823/1199 2879/3860/1207
f 835/3859/1206 2879/3860/1207 4459/3849/1173 2896/3848/1172
f 835/3859/1206 2896/3848/1172 4448/3769/1125 2858/3768/1124
f 836/3861/1204 2865/3777/1118 4456/3776/1117 2891/3830/1193
f 836/3861/1204 2891/3830/1193 4467/3829/1195 2886/3862/1205
f 836/3861/1204 2886/3862/1205 4466/3853/1167 2897/3852/1166
f 836/3861/1204 2897/3852/1166 4455/3749/1119 2865/3777/1118
f 837/3863/1200 2862/3783/1109 4453/3782/1108 2894/3840/1187
f 837/3863/1200 2894/3840/1187 4464/3839/1189 2883/3864/1202
f 837/3863/1200 2883/3864/1202 4463/3865/1203 2898/3866/1201
f 837/3863/1200 2898/3866/1201 4452/3784/1110 2862/3783/1109
f 838/3867/1228 2882/3858/1209 4463/3857/1203 2909/3868/1211
f 838/3867/1228 2909/3868/1211 4474/3869/1215 2903/3870/1230
f 838/3867/1228 2903/3870/1230 4473/3871/1231 2910/3872/1229
f 838/3867/1228 2910/3872/1229 4462/3843/1183 2882/3858/1209
f 839/3873/1222 2879/3860/1207 4460/3823/1199 2911/3874/1224
f 839/3873/1222 2911/3874/1224 4471/3875/3458 2900/3876/1226
f 839/3873/1222 2900/3876/1226 4470/3877/1227 2912/3878/3459
f 839/3873/1222 2912/3878/3459 4459/3849/1173 2879/3860/1207
f 840/3879/1216 2886/3862/1205 4467/3829/1195 2913/3880/1218
f 840/3879/1216 2913/3880/1218 4478/3881/1219 2907/3882/1220
f 840/3879/1216 2907/3882/1220 4477/3883/1221 2914/3884/1217
f 840/3879/1216 2914/3884/1217 4466/3853/1167 2886/3862/1205
f 841/3885/1210 2883/3864/1202 4464/3839/1189 2915/3886/1212
f 841/3885/1210 2915/3886/1212 4475/3887/1213 2904/3888/1214
f 841/3885/1210 2904/3888/1214 4474/3889/1215 2909/3890/1211
f 841/3885/1210 2909/3890/1211 4463/3865/1203 2883/3864/1202
f 842/3891/1254 2880/3822/1198 4461/3821/1185 2916/3892/1245
f 842/3891/1254 2916/3892/1245 4472/3893/1247 2901/3894/1255
f 842/3891/1254 2901/3894/1255 4471/3875/3458 2911/3874/1224
f 842/3891/1254 2911/3874/1224 4460/3823/1199 2880/3822/1198
f 843/3895/1252 2887/3828/1194 4468/3827/1179 2917/3896/1241
f 843/3895/1252 2917/3896/1241 4479/3897/1243 2908/3898/1253
f 843/3895/1252 2908/3898/1253 4478/3881/1219 2913/3880/1218
f 843/3895/1252 2913/3880/1218 4467/3829/1195 2887/3828/1194
f 844/3899/1250 3362/3834/1191 4458/3833/1175 2918/3900/1237
f 844/3899/1250 2918/3900/1237 4469/3901/1239 3364/3902/1251
f 844/3899/1250 3364/3902/1251 4535/3805/1159 3362/3834/1191
f 845/3903/1248 2884/3838/1188 4465/3837/1169 2919/3904/1233
f 845/3903/1248 2919/3904/1233 4476/3905/1235 2905/3906/1249
f 845/3903/1248 2905/3906/1249 4475/3887/1213 2915/3886/1212
f 845/3903/1248 2915/3886/1212 4464/3839/1189 2884/3838/1188
f 846/3907/1244 2881/3844/1184 4462/3843/1183 2910/3872/1229
f 846/3907/1244 2910/3872/1229 4473/3871/1231 2902/3908/1246
f 846/3907/1244 2902/3908/1246 4472/3893/1247 2916/3892/1245
f 846/3907/1244 2916/3892/1245 4461/3821/1185 2881/3844/1184
f 847/3909/1240 3363/3846/1178 4558/3814/1148 3365/3910/1242
f 847/3909/1240 3365/3910/1242 4479/3897/1243 2917/3896/1241
f 847/3909/1240 2917/3896/1241 4468/3827/1179 3363/3846/1178
f 848/3911/1236 2878/3850/1174 4459/3849/1173 2912/3878/3459
f 848/3911/1236 2912/3878/3459 4470/3877/1227 2899/3912/3460
f 848/3911/1236 2899/3912/3460 4469/3901/1239 2918/3900/1237
f 848/3911/1236 2918/3900/1237 4458/3833/1175 2878/3850/1174
f 849/3913/1232 2885/3854/1168 4466/3853/1167 2914/3884/1217
f 849/3913/1232 2914/3884/1217 4477/3883/1221 2906/3914/1234
f 849/3913/1232 2906/3914/1234 4476/3905/1235 2919/3904/1233
f 849/3913/1232 2919/3904/1233 4465/3837/1169 2885/3854/1168
f 850/3915/1300 2902/3908/1246 4473/3871/1231 2930/3916/1291
f 850/3915/1300 2930/3916/1291 4484/3917/1293 2923/3918/1301
f 850/3915/1300 2923/3918/1301 4483/3919/1275 2931/3920/1274
f 850/3915/1300 2931/3920/1274 4472/3893/1247 2902/3908/1246
f 851/3921/1298 3365/3910/1242 4558/3814/1148 3367/3922/1299
f 851/3921/1298 3367/3922/1299 4490/3923/1269 2932/3924/1268
f 851/3921/1298 2932/3924/1268 4479/3897/1243 3365/3910/1242
f 852/3925/3461 2899/3912/3460 4470/3877/1227 2933/3926/1287
f 852/3925/3461 2933/3926/1287 4481/3927/1289 2920/3928/1297
f 852/3925/3461 2920/3928/1297 4480/3929/1265 2934/3930/1264
f 852/3925/3461 2934/3930/1264 4469/3901/1239 2899/3912/3460
f 853/3931/1294 2906/3914/1234 4477/3883/1221 2935/3932/1283
f 853/3931/1294 2935/3932/1283 4488/3933/1285 2927/3934/1295
f 853/3931/1294 2927/3934/1295 4487/3935/1259 2936/3936/1258
f 853/3931/1294 2936/3936/1258 4476/3905/1235 2906/3914/1234
f 854/3937/1290 2903/3870/1230 4474/3869/1215 2937/3938/1279
f 854/3937/1290 2937/3938/1279 4485/3939/1281 2924/3940/1292
f 854/3937/1290 2924/3940/1292 4484/3917/1293 2930/3916/1291
f 854/3937/1290 2930/3916/1291 4473/3871/1231 2903/3870/1230
f 855/3941/1286 2900/3876/1226 4471/3875/3458 2938/3942/1273
f 855/3941/1286 2938/3942/1273 4482/3943/1277 2921/3944/3462
f 855/3941/1286 2921/3944/3462 4481/3927/1289 2933/3926/1287
f 855/3941/1286 2933/3926/1287 4470/3877/1227 2900/3876/1226
f 856/3945/1282 2907/3882/1220 4478/3881/1219 2939/3946/1267
f 856/3945/1282 2939/3946/1267 4489/3947/1271 2928/3948/1284
f 856/3945/1282 2928/3948/1284 4488/3933/1285 2935/3932/1283
f 856/3945/1282 2935/3932/1283 4477/3883/1221 2907/3882/1220
f 857/3949/1278 2904/3888/1214 4475/3887/1213 2940/3950/3463
f 857/3949/1278 2940/3950/3463 4486/3951/1261 2925/3952/1280
f 857/3949/1278 2925/3952/1280 4485/3953/1281 2937/3954/1279
f 857/3949/1278 2937/3954/1279 4474/3889/1215 2904/3888/1214
f 858/3955/1272 2901/3894/1255 4472/3893/1247 2931/3920/1274
f 858/3955/1272 2931/3920/1274 4483/3919/1275 2922/3956/1276
f 858/3955/1272 2922/3956/1276 4482/3943/1277 2938/3942/1273
f 858/3955/1272 2938/3942/1273 4471/3875/3458 2901/3894/1255
f 859/3957/3464 2908/3898/1253 4479/3897/1243 2932/3924/1268
f 859/3957/3464 2932/3924/1268 4490/3923/1269 2929/3958/1270
f 859/3957/3464 2929/3958/1270 4489/3947/1271 2939/3946/1267
f 859/3957/3464 2939/3946/1267 4478/3881/1219 2908/3898/1253
f 860/3959/1262 3364/3902/1251 4469/3901/1239 2934/3930/1264
f 860/3959/1262 2934/3930/1264 4480/3929/1265 3366/3960/1263
f 860/3959/1262 3366/3960/1263 4535/3805/1159 3364/3902/1251
f 861/3961/1256 2905/3906/1249 4476/3905/1235 2936/3936/1258
f 861/3961/1256 2936/3936/1258 4487/3935/1259 2926/3962/1260
f 861/3961/1256 2926/3962/1260 4486/3951/1261 2940/3950/3463
f 861/3961/1256 2940/3950/3463 4475/3887/1213 2905/3906/1249
f 862/3963/1342 2925/3952/1280 4486/3951/1261 2951/3964/1329
f 862/3963/1342 2951/3964/1329 4497/3965/1331 2946/3966/1343
f 862/3963/1342 2946/3966/1343 4496/3967/1305 2952/3968/1304
f 862/3963/1342 2952/3968/1304 4485/3953/1281 2925/3952/1280
f 863/3969/1338 2922/3956/1276 4483/3919/1275 2953/3970/1325
f 863/3969/1338 2953/3970/1325 4494/3971/1327 2943/3972/1340
f 863/3969/1338 2943/3972/1340 4493/3973/1341 2954/3974/1339
f 863/3969/1338 2954/3974/1339 4482/3943/1277 2922/3956/1276
f 864/3975/1334 2929/3958/1270 4490/3923/1269 2955/3976/1321
f 864/3975/1334 2955/3976/1321 4501/3977/1323 2950/3978/1336
f 864/3975/1334 2950/3978/1336 4500/3979/1337 2956/3980/1335
f 864/3975/1334 2956/3980/1335 4489/3947/1271 2929/3958/1270
f 865/3981/1332 3366/3960/1263 4480/3929/1265 2957/3982/1315
f 865/3981/1332 2957/3982/1315 4491/3983/1319 3368/3984/1333
f 865/3981/1332 3368/3984/1333 4535/3805/1159 3366/3960/1263
f 866/3985/1328 2926/3962/1260 4487/3935/1259 2958/3986/1309
f 866/3985/1328 2958/3986/1309 4498/3987/3465 2947/3988/1330
f 866/3985/1328 2947/3988/1330 4497/3965/1331 2951/3964/1329
f 866/3985/1328 2951/3964/1329 4486/3951/1261 2926/3962/1260
f 867/3989/1324 2923/3918/1301 4484/3917/1293 2959/3990/1303
f 867/3989/1324 2959/3990/1303 4495/3991/1307 2944/3992/3466
f 867/3989/1324 2944/3992/3466 4494/3971/1327 2953/3970/1325
f 867/3989/1324 2953/3970/1325 4483/3919/1275 2923/3918/1301
f 868/3993/1320 3367/3922/1299 4558/3814/1148 3369/3994/1322
f 868/3993/1320 3369/3994/1322 4501/3977/1323 2955/3976/1321
f 868/3993/1320 2955/3976/1321 4490/3923/1269 3367/3922/1299
f 869/3995/1314 2920/3928/1297 4481/3927/1289 2960/3996/1316
f 869/3995/1314 2960/3996/1316 4492/3997/3467 2941/3998/1318
f 869/3995/1314 2941/3998/1318 4491/3983/1319 2957/3982/1315
f 869/3995/1314 2957/3982/1315 4480/3929/1265 2920/3928/1297
f 870/3999/1308 2927/3934/1295 4488/3933/1285 2961/4000/1310
f 870/3999/1308 2961/4000/1310 4499/4001/1311 2948/4002/1312
f 870/3999/1308 2948/4002/1312 4498/3987/3465 2958/3986/1309
f 870/3999/1308 2958/3986/1309 4487/3935/1259 2927/3934/1295
f 871/4003/1302 2924/3940/1292 4485/3939/1281 2952/4004/1304
f 871/4003/1302 2952/4004/1304 4496/4005/1305 2945/4006/1306
f 871/4003/1302 2945/4006/1306 4495/3991/1307 2959/3990/1303
f 871/4003/1302 2959/3990/1303 4484/3917/1293 2924/3940/1292
f 872/4007/1346 2921/3944/3462 4482/3943/1277 2954/3974/1339
f 872/4007/1346 2954/3974/1339 4493/3973/1341 2942/4008/1347
f 872/4007/1346 2942/4008/1347 4492/3997/3467 2960/3996/1316
f 872/4007/1346 2960/3996/1316 4481/3927/1289 2921/3944/3462
f 873/4009/1344 2928/3948/1284 4489/3947/1271 2956/3980/1335
f 873/4009/1344 2956/3980/1335 4500/3979/1337 2949/4010/1345
f 873/4009/1344 2949/4010/1345 4499/4001/1311 2961/4000/1310
f 873/4009/1344 2961/4000/1310 4488/3933/1285 2928/3948/1284
f 874/4011/1366 2945/4006/1306 4496/4005/1305 2972/4012/1349
f 874/4011/1366 2972/4012/1349 4507/4013/1353 2966/4014/1368
f 874/4011/1366 2966/4014/1368 4506/4015/1369 2973/4016/1367
f 874/4011/1366 2973/4016/1367 4495/3991/1307 2945/4006/1306
f 875/4017/1360 2942/4008/1347 4493/3973/1341 2974/4018/3468
f 875/4017/1360 2974/4018/3468 4504/4019/1363 2963/4020/1364
f 875/4017/1360 2963/4020/1364 4503/4021/1365 2975/4022/1361
f 875/4017/1360 2975/4022/1361 4492/3997/3467 2942/4008/1347
f 876/4023/1354 2949/4010/1345 4500/3979/1337 2976/4024/1356
f 876/4023/1354 2976/4024/1356 4511/4025/1357 2970/4026/1358
f 876/4023/1354 2970/4026/1358 4510/4027/1359 2977/4028/3469
f 876/4023/1354 2977/4028/3469 4499/4001/1311 2949/4010/1345
f 877/4029/1348 2946/3966/1343 4497/3965/1331 2978/4030/1350
f 877/4029/1348 2978/4030/1350 4508/4031/1351 2967/4032/1352
f 877/4029/1348 2967/4032/1352 4507/4033/1353 2972/4034/1349
f 877/4029/1348 2972/4034/1349 4496/3967/1305 2946/3966/1343
f 878/4035/1392 2943/3972/1340 4494/3971/1327 2979/4036/1383
f 878/4035/1392 2979/4036/1383 4505/4037/3470 2964/4038/1393
f 878/4035/1392 2964/4038/1393 4504/4019/1363 2974/4018/3468
f 878/4035/1392 2974/4018/3468 4493/3973/1341 2943/3972/1340
f 879/4039/1390 2950/3978/1336 4501/3977/1323 2980/4040/1379
f 879/4039/1390 2980/4040/1379 4512/4041/1381 2971/4042/1391
f 879/4039/1390 2971/4042/1391 4511/4025/1357 2976/4024/1356
f 879/4039/1390 2976/4024/1356 4500/3979/1337 2950/3978/1336
f 880/4043/1388 3368/3984/1333 4491/3983/1319 2981/4044/1375
f 880/4043/1388 2981/4044/1375 4502/4045/1377 3370/4046/1389
f 880/4043/1388 3370/4046/1389 4535/3805/1159 3368/3984/1333
f 881/4047/1386 2947/3988/1330 4498/3987/3465 2982/4048/1371
f 881/4047/1386 2982/4048/1371 4509/4049/1373 2968/4050/1387
f 881/4047/1386 2968/4050/1387 4508/4031/1351 2978/4030/1350
f 881/4047/1386 2978/4030/1350 4497/3965/1331 2947/3988/1330
f 882/4051/1382 2944/3992/3466 4495/3991/1307 2973/4016/1367
f 882/4051/1382 2973/4016/1367 4506/4015/1369 2965/4052/1384
f 882/4051/1382 2965/4052/1384 4505/4037/3470 2979/4036/1383
f 882/4051/1382 2979/4036/1383 4494/3971/1327 2944/3992/3466
f 883/4053/1378 3369/3994/1322 4558/3814/1148 3371/4054/1380
f 883/4053/1378 3371/4054/1380 4512/4041/1381 2980/4040/1379
f 883/4053/1378 2980/4040/1379 4501/3977/1323 3369/3994/1322
f 884/4055/1374 2941/3998/1318 4492/3997/3467 2975/4022/1361
f 884/4055/1374 2975/4022/1361 4503/4021/1365 2962/4056/1376
f 884/4055/1374 2962/4056/1376 4502/4045/1377 2981/4044/1375
f 884/4055/1374 2981/4044/1375 4491/3983/1319 2941/3998/1318
f 885/4057/1370 2948/4002/1312 4499/4001/1311 2977/4028/3469
f 885/4057/1370 2977/4028/3469 4510/4027/1359 2969/4058/1372
f 885/4057/1370 2969/4058/1372 4509/4049/1373 2982/4048/1371
f 885/4057/1370 2982/4048/1371 4498/3987/3465 2948/4002/1312
f 886/4059/1400 2968/4050/1387 4509/4049/1373 2993/4060/1402
f 886/4059/1400 2993/4060/1402 4520/4061/1403 2989/4062/1404
f 886/4059/1400 2989/4062/1404 4519/4063/1405 2994/4064/1401
f 886/4059/1400 2994/4064/1401 4508/4031/1351 2968/4050/1387
f 887/4065/1394 2965/4052/1384 4506/4015/1369 2995/4066/1396
f 887/4065/1394 2995/4066/1396 4517/4067/1397 2986/4068/1398
f 887/4065/1394 2986/4068/1398 4516/4069/1399 2996/4070/1395
f 887/4065/1394 2996/4070/1395 4505/4037/3470 2965/4052/1384
f 888/4071/1438 3371/4054/1380 4558/3814/1148 3373/4072/1439
f 888/4071/1438 3373/4072/1439 4523/4073/1413 2997/4074/1412
f 888/4071/1438 2997/4074/1412 4512/4041/1381 3371/4054/1380
f 889/4075/1436 2962/4056/1376 4503/4021/1365 2998/4076/1429
f 889/4075/1436 2998/4076/1429 4514/4077/1431 2983/4078/1437
f 889/4075/1436 2983/4078/1437 4513/4079/1409 2999/4080/1408
f 889/4075/1436 2999/4080/1408 4502/4045/1377 2962/4056/1376
f 890/4081/1434 2969/4058/1372 4510/4027/1359 3000/4082/1425
f 890/4081/1434 3000/4082/1425 4521/4083/1427 2990/4084/3471
f 890/4081/1434 2990/4084/3471 4520/4061/1403 2993/4060/1402
f 890/4081/1434 2993/4060/1402 4509/4049/1373 2969/4058/1372
f 891/4085/1432 2966/4014/1368 4507/4013/1353 3001/4086/1421
f 891/4085/1432 3001/4086/1421 4518/4087/1423 2987/4088/1433
f 891/4085/1432 2987/4088/1433 4517/4067/1397 2995/4066/1396
f 891/4085/1432 2995/4066/1396 4506/4015/1369 2966/4014/1368
f 892/4089/1428 2963/4020/1364 4504/4019/1363 3002/4090/1417
f 892/4089/1428 3002/4090/1417 4515/4091/1419 2984/4092/1430
f 892/4089/1428 2984/4092/1430 4514/4077/1431 2998/4076/1429
f 892/4089/1428 2998/4076/1429 4503/4021/1365 2963/4020/1364
f 893/4093/1424 2970/4026/1358 4511/4025/1357 3003/4094/1411
f 893/4093/1424 3003/4094/1411 4522/4095/3472 2991/4096/1426
f 893/4093/1424 2991/4096/1426 4521/4083/1427 3000/4082/1425
f 893/4093/1424 3000/4082/1425 4510/4027/1359 2970/4026/1358
f 894/4097/1420 2967/4032/1352 4508/4031/1351 2994/4064/1401
f 894/4097/1420 2994/4064/1401 4519/4063/1405 2988/4098/1422
f 894/4097/1420 2988/4098/1422 4518/4099/1423 3001/4100/1421
f 894/4097/1420 3001/4100/1421 4507/4033/1353 2967/4032/1352
f 895/4101/1416 2964/4038/1393 4505/4037/3470 2996/4070/1395
f 895/4101/1416 2996/4070/1395 4516/4069/1399 2985/4102/1418
f 895/4101/1416 2985/4102/1418 4515/4091/1419 3002/4090/1417
f 895/4101/1416 3002/4090/1417 4504/4019/1363 2964/4038/1393
f 896/4103/1410 2971/4042/1391 4512/4041/1381 2997/4074/1412
f 896/4103/1410 2997/4074/1412 4523/4073/1413 2992/4104/3473
f 896/4103/1410 2992/4104/3473 4522/4095/3472 3003/4094/1411
f 896/4103/1410 3003/4094/1411 4511/4025/1357 2971/4042/1391
f 897/4105/1406 3370/4046/1389 4502/4045/1377 2999/4080/1408
f 897/4105/1406 2999/4080/1408 4513/4079/1409 3372/4106/1407
f 897/4105/1406 3372/4106/1407 4535/3805/1159 3370/4046/1389
f 898/4107/1480 2988/4098/1422 4519/4063/1405 3014/4108/3474
f 898/4107/1480 3014/4108/3474 4530/4109/1469 3009/4110/1481
f 898/4107/1480 3009/4110/1481 4529/4111/1443 3015/4112/1442
f 898/4107/1480 3015/4112/1442 4518/4099/1423 2988/4098/1422
f 899/4113/1476 2985/4102/1418 4516/4069/1399 3016/4114/1463
f 899/4113/1476 3016/4114/1463 4527/4115/1465 3006/4116/1478
f 899/4113/1476 3006/4116/1478 4526/4117/1479 3017/4118/1477
f 899/4113/1476 3017/4118/1477 4515/4091/1419 2985/4102/1418
f 900/4119/1472 2992/4104/3473 4523/4073/1413 3018/4120/1459
f 900/4119/1472 3018/4120/1459 4534/4121/1461 3013/4122/1474
f 900/4119/1472 3013/4122/1474 4533/4123/1475 3019/4124/1473
f 900/4119/1472 3019/4124/1473 4522/4095/3472 2992/4104/3473
f 901/4125/1470 3372/4106/1407 4513/4079/1409 3020/4126/1453
f 901/4125/1470 3020/4126/1453 4524/4127/1457 3374/4128/1471
f 901/4125/1470 3374/4128/1471 4535/3805/1159 3372/4106/1407
f 902/4129/3475 2989/4062/1404 4520/4061/1403 3021/4130/3476
f 902/4129/3475 3021/4130/3476 4531/4131/1451 3010/4132/1468
f 902/4129/3475 3010/4132/1468 4530/4109/1469 3014/4108/3474
f 902/4129/3475 3014/4108/3474 4519/4063/1405 2989/4062/1404
f 903/4133/1462 2986/4068/1398 4517/4067/1397 3022/4134/1441
f 903/4133/1462 3022/4134/1441 4528/4135/1445 3007/4136/1464
f 903/4133/1462 3007/4136/1464 4527/4115/1465 3016/4114/1463
f 903/4133/1462 3016/4114/1463 4516/4069/1399 2986/4068/1398
f 904/4137/1458 3373/4072/1439 4558/3814/1148 3375/4138/1460
f 904/4137/1458 3375/4138/1460 4534/4121/1461 3018/4120/1459
f 904/4137/1458 3018/4120/1459 4523/4073/1413 3373/4072/1439
f 905/4139/1452 2983/4078/1437 4514/4077/1431 3023/4140/1454
f 905/4139/1452 3023/4140/1454 4525/4141/1455 3004/4142/1456
f 905/4139/1452 3004/4142/1456 4524/4127/1457 3020/4126/1453
f 905/4139/1452 3020/4126/1453 4513/4079/1409 2983/4078/1437
f 906/4143/1446 2990/4084/3471 4521/4083/1427 3024/4144/1448
f 906/4143/1446 3024/4144/1448 4532/4145/1449 3011/4146/1450
f 906/4143/1446 3011/4146/1450 4531/4131/1451 3021/4130/3476
f 906/4143/1446 3021/4130/3476 4520/4061/1403 2990/4084/3471
f 907/4147/1440 2987/4088/1433 4518/4087/1423 3015/4148/1442
f 907/4147/1440 3015/4148/1442 4529/4149/1443 3008/4150/1444
f 907/4147/1440 3008/4150/1444 4528/4135/1445 3022/4134/1441
f 907/4147/1440 3022/4134/1441 4517/4067/1397 2987/4088/1433
f 908/4151/1484 2984/4092/1430 4515/4091/1419 3017/4118/1477
f 908/4151/1484 3017/4118/1477 4526/4117/1479 3005/4152/1485
f 908/4151/1484 3005/4152/1485 4525/4141/1455 3023/4140/1454
f 908/4151/1484 3023/4140/1454 4514/4077/1431 2984/4092/1430
f 909/4153/1482 2991/4096/1426 4522/4095/3472 3019/4124/1473
f 909/4153/1482 3019/4124/1473 4533/4123/1475 3012/4154/1483
f 909/4153/1482 3012/4154/1483 4532/4145/1449 3024/4144/1448
f 909/4153/1482 3024/4144/1448 4521/4083/1427 2991/4096/1426
f 910/4155/1512 3011/4146/1450 4532/4145/1449 3036/4156/1499
f 910/4155/1512 3036/4156/1499 4544/4157/1503 3033/4158/1514
f 910/4155/1512 3033/4158/1514 4543/4159/1515 3037/4160/3477
f 910/4155/1512 3037/4160/3477 4531/4131/1451 3011/4146/1450
f 911/4161/1508 3008/4150/1444 4529/4149/1443 3038/4162/1493
f 911/4161/1508 3038/4162/1493 4541/4163/1497 3030/4164/1510
f 911/4161/1508 3030/4164/1510 4540/4165/1511 3039/4166/1509
f 911/4161/1508 3039/4166/1509 4528/4135/1445 3008/4150/1444
f 912/4167/1504 3005/4152/1485 4526/4117/1479 3040/4168/1487
f 912/4167/1504 3040/4168/1487 4538/4169/1491 3027/4170/1506
f 912/4167/1504 3027/4170/1506 4537/4171/1507 3041/4172/1505
f 912/4167/1504 3041/4172/1505 4525/4141/1455 3005/4152/1485
f 913/4173/1498 3012/4154/1483 4533/4123/1475 3042/4174/1500
f 913/4173/1498 3042/4174/1500 4545/4175/1501 3034/4176/1502
f 913/4173/1498 3034/4176/1502 4544/4157/1503 3036/4156/1499
f 913/4173/1498 3036/4156/1499 4532/4145/1449 3012/4154/1483
f 914/4177/1492 3009/4110/1481 4530/4109/1469 3043/4178/3478
f 914/4177/1492 3043/4178/3478 4542/4179/1495 3031/4180/1496
f 914/4177/1492 3031/4180/1496 4541/4181/1497 3038/4182/1493
f 914/4177/1492 3038/4182/1493 4529/4111/1443 3009/4110/1481
f 915/4183/1486 3006/4116/1478 4527/4115/1465 3044/4184/1488
f 915/4183/1486 3044/4184/1488 4539/4185/3479 3028/4186/1490
f 915/4183/1486 3028/4186/1490 4538/4169/1491 3040/4168/1487
f 915/4183/1486 3040/4168/1487 4526/4117/1479 3006/4116/1478
f 916/4187/3480 3013/4122/1474 4534/4121/1461 3045/4188/1521
f 916/4187/3480 3045/4188/1521 4546/4189/1523 3035/4190/3481
f 916/4187/3480 3035/4190/3481 4545/4175/1501 3042/4174/1500
f 916/4187/3480 3042/4174/1500 4533/4123/1475 3013/4122/1474
f 917/4191/1528 3374/4128/1471 4524/4127/1457 3046/4192/1517
f 917/4191/1528 3046/4192/1517 4536/4193/1519 3025/4194/1529
f 917/4191/1528 3025/4194/1529 4535/3805/1159 3374/4128/1471
f 918/4195/1526 3010/4132/1468 4531/4131/1451 3037/4160/3477
f 918/4195/1526 3037/4160/3477 4543/4159/1515 3032/4196/1527
f 918/4195/1526 3032/4196/1527 4542/4179/1495 3043/4178/3478
f 918/4195/1526 3043/4178/3478 4530/4109/1469 3010/4132/1468
f 919/4197/1524 3007/4136/1464 4528/4135/1445 3039/4166/1509
f 919/4197/1524 3039/4166/1509 4540/4165/1511 3029/4198/1525
f 919/4197/1524 3029/4198/1525 4539/4185/3479 3044/4184/1488
f 919/4197/1524 3044/4184/1488 4527/4115/1465 3007/4136/1464
f 920/4199/1520 3375/4138/1460 4558/3814/1148 3376/4200/1522
f 920/4199/1520 3376/4200/1522 4546/4189/1523 3045/4188/1521
f 920/4199/1520 3045/4188/1521 4534/4121/1461 3375/4138/1460
f 921/4201/3482 3004/4142/1456 4525/4141/1455 3041/4172/1505
f 921/4201/3482 3041/4172/1505 4537/4171/1507 3026/4202/3483
f 921/4201/3482 3026/4202/3483 4536/4193/1519 3046/4192/1517
f 921/4201/3482 3046/4192/1517 4524/4127/1457 3004/4142/1456
f 922/4203/1548 3025/4194/1529 4536/4193/1519 3058/4204/1550
f 922/4203/1548 3058/4204/1550 4547/4205/1551 3377/4206/1549
f 922/4203/1548 3377/4206/1549 4535/3805/1159 3025/4194/1529
f 923/4207/1542 3032/4196/1527 4543/4159/1515 3059/4208/3484
f 923/4207/1542 3059/4208/3484 4554/4209/1545 3053/4210/1546
f 923/4207/1542 3053/4210/1546 4553/4211/1547 3060/4212/3485
f 923/4207/1542 3060/4212/3485 4542/4179/1495 3032/4196/1527
f 924/4213/1536 3029/4198/1525 4540/4165/1511 3061/4214/1538
f 924/4213/1536 3061/4214/1538 4551/4215/1539 3050/4216/3486
f 924/4213/1536 3050/4216/3486 4550/4217/1541 3062/4218/3487
f 924/4213/1536 3062/4218/3487 4539/4185/3479 3029/4198/1525
f 925/4219/1532 3376/4200/1522 4558/3814/1148 3057/4220/1534
f 925/4219/1532 3057/4220/1534 4557/4221/1535 3063/4222/1533
f 925/4219/1532 3063/4222/1533 4546/4189/1523 3376/4200/1522
f 926/4223/3488 3026/4202/3483 4537/4171/1507 3064/4224/1569
f 926/4223/3488 3064/4224/1569 4548/4225/1571 3047/4226/3489
f 926/4223/3488 3047/4226/3489 4547/4205/1551 3058/4204/1550
f 926/4223/3488 3058/4204/1550 4536/4193/1519 3026/4202/3483
f 927/4227/1574 3033/4158/1514 4544/4157/1503 3065/4228/1565
f 927/4227/1574 3065/4228/1565 4555/4229/1567 3054/4230/1575
f 927/4227/1574 3054/4230/1575 4554/4209/1545 3059/4208/3484
f 927/4227/1574 3059/4208/3484 4543/4159/1515 3033/4158/1514
f 928/4231/1572 3030/4164/1510 4541/4163/1497 3066/4232/1561
f 928/4231/1572 3066/4232/1561 4552/4233/1563 3051/4234/1573
f 928/4231/1572 3051/4234/1573 4551/4215/1539 3061/4214/1538
f 928/4231/1572 3061/4214/1538 4540/4165/1511 3030/4164/1510
f 929/4235/1568 3027/4170/1506 4538/4169/1491 3067/4236/1557
f 929/4235/1568 3067/4236/1557 4549/4237/1559 3048/4238/1570
f 929/4235/1568 3048/4238/1570 4548/4225/1571 3064/4224/1569
f 929/4235/1568 3064/4224/1569 4537/4171/1507 3027/4170/1506
f 930/4239/1564 3034/4176/1502 4545/4175/1501 3068/4240/1553
f 930/4239/1564 3068/4240/1553 4556/4241/1555 3055/4242/1566
f 930/4239/1564 3055/4242/1566 4555/4229/1567 3065/4228/1565
f 930/4239/1564 3065/4228/1565 4544/4157/1503 3034/4176/1502
f 931/4243/1560 3031/4180/1496 4542/4179/1495 3060/4212/3485
f 931/4243/1560 3060/4212/3485 4553/4211/1547 3052/4244/1562
f 931/4243/1560 3052/4244/1562 4552/4245/1563 3066/4246/1561
f 931/4243/1560 3066/4246/1561 4541/4181/1497 3031/4180/1496
f 932/4247/1556 3028/4186/1490 4539/4185/3479 3062/4218/3487
f 932/4247/1556 3062/4218/3487 4550/4217/1541 3049/4248/1558
f 932/4247/1556 3049/4248/1558 4549/4237/1559 3067/4236/1557
f 932/4247/1556 3067/4236/1557 4538/4169/1491 3028/4186/1490
f 933/4249/1552 3035/4190/3481 4546/4189/1523 3063/4222/1533
f 933/4249/1552 3063/4222/1533 4557/4221/1535 3056/4250/1554
f 933/4249/1552 3056/4250/1554 4556/4241/1555 3068/4240/1553
f 933/4249/1552 3068/4240/1553 4545/4175/1501 3035/4190/3481
f 934/4251/1622 3055/4242/1566 4556/4241/1555 3079/4252/1615
f 934/4251/1622 3079/4252/1615 4568/4253/1617 3077/4254/1623
f 934/4251/1622 3077/4254/1623 4567/4255/1593 3080/4256/1592
f 934/4251/1622 3080/4256/1592 4555/4229/1567 3055/4242/1566
f 935/4257/1620 3052/4244/1562 4553/4211/1547 3081/4258/1609
f 935/4257/1620 3081/4258/1609 4565/4259/1611 3074/4260/1621
f 935/4257/1620 3074/4260/1621 4564/4261/1587 3082/4262/1586
f 935/4257/1620 3082/4262/1586 4552/4245/1563 3052/4244/1562
f 936/4263/1618 3049/4248/1558 4550/4217/1541 3083/4264/1605
f 936/4263/1618 3083/4264/1605 4562/4265/1607 3071/4266/1619
f 936/4263/1618 3071/4266/1619 4561/4267/1581 3084/4268/1580
f 936/4263/1618 3084/4268/1580 4549/4237/1559 3049/4248/1558
f 937/4269/1614 3056/4250/1554 4557/4221/1535 3085/4270/1601
f 937/4269/1614 3085/4270/1601 4569/4271/1603 3078/4272/1616
f 937/4269/1614 3078/4272/1616 4568/4253/1617 3079/4252/1615
f 937/4269/1614 3079/4252/1615 4556/4241/1555 3056/4250/1554
f 938/4273/1612 3377/4206/1549 4547/4205/1551 3086/4274/1597
f 938/4273/1612 3086/4274/1597 4559/4275/1599 3378/4276/1613
f 938/4273/1612 3378/4276/1613 4535/3805/1159 3377/4206/1549
f 939/4277/1608 3053/4210/1546 4554/4209/1545 3087/4278/1591
f 939/4277/1608 3087/4278/1591 4566/4279/1595 3075/4280/1610
f 939/4277/1608 3075/4280/1610 4565/4259/1611 3081/4258/1609
f 939/4277/1608 3081/4258/1609 4553/4211/1547 3053/4210/1546
f 940/4281/1604 3050/4216/3486 4551/4215/1539 3088/4282/1585
f 940/4281/1604 3088/4282/1585 4563/4283/1589 3072/4284/3490
f 940/4281/1604 3072/4284/3490 4562/4265/1607 3083/4264/1605
f 940/4281/1604 3083/4264/1605 4550/4217/1541 3050/4216/3486
f 941/4285/1600 3057/4220/1534 4558/3814/1148 3379/4286/1602
f 941/4285/1600 3379/4286/1602 4569/4271/1603 3085/4270/1601
f 941/4285/1600 3085/4270/1601 4557/4221/1535 3057/4220/1534
f 942/4287/1596 3047/4226/3489 4548/4225/1571 3089/4288/1579
f 942/4287/1596 3089/4288/1579 4560/4289/1583 3069/4290/3491
f 942/4287/1596 3069/4290/3491 4559/4275/1599 3086/4274/1597
f 942/4287/1596 3086/4274/1597 4547/4205/1551 3047/4226/3489
f 943/4291/1590 3054/4230/1575 4555/4229/1567 3080/4256/1592
f 943/4291/1590 3080/4256/1592 4567/4255/1593 3076/4292/1594
f 943/4291/1590 3076/4292/1594 4566/4279/1595 3087/4278/1591
f 943/4291/1590 3087/4278/1591 4554/4209/1545 3054/4230/1575
f 944/4293/1584 3051/4234/1573 4552/4233/1563 3082/4294/1586
f 944/4293/1584 3082/4294/1586 4564/4295/1587 3073/4296/1588
f 944/4293/1584 3073/4296/1588 4563/4283/1589 3088/4282/1585
f 944/4293/1584 3088/4282/1585 4551/4215/1539 3051/4234/1573
f 945/4297/1578 3048/4238/1570 4549/4237/1559 3084/4268/1580
f 945/4297/1578 3084/4268/1580 4561/4267/1581 3070/4298/1582
f 945/4297/1578 3070/4298/1582 4560/4289/1583 3089/4288/1579
f 945/4297/1578 3089/4288/1579 4548/4225/1571 3048/4238/1570
f 946/4299/1658 3069/4290/3491 4560/4289/1583 3100/4300/1647
f 946/4299/1658 3100/4300/1647 4571/4301/1649 3090/4302/1660
f 946/4299/1658 3090/4302/1660 4570/4303/1661 3101/4304/1659
f 946/4299/1658 3101/4304/1659 4559/4275/1599 3069/4290/3491
f 947/4305/1654 3076/4292/1594 4567/4255/1593 3102/4306/1643
f 947/4305/1654 3102/4306/1643 4578/4307/1645 3097/4308/1656
f 947/4305/1654 3097/4308/1656 4577/4309/1657 3103/4310/1655
f 947/4305/1654 3103/4310/1655 4566/4279/1595 3076/4292/1594
f 948/4311/1650 3073/4296/1588 4564/4295/1587 3104/4312/1637
f 948/4311/1650 3104/4312/1637 4575/4313/1641 3094/4314/1652
f 948/4311/1650 3094/4314/1652 4574/4315/1653 3105/4316/1651
f 948/4311/1650 3105/4316/1651 4563/4283/1589 3073/4296/1588
f 949/4317/1646 3070/4298/1582 4561/4267/1581 3106/4318/1631
f 949/4317/1646 3106/4318/1631 4572/4319/1635 3091/4320/1648
f 949/4317/1646 3091/4320/1648 4571/4301/1649 3100/4300/1647
f 949/4317/1646 3100/4300/1647 4560/4289/1583 3070/4298/1582
f 950/4321/1642 3077/4254/1623 4568/4253/1617 3107/4322/1625
f 950/4321/1642 3107/4322/1625 4579/4323/1629 3098/4324/1644
f 950/4321/1642 3098/4324/1644 4578/4307/1645 3102/4306/1643
f 950/4321/1642 3102/4306/1643 4567/4255/1593 3077/4254/1623
f 951/4325/1636 3074/4260/1621 4565/4259/1611 3108/4326/1638
f 951/4325/1636 3108/4326/1638 4576/4327/1639 3095/4328/1640
f 951/4325/1636 3095/4328/1640 4575/4329/1641 3104/4330/1637
f 951/4325/1636 3104/4330/1637 4564/4261/1587 3074/4260/1621
f 952/4331/1630 3071/4266/1619 4562/4265/1607 3109/4332/1632
f 952/4331/1630 3109/4332/1632 4573/4333/1633 3092/4334/1634
f 952/4331/1630 3092/4334/1634 4572/4319/1635 3106/4318/1631
f 952/4331/1630 3106/4318/1631 4561/4267/1581 3071/4266/1619
f 953/4335/1624 3078/4272/1616 4569/4271/1603 3110/4336/1626
f 953/4335/1624 3110/4336/1626 4580/4337/1627 3099/4338/1628
f 953/4335/1624 3099/4338/1628 4579/4323/1629 3107/4322/1625
f 953/4335/1624 3107/4322/1625 4568/4253/1617 3078/4272/1616
f 954/4339/1668 3378/4276/1613 4559/4275/1599 3101/4304/1659
f 954/4339/1668 3101/4304/1659 4570/4303/1661 3380/4340/3492
f 954/4339/1668 3380/4340/3492 4535/3805/1159 3378/4276/1613
f 955/4341/1666 3075/4280/1610 4566/4279/1595 3103/4310/1655
f 955/4341/1666 3103/4310/1655 4577/4309/1657 3096/4342/1667
f 955/4341/1666 3096/4342/1667 4576/4327/1639 3108/4326/1638
f 955/4341/1666 3108/4326/1638 4565/4259/1611 3075/4280/1610
f 956/4343/1664 3072/4284/3490 4563/4283/1589 3105/4316/1651
f 956/4343/1664 3105/4316/1651 4574/4315/1653 3093/4344/1665
f 956/4343/1664 3093/4344/1665 4573/4333/1633 3109/4332/1632
f 956/4343/1664 3109/4332/1632 4562/4265/1607 3072/4284/3490
f 957/4345/1662 3379/4286/1602 4558/3814/1148 3381/4346/3493
f 957/4345/1662 3381/4346/3493 4580/4337/1627 3110/4336/1626
f 957/4345/1662 3110/4336/1626 4569/4271/1603 3379/4286/1602
f 958/4347/1694 3099/4338/1628 4580/4337/1627 3121/4348/1677
f 958/4347/1694 3121/4348/1677 4591/4349/1679 3120/4350/1696
f 958/4347/1694 3120/4350/1696 4590/4351/1697 3122/4352/1695
f 958/4347/1694 3122/4352/1695 4579/4323/1629 3099/4338/1628
f 959/4353/1692 3380/4340/3492 4570/4303/1661 3123/4354/1671
f 959/4353/1692 3123/4354/1671 4581/4355/1675 3382/4356/1693
f 959/4353/1692 3382/4356/1693 4535/3805/1159 3380/4340/3492
f 960/4357/1686 3096/4342/1667 4577/4309/1657 3124/4358/1688
f 960/4357/1686 3124/4358/1688 4588/4359/1689 3117/4360/1690
f 960/4357/1686 3117/4360/1690 4587/4361/1691 3125/4362/1687
f 960/4357/1686 3125/4362/1687 4576/4327/1639 3096/4342/1667
f 961/4363/1680 3093/4344/1665 4574/4315/1653 3126/4364/1682
f 961/4363/1680 3126/4364/1682 4585/4365/1683 3114/4366/1684
f 961/4363/1680 3114/4366/1684 4584/4367/1685 3127/4368/3494
f 961/4363/1680 3127/4368/3494 4573/4333/1633 3093/4344/1665
f 962/4369/1676 3381/4346/3493 4558/3814/1148 3383/4370/1678
f 962/4369/1676 3383/4370/1678 4591/4349/1679 3121/4348/1677
f 962/4369/1676 3121/4348/1677 4580/4337/1627 3381/4346/3493
f 963/4371/1670 3090/4302/1660 4571/4301/1649 3128/4372/1672
f 963/4371/1670 3128/4372/1672 4582/4373/1673 3111/4374/1674
f 963/4371/1670 3111/4374/1674 4581/4355/1675 3123/4354/1671
f 963/4371/1670 3123/4354/1671 4570/4303/1661 3090/4302/1660
f 964/4375/1714 3097/4308/1656 4578/4307/1645 3129/4376/3495
f 964/4375/1714 3129/4376/3495 4589/4377/1709 3118/4378/1715
f 964/4375/1714 3118/4378/1715 4588/4359/1689 3124/4358/1688
f 964/4375/1714 3124/4358/1688 4577/4309/1657 3097/4308/1656
f 965/4379/1712 3094/4314/1652 4575/4313/1641 3130/4380/1703
f 965/4379/1712 3130/4380/1703 4586/4381/1705 3115/4382/1713
f 965/4379/1712 3115/4382/1713 4585/4365/1683 3126/4364/1682
f 965/4379/1712 3126/4364/1682 4574/4315/1653 3094/4314/1652
f 966/4383/1710 3091/4320/1648 4572/4319/1635 3131/4384/3496
f 966/4383/1710 3131/4384/3496 4583/4385/1701 3112/4386/1711
f 966/4383/1710 3112/4386/1711 4582/4373/1673 3128/4372/1672
f 966/4383/1710 3128/4372/1672 4571/4301/1649 3091/4320/1648
f 967/4387/1706 3098/4324/1644 4579/4323/1629 3122/4352/1695
f 967/4387/1706 3122/4352/1695 4590/4351/1697 3119/4388/1708
f 967/4387/1706 3119/4388/1708 4589/4377/1709 3129/4376/3495
f 967/4387/1706 3129/4376/3495 4578/4307/1645 3098/4324/1644
f 968/4389/1702 3095/4328/1640 4576/4327/1639 3125/4362/1687
f 968/4389/1702 3125/4362/1687 4587/4361/1691 3116/4390/1704
f 968/4389/1702 3116/4390/1704 4586/4391/1705 3130/4392/1703
f 968/4389/1702 3130/4392/1703 4575/4329/1641 3095/4328/1640
f 969/4393/1698 3092/4334/1634 4573/4333/1633 3127/4368/3494
f 969/4393/1698 3127/4368/3494 4584/4367/1685 3113/4394/1700
f 969/4393/1698 3113/4394/1700 4583/4385/1701 3131/4384/3496
f 969/4393/1698 3131/4384/3496 4572/4319/1635 3092/4334/1634
f 970/4395/1722 3112/4386/1711 4583/4385/1701 3142/4396/1724
f 970/4395/1722 3142/4396/1724 4594/4397/1725 3133/4398/1726
f 970/4395/1722 3133/4398/1726 4593/4399/1727 3143/4400/1723
f 970/4395/1722 3143/4400/1723 4582/4373/1673 3112/4386/1711
f 971/4401/1716 3119/4388/1708 4590/4351/1697 3144/4402/1718
f 971/4401/1716 3144/4402/1718 4601/4403/1719 3140/4404/1720
f 971/4401/1716 3140/4404/1720 4600/4405/1721 3145/4406/1717
f 971/4401/1716 3145/4406/1717 4589/4377/1709 3119/4388/1708
f 972/4407/1760 3116/4390/1704 4587/4361/1691 3146/4408/1751
f 972/4407/1760 3146/4408/1751 4598/4409/1753 3137/4410/1761
f 972/4407/1760 3137/4410/1761 4597/4411/1731 3147/4412/1730
f 972/4407/1760 3147/4412/1730 4586/4391/1705 3116/4390/1704
f 973/4413/1758 3113/4394/1700 4584/4367/1685 3148/4414/1747
f 973/4413/1758 3148/4414/1747 4595/4415/1749 3134/4416/1759
f 973/4413/1758 3134/4416/1759 4594/4397/1725 3142/4396/1724
f 973/4413/1758 3142/4396/1724 4583/4385/1701 3113/4394/1700
f 974/4417/1756 3120/4350/1696 4591/4349/1679 3149/4418/1743
f 974/4417/1756 3149/4418/1743 4602/4419/1745 3141/4420/3497
f 974/4417/1756 3141/4420/3497 4601/4403/1719 3144/4402/1718
f 974/4417/1756 3144/4402/1718 4590/4351/1697 3120/4350/1696
f 975/4421/1754 3382/4356/1693 4581/4355/1675 3150/4422/1739
f 975/4421/1754 3150/4422/1739 4592/4423/1741 3384/4424/1755
f 975/4421/1754 3384/4424/1755 4535/3805/1159 3382/4356/1693
f 976/4425/1750 3117/4360/1690 4588/4359/1689 3151/4426/1735
f 976/4425/1750 3151/4426/1735 4599/4427/1737 3138/4428/1752
f 976/4425/1750 3138/4428/1752 4598/4409/1753 3146/4408/1751
f 976/4425/1750 3146/4408/1751 4587/4361/1691 3117/4360/1690
f 977/4429/1746 3114/4366/1684 4585/4365/1683 3152/4430/1729
f 977/4429/1746 3152/4430/1729 4596/4431/1733 3135/4432/1748
f 977/4429/1746 3135/4432/1748 4595/4415/1749 3148/4414/1747
f 977/4429/1746 3148/4414/1747 4584/4367/1685 3114/4366/1684
f 978/4433/1742 3383/4370/1678 4558/3814/1148 3385/4434/1744
f 978/4433/1742 3385/4434/1744 4602/4419/1745 3149/4418/1743
f 978/4433/1742 3149/4418/1743 4591/4349/1679 3383/4370/1678
f 979/4435/1738 3111/4374/1674 4582/4373/1673 3143/4400/1723
f 979/4435/1738 3143/4400/1723 4593/4399/1727 3132/4436/3498
f 979/4435/1738 3132/4436/3498 4592/4423/1741 3150/4422/1739
f 979/4435/1738 3150/4422/1739 4581/4355/1675 3111/4374/1674
f 980/4437/1734 3118/4378/1715 4589/4377/1709 3145/4406/1717
f 980/4437/1734 3145/4406/1717 4600/4405/1721 3139/4438/1736
f 980/4437/1734 3139/4438/1736 4599/4427/1737 3151/4426/1735
f 980/4437/1734 3151/4426/1735 4588/4359/1689 3118/4378/1715
f 981/4439/1728 3115/4382/1713 4586/4381/1705 3147/4440/1730
f 981/4439/1728 3147/4440/1730 4597/4441/1731 3136/4442/1732
f 981/4439/1728 3136/4442/1732 4596/4431/1733 3152/4430/1729
f 981/4439/1728 3152/4430/1729 4585/4365/1683 3115/4382/1713
f 982/4443/1802 3385/4434/1744 4558/3814/1148 3387/4444/1803
f 982/4443/1802 3387/4444/1803 4613/4445/1769 3163/4446/1768
f 982/4443/1802 3163/4446/1768 4602/4419/1745 3385/4434/1744
f 983/4447/1800 3132/4436/3498 4593/4399/1727 3164/4448/1789
f 983/4447/1800 3164/4448/1789 4604/4449/1791 3153/4450/1801
f 983/4447/1800 3153/4450/1801 4603/4451/1765 3165/4452/1764
f 983/4447/1800 3165/4452/1764 4592/4423/1741 3132/4436/3498
f 984/4453/1796 3139/4438/1736 4600/4405/1721 3166/4454/1785
f 984/4453/1796 3166/4454/1785 4611/4455/1787 3160/4456/1798
f 984/4453/1796 3160/4456/1798 4610/4457/1799 3167/4458/1797
f 984/4453/1796 3167/4458/1797 4599/4427/1737 3139/4438/1736
f 985/4459/1792 3136/4442/1732 4597/4441/1731 3168/4460/1779
f 985/4459/1792 3168/4460/1779 4608/4461/1783 3157/4462/1794
f 985/4459/1792 3157/4462/1794 4607/4463/1795 3169/4464/1793
f 985/4459/1792 3169/4464/1793 4596/4431/1733 3136/4442/1732
f 986/4465/1788 3133/4398/1726 4594/4397/1725 3170/4466/1773
f 986/4465/1788 3170/4466/1773 4605/4467/1777 3154/4468/1790
f 986/4465/1788 3154/4468/1790 4604/4449/1791 3164/4448/1789
f 986/4465/1788 3164/4448/1789 4593/4399/1727 3133/4398/1726
f 987/4469/1784 3140/4404/1720 4601/4403/1719 3171/4470/3499
f 987/4469/1784 3171/4470/3499 4612/4471/1771 3161/4472/1786
f 987/4469/1784 3161/4472/1786 4611/4455/1787 3166/4454/1785
f 987/4469/1784 3166/4454/1785 4600/4405/1721 3140/4404/1720
f 988/4473/1778 3137/4410/1761 4598/4409/1753 3172/4474/1780
f 988/4473/1778 3172/4474/1780 4609/4475/1781 3158/4476/1782
f 988/4473/1778 3158/4476/1782 4608/4477/1783 3168/4478/1779
f 988/4473/1778 3168/4478/1779 4597/4411/1731 3137/4410/1761
f 989/4479/1772 3134/4416/1759 4595/4415/1749 3173/4480/1774
f 989/4479/1772 3173/4480/1774 4606/4481/1775 3155/4482/1776
f 989/4479/1772 3155/4482/1776 4605/4467/1777 3170/4466/1773
f 989/4479/1772 3170/4466/1773 4594/4397/1725 3134/4416/1759
f 990/4483/1766 3141/4420/3497 4602/4419/1745 3163/4446/1768
f 990/4483/1766 3163/4446/1768 4613/4445/1769 3162/4484/1770
f 990/4483/1766 3162/4484/1770 4612/4471/1771 3171/4470/3499
f 990/4483/1766 3171/4470/3499 4601/4403/1719 3141/4420/3497
f 991/4485/1762 3384/4424/1755 4592/4423/1741 3165/4452/1764
f 991/4485/1762 3165/4452/1764 4603/4451/1765 3386/4486/1763
f 991/4485/1762 3386/4486/1763 4535/3805/1159 3384/4424/1755
f 992/4487/1806 3138/4428/1752 4599/4427/1737 3167/4458/1797
f 992/4487/1806 3167/4458/1797 4610/4457/1799 3159/4488/1807
f 992/4487/1806 3159/4488/1807 4609/4475/1781 3172/4474/1780
f 992/4487/1806 3172/4474/1780 4598/4409/1753 3138/4428/1752
f 993/4489/3500 3135/4432/1748 4596/4431/1733 3169/4464/1793
f 993/4489/3500 3169/4464/1793 4607/4463/1795 3156/4490/3501
f 993/4489/3500 3156/4490/3501 4606/4481/1775 3173/4480/1774
f 993/4489/3500 3173/4480/1774 4595/4415/1749 3135/4432/1748
f 994/4491/1840 3155/4482/1776 4606/4481/1775 3184/4492/1825
f 994/4491/1840 3184/4492/1825 4617/4493/3502 3176/4494/1842
f 994/4491/1840 3176/4494/1842 4616/4495/1843 3185/4496/1841
f 994/4491/1840 3185/4496/1841 4605/4467/1777 3155/4482/1776
f 995/4497/3503 3162/4484/1770 4613/4445/1769 3186/4498/1821
f 995/4497/3503 3186/4498/1821 4624/4499/1823 3183/4500/1838
f 995/4497/3503 3183/4500/1838 4623/4501/1839 3187/4502/1837
f 995/4497/3503 3187/4502/1837 4612/4471/1771 3162/4484/1770
f 996/4503/1834 3386/4486/1763 4603/4451/1765 3188/4504/1815
f 996/4503/1834 3188/4504/1815 4614/4505/1819 3388/4506/1835
f 996/4503/1834 3388/4506/1835 4535/3805/1159 3386/4486/1763
f 997/4507/1830 3159/4488/1807 4610/4457/1799 3189/4508/1809
f 997/4507/1830 3189/4508/1809 4621/4509/3504 3180/4510/1832
f 997/4507/1830 3180/4510/1832 4620/4511/1833 3190/4512/1831
f 997/4507/1830 3190/4512/1831 4609/4475/1781 3159/4488/1807
f 998/4513/1824 3156/4490/3501 4607/4463/1795 3191/4514/1826
f 998/4513/1824 3191/4514/1826 4618/4515/1827 3177/4516/1828
f 998/4513/1824 3177/4516/1828 4617/4493/3502 3184/4492/1825
f 998/4513/1824 3184/4492/1825 4606/4481/1775 3156/4490/3501
f 999/4517/1820 3387/4444/1803 4558/3814/1148 3389/4518/1822
f 999/4517/1820 3389/4518/1822 4624/4499/1823 3186/4498/1821
f 999/4517/1820 3186/4498/1821 4613/4445/1769 3387/4444/1803
f 1000/4519/1814 3153/4450/1801 4604/4449/1791 3192/4520/3505
f 1000/4519/1814 3192/4520/3505 4615/4521/1817 3174/4522/1818
f 1000/4519/1814 3174/4522/1818 4614/4505/1819 3188/4504/1815
f 1000/4519/1814 3188/4504/1815 4603/4451/1765 3153/4450/1801
f 1001/4523/1808 3160/4456/1798 4611/4455/1787 3193/4524/1810
f 1001/4523/1808 3193/4524/1810 4622/4525/1811 3181/4526/1812
f 1001/4523/1808 3181/4526/1812 4621/4509/3504 3189/4508/1809
f 1001/4523/1808 3189/4508/1809 4610/4457/1799 3160/4456/1798
f 1002/4527/1852 3157/4462/1794 4608/4461/1783 3194/4528/1845
f 1002/4527/1852 3194/4528/1845 4619/4529/1847 3178/4530/1853
f 1002/4527/1852 3178/4530/1853 4618/4515/1827 3191/4514/1826
f 1002/4527/1852 3191/4514/1826 4607/4463/1795 3157/4462/1794
f 1003/4531/1850 3154/4468/1790 4605/4467/1777 3185/4496/1841
f 1003/4531/1850 3185/4496/1841 4616/4495/1843 3175/4532/1851
f 1003/4531/1850 3175/4532/1851 4615/4521/1817 3192/4520/3505
f 1003/4531/1850 3192/4520/3505 4604/4449/1791 3154/4468/1790
f 1004/4533/1848 3161/4472/1786 4612/4471/1771 3187/4502/1837
f 1004/4533/1848 3187/4502/1837 4623/4501/1839 3182/4534/1849
f 1004/4533/1848 3182/4534/1849 4622/4525/1811 3193/4524/1810
f 1004/4533/1848 3193/4524/1810 4611/4455/1787 3161/4472/1786
f 1005/4535/1844 3158/4476/1782 4609/4475/1781 3190/4512/1831
f 1005/4535/1844 3190/4512/1831 4620/4511/1833 3179/4536/1846
f 1005/4535/1844 3179/4536/1846 4619/4537/1847 3194/4538/1845
f 1005/4535/1844 3194/4538/1845 4608/4477/1783 3158/4476/1782
f 1006/4539/1860 3175/4532/1851 4616/4495/1843 3205/4540/3506
f 1006/4539/1860 3205/4540/3506 4627/4541/1863 3196/4542/1864
f 1006/4539/1860 3196/4542/1864 4626/4543/3507 3206/4544/1861
f 1006/4539/1860 3206/4544/1861 4615/4521/1817 3175/4532/1851
f 1007/4545/1854 3182/4534/1849 4623/4501/1839 3207/4546/1856
f 1007/4545/1854 3207/4546/1856 4634/4547/3508 3203/4548/1858
f 1007/4545/1854 3203/4548/1858 4633/4549/1859 3208/4550/3509
f 1007/4545/1854 3208/4550/3509 4622/4525/1811 3182/4534/1849
f 1008/4551/1898 3179/4536/1846 4620/4511/1833 3209/4552/1889
f 1008/4551/1898 3209/4552/1889 4631/4553/1891 3200/4554/1899
f 1008/4551/1898 3200/4554/1899 4630/4555/1869 3210/4556/1868
f 1008/4551/1898 3210/4556/1868 4619/4537/1847 3179/4536/1846
f 1009/4557/1896 3176/4494/1842 4617/4493/3502 3211/4558/1885
f 1009/4557/1896 3211/4558/1885 4628/4559/3510 3197/4560/3511
f 1009/4557/1896 3197/4560/3511 4627/4541/1863 3205/4540/3506
f 1009/4557/1896 3205/4540/3506 4616/4495/1843 3176/4494/1842
f 1010/4561/1894 3183/4500/1838 4624/4499/1823 3212/4562/3512
f 1010/4561/1894 3212/4562/3512 4635/4563/1883 3204/4564/1895
f 1010/4561/1894 3204/4564/1895 4634/4547/3508 3207/4546/1856
f 1010/4561/1894 3207/4546/1856 4623/4501/1839 3183/4500/1838
f 1011/4565/1892 3388/4506/1835 4614/4505/1819 3213/4566/3513
f 1011/4565/1892 3213/4566/3513 4625/4567/1879 3390/4568/1893
f 1011/4565/1892 3390/4568/1893 4535/3805/1159 3388/4506/1835
f 1012/4569/1888 3180/4510/1832 4621/4509/3504 3214/4570/1873
f 1012/4569/1888 3214/4570/1873 4632/4571/3514 3201/4572/3515
f 1012/4569/1888 3201/4572/3515 4631/4553/1891 3209/4552/1889
f 1012/4569/1888 3209/4552/1889 4620/4511/1833 3180/4510/1832
f 1013/4573/1884 3177/4516/1828 4618/4515/1827 3215/4574/1867
f 1013/4573/1884 3215/4574/1867 4629/4575/1871 3198/4576/3516
f 1013/4573/1884 3198/4576/3516 4628/4559/3510 3211/4558/1885
f 1013/4573/1884 3211/4558/1885 4617/4493/3502 3177/4516/1828
f 1014/4577/1880 3389/4518/1822 4558/3814/1148 3391/4578/1882
f 1014/4577/1880 3391/4578/1882 4635/4563/1883 3212/4562/3512
f 1014/4577/1880 3212/4562/3512 4624/4499/1823 3389/4518/1822
f 1015/4579/1876 3174/4522/1818 4615/4521/1817 3206/4544/1861
f 1015/4579/1876 3206/4544/1861 4626/4543/3507 3195/4580/3517
f 1015/4579/1876 3195/4580/3517 4625/4567/1879 3213/4566/3513
f 1015/4579/1876 3213/4566/3513 4614/4505/1819 3174/4522/1818
f 1016/4581/1872 3181/4526/1812 4622/4525/1811 3208/4550/3509
f 1016/4581/1872 3208/4550/3509 4633/4549/1859 3202/4582/3518
f 1016/4581/1872 3202/4582/3518 4632/4571/3514 3214/4570/1873
f 1016/4581/1872 3214/4570/1873 4621/4509/3504 3181/4526/1812
f 1017/4583/1866 3178/4530/1853 4619/4529/1847 3210/4584/1868
f 1017/4583/1866 3210/4584/1868 4630/4585/1869 3199/4586/1870
f 1017/4583/1866 3199/4586/1870 4629/4575/1871 3215/4574/1867
f 1017/4583/1866 3215/4574/1867 4618/4515/1827 3178/4530/1853
f 1018/4587/3519 3198/4576/3516 4629/4575/1871 3226/4588/1935
f 1018/4587/3519 3226/4588/1935 4640/4589/1937 3219/4590/3520
f 1018/4587/3519 3219/4590/3520 4639/4591/1919 3227/4592/3521
f 1018/4587/3519 3227/4592/3521 4628/4559/3510 3198/4576/3516
f 1019/4593/1942 3391/4578/1882 4558/3814/1148 3393/4594/1943
f 1019/4593/1942 3393/4594/1943 4646/4595/1913 3228/4596/1912
f 1019/4593/1942 3228/4596/1912 4635/4563/1883 3391/4578/1882
f 1020/4597/1940 3195/4580/3517 4626/4543/3507 3229/4598/3522
f 1020/4597/1940 3229/4598/3522 4637/4599/1933 3216/4600/1941
f 1020/4597/1940 3216/4600/1941 4636/4601/1909 3230/4602/1908
f 1020/4597/1940 3230/4602/1908 4625/4567/1879 3195/4580/3517
f 1021/4603/1938 3202/4582/3518 4633/4549/1859 3231/4604/1927
f 1021/4603/1938 3231/4604/1927 4644/4605/1929 3223/4606/1939
f 1021/4603/1938 3223/4606/1939 4643/4607/1903 3232/4608/1902
f 1021/4603/1938 3232/4608/1902 4632/4571/3514 3202/4582/3518
f 1022/4609/1934 3199/4586/1870 4630/4585/1869 3233/4610/1923
f 1022/4609/1934 3233/4610/1923 4641/4611/1925 3220/4612/1936
f 1022/4609/1934 3220/4612/1936 4640/4589/1937 3226/4588/1935
f 1022/4609/1934 3226/4588/1935 4629/4575/1871 3199/4586/1870
f 1023/4613/1930 3196/4542/1864 4627/4541/1863 3234/4614/1917
f 1023/4613/1930 3234/4614/1917 4638/4615/1921 3217/4616/1932
f 1023/4613/1930 3217/4616/1932 4637/4599/1933 3229/4598/3522
f 1023/4613/1930 3229/4598/3522 4626/4543/3507 3196/4542/1864
f 1024/4617/1926 3203/4548/1858 4634/4547/3508 3235/4618/3523
f 1024/4617/1926 3235/4618/3523 4645/4619/1915 3224/4620/1928
f 1024/4617/1926 3224/4620/1928 4644/4605/1929 3231/4604/1927
f 1024/4617/1926 3231/4604/1927 4633/4549/1859 3203/4548/1858
f 1025/4621/1922 3200/4554/1899 4631/4553/1891 3236/4622/1901
f 1025/4621/1922 3236/4622/1901 4642/4623/1905 3221/4624/1924
f 1025/4621/1922 3221/4624/1924 4641/4625/1925 3233/4626/1923
f 1025/4621/1922 3233/4626/1923 4630/4555/1869 3200/4554/1899
f 1026/4627/1916 3197/4560/3511 4628/4559/3510 3227/4592/3521
f 1026/4627/1916 3227/4592/3521 4639/4591/1919 3218/4628/1920
f 1026/4627/1916 3218/4628/1920 4638/4615/1921 3234/4614/1917
f 1026/4627/1916 3234/4614/1917 4627/4541/1863 3197/4560/3511
f 1027/4629/1910 3204/4564/1895 4635/4563/1883 3228/4596/1912
f 1027/4629/1910 3228/4596/1912 4646/4595/1913 3225/4630/1914
f 1027/4629/1910 3225/4630/1914 4645/4619/1915 3235/4618/3523
f 1027/4629/1910 3235/4618/3523 4634/4547/3508 3204/4564/1895
f 1028/4631/1906 3390/4568/1893 4625/4567/1879 3230/4602/1908
f 1028/4631/1906 3230/4602/1908 4636/4601/1909 3392/4632/1907
f 1028/4631/1906 3392/4632/1907 4535/3805/1159 3390/4568/1893
f 1029/4633/3524 3201/4572/3515 4632/4571/3514 3232/4608/1902
f 1029/4633/3524 3232/4608/1902 4643/4607/1903 3222/4634/1904
f 1029/4633/3524 3222/4634/1904 4642/4623/1905 3236/4622/1901
f 1029/4633/3524 3236/4622/1901 4631/4553/1891 3201/4572/3515
f 1030/4635/1978 3218/4628/1920 4639/4591/1919 3247/4636/1963
f 1030/4635/1978 3247/4636/1963 4650/4637/3525 3239/4638/3526
f 1030/4635/1978 3239/4638/3526 4649/4639/1981 3248/4640/1979
f 1030/4635/1978 3248/4640/1979 4638/4615/1921 3218/4628/1920
f 1031/4641/1974 3225/4630/1914 4646/4595/1913 3249/4642/1959
f 1031/4641/1974 3249/4642/1959 4657/4643/1961 3246/4644/1976
f 1031/4641/1974 3246/4644/1976 4656/4645/1977 3250/4646/3527
f 1031/4641/1974 3250/4646/3527 4645/4619/1915 3225/4630/1914
f 1032/4647/1972 3392/4632/1907 4636/4601/1909 3251/4648/1953
f 1032/4647/1972 3251/4648/1953 4647/4649/1957 3394/4650/1973
f 1032/4647/1972 3394/4650/1973 4535/3805/1159 3392/4632/1907
f 1033/4651/1968 3222/4634/1904 4643/4607/1903 3252/4652/1947
f 1033/4651/1968 3252/4652/1947 4654/4653/1951 3243/4654/1970
f 1033/4651/1968 3243/4654/1970 4653/4655/1971 3253/4656/1969
f 1033/4651/1968 3253/4656/1969 4642/4623/1905 3222/4634/1904
f 1034/4657/1962 3219/4590/3520 4640/4589/1937 3254/4658/1964
f 1034/4657/1962 3254/4658/1964 4651/4659/1965 3240/4660/3528
f 1034/4657/1962 3240/4660/3528 4650/4637/3525 3247/4636/1963
f 1034/4657/1962 3247/4636/1963 4639/4591/1919 3219/4590/3520
f 1035/4661/1958 3393/4594/1943 4558/3814/1148 3395/4662/1960
f 1035/4661/1958 3395/4662/1960 4657/4643/1961 3249/4642/1959
f 1035/4661/1958 3249/4642/1959 4646/4595/1913 3393/4594/1943
f 1036/4663/1952 3216/4600/1941 4637/4599/1933 3255/4664/3529
f 1036/4663/1952 3255/4664/3529 4648/4665/3530 3237/4666/1956
f 1036/4663/1952 3237/4666/1956 4647/4649/1957 3251/4648/1953
f 1036/4663/1952 3251/4648/1953 4636/4601/1909 3216/4600/1941
f 1037/4667/1946 3223/4606/1939 4644/4605/1929 3256/4668/1948
f 1037/4667/1946 3256/4668/1948 4655/4669/1949 3244/4670/3531
f 1037/4667/1946 3244/4670/3531 4654/4653/1951 3252/4652/1947
f 1037/4667/1946 3252/4652/1947 4643/4607/1903 3223/4606/1939
f 1038/4671/1990 3220/4612/1936 4641/4611/1925 3257/4672/1983
f 1038/4671/1990 3257/4672/1983 4652/4673/1985 3241/4674/1991
f 1038/4671/1990 3241/4674/1991 4651/4659/1965 3254/4658/1964
f 1038/4671/1990 3254/4658/1964 4640/4589/1937 3220/4612/1936
f 1039/4675/1988 3217/4616/1932 4638/4615/1921 3248/4640/1979
f 1039/4675/1988 3248/4640/1979 4649/4639/1981 3238/4676/1989
f 1039/4675/1988 3238/4676/1989 4648/4665/3530 3255/4664/3529
f 1039/4675/1988 3255/4664/3529 4637/4599/1933 3217/4616/1932
f 1040/4677/1986 3224/4620/1928 4645/4619/1915 3250/4646/3527
f 1040/4677/1986 3250/4646/3527 4656/4645/1977 3245/4678/1987
f 1040/4677/1986 3245/4678/1987 4655/4669/1949 3256/4668/1948
f 1040/4677/1986 3256/4668/1948 4644/4605/1929 3224/4620/1928
f 1041/4679/1982 3221/4624/1924 4642/4623/1905 3253/4656/1969
f 1041/4679/1982 3253/4656/1969 4653/4655/1971 3242/4680/1984
f 1041/4679/1982 3242/4680/1984 4652/4681/1985 3257/4682/1983
f 1041/4679/1982 3257/4682/1983 4641/4625/1925 3221/4624/1924
f 1042/4683/2010 3241/4674/1991 4652/4673/1985 3268/4684/1993
f 1042/4683/2010 3268/4684/1993 4663/4685/1997 3262/4686/2012
f 1042/4683/2010 3262/4686/2012 4662/4687/2013 3269/4688/2011
f 1042/4683/2010 3269/4688/2011 4651/4659/1965 3241/4674/1991
f 1043/4689/2004 3238/4676/1989 4649/4639/1981 3270/4690/3532
f 1043/4689/2004 3270/4690/3532 4660/4691/2007 3259/4692/2008
f 1043/4689/2004 3259/4692/2008 4659/4693/2009 3271/4694/2005
f 1043/4689/2004 3271/4694/2005 4648/4665/3530 3238/4676/1989
f 1044/4695/1998 3245/4678/1987 4656/4645/1977 3272/4696/2000
f 1044/4695/1998 3272/4696/2000 4667/4697/2001 3266/4698/2002
f 1044/4695/1998 3266/4698/2002 4666/4699/2003 3273/4700/1999
f 1044/4695/1998 3273/4700/1999 4655/4669/1949 3245/4678/1987
f 1045/4701/1992 3242/4680/1984 4653/4655/1971 3274/4702/1994
f 1045/4701/1992 3274/4702/1994 4664/4703/1995 3263/4704/1996
f 1045/4701/1992 3263/4704/1996 4663/4705/1997 3268/4706/1993
f 1045/4701/1992 3268/4706/1993 4652/4681/1985 3242/4680/1984
f 1046/4707/2036 3239/4638/3526 4650/4637/3525 3275/4708/2027
f 1046/4707/2036 3275/4708/2027 4661/4709/3533 3260/4710/2037
f 1046/4707/2036 3260/4710/2037 4660/4691/2007 3270/4690/3532
f 1046/4707/2036 3270/4690/3532 4649/4639/1981 3239/4638/3526
f 1047/4711/2034 3246/4644/1976 4657/4643/1961 3276/4712/2023
f 1047/4711/2034 3276/4712/2023 4668/4713/2025 3267/4714/2035
f 1047/4711/2034 3267/4714/2035 4667/4697/2001 3272/4696/2000
f 1047/4711/2034 3272/4696/2000 4656/4645/1977 3246/4644/1976
f 1048/4715/2032 3394/4650/1973 4647/4649/1957 3277/4716/2019
f 1048/4715/2032 3277/4716/2019 4658/4717/2021 3396/4718/2033
f 1048/4715/2032 3396/4718/2033 4535/3805/1159 3394/4650/1973
f 1049/4719/3534 3243/4654/1970 4654/4653/1951 3278/4720/2015
f 1049/4719/3534 3278/4720/2015 4665/4721/3535 3264/4722/2031
f 1049/4719/3534 3264/4722/2031 4664/4703/1995 3274/4702/1994
f 1049/4719/3534 3274/4702/1994 4653/4655/1971 3243/4654/1970
f 1050/4723/3536 3240/4660/3528 4651/4659/1965 3269/4688/2011
f 1050/4723/3536 3269/4688/2011 4662/4687/2013 3261/4724/2028
f 1050/4723/3536 3261/4724/2028 4661/4709/3533 3275/4708/2027
f 1050/4723/3536 3275/4708/2027 4650/4637/3525 3240/4660/3528
f 1051/4725/2022 3395/4662/1960 4558/3814/1148 3397/4726/2024
f 1051/4725/2022 3397/4726/2024 4668/4713/2025 3276/4712/2023
f 1051/4725/2022 3276/4712/2023 4657/4643/1961 3395/4662/1960
f 1052/4727/2018 3237/4666/1956 4648/4665/3530 3271/4694/2005
f 1052/4727/2018 3271/4694/2005 4659/4693/2009 3258/4728/2020
f 1052/4727/2018 3258/4728/2020 4658/4717/2021 3277/4716/2019
f 1052/4727/2018 3277/4716/2019 4647/4649/1957 3237/4666/1956
f 1053/4729/2014 3244/4670/3531 4655/4669/1949 3273/4700/1999
f 1053/4729/2014 3273/4700/1999 4666/4699/2003 3265/4730/2016
f 1053/4729/2014 3265/4730/2016 4665/4721/3535 3278/4720/2015
f 1053/4729/2014 3278/4720/2015 4654/4653/1951 3244/4670/3531
f 1054/4731/2082 3261/4724/2028 4662/4687/2013 3289/4732/2073
f 1054/4731/2082 3289/4732/2073 4673/4733/2075 3282/4734/2083
f 1054/4731/2082 3282/4734/2083 4672/4735/2057 3290/4736/3537
f 1054/4731/2082 3290/4736/3537 4661/4709/3533 3261/4724/2028
f 1055/4737/2080 3397/4726/2024 4558/3814/1148 3399/4738/2081
f 1055/4737/2080 3399/4738/2081 4679/4739/2051 3291/4740/2050
f 1055/4737/2080 3291/4740/2050 4668/4713/2025 3397/4726/2024
f 1056/4741/2078 3258/4728/2020 4659/4693/2009 3292/4742/2069
f 1056/4741/2078 3292/4742/2069 4670/4743/2071 3279/4744/3538
f 1056/4741/2078 3279/4744/3538 4669/4745/2047 3293/4746/2046
f 1056/4741/2078 3293/4746/2046 4658/4717/2021 3258/4728/2020
f 1057/4747/2076 3265/4730/2016 4666/4699/2003 3294/4748/2065
f 1057/4747/2076 3294/4748/2065 4677/4749/2067 3286/4750/2077
f 1057/4747/2076 3286/4750/2077 4676/4751/2041 3295/4752/2040
f 1057/4747/2076 3295/4752/2040 4665/4721/3535 3265/4730/2016
f 1058/4753/2072 3262/4686/2012 4663/4685/1997 3296/4754/2061
f 1058/4753/2072 3296/4754/2061 4674/4755/2063 3283/4756/2074
f 1058/4753/2072 3283/4756/2074 4673/4733/2075 3289/4732/2073
f 1058/4753/2072 3289/4732/2073 4662/4687/2013 3262/4686/2012
f 1059/4757/2068 3259/4692/2008 4660/4691/2007 3297/4758/2055
f 1059/4757/2068 3297/4758/2055 4671/4759/2059 3280/4760/2070
f 1059/4757/2068 3280/4760/2070 4670/4743/2071 3292/4742/2069
f 1059/4757/2068 3292/4742/2069 4659/4693/2009 3259/4692/2008
f 1060/4761/2064 3266/4698/2002 4667/4697/2001 3298/4762/3539
f 1060/4761/2064 3298/4762/3539 4678/4763/2053 3287/4764/2066
f 1060/4761/2064 3287/4764/2066 4677/4749/2067 3294/4748/2065
f 1060/4761/2064 3294/4748/2065 4666/4699/2003 3266/4698/2002
f 1061/4765/2060 3263/4704/1996 4664/4703/1995 3299/4766/3540
f 1061/4765/2060 3299/4766/3540 4675/4767/2043 3284/4768/2062
f 1061/4765/2060 3284/4768/2062 4674/4769/2063 3296/4770/2061
f 1061/4765/2060 3296/4770/2061 4663/4705/1997 3263/4704/1996
f 1062/4771/2054 3260/4710/2037 4661/4709/3533 3290/4736/3537
f 1062/4771/2054 3290/4736/3537 4672/4735/2057 3281/4772/2058
f 1062/4771/2054 3281/4772/2058 4671/4759/2059 3297/4758/2055
f 1062/4771/2054 3297/4758/2055 4660/4691/2007 3260/4710/2037
f 1063/4773/2048 3267/4714/2035 4668/4713/2025 3291/4740/2050
f 1063/4773/2048 3291/4740/2050 4679/4739/2051 3288/4774/2052
f 1063/4773/2048 3288/4774/2052 4678/4763/2053 3298/4762/3539
f 1063/4773/2048 3298/4762/3539 4667/4697/2001 3267/4714/2035
f 1064/4775/2044 3396/4718/2033 4658/4717/2021 3293/4746/2046
f 1064/4775/2044 3293/4746/2046 4669/4745/2047 3398/4776/2045
f 1064/4775/2044 3398/4776/2045 4535/3805/1159 3396/4718/2033
f 1065/4777/2038 3264/4722/2031 4665/4721/3535 3295/4752/2040
f 1065/4777/2038 3295/4752/2040 4676/4751/2041 3285/4778/2042
f 1065/4777/2038 3285/4778/2042 4675/4767/2043 3299/4766/3540
f 1065/4777/2038 3299/4766/3540 4664/4703/1995 3264/4722/2031
f 1066/4779/2124 3284/4768/2062 4675/4767/2043 3310/4780/3541
f 1066/4779/2124 3310/4780/3541 4686/4781/2113 3305/4782/2125
f 1066/4779/2124 3305/4782/2125 4685/4783/2087 3311/4784/2086
f 1066/4779/2124 3311/4784/2086 4674/4769/2063 3284/4768/2062
f 1067/4785/2120 3281/4772/2058 4672/4735/2057 3312/4786/2107
f 1067/4785/2120 3312/4786/2107 4683/4787/3542 3302/4788/2122
f 1067/4785/2120 3302/4788/2122 4682/4789/2123 3313/4790/2121
f 1067/4785/2120 3313/4790/2121 4671/4759/2059 3281/4772/2058
f 1068/4791/2116 3288/4774/2052 4679/4739/2051 3314/4792/2103
f 1068/4791/2116 3314/4792/2103 4690/4793/2105 3309/4794/2118
f 1068/4791/2116 3309/4794/2118 4689/4795/2119 3315/4796/3543
f 1068/4791/2116 3315/4796/3543 4678/4763/2053 3288/4774/2052
f 1069/4797/2114 3398/4776/2045 4669/4745/2047 3316/4798/2097
f 1069/4797/2114 3316/4798/2097 4680/4799/2101 3400/4800/2115
f 1069/4797/2114 3400/4800/2115 4535/3805/1159 3398/4776/2045
f 1070/4801/2110 3285/4778/2042 4676/4751/2041 3317/4802/2091
f 1070/4801/2110 3317/4802/2091 4687/4803/3544 3306/4804/2112
f 1070/4801/2110 3306/4804/2112 4686/4781/2113 3310/4780/3541
f 1070/4801/2110 3310/4780/3541 4675/4767/2043 3285/4778/2042
f 1071/4805/2106 3282/4734/2083 4673/4733/2075 3318/4806/3545
f 1071/4805/2106 3318/4806/3545 4684/4807/2089 3303/4808/2108
f 1071/4805/2106 3303/4808/2108 4683/4787/3542 3312/4786/2107
f 1071/4805/2106 3312/4786/2107 4672/4735/2057 3282/4734/2083
f 1072/4809/2102 3399/4738/2081 4558/3814/1148 3401/4810/2104
f 1072/4809/2102 3401/4810/2104 4690/4793/2105 3314/4792/2103
f 1072/4809/2102 3314/4792/2103 4679/4739/2051 3399/4738/2081
f 1073/4811/2096 3279/4744/3538 4670/4743/2071 3319/4812/3546
f 1073/4811/2096 3319/4812/3546 4681/4813/2099 3300/4814/2100
f 1073/4811/2096 3300/4814/2100 4680/4799/2101 3316/4798/2097
f 1073/4811/2096 3316/4798/2097 4669/4745/2047 3279/4744/3538
f 1074/4815/2090 3286/4750/2077 4677/4749/2067 3320/4816/2092
f 1074/4815/2090 3320/4816/2092 4688/4817/2093 3307/4818/2094
f 1074/4815/2090 3307/4818/2094 4687/4803/3544 3317/4802/2091
f 1074/4815/2090 3317/4802/2091 4676/4751/2041 3286/4750/2077
f 1075/4819/2084 3283/4756/2074 4674/4755/2063 3311/4820/2086
f 1075/4819/2084 3311/4820/2086 4685/4821/2087 3304/4822/2088
f 1075/4819/2084 3304/4822/2088 4684/4807/2089 3318/4806/3545
f 1075/4819/2084 3318/4806/3545 4673/4733/2075 3283/4756/2074
f 1076/4823/2128 3280/4760/2070 4671/4759/2059 3313/4790/2121
f 1076/4823/2128 3313/4790/2121 4682/4789/2123 3301/4824/2129
f 1076/4823/2128 3301/4824/2129 4681/4813/2099 3319/4812/3546
f 1076/4823/2128 3319/4812/3546 4670/4743/2071 3280/4760/2070
f 1077/4825/2126 3287/4764/2066 4678/4763/2053 3315/4796/3543
f 1077/4825/2126 3315/4796/3543 4689/4795/2119 3308/4826/2127
f 1077/4825/2126 3308/4826/2127 4688/4817/2093 3320/4816/2092
f 1077/4825/2126 3320/4816/2092 4677/4749/2067 3287/4764/2066
f 1078/4827/2148 3304/4822/2088 4685/4821/2087 3331/4828/2131
f 1078/4827/2148 3331/4828/2131 4696/4829/2135 3325/4830/2150
f 1078/4827/2148 3325/4830/2150 4695/4831/2151 3332/4832/2149
f 1078/4827/2148 3332/4832/2149 4684/4807/2089 3304/4822/2088
f 1079/4833/2142 3301/4824/2129 4682/4789/2123 3333/4834/2144
f 1079/4833/2142 3333/4834/2144 4693/4835/2145 3322/4836/2146
f 1079/4833/2142 3322/4836/2146 4692/4837/2147 3334/4838/2143
f 1079/4833/2142 3334/4838/2143 4681/4813/2099 3301/4824/2129
f 1080/4839/2136 3308/4826/2127 4689/4795/2119 3335/4840/2138
f 1080/4839/2136 3335/4840/2138 4700/4841/2139 3329/4842/2140
f 1080/4839/2136 3329/4842/2140 4699/4843/2141 3336/4844/2137
f 1080/4839/2136 3336/4844/2137 4688/4817/2093 3308/4826/2127
f 1081/4845/2130 3305/4782/2125 4686/4781/2113 3337/4846/2132
f 1081/4845/2130 3337/4846/2132 4697/4847/2133 3326/4848/2134
f 1081/4845/2130 3326/4848/2134 4696/4849/2135 3331/4850/2131
f 1081/4845/2130 3331/4850/2131 4685/4783/2087 3305/4782/2125
f 1082/4851/2174 3302/4788/2122 4683/4787/3542 3338/4852/2165
f 1082/4851/2174 3338/4852/2165 4694/4853/2167 3323/4854/2175
f 1082/4851/2174 3323/4854/2175 4693/4835/2145 3333/4834/2144
f 1082/4851/2174 3333/4834/2144 4682/4789/2123 3302/4788/2122
f 1083/4855/2172 3309/4794/2118 4690/4793/2105 3339/4856/2161
f 1083/4855/2172 3339/4856/2161 4701/4857/2163 3330/4858/2173
f 1083/4855/2172 3330/4858/2173 4700/4841/2139 3335/4840/2138
f 1083/4855/2172 3335/4840/2138 4689/4795/2119 3309/4794/2118
f 1084/4859/2170 3400/4800/2115 4680/4799/2101 3340/4860/2157
f 1084/4859/2170 3340/4860/2157 4691/4861/2159 3402/4862/2171
f 1084/4859/2170 3402/4862/2171 4535/3805/1159 3400/4800/2115
f 1085/4863/2168 3306/4804/2112 4687/4803/3544 3341/4864/2153
f 1085/4863/2168 3341/4864/2153 4698/4865/2155 3327/4866/2169
f 1085/4863/2168 3327/4866/2169 4697/4847/2133 3337/4846/2132
f 1085/4863/2168 3337/4846/2132 4686/4781/2113 3306/4804/2112
f 1086/4867/2164 3303/4808/2108 4684/4807/2089 3332/4832/2149
f 1086/4867/2164 3332/4832/2149 4695/4831/2151 3324/4868/2166
f 1086/4867/2164 3324/4868/2166 4694/4853/2167 3338/4852/2165
f 1086/4867/2164 3338/4852/2165 4683/4787/3542 3303/4808/2108
f 1087/4869/2160 3401/4810/2104 4558/3814/1148 3403/4870/2162
f 1087/4869/2160 3403/4870/2162 4701/4857/2163 3339/4856/2161
f 1087/4869/2160 3339/4856/2161 4690/4793/2105 3401/4810/2104
f 1088/4871/2156 3300/4814/2100 4681/4813/2099 3334/4838/2143
f 1088/4871/2156 3334/4838/2143 4692/4837/2147 3321/4872/3547
f 1088/4871/2156 3321/4872/3547 4691/4861/2159 3340/4860/2157
f 1088/4871/2156 3340/4860/2157 4680/4799/2101 3300/4814/2100
f 1089/4873/2152 3307/4818/2094 4688/4817/2093 3336/4844/2137
f 1089/4873/2152 3336/4844/2137 4699/4843/2141 3328/4874/2154
f 1089/4873/2152 3328/4874/2154 4698/4865/2155 3341/4864/2153
f 1089/4873/2152 3341/4864/2153 4687/4803/3544 3307/4818/2094
f 1090/4875/2179 3327/4866/2169 4698/4865/2155 3404/4876/2181
f 1090/4875/2179 3404/4876/2181 4443/3753/1134 2853/3807/1155
f 1090/4875/2179 2853/3807/1155 4442/3780/1106 3405/4877/2180
f 1090/4875/2179 3405/4877/2180 4697/4847/2133 3327/4866/2169
f 1091/4878/2176 3324/4868/2166 4695/4831/2151 3406/4879/2178
f 1091/4878/2176 3406/4879/2178 4440/3762/1128 2850/3810/1152
f 1091/4878/2176 2850/3810/1152 4439/3789/1097 3407/4880/2177
f 1091/4878/2176 3407/4880/2177 4694/4853/2167 3324/4868/2166
f 1092/4881/2198 3403/4870/2162 4558/3814/1148 3359/3813/1147
f 1092/4881/2198 3359/3813/1147 4446/3795/1146 3408/4882/2186
f 1092/4881/2198 3408/4882/2186 4701/4857/2163 3403/4870/2162
f 1093/4883/2197 3321/4872/3547 4692/4837/2147 3409/4884/2194
f 1093/4883/2197 3409/4884/2194 4437/3771/1122 2847/3817/1141
f 1093/4883/2197 2847/3817/1141 4436/3801/1140 3410/4885/2183
f 1093/4883/2197 3410/4885/2183 4691/4861/2159 3321/4872/3547
f 1094/4886/2196 3328/4874/2154 4699/4843/2141 3411/4887/3548
f 1094/4886/2196 3411/4887/3548 4444/3747/1113 2854/3746/1135
f 1094/4886/2196 2854/3746/1135 4443/3753/1134 3404/4876/2181
f 1094/4886/2196 3404/4876/2181 4698/4865/2155 3328/4874/2154
f 1095/4888/2195 3325/4830/2150 4696/4829/2135 3412/4889/2190
f 1095/4888/2195 3412/4889/2190 4441/3756/1104 2851/3755/1129
f 1095/4888/2195 2851/3755/1129 4440/3762/1128 3406/4879/2178
f 1095/4888/2195 3406/4879/2178 4695/4831/2151 3325/4830/2150
f 1096/4890/2193 3322/4836/2146 4693/4835/2145 3413/4891/3549
f 1096/4890/2193 3413/4891/3549 4438/3765/1095 2848/3764/1123
f 1096/4890/2193 2848/3764/1123 4437/3771/1122 3409/4884/2194
f 1096/4890/2193 3409/4884/2194 4692/4837/2147 3322/4836/2146
f 1097/4892/2191 3329/4842/2140 4700/4841/2139 3414/4893/2185
f 1097/4892/2191 3414/4893/2185 4445/3774/1115 2855/3773/1114
f 1097/4892/2191 2855/3773/1114 4444/3747/1113 3411/4887/3548
f 1097/4892/2191 3411/4887/3548 4699/4843/2141 3329/4842/2140
f 1098/4894/2189 3326/4848/2134 4697/4847/2133 3405/4877/2180
f 1098/4894/2189 3405/4877/2180 4442/3780/1106 2852/3779/1105
f 1098/4894/2189 2852/3779/1105 4441/3786/1104 3412/4895/2190
f 1098/4894/2189 3412/4895/2190 4696/4849/2135 3326/4848/2134
f 1099/4896/2187 3323/4854/2175 4694/4853/2167 3407/4880/2177
f 1099/4896/2187 3407/4880/2177 4439/3789/1097 2849/3788/1096
f 1099/4896/2187 2849/3788/1096 4438/3765/1095 3413/4891/3549
f 1099/4896/2187 3413/4891/3549 4693/4835/2145 3323/4854/2175
f 1100/4897/2184 3330/4858/2173 4701/4857/2163 3408/4882/2186
f 1100/4897/2184 3408/4882/2186 4446/3795/1146 2856/3794/1162
f 1100/4897/2184 2856/3794/1162 4445/3774/1115 3414/4893/2185
f 1100/4897/2184 3414/4893/2185 4700/4841/2139 3330/4858/2173
f 1101/4898/2182 3402/4862/2171 4691/4861/2159 3410/4885/2183
f 1101/4898/2182 3410/4885/2183 4436/3801/1140 3358/3800/3455
f 1101/4898/2182 3358/3800/3455 4535/3805/1159 3402/4862/2171
f 1102/4899/3550 3426/3066/2864 4723/3065/2863 3430/4900/3551
f 1102/4899/3550 3430/4900/3551 4720/4901/3552 3423/4902/3553
f 1102/4899/3550 3423/4902/3553 4705/4903/3554 3345/4904/3555
f 1102/4899/3550 3345/4904/3555 4709/3067/2865 3426/3066/2864
f 1103/4905/3556 3462/4906/3557 4734/3069/2867 3353/3068/2866
f 1103/4905/3556 3353/3068/2866 4709/3067/2865 3354/4907/3558
f 1103/4905/3556 3354/4907/3558 4707/4908/3559 3351/4909/3560
f 1103/4905/3556 3351/4909/3560 4732/4910/3561 3462/4906/3557
f 1104/4911/3562 3461/4912/3563 4731/4913/3564 3452/4914/3565
f 1104/4911/3562 3452/4914/3565 4706/4915/3566 3355/4916/3567
f 1104/4911/3562 3355/4916/3567 4708/4917/3568 3454/4918/3569
f 1104/4911/3562 3454/4918/3569 4733/4919/3570 3461/4912/3563
f 1105/4920/3571 3460/4921/3572 4735/4922/3573 3429/4923/3574
f 1105/4920/3571 3429/4923/3574 4722/4924/3575 3356/4925/3576
f 1105/4920/3571 3356/4925/3576 4706/4915/3566 3452/4914/3565
f 1105/4920/3571 3452/4914/3565 4731/4913/3564 3460/4921/3572
f 1106/4926/3577 3348/4927/3578 4702/4928/3579 3473/4929/3580
f 1106/4926/3577 3473/4929/3580 4740/4930/3581 3466/4931/3582
f 1106/4926/3577 3466/4931/3582 4738/4932/3583 3472/4933/3584
f 1106/4926/3577 3472/4933/3584 4703/4934/3585 3348/4927/3578
f 1107/4935/3586 3355/4916/3567 4706/4915/3566 3343/4936/3587
f 1107/4935/3586 3343/4936/3587 4702/4928/3579 3348/4927/3578
f 1107/4935/3586 3348/4927/3578 4703/4934/3585 3344/4937/3588
f 1107/4935/3586 3344/4937/3588 4708/4917/3568 3355/4916/3567
f 1108/4938/3589 3356/4925/3576 4722/4924/3575 3427/4939/3590
f 1108/4938/3589 3427/4939/3590 4721/4940/3591 3347/4941/3592
f 1108/4938/3589 3347/4941/3592 4702/4928/3579 3343/4936/3587
f 1108/4938/3589 3343/4936/3587 4706/4915/3566 3356/4925/3576
f 1109/4942/3593 3354/4907/3558 4709/3067/2865 3345/4904/3555
f 1109/4942/3593 3345/4904/3555 4705/4903/3554 3349/4943/3594
f 1109/4942/3593 3349/4943/3594 4704/4944/3595 3342/4945/3596
f 1109/4942/3593 3342/4945/3596 4707/4908/3559 3354/4907/3558
f 1110/4946/3597 3425/4947/3598 4707/4908/3559 3342/4945/3596
f 1110/4946/3597 3342/4945/3596 4704/4944/3595 3424/4948/3599
f 1110/4946/3597 3424/4948/3599 4721/4940/3591 3427/4939/3590
f 1110/4946/3597 3427/4939/3590 4722/4924/3575 3425/4947/3598
f 1111/4949/3600 3423/4902/3553 4720/4901/3552 3471/4950/3601
f 1111/4949/3600 3471/4950/3601 4737/4951/3602 3468/4952/3603
f 1111/4949/3600 3468/4952/3603 4741/4953/3604 3428/4954/3605
f 1111/4949/3600 3428/4954/3605 4705/4903/3554 3423/4902/3553
f 1112/4955/3606 3459/4956/3607 4732/4910/3561 3351/4909/3560
f 1112/4955/3606 3351/4909/3560 4707/4908/3559 3425/4947/3598
f 1112/4955/3606 3425/4947/3598 4722/4924/3575 3429/4923/3574
f 1112/4955/3606 3429/4923/3574 4735/4922/3573 3459/4956/3607
f 1113/4957/3608 3357/4958/3609 4708/4917/3568 3344/4937/3588
f 1113/4957/3608 3344/4937/3588 4703/4934/3585 3346/4959/3610
f 1113/4957/3608 3346/4959/3610 4720/4901/3552 3430/4900/3551
f 1113/4957/3608 3430/4900/3551 4723/3065/2863 3357/4958/3609
f 1114/4960/3611 2833/3710/3420 4428/3699/3409 2741/3719/3429
f 1114/4960/3611 2741/3719/3429 4715/3718/3428 3431/3721/3431
f 1114/4960/3611 3431/3721/3431 4718/3599/3325 3421/4961/3612
f 1114/4960/3611 3421/4961/3612 4424/3707/3417 2833/3710/3420
f 1115/4962/3613 2830/3569/3302 4423/3081/2879 2738/3712/3422
f 1115/4962/3613 2738/3712/3422 4368/3626/3352 3419/3722/3432
f 1115/4962/3613 3419/3722/3432 4715/3718/3428 3432/3717/3427
f 1115/4962/3613 3432/3717/3427 4719/3570/3303 2830/3569/3302
f 1116/4963/3614 2762/3091/2889 4382/3090/2888 2758/3604/3330
f 1116/4963/3614 2758/3604/3330 4256/1017/935 2236/2417/2264
f 1116/4963/3614 2236/2417/2264 4711/1026/944 3433/3607/3333
f 1116/4963/3614 3433/3607/3333 4717/3092/2890 2762/3091/2889
f 1117/4964/3615 2825/3708/3418 4424/3707/3417 3421/4961/3612
f 1117/4964/3615 3421/4961/3612 4718/3599/3325 3434/3598/3324
f 1117/4964/3615 3434/3598/3324 4716/1011/929 2241/2419/2266
f 1117/4964/3615 2241/2419/2266 4426/1156/1054 2825/3708/3418
f 1118/4965/3616 3418/4966/3617 4361/4967/3618 2512/4968/3619
f 1118/4965/3616 2512/4968/3619 4253/3056/2854 2528/3055/2853
f 1118/4965/3616 2528/3055/2853 4713/3054/2852 3435/3595/3321
f 1118/4965/3616 3435/3595/3321 4714/3594/3300 3418/4966/3617
f 1119/4969/3620 2834/4970/3621 4361/4971/3618 3418/4972/3617
f 1119/4969/3620 3418/4972/3617 4714/3567/3300 3436/3566/3299
f 1119/4969/3620 3436/3566/3299 4719/3570/3303 3422/3716/3426
f 1119/4969/3620 3422/3716/3426 4427/3704/3414 2834/4970/3621
f 1120/4973/3622 2527/3048/2846 4239/3025/2823 2517/4974/3623
f 1120/4973/3622 2517/4974/3623 4710/3086/2884 3437/3085/2883
f 1120/4973/3622 3437/3085/2883 4717/3092/2890 3420/3606/3332
f 1120/4973/3622 3420/3606/3332 4380/3049/2847 2527/3048/2846
f 1121/4975/3624 3458/4976/3625 4733/4919/3570 3454/4918/3569
f 1121/4975/3624 3454/4918/3569 4708/4917/3568 3357/4958/3609
f 1121/4975/3624 3357/4958/3609 4723/3065/2863 3438/3064/2862
f 1121/4975/3624 3438/3064/2862 4736/3063/2861 3458/4976/3625
f 1122/4977/3626 2522/3018/2816 4249/3017/2815 3417/3596/3322
f 1122/4977/3626 3417/3596/3322 4713/3054/2852 3439/3053/2851
f 1122/4977/3626 3439/3053/2851 4712/3060/2858 2521/4978/3627
f 1122/4977/3626 2521/4978/3627 4252/3019/2817 2522/3018/2816
f 1123/4979/3628 2834/4970/3621 4427/3704/3414 2823/3703/3413
f 1123/4979/3628 2823/3703/3413 4730/3702/3412 3446/3724/3434
f 1123/4979/3628 3446/3724/3434 4728/3726/3274 3443/4980/3629
f 1123/4979/3628 3443/4980/3629 4361/4971/3618 2834/4970/3621
f 1124/4981/3630 2761/2938/2737 4383/2937/2736 2507/3615/3341
f 1124/4981/3630 2507/3615/3341 4241/1038/956 2264/2437/2282
f 1124/4981/3630 2264/2437/2282 4726/1019/937 3447/3603/3329
f 1124/4981/3630 3447/3603/3329 4729/2939/2738 2761/2938/2737
f 1125/4982/3631 3440/4983/3632 4253/3056/2854 2512/4968/3619
f 1125/4982/3631 2512/4968/3619 4361/4967/3618 3443/4984/3629
f 1125/4982/3631 3443/4984/3629 4728/3541/3274 3448/3540/3273
f 1125/4982/3631 3448/3540/3273 4724/3011/2809 3440/4983/3632
f 1126/4985/3633 2533/3057/2855 4253/3056/2854 3440/4983/3632
f 1126/4985/3633 3440/4983/3632 4724/3011/2809 3449/3010/2808
f 1126/4985/3633 3449/3010/2808 4727/3007/2805 2532/4986/3634
f 1126/4985/3633 2532/4986/3634 4259/3058/2856 2533/3057/2855
f 1127/4987/3635 2534/4988/3636 4259/3058/2856 2532/4986/3634
f 1127/4987/3635 2532/4986/3634 4727/3007/2805 3450/3006/2804
f 1127/4987/3635 3450/3006/2804 4725/2933/2732 2530/4989/3637
f 1127/4987/3635 2530/4989/3637 4255/3088/2886 2534/4988/3636
f 1128/4990/3638 2538/3089/2887 4255/3088/2886 2530/4989/3637
f 1128/4990/3638 2530/4989/3637 4725/2933/2732 3451/2932/2731
f 1128/4990/3638 3451/2932/2731 4729/2939/2738 3444/3602/3328
f 1128/4990/3638 3444/3602/3328 4382/3090/2888 2538/3089/2887
f 1129/4991/3639 3499/4992/3640 4750/4993/3641 3489/4994/3642
f 1129/4991/3639 3489/4994/3642 4733/4919/3570 3458/4976/3625
f 1129/4991/3639 3458/4976/3625 4736/3063/2861 3457/4995/3643
f 1129/4991/3639 3457/4995/3643 4754/4996/3644 3499/4992/3640
f 1130/4997/3645 3498/4998/3646 4751/4999/3647 3453/5000/3648
f 1130/4997/3645 3453/5000/3648 4732/4910/3561 3459/4956/3607
f 1130/4997/3645 3459/4956/3607 4735/4922/3573 3456/5001/3649
f 1130/4997/3645 3456/5001/3649 4753/5002/3650 3498/4998/3646
f 1131/5003/3651 3497/5004/3652 4753/5002/3650 3456/5001/3649
f 1131/5003/3651 3456/5001/3649 4735/4922/3573 3460/4921/3572
f 1131/5003/3651 3460/4921/3572 4731/4913/3564 3488/5005/3653
f 1131/5003/3651 3488/5005/3653 4749/5006/3654 3497/5004/3652
f 1132/5007/3655 3496/5008/3656 4749/5006/3654 3488/5005/3653
f 1132/5007/3655 3488/5005/3653 4731/4913/3564 3461/4912/3563
f 1132/5007/3655 3461/4912/3563 4733/4919/3570 3489/4994/3642
f 1132/5007/3655 3489/4994/3642 4750/4993/3641 3496/5008/3656
f 1133/5009/3657 3495/5010/3658 4752/5011/3659 3455/5012/3660
f 1133/5009/3657 3455/5012/3660 4734/3069/2867 3462/4906/3557
f 1133/5009/3657 3462/4906/3557 4732/4910/3561 3453/5000/3648
f 1133/5009/3657 3453/5000/3648 4751/4999/3647 3495/5010/3658
f 1134/5013/3661 3494/5014/3662 4754/4996/3644 3457/4995/3643
f 1134/5013/3661 3457/4995/3643 4736/3063/2861 3463/3062/2860
f 1134/5013/3661 3463/3062/2860 4734/3069/2867 3455/5012/3660
f 1134/5013/3661 3455/5012/3660 4752/5011/3659 3494/5014/3662
f 1135/5015/3663 3466/4931/3582 4740/4930/3581 3485/5016/3664
f 1135/5015/3663 3485/5016/3664 4746/5017/3665 3478/5018/3666
f 1135/5015/3663 3478/5018/3666 4744/5019/3667 3484/5020/3668
f 1135/5015/3663 3484/5020/3668 4738/4932/3583 3466/4931/3582
f 1136/5021/3669 3468/4952/3603 4737/4951/3602 3483/5022/3670
f 1136/5021/3669 3483/5022/3670 4743/5023/3671 3480/5024/3672
f 1136/5021/3669 3480/5024/3672 4747/5025/3673 3470/5026/3674
f 1136/5021/3669 3470/5026/3674 4741/4953/3604 3468/4952/3603
f 1137/5027/3675 3346/4959/3610 4703/4934/3585 3472/4933/3584
f 1137/5027/3675 3472/4933/3584 4738/4932/3583 3464/5028/3676
f 1137/5027/3675 3464/5028/3676 4737/4951/3602 3471/4950/3601
f 1137/5027/3675 3471/4950/3601 4720/4901/3552 3346/4959/3610
f 1138/5029/3677 3424/4948/3599 4704/4944/3595 3475/5030/3678
f 1138/5029/3677 3475/5030/3678 4742/5031/3679 3469/5032/3680
f 1138/5029/3677 3469/5032/3680 4739/5033/3681 3474/5034/3682
f 1138/5029/3677 3474/5034/3682 4721/4940/3591 3424/4948/3599
f 1139/5035/3683 3349/4943/3594 4705/4903/3554 3428/4954/3605
f 1139/5035/3683 3428/4954/3605 4741/4953/3604 3467/5036/3684
f 1139/5035/3683 3467/5036/3684 4742/5031/3679 3475/5030/3678
f 1139/5035/3683 3475/5030/3678 4704/4944/3595 3349/4943/3594
f 1140/5037/3685 3347/4941/3592 4721/4940/3591 3474/5034/3682
f 1140/5037/3685 3474/5034/3682 4739/5033/3681 3465/5038/3686
f 1140/5037/3685 3465/5038/3686 4740/4930/3581 3473/4929/3580
f 1140/5037/3685 3473/4929/3580 4702/4928/3579 3347/4941/3592
f 1141/5039/3687 3482/5040/3688 4745/5041/3689 3481/5042/3690
f 1141/5039/3687 3481/5042/3690 4748/5043/3691 3479/5044/3692
f 1141/5039/3687 3479/5044/3692 4747/5025/3673 3480/5024/3672
f 1141/5039/3687 3480/5024/3672 4743/5023/3671 3482/5040/3688
f 1142/5045/3693 3478/5018/3666 4746/5017/3665 3477/5046/3694
f 1142/5045/3693 3477/5046/3694 4745/5041/3689 3482/5040/3688
f 1142/5045/3693 3482/5040/3688 4743/5023/3671 3476/5047/3695
f 1142/5045/3693 3476/5047/3695 4744/5019/3667 3478/5018/3666
f 1143/5048/3696 3464/5028/3676 4738/4932/3583 3484/5020/3668
f 1143/5048/3696 3484/5020/3668 4744/5019/3667 3476/5047/3695
f 1143/5048/3696 3476/5047/3695 4743/5023/3671 3483/5022/3670
f 1143/5048/3696 3483/5022/3670 4737/4951/3602 3464/5028/3676
f 1144/5049/3697 3469/5032/3680 4742/5031/3679 3487/5050/3698
f 1144/5049/3697 3487/5050/3698 4748/5043/3691 3481/5042/3690
f 1144/5049/3697 3481/5042/3690 4745/5041/3689 3486/5051/3699
f 1144/5049/3697 3486/5051/3699 4739/5033/3681 3469/5032/3680
f 1145/5052/3700 3467/5036/3684 4741/4953/3604 3470/5026/3674
f 1145/5052/3700 3470/5026/3674 4747/5025/3673 3479/5044/3692
f 1145/5052/3700 3479/5044/3692 4748/5043/3691 3487/5050/3698
f 1145/5052/3700 3487/5050/3698 4742/5031/3679 3467/5036/3684
f 1146/5053/3701 3465/5038/3686 4739/5033/3681 3486/5051/3699
f 1146/5053/3701 3486/5051/3699 4745/5041/3689 3477/5046/3694
f 1146/5053/3701 3477/5046/3694 4746/5017/3665 3485/5016/3664
f 1146/5053/3701 3485/5016/3664 4740/4930/3581 3465/5038/3686
f 1147/5054/3702 3415/3087/2885 4710/3086/2884 3493/5055/3703
f 1147/5054/3702 3493/5055/3703 4754/4996/3644 3494/5014/3662
f 1147/5054/3702 3494/5014/3662 4752/5011/3659 3491/5056/3704
f 1147/5054/3702 3491/5056/3704 4255/3088/2886 3415/3087/2885
f 1148/5057/3705 2534/4988/3636 4255/3088/2886 3491/5056/3704
f 1148/5057/3705 3491/5056/3704 4752/5011/3659 3495/5010/3658
f 1148/5057/3705 3495/5010/3658 4751/4999/3647 3490/5058/3706
f 1148/5057/3705 3490/5058/3706 4259/3058/2856 2534/4988/3636
f 1149/5059/3707 2523/3024/2822 4252/3019/2817 3350/5060/3708
f 1149/5059/3707 3350/5060/3708 4749/5006/3654 3496/5008/3656
f 1149/5059/3707 3496/5008/3656 4750/4993/3641 3352/5061/3709
f 1149/5059/3707 3352/5061/3709 4239/3025/2823 2523/3024/2822
f 1150/5062/3710 2521/4978/3627 4712/3060/2858 3492/5063/3711
f 1150/5062/3710 3492/5063/3711 4753/5002/3650 3497/5004/3652
f 1150/5062/3710 3497/5004/3652 4749/5006/3654 3350/5060/3708
f 1150/5062/3710 3350/5060/3708 4252/3019/2817 2521/4978/3627
f 1151/5064/3712 3416/3059/2857 4259/3058/2856 3490/5058/3706
f 1151/5064/3712 3490/5058/3706 4751/4999/3647 3498/4998/3646
f 1151/5064/3712 3498/4998/3646 4753/5002/3650 3492/5063/3711
f 1151/5064/3712 3492/5063/3711 4712/3060/2858 3416/3059/2857
f 1152/5065/3713 2517/4974/3623 4239/3025/2823 3352/5061/3709
f 1152/5065/3713 3352/5061/3709 4750/4993/3641 3499/4992/3640
f 1152/5065/3713 3499/4992/3640 4754/4996/3644 3493/5055/3703
f 1152/5065/3713 3493/5055/3703 4710/3086/2884 2517/4974/3623
f 1153/5066/3714 3503/5067/3048 4303/2751/2556 2628/2750/2555
f 1153/5066/3714 2628/2750/2555 4758/2749/2554 3505/5068/3715
f 1153/5066/3714 3505/5068/3715 4224/5069/3403 3502/5070/3404
f 1153/5066/3714 3502/5070/3404 4757/5071/3049 3503/5067/3048
f 4184/3280/3046 2433/3279/3045 3500/3695/3405 4413/2714/2519
f 3501/3696/3406 3500/3695/3405 4755/5072/2518 4756/5073/2509
f 4190/2657/2466 3501/3696/3406 3514/2708/2514 4186/2658/2467
f 3500/3695/3405 2433/3279/3045 4757/3283/3049 4755/5072/2518
f 1154/5074/3716 3505/5068/3715 4758/2749/2554 2445/5075/3717
f 1154/5074/3716 2445/5075/3717 4336/3399/3154 2680/3407/3162
f 1154/5074/3716 2680/3407/3162 4335/3409/3164 2684/5076/3718
f 1154/5074/3716 2684/5076/3718 4224/5069/3403 3505/5068/3715
f 1155/5077/3719 3506/2748/2553 4759/2747/2552 3504/5078/3720
f 1155/5077/3719 3504/5078/3720 4334/864/807 2678/863/806
f 1155/5077/3719 2678/863/806 4336/3399/3154 2445/5075/3717
f 1155/5077/3719 2445/5075/3717 4758/2749/2554 3506/2748/2553
f 1156/5079/3721 3507/2693/2499 4333/2692/2498 2676/3464/3214
f 1156/5079/3721 2676/3464/3214 4334/864/807 3504/5078/3720
f 1156/5079/3721 3504/5078/3720 4759/2747/2552 3509/5080/3722
f 1156/5079/3721 3509/5080/3722 4762/2694/2500 3507/2693/2499
f 1157/5081/3723 3511/3381/3137 4760/3380/3136 2666/5082/3724
f 1157/5081/3723 2666/5082/3724 4325/2783/2588 2669/3369/3127
f 1157/5081/3723 2669/3369/3127 4323/2690/2496 3510/2689/2495
f 1157/5081/3723 3510/2689/2495 4763/2696/2502 3511/3381/3137
f 1158/5083/3725 3574/3397/3152 4809/3396/3151 3577/5084/3726
f 1158/5083/3725 3577/5084/3726 4806/2777/2582 3571/2776/2581
f 1158/5083/3725 3571/2776/2581 4325/2783/2588 2666/5082/3724
f 1158/5083/3725 2666/5082/3724 4760/3380/3136 3574/3397/3152
f 1159/5085/3727 3513/2695/2501 4762/2694/2500 3509/5080/3722
f 1159/5085/3727 3509/5080/3722 4759/2747/2552 2683/2746/2551
f 1159/5085/3727 2683/2746/2551 4225/2745/2550 2478/3382/3138
f 1159/5085/3727 2478/3382/3138 4763/2696/2502 3513/2695/2501
f 4414/5086/2672 2809/5087/3728 3533/5088/3729 4195/5089/2673
f 3514/2708/2514 3501/3696/3406 4756/5073/2509 4764/2709/2510
f 1160/5090/3730 3516/5091/2515 4764/2905/2510 2484/2904/2707
f 1160/5090/3730 2484/2904/2707 4269/2903/2706 2551/3126/2924
f 1160/5090/3730 2551/3126/2924 4268/3133/2929 2564/3153/2947
f 1160/5090/3730 2564/3153/2947 4765/3152/2516 3516/5091/2515
f 1161/5092/3731 3518/5093/3732 4767/2998/2796 3523/2997/2795
f 1161/5092/3731 3523/2997/2795 4398/2972/2770 2804/3664/3380
f 1161/5092/3731 2804/3664/3380 4406/3666/3382 2807/3676/3392
f 1161/5092/3731 2807/3676/3392 4407/3678/3394 3518/5093/3732
f 1162/5094/3733 3524/5095/2965 4767/5096/2796 2806/5097/3734
f 1162/5094/3733 2806/5097/3734 4215/2817/2622 2468/2816/2621
f 1162/5094/3733 2468/2816/2621 4179/2671/2477 2573/2823/2628
f 1162/5094/3733 2573/2823/2628 4766/2822/2627 3524/5095/2965
f 1163/5098/3735 3519/5099/2626 4765/5100/2516 3520/5101/2946
f 1163/5098/3735 3520/5101/2946 4276/3148/2943 3517/3181/2964
f 1163/5098/3735 3517/3181/2964 4766/3185/2627 3519/5099/2626
f 1164/5102/3736 3527/5103/3737 4222/2928/2727 2473/2927/2726
f 1164/5102/3736 2473/2927/2726 4278/2926/2725 2570/3176/2961
f 1164/5102/3736 2570/3176/2961 4771/3179/2764 3531/5104/3738
f 1164/5102/3736 3531/5104/3738 4768/5105/2678 3527/5103/3737
f 4195/5089/2673 3533/5088/3729 2480/5106/3739 4191/5107/2669
f 3533/5088/3729 2809/5087/3728 4772/2722/2527 4773/2721/2526
f 1165/5108/3740 3527/5109/3737 4768/3686/2678 3525/3685/3399
f 1165/5108/3740 3525/3685/3399 4402/2957/2756 2797/2956/2755
f 1165/5108/3740 2797/2956/2755 4399/2805/2610 2459/3657/3376
f 1165/5108/3740 2459/3657/3376 4222/3656/2727 3527/5109/3737
f 1166/5110/3741 3531/5111/3738 4771/2966/2764 3529/2965/2763
f 1166/5110/3741 3529/2965/2763 4177/2727/2532 2466/2814/2619
f 1166/5110/3741 2466/2814/2619 4213/2813/2618 2505/2874/2679
f 1166/5110/3741 2505/2874/2679 4768/2873/2678 3531/5111/3738
f 1167/5112/3742 3532/2730/2535 4770/2729/2534 2444/2964/2762
f 1167/5112/3742 2444/2964/2762 4193/2963/2663 2447/5113/2662
f 1167/5112/3742 2447/5113/2662 4191/5107/2669 2480/5106/3739
f 1167/5112/3742 2480/5106/3739 4769/2731/2536 3532/2730/2535
f 4227/2675/2481 2625/5114/3743 3545/5115/3077 4226/2676/2482
f 2480/5106/3739 3533/5088/3729 4773/2721/2526 4769/2731/2536
f 4192/5116/2728 2443/5117/3744 2809/5087/3728 4414/5086/2672
f 3545/5115/3077 2625/5114/3743 4775/2918/2717 4779/2862/2667
f 4224/3692/3403 2483/5118/3745 3546/5119/3746 4419/2705/2511
f 2809/5087/3728 2443/5117/3744 4774/2740/2545 4772/2722/2527
f 1168/5120/3747 3543/5121/3748 4192/3650/2728 3544/3649/3372
f 1168/5120/3747 3544/3649/3372 4329/3405/3160 2673/3416/3171
f 1168/5120/3747 2673/3416/3171 4328/3385/3141 2635/3384/3140
f 1168/5120/3747 2635/3384/3140 4295/2826/2631 3543/5121/3748
f 1169/5122/3749 3540/3301/3067 4810/3300/3066 3576/5123/3750
f 1169/5122/3749 3576/5123/3750 4796/5124/2596 3561/5125/2595
f 1169/5122/3749 3561/5125/2595 4300/2579/138 1418/2578/2403
f 1169/5122/3749 1418/2578/2403 4778/673/633 3540/3301/3067
f 1170/5126/3751 3541/2741/2546 4774/2740/2545 2443/5117/3744
f 1170/5126/3751 2443/5117/3744 4192/5116/2728 3543/5127/3748
f 1170/5126/3751 3543/5127/3748 4295/5128/2631 3538/5129/3752
f 1170/5126/3751 3538/5129/3752 4776/2742/2547 3541/2741/2546
f 1171/5130/3753 3542/3292/3058 4776/2742/2547 3538/5129/3752
f 1171/5130/3753 3538/5129/3752 4295/5128/2631 2631/5131/2630
f 1171/5130/3753 2631/5131/2630 4301/5132/2637 2626/5133/3754
f 1171/5130/3753 2626/5133/3754 4777/3293/3059 3542/3292/3058
f 1172/5134/3755 2633/5135/2957 4780/2860/2665 2563/2859/2664
f 1172/5134/3755 2563/2859/2664 4193/2858/2663 2568/3177/2962
f 1172/5134/3755 2568/3177/2962 4278/2926/2725 2633/5135/2957
f 4419/2705/2511 3546/5119/3746 2625/5114/3743 4227/2675/2481
f 3546/5119/3746 2483/5118/3745 4781/3662/3373 4782/2919/2718
f 1173/5136/3756 3547/5137/3374 4781/5138/3373 2483/5139/3745
f 1173/5136/3756 2483/5139/3745 4224/5069/3403 2684/5076/3718
f 1173/5136/3756 2684/5076/3718 4335/3409/3164 2677/3419/3174
f 1173/5136/3756 2677/3419/3174 4330/3420/3155 3547/5137/3374
f 4214/3289/3055 4418/2866/2671 2816/5140/3757 3550/3285/3051
f 2625/5114/3743 3546/5119/3746 4782/2919/2718 4775/2918/2717
f 1174/5141/3758 3575/5142/3759 4777/3293/3059 2626/5133/3754
f 1174/5141/3758 2626/5133/3754 4301/5132/2637 2632/5143/3760
f 1174/5141/3758 2632/5143/3760 4796/5124/2596 3576/5123/3750
f 1174/5141/3758 3576/5123/3750 4810/3300/3066 3575/5142/3759
f 1175/5144/3761 3512/5145/3762 4761/2602/2416 2332/2601/2415
f 1175/5144/3761 2332/2601/2415 4326/2605/2419 2672/5146/3763
f 1175/5144/3761 2672/5146/3763 4806/2777/2582 3577/5084/3726
f 1175/5144/3761 3577/5084/3726 4809/3396/3151 3512/5145/3762
f 4785/3286/3052 3550/3285/3051 2816/5140/3757 4808/2732/2537
f 4807/2765/2570 3572/5147/3764 3548/5148/3765 4783/3298/3064
f 4211/2833/2638 4210/2819/2624 2463/5149/3766 2464/5150/3767
f 3548/5148/3765 3572/5147/3764 4417/2837/2642 4212/3295/3061
f 1176/5151/3768 3564/5152/3769 4360/2855/2660 2724/2854/2659
f 1176/5151/3768 2724/2854/2659 4306/2853/2658 3563/5153/3770
f 1176/5151/3768 3563/5153/3770 4798/3322/3085 3578/3513/3251
f 1176/5151/3768 3578/3513/3251 4799/3329/3092 3564/5152/3769
f 1177/5154/3771 2492/5155/2712 4228/2615/259 1464/2614/2428
f 1177/5154/3771 1464/2614/2428 4761/2602/2416 3512/5145/3762
f 1177/5154/3771 3512/5145/3762 4809/3396/3151 3579/3395/3150
f 1177/5154/3771 3579/3395/3150 4794/3394/2713 2492/5155/2712
f 1178/5156/3772 2667/5157/3773 4223/2846/2651 2474/2845/2650
f 1178/5156/3772 2474/2845/2650 4316/2844/2649 3567/5158/3774
f 1178/5156/3772 3567/5158/3774 4802/3352/3113 3580/3375/3131
f 1178/5156/3772 3580/3375/3131 4805/3366/3124 2667/5157/3773
f 1179/5159/3775 3553/5160/3776 4217/2830/2635 2487/3391/3147
f 1179/5159/3775 2487/3391/3147 4223/2846/2651 2667/5157/3773
f 1179/5159/3775 2667/5157/3773 4805/3366/3124 3581/3365/3123
f 1179/5159/3775 3581/3365/3123 4788/2793/2598 3553/5160/3776
f 1180/5161/3777 2658/3358/3118 4318/3357/3117 3568/5162/3778
f 1180/5161/3777 3568/5162/3778 4803/3349/3109 3582/3348/3111
f 1180/5161/3777 3582/3348/3111 4802/3352/3113 3567/5158/3774
f 1180/5161/3777 3567/5158/3774 4316/2844/2649 2658/3358/3118
f 1181/5163/3779 2660/3361/3121 4322/2781/2586 3569/2780/2585
f 1181/5163/3779 3569/2780/2585 4804/2779/2584 3583/3343/3106
f 1181/5163/3779 3583/3343/3106 4803/3346/3109 3568/5164/3778
f 1181/5163/3779 3568/5164/3778 4318/3362/3117 2660/3361/3121
f 1182/5165/3780 2455/5166/3781 4203/2628/2439 1438/2627/2438
f 1182/5165/3780 1438/2627/2438 4311/2631/2442 2652/5167/3782
f 1182/5165/3780 2652/5167/3782 4801/2768/2573 3584/3341/3104
f 1182/5165/3780 3584/3341/3104 4789/2890/2695 2455/5166/3781
f 1183/5168/3783 3555/5169/3784 4219/3505/3244 2644/3511/3249
f 1183/5168/3783 2644/3511/3249 4313/3510/3248 2649/5170/3785
f 1183/5168/3783 2649/5170/3785 4800/3327/3090 3585/3335/3098
f 1183/5168/3783 3585/3335/3098 4790/2908/2710 3555/5169/3784
f 1184/5171/3786 2649/5170/3785 4313/3510/3248 2647/3515/3253
f 1184/5171/3786 2647/3515/3253 4360/2855/2660 3564/5152/3769
f 1184/5171/3786 3564/5152/3769 4799/3329/3092 3586/3328/3091
f 1184/5171/3786 3586/3328/3091 4800/3327/3090 2649/5170/3785
f 1185/5172/3787 2641/2896/2701 4304/2772/2577 3562/2771/2576
f 1185/5172/3787 3562/2771/2576 4797/2770/2575 3587/3319/3082
f 1185/5172/3787 3587/3319/3082 4798/3322/3085 3563/5153/3770
f 1185/5172/3787 3563/5153/3770 4306/2853/2658 2641/2896/2701
f 1186/5173/3788 3548/5148/3765 4212/3295/3061 3539/3294/3060
f 1186/5173/3788 3539/3294/3060 4777/3293/3059 3575/5142/3759
f 1186/5173/3788 3575/5142/3759 4810/3300/3066 3588/3299/3065
f 1186/5173/3788 3588/3299/3065 4783/3298/3064 3548/5148/3765
f 1187/5174/3789 2451/3691/3402 4198/1136/1037 1417/2639/2450
f 1187/5174/3789 1417/2639/2450 4299/2641/2452 2630/5175/3790
f 1187/5174/3789 2630/5175/3790 4795/2888/2693 3589/3287/3053
f 1187/5174/3789 3589/3287/3053 4785/3286/3052 2451/3691/3402
f 1188/5176/3791 2481/3506/3245 4219/3505/3244 3555/5169/3784
f 1188/5176/3791 3555/5169/3784 4790/2908/2710 3590/2907/2709
f 1188/5176/3791 3590/2907/2709 4794/2911/2713 3559/5177/3149
f 1188/5176/3791 3559/5177/3149 4231/3507/3134 2481/3506/3245
f 1189/5178/3792 2630/5175/3790 4299/2641/2452 1236/2645/2455
f 1189/5178/3792 1236/2645/2455 4203/2628/2439 2455/5166/3781
f 1189/5178/3792 2455/5166/3781 4789/2890/2695 3591/2889/2694
f 1189/5178/3792 3591/2889/2694 4795/2888/2693 2630/5175/3790
f 1190/5179/3793 2475/2812/2617 4216/2811/2616 3552/5180/3794
f 1190/5179/3793 3552/5180/3794 4787/2786/2591 3592/2800/2605
f 1190/5179/3793 3592/2800/2605 4784/2802/2607 3549/2875/2680
f 1190/5179/3793 3549/2875/2680 4213/2813/2618 2475/2812/2617
f 1191/5181/3795 2463/5149/3766 4210/2819/2624 2476/2818/2623
f 1191/5181/3795 2476/2818/2623 4215/2817/2622 3551/5182/3796
f 1191/5181/3795 3551/5182/3796 4786/2797/2602 3593/2796/2601
f 1191/5181/3795 3593/2796/2601 4792/2784/2589 2463/5149/3766
f 1192/5183/3797 2632/5184/3760 4301/2832/2637 2477/2831/2636
f 1192/5183/3797 2477/2831/2636 4217/2830/2635 3553/5160/3776
f 1192/5183/3797 3553/5160/3776 4788/2793/2598 3594/2792/2597
f 1192/5183/3797 3594/2792/2597 4796/2791/2596 2632/5184/3760
f 4793/2733/2538 2464/5150/3767 2463/5149/3766 4792/2784/2589
f 4787/2786/2591 3552/5180/3794 3556/5185/3798 4791/2764/2569
f 4791/2764/2569 3556/5185/3798 3572/5147/3764 4807/2765/2570
f 3556/5185/3798 3552/5180/3794 4216/2811/2616 4221/2835/2640
f 1193/5186/3799 2672/5146/3763 4326/2605/2419 1469/2654/2463
f 1193/5186/3799 1469/2654/2463 4321/730/687 2662/3344/3107
f 1193/5186/3799 2662/3344/3107 4804/2779/2584 3595/2778/2583
f 1193/5186/3799 3595/2778/2583 4806/2777/2582 2672/5146/3763
f 1194/5187/3800 2652/5167/3782 4311/2631/2442 1443/2656/2465
f 1194/5187/3800 1443/2656/2465 4305/699/656 2637/3320/3083
f 1194/5187/3800 2637/3320/3083 4797/2770/2575 3596/2769/2574
f 1194/5187/3800 3596/2769/2574 4801/2768/2573 2652/5167/3782
f 4418/2866/2671 4211/2833/2638 2464/5150/3767 2816/5140/3757
f 3572/5147/3764 3556/5185/3798 4221/2835/2640 4417/2837/2642
f 4808/2732/2537 2816/5140/3757 2464/5150/3767 4793/2733/2538
f 1195/5188/3801 3597/2876/2681 4784/2802/2607 2450/2801/2606
f 1195/5188/3801 2450/2801/2606 4197/154/153 1625/2664/2471
f 1195/5188/3801 1625/2664/2471 4409/2663/1035 2811/5189/3401
f 1195/5188/3801 2811/5189/3401 4410/2877/2682 3597/2876/2681
f 1196/5190/3802 3598/3681/3396 4786/2797/2602 3551/5182/3796
f 1196/5190/3802 3551/5182/3796 4215/2817/2622 2806/5097/3734
f 1196/5190/3802 2806/5097/3734 4767/5096/2796 3518/5191/3732
f 1196/5190/3802 3518/5191/3732 4407/3682/3394 3598/3681/3396
f 3612/51/50 3604/5/5 1208/4/4 1214/14/14
f 73/499/489 1379/482/474 1341/481/473 64/491/483
f 3731/806/754 1498/793/741 1482/792/740 3723/807/755
