

mtllib casco1.mtl
g default
v -281.284457 -47.509376 7.031319
v -234.426267 -57.756146 22.291615
v -232.298496 -8.723944 41.012282
v -279.769194 -3.178223 23.799065
v -173.696406 -61.686927 32.381495
v -172.169981 -11.506845 40.162532
v -110.184719 -13.813812 42.499997
v -110.636579 -63.359530 34.523561
v -42.640613 -63.919104 37.488638
v -43.904266 -14.947544 43.581495
v 25.521908 -62.333549 31.727553
v 23.384137 -14.838604 40.006456
v 93.570416 -58.534401 25.216808
v 90.714200 -12.962864 31.438072
v 156.909189 -52.344170 9.734984
v 154.364082 -10.330874 18.714811
v 216.591737 -45.854938 -6.048815
v 213.574677 -7.060313 6.083000
v 151.925531 32.759047 15.997905
v 209.118540 32.115345 0.415756
v 88.940022 33.121042 27.812853
v 23.036451 33.599867 37.532483
v -43.542677 34.419658 41.343474
v -109.479520 35.918278 41.332819
v -171.772972 38.461248 39.573457
v -229.123570 41.499450 31.306171
v -276.774680 43.584732 12.049064
v -306.673214 0.372836 3.615602
v -305.049124 34.459932 -2.888378
v -311.145515 -34.367898 -6.977638
v -318.757808 -69.376032 -25.091419
v -294.475619 -90.796468 -17.886077
v -232.170345 -103.196702 8.046803
v -170.170845 -107.502330 17.029796
v -104.560144 -107.764218 18.788529
v -37.854533 -108.879878 22.487899
v 29.817125 -105.125752 17.992554
v 96.320172 -99.593226 11.408431
v 157.563800 -89.727290 -1.933400
v 213.245742 -79.021687 -17.970246
v -285.100326 97.313837 -11.170533
v -303.806335 70.472210 -14.517414
v -229.032025 89.480785 21.101667
v -173.211387 87.486324 36.728426
v -109.175022 84.802933 36.560106
v -42.856296 83.421269 36.684910
v 23.184059 80.753062 29.569762
v 88.960832 78.256042 20.977487
v 149.324783 73.518396 7.247313
v 203.210876 68.014106 -7.723173
v -302.232116 86.737052 -21.597427
v -287.423456 100.975412 -19.261988
v -294.030417 -106.819023 -30.633918
v -319.246106 -84.500209 -32.070950
v -269.609620 -141.991542 -38.063294
v -255.341464 -139.795871 -19.424031
v -213.092888 -141.410452 -5.834937
v -257.330908 128.943721 -7.583759
v -267.938059 130.513277 -22.658658
v -216.219173 127.094041 10.807450
v -160.236815 -147.685497 -2.703013
v -97.937115 -149.626161 -0.926073
v -32.706381 -149.561414 0.348958
v 33.921332 -144.136419 -2.956470
v 98.835926 -135.676167 -8.321767
v 158.758410 -122.853306 -18.268712
v 210.896028 -106.883081 -32.385727
v -167.246620 131.435542 19.946560
v -105.606750 130.973915 20.341792
v -40.907847 129.597792 19.036006
v 24.482570 125.771387 12.878451
v 89.003989 120.490261 5.496556
v 148.784497 111.743159 -6.701248
v 201.070461 100.452953 -21.478392
v -244.553946 -178.942758 -47.946135
v -225.643598 -175.075906 -29.526068
v -199.667057 -169.802721 -18.467291
v -158.816471 -189.853703 -25.279432
v -92.683681 -190.646660 -24.129484
v -27.252040 -189.785912 -23.068373
v 38.808630 -182.148700 -26.271909
v 103.425753 -170.578562 -30.296322
v 163.705457 -154.092620 -38.137450
v 215.879682 -132.332248 -50.893395
v -231.261135 160.348095 -12.877996
v -251.262685 163.821001 -31.579570
v -205.975128 155.136291 0.512489
v -167.194239 175.506064 -1.669404
v -102.712316 176.305029 -0.219905
v -38.816512 174.929346 -2.466015
v 26.082880 169.760508 -8.265923
v 90.796249 161.374052 -14.680411
v 152.110257 148.476020 -25.043557
v 206.008584 130.918419 -39.435101
v 370.122355 7.640872 -22.663174
v 375.250794 1.879625 -16.696411
v 373.405959 -3.551232 -20.926818
v 374.330246 1.350105 -25.285043
v 351.766735 1.992041 -12.923887
v 350.686255 -13.788220 -20.923463
v 347.721170 16.998546 -22.216110
v 368.518956 -10.027680 -29.832162
v 373.809091 -3.018874 -29.950713
v 373.479229 6.201356 -31.018141
v 367.443349 14.666799 -31.766072
v 358.638586 -18.760941 -28.757105
v 354.750169 24.200244 -31.028919
v 380.373071 1.720840 -36.735587
v 266.275317 -36.818297 -19.337994
v 265.695950 -2.986258 -8.661859
v 260.455518 30.786139 -16.467214
v 316.139817 -30.502911 -26.359884
v 312.260168 -0.041660 -12.495049
v 312.484343 30.934603 -25.332864
v 260.646743 -69.709614 -28.075665
v 255.364662 -93.570382 -40.949785
v 262.172843 -111.904781 -58.534169
v 250.454648 63.713207 -20.288348
v 245.455969 90.730990 -31.364115
v 252.610350 113.271229 -48.382894
v 350.210747 -36.866101 -42.120727
v 345.764292 41.108801 -41.762725
v 297.154899 -62.318998 -39.607319
v 289.009006 61.665413 -34.348373
v 285.496860 -84.287560 -45.025014
v 299.723775 -92.403131 -60.050319
v 276.228648 83.655153 -37.076494
v 290.784372 95.409100 -50.533407
v 324.792878 -65.644160 -55.525929
v 317.316961 69.018225 -51.090988
v 372.142274 -18.553249 -40.199190
v 370.702919 23.619296 -41.599894
v -218.286209 -212.649827 -63.733252
v -196.442733 -203.585577 -41.870528
v -204.817880 189.506030 -19.410625
v -227.419291 198.430682 -41.535818
v -191.561509 -242.930764 -86.727445
v -177.946157 -227.212119 -58.541089
v -142.186292 -228.385607 -52.588043
v -86.313662 -228.754353 -53.801981
v -185.951210 214.910775 -32.874659
v -198.227184 234.161908 -58.355237
v -151.951795 216.628086 -25.765947
v -98.183349 217.958177 -28.085212
v -22.687104 -227.906070 -54.183047
v 43.807136 -217.454292 -57.266943
v 109.004415 -202.634404 -58.475380
v 170.590808 -182.092927 -63.161057
v 157.431914 183.001986 -49.549849
v 93.465744 200.808146 -41.361887
v -37.048178 219.822209 -29.779611
v 27.869835 212.901606 -36.099522
v -143.525560 -258.191881 -82.699445
v -87.102763 -264.003562 -88.165601
v -22.108532 -261.964733 -95.116493
v 48.438851 -250.241903 -95.859278
v 113.890293 -229.330767 -92.071509
v -153.935560 248.363022 -52.884370
v -100.468044 256.139376 -60.787664
v -39.788372 261.257638 -68.553755
v 28.379040 254.700087 -74.122646
v 94.865112 237.578594 -75.197111
v -149.548863 -283.635194 -115.066797
v -185.901343 -271.768689 -110.308035
v -158.628104 269.932702 -82.314329
v -191.575136 264.402805 -83.946168
v -107.873026 -284.836216 -113.656395
v -121.875646 274.763349 -85.532009
v -76.868776 -290.226181 -118.160430
v -72.284658 -276.457780 -103.012363
v -48.463109 -275.275845 -106.446594
v -49.154150 -290.291349 -117.372911
v -21.205587 -284.933114 -117.417173
v -87.313654 270.518096 -76.312090
v -94.419989 281.354445 -91.350618
v -44.710784 281.012899 -94.288484
v -69.659260 285.324750 -91.957041
v -65.749832 273.287105 -78.191401
v 2.339339 -270.940569 -106.328140
v 4.234497 -284.431696 -119.736795
v 26.122045 -267.009749 -105.967633
v 28.125468 -280.945941 -119.032719
v 52.809243 -272.435930 -116.486299
v 4.896539 270.365269 -85.194610
v 28.480994 274.399771 -99.936020
v 5.051471 282.591816 -98.776410
v -19.683748 283.012672 -99.388757
v -18.691801 269.874420 -85.699212
v 75.663746 253.644159 -90.656299
v 111.298756 253.967120 -100.672134
v 80.807927 267.759363 -102.087417
v 52.319771 259.385026 -90.250420
v 53.797625 273.139473 -102.988750
v 162.081926 213.893133 -78.668451
v 75.618235 -252.833210 -106.798874
v 79.609448 -266.617444 -117.608568
v 99.089617 -247.516933 -103.238276
v 106.392558 -256.812830 -114.651840
v 134.713956 -244.374301 -107.168549
v 177.085625 -206.096396 -89.586658
v 392.646486 -23.935152 -57.492523
v 403.887088 1.964884 -56.891574
v 390.213537 29.704855 -58.274192
v 419.424398 -24.278261 -72.222721
v 420.125644 3.235615 -69.407691
v 415.429841 32.955115 -74.600893
v 441.181271 4.482520 -87.866581
v 449.149105 -18.606914 -92.726836
v 439.211334 32.221176 -91.484963
v 370.271361 54.523408 -61.447588
v 397.057311 60.624639 -81.599826
v 346.094918 82.829874 -66.932146
v 373.608851 90.084286 -85.343954
v 407.096371 -53.200796 -81.830079
v 377.772111 -49.401922 -62.838781
v 352.196138 -77.539817 -69.535027
v 379.455116 -89.534587 -90.936982
v 312.134930 109.339808 -72.468467
v 339.091444 120.598332 -90.994921
v 224.253738 -154.374277 -75.966044
v 274.985754 -127.136154 -83.060058
v 318.645676 -104.828124 -79.223977
v 236.479278 -181.906810 -92.676260
v 295.481430 -147.890070 -98.905206
v 334.851324 -121.644640 -99.369963
v 266.177933 133.329028 -74.467561
v 215.568454 158.300914 -66.205354
v 286.831988 159.352175 -91.219657
v 236.898296 192.847254 -87.614863
v 445.480795 -40.543523 -98.787707
v 427.084737 -38.814541 -84.881414
v 428.239923 55.436048 -100.719555
v 415.194450 50.946629 -86.461927
v 416.375325 -54.945397 -90.661963
v 407.593087 65.300393 -93.746098
v 431.475553 -53.908051 -99.101819
v 415.375714 65.657176 -99.907557
v 399.843335 -77.376081 -96.243509
v 392.359040 85.065079 -95.479822
v 381.551244 -103.718736 -103.690873
v 341.225102 -127.693409 -107.546344
v 378.497935 102.948090 -96.749820
v 355.424418 121.651394 -99.984595
v 401.838000 -91.075548 -102.511800
v 392.782374 96.150177 -99.743194
v 320.998997 -143.169372 -107.081810
v 332.268986 138.852706 -100.954120
v 290.907212 -159.730762 -105.696901
v 252.143061 -186.486494 -102.734901
v 241.539765 198.146886 -92.101907
v 265.980292 180.291978 -94.783835
v 305.354946 -155.774744 -108.622227
v 302.989632 162.055932 -99.588865
v 212.805587 -210.233207 -99.096091
v 222.079726 -215.736432 -106.738107
v 177.466600 -228.964361 -103.203571
v 191.838967 -234.805647 -113.756531
v 204.727173 233.005861 -96.665172
v 201.503619 225.179169 -90.490038
v 170.085747 255.623255 -106.665713
v 159.836649 245.020440 -95.673043
v 143.654138 275.633287 -114.846720
v 139.156111 266.657054 -107.265379
v 112.593391 287.638949 -117.486280
v 111.673199 274.538158 -108.485805
v 159.154053 -250.280989 -115.934148
v 171.442593 -251.432745 -123.374396
v 139.006208 -259.312250 -118.038888
v 147.441485 -268.476758 -127.622748
v 8.573078 -305.092134 -129.230881
v -16.278084 -306.885677 -130.371875
v 29.994840 -301.417022 -128.525737
v 55.854279 -295.198637 -128.197576
v 84.800119 -285.948520 -126.471039
v 111.205336 -274.254316 -123.109770
v -114.249472 -306.597377 -127.232875
v -150.578665 -300.608566 -126.894486
v -77.545232 -310.425250 -128.783469
v -48.624608 -309.720225 -129.024862
v -115.875064 -315.122374 -135.432960
v -148.267285 -307.934596 -137.310587
v -78.186910 -319.283249 -137.073558
v -48.758359 -318.145783 -134.358446
v -16.561518 -316.969626 -136.089727
v 8.764358 -313.369168 -134.321495
v 30.603499 -309.685521 -134.056755
v 58.811549 -302.732232 -133.132450
v 86.629763 -292.410445 -131.649794
v 111.218441 -283.432032 -130.432252
v 82.061655 286.230388 -111.317398
v 54.622064 292.880807 -111.787374
v 29.867727 296.851631 -110.715679
v 6.302287 300.870487 -110.943999
v -19.101288 303.782742 -110.425567
v -46.456831 303.442450 -107.122589
v -72.197068 304.648960 -104.968404
v -98.154626 302.453747 -101.919774
v -128.532261 299.994030 -100.504895
v -158.217565 294.195035 -99.401929
v 82.953118 299.931346 -119.420609
v 56.093513 307.032925 -119.493159
v 30.848152 311.443827 -118.921993
v 7.522125 315.526953 -119.405488
v -17.090828 319.382234 -120.456291
v -47.756053 319.419034 -117.283302
v -71.814736 319.694029 -114.868565
v -95.962968 318.490975 -113.765538
v -125.981755 313.596461 -111.401634
v -157.983475 306.575337 -113.254179
v -179.247461 -289.200109 -125.290780
v -185.093146 -291.931985 -136.446033
v -209.183195 -274.650194 -123.595337
v -189.847198 294.042200 -111.290364
v -187.785129 284.273837 -94.733569
v -214.834958 273.730777 -95.307598
v -231.437553 249.098575 -76.033598
v -254.810697 208.011497 -54.902586
v -273.976004 173.212420 -42.406869
v -289.928290 143.588625 -37.498187
v -304.834416 120.033702 -37.296414
v -314.637725 104.781457 -37.738196
v -223.822931 -255.327114 -101.109692
v -239.831567 -226.600590 -76.607467
v -263.334903 -188.851648 -58.113496
v -287.826367 -150.053800 -48.298523
v -304.823227 -122.213695 -44.280977
v -328.107097 -94.337870 -48.927028
v -316.982891 71.025391 -24.850794
v -327.297935 -66.598089 -35.066775
v -311.071414 31.008469 -13.147153
v -311.771304 0.890856 -8.439822
v -318.056607 -31.342495 -16.715183
v -321.510841 66.975466 -34.249303
v -326.099545 99.335986 -49.650302
v -313.500787 125.224654 -54.418578
v -301.170829 147.423576 -54.966438
v -282.828282 174.229414 -57.266181
v -259.297501 211.520720 -63.908723
v -239.259525 246.256461 -82.229467
v -224.711404 270.653681 -106.255044
v -194.894029 294.696183 -119.053858
v -159.551414 310.129003 -121.287186
v -127.367227 322.139636 -118.809684
v -91.402507 328.173514 -121.223991
v -72.530465 325.447428 -119.000791
v -48.792582 329.176664 -120.534518
v -18.749799 328.834480 -123.337234
v 7.403290 321.358224 -122.855251
v 55.422836 317.503945 -123.985834
v 82.306053 307.813085 -123.350187
v 31.691512 319.607473 -123.269216
v 112.367057 292.919205 -121.329274
v 145.425401 282.171858 -120.771585
v 170.881068 267.010418 -114.684752
v 203.564032 240.718647 -102.278186
v 244.779367 210.211453 -97.895656
v 251.705560 196.407736 -95.917759
v 305.314094 166.065736 -103.166079
v 331.620105 154.921281 -104.786618
v 407.572111 93.658872 -104.727251
v 401.407126 83.519106 -100.849974
v 383.689232 109.297128 -102.842159
v 360.075375 123.691044 -102.980569
v 337.014460 140.811637 -104.368686
v 336.900823 150.848316 -105.139999
v 448.160502 31.837752 -96.503069
v 445.241236 40.042648 -99.886055
v 448.439848 7.458694 -90.758754
v 456.457227 28.569830 -101.159896
v 457.558816 15.555028 -99.903093
v 450.214440 35.843044 -101.510638
v 449.537937 3.623484 -91.178225
v 449.334594 1.314306 -89.942312
v 456.864157 -15.362533 -93.948794
v 459.215788 -6.331052 -97.806758
v 462.274798 -11.788960 -98.986601
v 457.776432 -24.389857 -96.703289
v 461.842292 -19.837341 -98.000730
v 406.402223 -77.214802 -100.468187
v 410.764566 -90.467196 -104.878837
v 384.799171 -106.408015 -106.128845
v 344.098013 -130.188312 -111.162999
v 339.457081 -142.683635 -112.864692
v 306.188470 -160.528661 -111.838407
v 290.695579 -168.220632 -110.132370
v 256.388438 -190.459392 -107.293314
v 231.853531 -213.340105 -109.163270
v 201.477806 -235.786548 -117.417962
v 174.581307 -251.739719 -126.518926
v 154.141105 -271.051544 -133.456317
v 100.383529 -292.375662 -135.903842
v 85.913289 -304.461794 -139.284796
v 63.124520 -309.373137 -137.381273
v 26.587324 -315.145558 -137.542698
v 7.430855 -323.364366 -139.552657
v -15.781673 -327.120967 -138.761568
v -58.958707 -322.152626 -138.673087
v -80.328945 -326.024229 -143.872375
v -116.937807 -321.794183 -141.867309
v -153.138769 -308.459905 -144.833610
v -185.664640 -293.551975 -142.882574
v -214.519874 -271.971008 -137.055811
v -233.734523 -252.945257 -114.234653
v -247.963113 -225.287911 -86.241141
v -272.428677 -191.405525 -72.541319
v -297.615588 -152.381647 -65.950335
v -315.431739 -126.044372 -66.617555
v -330.641232 -99.258444 -63.115428
v -328.604672 -65.001253 -46.724155
v -318.145984 -29.818580 -24.850657
v -312.733012 1.057675 -15.251108
v -313.062963 29.328890 -18.193043
v -310.028941 1.714120 -19.617909
v -310.622709 28.684613 -20.744761
v -316.629760 -29.348175 -28.155147
v -319.926523 64.162767 -38.401626
v -323.676268 94.865439 -56.326665
v -311.934389 123.599611 -64.210382
v -298.890549 144.586122 -64.800284
v -280.829325 170.824785 -66.054889
v -259.329891 209.729513 -69.017206
v -243.208000 241.634320 -86.409910
v -224.722499 267.043365 -114.758838
v -194.993294 291.120070 -125.043591
v -159.259150 310.210088 -127.357064
v -126.926624 323.711613 -123.901087
v -91.019123 328.596662 -124.942610
v -71.600626 326.949687 -122.685658
v -48.838097 329.224775 -124.427675
v -19.418522 329.111609 -127.333963
v 8.067332 323.707042 -125.925904
v 30.818962 319.951086 -128.527137
v 55.927166 320.071537 -126.783315
v 83.037295 311.553376 -126.257606
v 114.293514 293.515296 -125.715525
v 145.748940 284.594267 -123.581061
v 172.366696 269.148793 -119.367626
v 202.936198 244.484829 -107.502166
v 245.595624 214.918200 -101.289275
v 250.468065 204.993441 -99.423715
v 243.560812 197.060899 -100.511844
v 247.693157 192.302687 -100.333712
v 303.810661 164.828565 -106.078952
v 329.505180 151.465720 -108.019161
v 333.191695 147.442086 -108.093164
v 335.475644 138.965911 -107.696768
v 359.634739 123.997293 -106.657606
v 381.966494 108.188099 -105.634874
v 406.049248 93.757716 -107.055799
v 408.761291 87.477375 -105.785613
v 408.350323 90.198567 -107.547180
v 401.671512 82.658071 -103.226614
v 414.388740 65.698470 -102.506007
v 425.379737 55.566383 -103.651559
v 440.945924 41.355140 -103.647388
v 447.181380 35.314491 -103.708618
v 455.305490 28.485380 -103.325597
v 457.507960 15.714010 -101.358713
v 455.652751 12.712408 -99.754960
v 455.159889 14.325141 -102.195146
v 460.187764 -6.688837 -100.174491
v 462.075237 -10.603103 -101.443990
v 461.425792 -19.921655 -100.396206
v 452.057451 -2.151348 -95.715093
v 449.977779 7.719540 -94.331741
v 446.985607 3.594094 -93.162458
v 458.967887 -25.484637 -101.399135
v 445.876406 -40.860917 -101.173282
v 431.285649 -54.121172 -101.717202
v 407.287727 -76.720091 -102.419926
v 409.432710 -89.294099 -107.125961
v 382.964310 -105.211847 -108.787391
v 342.460835 -128.428409 -114.138618
v 338.349726 -141.339293 -115.290860
v 305.508576 -159.862329 -114.413869
v 289.351375 -166.838990 -113.876777
v 257.629191 -191.585950 -109.155900
v 248.469586 -207.636363 -114.679436
v 227.862905 -222.662797 -114.346289
v 202.824966 -236.620656 -120.958020
v 176.366282 -251.680764 -130.068776
v 155.786742 -270.568558 -135.692220
v 98.866486 -288.389515 -139.751786
v 83.914783 -301.730668 -142.236526
v 61.595400 -308.801382 -140.972490
v 24.526630 -313.397715 -141.472654
v 5.278696 -319.639626 -142.783450
v -15.881164 -325.041957 -141.644813
v -56.301925 -317.098765 -148.244133
v -83.303494 -314.318278 -149.125538
v -121.154243 -307.763180 -150.972809
v -328.446452 -63.923954 -49.170960
v -326.787308 -97.919758 -70.294256
v -312.512866 -126.874302 -77.745912
v -288.876033 -156.460151 -80.129084
v -265.749360 -187.361093 -81.126612
v -247.218030 -218.754615 -94.198224
v -232.272422 -243.293235 -119.922023
v -214.724301 -266.469011 -144.819013
v -182.075436 -278.248964 -157.566806
v -153.651280 -293.166846 -157.779144
v -256.408577 206.302592 -73.393545
v -240.764599 235.839500 -90.717713
v -220.918594 259.210624 -118.530176
v -192.543451 276.165059 -139.833284
v -153.600661 294.808908 -138.382633
v -123.407573 305.600563 -134.873479
v -92.168285 312.129325 -135.189250
v -46.531928 311.851634 -138.287613
v -20.783388 306.833550 -140.064522
v -71.939102 307.943676 -137.389221
v 33.167353 299.793632 -139.397182
v 52.725142 295.330473 -138.853306
v 7.908078 303.935052 -139.928297
v 112.646792 272.993846 -135.934319
v 78.461051 286.397892 -137.719775
v 138.725799 262.983456 -129.555486
v 167.199834 249.422829 -120.527423
v 199.895218 233.213548 -109.349691
v 239.040328 204.601818 -101.141191
v -277.067062 168.119033 -69.614230
v -297.527563 142.859854 -69.657175
v -309.402441 122.227401 -67.095361
v -317.864446 95.217539 -57.385049
v -310.277515 65.964040 -39.028771
v -300.207276 29.758446 -17.542864
v -301.749302 1.657409 -12.650122
v -307.859115 -31.082375 -24.723763
v -318.296556 -63.857598 -48.470666
v -314.613565 -95.827325 -67.062492
v -298.840944 -121.981239 -72.473904
v -277.729239 -150.412574 -67.472821
v -253.844309 -181.857808 -73.051880
v -235.600195 -214.415271 -88.603035
v -219.797689 -240.535114 -115.022368
v -208.494115 -258.843750 -147.440903
v -179.915919 -271.616884 -158.606347
v -154.901761 -278.812131 -159.780824
v -120.073967 -289.389605 -154.780128
v -83.306885 -289.911529 -154.070491
v -47.148783 -290.486640 -155.085924
v -18.868920 -288.236435 -153.913991
v 3.190348 -286.492832 -151.997872
v 21.396849 -282.116114 -150.640968
v 53.858533 -276.052201 -149.647362
v 74.386833 -271.599433 -149.345334
v 95.833897 -263.498426 -147.629271
v 137.933267 -241.761784 -137.872595
v 164.980610 -230.211847 -127.587085
v 194.999189 -213.874873 -116.843721
v 233.967916 -190.576352 -111.195336
v 247.216473 -179.535846 -111.023168
v 276.882190 -153.422981 -116.061424
v 295.421719 -141.508054 -117.097986
v 317.730887 -126.746923 -116.596950
v 328.443824 -113.378659 -116.334334
v 368.516497 -86.213823 -114.372594
v 381.640851 -77.076917 -111.160082
v 387.707239 -69.011393 -107.175601
v 415.350184 -50.878803 -107.845042
v 424.511717 -30.406876 -106.532137
v 432.071165 -17.994871 -102.859315
v 437.777644 -11.924592 -100.564671
v 439.399185 -5.605757 -98.080512
v 436.180247 0.185281 -96.544448
v 438.592806 8.244475 -97.376670
v 440.592542 14.437646 -99.751333
v 443.411528 17.007958 -101.288047
v 444.889205 20.651367 -102.998556
v 443.602157 24.623536 -104.524433
v 438.344412 28.224789 -105.715695
v 429.556457 31.682500 -106.925540
v 413.066012 44.215273 -107.871725
v 402.456688 54.609233 -107.956321
v 392.228498 73.036145 -106.409406
v 392.433824 81.988166 -106.670449
v 395.678553 87.899439 -108.061854
v 390.130107 91.800352 -108.785735
v 377.295408 101.223327 -109.796147
v 328.068695 132.280567 -110.384614
v 354.469585 114.707091 -112.175487
v 321.925420 138.509152 -110.292817
v 317.620430 143.730769 -109.953806
v 295.132176 155.798743 -109.433422
v 252.095888 178.305532 -104.917689
v 235.529577 190.975823 -101.922642
v 230.016449 197.536028 -102.044619
v 192.584726 224.084009 -108.587913
v 154.028374 235.147328 -114.737609
v 128.481066 247.193466 -128.732107
v 106.110857 260.199161 -134.856510
v 71.598272 273.144382 -135.973786
v 47.610077 279.456272 -137.054648
v -48.045688 293.582580 -139.350741
v -23.962849 291.433563 -141.120165
v 2.755887 286.546722 -139.094506
v 32.362906 282.038724 -137.083260
v -149.964453 285.927907 -139.407303
v -121.084597 292.025208 -136.445156
v -92.784045 294.794826 -135.429924
v -72.436560 295.200466 -137.931294
v -179.996329 271.055077 -146.097577
v -190.548536 268.875651 -138.787301
v -194.195950 270.286651 -141.722960
v -213.098759 262.345894 -122.855609
v -207.773238 262.371007 -120.436538
v -213.513196 257.387107 -113.633432
v -233.720455 235.651807 -86.948349
v -251.887806 205.116152 -70.826625
v -272.637188 167.083334 -64.952179
v -287.893745 138.897702 -59.329665
v -297.552983 117.621042 -57.988254
v -297.285847 102.472535 -42.941230
v -298.359612 71.456368 -29.753968
v -289.397592 37.345618 -8.636241
v -291.645024 11.527723 -1.554192
v -297.620091 -33.169611 -17.177330
v -293.644788 -9.550618 -3.232885
v -298.228389 -72.881150 -33.366193
v -293.852267 -92.849961 -34.071157
v -282.355483 -110.898263 -36.086614
v -263.571559 -143.380821 -43.739008
v -236.779961 -177.773802 -53.088869
v -219.604317 -210.541903 -74.985105
v -203.554888 -233.487713 -101.441757
v -194.511256 -259.761802 -120.798011
v -174.473206 -273.431054 -125.378307
v -150.709397 -281.941849 -136.277473
v -118.693418 -288.736459 -135.509274
v -86.096503 -290.815388 -134.263792
v -50.099337 -289.562586 -134.107081
v -21.679111 -286.733176 -134.088344
v 21.351502 -279.138833 -134.880942
v 1.788344 -284.499336 -134.421784
v 72.439896 -266.800248 -132.306987
v 93.032041 -255.001497 -128.953671
v 50.845953 -273.530836 -134.546980
v 128.166408 -238.604863 -118.455433
v 157.860544 -222.536498 -108.037709
v 185.915609 -203.345308 -101.978298
v 215.695168 -178.560485 -98.741007
v 238.348178 -160.808242 -99.541247
v 305.470170 -115.228168 -105.064911
v 327.173424 -98.891906 -106.750646
v 286.558393 -128.549306 -102.995391
v 265.001393 -141.296403 -102.264458
v 361.719713 -68.385782 -104.212104
v 380.820168 -45.336806 -100.948913
v 393.271229 -27.417630 -98.993680
v 408.353571 -11.431278 -98.116405
v 420.614949 -7.002399 -98.495661
v 423.546268 3.324063 -99.072698
v 397.477067 32.341846 -103.678611
v 415.283241 20.907311 -102.703959
v 427.974362 21.928900 -104.186491
v 423.407424 11.063707 -99.108595
v 432.027264 17.563169 -102.021398
v 385.504899 44.958722 -104.810739
v 373.337542 63.781469 -105.319809
v 376.290052 77.239516 -108.689995
v 364.168687 86.162060 -110.912213
v 346.414610 101.320311 -113.204021
v 322.060911 118.836610 -110.566104
v 313.529017 126.882537 -109.710612
v 302.285273 128.894074 -106.548395
v 285.300942 143.405405 -106.715830
v 246.060113 164.711690 -99.603628
v 226.864664 178.447092 -93.855324
v 215.241474 189.461699 -94.088265
v 181.037088 218.728575 -100.549968
v 148.510140 235.267555 -103.042304
v 116.681563 251.150985 -108.607899
v 96.043877 259.749224 -116.949383
v 65.306074 274.107407 -119.009052
v 39.121615 281.767264 -121.041814
v 23.952091 285.276847 -122.686934
v -0.056485 288.556370 -123.111538
v -25.785154 293.238055 -124.678251
v -52.569942 296.298364 -123.256208
v -75.824201 295.586784 -122.735819
v -95.151655 295.928896 -119.077343
v -125.788730 294.176128 -118.881035
v -162.842315 284.686590 -120.996121
v -177.319839 275.780452 -126.981785
v -191.795138 271.546479 -114.503348
v -198.455673 262.717099 -100.190031
v -203.412754 248.961705 -94.886476
v -217.172519 231.533327 -80.149191
v -237.808526 200.211110 -64.172025
v -262.220125 163.572099 -52.358438
v -280.014033 134.308021 -45.528532
v -286.962960 7.661885 0.936229
v -290.684606 4.704564 -5.844290
v -290.374834 0.208043 -6.232232
v -287.187444 -3.758419 -0.384154
v -289.056502 2.674540 -8.275275
v -279.323526 3.114561 -8.557122
v -279.179558 -0.948470 -7.947244
v -279.598489 -5.402054 -2.771069
v -278.463938 5.684656 -6.761196
v -278.080288 8.139144 -1.509616
v -278.241701 7.568822 11.002137
v -273.521688 6.775837 5.048133
v -274.505016 -5.939758 4.380463
v -278.467967 -5.951039 11.761533
v -267.910474 -1.269473 9.208753
v -262.695292 -0.432694 20.293117
v -261.469382 2.089707 21.532727
v -267.595707 2.523260 8.547759
v -267.557788 0.140415 8.260140
v -261.510555 0.481776 18.359001
v -272.150445 0.422641 3.451818
v -275.206531 1.429663 -1.307515
v -256.167208 -1.682239 24.154512
v -255.598091 -0.350123 18.108506
v -255.493619 3.285226 24.385877
v -254.048234 -3.761996 24.389825
v -252.793444 -0.768150 14.813062
v -252.040525 5.803178 24.063833
v -243.055794 -7.546325 15.939339
v -242.826167 -9.326165 28.526128
v -240.789650 11.230686 26.848979
v -240.924682 7.334574 15.228853
v -225.266541 -13.551141 21.494757
v -227.978507 -17.483200 26.505975
v -225.529083 13.782071 27.631946
v -222.300838 8.625914 23.674558
v -216.889444 -23.790462 20.941565
v -224.609386 -25.392911 23.712633
v -223.122463 -33.607202 15.642616
v -228.704782 -33.424796 19.733337
v -232.957752 -43.687889 12.223738
v -236.435144 -38.358281 16.371804
v -223.056058 22.367978 25.356234
v -216.816325 19.823878 23.310896
v -225.334573 30.240653 22.371171
v -217.522765 32.404213 18.769188
v -236.710322 32.360303 19.783140
v -232.131796 41.278193 15.612235
v -235.715661 23.739963 25.144714
v -237.513218 -25.733682 23.742281
v -230.358982 -20.882868 11.977215
v -226.788182 -12.376934 14.012419
v -220.360386 -27.587780 7.467387
v -241.336249 -8.946579 9.066517
v -249.507412 -3.363762 7.218897
v -251.247727 0.656624 6.381974
v -240.666206 4.734222 10.136736
v -252.592692 -1.217200 7.281012
v -226.618806 8.204944 15.309129
v -221.191103 17.810980 15.493776
v -217.035664 26.079797 14.030704
v -223.425469 21.208725 10.587446
v -228.033643 14.635898 8.195712
v -234.660046 9.326365 8.223485
v -240.376343 3.796439 5.471069
v -251.170438 0.695316 1.254639
v -251.847071 -1.657801 1.712479
v -250.082862 -5.381508 3.465956
v -242.173655 -9.981519 5.644749
v -219.247843 -47.021322 13.687370
v -227.027772 -54.647744 8.081953
v -215.709581 -35.164451 10.366163
v -226.020760 51.206875 13.886186
v -211.276787 41.913937 15.638734
v -209.833354 32.063633 10.427824
v -207.840136 25.237385 4.379097
v -216.334776 22.803371 4.335183
v -224.114844 17.003570 0.618583
v -225.006185 32.211757 7.015521
v -224.640199 29.956276 -3.676337
v -225.635025 26.213617 11.147339
v -229.269741 35.801787 10.776590
v -230.246244 45.268815 2.703034
v -228.724356 36.881064 -2.376303
v -229.408628 49.333455 7.606595
v -234.106329 21.949228 5.910726
v -237.748520 16.123264 4.706999
v -237.956522 11.298307 5.497369
v -236.732813 24.197420 7.595749
v -233.343051 29.453057 11.306596
v -237.450980 28.708082 9.373773
v -237.004669 33.848535 15.030174
v -239.275775 33.579438 12.696818
v -232.228781 32.767460 12.601311
v -235.583524 37.963898 15.189198
v -231.762436 44.220134 12.434306
v -228.231384 48.755280 11.562910
v -235.282758 37.270264 16.310259
v -236.881380 33.577054 17.757689
v -241.470255 34.636744 18.793432
v -241.203082 31.533895 21.021270
v -245.275744 24.487298 23.792252
v -252.391413 17.162709 25.102784
v -259.190783 12.351656 24.144044
v -261.606362 10.556865 23.238984
v -265.996079 9.250180 20.396391
v -277.141044 12.553986 14.017590
v -241.196238 36.274839 8.866037
v -239.735047 30.737870 4.383671
v -238.768778 26.417201 1.944092
v -239.433623 21.517733 0.441913
v -241.999016 16.535352 -0.416610
v -241.596955 12.418253 -0.187316
v -241.770072 8.741257 1.471210
v -242.368320 4.698529 0.922573
v -250.925926 1.566124 -1.716293
v -237.015259 -19.959719 9.630882
v -237.170090 -15.414882 9.848598
v -236.081735 -23.096779 9.133212
v -233.874002 -24.569312 10.008839
v -230.827172 -26.413974 8.079610
v -227.277414 -30.729521 3.078067
v -220.352015 -24.472191 2.437552
v -213.645109 -28.305992 2.866939
v -235.463323 -42.482435 10.612137
v -229.613627 -48.138940 6.482184
v -227.468101 -40.553340 4.736579
v -233.212203 -35.521768 9.646489
v -236.520271 -33.414705 10.540959
v -238.690924 -41.384638 10.817805
v -238.390617 -32.576033 8.458951
v -239.471889 -40.696746 7.604846
v -243.368380 -35.444509 17.145270
v -245.073953 -41.258776 11.890293
v -247.419928 -28.446947 21.474821
v -242.677691 -15.847058 3.906944
v -242.094239 -10.966316 2.220254
v -243.751248 -19.424415 2.313596
v -238.971438 -22.910223 5.451229
v -239.915617 -30.698017 5.325053
v -239.587919 -39.192497 3.933147
v -242.490657 -45.482597 9.349575
v -240.844237 -47.725305 5.915451
v -252.330209 -16.706218 24.999037
v -258.612164 -10.926384 24.401372
v -262.542266 -8.590993 22.822001
v -266.458962 -8.367592 20.520939
v -277.031122 -10.624192 13.914889
v -284.067580 -14.958298 7.048923
v -283.206082 -8.933174 8.678540
v -286.498691 -7.054060 5.190250
v -288.653447 -14.008845 0.853660
v -287.656676 17.861116 2.761271
v -286.279063 10.932099 5.797048
v -282.241298 10.533191 9.057888
v -281.661544 16.309832 9.973766
v -232.362066 36.101266 -2.328769
v -232.201536 29.506586 -7.730931
v -234.641695 42.558207 1.887150
v -246.899698 37.988154 13.085006
v -239.527006 46.535133 6.335939
v -233.686068 48.985508 3.281549
v -249.519219 34.823161 16.449870
v -251.904476 27.973110 20.757688
v -258.835991 24.744693 20.430453
v -264.322958 18.241843 20.539317
v -273.239880 20.503886 13.752928
v -279.020621 26.851548 5.611561
v -285.448910 29.154299 -2.045568
v -229.280936 -56.605659 1.523721
v -227.827845 -49.616290 0.295233
v -227.754743 -42.885603 -1.224670
v -225.256396 -34.977907 -3.297053
v -223.872901 -28.158354 -4.806212
v -238.630028 -49.188953 0.017273
v -238.345857 -40.064122 -2.541407
v -239.979779 -32.449705 -3.328378
v -238.924170 -27.362642 -5.675129
v -232.065241 -45.505194 -2.502890
v -233.189970 -53.401351 -0.977298
v -230.343016 -40.321117 -4.258091
v -229.867400 -33.866582 -7.850507
v -248.063293 -49.763837 6.894451
v -252.417245 -45.887993 7.329847
v -243.376175 -54.196947 5.017925
v -238.468771 -58.744258 1.419641
v -234.673029 -60.656988 -0.358466
v -230.425232 -62.858655 1.593078
v -225.230665 -62.625580 6.921424
v -216.863671 -54.473742 12.423625
v -214.116482 -44.748503 11.080628
v -227.999316 -29.540298 -11.421105
v -238.834143 -24.414911 -10.210855
v -205.090390 18.356943 -3.945091
v -214.690526 16.360545 -3.253674
v -222.606857 12.233647 -6.903800
v -224.293126 22.183679 -13.084737
v -234.646096 22.927144 -13.052553
v -239.537097 20.704962 -7.904868
v -244.256288 14.195082 -4.380562
v -243.961210 -21.049836 -4.652449
v -248.595733 -12.068283 -0.854886
v -244.923311 -16.407182 1.462367
v -245.691565 -18.292683 1.094340
v -245.970442 -18.550527 -4.421564
v -244.145080 -17.668815 2.351384
v -247.382642 -17.565466 2.408209
v -247.287621 -17.135504 3.960200
v -245.890043 -19.098005 3.060924
v -246.820236 -18.942177 2.037587
v -249.151179 -20.197681 3.292061
v -248.588365 -20.253891 5.110173
v -248.003297 -21.287880 1.965132
v -247.190823 -21.737574 3.924258
v -248.930870 -22.023219 3.809449
v -249.169029 -21.560154 5.223081
v -248.600857 -21.965011 2.978755
v -250.544545 -7.363511 -0.036263
v -251.841358 -9.137176 -2.402638
v -251.178673 -2.899750 -1.730905
v -249.466420 -3.156109 -4.223627
v -250.938010 1.934752 -4.495392
v -245.788592 9.999898 -0.706513
v -247.910954 8.753118 0.094809
v -251.340168 5.401006 -1.263266
v -249.585255 12.084936 -2.906568
v -247.397860 13.248060 -7.573521
v -251.306592 10.655135 -2.012367
v -252.405117 6.601959 -4.175794
v -242.825067 15.460826 -9.933773
v -240.526796 17.462122 -13.064113
v -251.899983 -13.908881 -2.451556
v -255.014084 -10.679690 -4.338252
v -246.361739 -17.029687 -6.203541
v -251.356243 -5.865249 -7.121246
v -254.494739 -11.838563 -7.420400
v -253.607853 -5.042492 -10.212806
v -250.391691 -13.669175 -6.257049
v -246.772340 -15.865387 -9.116288
v -253.715915 15.652479 -4.736748
v -253.344451 16.524619 -7.717357
v -255.240251 13.454881 -4.488656
v -254.949189 9.274643 -6.851613
v -254.002602 5.283725 -7.697418
v -252.662742 4.081602 -9.557485
v -248.901262 2.235695 -5.808988
v -246.865498 -2.770101 -4.914774
v -248.626473 -5.876241 -8.032374
v -252.485530 -5.305501 -11.557712
v -243.497462 -19.775266 -8.258393
v -247.993736 15.048985 -11.315057
v -244.536454 14.925483 -12.354981
v -252.790995 16.395330 -11.260099
v -256.085136 16.616434 -8.386326
v -256.500758 16.253122 -6.338055
v -257.143657 15.269326 -6.121840
v -258.138885 14.379424 -8.391508
v -256.227522 16.708578 -11.465746
v -258.405340 13.784818 -10.861959
v -255.757697 8.843850 -10.071321
v -254.886919 5.070657 -11.023872
v -252.377372 5.772336 -12.339011
v -245.419211 13.382710 -14.282311
v -248.364380 13.275298 -13.921595
v -246.463197 8.909489 -12.743257
v -249.731390 8.970616 -13.556796
v -257.507977 16.066798 -15.018707
v -259.068658 13.623242 -14.657002
v -252.711501 15.647463 -14.578079
v -256.886550 8.811886 -13.115354
v -255.086600 5.840946 -13.172395
v -252.337100 7.256218 -13.792006
v -256.274403 13.868589 -17.619972
v -257.564897 11.914231 -17.527785
v -252.925527 13.737359 -16.751378
v -250.900770 11.704900 -15.325931
v -257.239503 8.601297 -16.466961
v -255.013210 7.568241 -15.961809
v -252.543784 8.724363 -15.320471
v -254.398339 11.794815 -17.877546
v -255.427302 10.931197 -18.057690
v -253.087155 12.029354 -17.294853
v -255.221674 9.372115 -17.573268
v -254.328474 9.269567 -17.162907
v -252.492087 10.690961 -16.645927
v -250.945222 9.659686 -14.663977
v -247.160167 7.052308 -11.017966
v -249.969452 6.578507 -11.848761
v -250.015956 5.025936 -9.798224
v -246.712952 3.722823 -7.450422
v -253.567084 -7.278011 -13.961107
v -256.205692 -7.612215 -13.302493
v -257.540710 -12.181347 -11.301985
v -256.386936 -14.269574 -8.034997
v -258.337731 -14.065565 -10.634413
v -251.226400 -15.819893 -10.421129
v -254.283106 -14.849185 -7.865126
v -257.453037 -15.819433 -10.121571
v -255.660448 -16.835508 -10.117164
v -258.973134 -15.190721 -12.101858
v -254.255737 -17.229107 -11.119722
v -259.073532 -13.029200 -13.569546
v -257.430209 -9.146578 -15.196345
v -254.058506 -8.264422 -16.069854
v -256.612047 -17.229246 -12.797980
v -254.892206 -17.371625 -13.303113
v -257.667714 -16.809448 -12.837321
v -258.962452 -16.086769 -13.974970
v -259.428793 -14.208114 -15.530051
v -258.280502 -10.588278 -17.563075
v -254.330449 -9.966550 -18.222160
v -250.335910 -15.904609 -13.571223
v -247.454689 -15.521293 -12.733238
v -247.547140 -6.762043 -9.907373
v -248.940134 -7.663506 -11.587779
v -249.816995 -9.164825 -13.384509
v -250.509618 -10.518073 -15.225977
v -250.726346 -12.291270 -17.155440
v -257.317213 -17.065749 -15.733406
v -256.319693 -17.354348 -15.375330
v -258.215450 -16.529929 -16.415784
v -258.432017 -15.316009 -17.701266
v -257.388750 -12.894423 -19.004456
v -254.397030 -12.978183 -19.762829
v -253.018419 -14.700264 -19.481299
v -254.676231 -17.333746 -15.844583
v -251.003317 -15.778878 -16.363032
v -255.898132 -15.153735 -19.587809
v -256.686098 -16.212846 -18.712373
v -256.654075 -16.938832 -17.637518
v -254.516552 -16.859138 -17.962515
v -252.348055 -15.702993 -18.379349
v -250.212167 -14.106054 -17.167609
v -248.530782 -14.960792 -15.225872
v -247.746589 -10.875239 -14.319076
v -248.231433 -12.354038 -15.493816
v -246.090404 -13.958980 -15.124750
v -247.542275 -13.997702 -15.533751
v -246.447367 -9.372096 -13.050746
v -244.226468 -13.174591 -14.945996
v -244.068441 -15.399227 -14.351925
v -245.433500 -15.131807 -14.374999
v -245.274998 -15.789017 -10.441562
v -246.036802 -15.508384 -12.609230
v -244.504602 -7.183619 -10.685483
v -244.548946 -2.015838 -5.190616
v -240.373569 -1.455373 -2.693528
v -243.207517 3.305603 -7.447502
v -236.282846 0.549498 -1.191271
v -239.001484 2.980233 -4.602487
v -235.946622 -3.569439 -3.904033
v -238.564483 -4.218083 -4.100799
v -241.520921 -6.267733 -9.575048
v -238.621470 -3.040401 -8.032936
v -240.211895 -5.333176 -11.612593
v -242.480352 -6.935076 -12.325884
v -238.024716 2.562612 -7.331788
v -236.778979 0.000616 -6.375430
v -239.605812 -0.393717 -9.754847
v -239.394928 -2.032804 -10.662055
v -239.684503 1.662299 -10.188265
v -239.023396 -3.583991 -12.401172
v -240.885579 4.135758 -9.175021
v -240.430723 3.662589 -11.261918
v -244.086545 6.111637 -10.668371
v -242.659659 5.822692 -11.520901
v -242.009634 5.212975 -13.765932
v -239.269664 -5.195214 -15.082073
v -241.245808 -5.362144 -15.153395
v -242.393461 -7.968772 -15.005468
v -243.182549 -10.454779 -14.665518
v -242.453263 -12.650176 -15.870246
v -241.290416 3.831130 -15.980392
v -240.513597 2.120333 -13.884203
v -239.533035 0.869276 -12.369969
v -238.757076 -0.464666 -11.627990
v -238.006220 -1.565733 -11.856562
v -237.563354 -3.288459 -12.409501
v -237.474043 -5.706127 -13.823597
v -243.744783 8.084784 -13.507590
v -243.438969 12.117019 -15.158290
v -241.942432 14.898279 -14.928835
v -243.051546 7.735402 -14.230256
v -242.620097 6.878769 -16.103414
v -241.602417 11.215558 -16.318234
v -240.446299 13.881441 -16.504540
v -240.395457 10.145395 -17.759078
v -238.548124 12.861423 -17.959125
v -240.727021 5.679596 -17.362894
v -238.779530 8.760458 -18.185712
v -236.529343 11.498654 -18.117373
v -237.870943 18.185049 -16.434323
v -235.272720 20.365543 -17.254838
v -231.044725 23.419932 -16.736725
v -231.704098 20.778670 -18.754745
v -229.944432 26.029479 -13.416037
v -229.407602 28.911374 -10.018599
v -226.800349 28.614940 -9.262769
v -226.418736 26.202107 -12.580749
v -228.873989 23.744938 -16.476081
v -226.708522 23.169017 -15.876987
v -224.652549 19.124703 -16.138237
v -223.318333 12.086543 -12.313293
v -236.034749 16.125026 -18.759995
v -234.016251 17.549121 -19.160890
v -231.151340 17.060515 -19.549957
v -233.691558 13.899418 -18.895116
v -228.240486 20.532645 -18.656498
v -225.054625 15.325832 -17.761966
v -227.871019 16.971470 -19.206405
v -223.045325 11.041361 -15.988005
v -241.537536 -18.287132 -12.424579
v -237.487347 -21.697096 -14.379872
v -241.666668 -15.243208 -16.260348
v -239.862367 -17.301799 -16.592895
v -236.870416 -19.683010 -18.273641
v -239.453914 -6.651804 -17.512878
v -241.177966 -6.263914 -17.238817
v -241.942124 -9.280245 -17.178751
v -237.369311 -7.731673 -16.034702
v -239.882031 -9.960773 -18.361385
v -236.997375 -9.769079 -18.265818
v -239.636544 -14.356485 -18.084438
v -238.259252 -15.811337 -19.295148
v -236.632619 -12.256366 -19.063564
v -238.872395 -12.339126 -18.661858
v -235.144297 -16.943038 -20.065161
v -233.830032 -13.194458 -18.679751
v -233.750702 -10.467369 -16.536883
v -234.245259 -8.238676 -14.640373
v -234.423731 -5.971122 -12.372044
v -234.877649 -3.201056 -10.620204
v -235.825550 0.019407 -10.065419
v -238.046433 5.556207 -15.704725
v -238.425569 3.770901 -14.832908
v -238.515786 2.397861 -13.928145
v -237.721798 1.592129 -12.351054
v -237.275393 0.397094 -11.436892
v -236.632806 7.852902 -16.211010
v -234.720678 9.863223 -16.963070
v -231.764138 11.578316 -17.603630
v -229.777441 13.543255 -18.837782
v -228.123911 13.511520 -18.925071
v -226.246451 11.934685 -18.687613
v -224.364393 9.445941 -18.023151
v -231.584361 -26.165862 -14.011891
v -230.585862 -24.500662 -16.441657
v -226.153823 -25.959704 -14.533611
v -233.780013 -23.073781 -16.060695
v -234.323140 -25.198450 -13.205089
v -231.876406 -18.305859 -20.637235
v -233.139295 -20.986936 -19.232755
v -229.634773 -22.302778 -19.196557
v -228.629804 -19.802721 -21.377926
v -225.550821 -23.443744 -17.802657
v -224.245221 -21.006815 -20.340324
v -230.429511 -14.549377 -18.107424
v -227.453394 -15.590197 -20.068913
v -224.455644 -16.834873 -19.339806
v -230.097515 -10.910916 -16.284308
v -226.754285 -10.785497 -18.181799
v -230.593437 -8.158590 -14.166199
v -223.631267 -12.039613 -18.021142
v -224.594352 -25.612361 -9.809238
v -222.728016 -22.702704 -14.681468
v -223.270487 -20.085579 -17.058430
v -224.282222 -16.544596 -15.758912
v -223.295784 -12.058627 -14.872274
v -220.198468 -20.246975 -2.141590
v -224.706709 -23.002215 -5.773708
v -224.850450 -21.215574 -9.019397
v -224.486271 -18.678840 -12.769734
v -222.482090 -14.101791 -5.336209
v -222.874247 -11.492334 -9.793402
v -226.643292 8.125548 -17.263544
v -228.143115 10.167699 -17.915120
v -229.326356 11.406719 -18.138079
v -228.747846 7.321550 -15.563398
v -230.212831 9.004138 -16.379009
v -232.767312 8.401527 -15.391931
v -234.727309 7.206083 -14.252689
v -235.633102 5.448942 -13.438222
v -236.132109 2.945224 -11.782670
v -230.922219 -5.530886 -12.206825
v -231.333329 -2.730904 -10.305269
v -231.971558 0.623988 -9.444852
v -232.443983 3.502193 -11.068333
v -232.819839 5.353885 -12.267982
v -232.631882 6.732540 -13.130764
v -231.075208 7.190963 -14.021663
v -227.523668 -7.811993 -15.107670
v -227.757696 -5.196813 -12.948093
v -227.930614 -2.262018 -11.460347
v -228.133222 0.923053 -10.646560
v -228.980965 3.698562 -11.284507
v -229.612712 5.838942 -12.646523
v -227.121780 6.024920 -14.113290
v -225.038089 6.016243 -16.569520
v -222.618610 7.076239 -17.314231
v -220.913676 8.017233 -15.243472
v -220.468533 8.643660 -12.277620
v -218.196898 9.589930 -9.198393
v -217.731688 11.520689 -6.527216
v -214.929336 9.843140 -7.698904
v -214.122817 13.411863 -4.879737
v -211.496676 11.722997 -6.514756
v -225.707691 3.645506 -13.509043
v -225.285341 0.760947 -13.210459
v -224.999821 -2.015047 -13.563358
v -225.344692 -4.783230 -14.707695
v -225.665876 -6.901917 -15.924472
v -224.384968 -7.885457 -17.406192
v -222.123640 -8.574381 -17.013804
v -223.025201 -4.837043 -16.375013
v -220.432701 -5.565662 -17.234800
v -220.712263 4.407998 -17.083736
v -223.776365 3.506319 -16.343397
v -222.409706 -2.104446 -16.058313
v -219.533117 -2.098057 -17.115457
v -219.099173 1.404770 -16.928979
v -222.709542 0.945209 -16.180886
v -218.900491 5.463481 -15.060878
v -218.324291 5.926614 -12.187520
v -216.369888 6.377219 -10.445626
v -213.084125 7.031447 -9.124146
v -208.794392 8.831495 -8.304776
v -202.460873 12.213244 -7.293427
v -216.779101 3.803109 -12.765372
v -217.092964 3.110174 -14.916589
v -214.930067 3.578001 -11.719255
v -211.539833 4.040271 -10.622580
v -206.779374 5.556013 -10.300629
v -199.858235 7.492348 -9.766742
v -217.555795 -2.091508 -15.404823
v -216.697636 0.234442 -16.189935
v -219.130912 -5.007383 -14.837047
v -221.231389 -8.413931 -14.539189
v -214.678069 1.631326 -14.454924
v -215.242199 -1.591637 -13.986095
v -217.505965 -4.338659 -12.525231
v -219.647212 -8.203883 -11.793219
v -211.031455 1.573151 -12.754309
v -205.994404 2.172026 -12.402596
v -198.899540 2.876702 -11.717296
v -211.683775 -1.778011 -12.855071
v -206.566172 -2.156013 -12.741395
v -199.050756 -2.176877 -12.550643
v -213.880265 -4.798565 -10.631586
v -216.363763 -8.714826 -9.294046
v -218.326154 -11.339399 -7.829970
v -217.532631 -13.939485 -5.832903
v -215.805996 -20.018513 -3.073168
v -208.344459 -6.444974 -10.340553
v -211.191787 -11.953715 -7.138553
v -210.545066 -18.799941 -5.355646
v -208.532023 -27.914431 1.504579
v -208.642229 -36.066927 7.033379
v -210.680113 -44.750513 9.865966
v -212.133185 -54.702997 11.522576
v -213.373289 -63.108992 11.628397
v -200.304366 -7.473880 -10.880652
v -202.176504 -12.826766 -8.129246
v -203.385034 -19.204104 -5.434911
v -204.114231 -27.510719 1.921988
v -205.021145 -35.967190 8.786763
v -206.773748 -44.557500 11.161338
v -207.989034 -53.942668 12.829062
v -208.366985 -61.890806 13.320594
v -229.604422 50.938632 5.229539
v -230.139498 48.535787 2.167090
v -233.012769 47.905216 -0.294991
v -230.885091 57.717482 6.884147
v -229.224981 56.590214 1.207806
v -229.848548 58.092332 7.420842
v -228.369717 54.840093 10.049630
v -225.480217 50.581452 2.696257
v -226.982840 51.836445 4.279890
v -224.549620 56.797183 5.168953
v -223.270121 62.428173 5.349542
v -226.910722 63.230892 7.702586
v -223.002173 69.145342 5.412307
v -226.625668 69.950182 7.763645
v -224.353456 78.914319 4.059454
v -227.996329 80.924371 6.577199
v -229.330521 62.761787 6.434785
v -227.692623 62.471373 2.420027
v -229.505394 70.778561 6.788299
v -226.986651 69.350360 2.646065
v -230.501347 81.819306 4.974683
v -227.779704 79.060960 1.333219
v -230.615944 86.284408 1.390191
v -228.950674 84.609111 -0.155499
v -226.654446 85.862110 0.980364
v -229.176183 87.492674 3.301235
v -235.960494 57.886629 6.301293
v -228.351722 63.198361 10.025373
v -225.232520 61.323481 13.551830
v -230.439539 88.162062 0.969726
v -228.474035 86.751667 -0.935754
v -225.431243 83.825504 -0.392010
v -226.908218 84.150720 -1.525320
v -227.826108 83.463454 -1.300083
v -231.143265 48.797671 -2.745258
v -229.118018 48.442252 -2.369790
v -228.175838 55.391894 -2.011421
v -226.255220 61.458696 -0.875320
v -225.166824 68.168868 -0.243042
v -226.307830 78.133277 -0.975523
v -223.120509 78.061430 0.904448
v -221.484733 68.969322 2.104208
v -221.294366 62.482034 2.556439
v -221.924779 56.770978 2.622573
v -225.955761 50.497327 -0.958185
v -221.735787 54.097952 2.160312
v -222.799537 50.399385 2.418688
v -222.418073 53.971845 0.581682
v -223.454640 51.277905 0.668913
v -222.004856 56.598461 0.676041
v -221.926112 62.355480 0.384008
v -222.078623 68.655171 -0.026668
v -223.649920 77.010770 -0.987487
v -228.852696 50.495834 -3.202956
v -226.500348 54.927016 -2.763663
v -224.315170 54.619287 -0.951679
v -223.868652 57.895840 -1.110312
v -225.053910 58.551187 -1.986901
v -230.213421 86.483820 3.698045
v -230.603413 87.403945 2.012731
v -230.700369 86.190677 2.535123
v -230.645503 84.881878 4.221241
v -236.003092 64.209881 6.640760
v -231.432417 63.469655 8.220675
v -228.834757 85.634185 4.562434
v -227.175130 85.340066 3.573997
v -226.479520 83.236771 4.429939
v -228.274008 83.331268 5.801468
v -229.764604 72.534785 8.933311
v -224.933450 70.328707 12.604042
v -238.200045 73.075476 5.542759
v -233.484921 72.690035 7.552893
v -238.621972 82.914874 3.517872
v -231.923894 80.898474 7.801689
v -228.853848 81.100902 9.351791
v -221.953643 81.359945 12.783310
v -227.769253 90.939398 7.989540
v -220.997281 93.671503 10.481205
v -232.724287 92.139339 4.207395
v -240.020715 93.082563 -0.282086
v -220.620386 56.813733 16.704853
v -208.326995 50.286314 18.579537
v -217.877154 69.254233 17.140998
v -207.996693 66.645625 20.498024
v -214.551751 80.196344 16.093648
v -206.232440 79.342583 19.315236
v -211.966151 92.644070 13.025497
v -197.872957 87.483254 20.744962
v -254.216849 -38.310589 11.351365
v -257.230623 -34.085050 13.798682
v -258.494218 -26.136215 19.205043
v -264.697584 -19.997108 19.173502
v -273.784928 -22.591904 11.394541
v -278.721016 -28.542422 2.258715
v -287.610089 -29.362608 -5.850107
v -236.265680 -74.346779 -0.870188
v -241.268248 -72.206016 0.659728
v -231.371925 -73.764668 0.851322
v -225.655639 -72.271529 4.788069
v -215.274446 -74.296261 9.668570
v -208.197134 -73.447438 11.709936
v -246.761312 -63.431113 2.830988
v -251.440822 -55.571922 3.759528
v -259.852445 -48.818180 1.152279
v -260.305590 -41.285905 4.734853
v -263.589757 -35.063624 8.938776
v -267.609776 -31.557828 8.048882
v -269.284662 -34.595461 2.855068
v -273.760648 -43.027932 -2.166771
v -278.290485 -55.366215 -9.884993
v -281.608792 -68.893806 -17.376887
v -279.085520 -91.249593 -22.190519
v -258.501938 -79.357889 -6.968093
v -259.938942 -67.758235 -3.166468
v -258.441820 -94.732053 -12.337281
v -268.493124 -109.462402 -23.314954
v -249.968141 -134.721760 -29.102947
v -250.792637 -108.046456 -14.799420
v -237.048449 -127.194865 -18.630865
v -277.436197 37.072210 -1.113693
v -268.592617 27.842841 10.646813
v -258.159522 35.467625 11.968367
v -264.563023 35.899912 5.201665
v -267.064473 48.270864 -1.397290
v -285.986221 51.133522 -11.230714
v -279.319890 50.858373 -7.467340
v -279.766651 67.490015 -13.606638
v -287.287806 63.764177 -16.746771
v -285.948739 78.293684 -20.346543
v -268.487990 61.451685 -4.595355
v -270.250077 73.108669 -8.671966
v -273.369864 83.506258 -13.648451
v -256.722156 44.115485 5.666683
v -250.637903 53.284640 5.955241
v -250.367755 65.991437 3.137904
v -252.498276 75.682757 -1.255301
v -254.665114 87.717976 -4.639381
v -264.346573 100.336574 -13.019424
v -243.684923 103.794432 -5.022707
v -225.670984 104.239424 4.628227
v -211.970322 106.034698 8.189442
v -199.027207 105.560524 13.117851
v -202.333234 -44.124720 19.010555
v -204.115460 -33.429901 19.336689
v -201.822259 -53.224145 19.078135
v -204.175892 -62.835859 17.158922
v -194.806891 -71.192023 18.587804
v -197.656204 -25.899791 5.352111
v -194.028058 -18.197281 -3.946487
v -202.711003 38.121499 22.048444
v -199.483609 46.921705 26.547707
v -202.089254 31.993819 16.867258
v -199.776991 24.930769 8.074771
v -194.934079 18.449631 0.071811
v -192.929817 13.038893 -3.710963
v -191.242852 7.687358 -6.850897
v -190.199003 2.893421 -9.262044
v -190.148827 -1.940719 -10.234361
v -191.075709 -6.923164 -8.799510
v -192.573072 -12.106483 -6.368295
v -180.106811 -1.707719 -8.601427
v -181.152826 -5.839951 -6.331799
v -181.501603 6.475613 -3.945897
v -180.328818 2.340679 -6.973000
v -169.059504 -1.648597 -8.283757
v -169.790774 -4.690027 -4.896474
v -170.168514 4.335926 -1.843944
v -169.055291 2.006106 -6.428850
v -157.477116 -1.876337 -9.417688
v -157.771296 -5.747809 -6.160468
v -158.159116 5.733817 -2.671324
v -157.690191 3.034159 -8.101187
v -146.291886 -2.226922 -11.484641
v -146.383513 -7.157303 -8.314337
v -146.699920 8.171830 -4.208455
v -146.428247 4.247159 -10.228844
v -183.732273 10.289930 0.759884
v -187.012196 13.543273 5.263203
v -171.332288 5.341576 4.951401
v -159.739829 9.235514 3.818437
v -147.495109 12.545040 2.863348
v -174.116115 4.920527 10.785979
v -161.459799 9.460566 12.870166
v -151.101090 18.108767 13.733819
v -192.465954 14.857779 15.140595
v -196.517638 21.805617 28.611614
v -190.762434 35.065653 29.609043
v -188.361649 47.262782 31.046196
v -180.352991 1.150845 23.416179
v -160.554767 2.002038 23.989375
v -156.357919 12.741856 33.184114
v -135.803023 13.727247 2.703327
v -135.001199 10.164530 -4.869199
v -136.938944 19.896800 10.775195
v -147.223284 27.320834 23.439430
v -138.019951 28.276543 19.118828
v -158.288394 28.719256 31.869410
v -177.589857 18.113750 31.401431
v -175.477669 30.948964 32.691835
v -173.499562 45.418999 33.856188
v -157.826050 43.265467 33.934668
v -146.427293 42.149476 29.570269
v -137.982677 41.471104 25.507126
v -196.752029 64.604113 27.195288
v -185.662212 64.317756 30.270512
v -172.265072 62.963711 32.581395
v -157.811205 62.277331 33.586348
v -146.099857 60.784716 31.056607
v -137.390194 58.900010 28.276070
v -183.911667 85.887891 24.417128
v -170.888729 83.942187 27.583413
v -156.599474 82.722425 28.431935
v -145.819138 80.714110 27.613512
v -136.382889 78.806081 26.294299
v -183.215716 107.733507 15.455375
v -167.293553 106.412003 19.086065
v -152.541425 101.537785 21.779732
v -144.739950 94.960745 22.961974
v -136.582280 98.055566 20.152881
v -134.599600 5.428751 -12.019135
v -134.665637 -2.923478 -13.449460
v -135.293364 -8.248373 -9.021423
v -183.097527 -10.096971 -3.274163
v -186.039881 -14.447054 0.057428
v -188.793524 -16.860960 10.053376
v -171.822625 -7.663521 0.047347
v -158.770539 -9.501683 0.104008
v -146.957964 -11.097946 -2.194250
v -136.365148 -12.029057 -3.511194
v -174.314222 -8.759185 6.907846
v -159.112628 -13.003170 9.243057
v -148.243161 -16.938412 4.220159
v -137.630555 -18.765868 3.819548
v -178.128632 -7.021410 16.621590
v -159.721261 -5.355854 22.841799
v -149.863606 -20.173548 17.662379
v -140.939051 -8.013434 30.643296
v -143.785668 -24.840243 10.620747
v -146.213488 -27.485468 20.925813
v -137.953371 -24.370962 29.501792
v -145.897558 -35.009356 24.235485
v -151.961968 -31.045802 27.803553
v -142.903996 -30.650842 14.918449
v -143.044806 -37.896541 18.961933
v -153.769748 -19.152918 31.424683
v -165.823542 -17.183648 30.860680
v -179.750779 -14.513970 30.225632
v -199.561100 -11.424123 24.490721
v -198.696651 -22.873426 16.138129
v -205.326072 -25.820652 24.987710
v -165.859810 -28.778910 28.925728
v -180.424360 -27.117630 28.262128
v -191.875290 -27.125266 26.327187
v -143.067096 -47.111546 22.035552
v -148.097192 -45.582144 25.998681
v -155.817864 -42.824122 27.313923
v -167.090912 -40.185279 27.356968
v -179.414989 -37.709980 26.622901
v -192.410137 -35.681565 24.307715
v -144.244353 -55.522988 23.553951
v -149.203185 -54.379409 26.036947
v -157.294309 -51.914568 27.011877
v -167.404481 -50.382290 26.959691
v -179.559376 -48.451328 26.331083
v -191.947815 -45.619267 23.191473
v -137.472288 -24.488900 9.614264
v -137.586625 -30.851452 14.241346
v -137.276400 -38.439612 17.546146
v -137.204614 -47.857698 19.566111
v -137.601386 -56.634993 20.203338
v -138.181909 -68.022811 19.364059
v -144.970796 -67.046402 22.273473
v -151.182401 -65.478910 24.219254
v -158.714173 -61.113423 25.893924
v -166.564184 -61.203202 25.436239
v -179.003014 -59.732954 24.861544
v -192.151602 -56.212055 22.358811
v -178.481392 -74.439012 21.091795
v -161.344989 -75.913640 21.180877
v -147.867151 -78.367017 19.386356
v -137.828049 -79.727887 16.298914
v -122.826923 4.669742 -9.607546
v -123.170238 -2.598434 -10.483852
v -111.642218 3.706115 -7.311653
v -111.976243 -2.455134 -8.094551
v -99.885139 2.852562 -6.669063
v -100.272829 -2.792571 -7.506902
v -87.802185 3.172842 -8.070133
v -88.531418 -4.010957 -9.232963
v -75.484137 3.640678 -10.813316
v -76.258517 -5.620651 -11.352284
v -62.193761 2.791901 -11.304943
v -62.942057 -6.581521 -12.031201
v -123.732151 8.361484 -2.793329
v -112.451910 6.581080 -1.004446
v -100.041222 4.397396 -0.159421
v -86.974653 6.478787 -1.146812
v -74.452151 7.281893 -3.231310
v -62.246289 7.532839 -4.692067
v -124.813113 12.192287 4.792409
v -114.589285 8.248449 7.941709
v -101.197500 4.782272 9.064955
v -85.598425 8.957492 9.175894
v -73.283182 11.304005 3.797892
v -62.326477 11.362658 2.493871
v -127.252054 16.694108 14.635010
v -119.420500 6.664133 17.718373
v -104.796675 1.881940 21.454531
v -87.187540 2.394244 22.519609
v -76.910400 7.997780 22.834773
v -76.932064 15.812738 16.027318
v -69.309539 17.324634 11.742779
v -62.053929 16.325366 11.177480
v -132.631557 21.505627 24.201884
v -125.825566 14.097694 34.447783
v -105.366129 13.734065 35.847682
v -91.031592 15.074258 35.479113
v -74.895422 16.506727 34.643444
v -71.317563 22.376385 24.669430
v -68.181832 25.386924 19.466706
v -62.561842 24.567818 19.029122
v -71.393043 36.069585 31.035913
v -67.081088 37.384910 26.851166
v -61.741062 36.553438 25.779998
v -80.526237 33.512012 32.950473
v -131.596029 37.012419 31.049202
v -119.835189 33.477630 33.246828
v -106.861125 30.914660 34.528311
v -92.422932 30.809134 33.442675
v -128.945221 55.771659 32.822747
v -118.047196 51.690563 33.873915
v -105.953971 49.136121 35.356421
v -93.497530 49.431191 34.815029
v -82.275546 51.179583 34.070559
v -72.898334 52.439301 32.651892
v -66.509655 52.750344 29.903193
v -60.948599 51.724399 28.857311
v -126.337061 76.060424 29.356372
v -115.579215 72.660476 31.146967
v -104.392816 69.951695 32.639439
v -93.460649 68.701089 32.387403
v -83.030749 69.596609 31.501334
v -73.318679 69.901130 30.238228
v -65.690779 69.314746 28.388728
v -59.985931 67.680191 27.973558
v -123.983364 97.410788 23.152974
v -112.034888 94.718358 24.733924
v -100.761044 89.686846 26.920509
v -92.968219 84.160031 28.503145
v -83.735743 87.957148 26.386440
v -71.439852 88.282926 24.659169
v -63.362475 85.672900 23.831517
v -58.753662 81.083193 25.120269
v -52.051685 84.663602 24.944290
v -52.848854 66.800777 29.685865
v -64.132179 -10.772146 -5.053342
v -76.648037 -9.363160 -4.504058
v -88.676949 -6.961540 -3.049985
v -124.588539 -6.730741 -5.882646
v -113.327602 -5.196930 -3.108484
v -100.861650 -4.378743 -2.033673
v -65.359780 -14.337640 2.124065
v -77.462214 -12.547696 2.702849
v -89.181463 -8.851438 4.053936
v -102.135885 -5.684456 5.136388
v -115.381654 -8.669868 3.216191
v -126.356919 -11.139187 -0.812163
v -104.355769 -6.273907 14.290805
v -89.868974 -8.592826 13.910391
v -118.803976 -11.441592 12.885975
v -127.693764 -17.183689 5.640214
v -78.254584 -16.197287 13.365530
v -66.074536 -19.738053 9.007828
v -129.156341 -22.999852 11.486264
v -125.092077 -17.597595 16.290867
v -89.371572 -5.350284 25.858828
v -104.488862 -3.938420 29.164789
v -125.533135 -5.546156 29.018264
v -129.732138 -27.365167 17.129059
v -130.854894 -17.936016 22.723920
v -132.628144 -34.290088 21.588067
v -132.193677 -43.360622 23.660811
v -129.596768 -27.325265 30.395370
v -125.318325 -38.542950 27.409540
v -65.892629 -24.875134 15.160756
v -73.392000 -21.893923 18.942775
v -69.453816 -14.443014 32.042074
v -79.508252 -10.543465 22.257050
v -69.579895 -29.920492 22.962604
v -74.689450 -30.878476 29.785860
v -63.958461 -32.203391 20.110467
v -62.515667 -41.553392 23.742122
v -67.283192 -41.909481 26.285417
v -73.251432 -43.494453 30.535082
v -88.733749 -18.279448 33.930584
v -102.452434 -19.718605 34.442304
v -116.321365 -23.198733 32.151022
v -86.615870 -31.124774 31.747013
v -100.336377 -32.944631 31.692743
v -113.708704 -34.365503 29.777555
v -85.004062 -45.331852 31.229612
v -97.916129 -46.610566 31.478814
v -111.193758 -48.086237 29.232593
v -123.806483 -50.065346 27.394836
v -131.249840 -52.744888 23.975181
v -61.358215 -55.280645 25.836679
v -66.038910 -52.455050 27.130031
v -70.703543 -57.182057 29.222630
v -82.219296 -59.551087 29.569362
v -95.413022 -60.943039 28.818848
v -129.738221 -66.255790 21.898798
v -120.979308 -64.082032 25.400303
v -109.526029 -62.295154 27.071436
v -66.057236 -68.027464 25.818629
v -79.147077 -71.552322 26.629706
v -92.307241 -74.770448 25.034128
v -106.611854 -75.940547 23.522326
v -118.842733 -77.356799 21.149490
v -127.839676 -78.584579 18.603950
v -50.064904 0.781877 -8.617583
v -50.275906 -5.900805 -9.504623
v -38.329492 -0.184023 -7.176778
v -38.289791 -5.660887 -8.254146
v -27.091718 0.235373 -8.292254
v -26.856411 -5.401224 -8.484997
v -15.990752 0.691882 -11.015521
v -15.835557 -5.477508 -10.961249
v -5.206621 0.954885 -13.612354
v -5.415601 -5.128585 -14.114337
v 5.381871 -0.619335 -14.516386
v 5.196725 -3.667710 -14.618914
v -50.514781 4.338640 -2.627102
v -38.872956 2.236558 -1.189369
v -4.465529 6.634686 -7.496886
v 6.984667 6.180623 -6.981147
v -15.112851 5.215221 -4.020810
v -26.918453 2.489377 -1.536607
v -51.048661 8.248724 4.696964
v -40.409254 4.869793 7.043676
v -27.930984 4.880473 7.622626
v -14.268973 8.285366 6.610622
v -3.711248 9.762675 1.736929
v 6.273895 9.920814 2.772568
v -53.031492 13.664505 13.761260
v -44.366935 5.340389 16.323143
v -31.704872 2.818738 18.597578
v -0.448567 15.555389 10.770037
v 7.141115 16.606738 10.633118
v -6.768730 14.035999 12.649055
v -16.928286 4.525604 19.688123
v -57.695144 18.338031 22.631393
v -57.947578 5.097174 32.966027
v -34.900318 6.227775 34.370764
v -20.945243 8.550230 33.558878
v -4.346343 5.328850 23.582216
v -10.276921 10.951684 32.516337
v 1.850567 22.499537 17.183572
v 6.801689 23.223293 16.632914
v -1.808778 20.174715 20.348192
v 0.652971 16.155238 28.628802
v -9.241892 22.724099 30.463770
v -57.664145 32.076226 30.242681
v -48.520115 25.995069 31.715055
v -36.324931 23.364205 32.912772
v -22.085491 23.099406 32.510608
v 3.418070 31.279331 23.971638
v 8.264449 32.059075 21.631476
v -0.466430 27.963997 28.173761
v -54.849173 49.158820 31.998486
v -45.442862 45.229638 33.111137
v -34.712948 41.693793 33.803077
v -22.911873 39.192719 33.779181
v -11.379291 38.738446 32.392356
v -2.763113 39.773040 31.186033
v 3.229399 42.544242 27.940507
v 8.391196 43.863109 24.574819
v -43.166028 64.094429 30.897607
v -33.522279 60.835855 31.624410
v -22.686308 58.454022 31.824371
v -10.968558 56.087082 31.182837
v -4.116319 50.857745 31.047259
v 0.924630 57.136466 28.857125
v 8.312590 58.439912 25.123435
v -39.551677 81.393222 26.458983
v -32.620162 76.975094 27.851563
v -22.588370 77.364725 27.248867
v -5.779220 76.109122 25.837742
v 7.373556 75.788924 21.968072
v -4.619703 -9.766052 -7.424309
v 4.314254 -9.044123 -9.389240
v -15.048566 -9.003771 -4.314904
v -26.450305 -8.212006 -2.445139
v -38.596070 -7.748711 -1.970329
v -51.326137 -9.214417 -3.222598
v 4.660320 -12.108059 1.105079
v -3.686524 -12.539611 1.754109
v -13.824922 -11.584005 3.733592
v -26.024596 -8.851704 5.625026
v -38.660592 -10.360380 5.392314
v -51.784935 -13.330273 3.893111
v 5.308797 -17.681079 7.944401
v -1.428248 -17.811046 8.770257
v -11.430346 -12.419083 14.413072
v -25.255647 -6.996303 13.974600
v -39.617261 -8.258433 13.811618
v -51.135382 -18.993530 13.950122
v -54.294056 -23.646346 18.801047
v -57.898401 -29.646722 24.531396
v -57.056339 -39.470912 27.685201
v -55.334137 -52.078432 28.979044
v -53.763176 -66.480742 26.825863
v -24.421141 -5.222056 24.811127
v -40.188621 -5.556258 25.019776
v -12.954679 -7.055698 23.233349
v 1.187383 -23.548181 14.710694
v -2.857820 -18.937853 20.383480
v 7.115801 -24.964547 14.325833
v -7.197118 -14.944689 31.241892
v 1.101092 -27.916603 22.805021
v -7.741130 -27.056774 28.348495
v 3.064097 -29.026026 18.548919
v 7.685823 -30.915815 18.241627
v -50.107248 -11.540871 20.895183
v -57.649788 -16.786641 32.695846
v -49.717625 -27.893458 30.847803
v -47.919845 -37.023615 30.388380
v -47.824220 -46.808636 30.693526
v -43.376054 -62.839039 28.626610
v -23.123174 -15.636229 33.148405
v -37.149639 -16.398160 32.927834
v -21.159654 -26.478329 31.509990
v -36.598735 -26.340820 31.046769
v -34.028312 -36.862374 31.279418
v -19.088720 -37.288816 31.328664
v -4.553437 -37.219529 29.423103
v 5.894039 -37.718553 21.619761
v 7.382590 -48.218907 23.867628
v -3.365506 -49.082506 29.617298
v -17.001129 -48.757224 31.012911
v -33.194437 -47.871446 31.604278
v -31.243941 -62.801572 29.334878
v -17.443602 -62.183432 28.795500
v -4.375197 -62.183457 27.921465
v 8.731053 -58.700180 23.727081
v 18.525063 -0.058854 -12.256578
v 18.386923 -2.674787 -12.653952
v 29.811434 0.527943 -11.021030
v 29.744140 -1.787701 -11.974013
v 40.869045 0.441710 -12.376547
v 40.906006 -2.129293 -12.984848
v 53.888845 0.026128 -14.861027
v 53.882443 -2.615086 -15.608593
v 67.275779 -0.921970 -16.665380
v 67.172139 -3.622475 -16.931585
v 18.067386 4.497850 -5.620497
v 29.795050 3.752436 -3.830608
v 41.451053 4.576372 -4.410910
v 52.790509 6.048071 -6.554647
v 66.044538 7.090302 -8.190718
v 16.996333 9.369197 4.663536
v 28.603037 5.231570 8.300441
v 40.476206 4.584838 8.795181
v 54.674242 9.859799 4.550932
v 67.938666 12.102510 1.262967
v 15.657760 14.232674 12.933410
v 12.570010 20.986298 19.735223
v 12.679747 30.278701 25.195430
v 15.153821 43.136501 26.797466
v 16.730773 57.534208 25.364176
v 18.287712 73.444151 21.579132
v 22.789371 3.390380 17.917425
v 34.669657 1.057881 20.522490
v 44.730170 3.362778 17.343738
v 62.764434 17.957195 11.578259
v 71.041358 20.150222 8.872202
v 56.208462 2.567489 23.099238
v 61.169613 12.435024 23.995387
v 46.237182 1.215858 25.426488
v 34.749492 1.822905 27.427017
v 19.436731 3.275996 27.678402
v 11.913614 6.268284 28.651307
v 14.001411 15.881419 29.301846
v 20.043089 28.550162 26.809307
v 23.289298 41.885956 27.452413
v 26.026921 56.091434 25.100486
v 28.316062 70.691213 21.584428
v 69.054283 28.386916 18.604986
v 73.902061 28.845196 13.674820
v 62.155991 27.118263 22.794603
v 24.987599 14.106071 28.905854
v 37.179513 12.872468 28.512794
v 49.180213 11.679507 27.311992
v 29.093301 26.843543 26.975177
v 40.394352 26.451424 26.967320
v 51.279792 26.116521 24.802718
v 32.844724 40.794785 26.531434
v 43.068461 40.056348 25.945916
v 53.664280 40.106838 24.503794
v 63.304062 40.456498 23.125546
v 70.686684 40.451025 20.186225
v 76.507793 39.839480 16.796448
v 35.840329 54.636869 24.601896
v 45.551230 53.991050 24.172127
v 55.280720 53.494744 22.787355
v 64.547419 53.228981 21.515572
v 71.928799 53.273823 19.514701
v 78.547203 52.419356 16.756224
v 39.397780 68.463995 21.408104
v 47.501348 67.907319 20.801647
v 56.872987 67.452464 19.394566
v 65.717324 65.673695 18.505719
v 72.627656 66.370579 16.738413
v 80.224870 65.763265 14.017117
v 16.740171 -6.444680 -6.259193
v 29.088662 -5.524469 -5.003633
v 40.447053 -5.307910 -6.869787
v 54.468766 -7.842964 -11.549124
v 66.588179 -9.295469 -11.722645
v 52.796274 -10.596660 -0.763128
v 65.718771 -13.359640 -0.963926
v 41.004225 -8.069894 3.593475
v 28.456708 -7.667426 5.989821
v 14.685094 -10.748517 2.152679
v 14.691074 -14.591519 7.554856
v 21.488559 -11.198304 9.427002
v 27.950228 -7.769744 16.769641
v 40.472708 -6.553263 17.631635
v 49.589049 -10.699981 7.499545
v 66.097925 -17.928631 4.705559
v 17.651715 -4.690320 25.508727
v 13.881308 -21.836076 13.677629
v 21.348600 -15.261695 13.362287
v 13.424509 -8.723349 28.649170
v 11.347132 -23.069643 24.721746
v 60.392492 -17.495293 13.652670
v 58.433245 -12.128702 25.715728
v 50.122611 -4.681077 22.896579
v 42.587799 -4.909291 26.663143
v 28.520540 -5.069527 27.465179
v 67.405130 -22.295653 9.703953
v 66.385380 -25.654202 17.160914
v 59.109489 -26.209311 23.517347
v 70.521364 -28.389270 13.656093
v 44.927388 -14.753634 28.244606
v 29.804931 -16.647982 28.591608
v 16.714960 -34.840510 24.929922
v 45.990336 -27.431563 26.165782
v 31.563847 -30.428654 26.269988
v 19.061658 -45.857050 25.746531
v 21.254354 -56.959101 24.383542
v 32.930077 -42.333074 25.630901
v 35.045896 -54.683814 24.540062
v 48.038543 -40.124403 25.183824
v 49.556563 -53.117577 24.186436
v 61.148098 -37.924156 23.156435
v 62.912238 -50.352689 22.751810
v 69.183473 -36.305451 19.969180
v 71.219784 -48.075597 20.085443
v 73.242475 -36.021560 16.013674
v 76.450527 -44.983767 17.664060
v 80.667945 -1.229742 -14.647338
v 80.593974 -3.812957 -15.281077
v 91.342272 -1.549749 -14.972707
v 91.285989 -4.030443 -15.360030
v 101.465251 -1.196873 -16.578936
v 101.350936 -3.655366 -17.251163
v 110.357449 -1.150479 -19.925754
v 110.508179 -3.779718 -20.224022
v 120.659140 -1.490506 -21.918890
v 120.356704 -4.038390 -21.881070
v 80.783235 4.718156 -5.376780
v 91.420620 2.860931 -7.111162
v 100.250549 3.436116 -9.609459
v 110.654822 4.681226 -14.073637
v 120.338805 4.344665 -17.514654
v 80.486432 10.056891 1.478593
v 90.966289 4.439983 2.915218
v 101.317014 4.946721 -0.565638
v 110.768168 8.055667 -7.157743
v 120.483309 9.220848 -11.116134
v 79.482266 16.821811 8.638931
v 80.206464 25.990606 15.392696
v 121.407500 13.641040 -4.419278
v 113.576949 10.044403 1.164317
v 104.520206 4.295571 7.006042
v 92.851649 2.568459 12.059551
v 81.797680 4.025400 15.769811
v 78.846440 7.842280 19.416129
v 86.114291 21.829665 18.862903
v 119.981445 12.229065 9.077907
v 124.359763 18.807028 2.259160
v 110.927943 6.486702 18.759571
v 94.069477 6.409357 20.574686
v 97.556283 20.413714 18.542673
v 109.538816 21.136091 16.723057
v 120.445346 22.644441 13.132090
v 128.355181 25.802463 7.146354
v 129.429468 8.600865 -11.091932
v 128.560033 3.342766 -16.861277
v 129.111893 13.498695 -6.756379
v 130.857918 19.112022 -1.853927
v 132.995588 27.117626 2.464820
v 82.987374 37.717490 17.788209
v 90.469417 35.187446 18.085633
v 99.818840 33.638094 16.662602
v 110.083648 33.479437 15.376325
v 119.797437 34.156630 13.297532
v 128.811187 35.144708 10.009146
v 134.802190 35.781710 5.011990
v 85.979888 50.538336 16.898035
v 92.963526 47.677330 16.709545
v 101.565582 46.225189 15.272211
v 111.105236 45.624585 13.804333
v 119.892548 45.198677 12.168820
v 128.380791 45.976735 9.396657
v 136.505615 46.485052 5.328641
v 88.580094 62.834324 13.550167
v 94.905321 59.339706 13.757279
v 103.002411 58.570902 12.294317
v 112.910961 56.239027 11.107740
v 119.890022 54.167979 9.905197
v 126.869228 56.481775 7.625284
v 135.865304 59.118541 3.762804
v 112.536143 -9.669611 -14.364728
v 120.348344 -10.258584 -15.540726
v 103.088039 -8.208260 -11.913856
v 92.460898 -7.442983 -9.249961
v 81.138013 -8.034600 -9.422235
v 112.426399 -12.156175 -7.068661
v 122.626028 -13.008601 -9.020008
v 103.907301 -9.295984 -2.455830
v 91.833564 -7.482999 1.067577
v 82.472886 -11.510198 0.330606
v 78.003208 -16.837424 4.331330
v 77.260768 -22.057157 9.591057
v 77.017790 -27.425769 13.878981
v 78.875153 -33.404275 17.116107
v 81.790167 -45.432903 18.233863
v 89.728534 -4.493662 15.693248
v 81.475615 -6.762325 14.809459
v 77.316448 -10.845805 19.778118
v 79.018388 -20.177638 20.026526
v 79.841908 -26.039667 18.478789
v 84.165342 -30.464206 19.483398
v 90.298604 -44.290732 18.591027
v 103.547310 -5.338893 12.415003
v 110.819395 -7.668439 10.739664
v 126.497382 -18.796029 -3.467391
v 121.289715 -17.951509 -1.272433
v 118.948048 -10.318845 14.739968
v 130.940432 -24.786248 1.366645
v 127.681664 -26.192982 4.967793
v 123.390404 -24.507747 12.194654
v 106.243695 -9.935580 19.607979
v 91.636563 -11.354273 20.913791
v 110.151156 -22.939463 17.276912
v 93.246043 -24.078861 19.499957
v 131.150430 -39.478908 8.369911
v 124.791909 -38.493377 12.803691
v 113.008416 -40.205332 15.753978
v 99.338686 -42.033494 17.397986
v 134.826855 -37.932141 4.948685
v 127.872961 -0.629267 -20.869456
v 127.911971 -4.168883 -20.747706
v 127.131666 -8.944080 -14.647867
v 128.616995 -12.269703 -9.674987
v 131.952475 -17.288500 -5.225188
v 134.831562 -22.448278 1.167053
v 140.040261 -37.605397 4.063843
v 137.171894 -0.226301 -20.570520
v 137.194495 -3.771029 -20.648306
v 146.378420 -0.005009 -21.939073
v 146.409709 -3.657713 -21.985433
v 155.027399 0.308026 -24.578488
v 155.037648 -3.396751 -24.657909
v 166.643405 0.980694 -25.581865
v 166.649078 -2.732310 -25.880926
v 155.234327 -9.129719 -21.256875
v 166.267946 -9.001211 -22.461176
v 145.562802 -8.198860 -17.466955
v 136.243769 -7.873288 -15.460622
v 168.269634 -13.396111 -18.619191
v 155.947102 -12.871313 -15.830560
v 146.358084 -9.600919 -9.188784
v 136.675233 -11.303894 -9.320306
v 137.145235 -13.307334 -2.779088
v 146.615220 -7.419552 1.254376
v 135.397536 -14.215799 8.260778
v 142.909336 -28.980027 5.279590
v 156.282663 -11.397723 -3.934084
v 165.828195 -18.107949 -11.213406
v 163.001761 -11.106520 3.603244
v 172.056095 -20.135862 -13.074024
v 177.552501 -28.191979 -8.688611
v 172.587443 -25.147032 -7.178379
v 169.390683 -24.002687 -0.395290
v 146.484717 -9.247516 9.318985
v 154.502753 -23.405612 6.728503
v 156.742177 -35.703183 2.385860
v 168.552077 -34.677390 -0.737575
v 175.776133 -34.464275 -5.839213
v 180.060888 -36.517942 -7.992714
v 136.962598 3.738538 -16.412835
v 145.750205 4.104163 -17.897067
v 155.154363 5.742565 -20.911503
v 165.069451 7.222275 -21.644600
v 136.749133 7.613464 -9.724801
v 145.127709 4.675078 -7.840320
v 154.529391 8.992222 -15.642105
v 165.654432 11.084176 -17.535323
v 137.000549 10.643054 -4.652019
v 143.536548 4.319930 1.231374
v 153.571251 6.713179 -4.750516
v 162.753050 13.364762 -10.434665
v 168.716236 15.022518 -13.289187
v 163.483856 6.138514 1.131216
v 136.899237 15.321481 0.467829
v 143.654693 7.314719 9.258010
v 153.726882 4.861052 8.034538
v 159.461472 11.228688 7.474785
v 169.797949 18.403729 -5.488826
v 175.368887 20.618806 -8.196681
v 168.175590 17.060918 0.317238
v 161.591779 20.950230 4.931566
v 138.071088 22.282380 4.380828
v 146.376184 17.282155 8.697447
v 141.896007 33.545986 4.556995
v 150.683345 29.960896 4.493324
v 175.776403 28.383348 -3.864002
v 179.831244 26.872841 -5.946830
v 170.880152 28.044889 0.028924
v 144.383915 45.149999 3.530987
v 153.513855 40.889433 2.710818
v 163.194207 34.099417 2.273588
v 146.348180 58.449070 0.553521
v 155.841442 55.216720 -1.253037
v 166.541115 49.032808 -2.199443
v 174.703789 41.749894 -2.816388
v 178.035698 36.850727 -4.231987
v 184.005523 36.130311 -6.625417
v 173.746950 1.512398 -26.616392
v 173.764797 -2.125232 -26.838537
v 181.602757 1.627978 -29.195477
v 181.399772 -1.857341 -29.508845
v 189.199173 1.559733 -33.485183
v 188.791858 -2.070063 -33.867103
v 197.907643 2.130703 -35.704970
v 197.447692 -1.421613 -36.380699
v 174.934406 7.674958 -21.317393
v 182.899605 8.047079 -23.180830
v 190.057565 9.343885 -28.513428
v 198.673780 8.711996 -30.420941
v 175.749051 11.202936 -16.397852
v 183.964474 7.004538 -13.261443
v 191.801325 11.340950 -19.254758
v 200.790698 13.212900 -22.732879
v 176.269440 14.827881 -12.810827
v 184.034937 6.323192 -4.057382
v 194.181447 3.798548 -3.160277
v 203.859041 14.292223 -10.344391
v 180.114160 18.702613 -7.795867
v 186.285783 11.318187 -0.234090
v 193.844837 14.966160 -2.671858
v 200.746396 25.848020 -6.838622
v 187.620191 23.162162 -5.800313
v 192.367832 30.954853 -7.512507
v 211.391194 27.694450 -11.351177
v 210.519091 19.684173 -14.340405
v 210.792654 14.561276 -19.082954
v 207.738147 6.701612 -27.767702
v 206.074260 3.288408 -36.749412
v 219.040746 28.450925 -15.669566
v 218.215185 20.234002 -16.994833
v 217.888936 10.016570 -13.683958
v 214.961590 5.545154 -25.213030
v 212.993715 5.150734 -39.084138
v 205.788810 -0.281148 -39.197927
v 211.363895 -0.210136 -42.258996
v 173.989969 -7.124854 -24.120742
v 175.403600 -11.328835 -19.564995
v 178.625803 -16.951789 -15.274183
v 182.419727 -24.307385 -8.934133
v 187.257219 -34.178634 -9.352776
v 181.396854 -6.446728 -27.662656
v 182.041464 -9.262187 -22.044183
v 183.752367 -11.770537 -10.124532
v 207.236539 -6.530499 -36.217273
v 197.148784 -7.113200 -33.402405
v 189.250210 -7.019580 -32.557702
v 197.697700 -12.001873 -30.099418
v 208.457004 -10.455772 -27.431265
v 189.207218 -12.366927 -27.340044
v 190.769768 -12.575073 -16.226240
v 199.921058 -16.547463 -22.701490
v 210.486979 -15.070838 -21.131209
v 186.412293 -16.437202 -1.117876
v 192.470660 -12.420640 -2.271657
v 201.116523 -17.636167 -9.332375
v 210.320034 -20.783241 -19.349541
v 190.916491 -25.242837 -6.656741
v 202.530929 -28.619186 -10.962894
v 196.418871 -22.335862 -5.918528
v 213.217826 -27.452263 -15.997355
v 212.152991 -6.727974 -40.273573
v 213.935090 -9.706532 -28.986276
v 216.224614 -12.877959 -18.602009
v 217.321442 -19.107743 -17.347658
v 218.896425 -27.366447 -17.905728
v 222.602659 -15.732476 -23.310570
v 224.615911 -16.631549 -16.092837
v 223.740957 -27.748504 -19.417640
v 219.090445 -14.508614 -33.840326
v 218.618110 -7.172860 -43.895832
v 218.585644 0.023242 -46.121884
v 219.917534 4.727597 -42.837381
v 218.679954 9.265394 -35.535628
v 222.544777 8.637924 -38.902472
v 220.760643 7.848499 -24.582998
v 220.710837 12.791157 -19.644799
v 222.812227 19.324789 -18.744599
v 224.227864 27.218114 -17.795691
v 223.489555 11.943138 -26.899983
v 226.756484 11.272667 -31.961883
v 226.175374 17.826044 -22.072425
v 228.748024 25.628077 -20.293770
v 229.615664 16.196887 -23.386563
v 231.924807 22.913390 -21.462143
v 223.405792 -15.846719 -34.561414
v 224.689896 -19.229540 -29.328960
v 225.415550 -20.906975 -25.353347
v 227.305352 -26.914658 -22.019095
v 222.941981 -7.667880 -44.182474
v 224.714815 -0.069653 -47.094144
v 225.370926 3.971717 -43.860565
v 227.397740 6.605644 -40.309966
v 229.409986 8.124703 -32.738802
v 231.072577 11.263086 -24.101124
v 232.519638 15.941877 -19.259019
v 229.335578 12.280899 -16.277441
v 236.648622 20.036663 -21.082734
v 232.335768 -27.246931 -23.904540
v 229.105304 -21.545006 -27.256715
v 228.242131 -19.034590 -30.314680
v 227.695484 -14.965912 -34.722216
v 227.730830 -8.424190 -44.479989
v 229.643794 -2.223390 -49.207935
v 231.637680 2.616288 -47.036147
v 233.089840 5.111107 -43.300186
v 241.907948 17.495655 -21.019688
v 237.840582 12.998007 -18.866552
v 236.146643 8.499006 -17.789743
v 231.682391 4.066899 -28.862074
v 231.986181 7.125390 -25.870586
v 231.118497 4.146611 -35.689436
v 228.946288 7.071395 -15.958118
v 237.316899 5.271052 -19.866241
v 249.203642 16.431615 -22.893328
v 247.244640 11.673524 -20.902995
v 242.762436 7.048666 -17.462381
v 241.867614 2.701172 -17.869820
v 233.907270 -23.531542 -22.397397
v 231.663834 -18.872324 -23.864999
v 230.701068 -15.796082 -26.773173
v 230.116001 -12.076255 -30.921541
v 230.521875 -9.102218 -35.980312
v 235.366968 -7.556376 -39.853431
v 234.390192 -8.081966 -46.556083
v 234.778865 -3.905043 -50.340241
v 236.422301 1.408498 -48.658960
v 237.854313 3.188418 -45.168471
v 234.005306 2.935533 -38.242097
v 237.864882 1.507142 -40.592066
v 237.995779 1.654325 -23.404966
v 233.137186 3.112211 -23.304456
v 240.181370 -0.993050 -18.801508
v 231.575389 -13.644951 -24.815247
v 233.543467 -14.990160 -22.508720
v 238.815815 -16.912169 -22.890780
v 231.503704 -8.180931 -22.344916
v 235.839785 -10.326347 -21.572197
v 238.656351 -12.607846 -18.879723
v 237.891579 -5.021429 -24.332398
v 234.830542 -2.590340 -26.396916
v 238.253150 -6.274973 -17.756989
v 230.793769 -1.107320 -28.568323
v 230.710564 -5.646627 -28.613241
v 237.443325 -5.547720 -38.733203
v 230.567220 -5.895204 -34.680667
v 230.561035 0.712351 -34.816127
v 237.843367 -0.888572 -38.335398
v 230.876201 -9.626542 -29.441029
v 239.610512 -3.455857 -38.074560
v 230.502107 -2.307569 -34.923242
v 239.739963 -1.481149 -40.109659
v 240.027127 -3.841651 -40.192634
v 239.308953 -5.311288 -40.910709
v 237.905584 -6.990774 -43.088521
v 237.788882 -7.049539 -46.590219
v 238.195319 -3.514732 -48.519940
v 238.926284 -0.663788 -47.342187
v 239.852479 0.249227 -44.842678
v 240.396286 -1.434406 -43.273811
v 239.858977 -4.180671 -45.159157
v 256.571795 15.548921 -24.104098
v 255.428114 10.922145 -21.885050
v 252.970976 5.937055 -19.496259
v 251.345784 1.226421 -19.930455
v 248.047504 -2.711329 -20.181709
v 246.443042 -7.148837 -18.164147
v 245.293842 -12.502476 -18.674607
v 245.718361 -18.311823 -21.432262
v 243.994966 -24.550134 -23.071323
v 233.038954 -35.437006 -23.182253
v 227.491722 -35.022564 -20.437134
v 240.268742 -29.737386 -24.071491
v 239.253416 -35.561043 -24.883975
v 223.396788 -35.381331 -18.819634
v 218.957434 -36.017142 -17.503013
v 214.019353 -36.428618 -15.336067
v 204.056963 -37.498945 -12.422376
v 189.314824 -41.236719 -10.785805
v 174.297504 -44.914077 -5.270812
v 158.256585 -47.169776 -0.705992
v 139.075164 -48.055102 4.372418
v 125.676692 -49.832820 10.987059
v 114.905467 -51.203061 13.557617
v 100.658104 -53.046403 15.293967
v 91.429125 -52.658341 15.804998
v 79.054928 -55.823242 16.906985
v 63.051502 -61.769480 20.772912
v 49.802655 -62.921383 21.986655
v 37.092976 -66.799870 21.438691
v 24.153330 -68.124968 21.867170
v 10.868459 -68.464339 21.721253
v -1.065008 -75.243764 23.672507
v -16.189894 -78.085612 24.157893
v -31.418812 -78.126434 24.559694
v -41.204642 -75.882026 24.989321
v -50.174823 -81.906478 22.442622
v -65.135720 -85.242687 20.115852
v -77.087288 -83.325545 22.041957
v -85.358985 -90.542654 18.827486
v -102.861748 -95.714033 15.268404
v -118.961918 -92.354466 14.880703
v -128.533025 -88.067220 14.265417
v -139.101909 -93.275369 10.872106
v -149.615293 -88.385053 15.472830
v -161.028168 -90.074931 14.706682
v -177.623417 -90.672280 14.053301
v -193.390086 -87.044965 12.639020
v -205.857474 -86.140981 8.758135
v -216.011131 -84.195653 6.583968
v -224.080397 -85.766520 3.245043
v -231.864795 -85.711710 -0.530076
v -240.624939 -85.562149 -3.000673
v -242.572600 -96.467673 -7.298512
v -233.205573 -102.988154 -5.609895
v -219.212069 -123.854540 -11.834128
v 410.975207 -0.025914 -96.678117
v 408.278516 8.391796 -97.995809
v 402.231176 16.799370 -98.922908
v 387.483541 23.585991 -96.417985
v 375.039057 37.470668 -95.486586
v 362.082223 53.815230 -93.542467
v 355.610347 75.756190 -104.578789
v 349.098418 69.340354 -88.932900
v 330.879489 85.736689 -88.559507
v 337.317353 91.636974 -103.379407
v 317.287578 110.896681 -102.499617
v 311.156913 103.113906 -89.484300
v 292.630811 121.766825 -90.128074
v 270.277077 137.347371 -90.748761
v 242.017567 153.670392 -88.550910
v 220.204049 170.567478 -85.232212
v 200.142285 188.022882 -83.702931
v 170.860148 206.249557 -90.274158
v 392.565037 -4.206453 -93.006696
v 392.499958 8.759984 -94.266075
v 366.536832 -40.404056 -86.417066
v 354.997046 -62.640738 -79.987413
v 376.283974 -23.175984 -87.514569
v 376.053314 -6.855101 -82.576571
v 375.241236 8.869986 -82.628372
v 371.403336 23.160013 -84.568402
v 366.771016 35.505821 -86.485112
v 359.656482 45.848974 -78.432138
v 346.835101 62.046711 -71.295894
v 326.647722 78.657040 -72.023493
v 305.576905 96.471640 -72.260339
v 281.596280 110.177434 -76.724745
v 260.551916 128.742937 -73.872024
v 256.591061 -131.538151 -82.513380
v 277.895108 -113.998716 -85.548526
v 302.116463 -101.441725 -81.884799
v 325.091201 -81.691393 -82.051092
v 340.291408 -51.991013 -62.332759
v 357.616811 -34.015315 -65.863859
v 366.769563 -21.380094 -70.595254
v 366.751007 -7.183727 -64.803957
v 365.177445 11.997379 -64.569242
v 361.329711 30.640084 -68.727087
v 268.862317 -99.295840 -69.893370
v 245.753835 -115.872152 -68.752402
v 292.872293 -85.673642 -65.865831
v 315.738512 -68.230560 -65.312362
v 231.147244 -148.769581 -82.010432
v 205.655500 -167.106012 -82.183498
v 220.749387 -133.277566 -67.645672
v 194.431223 -151.858942 -67.707753
v 176.932578 -185.868549 -86.625864
v 166.348422 -170.445420 -70.374289
v 149.137211 -206.013803 -90.389538
v 138.404527 -189.339308 -73.959585
v 120.878441 -223.866460 -97.463144
v 111.621584 -205.947225 -80.807538
v 91.341507 -235.873606 -109.257618
v 85.666399 -219.083882 -88.835044
v 69.699922 -251.908917 -111.501707
v 63.929271 -233.533098 -92.450953
v 0.473224 -271.736051 -119.853429
v -23.645849 -276.013363 -118.286243
v 22.715569 -266.059069 -119.431527
v 47.716760 -261.683388 -115.153974
v 42.295064 -244.100572 -95.078032
v 18.835335 -247.508703 -101.059945
v -3.589721 -254.772385 -100.169189
v -27.473618 -259.617497 -100.014838
v -51.778307 -277.282394 -120.234975
v -54.617629 -259.257326 -104.492904
v -86.042187 -280.434292 -118.531863
v -85.601190 -263.885327 -101.919064
v -118.544345 -280.707203 -118.416162
v -115.156894 -263.377617 -101.203810
v -144.503425 -269.652286 -124.024826
v -140.933214 -253.743929 -106.716336
v -165.696567 -270.708470 -116.997147
v -168.648848 -253.939099 -100.588146
v -184.563061 -232.617138 -81.963874
v -198.437065 -206.580668 -66.287356
v -211.205624 -184.545002 -53.222626
v -228.142459 -157.896322 -34.418213
v -224.302616 -143.890404 -23.873161
v -206.538096 -143.820102 -24.137388
v -199.223539 -171.028659 -37.997939
v -178.696167 -199.653054 -53.560086
v -163.348558 -223.450088 -71.130180
v -155.953380 -238.983143 -86.200152
v -136.151455 -238.199211 -87.571302
v -113.699908 -245.475477 -85.889240
v -88.455146 -244.376327 -86.169500
v -61.253008 -240.009692 -87.832947
v -35.498785 -240.341922 -83.974214
v -11.316556 -236.508682 -82.601252
v 11.486890 -229.596461 -82.690639
v 34.574860 -225.306423 -78.514898
v 55.742268 -217.143562 -75.380620
v 75.441226 -203.012052 -70.374276
v 100.203775 -189.878426 -64.994046
v 124.975114 -173.193947 -56.826136
v 154.647113 -154.371550 -53.994030
v 183.465658 -135.592803 -52.562175
v 210.569106 -116.563342 -52.775733
v 236.162759 -99.648361 -55.283497
v 259.906000 -85.247481 -54.301675
v 281.249878 -69.259679 -53.360253
v 302.753207 -53.040050 -53.077646
v 323.736861 -36.244101 -50.158858
v 346.855171 -15.558692 -48.546825
v 348.518472 14.045897 -48.097844
v 341.924227 42.239397 -57.529104
v 316.668257 63.398489 -61.971745
v 294.458784 82.920123 -60.437076
v 271.031192 98.438419 -63.063560
v 248.480118 114.810959 -61.728518
v 235.957985 144.848162 -73.329304
v 225.537250 130.741476 -60.562586
v 212.712427 161.101623 -72.478341
v 188.954357 177.785260 -72.503115
v 161.817423 193.268015 -77.210793
v 202.294272 146.207411 -59.588662
v 178.037555 160.926183 -59.750109
v 152.264442 175.438212 -60.791067
v 142.177144 225.678350 -91.612698
v 134.753765 210.432794 -77.693691
v 126.014731 189.529459 -60.902025
v 112.806484 240.214824 -97.161564
v 106.960468 222.981229 -82.352063
v 99.257020 200.839857 -63.844117
v 86.999811 248.181637 -105.735275
v 60.973622 262.593237 -103.901501
v 80.850517 232.924248 -87.077931
v 56.930766 245.785182 -86.310850
v 73.623172 211.262534 -66.510395
v 49.549100 222.500779 -66.562516
v 36.892523 270.671733 -105.987141
v 33.051803 254.287300 -88.625187
v 26.103825 229.888337 -69.760432
v 17.163939 273.096373 -110.887382
v 11.672332 256.214591 -96.089888
v 4.130440 236.323503 -73.381457
v -10.290726 264.913509 -91.604910
v -18.227642 242.166282 -71.246493
v -5.631251 280.193373 -108.778497
v -31.461749 286.195541 -108.045679
v -35.301028 267.421553 -89.511170
v -42.415399 243.212341 -70.109597
v -65.822768 242.479433 -71.096389
v -59.435338 265.266075 -91.844342
v -55.968360 286.255889 -107.462275
v -78.327069 284.958799 -110.183831
v -101.339407 288.183426 -103.104895
v -82.553827 267.522712 -89.713999
v -106.378354 269.577432 -87.078641
v -88.922661 244.637253 -68.349804
v -113.182838 245.643284 -66.206302
v -129.544918 283.310068 -102.452311
v -164.499756 279.170692 -102.750408
v -133.510298 266.070118 -90.594452
v -166.886019 263.928007 -87.644410
v -138.614204 240.641573 -69.883881
v -167.392947 239.862032 -63.729799
v -190.899991 250.985105 -81.723247
v -197.312105 223.901111 -64.342583
v -223.577347 193.920974 -47.614929
v -246.402273 162.314664 -36.880902
v -265.923329 132.523085 -30.234609
v -285.759590 100.309479 -25.971767
v -251.804817 126.270150 -19.534013
v -228.092336 148.962440 -19.680535
v -207.966118 177.888551 -34.315441
v -189.590168 202.247343 -41.984024
v -166.964270 213.476660 -44.106475
v -143.158939 215.110186 -47.921899
v -119.812353 217.747342 -46.161571
v -96.890345 217.473623 -46.459669
v -74.588829 216.252214 -47.019196
v -52.117979 215.067480 -47.271604
v -29.179281 213.221563 -48.284963
v -6.162637 209.438224 -48.328757
v 16.340010 202.024677 -45.966348
v 40.305838 194.469373 -44.250273
v 65.274020 185.874124 -42.877210
v 90.884880 176.513817 -42.421530
v 116.957707 166.202915 -42.166493
v 142.705973 153.996029 -43.548656
v 167.799050 141.686582 -45.021257
v 191.492318 128.686075 -46.429799
v 213.933503 114.749280 -48.297906
v 236.074209 99.972205 -49.893936
v 258.734159 85.280166 -50.310318
v 281.495116 69.559906 -51.393738
v 304.099290 52.757816 -51.227714
v 321.703519 -6.811611 -39.124538
v 326.753089 14.007491 -41.373946
v 325.636470 36.197930 -49.249386
v 303.711129 -22.282604 -42.159643
v 289.546665 -39.177946 -42.443883
v 268.166393 -52.931831 -41.453308
v 251.032074 -70.736830 -41.886560
v 228.719445 -83.252936 -41.861800
v 200.463434 -96.909983 -37.163463
v 172.749967 -118.531682 -37.576321
v 142.369232 -137.227015 -37.783592
v 3.143624 -211.952752 -64.457427
v 27.788321 -207.405929 -63.124143
v 48.001224 -204.357589 -62.618709
v 60.149270 -186.830587 -50.827898
v 88.536353 -177.714386 -51.309324
v 104.966329 -155.787305 -38.644251
v -20.938122 -217.869690 -66.186409
v -43.791840 -221.333694 -69.025562
v -68.844432 -220.849268 -69.297622
v -94.836576 -225.547521 -71.087402
v -114.456372 -230.368429 -73.920214
v -134.741348 -217.161646 -68.074378
v -152.460595 -190.590232 -47.738007
v -170.402806 -164.996490 -30.236044
v -184.578227 -140.803687 -15.657264
v -198.246517 -118.334432 -5.380734
v -211.035707 -98.277680 0.989129
v -194.276359 -98.792410 6.565378
v 260.462479 -34.632891 -31.234564
v 266.413896 12.114687 -25.202850
v 262.101115 -2.094660 -24.795006
v 258.842569 -21.402076 -25.578170
v 260.717762 -12.111505 -22.699907
v 275.845337 -18.920770 -30.177566
v 279.387491 -28.985331 -34.527436
v 276.572581 -8.944335 -29.273087
v 276.618873 2.203143 -28.494503
v 275.561442 15.523866 -29.687746
v 286.585479 -16.412328 -34.756083
v 290.022250 -22.358951 -37.410458
v 293.305148 -8.510784 -36.726722
v 291.716587 5.917217 -36.351236
v 289.312070 19.311114 -37.120676
v 308.128043 -1.465238 -37.763712
v 308.763301 11.164390 -38.676481
v 307.524264 25.734077 -43.434051
v 255.765312 -52.950203 -35.904135
v 252.550644 -44.902925 -31.614491
v 240.770985 -47.318486 -27.461038
v 244.883063 -59.799217 -33.180509
v 227.114284 -50.284364 -23.365799
v 226.846578 -66.736091 -31.321172
v 206.577713 -54.429963 -18.853113
v 205.542428 -73.486312 -27.151209
v -107.932589 -205.705206 -55.631298
v -75.635235 -196.276641 -48.857618
v -50.546700 -206.087105 -55.750376
v -32.156521 -198.731532 -50.983874
v -5.845615 -192.009890 -45.708165
v 25.405806 -187.583262 -46.861807
v -177.561904 -109.486363 3.341600
v -161.998626 -131.869850 -9.240527
v -145.061786 -155.082505 -22.634922
v -126.395453 -180.862608 -37.708571
v -154.781179 -104.407065 7.126939
v -140.717424 -120.898093 -3.642097
v -121.317531 -142.531937 -12.441358
v -99.758357 -169.630632 -27.408493
v -124.706520 -107.492406 5.770383
v -99.078075 -122.652534 1.496077
v -74.939934 -153.897838 -16.355476
v -50.878751 -179.862647 -34.089039
v -68.078808 -108.303540 9.294967
v -47.955086 -140.048330 -7.313420
v -19.420916 -164.936018 -24.757742
v 19.924361 -163.525131 -27.565487
v 62.054602 -156.541072 -28.165191
v -38.211830 -100.302404 15.090473
v -9.150880 -97.664838 15.189650
v 18.913334 -87.352147 15.343410
v 54.609884 -79.408331 16.394010
v 89.540172 -71.944355 12.016051
v 114.327632 -67.986387 8.779003
v 127.962597 -62.634460 6.851490
v 141.613489 -67.133588 -0.422883
v 157.841942 -59.781464 -3.789486
v 170.508541 -61.413555 -8.545373
v 188.561528 -58.484412 -14.618442
v 12.924223 -140.837122 -13.397032
v -11.243599 -145.579309 -12.239252
v -25.080406 -127.702649 -0.455763
v 1.544156 -120.651211 1.579108
v 31.391037 -112.078943 2.882421
v 44.369981 -134.196928 -10.596010
v 63.029102 -103.104787 4.835698
v 72.089401 -122.585418 -8.012782
v 79.972546 -137.331237 -19.201793
v 93.820776 -93.111255 2.063198
v 100.515677 -112.517896 -9.619652
v 105.561181 -131.578472 -22.209138
v 120.612232 -83.401167 0.814229
v 129.700587 -99.893024 -10.351463
v 135.748601 -118.643944 -23.057101
v 158.389677 -81.933191 -12.589375
v 184.605039 -76.724968 -20.012728
v 163.226074 -103.225388 -24.605419
v 183.455397 -92.562694 -26.834605
v 288.324321 41.643585 -41.844301
v 267.160215 57.134447 -40.939433
v 245.158936 71.358270 -37.635725
v 222.961431 84.691406 -37.034622
v 271.423200 30.739725 -32.344138
v 253.224512 44.962159 -30.933872
v 256.779179 28.652113 -28.388436
v 242.484631 34.186343 -24.711405
v 228.608253 39.774841 -20.089862
v 214.355897 39.439512 -14.106552
v 206.734161 45.889387 -13.906652
v 190.537680 52.234106 -11.625780
v 177.130794 64.059533 -10.324848
v 163.035141 71.938274 -8.818994
v 147.843820 76.297955 -5.947706
v 132.912107 75.837299 -0.176716
v 119.567572 67.698874 6.394287
v 104.453777 75.275667 6.882224
v 86.594558 83.847949 6.521189
v 67.134730 84.188407 12.201753
v 42.648332 86.824088 15.486472
v 21.512320 91.493608 15.092256
v 8.853351 88.755887 16.724084
v -1.531786 95.484209 17.666400
v -25.332133 98.693808 20.161917
v -50.837369 103.143044 18.429401
v -67.825363 110.281538 15.455111
v -88.712461 109.874006 18.612162
v -104.440622 121.032080 14.348021
v -121.067855 124.914738 12.104014
v -141.076906 122.790276 10.903984
v -161.975304 132.276615 7.476101
v -184.790372 134.905682 2.269924
v -197.809239 121.882327 5.895465
v -210.041035 124.389943 -0.445680
v -226.629109 124.779387 -4.963774
v -240.214696 119.655051 -10.120901
v 229.747205 56.106148 -24.781128
v 208.700699 69.339822 -23.801007
v 202.034964 97.809894 -35.256656
v 190.040824 81.124964 -22.133036
v -203.582738 143.892998 -10.937903
v -193.243824 169.827784 -20.815924
v -183.467451 187.063275 -31.022859
v -175.319522 164.160864 -13.859607
v -168.538979 188.732757 -29.025377
v 171.349010 90.620716 -19.402313
v 150.421432 96.885037 -15.616896
v 123.930210 99.009832 -7.339331
v 97.614084 110.585238 -6.043885
v 180.979137 109.796274 -32.548371
v 158.415626 120.118627 -29.162269
v 133.313248 129.038084 -25.518917
v 107.513026 139.842746 -23.192358
v 72.842271 116.595848 -2.936881
v 81.669204 148.184147 -21.762645
v 46.586983 120.314136 -0.237622
v 55.721726 155.714043 -20.055994
v 17.248838 120.345129 2.462125
v 29.378110 161.314445 -19.958250
v -9.457648 132.982297 1.946913
v 4.388263 169.320403 -20.968807
v -33.722319 140.583751 0.430432
v -19.033612 176.836172 -21.529597
v -41.434956 181.496573 -22.513684
v -54.707600 146.100921 -1.518719
v -75.345123 149.280063 -1.341028
v -63.258911 183.786262 -23.457997
v -94.494203 154.283442 -2.930486
v -84.354686 186.194440 -23.999555
v -113.813066 157.361530 -4.147052
v -105.383124 188.038202 -24.740171
v -134.081480 157.763016 -7.164411
v -126.850986 189.583741 -24.826977
v -154.966091 161.772082 -8.941215
v -148.317711 189.591275 -27.014138
v -166.542645 -263.690006 -157.006790
v -169.146539 -266.219840 -160.717023
vt 0.085365 0.358618
vt 0.120440 0.336851
vt 0.140141 0.374252
vt 0.104409 0.392646
vt 0.166125 0.316259
vt 0.183193 0.354222
vt 0.228598 0.334146
vt 0.212813 0.296128
vt 0.277663 0.313952
vt 0.263711 0.276143
vt 0.315149 0.256675
vt 0.327913 0.294195
vt 0.367516 0.239269
vt 0.379130 0.275474
vt 0.428493 0.257863
vt 0.417946 0.223272
vt 0.466186 0.208475
vt 0.474934 0.242054
vt 0.485072 0.274462
vt 0.440414 0.292160
vt 0.392346 0.311393
vt 0.342448 0.331256
vt 0.292829 0.351391
vt 0.244008 0.371848
vt 0.198167 0.392175
vt 0.155610 0.412471
vt 0.117407 0.430350
vt 0.089970 0.433321
vt 0.080598 0.404573
vt 0.063179 0.378197
vt 0.042131 0.351206
vt 0.056354 0.326934
vt 0.106447 0.300528
vt 0.153218 0.279016
vt 0.202581 0.258561
vt 0.253061 0.238812
vt 0.305118 0.220974
vt 0.357162 0.205066
vt 0.407241 0.192202
vt 0.454120 0.180719
vt 0.100275 0.464764
vt 0.124360 0.479460
vt 0.168977 0.450021
vt 0.211250 0.429572
vt 0.258710 0.409179
vt 0.307945 0.388630
vt 0.357314 0.367698
vt 0.406515 0.346382
vt 0.452216 0.325137
vt 0.493478 0.305122
vt 0.121703 0.486502
vt 0.105432 0.479411
vt 0.035479 0.338713
vt 0.047154 0.312300
vt 0.053324 0.275314
vt 0.072566 0.276256
vt 0.107308 0.263677
vt 0.156981 0.494349
vt 0.146212 0.504969
vt 0.189560 0.476547
vt 0.146040 0.242330
vt 0.193054 0.221436
vt 0.243102 0.202092
vt 0.295603 0.185696
vt 0.347984 0.172420
vt 0.398306 0.162611
vt 0.444495 0.155644
vt 0.228556 0.463523
vt 0.275582 0.445465
vt 0.324414 0.425487
vt 0.373494 0.403797
vt 0.421252 0.380480
vt 0.465676 0.356439
vt 0.504997 0.332903
vt 0.061231 0.236213
vt 0.083329 0.237967
vt 0.107189 0.235832
vt 0.131579 0.205989
vt 0.182281 0.184040
vt 0.233342 0.164993
vt 0.286686 0.149863
vt 0.340478 0.139081
vt 0.392671 0.132030
vt 0.441412 0.128786
vt 0.186982 0.511967
vt 0.170387 0.527728
vt 0.205699 0.496743
vt 0.241961 0.500885
vt 0.292153 0.482524
vt 0.341182 0.462932
vt 0.390226 0.440324
vt 0.437868 0.414425
vt 0.482542 0.386479
vt 0.522161 0.357806
vt 0.596665 0.200683
vt 0.595436 0.206945
vt 0.593072 0.202345
vt 0.592501 0.198330
vt 0.576112 0.194574
vt 0.580247 0.207625
vt 0.584561 0.220762
vt 0.597608 0.196185
vt 0.591946 0.191197
vt 0.600560 0.212635
vt 0.601015 0.203653
vt 0.582214 0.187327
vt 0.594573 0.223975
vt 0.606063 0.197222
vt 0.507585 0.199174
vt 0.517033 0.228755
vt 0.525830 0.258060
vt 0.547170 0.188757
vt 0.552553 0.217127
vt 0.565369 0.242847
vt 0.493873 0.172904
vt 0.483579 0.151642
vt 0.484701 0.129464
vt 0.529497 0.287516
vt 0.537084 0.311726
vt 0.554057 0.329562
vt 0.573373 0.170674
vt 0.597682 0.241112
vt 0.525030 0.165181
vt 0.560821 0.275076
vt 0.509946 0.150137
vt 0.520302 0.134546
vt 0.558721 0.296417
vt 0.577083 0.302420
vt 0.547245 0.149862
vt 0.589158 0.273635
vt 0.595120 0.181306
vt 0.609258 0.218196
vt 0.095643 0.204060
vt 0.069718 0.197342
vt 0.217085 0.527167
vt 0.201265 0.549411
vt 0.100136 0.175612
vt 0.077622 0.157916
vt 0.128958 0.164896
vt 0.172042 0.145237
vt 0.237341 0.572337
vt 0.240090 0.544480
vt 0.267066 0.532968
vt 0.310244 0.519442
vt 0.222401 0.125898
vt 0.277896 0.112065
vt 0.334271 0.104030
vt 0.389695 0.100305
vt 0.502226 0.416266
vt 0.456414 0.449355
vt 0.358628 0.502284
vt 0.408264 0.478592
vt 0.113807 0.133386
vt 0.155936 0.107866
vt 0.207725 0.084689
vt 0.268500 0.071006
vt 0.328561 0.068672
vt 0.323132 0.558716
vt 0.276999 0.565595
vt 0.374260 0.546057
vt 0.427870 0.521131
vt 0.475646 0.486221
vt 0.069920 0.127227
vt 0.095248 0.104699
vt 0.254382 0.601586
vt 0.282792 0.595054
vt 0.128725 0.089873
vt 0.314588 0.588943
vt 0.151698 0.074104
vt 0.161935 0.088277
vt 0.198980 0.059727
vt 0.180997 0.079404
vt 0.174501 0.065316
vt 0.339947 0.570755
vt 0.339514 0.587162
vt 0.358247 0.566377
vt 0.380844 0.572213
vt 0.360820 0.581900
vt 0.219765 0.051281
vt 0.223748 0.066644
vt 0.240569 0.046723
vt 0.244387 0.062279
vt 0.263716 0.046082
vt 0.422119 0.558078
vt 0.415635 0.544058
vt 0.439595 0.545144
vt 0.397189 0.552738
vt 0.402521 0.567330
vt 0.479651 0.522585
vt 0.469329 0.510650
vt 0.499742 0.501237
vt 0.452394 0.522779
vt 0.459964 0.536438
vt 0.522654 0.445894
vt 0.287498 0.041904
vt 0.289119 0.056692
vt 0.312693 0.042401
vt 0.310355 0.055720
vt 0.340382 0.046803
vt 0.387683 0.069910
vt 0.612967 0.169218
vt 0.628710 0.188386
vt 0.629976 0.215521
vt 0.644629 0.183281
vt 0.636340 0.160560
vt 0.653542 0.208513
vt 0.665901 0.153611
vt 0.666779 0.175748
vt 0.675785 0.199155
vt 0.625658 0.243085
vt 0.653439 0.238606
vt 0.619096 0.274703
vt 0.647431 0.271535
vt 0.595032 0.150150
vt 0.620452 0.136309
vt 0.567654 0.131179
vt 0.589160 0.109370
vt 0.604610 0.309178
vt 0.633824 0.310155
vt 0.442658 0.099888
vt 0.492412 0.104277
vt 0.533763 0.113370
vt 0.443921 0.071038
vt 0.503683 0.079016
vt 0.544024 0.089576
vt 0.578992 0.345731
vt 0.545532 0.381413
vt 0.606291 0.360280
vt 0.576388 0.404210
vt 0.640860 0.143788
vt 0.813739 0.397401
vt 0.670554 0.385003
vt 0.664203 0.223656
vt 0.629102 0.130181
vt 0.667195 0.239189
vt 0.822131 0.407941
vt 0.661370 0.393186
vt 0.610182 0.113097
vt 0.663230 0.261331
vt 0.548296 0.080518
vt 0.588318 0.093312
vt 0.658898 0.280989
vt 0.649162 0.305721
vt 0.608450 0.100086
vt 0.668182 0.270300
vt 0.526697 0.073818
vt 0.637580 0.328707
vt 0.455714 0.060003
vt 0.496714 0.068743
vt 0.597368 0.384984
vt 0.582569 0.407491
vt 0.510081 0.067401
vt 0.621697 0.357527
vt 0.415415 0.054628
vt 0.421374 0.045387
vt 0.390423 0.036113
vt 0.380546 0.048466
vt 0.564540 0.448535
vt 0.558385 0.442349
vt 0.546912 0.481468
vt 0.533373 0.474271
vt 0.533844 0.508531
vt 0.526092 0.501422
vt 0.513331 0.530000
vt 0.507137 0.518121
vt 0.358356 0.032897
vt 0.367964 0.025193
vt 0.342518 0.018436
vt 0.338810 0.031019
vt 0.195087 0.038522
vt 0.216236 0.032376
vt 0.235105 0.028634
vt 0.258434 0.025244
vt 0.285293 0.023818
vt 0.310939 0.025956
vt 0.087800 0.089197
vt 0.115333 0.072403
vt 0.143854 0.056823
vt 0.167741 0.047597
vt 0.084857 0.078821
vt 0.110098 0.063936
vt 0.139368 0.047751
vt 0.164477 0.039917
vt 0.191244 0.029653
vt 0.213366 0.024777
vt 0.232603 0.020696
vt 0.258230 0.017333
vt 0.284500 0.016773
vt 0.307742 0.016658
vt 0.487322 0.538207
vt 0.467223 0.552940
vt 0.448065 0.564017
vt 0.430012 0.574816
vt 0.409957 0.585153
vt 0.386911 0.592693
vt 0.365809 0.600925
vt 0.343521 0.606433
vt 0.317774 0.613584
vt 0.291770 0.618180
vt 0.493147 0.550260
vt 0.473394 0.564919
vt 0.454024 0.576713
vt 0.436124 0.587676
vt 0.417087 0.598807
vt 0.391582 0.607679
vt 0.371531 0.614943
vt 0.351186 0.621168
vt 0.324989 0.626293
vt 0.296990 0.632822
vt 0.067890 0.107173
vt 0.058272 0.102082
vt 0.046979 0.127712
vt 0.267091 0.633713
vt 0.264506 0.617866
vt 0.239426 0.619192
vt 0.216589 0.598838
vt 0.182690 0.568527
vt 0.155193 0.543954
vt 0.132074 0.524848
vt 0.111874 0.510771
vt 0.098849 0.501507
vt 0.046567 0.155840
vt 0.046805 0.191096
vt 0.041883 0.232972
vt 0.034858 0.273820
vt 0.030524 0.302288
vt 0.019217 0.331978
vt 0.088361 0.471674
vt 0.031918 0.355416
vt 0.079843 0.435220
vt 0.070778 0.408807
vt 0.054240 0.383058
vt 0.588008 0.976467
vt 0.615707 0.978539
vt 0.567790 0.965942
vt 0.552155 0.953556
vt 0.536591 0.934630
vt 0.513765 0.910561
vt 0.486034 0.892648
vt 0.463234 0.874993
vt 0.263638 0.640712
vt 0.297420 0.640279
vt 0.327180 0.635493
vt 0.358432 0.629285
vt 0.373036 0.620758
vt 0.393716 0.616001
vt 0.418438 0.607076
vt 0.438022 0.593053
vt 0.495352 0.557395
vt 0.476313 0.574036
vt 0.457565 0.583634
vt 0.515422 0.535119
vt 0.538502 0.514447
vt 0.552582 0.491800
vt 0.567283 0.456244
vt 0.589575 0.416827
vt 0.559837 0.518009
vt 0.582658 0.477657
vt 0.591187 0.458273
vt 0.647066 0.401751
vt 0.638252 0.400582
vt 0.625589 0.417582
vt 0.612985 0.434162
vt 0.601284 0.452525
vt 0.594118 0.454286
vt 0.683113 0.373456
vt 0.683595 0.195597
vt 0.778040 0.389452
vt 0.767913 0.388288
vt 0.693551 0.367119
vt 0.687482 0.371021
vt 0.781275 0.389109
vt 0.780031 0.389735
vt 0.673029 0.154050
vt 0.794349 0.384361
vt 0.789822 0.385931
vt 0.800202 0.384905
vt 0.804965 0.386140
vt 0.838113 0.427399
vt 0.847522 0.430706
vt 0.855501 0.450070
vt 0.867340 0.481488
vt 0.874721 0.487567
vt 0.882901 0.512372
vt 0.886632 0.524014
vt 0.458075 0.054308
vt 0.430220 0.043623
vt 0.925644 0.591434
vt 0.937033 0.611011
vt 0.948868 0.627577
vt 0.963927 0.664837
vt 0.971048 0.676423
vt 0.975403 0.692366
vt 0.978855 0.718296
vt 0.982978 0.732437
vt 0.985923 0.748958
vt 0.984378 0.779767
vt 0.982850 0.795520
vt 0.979859 0.821398
vt 0.972104 0.847568
vt 0.962362 0.872945
vt 0.940671 0.891361
vt 0.917729 0.903894
vt 0.890685 0.916033
vt 0.865476 0.932423
vt 0.842475 0.956033
vt 0.823827 0.969323
vt 0.802812 0.977945
vt 0.775758 0.976868
vt 0.746354 0.971768
vt 0.666708 0.985178
vt 0.647035 0.977656
vt 0.647680 0.975098
vt 0.667186 0.981380
vt 0.746907 0.969311
vt 0.616805 0.974714
vt 0.591037 0.971098
vt 0.571494 0.959742
vt 0.557619 0.948261
vt 0.542078 0.930132
vt 0.516371 0.907613
vt 0.491107 0.890100
vt 0.466607 0.869444
vt 0.441195 0.849621
vt 0.431713 0.817769
vt 0.426593 0.791910
vt 0.427232 0.765026
vt 0.428354 0.750535
vt 0.428621 0.733201
vt 0.431690 0.710833
vt 0.437267 0.690094
vt 0.443506 0.673483
vt 0.446016 0.654701
vt 0.454900 0.635188
vt 0.471005 0.612906
vt 0.482758 0.590336
vt 0.499254 0.573152
vt 0.522740 0.553510
vt 0.547136 0.523867
vt 0.554008 0.520245
vt 0.563832 0.521601
vt 0.560308 0.524966
vt 0.584748 0.479184
vt 0.594551 0.460086
vt 0.597341 0.457183
vt 0.603525 0.454641
vt 0.614913 0.436097
vt 0.627290 0.419532
vt 0.638669 0.402939
vt 0.640836 0.402657
vt 0.642661 0.402359
vt 0.647568 0.403606
vt 0.661914 0.395164
vt 0.670894 0.388095
vt 0.682738 0.377864
vt 0.687747 0.373893
vt 0.693592 0.368952
vt 0.702637 0.368186
vt 0.703493 0.369897
vt 0.769641 0.389890
vt 0.793825 0.386057
vt 0.791061 0.386540
vt 0.799838 0.386542
vt 0.785550 0.389844
vt 0.776034 0.390862
vt 0.779966 0.392216
vt 0.803101 0.388974
vt 0.812482 0.398580
vt 0.820983 0.409373
vt 0.836988 0.428220
vt 0.845902 0.431888
vt 0.853656 0.451552
vt 0.865095 0.482959
vt 0.872886 0.488540
vt 0.881113 0.513061
vt 0.883899 0.525089
vt 0.895613 0.550842
vt 0.905621 0.559037
vt 0.424098 0.035905
vt 0.934366 0.611987
vt 0.923206 0.592595
vt 0.946978 0.627393
vt 0.960272 0.666518
vt 0.968420 0.678103
vt 0.973033 0.693792
vt 0.976014 0.720082
vt 0.979594 0.733978
vt 0.983446 0.749060
vt 0.976794 0.777870
vt 0.973855 0.797039
vt 0.968243 0.823804
vt 0.776002 0.975046
vt 0.802927 0.972407
vt 0.821984 0.961587
vt 0.840859 0.943751
vt 0.861906 0.925087
vt 0.886676 0.910264
vt 0.912363 0.897878
vt 0.936476 0.886417
vt 0.950065 0.866218
vt 0.958873 0.846609
vt 0.495393 0.886173
vt 0.519628 0.904225
vt 0.471705 0.864988
vt 0.454208 0.843502
vt 0.445604 0.814751
vt 0.442448 0.790958
vt 0.441606 0.766895
vt 0.450347 0.713463
vt 0.444987 0.732437
vt 0.446177 0.751850
vt 0.465856 0.659973
vt 0.460653 0.674100
vt 0.455049 0.692410
vt 0.487235 0.617338
vt 0.474688 0.641554
vt 0.497835 0.598705
vt 0.513289 0.579707
vt 0.530889 0.557003
vt 0.554795 0.528710
vt 0.545168 0.927058
vt 0.560522 0.945736
vt 0.572926 0.957194
vt 0.591479 0.966912
vt 0.617491 0.967416
vt 0.649957 0.967048
vt 0.806473 0.054508
vt 0.746070 0.962504
vt 0.774920 0.967985
vt 0.800072 0.964177
vt 0.817376 0.952243
vt 0.833230 0.933718
vt 0.855385 0.915967
vt 0.881037 0.902056
vt 0.907270 0.889624
vt 0.932666 0.880940
vt 0.946058 0.864417
vt 0.949299 0.847645
vt 0.954717 0.822410
vt 0.956504 0.795914
vt 0.957720 0.770448
vt 0.956649 0.750500
vt 0.955300 0.734822
vt 0.952872 0.721634
vt 0.949314 0.698614
vt 0.946737 0.683959
vt 0.941865 0.668834
vt 0.927522 0.638857
vt 0.918466 0.619096
vt 0.906148 0.596653
vt 0.892044 0.567098
vt 0.885870 0.556282
vt 0.872860 0.531513
vt 0.867214 0.517295
vt 0.859910 0.499930
vt 0.852722 0.490307
vt 0.838616 0.458828
vt 0.833482 0.448053
vt 0.828420 0.442162
vt 0.817844 0.421114
vt 0.803850 0.412981
vt 0.795283 0.406475
vt 0.791238 0.401699
vt 0.786711 0.399535
vt 0.782302 0.401037
vt 0.776799 0.399335
vt 0.772284 0.398740
vt 0.701358 0.378414
vt 0.698430 0.377153
vt 0.695185 0.377812
vt 0.692003 0.381309
vt 0.688641 0.387416
vt 0.678030 0.398492
vt 0.669481 0.405472
vt 0.654819 0.411792
vt 0.648306 0.411485
vt 0.643205 0.410014
vt 0.640462 0.414100
vt 0.632969 0.423510
vt 0.622388 0.440506
vt 0.608881 0.460320
vt 0.604436 0.465185
vt 0.600643 0.468627
vt 0.591790 0.485569
vt 0.574736 0.518049
vt 0.565130 0.531100
vt 0.560015 0.535517
vt 0.537268 0.563022
vt 0.523547 0.590690
vt 0.507514 0.607590
vt 0.496071 0.622968
vt 0.484204 0.647476
vt 0.477225 0.664932
vt 0.461290 0.716749
vt 0.458202 0.734549
vt 0.467271 0.697573
vt 0.473852 0.676136
vt 0.452896 0.790766
vt 0.452999 0.813173
vt 0.454702 0.768756
vt 0.455680 0.752890
vt 0.457894 0.834643
vt 0.460344 0.841516
vt 0.458666 0.843814
vt 0.468368 0.859008
vt 0.471203 0.855453
vt 0.476712 0.860637
vt 0.499007 0.881308
vt 0.522104 0.900952
vt 0.547920 0.923022
vt 0.567350 0.937612
vt 0.580137 0.948769
vt 0.595673 0.948568
vt 0.619601 0.955635
vt 0.649994 0.954836
vt 0.668380 0.961442
vt 0.794532 0.064539
vt 0.744313 0.953364
vt 0.773717 0.949387
vt 0.785851 0.942144
vt 0.797280 0.932583
vt 0.820088 0.918596
vt 0.844170 0.900073
vt 0.871796 0.889259
vt 0.895725 0.878672
vt 0.916051 0.869291
vt 0.922828 0.853709
vt 0.934914 0.839078
vt 0.940852 0.818516
vt 0.942595 0.796484
vt 0.943092 0.771980
vt 0.942879 0.752346
vt 0.942871 0.736134
vt 0.941412 0.722236
vt 0.934640 0.686425
vt 0.927663 0.671239
vt 0.938856 0.701590
vt 0.914916 0.646153
vt 0.903765 0.624198
vt 0.892793 0.602816
vt 0.878956 0.579139
vt 0.869796 0.560949
vt 0.848147 0.507796
vt 0.840701 0.489891
vt 0.853937 0.523186
vt 0.860286 0.539581
vt 0.823917 0.461030
vt 0.809802 0.444697
vt 0.798013 0.434283
vt 0.788255 0.422009
vt 0.786305 0.412986
vt 0.779510 0.410004
vt 0.695803 0.398548
vt 0.685980 0.410658
vt 0.695891 0.389268
vt 0.774230 0.409674
vt 0.699803 0.386653
vt 0.675773 0.418588
vt 0.661509 0.426995
vt 0.651181 0.424274
vt 0.643874 0.433361
vt 0.631988 0.446424
vt 0.618929 0.464706
vt 0.613153 0.471292
vt 0.611827 0.480157
vt 0.600914 0.492938
vt 0.585257 0.522960
vt 0.575831 0.538754
vt 0.567342 0.547576
vt 0.543154 0.572717
vt 0.530661 0.597208
vt 0.517536 0.620523
vt 0.506081 0.633929
vt 0.494342 0.656006
vt 0.486716 0.674441
vt 0.482677 0.685109
vt 0.478286 0.702370
vt 0.472515 0.720771
vt 0.469089 0.740169
vt 0.466634 0.757099
vt 0.466956 0.771395
vt 0.466314 0.793374
vt 0.468709 0.819641
vt 0.467934 0.831307
vt 0.476183 0.842110
vt 0.486282 0.848777
vt 0.493518 0.856764
vt 0.507748 0.870100
vt 0.530114 0.891114
vt 0.556073 0.913489
vt 0.576508 0.929744
vt 0.817279 0.072875
vt 0.810344 0.066844
vt 0.804750 0.067065
vt 0.797726 0.072392
vt 0.807642 0.068340
vt 0.805358 0.075867
vt 0.808071 0.075884
vt 0.801991 0.078473
vt 0.810127 0.076797
vt 0.812830 0.079689
vt 0.820437 0.086541
vt 0.813066 0.086427
vt 0.800434 0.085744
vt 0.793321 0.087297
vt 0.804104 0.105319
vt 0.804749 0.093663
vt 0.810386 0.106642
vt 0.808652 0.093365
vt 0.806341 0.093207
vt 0.806869 0.105509
vt 0.806680 0.087224
vt 0.807430 0.082539
vt 0.805474 0.115600
vt 0.799394 0.111644
vt 0.813393 0.111710
vt 0.805106 0.122062
vt 0.797001 0.113108
vt 0.815990 0.114280
vt 0.794754 0.128605
vt 0.786354 0.118255
vt 0.824247 0.119433
vt 0.816107 0.128975
vt 0.778121 0.126616
vt 0.781855 0.131707
vt 0.828243 0.126735
vt 0.824828 0.131156
vt 0.772926 0.128246
vt 0.775930 0.133261
vt 0.765162 0.129491
vt 0.058677 0.601671
vt 0.756280 0.131848
vt 0.755733 0.137015
vt 0.833400 0.128057
vt 0.830370 0.132037
vt 0.675494 0.899785
vt 0.839254 0.128155
vt 0.843976 0.135394
vt 0.845890 0.127085
vt 0.837159 0.121413
vt 0.767776 0.120220
vt 0.784777 0.137155
vt 0.780824 0.144653
vt 0.774092 0.141124
vt 0.794112 0.137703
vt 0.802086 0.133492
vt 0.815130 0.135085
vt 0.806589 0.133796
vt 0.804874 0.132520
vt 0.822356 0.136250
vt 0.829316 0.138348
vt 0.127670 0.586543
vt 0.827830 0.143207
vt 0.833290 0.141732
vt 0.820923 0.141770
vt 0.814950 0.140205
vt 0.806749 0.139289
vt 0.805189 0.138569
vt 0.802193 0.138127
vt 0.795061 0.141488
vt 0.048644 0.608060
vt 0.040830 0.600073
vt 0.060276 0.610249
vt 0.659762 0.901311
vt 0.669946 0.893061
vt 0.133696 0.593808
vt 0.126854 0.599814
vt 0.121746 0.593326
vt 0.113139 0.589468
vt 0.855168 0.208818
vt 0.861784 0.217620
vt 0.843895 0.136767
vt 0.838255 0.142322
vt 0.864184 0.206146
vt 0.875331 0.209486
vt 0.879687 0.215214
vt 0.828073 0.149080
vt 0.836356 0.147775
vt 0.822316 0.146141
vt 0.841119 0.146733
vt 0.844870 0.141125
vt 0.846379 0.142964
vt 0.848421 0.133124
vt 0.850384 0.134797
vt 0.845521 0.137984
vt 0.846812 0.132636
vt 0.844113 0.135804
vt 0.844057 0.135902
vt 0.846965 0.129529
vt 0.846162 0.131924
vt 0.848516 0.126056
vt 0.845500 0.123254
vt 0.838505 0.116398
vt 0.830050 0.110774
vt 0.823636 0.106563
vt 0.821324 0.104794
vt 0.681896 0.939766
vt 0.675894 0.947478
vt 0.854456 0.136489
vt 0.867742 0.190239
vt 0.862865 0.188722
vt 0.859632 0.184213
vt 0.856659 0.178790
vt 0.892189 0.080918
vt 0.895810 0.078307
vt 0.839561 0.085516
vt 0.850561 0.085529
vt 0.787896 0.144076
vt 0.783211 0.148155
vt 0.779345 0.150280
vt 0.777137 0.149351
vt 0.774808 0.148185
vt 0.770309 0.148129
vt 0.071981 0.605211
vt 0.070166 0.611888
vt 0.757138 0.140547
vt 0.755154 0.140735
vt 0.761036 0.146257
vt 0.762359 0.148756
vt 0.763934 0.150778
vt 0.753771 0.141873
vt 0.764900 0.152776
vt 0.754207 0.146401
vt 0.736895 0.910227
vt 0.731443 0.909068
vt 0.725768 0.912010
vt 0.796289 0.144785
vt 0.720268 0.094128
vt 0.730579 0.069537
vt 0.718003 0.104978
vt 0.764271 0.182983
vt 0.759529 0.189297
vt 0.740141 0.908201
vt 0.750967 0.191396
vt 0.717592 0.916441
vt 0.714616 0.921655
vt 0.713888 0.924968
vt 0.714707 0.928050
vt 0.718978 0.935818
vt 0.724338 0.941052
vt 0.790757 0.080890
vt 0.792984 0.076524
vt 0.726281 0.946030
vt 0.821905 0.075702
vt 0.666858 0.955526
vt 0.822623 0.081165
vt 0.671429 0.950276
vt 0.855301 0.199103
vt 0.864853 0.202098
vt 0.874191 0.203423
vt 0.855121 0.125183
vt 0.882062 0.199580
vt 0.881204 0.207295
vt 0.851800 0.119715
vt 0.843839 0.112990
vt 0.672924 0.930832
vt 0.676286 0.936064
vt 0.671277 0.942874
vt 0.663441 0.946997
vt 0.658154 0.952697
vt 0.037730 0.594241
vt 0.756368 0.210272
vt 0.763617 0.208043
vt 0.772492 0.208258
vt 0.779329 0.209592
vt 0.762904 0.195438
vt 0.752951 0.198252
vt 0.769956 0.190388
vt 0.727982 0.110589
vt 0.759844 0.203895
vt 0.750906 0.205606
vt 0.766417 0.203521
vt 0.774679 0.201202
vt 0.741684 0.915164
vt 0.744000 0.911682
vt 0.744431 0.194130
vt 0.743006 0.202114
vt 0.742765 0.207157
vt 0.032018 0.594617
vt 0.033427 0.601515
vt 0.041929 0.610505
vt 0.051559 0.613044
vt 0.781037 0.200989
vt 0.782159 0.187073
vt 0.114501 0.598716
vt 0.118854 0.606551
vt 0.106981 0.593909
vt 0.842733 0.205417
vt 0.847099 0.193253
vt 0.850826 0.186469
vt 0.886129 0.080108
vt 0.729654 0.102203
vt 0.727318 0.091847
vt 0.730354 0.066616
vt 0.729520 0.068084
vt 0.730386 0.099064
vt 0.730041 0.065294
vt 0.727374 0.065860
vt 0.728142 0.066998
vt 0.728691 0.069803
vt 0.728321 0.068393
vt 0.726033 0.067805
vt 0.724818 0.067077
vt 0.726659 0.068730
vt 0.726278 0.069731
vt 0.724231 0.068205
vt 0.725151 0.069055
vt 0.725793 0.068913
vt 0.802742 0.142154
vt 0.767012 0.088419
vt 0.804942 0.141949
vt 0.852643 0.090994
vt 0.853981 0.085015
vt 0.891269 0.075818
vt 0.844013 0.079299
vt 0.849194 0.081498
vt 0.882010 0.076639
vt 0.886883 0.073395
vt 0.847263 0.075759
vt 0.851731 0.079207
vt 0.845203 0.181051
vt 0.843489 0.185433
vt 0.764754 0.085902
vt 0.730829 0.090786
vt 0.732984 0.098003
vt 0.762615 0.092937
vt 0.758974 0.092251
vt 0.734069 0.086959
vt 0.734262 0.092270
vt 0.736936 0.097399
vt 0.879932 0.069502
vt 0.883185 0.068559
vt 0.850266 0.070595
vt 0.853788 0.074676
vt 0.856168 0.078886
vt 0.858863 0.080225
vt 0.856858 0.086181
vt 0.855337 0.092186
vt 0.761784 0.096261
vt 0.757878 0.093476
vt 0.785483 0.179973
vt 0.841835 0.180410
vt 0.877050 0.076661
vt 0.876381 0.070799
vt 0.851390 0.066514
vt 0.878788 0.066604
vt 0.851989 0.067637
vt 0.854546 0.067696
vt 0.875600 0.066969
vt 0.857117 0.067502
vt 0.857146 0.073892
vt 0.859460 0.077420
vt 0.862341 0.078611
vt 0.838885 0.179676
vt 0.873105 0.077405
vt 0.867498 0.078736
vt 0.834654 0.176564
vt 0.861057 0.067016
vt 0.871611 0.066091
vt 0.872906 0.071446
vt 0.860148 0.072618
vt 0.861237 0.076020
vt 0.864379 0.077348
vt 0.864126 0.068790
vt 0.868389 0.068038
vt 0.869946 0.071556
vt 0.869848 0.075266
vt 0.863314 0.071924
vt 0.863761 0.074073
vt 0.866008 0.075611
vt 0.865995 0.070651
vt 0.867294 0.070609
vt 0.868354 0.072047
vt 0.865273 0.072173
vt 0.865745 0.072961
vt 0.867811 0.073711
vt 0.867706 0.076754
vt 0.864140 0.080542
vt 0.833276 0.174265
vt 0.861348 0.082160
vt 0.830098 0.170644
vt 0.756018 0.089151
vt 0.755108 0.091990
vt 0.757622 0.083988
vt 0.738085 0.084119
vt 0.736585 0.086763
vt 0.736478 0.088938
vt 0.739035 0.092692
vt 0.739055 0.087941
vt 0.738746 0.086005
vt 0.739819 0.083989
vt 0.739931 0.089360
vt 0.754902 0.082720
vt 0.754351 0.087353
vt 0.753323 0.090802
vt 0.741216 0.086780
vt 0.741796 0.088365
vt 0.741107 0.085648
vt 0.741606 0.083840
vt 0.752290 0.082088
vt 0.752218 0.086088
vt 0.751253 0.089661
vt 0.742450 0.093406
vt 0.741708 0.096700
vt 0.759906 0.097962
vt 0.799559 0.173766
vt 0.753392 0.096040
vt 0.750955 0.094540
vt 0.748710 0.092775
vt 0.743408 0.086340
vt 0.743560 0.085185
vt 0.743919 0.083935
vt 0.749223 0.082878
vt 0.749850 0.085635
vt 0.748759 0.088198
vt 0.747258 0.089027
vt 0.743921 0.087891
vt 0.744983 0.091946
vt 0.747447 0.085910
vt 0.746772 0.084596
vt 0.745445 0.085168
vt 0.745589 0.087284
vt 0.746159 0.089706
vt 0.746806 0.092647
vt 0.744969 0.095084
vt 0.750095 0.097304
vt 0.748072 0.096150
vt 0.745955 0.096375
vt 0.745555 0.097920
vt 0.800162 0.176889
vt 0.796703 0.180089
vt 0.743869 0.098783
vt 0.793763 0.180470
vt 0.741498 0.098224
vt 0.790032 0.177873
vt 0.804240 0.176411
vt 0.825310 0.165870
vt 0.811072 0.168679
vt 0.826745 0.172376
vt 0.821499 0.172282
vt 0.816739 0.170200
vt 0.814131 0.172023
vt 0.812129 0.172412
vt 0.807666 0.176745
vt 0.813076 0.176651
vt 0.805243 0.178873
vt 0.809056 0.179811
vt 0.818461 0.174927
vt 0.821558 0.175091
vt 0.820175 0.178726
vt 0.813654 0.180236
vt 0.822515 0.178359
vt 0.811234 0.182090
vt 0.825438 0.175787
vt 0.825214 0.178299
vt 0.830040 0.175818
vt 0.828891 0.177342
vt 0.828404 0.179818
vt 0.806124 0.182025
vt 0.807712 0.183544
vt 0.803162 0.181012
vt 0.800163 0.180372
vt 0.797678 0.182061
vt 0.827293 0.182376
vt 0.824592 0.181560
vt 0.822100 0.181158
vt 0.820040 0.180904
vt 0.814711 0.182723
vt 0.812339 0.183842
vt 0.809210 0.185380
vt 0.832396 0.178846
vt 0.836768 0.181496
vt 0.839686 0.183742
vt 0.831785 0.179814
vt 0.830673 0.181635
vt 0.835069 0.183415
vt 0.837560 0.185412
vt 0.833252 0.185000
vt 0.835340 0.187504
vt 0.829085 0.183677
vt 0.831301 0.186369
vt 0.833046 0.189339
vt 0.841049 0.189327
vt 0.841767 0.192661
vt 0.843695 0.197245
vt 0.840560 0.196116
vt 0.851684 0.201159
vt 0.847518 0.199169
vt 0.847027 0.202898
vt 0.851097 0.203974
vt 0.843551 0.199397
vt 0.842942 0.201632
vt 0.838736 0.203458
vt 0.832999 0.209506
vt 0.837438 0.190992
vt 0.838031 0.193349
vt 0.836804 0.196125
vt 0.834392 0.192932
vt 0.839797 0.199255
vt 0.834516 0.202651
vt 0.836210 0.199392
vt 0.830279 0.205665
vt 0.789658 0.183205
vt 0.787826 0.188961
vt 0.795112 0.183617
vt 0.793416 0.186186
vt 0.792482 0.190280
vt 0.804639 0.183239
vt 0.804766 0.184686
vt 0.801580 0.182946
vt 0.805996 0.186824
vt 0.801316 0.185228
vt 0.802763 0.187791
vt 0.797000 0.186223
vt 0.796314 0.188404
vt 0.800366 0.189035
vt 0.799360 0.186788
vt 0.796200 0.191748
vt 0.800664 0.192055
vt 0.804269 0.191371
vt 0.807277 0.190049
vt 0.810546 0.188857
vt 0.813880 0.187387
vt 0.817505 0.185817
vt 0.824965 0.184505
vt 0.826799 0.185900
vt 0.823343 0.183456
vt 0.820884 0.183595
vt 0.818435 0.183398
vt 0.828627 0.188249
vt 0.830304 0.190819
vt 0.831208 0.194496
vt 0.833038 0.197080
vt 0.832832 0.198918
vt 0.831059 0.200885
vt 0.828299 0.202751
vt 0.784865 0.196343
vt 0.787941 0.197021
vt 0.786446 0.202124
vt 0.784551 0.192972
vt 0.788310 0.193425
vt 0.795629 0.195164
vt 0.792306 0.194148
vt 0.791527 0.197582
vt 0.794880 0.198380
vt 0.790532 0.201827
vt 0.793786 0.202056
vt 0.800498 0.195872
vt 0.799050 0.199490
vt 0.797721 0.202832
vt 0.804719 0.195506
vt 0.804240 0.200008
vt 0.808142 0.194064
vt 0.802877 0.203832
vt 0.784284 0.206729
vt 0.790303 0.205755
vt 0.793716 0.205008
vt 0.797197 0.206594
vt 0.802323 0.207399
vt 0.784002 0.212060
vt 0.077472 0.604008
vt 0.078695 0.595961
vt 0.793683 0.209756
vt 0.083399 0.601499
vt 0.087172 0.599159
vt 0.826858 0.199874
vt 0.829270 0.198493
vt 0.830719 0.197321
vt 0.825803 0.196775
vt 0.827980 0.195589
vt 0.827557 0.192415
vt 0.826228 0.189847
vt 0.824382 0.188108
vt 0.821202 0.186101
vt 0.811329 0.192806
vt 0.814497 0.191614
vt 0.817711 0.190548
vt 0.820867 0.190537
vt 0.823065 0.190833
vt 0.824670 0.191604
vt 0.825264 0.193603
vt 0.808399 0.197900
vt 0.811636 0.196621
vt 0.814785 0.195767
vt 0.817866 0.195104
vt 0.820609 0.194499
vt 0.823066 0.194484
vt 0.823438 0.197775
vt 0.824269 0.201442
vt 0.825475 0.204475
vt 0.826669 0.207615
vt 0.828375 0.210727
vt 0.105779 0.598566
vt 0.108602 0.598122
vt 0.107984 0.601143
vt 0.111943 0.600367
vt 0.110974 0.603431
vt 0.820810 0.198923
vt 0.817829 0.199359
vt 0.814917 0.199855
vt 0.811723 0.200127
vt 0.809088 0.200378
vt 0.807568 0.202447
vt 0.807091 0.205277
vt 0.810870 0.206415
vt 0.811441 0.203378
vt 0.821335 0.202719
vt 0.822237 0.206278
vt 0.814736 0.207356
vt 0.814719 0.203883
vt 0.818718 0.207829
vt 0.818286 0.203719
vt 0.823549 0.209304
vt 0.825034 0.212242
vt 0.104037 0.601095
vt 0.106154 0.603666
vt 0.109105 0.606866
vt 0.114005 0.611467
vt 0.820744 0.210916
vt 0.822283 0.212843
vt 0.102337 0.603037
vt 0.103963 0.605862
vt 0.106601 0.609762
vt 0.110431 0.615544
vt 0.817420 0.210528
vt 0.814674 0.210301
vt 0.811162 0.209436
vt 0.806921 0.208326
vt 0.099975 0.603358
vt 0.097603 0.603714
vt 0.094637 0.602506
vt 0.091092 0.601109
vt 0.101399 0.606925
vt 0.103532 0.611446
vt 0.106566 0.617844
vt 0.098455 0.607223
vt 0.099773 0.612023
vt 0.102248 0.618962
vt 0.094697 0.606326
vt 0.090564 0.605014
vt 0.087481 0.603966
vt 0.084837 0.605525
vt 0.079220 0.608113
vt 0.095090 0.611682
vt 0.088729 0.610555
vt 0.082647 0.612612
vt 0.072334 0.616250
vt 0.061927 0.617703
vt 0.052109 0.616460
vt 0.041852 0.614981
vt 0.033676 0.613405
vt 0.097168 0.619219
vt 0.091289 0.618821
vt 0.084543 0.618929
vt 0.073657 0.620052
vt 0.061786 0.621602
vt 0.052081 0.620312
vt 0.042378 0.619040
vt 0.034555 0.618299
vt 0.944240 0.189220
vt 0.941727 0.184290
vt 0.944910 0.195339
vt 0.935070 0.199424
vt 0.652906 0.905958
vt 0.933525 0.206144
vt 0.656045 0.903651
vt 0.939166 0.185540
vt 0.939193 0.187617
vt 0.933466 0.184616
vt 0.927860 0.184963
vt 0.926962 0.207179
vt 0.921437 0.185357
vt 0.919358 0.206852
vt 0.912029 0.187728
vt 0.907161 0.185939
vt 0.928212 0.204522
vt 0.928576 0.199876
vt 0.919154 0.203789
vt 0.921714 0.199004
vt 0.907816 0.199390
vt 0.912968 0.197141
vt 0.907638 0.195536
vt 0.909667 0.195414
vt 0.892457 0.207585
vt 0.650009 0.901782
vt 0.652563 0.898841
vt 0.907424 0.194689
vt 0.908799 0.193908
vt 0.906022 0.193916
vt 0.908147 0.192220
vt 0.910406 0.192294
vt 0.910459 0.193627
vt 0.910708 0.194511
vt 0.941695 0.192986
vt 0.942013 0.194590
vt 0.935766 0.196105
vt 0.929581 0.196027
vt 0.923118 0.195304
vt 0.914308 0.194691
vt 0.914242 0.190493
vt 0.922183 0.189287
vt 0.927811 0.188615
vt 0.932682 0.187919
vt 0.939173 0.191153
vt 0.937371 0.188969
vt 0.934920 0.188768
vt 0.937461 0.190038
vt 0.935046 0.190070
vt 0.932794 0.189918
vt 0.928049 0.191089
vt 0.922582 0.191747
vt 0.915435 0.192393
vt 0.935639 0.194388
vt 0.939939 0.193866
vt 0.935014 0.192112
vt 0.932186 0.192683
vt 0.932193 0.194198
vt 0.906982 0.194971
vt 0.906060 0.195010
vt 0.906402 0.196418
vt 0.907010 0.195547
vt 0.898812 0.208953
vt 0.648816 0.904291
vt 0.906492 0.191907
vt 0.904963 0.193944
vt 0.907546 0.189642
vt 0.904875 0.198571
vt 0.642926 0.900640
vt 0.646092 0.896891
vt 0.640060 0.906987
vt 0.641737 0.903426
vt 0.636418 0.900182
vt 0.632775 0.905159
vt 0.637192 0.897706
vt 0.638983 0.892188
vt 0.630327 0.894872
vt 0.630152 0.889184
vt 0.624616 0.904322
vt 0.627685 0.898757
vt 0.657101 0.895823
vt 0.664713 0.888528
vt 0.648961 0.891157
vt 0.653200 0.884204
vt 0.641731 0.886686
vt 0.644377 0.880512
vt 0.632872 0.882759
vt 0.640376 0.872752
vt 0.735707 0.916837
vt 0.732322 0.919001
vt 0.725658 0.919992
vt 0.722319 0.925005
vt 0.726982 0.932107
vt 0.734116 0.936573
vt 0.737794 0.944345
vt 0.759826 0.904370
vt 0.761142 0.900426
vt 0.760166 0.896785
vt 0.758193 0.892104
vt 0.758122 0.883733
vt 0.756836 0.878543
vt 0.753908 0.909303
vt 0.748864 0.913566
vt 0.745888 0.920905
vt 0.740170 0.921780
vt 0.734900 0.923962
vt 0.733340 0.927426
vt 0.737234 0.929269
vt 0.744217 0.931819
vt 0.754463 0.934218
vt 0.765333 0.935428
vt 0.780493 0.930452
vt 0.767526 0.916108
vt 0.759178 0.918347
vt 0.778844 0.914637
vt 0.791837 0.921080
vt 0.809249 0.907679
vt 0.787774 0.908347
vt 0.800762 0.898080
vt 0.654595 0.945019
vt 0.665974 0.938709
vt 0.663076 0.929560
vt 0.659205 0.935216
vt 0.648963 0.935026
vt 0.640855 0.949032
vt 0.643394 0.943847
vt 0.620603 0.942964
vt 0.630728 0.940674
vt 0.630771 0.947414
vt 0.639274 0.932885
vt 0.630254 0.931560
vt 0.621538 0.931709
vt 0.655496 0.927718
vt 0.650813 0.920972
vt 0.641808 0.917743
vt 0.633850 0.917424
vt 0.624560 0.916296
vt 0.612222 0.920930
vt 0.615472 0.905007
vt 0.620749 0.891024
vt 0.622505 0.880694
vt 0.626048 0.871091
vt 0.058507 0.631052
vt 0.049570 0.628493
vt 0.041395 0.627064
vt 0.033159 0.623313
vt 0.753319 0.868136
vt 0.075391 0.626295
vt 0.088141 0.627276
vt 0.669529 0.880567
vt 0.674881 0.885987
vt 0.141306 0.599408
vt 0.132130 0.606198
vt 0.124313 0.614734
vt 0.119377 0.619479
vt 0.114537 0.623567
vt 0.110026 0.626306
vt 0.105554 0.627751
vt 0.100506 0.628250
vt 0.094727 0.627987
vt 0.109438 0.638356
vt 0.104421 0.638751
vt 0.118230 0.633792
vt 0.113675 0.636778
vt 0.113568 0.650692
vt 0.108781 0.651264
vt 0.122326 0.646462
vt 0.117666 0.649374
vt 0.117240 0.663752
vt 0.112542 0.664718
vt 0.127092 0.659313
vt 0.121850 0.661998
vt 0.120130 0.675660
vt 0.115154 0.677134
vt 0.131729 0.670851
vt 0.125725 0.673593
vt 0.123326 0.629360
vt 0.127868 0.624167
vt 0.128462 0.643352
vt 0.133403 0.655800
vt 0.138952 0.667633
vt 0.132874 0.639280
vt 0.140541 0.651103
vt 0.149518 0.660874
vt 0.137442 0.617923
vt 0.688376 0.882597
vt 0.679891 0.876091
vt 0.671656 0.871892
vt 0.142966 0.631896
vt 0.148319 0.643481
vt 0.159584 0.645285
vt 0.142756 0.678817
vt 0.135787 0.682228
vt 0.152259 0.674331
vt 0.164577 0.669761
vt 0.164170 0.660260
vt 0.690481 0.853584
vt 0.694480 0.869443
vt 0.685671 0.865506
vt 0.675733 0.861338
vt 0.680025 0.850448
vt 0.180442 0.658095
vt 0.180103 0.666254
vt 0.657572 0.875302
vt 0.660009 0.867030
vt 0.663404 0.857391
vt 0.666265 0.846860
vt 0.668531 0.837867
vt 0.670779 0.831130
vt 0.644279 0.862645
vt 0.648162 0.853297
vt 0.651163 0.842949
vt 0.653837 0.835088
vt 0.656176 0.828053
vt 0.627363 0.859209
vt 0.631360 0.847689
vt 0.637264 0.837511
vt 0.643033 0.832488
vt 0.641214 0.825899
vt 0.129044 0.685084
vt 0.122572 0.687291
vt 0.117086 0.688530
vt 0.098578 0.638138
vt 0.092272 0.636173
vt 0.082886 0.638168
vt 0.102421 0.651015
vt 0.105867 0.665588
vt 0.108939 0.678491
vt 0.111420 0.689487
vt 0.094983 0.651191
vt 0.097715 0.667672
vt 0.101487 0.680316
vt 0.102412 0.691403
vt 0.085217 0.651631
vt 0.084635 0.665760
vt 0.081328 0.675117
vt 0.091152 0.680852
vt 0.092871 0.688851
vt 0.077725 0.682439
vt 0.083506 0.686150
vt 0.075321 0.687784
vt 0.723499 0.838543
vt 0.085304 0.691674
vt 0.076331 0.692660
vt 0.071194 0.672945
vt 0.070456 0.664727
vt 0.070510 0.654627
vt 0.068825 0.642156
vt 0.070548 0.633314
vt 0.062217 0.636854
vt 0.722200 0.848328
vt 0.721429 0.858573
vt 0.721865 0.866672
vt 0.067169 0.686499
vt 0.067180 0.692320
vt 0.731832 0.840909
vt 0.730236 0.848905
vt 0.728877 0.857657
vt 0.727996 0.866957
vt 0.059636 0.685933
vt 0.059078 0.690999
vt 0.738218 0.841761
vt 0.737338 0.848865
vt 0.736340 0.857431
vt 0.734952 0.866442
vt 0.094550 0.694171
vt 0.086083 0.696211
vt 0.077104 0.697719
vt 0.067180 0.697889
vt 0.058472 0.697708
vt 0.047550 0.697331
vt 0.749354 0.832511
vt 0.744699 0.842549
vt 0.747867 0.837125
vt 0.744920 0.848064
vt 0.744206 0.856833
vt 0.742404 0.866326
vt 0.754704 0.856326
vt 0.755508 0.844202
vt 0.757495 0.834584
vt 0.759162 0.827148
vt 0.131792 0.696905
vt 0.125581 0.698921
vt 0.134651 0.709184
vt 0.129202 0.711217
vt 0.138639 0.722452
vt 0.133455 0.724634
vt 0.143977 0.735183
vt 0.137604 0.737773
vt 0.149434 0.746921
vt 0.141795 0.750180
vt 0.154805 0.758557
vt 0.147277 0.762110
vt 0.138174 0.693926
vt 0.140399 0.706284
vt 0.144374 0.719649
vt 0.150523 0.732509
vt 0.156431 0.743974
vt 0.161267 0.755039
vt 0.145183 0.690107
vt 0.147453 0.701631
vt 0.151232 0.715264
vt 0.159723 0.729403
vt 0.163747 0.741555
vt 0.167972 0.751143
vt 0.154220 0.684152
vt 0.155377 0.696142
vt 0.160224 0.708167
vt 0.166657 0.719854
vt 0.172729 0.733223
vt 0.172810 0.726031
vt 0.174802 0.740235
vt 0.177037 0.746291
vt 0.164831 0.678626
vt 0.168340 0.688322
vt 0.174773 0.701670
vt 0.179360 0.710963
vt 0.182856 0.721987
vt 0.185236 0.730076
vt 0.186333 0.735158
vt 0.187805 0.739362
vt 0.199890 0.728291
vt 0.694796 0.783240
vt 0.201132 0.732662
vt 0.695816 0.790387
vt 0.180391 0.674128
vt 0.183461 0.684082
vt 0.695265 0.810237
vt 0.696726 0.799490
vt 0.674648 0.824505
vt 0.678878 0.816676
vt 0.682011 0.807883
vt 0.682969 0.798597
vt 0.682681 0.790069
vt 0.682532 0.782874
vt 0.682620 0.777539
vt 0.683775 0.773329
vt 0.659797 0.820630
vt 0.663629 0.812883
vt 0.666900 0.804779
vt 0.668816 0.796727
vt 0.669042 0.788811
vt 0.669551 0.781422
vt 0.670400 0.775519
vt 0.672024 0.771300
vt 0.643814 0.816549
vt 0.647273 0.807965
vt 0.652360 0.800093
vt 0.657289 0.794835
vt 0.655090 0.787504
vt 0.655643 0.778163
vt 0.658057 0.772226
vt 0.661964 0.769198
vt 0.659897 0.763849
vt 0.673443 0.765882
vt 0.140334 0.764794
vt 0.135215 0.752621
vt 0.131575 0.739836
vt 0.119936 0.699931
vt 0.123844 0.712226
vt 0.128139 0.726072
vt 0.128223 0.754867
vt 0.133037 0.767264
vt 0.125059 0.741757
vt 0.121412 0.727337
vt 0.116948 0.712613
vt 0.113515 0.700248
vt 0.116323 0.743155
vt 0.113128 0.728272
vt 0.107605 0.713455
vt 0.105063 0.701275
vt 0.124859 0.770616
vt 0.117692 0.758071
vt 0.096501 0.701939
vt 0.098615 0.709392
vt 0.101204 0.733256
vt 0.105900 0.744424
vt 0.095483 0.720118
vt 0.089067 0.703523
vt 0.091000 0.711773
vt 0.079988 0.703794
vt 0.070805 0.703858
vt 0.080854 0.713411
vt 0.728928 0.816865
vt 0.112493 0.766517
vt 0.117691 0.774644
vt 0.108341 0.754131
vt 0.712452 0.777147
vt 0.723967 0.780920
vt 0.107801 0.774843
vt 0.110300 0.780519
vt 0.101087 0.785844
vt 0.098255 0.782119
vt 0.092864 0.777696
vt 0.714736 0.790739
vt 0.715475 0.800363
vt 0.717950 0.810182
vt 0.723838 0.789384
vt 0.724930 0.799078
vt 0.725948 0.808585
vt 0.733788 0.788434
vt 0.734453 0.797510
vt 0.735527 0.806949
vt 0.736964 0.815874
vt 0.061930 0.704296
vt 0.088715 0.792117
vt 0.089352 0.787116
vt 0.083223 0.784773
vt 0.743802 0.786657
vt 0.744603 0.795999
vt 0.749044 0.820959
vt 0.746916 0.814253
vt 0.745573 0.806056
vt 0.750605 0.775148
vt 0.752439 0.784667
vt 0.754605 0.794083
vt 0.755425 0.804297
vt 0.756696 0.813141
vt 0.757991 0.819788
vt 0.160016 0.769942
vt 0.154158 0.773337
vt 0.166569 0.781234
vt 0.161831 0.784376
vt 0.174010 0.791899
vt 0.169571 0.795232
vt 0.181634 0.801674
vt 0.177319 0.805263
vt 0.188788 0.810361
vt 0.184766 0.813371
vt 0.194573 0.819062
vt 0.192470 0.820573
vt 0.165897 0.766226
vt 0.171655 0.777296
vt 0.194457 0.806194
vt 0.202182 0.814610
vt 0.187758 0.797212
vt 0.179240 0.787584
vt 0.172614 0.761516
vt 0.177727 0.771563
vt 0.185358 0.781517
vt 0.195751 0.791268
vt 0.201337 0.801012
vt 0.208703 0.807591
vt 0.180718 0.754015
vt 0.183224 0.764403
vt 0.190879 0.772946
vt 0.211489 0.796604
vt 0.216586 0.800814
vt 0.207303 0.792320
vt 0.200203 0.780738
vt 0.189007 0.745845
vt 0.192827 0.753799
vt 0.201714 0.763561
vt 0.208006 0.770017
vt 0.209884 0.782876
vt 0.213307 0.774734
vt 0.224187 0.794167
vt 0.221041 0.791724
vt 0.218509 0.788671
vt 0.218555 0.781276
vt 0.708970 0.736093
vt 0.202157 0.738345
vt 0.703998 0.765248
vt 0.706741 0.756306
vt 0.707849 0.745710
vt 0.230401 0.783813
vt 0.233375 0.787081
vt 0.705777 0.729008
vt 0.686448 0.768461
vt 0.690026 0.761677
vt 0.693360 0.753932
vt 0.695945 0.745340
vt 0.696964 0.736759
vt 0.696690 0.730271
vt 0.238484 0.775276
vt 0.242685 0.778963
vt 0.676232 0.758780
vt 0.679324 0.751789
vt 0.681778 0.743864
vt 0.684163 0.735240
vt 0.688388 0.730486
vt 0.683776 0.726042
vt 0.682613 0.719730
vt 0.663420 0.754773
vt 0.667280 0.749931
vt 0.667572 0.742377
vt 0.669287 0.729813
vt 0.669536 0.719471
vt 0.186907 0.823884
vt 0.179648 0.817919
vt 0.171940 0.809521
vt 0.164379 0.799046
vt 0.156210 0.787944
vt 0.147622 0.776563
vt 0.173525 0.823882
vt 0.179843 0.830456
vt 0.166474 0.815099
vt 0.158363 0.803613
vt 0.149925 0.792161
vt 0.140226 0.780486
vt 0.173684 0.836247
vt 0.168523 0.831381
vt 0.159344 0.822423
vt 0.152627 0.808438
vt 0.143375 0.796740
vt 0.130026 0.786540
vt 0.122134 0.786999
vt 0.112975 0.787643
vt 0.104004 0.791197
vt 0.093448 0.796693
vt 0.749795 0.766077
vt 0.144957 0.814834
vt 0.137193 0.804393
vt 0.150720 0.822657
vt 0.164234 0.839557
vt 0.157639 0.834968
vt 0.167609 0.844872
vt 0.715375 0.730729
vt 0.156720 0.844818
vt 0.147946 0.841646
vt 0.160904 0.845885
vt 0.162161 0.850663
vt 0.130595 0.796359
vt 0.119602 0.802129
vt 0.722724 0.760946
vt 0.729147 0.760104
vt 0.735959 0.760478
vt 0.747409 0.758284
vt 0.715178 0.741897
vt 0.715125 0.751703
vt 0.722901 0.740913
vt 0.722184 0.751736
vt 0.729589 0.750387
vt 0.730550 0.739949
vt 0.145706 0.849662
vt 0.155931 0.855390
vt 0.149713 0.864174
vt 0.140366 0.858447
vt 0.738646 0.739006
vt 0.737259 0.750310
vt 0.747792 0.749667
vt 0.748090 0.739872
vt 0.748884 0.730563
vt 0.748180 0.720285
vt 0.204115 0.829005
vt 0.202149 0.830518
vt 0.213311 0.838018
vt 0.211596 0.839649
vt 0.222499 0.847187
vt 0.220963 0.849082
vt 0.233357 0.856630
vt 0.231897 0.858561
vt 0.243429 0.865713
vt 0.241860 0.867501
vt 0.209354 0.823607
vt 0.218272 0.832659
vt 0.227967 0.841243
vt 0.237749 0.848781
vt 0.248847 0.856608
vt 0.215938 0.815024
vt 0.224860 0.824400
vt 0.233607 0.832043
vt 0.245873 0.841649
vt 0.256510 0.849288
vt 0.221093 0.806450
vt 0.228186 0.797868
vt 0.236875 0.790508
vt 0.246841 0.783750
vt 0.683646 0.713371
vt 0.671672 0.711327
vt 0.228384 0.816158
vt 0.236143 0.821593
vt 0.240457 0.828311
vt 0.259654 0.837335
vt 0.265970 0.841003
vt 0.249884 0.827729
vt 0.257182 0.826902
vt 0.245227 0.823096
vt 0.240461 0.817558
vt 0.234167 0.810689
vt 0.231509 0.807263
vt 0.234337 0.801605
vt 0.705175 0.711731
vt 0.695444 0.708904
vt 0.685014 0.706361
vt 0.674094 0.703927
vt 0.274710 0.833453
vt 0.271300 0.828854
vt 0.707534 0.680305
vt 0.241980 0.805499
vt 0.248423 0.811469
vt 0.253307 0.818692
vt 0.706730 0.705098
vt 0.707418 0.696746
vt 0.707967 0.688523
vt 0.696569 0.701837
vt 0.697455 0.694263
vt 0.697697 0.686318
vt 0.697684 0.679090
vt 0.279290 0.820819
vt 0.283270 0.825211
vt 0.686413 0.699069
vt 0.687213 0.691846
vt 0.687770 0.684528
vt 0.688123 0.677543
vt 0.687950 0.671745
vt 0.688295 0.666325
vt 0.676146 0.695726
vt 0.676786 0.689673
vt 0.677243 0.682602
vt 0.678687 0.676012
vt 0.678100 0.670667
vt 0.678265 0.664604
vt 0.195962 0.834216
vt 0.205761 0.844313
vt 0.215785 0.852859
vt 0.228259 0.863233
vt 0.236993 0.872311
vt 0.228810 0.879600
vt 0.219768 0.868548
vt 0.208956 0.859974
vt 0.198052 0.850908
vt 0.187767 0.838237
vt 0.182697 0.841636
vt 0.188972 0.847819
vt 0.199329 0.867258
vt 0.192115 0.858039
vt 0.211907 0.870382
vt 0.224068 0.885109
vt 0.183275 0.859823
vt 0.174653 0.846386
vt 0.183438 0.848327
vt 0.179006 0.859989
vt 0.723657 0.715176
vt 0.213406 0.885083
vt 0.719952 0.681283
vt 0.199431 0.876989
vt 0.193692 0.874086
vt 0.186537 0.866574
vt 0.220493 0.891159
vt 0.213758 0.895534
vt 0.205159 0.894482
vt 0.217913 0.899276
vt 0.720421 0.691032
vt 0.720447 0.701667
vt 0.732192 0.712342
vt 0.729412 0.691303
vt 0.730264 0.701625
vt 0.739996 0.711640
vt 0.747883 0.711131
vt 0.738637 0.701680
vt 0.747374 0.701245
vt 0.738396 0.690936
vt 0.747536 0.690936
vt 0.202443 0.903516
vt 0.746989 0.681248
vt 0.209972 0.905544
vt 0.746671 0.674756
vt 0.214533 0.907394
vt 0.210725 0.915724
vt 0.254596 0.874291
vt 0.252893 0.876404
vt 0.264026 0.881774
vt 0.262586 0.883815
vt 0.273891 0.888064
vt 0.272546 0.890148
vt 0.282321 0.893481
vt 0.281249 0.895540
vt 0.291199 0.898921
vt 0.289753 0.900629
vt 0.261021 0.865194
vt 0.268503 0.874255
vt 0.276109 0.880491
vt 0.285699 0.887121
vt 0.293963 0.893125
vt 0.265232 0.857136
vt 0.272841 0.866325
vt 0.280411 0.873706
vt 0.288627 0.881103
vt 0.297341 0.886517
vt 0.270006 0.846970
vt 0.278698 0.837844
vt 0.293681 0.874689
vt 0.301431 0.879727
vt 0.285584 0.869097
vt 0.279576 0.861455
vt 0.275576 0.854875
vt 0.277143 0.851235
vt 0.283481 0.842066
vt 0.300907 0.868000
vt 0.307615 0.872392
vt 0.293851 0.861204
vt 0.285113 0.855544
vt 0.712111 0.652649
vt 0.711645 0.643686
vt 0.710475 0.635207
vt 0.314526 0.865439
vt 0.305217 0.890326
vt 0.301335 0.897091
vt 0.307491 0.883834
vt 0.312382 0.876840
vt 0.319101 0.868749
vt 0.287160 0.829810
vt 0.291957 0.834937
vt 0.702298 0.650700
vt 0.702477 0.643047
vt 0.701959 0.635697
vt 0.320017 0.857653
vt 0.325394 0.861513
vt 0.689802 0.660826
vt 0.691948 0.655665
vt 0.692997 0.649198
vt 0.693432 0.642044
vt 0.693690 0.635420
vt 0.692770 0.628803
vt 0.691816 0.622114
vt 0.680495 0.658417
vt 0.683190 0.653817
vt 0.683688 0.647699
vt 0.685391 0.640319
vt 0.686824 0.635069
vt 0.684888 0.629656
vt 0.682450 0.622491
vt 0.285217 0.907078
vt 0.278313 0.902674
vt 0.269595 0.896542
vt 0.259126 0.889913
vt 0.248831 0.882406
vt 0.283270 0.913801
vt 0.273766 0.908119
vt 0.264341 0.903600
vt 0.252796 0.897103
vt 0.243169 0.890887
vt 0.234128 0.892150
vt 0.227677 0.897196
vt 0.222924 0.903082
vt 0.219494 0.909795
vt 0.746243 0.666878
vt 0.245160 0.907565
vt 0.240428 0.902905
vt 0.235585 0.904436
vt 0.229831 0.906888
vt 0.225666 0.908004
vt 0.223905 0.913173
vt 0.746301 0.660719
vt 0.254629 0.913117
vt 0.259885 0.917010
vt 0.282057 0.922872
vt 0.276913 0.920505
vt 0.726773 0.636321
vt 0.281424 0.932836
vt 0.276876 0.933583
vt 0.269508 0.933314
vt 0.724649 0.645575
vt 0.723859 0.655832
vt 0.734177 0.644287
vt 0.732832 0.656173
vt 0.749188 0.630528
vt 0.747023 0.635729
vt 0.746433 0.644342
vt 0.745932 0.654107
vt 0.278515 0.946865
vt 0.298096 0.901643
vt 0.291347 0.910597
vt 0.296318 0.904672
vt 0.289112 0.916207
vt 0.287756 0.923634
vt 0.285455 0.933240
vt 0.749745 0.623464
vt 0.307136 0.905903
vt 0.305344 0.909018
vt 0.316553 0.910734
vt 0.314865 0.913727
vt 0.325563 0.915347
vt 0.323976 0.918049
vt 0.336908 0.920227
vt 0.335159 0.923349
vt 0.330909 0.928797
vt 0.320913 0.922803
vt 0.310501 0.918049
vt 0.300591 0.914017
vt 0.329121 0.934645
vt 0.318246 0.927763
vt 0.306167 0.924062
vt 0.296591 0.919851
vt 0.302295 0.931351
vt 0.293714 0.925531
vt 0.292366 0.933280
vt 0.287815 0.945513
vt 0.311217 0.933823
vt 0.309622 0.941985
vt 0.322145 0.939910
vt 0.326612 0.944328
vt 0.322149 0.951463
vt 0.325512 0.956131
vt 0.315675 0.951446
vt 0.299605 0.937150
vt 0.741673 0.611811
vt 0.750935 0.611666
vt 0.752364 0.603201
vt 0.321651 0.961513
vt 0.756301 0.594408
vt 0.309416 0.900543
vt 0.318032 0.905544
vt 0.327958 0.910380
vt 0.338157 0.913158
vt 0.311874 0.893066
vt 0.319810 0.896927
vt 0.329216 0.905497
vt 0.340746 0.908314
vt 0.314302 0.887569
vt 0.322036 0.890215
vt 0.328815 0.897315
vt 0.339882 0.901443
vt 0.345534 0.903259
vt 0.337033 0.892379
vt 0.317070 0.880639
vt 0.325382 0.884885
vt 0.330971 0.888173
vt 0.336965 0.885854
vt 0.348376 0.894397
vt 0.354111 0.895776
vt 0.713022 0.597725
vt 0.710404 0.603775
vt 0.322071 0.873761
vt 0.328948 0.878122
vt 0.329797 0.865833
vt 0.703655 0.611694
vt 0.361169 0.890142
vt 0.358209 0.887179
vt 0.704775 0.596285
vt 0.692483 0.616151
vt 0.695538 0.609427
vt 0.700524 0.602342
vt 0.682495 0.614374
vt 0.684634 0.607224
vt 0.689082 0.599361
vt 0.694335 0.593364
vt 0.697704 0.590568
vt 0.697901 0.585872
vt 0.343900 0.923095
vt 0.342176 0.926403
vt 0.351761 0.927188
vt 0.350113 0.930057
vt 0.359962 0.931826
vt 0.358336 0.934218
vt 0.368555 0.935382
vt 0.366867 0.938083
vt 0.347848 0.915699
vt 0.355352 0.919678
vt 0.362866 0.925162
vt 0.371012 0.928528
vt 0.350446 0.909721
vt 0.358459 0.911996
vt 0.365822 0.918639
vt 0.374621 0.921283
vt 0.352208 0.904054
vt 0.361689 0.906168
vt 0.367700 0.908471
vt 0.378587 0.910317
vt 0.357949 0.897785
vt 0.364741 0.902613
vt 0.371313 0.902284
vt 0.705552 0.573869
vt 0.367391 0.894659
vt 0.701559 0.579777
vt 0.703737 0.565515
vt 0.387063 0.911035
vt 0.384668 0.917514
vt 0.380299 0.928828
vt 0.376837 0.937376
vt 0.702722 0.559198
vt 0.394578 0.914468
vt 0.391174 0.920455
vt 0.387404 0.927959
vt 0.384149 0.939451
vt 0.375273 0.941422
vt 0.380648 0.944405
vt 0.338981 0.931272
vt 0.336000 0.937007
vt 0.333515 0.944494
vt 0.330529 0.955590
vt 0.756084 0.589096
vt 0.347397 0.933921
vt 0.343458 0.938610
vt 0.339130 0.947917
vt 0.372302 0.947778
vt 0.363147 0.942273
vt 0.356416 0.937751
vt 0.366674 0.954802
vt 0.360293 0.946395
vt 0.352610 0.942073
vt 0.347300 0.948167
vt 0.362516 0.961033
vt 0.356672 0.953359
vt 0.337880 0.955297
vt 0.342298 0.955167
vt 0.348331 0.960487
vt 0.358399 0.965076
vt 0.336779 0.962248
vt 0.342329 0.962601
vt 0.754700 0.577836
vt 0.756029 0.569692
vt 0.377884 0.950211
vt 0.371196 0.957706
vt 0.366123 0.964717
vt 0.363439 0.968948
vt 0.757056 0.565664
vt 0.368291 0.971652
vt 0.371648 0.968772
vt 0.758223 0.562333
vt 0.377916 0.962356
vt 0.383742 0.953659
vt 0.387021 0.947981
vt 0.389987 0.943556
vt 0.391689 0.936554
vt 0.394528 0.939924
vt 0.393345 0.927639
vt 0.395525 0.922303
vt 0.398918 0.917586
vt 0.703373 0.555128
vt 0.400678 0.934401
vt 0.398241 0.928971
vt 0.402376 0.921620
vt 0.704311 0.551379
vt 0.405575 0.924413
vt 0.706190 0.548900
vt 0.380807 0.965879
vt 0.377463 0.970891
vt 0.374490 0.974078
vt 0.758347 0.559245
vt 0.386718 0.956545
vt 0.391274 0.950385
vt 0.394072 0.946062
vt 0.398151 0.943253
vt 0.403596 0.937790
vt 0.407519 0.929662
vt 0.412486 0.926616
vt 0.410942 0.923133
vt 0.708313 0.545532
vt 0.377612 0.976508
vt 0.373489 0.982682
vt 0.380204 0.973032
vt 0.384254 0.968513
vt 0.390030 0.959658
vt 0.393915 0.953976
vt 0.397059 0.950506
vt 0.400235 0.948104
vt 0.417339 0.923217
vt 0.710170 0.541763
vt 0.418183 0.927388
vt 0.409559 0.934191
vt 0.409831 0.938346
vt 0.405048 0.943163
vt 0.413629 0.929663
vt 0.419625 0.930834
vt 0.710757 0.536309
vt 0.425869 0.920169
vt 0.423947 0.926702
vt 0.425067 0.930726
vt 0.380993 0.980125
vt 0.377260 0.983395
vt 0.383562 0.976853
vt 0.387098 0.972722
vt 0.390906 0.968361
vt 0.395888 0.960187
vt 0.396589 0.965482
vt 0.397188 0.956537
vt 0.399317 0.953586
vt 0.401501 0.952120
vt 0.404852 0.946911
vt 0.404625 0.951252
vt 0.420038 0.935187
vt 0.414836 0.935087
vt 0.425785 0.934557
vt 0.385764 0.978662
vt 0.427432 0.949503
vt 0.432803 0.949166
vt 0.426384 0.944543
vt 0.422409 0.945658
vt 0.430566 0.944250
vt 0.418278 0.940543
vt 0.422405 0.940136
vt 0.427840 0.939362
vt 0.413941 0.942013
vt 0.416836 0.945699
vt 0.399552 0.966482
vt 0.413384 0.949335
vt 0.408695 0.944762
vt 0.406821 0.951788
vt 0.407943 0.954407
vt 0.410991 0.946918
vt 0.389264 0.974361
vt 0.405957 0.954081
vt 0.406932 0.955944
vt 0.401440 0.964085
vt 0.399367 0.962554
vt 0.398944 0.960044
vt 0.399873 0.957416
vt 0.401075 0.955699
vt 0.402658 0.954706
vt 0.403937 0.955878
vt 0.402640 0.959177
vt 0.711363 0.530955
vt 0.715054 0.532183
vt 0.718979 0.534328
vt 0.722580 0.535160
vt 0.725779 0.537209
vt 0.729319 0.538562
vt 0.750838 0.545766
vt 0.755324 0.546051
vt 0.759543 0.547913
vt 0.765250 0.556884
vt 0.763831 0.560966
vt 0.762697 0.551025
vt 0.766526 0.552556
vt 0.763283 0.563987
vt 0.762899 0.567211
vt 0.762192 0.570894
vt 0.761057 0.578046
vt 0.761317 0.588713
vt 0.760737 0.600231
vt 0.759340 0.612024
vt 0.756628 0.625812
vt 0.755061 0.636366
vt 0.754345 0.644183
vt 0.753774 0.654357
vt 0.752466 0.660767
vt 0.753154 0.669840
vt 0.755011 0.682080
vt 0.754479 0.691524
vt 0.756178 0.700762
vt 0.756013 0.709995
vt 0.755272 0.719501
vt 0.758641 0.728775
vt 0.759626 0.739688
vt 0.758869 0.750503
vt 0.756902 0.757386
vt 0.761079 0.764074
vt 0.763313 0.774946
vt 0.761241 0.783451
vt 0.766507 0.789530
vt 0.770369 0.802160
vt 0.768025 0.813625
vt 0.765268 0.820561
vt 0.769457 0.828236
vt 0.764986 0.835829
vt 0.766321 0.843946
vt 0.766944 0.855697
vt 0.765138 0.867044
vt 0.765829 0.876333
vt 0.765382 0.883862
vt 0.767488 0.889833
vt 0.768573 0.895922
vt 0.769476 0.902396
vt 0.777846 0.903036
vt 0.781292 0.895723
vt 0.796178 0.885420
vt 0.780623 0.418975
vt 0.774423 0.419535
vt 0.698422 0.408314
vt 0.693159 0.419022
vt 0.682804 0.427989
vt 0.671038 0.438104
vt 0.652259 0.440389
vt 0.661401 0.450173
vt 0.640612 0.454608
vt 0.649166 0.463758
vt 0.626370 0.469924
vt 0.635485 0.477894
vt 0.621632 0.491689
vt 0.608958 0.507646
vt 0.595826 0.528372
vt 0.583689 0.545305
vt 0.571262 0.560886
vt 0.554855 0.581406
vt 0.780824 0.432028
vt 0.771973 0.429567
vt 0.809520 0.471625
vt 0.800561 0.456460
vt 0.790509 0.446873
vt 0.778200 0.445129
vt 0.767572 0.442013
vt 0.695587 0.433103
vt 0.686204 0.436302
vt 0.681457 0.445877
vt 0.672566 0.458706
vt 0.659713 0.472290
vt 0.646225 0.487069
vt 0.632743 0.502628
vt 0.619723 0.519043
vt 0.846144 0.547461
vt 0.838280 0.529606
vt 0.830134 0.512217
vt 0.820480 0.493522
vt 0.796640 0.482952
vt 0.788658 0.467879
vt 0.783153 0.458410
vt 0.772619 0.457581
vt 0.759780 0.453998
vt 0.694755 0.447488
vt 0.831227 0.554139
vt 0.823234 0.535957
vt 0.814662 0.518535
vt 0.805736 0.500843
vt 0.864672 0.586589
vt 0.855104 0.566944
vt 0.839819 0.573555
vt 0.849335 0.593786
vt 0.875721 0.607932
vt 0.859501 0.614857
vt 0.886539 0.629273
vt 0.869814 0.635920
vt 0.897385 0.650366
vt 0.880316 0.655747
vt 0.908452 0.671278
vt 0.889985 0.674479
vt 0.916874 0.687944
vt 0.898319 0.690783
vt 0.929506 0.753031
vt 0.929227 0.736283
vt 0.926989 0.720746
vt 0.923003 0.703546
vt 0.904317 0.706320
vt 0.908367 0.722505
vt 0.910835 0.738274
vt 0.912232 0.754694
vt 0.930029 0.772247
vt 0.913046 0.773198
vt 0.929278 0.795357
vt 0.912836 0.794243
vt 0.927609 0.816475
vt 0.910811 0.813654
vt 0.923290 0.834446
vt 0.907174 0.831931
vt 0.918075 0.848176
vt 0.903033 0.851144
vt 0.884808 0.862904
vt 0.865108 0.873411
vt 0.847826 0.882080
vt 0.825025 0.892427
vt 0.812649 0.889240
vt 0.812595 0.877018
vt 0.833780 0.872458
vt 0.855698 0.858479
vt 0.875348 0.847781
vt 0.889822 0.842512
vt 0.890756 0.828618
vt 0.894623 0.812674
vt 0.895229 0.795552
vt 0.894909 0.776884
vt 0.894397 0.759258
vt 0.892755 0.742657
vt 0.890091 0.726623
vt 0.886658 0.710623
vt 0.881687 0.695602
vt 0.872770 0.680912
vt 0.864374 0.662920
vt 0.852996 0.644727
vt 0.842961 0.622486
vt 0.833220 0.600791
vt 0.823667 0.579939
vt 0.816054 0.559963
vt 0.808488 0.542162
vt 0.799835 0.525749
vt 0.791491 0.509131
vt 0.782172 0.493289
vt 0.771393 0.475509
vt 0.752264 0.468702
vt 0.689270 0.464727
vt 0.672021 0.481534
vt 0.657633 0.497568
vt 0.644206 0.513359
vt 0.631848 0.529953
vt 0.606812 0.536730
vt 0.619617 0.546660
vt 0.594127 0.553616
vt 0.581413 0.570935
vt 0.567873 0.590011
vt 0.607795 0.563530
vt 0.596388 0.581012
vt 0.585015 0.599596
vt 0.541077 0.603212
vt 0.555632 0.610278
vt 0.574587 0.618942
vt 0.528476 0.624302
vt 0.544356 0.630150
vt 0.564661 0.638128
vt 0.517150 0.641711
vt 0.507757 0.661148
vt 0.534164 0.648475
vt 0.525181 0.666183
vt 0.555310 0.656424
vt 0.546775 0.673990
vt 0.500139 0.677936
vt 0.517260 0.682767
vt 0.539098 0.690478
vt 0.494438 0.691661
vt 0.510367 0.697493
vt 0.531752 0.705797
vt 0.527534 0.722206
vt 0.505917 0.714046
vt 0.489632 0.708391
vt 0.484651 0.726906
vt 0.503375 0.731971
vt 0.525369 0.739690
vt 0.523261 0.756502
vt 0.501137 0.749266
vt 0.482274 0.744352
vt 0.479009 0.760162
vt 0.479727 0.777162
vt 0.498926 0.765672
vt 0.497488 0.782699
vt 0.521446 0.773218
vt 0.519968 0.790726
vt 0.481016 0.797120
vt 0.482032 0.821594
vt 0.496068 0.802193
vt 0.496276 0.826552
vt 0.519168 0.831529
vt 0.518887 0.809727
vt 0.502062 0.846443
vt 0.522904 0.856633
vt 0.543812 0.879660
vt 0.565279 0.899722
vt 0.585060 0.917478
vt 0.604979 0.937238
vt 0.594667 0.907722
vt 0.582827 0.887183
vt 0.561246 0.869870
vt 0.546189 0.853167
vt 0.541914 0.834987
vt 0.542117 0.816856
vt 0.543805 0.799395
vt 0.545958 0.782603
vt 0.548369 0.766386
vt 0.550893 0.750096
vt 0.553498 0.733406
vt 0.557627 0.716789
vt 0.564899 0.700910
vt 0.572064 0.683816
vt 0.579724 0.665928
vt 0.587469 0.647393
vt 0.595712 0.628444
vt 0.604534 0.609420
vt 0.613562 0.591007
vt 0.623196 0.573671
vt 0.633484 0.557197
vt 0.644574 0.541019
vt 0.656084 0.524805
vt 0.668230 0.508522
vt 0.681396 0.492567
vt 0.760676 0.491421
vt 0.747840 0.484068
vt 0.694613 0.477661
vt 0.778494 0.517351
vt 0.769012 0.505477
vt 0.784984 0.533716
vt 0.794820 0.547759
vt 0.800905 0.564446
vt 0.805530 0.585971
vt 0.816799 0.607512
vt 0.825967 0.630419
vt 0.872095 0.731638
vt 0.870010 0.714462
vt 0.868923 0.700355
vt 0.854869 0.691063
vt 0.851374 0.670620
vt 0.834785 0.658013
vt 0.875038 0.748469
vt 0.877220 0.764298
vt 0.876073 0.781526
vt 0.878320 0.799560
vt 0.881442 0.813154
vt 0.871363 0.827481
vt 0.848315 0.839642
vt 0.827071 0.851767
vt 0.807526 0.861133
vt 0.790399 0.870637
vt 0.775914 0.880060
vt 0.774367 0.867679
vt 0.769838 0.537501
vt 0.713940 0.523781
vt 0.724616 0.526366
vt 0.759753 0.537295
vt 0.753293 0.535015
vt 0.761007 0.525061
vt 0.768910 0.523656
vt 0.754305 0.523030
vt 0.720864 0.515620
vt 0.710986 0.516507
vt 0.766398 0.515132
vt 0.761512 0.516819
vt 0.757417 0.510714
vt 0.717432 0.503493
vt 0.707487 0.505303
vt 0.746551 0.496922
vt 0.755002 0.499596
vt 0.702316 0.491439
vt 0.775679 0.544302
vt 0.782282 0.542791
vt 0.774944 0.553120
vt 0.784809 0.551515
vt 0.774433 0.563228
vt 0.787106 0.564772
vt 0.773832 0.578165
vt 0.788186 0.580546
vt 0.860639 0.808390
vt 0.853748 0.785652
vt 0.862934 0.768479
vt 0.857618 0.755529
vt 0.852750 0.737084
vt 0.852111 0.715227
vt 0.781972 0.855795
vt 0.799863 0.845102
vt 0.818520 0.833615
vt 0.839278 0.820916
vt 0.777585 0.839567
vt 0.791404 0.829895
vt 0.807701 0.816479
vt 0.829467 0.801845
vt 0.780194 0.818217
vt 0.791412 0.800182
vt 0.816909 0.784002
vt 0.839405 0.767916
vt 0.780930 0.777787
vt 0.806400 0.764592
vt 0.828510 0.745496
vt 0.830519 0.718026
vt 0.828812 0.688333
vt 0.775249 0.756262
vt 0.774831 0.735567
vt 0.769722 0.715039
vt 0.766810 0.689343
vt 0.765807 0.663941
vt 0.766259 0.646132
vt 0.764542 0.635934
vt 0.770530 0.626235
vt 0.768258 0.613759
vt 0.771828 0.604825
vt 0.773403 0.591393
vt 0.812924 0.739053
vt 0.811677 0.721875
vt 0.797562 0.748050
vt 0.793791 0.729023
vt 0.789700 0.707620
vt 0.808335 0.699633
vt 0.785535 0.684920
vt 0.802137 0.679599
vt 0.815310 0.674786
vt 0.782333 0.662413
vt 0.798446 0.658877
vt 0.814564 0.656394
vt 0.778709 0.642837
vt 0.793047 0.637424
vt 0.809135 0.634242
vt 0.784875 0.615357
vt 0.786150 0.596028
vt 0.802302 0.613500
vt 0.798056 0.598166
vt 0.690503 0.505450
vt 0.678666 0.520653
vt 0.668338 0.536971
vt 0.657915 0.552812
vt 0.699449 0.519110
vt 0.688904 0.532391
vt 0.701189 0.530168
vt 0.697518 0.541045
vt 0.693904 0.551878
vt 0.694867 0.563125
vt 0.690059 0.568578
vt 0.685551 0.580535
vt 0.677056 0.590453
vt 0.671410 0.600837
vt 0.668537 0.612250
vt 0.669754 0.624035
vt 0.676518 0.634752
vt 0.670828 0.645764
vt 0.664110 0.658664
vt 0.664406 0.673775
vt 0.662176 0.692153
vt 0.657703 0.707640
vt 0.659391 0.717298
vt 0.654209 0.724891
vt 0.651019 0.742690
vt 0.645620 0.761307
vt 0.638497 0.773233
vt 0.637709 0.789018
vt 0.627509 0.799536
vt 0.622544 0.811388
vt 0.621350 0.826343
vt 0.611551 0.840642
vt 0.605288 0.856952
vt 0.613266 0.868032
vt 0.607884 0.876857
vt 0.604006 0.888799
vt 0.603785 0.899910
vt 0.681382 0.550341
vt 0.671366 0.565473
vt 0.648212 0.568106
vt 0.662760 0.579120
vt 0.592364 0.869997
vt 0.560450 0.850374
vt 0.573716 0.859324
vt 0.582147 0.846844
vt 0.562195 0.839137
vt 0.656090 0.593030
vt 0.651904 0.608715
vt 0.651613 0.629290
vt 0.642950 0.648492
vt 0.639682 0.583742
vt 0.632567 0.600612
vt 0.626460 0.619356
vt 0.618734 0.638426
vt 0.638565 0.666936
vt 0.612305 0.657352
vt 0.635400 0.686454
vt 0.606438 0.676424
vt 0.634345 0.708358
vt 0.601099 0.695557
vt 0.623999 0.727531
vt 0.593830 0.713464
vt 0.616702 0.744912
vt 0.587125 0.730261
vt 0.582035 0.746314
vt 0.610750 0.759896
vt 0.606932 0.774906
vt 0.578373 0.762071
vt 0.601362 0.788543
vt 0.574780 0.777331
vt 0.597051 0.802448
vt 0.571361 0.792596
vt 0.593535 0.817284
vt 0.568221 0.808296
vt 0.587960 0.832203
vt 0.564931 0.824095
vt 0.398132 0.031555
vt 0.916025 0.573416
vt 0.009740 0.299890
vt 0.018004 0.271900
vt 0.027748 0.230023
vt 0.036261 0.190940
vt 0.032922 0.154102
vt 0.035510 0.123334
vt 0.054726 0.097813
vt 0.077697 0.076161
vt 0.106158 0.057221
vt 0.134448 0.041144
vt 0.154152 0.038845
vt 0.188536 0.021310
vt 0.208686 0.016451
vt 0.227284 0.016825
vt 0.259476 0.009900
vt 0.279660 0.005771
vt 0.295716 0.011014
vt 0.347037 0.012058
vt 0.370455 0.022379
vt 0.374945 0.623621
vt 0.359734 0.632140
vt 0.328644 0.639696
vt 0.298053 0.645324
vt 0.262575 0.646442
vt 0.437600 0.853257
vt 0.079217 0.473403
vt 0.075159 0.435999
vt 0.065555 0.411057
vt 0.048107 0.386137
vt 0.022416 0.357956
vt 0.007407 0.327656
vt 0.230280 0.628001
vt 0.209003 0.603101
vt 0.179646 0.576819
vt 0.145321 0.554646
vt 0.120484 0.538082
vt 0.102159 0.524124
vt 0.084652 0.504830
vt 0.591040 0.403080
vt 0.593278 0.411050
vt 0.592427 0.420873
vt 0.569792 0.461118
vt 0.556039 0.494639
vt 0.540237 0.517041
vt 0.519030 0.536963
vt 0.497514 0.560778
vt 0.478032 0.576731
vt 0.458828 0.587936
vt 0.439824 0.595794
vt 0.419464 0.610311
vt 0.394846 0.619039
vt 0.688585 0.198243
vt 0.685871 0.203337
vt 0.690057 0.190158
vt 0.680587 0.222948
vt 0.675230 0.236750
vt 0.671215 0.257056
vt 0.645436 0.337056
vt 0.642530 0.342001
vt 0.642792 0.328816
vt 0.654134 0.305770
vt 0.666631 0.284514
vt 0.679713 0.263199
vt 0.625673 0.360377
vt 0.446008 0.041059
vt 0.494054 0.061043
vt 0.509541 0.062554
vt 0.542325 0.068060
vt 0.550354 0.076638
vt 0.590548 0.089908
vt 0.616143 0.098182
vt 0.616288 0.110568
vt 0.643198 0.125905
vt 0.657808 0.134893
vt 0.671628 0.146158
vt 0.676410 0.148471
vt 0.679873 0.154466
vt 0.679315 0.159886
vt 0.672158 0.170317
vt 0.673503 0.172272
vt 0.673854 0.175889
vt 0.686403 0.179422
vt 0.897333 0.550553
vt 0.458808 0.052341
vt 0.728336 0.205294
vt 0.734162 0.196114
vt 0.747126 0.908114
vt 0.742656 0.906531
vt 0.785205 0.077029
vt 0.788660 0.069516
vt 0.725195 0.951283
vt 0.788874 0.089289
vt 0.794614 0.101487
vt 0.794255 0.104451
vt 0.790307 0.106617
vt 0.780014 0.108539
vt 0.762552 0.114531
vt 0.748612 0.143517
vt 0.748697 0.136999
vt 0.753763 0.125870
vt 0.669893 0.974127
vt 0.721184 0.962037
vt 0.723639 0.969078
vt 0.723569 0.972679
vt 0.049182 0.704856
vt 0.750662 0.827269
vt 0.036389 0.635795
vt 0.023845 0.630639
vt 0.048352 0.690946
vt 0.049337 0.685027
vt 0.044477 0.638162
vt 0.739911 0.836040
vt 0.051217 0.641414
vt 0.733744 0.835404
vt 0.056053 0.646775
vt 0.726332 0.833685
vt 0.058314 0.656935
vt 0.060254 0.669855
vt 0.066968 0.683040
vt 0.023624 0.617337
vt 0.023094 0.611056
vt 0.024184 0.600855
vt 0.021912 0.594686
vt 0.728162 0.211193
vt 0.377952 0.992768
vt 0.372483 0.990294
vt 0.759566 0.555746
vt 0.370179 0.979719
vt 0.365800 0.978868
vt 0.361463 0.976122
vt 0.356672 0.972853
vt 0.346279 0.970665
vt 0.330461 0.967011
vt 0.324508 0.965076
vt 0.753991 0.597244
vt 0.314527 0.960814
vt 0.745258 0.600898
vt 0.299786 0.950429
vt 0.744235 0.620405
vt 0.282215 0.949386
vt 0.748349 0.626958
vt 0.274319 0.947307
vt 0.268187 0.945305
vt 0.737189 0.634751
vt 0.231308 0.920155
vt 0.736114 0.663201
vt 0.241168 0.914734
vt 0.251589 0.920787
vt 0.261295 0.925188
vt 0.218346 0.925274
vt 0.213041 0.919512
vt 0.744881 0.670488
vt 0.205300 0.915706
vt 0.197475 0.913695
vt 0.738166 0.681507
vt 0.729872 0.681907
vt 0.158598 0.870368
vt 0.153205 0.879123
vt 0.144227 0.872579
vt 0.163812 0.862165
vt 0.169334 0.855750
vt 0.177775 0.874197
vt 0.189014 0.882173
vt 0.200710 0.885938
vt 0.132357 0.867747
vt 0.739657 0.729446
vt 0.731311 0.729709
vt 0.724015 0.731309
vt 0.136443 0.823538
vt 0.129389 0.813844
vt 0.714565 0.766000
vt 0.146423 0.832657
vt 0.099692 0.801872
vt 0.087295 0.810460
vt 0.081265 0.802462
vt 0.106991 0.799107
vt 0.113328 0.796821
vt 0.075896 0.792956
vt 0.742499 0.778485
vt 0.063496 0.711824
vt 0.050618 0.713335
vt 0.732813 0.780149
vt 0.073054 0.711123
vt 0.081137 0.726426
vt 0.720752 0.819555
vt 0.087140 0.738373
vt 0.093105 0.748602
vt 0.098801 0.761590
vt 0.100927 0.772081
vt 0.436017 0.941391
vt 0.439045 0.946616
vt 0.434289 0.936367
vt 0.433143 0.931941
vt 0.433815 0.927420
vt 0.432955 0.922938
vt 0.433034 0.917344
vt 0.432141 0.912537
vt 0.425609 0.915038
vt 0.418943 0.917583
vt 0.413293 0.917844
vt 0.408388 0.917470
vt 0.406201 0.914397
vt 0.402559 0.911046
vt 0.398441 0.907646
vt 0.391081 0.903933
vt 0.381177 0.898375
vt 0.374812 0.890444
vt 0.369109 0.883962
vt 0.364189 0.881133
vt 0.363936 0.875409
vt 0.353571 0.884213
vt 0.345920 0.889746
vt 0.336554 0.869692
vt 0.343611 0.880758
vt 0.307691 0.860744
vt 0.302268 0.853049
vt 0.293671 0.845948
vt 0.264515 0.813720
vt 0.267056 0.824015
vt 0.258764 0.804794
vt 0.250248 0.797938
vt 0.223535 0.772449
vt 0.219518 0.762305
vt 0.211933 0.753073
vt 0.205271 0.744477
vt 0.192433 0.706354
vt 0.196142 0.716509
vt 0.187589 0.694696
vt 0.198133 0.723442
vt 0.894276 0.192378
vt 0.646878 0.907552
vt 0.867088 0.119171
vt 0.858125 0.113037
vt 0.841140 0.105716
vt 0.652980 0.905044
vt 0.892017 0.212891
vt 0.651141 0.909333
vt 0.885218 0.218951
vt 0.819589 0.100922
vt 0.831306 0.100600
vt 0.826522 0.069810
vt 0.828347 0.079991
vt 0.825548 0.088124
vt 0.818462 0.066860
vt 0.170012 0.648155
vt 0.157992 0.625294
vt 0.702307 0.855160
vt 0.150621 0.610919
vt 0.197301 0.671470
vt 0.198018 0.681309
vt 0.692124 0.819641
vt 0.197085 0.663591
vt 0.198132 0.655940
vt 0.199099 0.645069
vt 0.181935 0.646915
vt 0.214362 0.726243
vt 0.216122 0.732391
vt 0.698902 0.771726
vt 0.213022 0.721423
vt 0.210447 0.715825
vt 0.262766 0.782394
vt 0.251700 0.789574
vt 0.257586 0.775653
vt 0.241699 0.794470
vt 0.253197 0.769756
vt 0.247727 0.764893
vt 0.240289 0.764497
vt 0.233106 0.771621
vt 0.226589 0.780576
vt 0.300191 0.826916
vt 0.701114 0.657683
vt 0.296242 0.821520
vt 0.291953 0.816587
vt 0.710922 0.661088
vt 0.287609 0.812210
vt 0.282443 0.807777
vt 0.274186 0.815857
vt 0.337979 0.859072
vt 0.700968 0.618129
vt 0.332746 0.854205
vt 0.326427 0.849825
vt 0.320165 0.844953
vt 0.313395 0.852495
vt 0.747322 0.509286
vt 0.713650 0.491124
vt 0.711938 0.477945
vt 0.746752 0.521180
vt 0.746859 0.531898
vt 0.747342 0.544196
vt 0.711298 0.461449
vt 0.708733 0.444626
vt 0.706204 0.430094
vt 0.704450 0.415715
vt 0.705020 0.404359
vt 0.704237 0.393373
vt 0.703352 0.380625
vt 0.705625 0.369372
vt 0.703205 0.367241
vt 0.905405 0.189347
vt 0.907168 0.201885
vt 0.919540 0.181137
vt 0.927434 0.180324
vt 0.934450 0.179007
vt 0.889202 0.216220
vt 0.881702 0.213053
vt 0.944622 0.199548
vt 0.934404 0.205209
vt 0.883575 0.210264
vt 0.879277 0.210381
vt 0.766301 0.134079
vt 0.067010 0.605052
vt 0.854784 0.227168
vt 0.132961 0.582862
vt 0.768674 0.132518
vt 0.833656 0.136706
vt 0.384004 0.986645
vt 0.384114 0.993378
vt 0.407433 0.957609
vt 0.409901 0.955258
vt 0.393359 0.970698
vt 0.418435 0.949532
vt 0.424435 0.950268
vt 0.384976 0.981544
vt 0.892431 0.181012
vt 0.879180 0.185357
vt 0.874634 0.190476
vt 0.822325 0.152631
vt 0.827583 0.154794
vt 0.835073 0.153779
vt 0.842603 0.151533
vt 0.849238 0.147001
vt 0.806869 0.142384
vt 0.770137 0.093878
vt 0.726135 0.086814
vt 0.721320 0.090876
vt 0.813691 0.144364
vt 0.817976 0.148395
vt 0.755062 0.150898
vt 0.747028 0.147410
vt 0.767255 0.156159
vt 0.781162 0.153523
vt 0.789037 0.153821
vt 0.791704 0.149362
vt 0.844027 0.135904
vt 0.844041 0.135971
vt 0.867855 0.220614
vt 0.841060 0.139390
vt 0.742146 0.212854
vt 0.730564 0.216147
vt 0.748806 0.211509
vt 0.766191 0.145090
vt 0.769694 0.145410
vt 0.773237 0.141906
vt 0.762489 0.143638
vt 0.761179 0.142170
vt 0.889972 0.084536
vt 0.775784 0.187682
vt 0.768234 0.175877
vt 0.860599 0.086581
vt 0.857857 0.093005
vt 0.801901 0.173732
vt 0.738536 0.099105
vt 0.733732 0.103091
vt 0.743896 0.100249
vt 0.746143 0.099925
vt 0.751865 0.099273
vt 0.756424 0.097346
vt 0.865697 0.083265
vt 0.868848 0.082014
vt 0.874117 0.080590
vt 0.733194 0.110237
vt 0.881511 0.088885
vt 0.879752 0.082131
vt 0.876834 0.080830
vt 0.807187 0.211859
vt 0.802325 0.212846
vt 0.811572 0.212583
vt 0.815425 0.213244
vt 0.818835 0.213417
vt 0.821807 0.215125
vt 0.825175 0.215116
vt 0.829147 0.215028
vt 0.835454 0.215408
vt 0.082269 0.593614
vt 0.787680 0.211007
vt 0.076092 0.597839
vt 0.071466 0.597544
vt 0.844737 0.220429
vt 0.120657 0.584365
vt 0.816136 0.167837
vt 0.820604 0.167289
vt 0.806445 0.169023
vt 0.815887 0.181596
vt 0.815636 0.179120
vt 0.817286 0.173873
vt 0.766957 0.097323
vt 0.767941 0.099695
vt 0.766832 0.094870
vt 0.849388 0.090100
vt 0.745043 0.082543
vt 0.742251 0.081460
vt 0.739661 0.081301
vt 0.736652 0.082484
vt 0.761955 0.085456
vt 0.731602 0.086349
vt 0.728360 0.087115
vt 0.769766 0.089521
vt 0.865621 0.066710
vt 0.861556 0.064000
vt 0.856870 0.063414
vt 0.853295 0.064645
vt 0.880944 0.065778
vt 0.848180 0.068498
vt 0.845024 0.074165
vt 0.841436 0.078039
vt 0.837393 0.081421
vt 0.724614 0.070133
vt 0.725587 0.070972
vt 0.728022 0.071864
vt 0.720693 0.096471
vt 0.730363 0.070756
vt 0.719349 0.096726
vt 0.722243 0.100066
vt 0.723204 0.096368
vt 0.723844 0.098210
vt 0.941389 0.856355
vt 0.943755 0.857950
vt 0.760228 0.138161
vt 0.759527 0.137986
vt 0.844047 0.135803
vt 0.147224 0.594205
vt 0.157764 0.600896
vt 0.141655 0.587002
vt 0.665441 0.907911
vt 0.836402 0.132419
vn -0.426156 -0.310306 0.849765
vn -0.250437 -0.306892 0.918204
vn -0.200384 -0.070578 0.977172
vn -0.425234 -0.035893 0.904371
vn -0.083200 -0.262669 0.961292
vn -0.054934 -0.076215 0.995577
vn -0.027895 -0.062444 0.997659
vn -0.038841 -0.238654 0.970328
vn 0.020873 -0.052290 0.998414
vn 0.015834 -0.229512 0.973177
vn 0.095196 -0.223036 0.970151
vn 0.093496 -0.045648 0.994573
vn 0.172437 -0.221333 0.959832
vn 0.164046 -0.039867 0.985647
vn 0.223330 -0.047970 0.973562
vn 0.252216 -0.242349 0.936832
vn 0.275210 -0.281400 0.919279
vn 0.263904 -0.048931 0.963307
vn 0.265643 0.192762 0.944604
vn 0.221580 0.149263 0.963651
vn 0.165383 0.119250 0.978993
vn 0.102887 0.099324 0.989722
vn 0.033189 0.076509 0.996516
vn -0.011885 0.056479 0.998333
vn -0.069846 0.080661 0.994291
vn -0.248372 0.177160 0.952326
vn -0.425933 0.244075 0.871211
vn -0.608392 0.218196 0.763053
vn -0.634903 -0.002169 0.772589
vn -0.610374 -0.227557 0.758723
vn -0.602218 -0.287761 0.744666
vn -0.451876 -0.373445 0.810153
vn -0.280611 -0.364385 0.887965
vn -0.091203 -0.376153 0.922058
vn -0.038992 -0.387476 0.921055
vn 0.019581 -0.389495 0.920821
vn 0.101688 -0.383874 0.917770
vn 0.181420 -0.373807 0.909591
vn 0.280293 -0.363995 0.888225
vn 0.302386 -0.379048 0.874577
vn -0.574324 0.268234 0.773435
vn -0.476438 0.318483 0.819497
vn -0.321699 0.258101 0.910985
vn -0.102045 0.219999 0.970148
vn 0.003525 0.215023 0.976603
vn 0.052890 0.230071 0.971736
vn 0.117450 0.243895 0.962663
vn 0.176330 0.253463 0.951138
vn 0.249958 0.273688 0.928771
vn 0.285133 0.300343 0.910216
vn -0.554244 0.410503 0.724087
vn -0.555794 0.371019 0.743934
vn -0.602194 -0.404015 0.688574
vn -0.550270 -0.479601 0.683509
vn -0.472388 -0.496783 0.728049
vn -0.432711 -0.468766 0.770078
vn -0.214555 -0.440727 0.871623
vn -0.464548 0.402325 0.788879
vn -0.499870 0.436550 0.748034
vn -0.289857 0.374150 0.880906
vn -0.063087 -0.454964 0.888273
vn -0.028271 -0.470121 0.882149
vn 0.031615 -0.482004 0.875599
vn 0.110023 -0.485552 0.867257
vn 0.185621 -0.477965 0.858542
vn 0.294544 -0.460336 0.837457
vn 0.342164 -0.474795 0.810860
vn -0.080652 0.386021 0.918958
vn 0.010544 0.383915 0.923308
vn 0.068362 0.384221 0.920707
vn 0.124236 0.386025 0.914084
vn 0.183130 0.382887 0.905462
vn 0.274647 0.382078 0.882375
vn 0.313268 0.405897 0.858552
vn -0.367176 -0.559819 0.742822
vn -0.355461 -0.578570 0.734100
vn -0.161385 -0.504425 0.848239
vn -0.063202 -0.543073 0.837303
vn -0.010632 -0.552363 0.833536
vn 0.052701 -0.568733 0.820832
vn 0.128644 -0.574492 0.808338
vn 0.198267 -0.567815 0.798922
vn 0.321980 -0.543485 0.775212
vn 0.397563 -0.555026 0.730678
vn -0.415348 0.502977 0.757958
vn -0.406437 0.476078 0.779846
vn -0.249760 0.447419 0.858741
vn -0.085268 0.482614 0.871673
vn 0.010831 0.478387 0.878082
vn 0.075444 0.478028 0.875098
vn 0.134807 0.481364 0.866092
vn 0.194480 0.483964 0.853204
vn 0.304613 0.478707 0.823438
vn 0.369976 0.503793 0.780583
vn 0.979867 0.122023 0.158022
vn 0.375231 0.655026 0.655853
vn 0.346800 0.042465 0.936977
vn 0.401870 -0.554629 0.728620
vn 0.141144 -0.537151 0.831593
vn 0.091165 0.020603 0.995623
vn 0.130160 0.537995 0.832838
vn 0.827160 -0.365280 0.427057
vn 0.565446 -0.610534 0.554544
vn 0.509823 0.603299 0.613279
vn 0.761401 0.432072 0.483304
vn 0.341510 -0.663992 0.665196
vn 0.306561 0.635756 0.708403
vn 0.645020 0.036585 0.763289
vn 0.242719 -0.331786 0.911595
vn 0.220675 -0.025085 0.975025
vn 0.235074 0.263455 0.935592
vn 0.202901 -0.456489 0.866285
vn 0.103980 -0.009954 0.994530
vn 0.187675 0.414214 0.890621
vn 0.280387 -0.395794 0.874489
vn 0.314273 -0.521865 0.793025
vn 0.363019 -0.620289 0.695312
vn 0.277986 0.309447 0.909377
vn 0.293582 0.440062 0.848619
vn 0.340400 0.570675 0.747300
vn 0.310253 -0.557753 0.769841
vn 0.305224 0.525847 0.793929
vn 0.309993 -0.464998 0.829265
vn 0.296191 0.381540 0.875613
vn 0.349684 -0.522922 0.777351
vn 0.340078 -0.591895 0.730758
vn 0.326582 0.426976 0.843229
vn 0.343741 0.539813 0.768404
vn 0.309072 -0.534899 0.786357
vn 0.325032 0.479367 0.815207
vn 0.509117 -0.455225 0.730459
vn 0.485337 0.472064 0.735937
vn -0.253236 -0.643258 0.722559
vn -0.249928 -0.651067 0.716692
vn -0.319851 0.561418 0.763220
vn -0.321177 0.552476 0.769166
vn -0.223810 -0.698732 0.679472
vn -0.191014 -0.708234 0.679645
vn -0.057329 -0.660058 0.749024
vn 0.016205 -0.668337 0.743682
vn -0.235373 0.636143 0.734794
vn -0.270894 0.618945 0.737240
vn -0.064549 0.594434 0.801549
vn 0.015422 0.597789 0.801505
vn 0.084362 -0.693168 0.715823
vn 0.153461 -0.698163 0.699298
vn 0.215695 -0.681259 0.699544
vn 0.321879 -0.612737 0.721767
vn 0.308312 0.552870 0.774130
vn 0.213162 0.599501 0.771467
vn 0.080683 0.607684 0.790070
vn 0.150855 0.606324 0.780778
vn -0.095292 -0.731546 0.675100
vn 0.023469 -0.734735 0.677948
vn 0.097158 -0.733294 0.672934
vn 0.162222 -0.731928 0.661790
vn 0.202385 -0.702462 0.682339
vn 0.004013 0.693844 0.720114
vn -0.100391 0.703759 0.703310
vn 0.084860 0.688541 0.720215
vn 0.161556 0.686600 0.708858
vn 0.207111 0.660568 0.721633
vn -0.203156 -0.704462 0.680044
vn -0.114154 -0.688858 0.715851
vn -0.175144 0.664637 0.726349
vn -0.111767 0.688356 0.716711
vn -0.026448 -0.693741 0.719739
vn -0.028583 0.695758 0.717707
vn 0.005481 -0.602582 0.798038
vn 0.047539 -0.732079 0.679559
vn 0.071384 -0.587531 0.806047
vn 0.083568 -0.696660 0.712517
vn 0.053925 -0.573351 0.817534
vn -0.034341 0.741117 0.670498
vn -0.020946 0.625877 0.779640
vn 0.055125 0.743549 0.666406
vn 0.138305 0.663270 0.735489
vn 0.063572 0.641687 0.764327
vn 0.060141 -0.561945 0.824986
vn 0.093918 -0.661687 0.743875
vn 0.090576 -0.542586 0.835103
vn 0.120741 -0.648939 0.751199
vn 0.139096 -0.541445 0.829150
vn 0.109861 0.617997 0.778466
vn 0.123870 0.755482 0.643353
vn 0.187994 0.625325 0.757382
vn 0.080755 0.759248 0.645772
vn 0.074266 0.617184 0.783307
vn 0.127928 0.541140 0.831145
vn 0.190732 0.739621 0.645432
vn 0.135080 0.579490 0.803707
vn 0.195263 0.753352 0.627959
vn 0.130789 0.551339 0.823966
vn 0.252293 0.550852 0.795556
vn 0.119332 -0.516285 0.848062
vn 0.156851 -0.656424 0.737906
vn 0.087991 -0.555443 0.826886
vn 0.133182 -0.667553 0.732554
vn 0.133168 -0.560533 0.817355
vn 0.258523 -0.588648 0.765937
vn 0.489385 -0.381689 0.784102
vn 0.575058 0.046958 0.816764
vn 0.487727 0.416320 0.767333
vn 0.581003 0.070794 0.810817
vn 0.533126 -0.263268 0.804032
vn 0.530955 0.355850 0.769063
vn 0.521915 -0.176854 0.834462
vn 0.581245 0.073087 0.810440
vn 0.545827 0.317298 0.775497
vn 0.391154 0.485437 0.781888
vn 0.459730 0.485569 0.743553
vn 0.343632 0.506093 0.791067
vn 0.400891 0.508324 0.762163
vn 0.379686 -0.499887 0.778429
vn 0.440317 -0.492593 0.750648
vn 0.313625 -0.554179 0.771054
vn 0.355493 -0.561070 0.747546
vn 0.310686 0.514176 0.799436
vn 0.330736 0.522118 0.786134
vn 0.378773 -0.525313 0.761957
vn 0.335198 -0.530697 0.778462
vn 0.294214 -0.578669 0.760645
vn 0.333266 -0.460625 0.822653
vn 0.308985 -0.462280 0.831159
vn 0.298479 -0.572872 0.763367
vn 0.323202 0.492465 0.808096
vn 0.353838 0.492141 0.795359
vn 0.304920 0.410523 0.859357
vn 0.311131 0.426127 0.849478
vn 0.517337 -0.421810 0.744606
vn 0.563134 -0.433040 0.703816
vn 0.584440 0.598797 0.547606
vn 0.504071 0.521088 0.688752
vn 0.473600 -0.523101 0.708568
vn 0.509743 0.511760 0.691567
vn 0.508508 -0.578746 0.637552
vn 0.578140 0.611523 0.540180
vn 0.464508 -0.513742 0.721319
vn 0.506337 0.444819 0.738754
vn 0.324304 -0.559488 0.762758
vn 0.308326 -0.580591 0.753558
vn 0.372738 0.509091 0.775817
vn 0.358074 0.542618 0.759834
vn 0.347439 -0.449156 0.823131
vn 0.416225 0.390118 0.821319
vn 0.344896 -0.496539 0.796552
vn 0.374873 0.506518 0.776472
vn 0.379178 -0.494882 0.781867
vn 0.376606 -0.507324 0.775106
vn 0.364664 0.441211 0.819972
vn 0.350997 0.453617 0.819166
vn 0.312448 -0.504967 0.804602
vn 0.325979 0.407097 0.853235
vn 0.235420 -0.491187 0.838637
vn 0.309866 -0.574311 0.757727
vn 0.260531 -0.671524 0.693671
vn 0.184772 -0.553994 0.811758
vn 0.243207 0.523760 0.816411
vn 0.190730 0.426433 0.884182
vn 0.175563 0.589537 0.788432
vn 0.161067 0.555050 0.816074
vn 0.173553 0.588839 0.789398
vn 0.092103 0.503402 0.859129
vn 0.155671 0.555321 0.816937
vn 0.094986 0.464216 0.880614
vn 0.209513 -0.619128 0.756826
vn 0.296777 -0.679838 0.670629
vn 0.256575 -0.666108 0.700336
vn 0.145255 -0.573307 0.806362
vn 0.057588 -0.489875 0.869889
vn 0.038790 -0.463682 0.885152
vn 0.068172 -0.457873 0.886400
vn 0.099975 -0.461573 0.881451
vn 0.108375 -0.468832 0.876613
vn 0.111063 -0.520850 0.846393
vn -0.160122 -0.672279 0.722774
vn -0.053480 -0.593758 0.802864
vn -0.008488 -0.556864 0.830561
vn 0.041124 -0.518779 0.853919
vn -0.265241 -0.812030 0.519861
vn -0.121332 -0.735175 0.666931
vn -0.036274 -0.674518 0.737367
vn 0.014653 -0.522185 0.852707
vn 0.031155 -0.459732 0.887511
vn 0.048655 -0.483111 0.874206
vn 0.092600 -0.532350 0.841445
vn 0.125638 -0.530647 0.838229
vn 0.176800 -0.566944 0.804559
vn 0.218474 -0.662452 0.716538
vn 0.106924 0.455865 0.883603
vn 0.102914 0.444784 0.889705
vn 0.114096 0.461568 0.879737
vn 0.076402 0.499023 0.863214
vn 0.077870 0.510740 0.856202
vn 0.110617 0.520844 0.846455
vn 0.062853 0.536838 0.841341
vn 0.009700 0.538202 0.842760
vn -0.042409 0.577281 0.815444
vn -0.113231 0.633628 0.765307
vn 0.136677 0.491301 0.860199
vn 0.108123 0.457239 0.882747
vn 0.082883 0.471259 0.878092
vn 0.063273 0.484193 0.872670
vn 0.077549 0.463826 0.882526
vn 0.086617 0.480420 0.872751
vn 0.049878 0.544847 0.837051
vn -0.012900 0.605880 0.795452
vn -0.105476 0.663332 0.740855
vn -0.229972 0.764949 0.601636
vn -0.256610 -0.726952 0.636939
vn -0.417545 -0.831084 0.367363
vn -0.372245 -0.791414 0.484868
vn -0.332533 0.801807 0.496515
vn -0.187378 0.642163 0.743315
vn -0.310338 0.727499 0.611911
vn -0.267938 0.629134 0.729657
vn -0.344386 0.531194 0.774100
vn -0.440043 0.456775 0.773122
vn -0.508015 0.402729 0.761400
vn -0.566326 0.385215 0.728618
vn -0.671311 0.347730 0.654542
vn -0.273609 -0.731264 0.624813
vn -0.269783 -0.647152 0.713030
vn -0.408375 -0.534889 0.739678
vn -0.517504 -0.476717 0.710585
vn -0.587294 -0.469670 0.659163
vn -0.792924 -0.365895 0.487230
vn -0.758904 0.193848 0.621682
vn -0.930114 -0.029394 0.366092
vn -0.860289 0.091614 0.501508
vn -0.922858 0.068554 0.378991
vn -0.917554 0.028048 0.396620
vn -0.946223 0.238943 0.218100
vn -0.961983 -0.013559 0.272771
vn -0.853278 0.467718 0.230555
vn -0.810016 0.520933 0.269262
vn -0.800410 0.547192 0.244797
vn -0.754130 0.578055 0.311673
vn -0.719671 0.627030 0.298174
vn -0.696094 0.711015 0.099552
vn -0.530011 0.846934 0.042329
vn -0.368600 0.892622 0.259538
vn -0.199240 0.811297 0.549637
vn -0.044523 0.781682 0.622086
vn 0.013416 0.671150 0.741200
vn 0.044454 0.623361 0.780670
vn 0.104705 0.605351 0.789042
vn 0.100940 0.631438 0.768828
vn 0.204084 0.552945 0.807838
vn 0.109762 0.564823 0.817880
vn 0.077448 0.648323 0.757416
vn 0.235804 0.650776 0.721725
vn 0.227458 0.686640 0.690499
vn 0.258091 0.661270 0.704352
vn 0.269393 0.596910 0.755728
vn 0.338886 0.490013 0.803146
vn 0.588299 0.807236 0.047697
vn 0.453122 0.776533 0.437809
vn 0.383102 0.553677 0.739375
vn 0.550919 0.362218 0.751855
vn 0.595744 0.472083 0.649789
vn 0.460299 0.689371 0.559367
vn 0.456520 0.710284 0.535804
vn 0.597420 0.615390 0.514183
vn 0.758130 0.354761 0.547159
vn 0.531856 0.606870 0.590626
vn 0.486705 0.301285 0.819967
vn 0.484953 0.155910 0.860531
vn 0.665594 0.133495 0.734278
vn 0.692380 0.240944 0.680115
vn 0.712463 0.666757 0.218704
vn 0.335864 -0.028051 0.941493
vn 0.760850 0.279577 0.585614
vn 0.380676 -0.111999 0.917901
vn 0.780757 0.090665 0.618222
vn 0.720236 0.352940 0.597238
vn 0.781618 -0.171219 0.599797
vn 0.435564 -0.373879 0.818840
vn 0.507538 -0.478114 0.716807
vn 0.671706 -0.577302 0.464255
vn 0.467372 -0.822010 0.325366
vn 0.525345 -0.697977 0.486663
vn 0.528801 -0.614145 0.585829
vn 0.422160 -0.745259 0.516110
vn 0.446068 -0.620607 0.644880
vn 0.419552 -0.532418 0.735192
vn 0.327125 -0.523379 0.786806
vn 0.359076 -0.783074 0.507799
vn 0.387050 -0.762606 0.518290
vn 0.415032 -0.889313 0.192020
vn 0.408771 -0.882667 0.231959
vn 0.331146 -0.768854 0.546997
vn 0.180140 -0.782268 0.596328
vn 0.178889 -0.875889 0.448125
vn 0.167234 -0.761406 0.626334
vn -0.012530 -0.894652 0.446588
vn -0.010560 -0.999334 -0.034934
vn -0.026463 -0.953281 -0.300922
vn -0.168968 -0.903487 -0.393904
vn -0.303284 -0.810788 -0.500641
vn -0.472857 -0.765287 -0.436740
vn -0.691662 -0.665109 -0.281486
vn -0.814871 -0.579570 0.009153
vn -0.801895 -0.579230 0.146480
vn -0.797184 -0.588715 0.133834
vn -0.795468 -0.571429 0.201741
vn -0.824606 -0.536908 0.178200
vn -0.922556 -0.361097 0.136015
vn -0.991029 0.133406 0.007975
vn -0.971357 0.237226 -0.013754
vn -0.989063 0.128577 -0.072265
vn -0.990490 -0.088489 0.105352
vn -0.025494 -0.353300 -0.935162
vn 0.170808 0.091653 -0.981032
vn 0.014946 0.454507 -0.890618
vn -0.361474 -0.496746 -0.789037
vn -0.726083 -0.202237 -0.657194
vn -0.815484 0.321409 -0.481334
vn -0.771347 0.484993 -0.412076
vn -0.753473 0.442249 -0.486512
vn -0.843315 0.365682 -0.393822
vn -0.906230 0.281363 -0.315565
vn -0.761675 0.390440 -0.517114
vn -0.483314 0.594966 -0.642202
vn -0.269244 0.667109 -0.694602
vn -0.159208 0.694374 -0.701781
vn -0.035840 0.682986 -0.729551
vn -0.037143 0.709674 -0.703550
vn -0.070118 0.691977 -0.718506
vn 0.053098 0.652413 -0.756002
vn 0.104801 0.656231 -0.747247
vn 0.078510 0.621475 -0.779490
vn 0.153961 0.567760 -0.808668
vn 0.243933 0.528529 -0.813113
vn 0.277051 0.496136 -0.822856
vn 0.319983 0.372181 -0.871259
vn 0.418949 0.257645 -0.870690
vn 0.489612 0.323344 -0.809771
vn 0.483141 0.430244 -0.762538
vn 0.667944 0.198597 -0.717224
vn 0.170226 0.409361 -0.896352
vn 0.184231 0.080803 -0.979556
vn 0.137183 0.420892 -0.896678
vn 0.151717 0.347130 -0.925463
vn 0.306086 0.145353 -0.940842
vn 0.291111 0.351006 -0.889971
vn 0.334822 0.477210 -0.812505
vn 0.326699 0.467505 -0.821405
vn 0.305522 0.445134 -0.841732
vn 0.259534 -0.136757 -0.956002
vn 0.642865 -0.523567 -0.559108
vn 0.452245 0.088765 -0.887466
vn 0.295327 0.279586 -0.913572
vn 0.247541 0.284015 -0.926315
vn 0.281905 0.288774 -0.914953
vn 0.242885 0.205958 -0.947939
vn 0.309045 0.025495 -0.950706
vn 0.361798 -0.166759 -0.917221
vn -0.030094 -0.415225 -0.909221
vn 0.308749 -0.756164 -0.576967
vn 0.122083 0.142756 -0.982200
vn 0.046667 0.479490 -0.876306
vn 0.190732 -0.059013 -0.979867
vn 0.085484 0.584314 -0.807012
vn 0.330238 -0.607956 -0.722034
vn 0.304375 0.089036 -0.948382
vn 0.247843 -0.101490 -0.963470
vn 0.295167 -0.139313 -0.945235
vn 0.318830 -0.268625 -0.908949
vn 0.341344 -0.119038 -0.932370
vn 0.321336 -0.037787 -0.946211
vn 0.208276 -0.178940 -0.961562
vn 0.179506 -0.122277 -0.976128
vn 0.155611 -0.159799 -0.974807
vn 0.090588 -0.205525 -0.974450
vn 0.072391 -0.262180 -0.962300
vn 0.198880 -0.291419 -0.935693
vn 0.162905 0.062735 -0.984645
vn 0.438666 -0.776314 0.452668
vn 0.289478 0.081932 -0.953672
vn 0.181603 0.088942 -0.979342
vn 0.246560 -0.109492 -0.962923
vn 0.225605 -0.213777 -0.950475
vn 0.152278 -0.293187 -0.943850
vn 0.067741 -0.345626 -0.935924
vn 0.109076 -0.325918 -0.939085
vn 0.108213 -0.330705 -0.937510
vn 0.050561 -0.428073 -0.902329
vn 0.030047 -0.384552 -0.922614
vn -0.011633 -0.334119 -0.942459
vn -0.036235 -0.391848 -0.919316
vn -0.225478 0.526266 -0.819880
vn -0.352696 0.232579 -0.906373
vn -0.274073 -0.084288 -0.958008
vn -0.131565 -0.022150 -0.991060
vn -0.171993 0.150605 -0.973518
vn -0.411397 0.332379 -0.848691
vn -0.615788 0.370329 -0.695457
vn -0.626264 -0.129555 -0.768771
vn -0.361738 -0.441701 -0.821003
vn -0.128876 -0.446288 -0.885561
vn -0.410371 -0.433190 -0.802460
vn -0.215150 -0.189912 -0.957937
vn -0.595465 -0.077827 -0.799602
vn -0.406090 0.453886 -0.793145
vn -0.153321 0.470079 -0.869206
vn -0.060535 0.377617 -0.923981
vn -0.038327 0.380377 -0.924037
vn 0.025660 0.343836 -0.938679
vn -0.061584 0.412299 -0.908965
vn -0.057047 0.355323 -0.933001
vn 0.092220 0.249062 -0.964087
vn 0.052922 0.253631 -0.965852
vn 0.062033 0.294244 -0.953715
vn 0.178089 0.164053 -0.970243
vn 0.131078 0.221011 -0.966423
vn 0.239477 -0.013114 -0.970813
vn 0.238121 -0.153063 -0.959098
vn 0.184716 -0.103383 -0.977339
vn 0.145588 -0.042854 -0.988417
vn 0.115917 -0.163702 -0.979676
vn 0.259717 -0.204472 -0.943789
vn 0.324286 -0.361958 -0.873971
vn 0.389313 -0.415166 -0.822236
vn 0.492181 -0.354631 -0.794981
vn 0.600850 -0.247559 -0.760061
vn 0.644009 0.007507 -0.764981
vn 0.587511 0.284202 -0.757668
vn 0.519037 0.403889 -0.753309
vn 0.536957 0.464311 -0.704339
vn 0.611863 0.454500 -0.647343
vn 0.606719 0.492060 -0.624314
vn 0.491259 0.563602 -0.664091
vn 0.296443 0.681789 -0.668795
vn 0.221813 0.777501 -0.588465
vn 0.012979 0.812669 -0.582581
vn -0.222214 -0.028325 -0.974586
vn 0.335036 0.549506 -0.765372
vn 0.166397 0.617256 -0.768965
vn 0.008312 0.559289 -0.828931
vn 0.022957 0.320012 -0.947135
vn 0.031649 0.209233 -0.977354
vn 0.023817 0.207252 -0.977998
vn -0.005362 0.165333 -0.986223
vn -0.033182 0.153794 -0.987546
vn -0.038957 0.237496 -0.970607
vn 0.009977 0.265875 -0.963956
vn -0.005104 0.404100 -0.914700
vn -0.022969 0.552380 -0.833276
vn -0.101522 0.444146 -0.890184
vn -0.130614 0.333511 -0.933654
vn -0.217154 0.197153 -0.956020
vn -0.242006 0.197076 -0.950050
vn -0.166766 0.209311 -0.963524
vn -0.135345 0.164924 -0.976976
vn -0.106130 0.182756 -0.977413
vn -0.017500 0.146127 -0.989111
vn 0.105653 0.178570 -0.978238
vn 0.000033 0.188056 -0.982158
vn 0.023298 -0.009745 -0.999681
vn -0.021819 0.118912 -0.992665
vn -0.003281 0.164020 -0.986452
vn -0.048153 0.361216 -0.931238
vn 0.000048 0.410147 -0.912019
vn 0.125481 0.087004 -0.988274
vn 0.135469 -0.286830 -0.948355
vn 0.041736 -0.469942 -0.881710
vn -0.024795 -0.452331 -0.891505
vn 0.063507 -0.245262 -0.967375
vn 0.097562 -0.160386 -0.982221
vn 0.090423 -0.082523 -0.992479
vn 0.039254 -0.043380 -0.998287
vn 0.012253 -0.030609 -0.999456
vn 0.012848 0.021186 -0.999693
vn 0.069000 -0.005596 -0.997601
vn 0.164147 -0.230152 -0.959211
vn 0.118773 -0.172677 -0.977791
vn 0.128185 0.068476 -0.989384
vn 0.162173 0.119087 -0.979550
vn 0.116154 0.153307 -0.981328
vn 0.049766 0.134523 -0.989660
vn -0.033481 0.055886 -0.997876
vn -0.025427 0.067844 -0.997372
vn -0.059013 0.064242 -0.996188
vn -0.124749 0.053250 -0.990758
vn -0.259219 -0.175674 -0.949708
vn -0.089512 -0.293104 -0.951881
vn -0.072137 -0.434444 -0.897806
vn -0.108922 -0.722877 -0.682337
vn -0.135698 -0.742797 -0.655620
vn -0.201027 -0.665309 -0.718994
vn -0.231621 -0.705996 -0.669270
vn -0.168873 -0.729494 -0.662812
vn -0.111632 -0.673814 -0.730420
vn -0.093144 -0.707821 -0.700224
vn -0.087186 -0.713164 -0.695554
vn -0.096079 -0.684873 -0.722300
vn 0.153483 -0.819243 -0.552525
vn 0.290712 -0.802664 -0.520784
vn 0.006010 -0.733195 -0.679992
vn -0.064625 -0.697823 -0.713349
vn 0.329345 -0.583467 -0.742360
vn 0.316896 -0.946047 -0.067622
vn -0.358688 -0.557354 -0.748799
vn -0.359463 -0.578833 -0.731942
vn 0.442665 -0.870723 -0.214217
vn 0.324216 -0.780622 -0.534334
vn 0.215568 -0.690600 -0.690364
vn 0.355948 -0.501845 -0.788323
vn 0.539762 -0.458038 -0.706299
vn 0.641796 -0.442160 -0.626572
vn 0.633638 -0.445195 -0.632696
vn 0.662688 -0.387077 -0.641105
vn 0.674546 -0.261989 -0.690180
vn 0.676817 -0.246552 -0.693636
vn 0.750394 -0.099078 -0.653523
vn 0.716141 0.112172 -0.688882
vn 0.658020 0.266478 -0.704273
vn 0.677747 0.293628 -0.674123
vn 0.698004 0.399296 -0.594435
vn 0.658044 0.492374 -0.569689
vn 0.583748 0.531371 -0.613907
vn 0.412864 0.605707 -0.680193
vn 0.327585 0.680548 -0.655395
vn 0.356702 0.737641 -0.573279
vn 0.413366 0.833301 -0.367066
vn 0.346352 0.932338 -0.103851
vn 0.155252 0.957859 -0.241666
vn -0.000042 0.962302 -0.271982
vn -0.047603 0.946864 -0.318092
vn -0.087379 0.928344 -0.361307
vn -0.161975 0.900007 -0.404663
vn -0.177337 0.887655 -0.424995
vn -0.303967 0.822684 -0.480412
vn -0.298777 0.805534 -0.511710
vn -0.181054 0.889094 -0.420393
vn -0.234428 0.816048 -0.528308
vn -0.274790 0.744175 -0.608846
vn -0.307380 0.625061 -0.717507
vn -0.353302 0.559049 -0.750095
vn -0.441071 0.516370 -0.734043
vn -0.451298 0.607544 -0.653621
vn -0.458043 0.600735 -0.655221
vn -0.410692 0.598742 -0.687634
vn -0.453387 0.539458 -0.709525
vn -0.455326 0.555803 -0.695529
vn -0.371376 0.304984 -0.876963
vn -0.304941 0.241360 -0.921280
vn -0.174699 0.243786 -0.953965
vn -0.056243 0.182332 -0.981627
vn 0.022783 -0.094952 -0.995221
vn -0.113849 -0.277642 -0.953915
vn -0.206705 -0.272227 -0.939769
vn -0.028457 -0.331559 -0.943005
vn -0.032779 -0.260698 -0.964864
vn 0.013509 -0.417661 -0.908502
vn -0.284768 -0.215957 -0.933954
vn -0.320203 -0.279456 -0.905193
vn 0.005703 -0.176225 -0.984333
vn -0.067589 -0.187884 -0.979863
vn -0.155644 -0.184445 -0.970441
vn -0.240152 -0.200484 -0.949807
vn -0.262326 -0.197639 -0.944523
vn -0.386204 -0.447437 -0.806627
vn -0.318409 -0.381101 -0.867973
vn -0.377355 -0.378469 -0.845201
vn -0.439812 -0.388669 -0.809631
vn -0.309742 -0.507183 -0.804254
vn -0.276676 -0.638380 -0.718276
vn -0.317036 -0.785053 -0.532147
vn -0.271933 -0.856236 -0.439218
vn -0.311449 -0.853002 -0.418793
vn -0.304520 -0.862118 -0.404993
vn -0.175349 -0.910759 -0.373860
vn -0.139326 -0.945868 -0.293125
vn -0.185872 -0.946070 -0.265337
vn -0.139402 -0.969151 -0.203258
vn -0.033960 -0.970011 -0.240679
vn -0.025205 -0.959351 -0.281089
vn -0.010662 -0.968539 -0.248632
vn 0.156612 -0.972493 -0.172426
vn 0.308119 -0.948141 -0.078055
vn 0.398358 -0.912866 0.089370
vn 0.422458 -0.876741 -0.229902
vn 0.442847 -0.758708 -0.477753
vn 0.354538 -0.720672 -0.595764
vn 0.314216 -0.664207 -0.678305
vn 0.396712 -0.573958 -0.716374
vn 0.549378 -0.515799 -0.657370
vn 0.660823 -0.472409 -0.583217
vn 0.304420 0.826227 -0.474001
vn 0.269211 0.626793 -0.731202
vn 0.301127 -0.461069 -0.834709
vn 0.265065 -0.739049 -0.619312
vn 0.000577 0.149630 -0.988742
vn 0.275970 -0.638955 -0.718037
vn 0.429347 0.106262 -0.896867
vn 0.090780 -0.922476 -0.375230
vn 0.285407 0.799756 -0.528141
vn 0.224370 0.943224 -0.244921
vn 0.479553 0.787833 -0.386456
vn 0.422850 0.894063 -0.147816
vn 0.298657 -0.939049 -0.170270
vn 0.463859 -0.765955 -0.445138
vn 0.477031 -0.631540 -0.611227
vn 0.498048 -0.858466 -0.122414
vn 0.471819 0.583220 -0.661242
vn 0.556018 0.800636 -0.223217
vn 0.785034 -0.090766 -0.612766
vn 0.698334 -0.119038 -0.705805
vn 0.786085 -0.070444 -0.614092
vn 0.861771 -0.050577 -0.504770
vn -0.631546 0.152348 -0.760223
vn 0.078493 -0.558208 -0.825980
vn -0.000995 0.502559 -0.864542
vn -0.909186 0.014895 -0.416124
vn -0.191947 -0.641168 -0.743007
vn -0.228625 0.594665 -0.770781
vn -0.414708 -0.898422 -0.144413
vn -0.177334 -0.434858 -0.882865
vn -0.041093 0.451776 -0.891185
vn -0.232127 0.910871 -0.341220
vn -0.259613 -0.253456 -0.931859
vn -0.602204 -0.790417 -0.112209
vn -0.075482 0.353037 -0.932560
vn -0.445053 0.840323 -0.309493
vn -0.235719 0.331671 -0.913472
vn -0.981605 -0.131691 -0.138233
vn -0.152142 0.560116 -0.814323
vn -0.562818 0.171693 -0.808553
vn -0.026561 0.614400 -0.788547
vn 0.224135 0.498304 -0.837530
vn -0.169349 -0.259066 -0.950897
vn -0.920727 0.140271 -0.364124
vn -0.371325 -0.158953 -0.914796
vn -0.082994 -0.478160 -0.874342
vn 0.057767 -0.391616 -0.918313
vn -0.000808 -0.511546 -0.859255
vn 0.047472 -0.298169 -0.953332
vn 0.057062 0.378513 -0.923835
vn -0.557644 -0.712407 0.426039
vn -0.590116 -0.332086 0.735855
vn -0.655807 -0.733171 -0.179935
vn -0.494473 -0.820637 0.286446
vn -0.633038 -0.762872 0.131490
vn -0.351235 0.935232 -0.044451
vn -0.495967 0.860119 -0.119218
vn -0.943965 -0.327473 0.041136
vn -0.506037 0.833423 0.222111
vn -0.816743 0.395769 0.419879
vn -0.814225 0.520018 -0.258108
vn -0.549798 0.304279 0.777906
vn 0.005571 0.821596 0.570043
vn -0.557161 0.564919 0.608636
vn -0.521676 0.810825 0.265363
vn -0.528902 0.847024 0.053040
vn -0.992095 -0.124460 0.016049
vn -0.670315 -0.673590 0.311375
vn -0.648648 -0.494078 0.578915
vn 0.000214 0.170569 -0.985346
vn 0.513006 0.265759 -0.816209
vn -0.507736 -0.348580 -0.787842
vn 0.255117 -0.097428 -0.961989
vn 0.228749 0.100459 -0.968288
vn -0.067352 0.676191 -0.733641
vn 0.001270 0.788769 -0.614689
vn -0.360455 0.772005 -0.523527
vn 0.802075 0.522796 -0.288722
vn 0.954103 0.254977 -0.157081
vn 0.972000 0.229626 0.049878
vn 0.824686 0.141341 0.547646
vn 0.327712 -0.081952 0.941217
vn 0.707503 0.511066 -0.488110
vn 0.855794 0.401495 -0.326218
vn 0.997289 0.069401 0.024460
vn -0.568019 0.161012 0.807112
vn -0.467844 -0.172755 0.866763
vn -0.591441 0.191272 0.783334
vn -0.567062 -0.450757 0.689390
vn -0.080058 -0.392525 0.916250
vn -0.652206 -0.506267 0.564200
vn 0.110666 -0.787179 0.606715
vn -0.602234 -0.785246 0.143885
vn 0.375269 -0.096573 0.921872
vn 0.732180 -0.248578 0.634130
vn 0.921625 -0.288275 0.259817
vn 0.947864 -0.288053 -0.136309
vn 0.274928 -0.865404 -0.418916
vn 0.735778 -0.525164 -0.427590
vn -0.102159 -0.850599 -0.515796
vn 0.086941 -0.527568 -0.845052
vn 0.120199 -0.329998 -0.936298
vn 0.180498 -0.146303 -0.972634
vn 0.254119 -0.079593 -0.963892
vn 0.408015 0.031584 -0.912429
vn 0.536665 0.089943 -0.838988
vn 0.568070 -0.025745 -0.822577
vn -0.801551 -0.187242 -0.567852
vn -0.912364 0.089740 -0.399424
vn -0.934573 0.253304 -0.249822
vn -0.924583 0.221469 0.309997
vn -0.879488 0.304777 0.365529
vn -0.741621 0.306440 0.596735
vn -0.631666 0.266602 0.727957
vn -0.528450 0.524509 0.667556
vn -0.802805 0.340112 0.489722
vn -0.528023 -0.128885 0.839393
vn -0.538782 -0.145206 0.829837
vn -0.654085 -0.068504 0.753313
vn -0.089049 -0.230875 0.968900
vn 0.397892 -0.395571 0.827772
vn 0.826762 -0.353482 0.437625
vn 0.229821 -0.849223 -0.475397
vn -0.317048 -0.626260 -0.712235
vn 0.945145 0.149900 0.290227
vn 0.715880 0.318105 0.621551
vn 0.854787 -0.061789 0.515287
vn 0.577707 0.001634 0.816243
vn -0.151228 0.082288 0.985068
vn -0.121068 0.969113 -0.214853
vn -0.843425 0.102109 0.527454
vn -0.968490 0.247819 0.024770
vn 0.148616 0.599418 -0.786519
vn 0.147804 0.589756 -0.793941
vn 0.175888 0.451836 -0.874590
vn -0.691360 -0.347000 0.633729
vn -0.738880 -0.014388 0.673683
vn -0.736334 -0.560661 0.378775
vn -0.907901 -0.244904 0.340203
vn -0.988188 0.063782 0.139345
vn -0.995747 -0.019047 -0.090141
vn -0.281514 0.508225 -0.813915
vn -0.792928 0.201028 -0.575198
vn 0.222094 0.264500 -0.938464
vn 0.320705 0.117172 -0.939904
vn 0.449566 -0.017975 -0.893067
vn 0.535501 0.002493 -0.844531
vn 0.580385 0.130818 -0.803766
vn 0.657706 0.341574 -0.671379
vn 0.694135 -0.182906 -0.696220
vn 0.732196 -0.264087 -0.627811
vn 0.709499 0.271186 -0.650437
vn 0.739309 0.210136 -0.639739
vn 0.726443 -0.276484 -0.629156
vn 0.681409 0.261173 -0.683718
vn 0.621651 -0.294591 -0.725787
vn -0.572920 0.611897 -0.545293
vn -0.527331 0.384015 -0.757927
vn -0.576241 0.211759 -0.789370
vn -0.035864 -0.568245 -0.822077
vn -0.175762 -0.134810 -0.975158
vn -0.537410 0.301712 -0.787503
vn 0.244679 -0.614053 -0.750381
vn 0.253710 -0.499758 -0.828175
vn 0.388437 -0.483937 -0.784170
vn 0.459800 -0.331062 -0.824004
vn 0.490521 -0.397068 -0.775710
vn 0.516294 -0.477895 -0.710674
vn 0.652235 -0.374991 -0.658765
vn 0.769740 -0.025918 -0.637831
vn 0.897371 -0.142327 -0.417695
vn 0.944221 -0.235923 -0.229753
vn 0.912207 -0.375382 -0.164215
vn 0.882206 -0.428599 -0.194975
vn -0.713772 -0.151932 -0.683700
vn -0.654203 -0.061809 -0.753789
vn -0.858547 -0.159359 -0.487342
vn -0.785432 -0.452746 -0.422039
vn -0.017658 -0.236756 -0.971409
vn 0.008004 -0.175001 -0.984536
vn 0.040552 -0.348312 -0.936501
vn -0.063627 -0.542743 -0.837485
vn 0.379428 0.446215 -0.810510
vn 0.186091 0.392538 -0.900713
vn -0.306197 0.248420 -0.918984
vn -0.366519 0.103089 -0.924682
vn -0.017388 -0.000675 -0.999849
vn 0.579491 0.026123 -0.814560
vn 0.501827 0.139593 -0.853629
vn 0.183670 0.157813 -0.970237
vn -0.377837 -0.103889 -0.920025
vn 0.136400 -0.718302 -0.682229
vn -0.594595 -0.595419 -0.540308
vn -0.178326 0.705788 -0.685612
vn 0.068584 0.705939 -0.704944
vn 0.833935 0.464604 -0.297819
vn 0.981042 0.172100 -0.089095
vn -0.655255 0.652119 -0.381290
vn -0.772313 0.589372 -0.237009
vn -0.659717 0.697148 0.280639
vn -0.749174 -0.661502 0.033976
vn -0.572625 -0.291764 0.766143
vn -0.774504 0.015377 0.632382
vn -0.836805 -0.537528 0.104028
vn -0.746662 -0.643628 0.168044
vn -0.194495 0.210082 0.958143
vn -0.053264 0.565580 0.822972
vn -0.673619 0.686566 -0.273614
vn 0.704301 -0.370213 0.605725
vn -0.145395 -0.259630 -0.954700
vn -0.900195 0.320589 -0.294739
vn -0.082987 0.178375 0.980457
vn 0.064800 -0.364380 -0.928993
vn 0.808289 -0.396417 0.435341
vn -0.559243 -0.418037 0.715886
vn -0.625287 -0.747778 0.223256
vn -0.422967 -0.748270 -0.511068
vn -0.761488 -0.466519 0.449995
vn -0.753190 0.150458 0.640364
vn -0.992049 -0.057192 -0.112104
vn -0.835292 0.324415 -0.443895
vn -0.857542 -0.448159 -0.252537
vn -0.285480 0.555735 0.780807
vn -0.313155 0.088134 0.945604
vn -0.538987 -0.110646 0.835015
vn -0.058953 0.957137 0.283571
vn 0.035432 0.789846 0.612281
vn -0.562512 0.133768 0.815896
vn -0.817210 -0.202131 0.539733
vn -0.622017 0.779783 -0.070938
vn -0.672841 0.666712 -0.320594
vn -0.915577 0.052707 0.398675
vn -0.616400 -0.620544 0.484743
vn -0.643965 -0.763447 -0.049580
vn -0.677658 0.722408 0.137499
vn -0.683935 0.682076 0.258855
vn -0.875944 0.089641 0.474011
vn -0.460924 -0.881914 0.098874
vn -0.412965 -0.905618 -0.096518
vn 0.330996 0.909987 0.249729
vn 0.233349 0.777187 0.584404
vn -0.642726 -0.069710 0.762918
vn -0.822361 -0.326675 0.465839
vn -0.819116 -0.514624 0.253401
vn -0.139548 -0.912993 -0.383368
vn -0.232183 -0.583741 -0.778035
vn -0.340846 0.252843 -0.905480
vn -0.098072 0.866617 -0.489241
vn 0.148211 0.885659 -0.440047
vn -0.717764 -0.569172 -0.401071
vn -0.319408 0.929653 -0.183639
vn 0.206638 0.977902 -0.031747
vn 0.280248 0.957840 -0.063275
vn -0.367666 0.822191 0.434538
vn -0.312511 0.947781 0.063631
vn -0.816373 -0.030459 0.576721
vn -0.950130 -0.107794 0.292633
vn -0.315938 0.947255 -0.053770
vn -0.974624 -0.058005 0.216201
vn -0.895224 -0.375254 0.240330
vn -0.762567 -0.645928 0.035636
vn 0.195223 -0.820215 -0.537714
vn -0.241944 0.249562 -0.937647
vn 0.280803 0.432630 -0.856727
vn 0.304043 -0.432289 -0.848931
vn -0.110763 -0.450340 -0.885960
vn -0.998549 0.041586 -0.034218
vn -0.407695 0.850238 -0.332988
vn 0.288767 0.820929 -0.492636
vn -0.896471 -0.431736 0.099722
vn -0.528416 -0.815401 -0.236426
vn 0.365905 -0.686288 -0.628588
vn -0.851204 -0.104542 -0.514319
vn -0.180375 0.589958 -0.787029
vn 0.357467 0.541700 -0.760775
vn 0.598945 0.067847 -0.797911
vn -0.823710 -0.488136 -0.288487
vn -0.133252 -0.846195 -0.515943
vn 0.486971 -0.586176 -0.647501
vn -0.143717 -0.155316 -0.977355
vn 0.223868 0.085497 -0.970862
vn 0.486053 0.077025 -0.870529
vn -0.118411 -0.445984 -0.887174
vn 0.367961 -0.512258 -0.776013
vn 0.590603 -0.265070 -0.762185
vn 0.571950 -0.364021 -0.735093
vn 0.291450 -0.697095 -0.655069
vn 0.037591 -0.726859 -0.685757
vn 0.220071 -0.769119 -0.600021
vn 0.062753 -0.624132 -0.778795
vn -0.777804 0.571548 0.261447
vn 0.138244 0.789843 -0.597525
vn -0.802934 0.392854 0.448289
vn -0.827599 0.221376 0.515823
vn -0.595957 -0.026960 0.802564
vn -0.118722 -0.633669 0.764440
vn 0.094641 -0.950911 0.294640
vn -0.076320 -0.840736 0.536039
vn -0.586774 -0.588926 0.555755
vn -0.920699 -0.197525 0.336596
vn 0.234682 -0.929811 0.283507
vn -0.927845 0.321989 0.188221
vn -0.734448 0.674030 -0.079178
vn 0.153719 0.806823 -0.570445
vn -0.250214 -0.955881 0.153900
vn 0.216658 -0.976023 0.020945
vn -0.525892 -0.823012 0.214684
vn -0.865936 -0.496194 0.062828
vn -0.984682 0.066898 -0.161017
vn -0.700783 0.515891 -0.492706
vn 0.154222 0.638102 -0.754349
vn 0.247358 -0.966948 -0.061857
vn 0.081348 -0.985581 -0.148365
vn 0.125022 0.779511 -0.613785
vn 0.276176 0.735434 -0.618760
vn 0.348839 0.650224 -0.674923
vn 0.511737 0.592829 -0.621835
vn 0.648950 0.392235 -0.651932
vn -0.133379 -0.989068 -0.062889
vn -0.401758 -0.914398 -0.049668
vn -0.725201 -0.652982 -0.218400
vn -0.822584 -0.196568 -0.533589
vn -0.527757 0.201893 -0.825053
vn 0.158272 0.316069 -0.935441
vn 0.390007 -0.025570 -0.920457
vn 0.242173 -0.963536 -0.113802
vn 0.425517 -0.866123 -0.262233
vn -0.199436 -0.296730 -0.933904
vn -0.404950 -0.520223 -0.751920
vn -0.236317 -0.876802 -0.418775
vn 0.213995 -0.867097 -0.449832
vn 0.473262 -0.627796 -0.617976
vn 0.761544 -0.041756 -0.646767
vn 0.467954 -0.661927 -0.585553
vn 0.195307 0.541302 -0.817831
vn 0.137216 0.262232 -0.955200
vn 0.228733 -0.286100 -0.930499
vn 0.204490 -0.047387 -0.977721
vn -0.119422 0.651935 -0.748812
vn -0.271808 0.153055 -0.950103
vn -0.082090 -0.811385 -0.578719
vn -0.544511 -0.631112 -0.552454
vn -0.098292 -0.970222 -0.221379
vn -0.568944 -0.740733 -0.357236
vn 0.041611 0.804712 -0.592205
vn 0.114932 0.243082 -0.963173
vn 0.344263 0.129046 -0.929962
vn 0.155433 -0.653182 -0.741076
vn 0.073864 -0.785339 -0.614643
vn -0.371921 -0.321551 -0.870793
vn -0.840307 0.511558 -0.179423
vn -0.094350 0.859991 -0.501512
vn -0.105947 0.901969 -0.418601
vn -0.854340 0.419607 0.306648
vn -0.594101 0.756383 -0.273729
vn -0.744169 0.666471 -0.045039
vn -0.930812 -0.208199 0.300404
vn -0.707901 -0.687309 0.162736
vn -0.912485 -0.061106 0.404521
vn -0.986107 0.155914 0.057302
vn -0.887523 -0.304379 0.345914
vn -0.623797 0.685211 -0.375982
vn -0.431970 -0.888780 -0.153205
vn -0.824203 -0.547210 0.145778
vn -0.216449 -0.756090 -0.617639
vn -0.581665 -0.751355 -0.311661
vn -0.878233 -0.476080 -0.045318
vn -0.661230 0.724625 -0.194148
vn 0.147744 0.870102 -0.470208
vn -0.796302 0.451653 -0.402384
vn -0.638057 0.309955 -0.704848
vn -0.611838 -0.037091 -0.790113
vn -0.523793 -0.677688 -0.516121
vn -0.669498 -0.708499 -0.223160
vn -0.680256 -0.645855 -0.346588
vn -0.485829 -0.279436 -0.828182
vn 0.196552 0.299678 -0.933574
vn 0.348534 0.492059 -0.797748
vn 0.428611 0.627096 -0.650418
vn -0.475956 -0.456876 -0.751485
vn -0.509277 0.027025 -0.860178
vn -0.580168 0.598202 -0.552774
vn -0.834288 -0.235244 -0.498623
vn -0.814597 -0.110279 -0.569448
vn -0.676401 0.140080 -0.723090
vn -0.580066 0.358102 -0.731633
vn -0.514294 0.106631 -0.850959
vn -0.385288 0.143510 -0.911569
vn -0.156913 -0.415407 -0.896000
vn 0.060228 -0.255207 -0.965009
vn 0.034211 -0.255408 -0.966228
vn -0.628387 0.564934 -0.534771
vn -0.542250 0.625864 -0.560588
vn -0.327876 0.737514 -0.590399
vn -0.222605 0.519314 -0.825082
vn -0.132544 0.859633 -0.493420
vn -0.240399 0.761793 -0.601564
vn 0.604589 0.625901 -0.492666
vn 0.496325 0.774231 -0.392717
vn 0.083823 0.714438 -0.694660
vn 0.568530 0.537315 -0.622950
vn 0.916356 0.190498 -0.352139
vn 0.931064 0.303711 -0.202186
vn -0.389060 0.155962 -0.907914
vn -0.297066 0.196222 -0.934478
vn -0.050541 0.035250 -0.998100
vn -0.050605 -0.262315 -0.963654
vn 0.345196 0.358392 -0.867407
vn 0.815816 0.173392 -0.551706
vn 0.343896 0.127120 -0.930363
vn 0.863609 0.304302 -0.401971
vn -0.669507 -0.572358 -0.473462
vn -0.609703 -0.603163 -0.514252
vn -0.610732 -0.413442 -0.675331
vn -0.650001 -0.537332 -0.537377
vn -0.537561 -0.568718 -0.622566
vn -0.559977 0.503542 -0.657930
vn 0.174883 0.556383 -0.812314
vn -0.718044 0.063938 -0.693055
vn 0.436402 0.630150 -0.642234
vn -0.278236 0.128326 -0.951902
vn 0.312266 0.494770 -0.810982
vn -0.577386 -0.113841 -0.808496
vn -0.389375 -0.135944 -0.910992
vn 0.086975 0.297313 -0.950810
vn -0.395292 0.053493 -0.916997
vn -0.148048 0.010473 -0.988925
vn 0.190541 0.406892 -0.893383
vn 0.275942 0.583717 -0.763630
vn 0.233825 0.672966 -0.701742
vn 0.187784 0.610472 -0.769455
vn 0.208873 0.406090 -0.889642
vn 0.283845 -0.072816 -0.956101
vn 0.465011 -0.555536 -0.689307
vn 0.491774 -0.509521 -0.706079
vn 0.392728 -0.632357 -0.667749
vn 0.485716 -0.507295 -0.711851
vn 0.492268 -0.271765 -0.826932
vn 0.413520 -0.527692 -0.741986
vn 0.178854 -0.530962 -0.828306
vn -0.018676 -0.452508 -0.891565
vn -0.024946 -0.269531 -0.962669
vn 0.138596 -0.115069 -0.983641
vn 0.363359 -0.059801 -0.929728
vn 0.393625 -0.040436 -0.918381
vn -0.287126 -0.765334 -0.576040
vn -0.150590 -0.747609 -0.646841
vn 0.436033 -0.753762 -0.491647
vn -0.446611 -0.735887 -0.508929
vn -0.426459 -0.702833 -0.569350
vn -0.161948 0.087275 -0.982932
vn -0.359021 -0.585227 -0.727057
vn -0.130590 -0.693266 -0.708752
vn -0.013673 -0.121243 -0.992529
vn 0.354916 -0.748464 -0.560211
vn 0.545956 -0.276618 -0.790831
vn -0.108389 0.459329 -0.881629
vn 0.007392 0.359799 -0.933001
vn 0.687635 0.185698 -0.701908
vn -0.158646 0.549228 -0.820475
vn -0.163623 0.401547 -0.901104
vn -0.124673 0.624949 -0.770646
vn 0.723597 0.000911 -0.690222
vn 0.941539 -0.309555 -0.132966
vn 0.964240 -0.265006 -0.003492
vn 0.992627 0.024250 -0.118762
vn 0.997333 -0.059360 -0.042458
vn 0.939389 -0.327134 -0.102623
vn 0.901063 -0.133212 -0.412723
vn 0.354160 -0.487087 -0.798321
vn 0.986232 -0.080044 -0.144701
vn 0.997575 -0.065092 0.024645
vn 0.651640 -0.445079 -0.614223
vn 0.826042 -0.474451 -0.304223
vn -0.239273 -0.517737 -0.821399
vn -0.197813 -0.426579 -0.882553
vn -0.193581 -0.394429 -0.898305
vn -0.313893 -0.723072 -0.615336
vn -0.194727 -0.606803 -0.770630
vn 0.028618 -0.686340 -0.726717
vn 0.329486 -0.637527 -0.696418
vn 0.462222 -0.524839 -0.714769
vn 0.388235 -0.485651 -0.783209
vn -0.139776 0.564904 -0.813232
vn -0.138892 0.355406 -0.924335
vn -0.032789 -0.110630 -0.993321
vn 0.084167 -0.484090 -0.870961
vn 0.145730 -0.559707 -0.815777
vn 0.086855 -0.681197 -0.726930
vn -0.151003 -0.764131 -0.627138
vn -0.405799 0.557379 -0.724331
vn -0.414628 0.476517 -0.775252
vn -0.455396 0.278109 -0.845736
vn -0.442455 -0.087750 -0.892487
vn -0.321467 -0.429527 -0.843899
vn -0.240062 -0.645593 -0.724969
vn -0.483268 -0.630995 -0.606876
vn -0.395908 -0.461133 -0.794112
vn 0.315534 0.065050 -0.946682
vn 0.747706 0.509624 -0.425699
vn 0.667840 0.669206 -0.325811
vn 0.415928 0.715815 -0.560904
vn 0.127482 0.620135 -0.774068
vn 0.091303 0.588468 -0.803349
vn -0.059552 0.515493 -0.854822
vn -0.100007 0.482845 -0.869977
vn -0.653261 -0.369271 -0.660975
vn -0.686242 -0.107967 -0.719315
vn -0.650011 0.164979 -0.741800
vn -0.570311 0.393512 -0.721036
vn -0.511691 0.504356 -0.695555
vn -0.164607 0.334594 -0.927874
vn 0.639720 -0.217244 -0.737268
vn 0.441250 -0.221423 -0.869638
vn -0.378686 0.262667 -0.887470
vn -0.496349 -0.277860 -0.822454
vn 0.234370 0.114776 -0.965348
vn 0.161347 -0.107093 -0.981070
vn -0.487153 0.096648 -0.867952
vn 0.179237 0.085767 -0.980060
vn -0.491394 -0.109034 -0.864085
vn 0.696668 0.487334 -0.526459
vn 0.656608 0.567770 -0.496490
vn 0.371762 0.526960 -0.764269
vn 0.078526 0.496245 -0.864624
vn -0.075751 0.455432 -0.887042
vn 0.124327 0.531388 -0.837955
vn 0.572159 0.516192 -0.637322
vn 0.580119 0.659038 -0.478677
vn 0.292724 0.650145 -0.701159
vn 0.036057 0.564525 -0.824628
vn -0.051208 0.472998 -0.879574
vn 0.151889 0.495868 -0.855012
vn 0.540733 -0.012435 -0.841102
vn 0.638831 -0.406831 -0.652980
vn 0.757292 -0.484101 -0.438356
vn 0.807291 -0.543496 -0.229986
vn 0.438904 0.313655 -0.842012
vn 0.426582 -0.467302 -0.774375
vn 0.500666 -0.557814 -0.661950
vn 0.589888 -0.610964 -0.527973
vn 0.109022 0.331188 -0.937245
vn 0.013410 0.295653 -0.955201
vn 0.169377 0.309128 -0.935816
vn 0.094314 -0.348506 -0.932549
vn -0.008729 -0.208411 -0.978003
vn 0.149778 -0.123532 -0.980972
vn 0.106540 -0.505191 -0.856406
vn 0.165087 -0.525889 -0.834379
vn 0.148922 -0.664569 -0.732237
vn -0.082511 -0.492980 -0.866119
vn -0.186810 -0.546567 -0.816313
vn -0.073036 -0.435450 -0.897245
vn -0.091545 -0.395767 -0.913777
vn -0.103722 -0.483562 -0.869143
vn -0.066917 -0.621761 -0.780343
vn -0.071454 -0.483344 -0.872510
vn -0.050507 -0.206282 -0.977188
vn 0.162092 -0.010323 -0.986722
vn 0.316278 0.124961 -0.940400
vn 0.080167 -0.420605 -0.903695
vn 0.045842 -0.415182 -0.908583
vn 0.140350 -0.572250 -0.807980
vn 0.409253 -0.702991 -0.581649
vn 0.788148 -0.445779 -0.424387
vn 0.781326 -0.131372 -0.610141
vn 0.620331 -0.100768 -0.777840
vn 0.481997 0.096539 -0.870838
vn 0.615377 -0.788069 -0.016083
vn 0.910936 -0.256225 0.323334
vn -0.883929 0.147289 -0.443819
vn -0.852492 0.370305 -0.368960
vn -0.489502 0.351109 -0.798192
vn 0.988487 -0.033898 0.147457
vn 0.810678 -0.038305 -0.584238
vn 0.424943 -0.414108 0.804946
vn 0.476064 -0.707835 0.521855
vn 0.514049 -0.254715 0.819069
vn 0.642179 -0.096464 0.760461
vn 0.220728 -0.080829 0.971980
vn 0.742408 0.102592 0.662046
vn 0.238101 0.086961 0.967339
vn 0.771161 0.238631 0.590225
vn 0.108181 0.171920 0.979153
vn -0.985177 0.171367 -0.007714
vn -0.880483 0.184598 -0.436662
vn -0.992043 -0.045842 0.117261
vn -0.871093 -0.048318 -0.488736
vn -0.990435 -0.136720 0.018631
vn -0.855393 -0.185042 -0.483799
vn -0.857167 -0.235702 -0.457941
vn -0.816815 -0.270158 -0.509732
vn -0.018175 0.075654 -0.996969
vn 0.643335 -0.003365 -0.765578
vn 0.609085 -0.071919 -0.789838
vn 0.036633 0.926696 -0.374021
vn 0.159607 0.757494 -0.633031
vn 0.432667 0.867656 0.244892
vn 0.797757 0.599282 0.066663
vn 0.905021 0.406452 -0.125433
vn 0.375504 0.251493 -0.892047
vn -0.585088 -0.204321 -0.784809
vn 0.384429 -0.890606 -0.242972
vn -0.762004 0.019837 -0.647268
vn -0.694561 0.370951 -0.616426
vn -0.506629 0.244290 -0.826831
vn -0.440291 -0.014469 -0.897739
vn -0.584887 -0.154484 -0.796267
vn 0.965190 0.255126 0.057613
vn 0.979551 0.112439 0.166843
vn 0.954973 -0.046921 0.292959
vn 0.840816 -0.188799 0.507331
vn 0.578660 -0.693794 -0.428722
vn 0.523365 -0.553922 0.647503
vn 0.677941 -0.143597 0.720955
vn 0.589410 -0.568217 -0.574217
vn 0.753119 -0.192120 -0.629207
vn 0.877867 -0.069440 -0.473843
vn 0.659210 0.021188 -0.751661
vn 0.552098 0.008427 -0.833737
vn 0.497354 0.035970 -0.866802
vn 0.214962 0.017592 -0.976464
vn 0.114825 -0.036264 -0.992724
vn 0.600850 -0.178577 -0.779159
vn 0.545606 0.046079 -0.836774
vn 0.148019 0.220879 -0.964003
vn -0.788822 0.524691 0.320093
vn -0.568630 0.481963 0.666612
vn -0.800001 0.182363 0.571613
vn -0.997706 0.042924 0.052356
vn 0.201311 -0.075198 -0.976637
vn 0.360931 0.064855 -0.930335
vn 0.761521 0.503442 0.408207
vn 0.268586 0.574244 0.773373
vn 0.774047 0.381790 0.505062
vn 0.166282 0.340652 0.925368
vn 0.497907 -0.045555 -0.866033
vn 0.525769 -0.101505 -0.844549
vn 0.342320 -0.178774 -0.922419
vn 0.414616 -0.049389 -0.908655
vn 0.473659 -0.159217 -0.866197
vn 0.413888 -0.225074 -0.882065
vn 0.472365 -0.135420 -0.870938
vn 0.403821 -0.182438 -0.896463
vn 0.470741 -0.236529 -0.849975
vn 0.329892 -0.293915 -0.897098
vn 0.419565 -0.248363 -0.873087
vn 0.479379 -0.241281 -0.843789
vn 0.332574 0.086266 -0.939124
vn 0.474071 0.085057 -0.876369
vn 0.355306 -0.071794 -0.931989
vn 0.415729 -0.065328 -0.907139
vn 0.351240 -0.211418 -0.912104
vn 0.385139 -0.212272 -0.898114
vn 0.321642 -0.311127 -0.894286
vn 0.271109 -0.310585 -0.911064
vn 0.316868 0.581223 -0.749517
vn 0.362449 0.565245 -0.741032
vn 0.372917 0.463577 -0.803759
vn 0.470257 0.358975 -0.806223
vn 0.544586 0.422066 -0.724767
vn 0.559609 0.439932 -0.702352
vn 0.626020 0.335905 -0.703752
vn 0.113519 0.275499 -0.954575
vn 0.179790 0.159514 -0.970686
vn 0.447939 0.078144 -0.890643
vn 0.475166 0.130735 -0.870130
vn 0.343619 0.186903 -0.920322
vn 0.345075 0.266551 -0.899930
vn 0.166468 0.290502 -0.942283
vn 0.340084 0.269999 -0.900801
vn 0.418998 0.298220 -0.857616
vn 0.446118 0.452498 -0.772155
vn 0.507327 0.598472 -0.620041
vn 0.514320 0.590294 -0.622115
vn 0.478592 0.473333 -0.739531
vn 0.503658 0.324691 -0.800565
vn 0.561644 0.295176 -0.772934
vn 0.578833 0.269514 -0.769620
vn 0.542532 0.295451 -0.786364
vn 0.415096 0.294626 -0.860750
vn 0.422927 0.310146 -0.851436
vn 0.412230 0.304442 -0.858709
vn 0.478825 0.439999 -0.759689
vn 0.424506 0.504373 -0.751933
vn 0.356182 0.403817 -0.842654
vn 0.296083 0.461591 -0.836223
vn 0.432570 -0.411200 -0.802370
vn 0.441572 -0.547000 -0.711200
vn 0.415104 -0.581863 -0.699374
vn 0.427929 -0.502052 -0.751545
vn 0.413763 -0.301647 -0.858958
vn 0.573706 -0.284022 -0.768240
vn 0.453833 -0.278744 -0.846367
vn 0.642013 -0.237349 -0.729030
vn 0.537070 -0.248769 -0.806021
vn 0.598033 -0.269010 -0.754977
vn 0.443698 -0.236757 -0.864337
vn 0.467327 -0.228141 -0.854141
vn 0.500126 -0.229407 -0.835013
vn 0.360458 -0.380056 -0.851838
vn 0.279667 -0.232226 -0.931589
vn 0.367752 -0.210799 -0.905717
vn 0.401068 -0.224481 -0.888118
vn 0.409499 -0.245670 -0.878611
vn 0.453388 -0.342099 -0.823048
vn 0.418378 -0.338503 -0.842838
vn 0.359396 -0.361739 -0.860221
vn 0.293640 -0.389896 -0.872787
vn 0.252557 -0.387261 -0.886704
vn 0.859499 -0.062254 -0.507333
vn 0.642491 0.025324 -0.765874
vn 0.495275 0.043783 -0.867632
vn 0.459511 0.156480 -0.874279
vn 0.273724 0.287628 -0.917794
vn 0.709449 -0.702072 -0.061461
vn 0.478847 -0.692013 -0.540206
vn 0.498962 0.035109 -0.865913
vn 0.649371 0.152566 -0.745011
vn 0.781445 0.428373 -0.453697
vn 0.659644 0.707737 -0.252940
vn 0.503814 0.786971 -0.356157
vn 0.380198 0.654254 -0.653760
vn 0.301266 0.579842 -0.756982
vn 0.245434 0.381425 -0.891222
vn 0.233423 -0.089629 -0.968236
vn 0.247650 -0.453117 -0.856361
vn 0.300468 -0.511458 -0.805065
vn 0.146632 -0.123031 -0.981510
vn 0.224632 -0.624209 -0.748267
vn 0.308859 0.779002 -0.545675
vn 0.168402 0.546009 -0.820680
vn -0.042596 -0.193514 -0.980172
vn 0.000199 -0.765579 -0.643342
vn 0.024574 0.905429 -0.423785
vn -0.036244 0.672871 -0.738872
vn -0.179709 -0.199446 -0.963289
vn -0.165941 -0.754340 -0.635165
vn -0.216608 0.857358 -0.466924
vn -0.187631 0.635764 -0.748731
vn -0.181811 -0.177556 -0.967170
vn -0.168943 -0.717144 -0.676138
vn -0.189986 0.837120 -0.512968
vn -0.194624 0.566645 -0.800647
vn 0.452999 0.848829 -0.272546
vn 0.574024 0.808158 0.131821
vn 0.019321 0.985985 -0.165710
vn -0.337009 0.876745 -0.343136
vn -0.244399 0.838251 -0.487448
vn 0.147425 0.943729 0.296043
vn -0.529336 0.843398 0.092105
vn -0.626060 0.674636 -0.391044
vn 0.694973 0.703747 -0.147490
vn 0.628000 0.368883 -0.685230
vn 0.351978 0.056392 -0.934308
vn 0.267439 -0.003561 -0.963568
vn 0.331104 0.855563 -0.397972
vn -0.308904 0.861822 -0.402295
vn -0.383133 0.439986 -0.812170
vn 0.050362 0.871971 -0.486961
vn 0.027997 0.870636 -0.491131
vn 0.094305 0.838483 -0.536705
vn 0.199799 0.616183 -0.761839
vn -0.581638 0.394193 -0.711554
vn -0.297786 0.142171 -0.943987
vn 0.224412 0.318700 -0.920907
vn 0.092847 0.048687 -0.994489
vn 0.092943 0.008323 -0.995637
vn -0.158860 0.078659 -0.984163
vn -0.375975 0.183455 -0.908288
vn 0.177395 0.226915 -0.957622
vn 0.378698 -0.139665 -0.914922
vn 0.214759 -0.178330 -0.960248
vn 0.101534 -0.159641 -0.981940
vn -0.075731 -0.124603 -0.989312
vn -0.257675 -0.055707 -0.964624
vn 0.085045 -0.042786 -0.995458
vn 0.190006 -0.322462 -0.927317
vn 0.108301 -0.308647 -0.944991
vn -0.028603 -0.280609 -0.959396
vn -0.184441 -0.226617 -0.956361
vn 0.053060 -0.230293 -0.971674
vn 0.172025 -0.405176 -0.897909
vn 0.086533 -0.406223 -0.909668
vn -0.044403 -0.384418 -0.922091
vn -0.164605 -0.330491 -0.929345
vn 0.039991 -0.346782 -0.937093
vn 0.032147 0.553705 -0.832092
vn 0.055110 -0.225273 -0.972736
vn 0.060650 -0.741673 -0.668014
vn 0.379582 -0.758313 -0.529980
vn 0.561562 -0.808290 -0.176962
vn 0.494263 -0.859031 0.133308
vn 0.045246 -0.912910 -0.405646
vn -0.226556 -0.858392 -0.460255
vn -0.214759 -0.784505 -0.581748
vn 0.049204 -0.779708 -0.624207
vn 0.107476 -0.988423 0.107094
vn -0.409735 -0.896174 0.170261
vn -0.377885 -0.782234 -0.495290
vn 0.044684 -0.723588 -0.688784
vn 0.149001 -0.986897 -0.061905
vn -0.211851 -0.966257 -0.146516
vn -0.676904 -0.643613 -0.357161
vn -0.708425 -0.560445 0.428995
vn -0.476600 -0.714274 -0.512509
vn -0.850729 0.122773 -0.511065
vn -0.955460 -0.119260 0.269950
vn -0.698469 0.086968 -0.710336
vn -0.136189 0.192678 -0.971765
vn -0.630161 -0.469081 -0.618757
vn -0.630434 -0.234525 -0.739967
vn 0.050620 -0.091132 -0.994551
vn 0.109662 -0.334734 -0.935910
vn 0.212371 -0.551829 -0.806464
vn 0.511978 -0.767026 -0.386717
vn 0.818844 -0.495133 0.290411
vn 0.844041 -0.046365 -0.534271
vn 0.033483 0.159625 -0.986610
vn 0.152684 0.128666 -0.979864
vn 0.300426 0.125948 -0.945453
vn -0.422761 0.004197 -0.906232
vn -0.537065 -0.101958 -0.837357
vn -0.099294 0.057146 -0.993416
vn 0.028271 0.080855 -0.996325
vn 0.132761 0.109093 -0.985126
vn 0.276427 0.194198 -0.941210
vn -0.252265 0.100389 -0.962437
vn -0.418712 0.063705 -0.905882
vn -0.039751 0.086411 -0.995466
vn 0.046501 0.084719 -0.995319
vn 0.152468 0.086064 -0.984554
vn 0.295718 0.081093 -0.951827
vn 0.120694 -0.685359 -0.718134
vn 0.258913 -0.570225 -0.779620
vn 0.299992 -0.334669 -0.893309
vn 0.176998 -0.125792 -0.976139
vn 0.037752 0.070704 -0.996783
vn -0.027388 0.220840 -0.974926
vn -0.265593 0.236440 -0.934643
vn -0.011904 0.223350 -0.974666
vn -0.118163 0.265222 -0.956920
vn 0.044147 0.228232 -0.972605
vn 0.143666 0.202513 -0.968684
vn 0.266454 0.151375 -0.951886
vn 0.122210 0.332055 -0.935310
vn 0.006274 0.356468 -0.934287
vn -0.146934 0.352981 -0.924021
vn -0.035591 0.343775 -0.938377
vn 0.226520 0.568916 -0.790584
vn 0.246656 -0.319629 -0.914876
vn 0.173846 0.637985 -0.750168
vn 0.152676 -0.449100 -0.880340
vn -0.022311 0.679186 -0.733627
vn -0.078600 -0.492226 -0.866912
vn -0.163376 0.623349 -0.764686
vn -0.220816 -0.431691 -0.874576
vn -0.100951 0.529101 -0.842532
vn -0.149356 -0.411143 -0.899252
vn 0.106593 0.482920 -0.869153
vn 0.059789 -0.436695 -0.897621
vn 0.226000 0.892196 -0.391038
vn 0.217813 0.946150 -0.239495
vn -0.019532 0.980546 -0.195317
vn -0.178961 0.942019 -0.283855
vn -0.112569 0.897909 -0.425543
vn 0.125917 0.860496 -0.493652
vn 0.385753 0.892066 -0.235400
vn 0.328267 0.941810 0.072352
vn -0.006530 0.987897 0.154973
vn -0.315407 0.947301 0.056033
vn -0.195278 0.882288 -0.428292
vn 0.153697 0.861076 -0.484691
vn 0.641781 0.759046 -0.109395
vn 0.407672 0.898816 -0.161037
vn 0.075799 0.958379 -0.275252
vn -0.225345 0.938749 -0.260712
vn -0.694900 0.717618 -0.046248
vn -0.617754 0.764507 -0.184142
vn -0.249158 0.812796 -0.526577
vn 0.278282 0.808123 -0.519130
vn 0.764269 0.434758 -0.476318
vn 0.432970 0.483833 -0.760554
vn 0.066543 0.455852 -0.887565
vn -0.076859 0.374782 -0.923922
vn -0.459560 0.331909 -0.823797
vn -0.860967 0.312573 -0.401291
vn -0.441378 0.603479 -0.664077
vn 0.483328 0.560055 -0.672854
vn -0.458212 0.277754 -0.844331
vn -0.526998 0.096245 -0.844400
vn 0.421346 0.256306 -0.869928
vn -0.200330 -0.011610 -0.979660
vn 0.501213 0.086552 -0.860985
vn 0.213875 -0.004867 -0.976849
vn 0.025306 -0.029993 -0.999230
vn -0.049200 -0.033425 -0.998230
vn 0.270125 -0.063873 -0.960704
vn 0.112899 -0.053131 -0.992185
vn 0.028136 -0.037436 -0.998903
vn -0.055824 -0.028179 -0.998043
vn -0.104221 -0.038596 -0.993805
vn -0.261569 -0.034269 -0.964576
vn -0.308170 0.013295 -0.951238
vn 0.197141 0.002739 -0.980371
vn 0.164234 -0.231047 -0.958981
vn 0.072587 -0.219266 -0.972961
vn 0.029688 -0.197623 -0.979829
vn -0.050764 -0.182354 -0.981922
vn -0.098042 -0.202665 -0.974328
vn -0.177309 -0.204861 -0.962597
vn -0.198637 -0.175558 -0.964221
vn 0.084703 -0.163882 -0.982837
vn 0.103049 -0.340765 -0.934484
vn 0.032855 -0.343969 -0.938406
vn -0.002687 -0.332146 -0.943224
vn -0.058522 -0.295226 -0.953633
vn -0.105185 -0.327452 -0.938995
vn -0.113485 -0.324046 -0.939210
vn -0.061088 -0.303259 -0.950948
vn 0.061292 -0.266674 -0.961836
vn 0.042009 -0.310450 -0.949661
vn 0.125628 -0.196638 -0.972395
vn 0.019551 -0.881782 -0.471251
vn -0.175852 -0.880902 -0.439418
vn -0.229714 -0.907606 -0.351402
vn 0.248904 -0.789805 -0.560585
vn 0.182494 -0.892945 -0.411515
vn -0.059762 -0.947758 -0.313343
vn -0.297552 -0.887044 -0.353009
vn -0.014121 -0.873106 -0.487326
vn -0.303844 -0.933334 -0.191226
vn 0.011238 -0.989078 -0.146962
vn 0.330368 -0.908312 -0.256567
vn 0.340978 -0.805703 -0.484332
vn -0.279680 -0.954433 0.104097
vn 0.072301 -0.985934 0.150685
vn 0.393693 -0.906277 0.153842
vn 0.455207 -0.762829 -0.459216
vn -0.059568 -0.837958 -0.542475
vn -0.537692 -0.842339 -0.036789
vn 0.626031 -0.686416 -0.370025
vn 0.778427 -0.557066 0.289359
vn 0.054739 -0.841651 -0.537240
vn -0.200398 -0.900021 -0.387043
vn 0.433245 -0.748661 -0.501802
vn 0.901956 -0.379476 -0.206093
vn 0.887312 -0.354589 -0.294865
vn 0.835957 -0.101051 -0.539411
vn 0.591729 0.015559 -0.805987
vn 0.575714 0.022434 -0.817344
vn 0.288038 0.144910 -0.946591
vn -0.855600 -0.512052 -0.075833
vn -0.080354 -0.752166 -0.654056
vn -0.489577 -0.870303 -0.053727
vn -0.599942 -0.359329 -0.714809
vn -0.414504 0.042300 -0.909064
vn -0.823239 -0.242109 -0.513479
vn 0.075445 -0.510634 -0.856481
vn 0.174768 -0.201537 -0.963763
vn -0.539901 -0.197493 -0.818232
vn -0.260857 -0.023646 -0.965088
vn -0.124356 -0.208546 -0.970074
vn 0.018430 -0.114919 -0.993204
vn 0.183404 -0.028339 -0.982629
vn -0.079817 0.098265 -0.991954
vn 0.053130 0.119639 -0.991395
vn 0.121872 0.150862 -0.981014
vn -0.040143 0.066752 -0.996962
vn 0.066714 0.104568 -0.992278
vn 0.136712 0.114443 -0.983978
vn 0.234229 0.113015 -0.965590
vn 0.414688 0.101036 -0.904337
vn 0.089216 0.019503 -0.995821
vn -0.422862 -0.042363 -0.905203
vn -0.178640 0.127353 -0.975638
vn -0.024497 0.186981 -0.982058
vn 0.064499 0.217723 -0.973877
vn 0.285158 0.229375 -0.930630
vn 0.193903 0.237172 -0.951920
vn 0.111849 0.228451 -0.967109
vn -0.023501 0.253065 -0.967164
vn -0.040295 0.299885 -0.953124
vn 0.058797 0.339839 -0.938644
vn 0.094491 0.350271 -0.931870
vn 0.158384 0.353859 -0.921791
vn 0.206312 0.336379 -0.918850
vn 0.224352 0.529667 -0.817997
vn 0.185152 -0.491685 -0.850861
vn 0.053211 0.644384 -0.762849
vn 0.050199 -0.566831 -0.822304
vn -0.171540 0.639744 -0.749201
vn -0.128462 -0.588187 -0.798457
vn -0.262330 0.552544 -0.791125
vn -0.220079 -0.557455 -0.800505
vn -0.121983 0.547254 -0.828030
vn -0.143605 -0.507595 -0.849544
vn 0.075586 0.568471 -0.819224
vn 0.110276 -0.545410 -0.830883
vn 0.266167 0.861466 -0.432471
vn 0.094706 0.934289 -0.343707
vn -0.090796 0.870504 -0.483713
vn 0.099102 0.855466 -0.508288
vn -0.239240 0.900480 -0.363181
vn -0.152346 0.936937 -0.314547
vn 0.383040 0.865359 -0.323161
vn 0.212013 0.969707 -0.121319
vn -0.113397 0.993385 -0.018109
vn -0.304723 0.952291 -0.016910
vn -0.144960 0.911961 -0.383814
vn 0.100172 0.880620 -0.463113
vn 0.662327 0.747587 0.049364
vn 0.294072 0.953907 0.059851
vn -0.038033 0.997870 -0.052992
vn -0.233104 0.807269 -0.542199
vn 0.156676 0.768182 -0.620765
vn -0.616281 0.782046 0.092747
vn -0.220227 0.975179 -0.022953
vn 0.884392 0.387928 -0.259542
vn 0.483263 0.600242 -0.637312
vn 0.006761 0.603099 -0.797638
vn -0.115318 0.544554 -0.830761
vn -0.622470 0.776674 -0.096478
vn -0.218316 0.424649 -0.878642
vn 0.190238 0.626051 -0.756220
vn -0.462359 0.651111 -0.601896
vn -0.925086 0.374992 -0.059979
vn -0.879664 0.223253 -0.419939
vn -0.266955 0.047750 -0.962525
vn 0.538691 0.078732 -0.838816
vn 0.240898 -0.031824 -0.970029
vn 0.036759 -0.027384 -0.998949
vn -0.070681 -0.006623 -0.997477
vn -0.603233 0.343873 -0.719626
vn 0.130062 0.340747 -0.931115
vn -0.561071 0.177927 -0.808419
vn 0.259263 -0.042279 -0.964881
vn 0.092774 -0.030703 -0.995214
vn 0.027285 -0.022801 -0.999368
vn -0.060563 -0.007538 -0.998136
vn -0.139414 0.020002 -0.990032
vn -0.332004 0.061146 -0.941294
vn -0.516357 0.074444 -0.853131
vn -0.105697 0.060346 -0.992566
vn 0.043642 -0.186530 -0.981479
vn -0.003703 -0.165564 -0.986192
vn -0.066038 -0.168519 -0.983484
vn -0.116005 -0.168728 -0.978812
vn -0.218470 -0.102929 -0.970400
vn -0.311904 -0.163821 -0.935884
vn -0.193378 -0.155198 -0.968772
vn 0.010747 -0.309090 -0.950972
vn -0.022454 -0.275676 -0.960988
vn -0.090669 -0.296268 -0.950792
vn -0.177582 -0.294058 -0.939146
vn -0.201460 -0.285065 -0.937098
vn 0.127999 -0.872298 -0.471924
vn -0.075609 -0.904409 -0.419913
vn -0.153779 -0.929345 -0.335663
vn -0.070898 -0.956047 -0.284514
vn 0.088866 -0.935439 -0.342135
vn 0.154055 -0.888876 -0.431470
vn -0.161549 -0.932886 -0.321909
vn 0.120747 -0.890803 -0.438053
vn -0.256584 -0.958770 -0.122165
vn -0.093935 -0.995453 0.015820
vn 0.234227 -0.963785 -0.127497
vn 0.260496 -0.877363 -0.402959
vn 0.070561 -0.730807 -0.678927
vn -0.377310 -0.847082 -0.374285
vn -0.484247 -0.872863 0.060131
vn -0.095787 -0.972105 0.214094
vn 0.291621 -0.938545 0.184638
vn 0.563107 -0.816693 -0.126190
vn 0.806325 -0.528869 -0.264836
vn 0.686471 -0.181142 -0.704234
vn 0.470722 -0.082972 -0.878372
vn 0.260674 0.060583 -0.963524
vn 0.102126 0.226002 -0.968759
vn -0.067892 -0.925380 -0.372910
vn 0.204787 -0.917413 -0.341199
vn -0.399864 -0.892982 -0.206622
vn -0.556299 -0.708994 -0.433427
vn -0.805106 -0.546148 -0.231359
vn 0.285667 -0.719890 -0.632576
vn -0.507013 -0.393354 -0.766949
vn -0.706848 -0.259035 -0.658230
vn -0.395669 -0.038178 -0.917599
vn -0.634383 -0.517709 -0.574052
vn 0.426443 -0.383970 -0.818971
vn 0.595891 -0.802716 -0.023682
vn 0.588545 -0.381936 -0.712558
vn 0.263764 0.109274 -0.958378
vn 0.181413 -0.023031 -0.983137
vn 0.125966 0.057623 -0.990360
vn 0.073194 0.209131 -0.975144
vn -0.063393 -0.284627 -0.956540
vn 0.077733 -0.321145 -0.943834
vn -0.079387 0.076369 -0.993914
vn 0.018285 0.101311 -0.994687
vn 0.023273 -0.003407 -0.999723
vn -0.074230 -0.025382 -0.996918
vn -0.343894 -0.114521 -0.931999
vn -0.149504 -0.164447 -0.974990
vn -0.177670 -0.022978 -0.983822
vn -0.278711 0.021147 -0.960142
vn -0.064215 0.079638 -0.994753
vn 0.018252 0.081479 -0.996508
vn 0.002228 0.219250 -0.975666
vn -0.055373 0.222608 -0.973334
vn -0.184956 0.190741 -0.964059
vn -0.174672 0.139176 -0.974741
vn 0.112502 0.696834 -0.708354
vn 0.171324 -0.663560 -0.728242
vn -0.003546 0.800556 -0.599247
vn 0.013031 -0.701046 -0.712997
vn -0.120304 0.772347 -0.623704
vn -0.192787 -0.607047 -0.770926
vn -0.117231 0.695420 -0.708976
vn -0.187581 -0.484524 -0.854430
vn 0.057835 0.680275 -0.730672
vn 0.019614 -0.508048 -0.861105
vn 0.162318 0.890366 -0.425324
vn 0.074178 0.960810 -0.267101
vn -0.148559 0.954408 -0.258911
vn -0.184132 0.894099 -0.408268
vn 0.010111 0.837624 -0.546154
vn 0.329273 0.907688 -0.260156
vn 0.206970 0.977272 0.045848
vn -0.126106 0.988021 0.088947
vn -0.413911 0.905414 -0.094363
vn -0.053118 0.831448 -0.553058
vn 0.691534 0.715837 -0.096743
vn 0.880802 0.217438 -0.420605
vn 0.490157 0.085088 -0.867471
vn 0.166772 -0.018488 -0.985822
vn 0.001805 -0.161404 -0.986887
vn -0.061161 -0.284023 -0.956865
vn 0.376624 0.901251 0.214244
vn 0.027321 0.987560 0.154852
vn -0.145983 0.952009 0.269013
vn -0.731977 0.628671 -0.262645
vn -0.109543 0.681378 -0.723688
vn -0.571948 0.807488 -0.144355
vn -0.774384 0.346395 -0.529471
vn -0.192652 0.825894 -0.529891
vn -0.011999 0.634243 -0.773041
vn 0.347316 0.782400 -0.516935
vn 0.801463 0.528175 -0.280514
vn 0.624517 -0.033913 -0.780275
vn 0.144412 -0.059655 -0.987718
vn -0.002984 -0.054116 -0.998530
vn -0.057236 -0.179509 -0.982090
vn -0.066836 -0.276932 -0.958562
vn -0.147763 0.436800 -0.887340
vn -0.646406 0.342023 -0.682040
vn -0.474165 0.098342 -0.874926
vn -0.027768 -0.018540 -0.999443
vn -0.076382 0.001332 -0.997078
vn -0.191068 0.029764 -0.981126
vn -0.032386 -0.080429 -0.996234
vn -0.094943 -0.077517 -0.992460
vn -0.179062 -0.058948 -0.982070
vn -0.054214 -0.072793 -0.995872
vn -0.100513 -0.069498 -0.992506
vn -0.152642 -0.048648 -0.987084
vn -0.255002 -0.010458 -0.966884
vn -0.445691 0.079694 -0.891633
vn -0.182264 0.099659 -0.978186
vn -0.071784 -0.170528 -0.982735
vn -0.106424 -0.162122 -0.981015
vn -0.142636 -0.161984 -0.976430
vn -0.202611 -0.146719 -0.968206
vn -0.341088 -0.100600 -0.934633
vn -0.211051 -0.112907 -0.970932
vn -0.076451 -0.258403 -0.963008
vn -0.129112 -0.273080 -0.953288
vn -0.157527 -0.278104 -0.947546
vn -0.182275 -0.261191 -0.947922
vn -0.274111 -0.264145 -0.924711
vn -0.227640 -0.282725 -0.931798
vn 0.195888 -0.894429 -0.402025
vn 0.058534 -0.940069 -0.335922
vn -0.168707 -0.918291 -0.358162
vn -0.199196 -0.857841 -0.473741
vn 0.004523 -0.869982 -0.493063
vn -0.066931 -0.907363 -0.414985
vn -0.265189 -0.925295 -0.271118
vn -0.144845 -0.984072 -0.103068
vn 0.105046 -0.990981 -0.083196
vn 0.236442 -0.892334 -0.384493
vn 0.315075 -0.727846 -0.609071
vn 0.523744 -0.850970 -0.039274
vn 0.005569 -0.984365 0.176054
vn 0.091818 -0.984596 0.148796
vn -0.417843 -0.907685 0.038936
vn -0.228703 -0.835805 -0.499124
vn 0.538498 -0.813243 0.220583
vn 0.748336 -0.655223 -0.103324
vn 0.880826 -0.433868 0.189484
vn 0.621255 -0.239499 -0.746112
vn 0.570959 -0.160030 -0.805231
vn -0.720147 -0.686278 -0.102033
vn -0.689007 -0.463310 -0.557328
vn -0.421878 -0.899993 -0.109690
vn -0.055950 -0.781552 -0.621326
vn 0.027001 -0.535414 -0.844158
vn -0.343918 -0.768938 -0.538939
vn -0.724715 -0.375010 -0.578062
vn -0.427986 -0.045785 -0.902625
vn -0.336310 -0.538060 -0.772908
vn -0.122141 -0.001146 -0.992512
vn 0.027676 0.075522 -0.996760
vn 0.185985 0.020892 -0.982331
vn -0.110440 0.102884 -0.988543
vn 0.029199 0.090677 -0.995452
vn 0.078633 0.027529 -0.996523
vn 0.006688 0.157538 -0.987490
vn -0.010409 0.058170 -0.998252
vn -0.034021 0.152972 -0.987645
vn -0.092762 0.050936 -0.994385
vn -0.083586 0.129098 -0.988103
vn -0.259401 -0.027332 -0.965383
vn -0.214273 0.084504 -0.973112
vn -0.483044 -0.180858 -0.856714
vn -0.320801 0.029530 -0.946686
vn -0.240469 -0.258421 -0.935625
vn -0.170165 -0.078605 -0.982276
vn 0.119736 0.728009 -0.675030
vn 0.088522 -0.603108 -0.792733
vn -0.063173 0.750619 -0.657708
vn -0.072578 -0.666000 -0.742413
vn -0.254240 0.675840 -0.691811
vn -0.229206 -0.612467 -0.756537
vn -0.248572 0.570078 -0.783086
vn -0.227129 -0.562473 -0.795007
vn -0.057425 0.482084 -0.874241
vn -0.022653 -0.566396 -0.823822
vn 0.188305 0.836744 -0.514199
vn 0.021711 0.921083 -0.388760
vn -0.228524 0.897065 -0.378221
vn -0.268731 0.797885 -0.539595
vn -0.077122 0.733057 -0.675780
vn 0.417905 0.852052 -0.315218
vn 0.174415 0.983829 0.040746
vn -0.214066 0.976616 -0.019915
vn -0.351991 0.907168 -0.230540
vn -0.166596 0.837771 -0.519986
vn 0.734716 0.379664 -0.562181
vn 0.480190 0.102838 -0.871115
vn -0.474002 0.880376 0.016151
vn -0.407972 0.850689 -0.331492
vn -0.260038 0.965588 -0.004506
vn 0.057145 0.995867 -0.070588
vn 0.542709 0.835882 -0.082269
vn 0.626992 0.193516 -0.754608
vn 0.241748 -0.108405 -0.964265
vn -0.697467 0.611590 -0.373494
vn -0.648371 0.654195 -0.389415
vn -0.403595 0.532396 -0.744087
vn -0.065487 0.371631 -0.926068
vn -0.081330 -0.107797 -0.990841
vn -0.266495 -0.068279 -0.961415
vn -0.546245 0.123151 -0.828523
vn -0.641671 0.340631 -0.687190
vn 0.109765 0.771720 -0.626418
vn 0.071579 0.738832 -0.670077
vn 0.083348 0.747094 -0.659473
vn 0.038555 0.647155 -0.761383
vn -0.183469 0.352357 -0.917705
vn 0.138957 -0.000075 -0.990299
vn -0.021661 -0.065671 -0.997606
vn -0.132989 -0.092443 -0.986797
vn -0.182248 -0.090222 -0.979105
vn -0.316039 -0.029811 -0.948278
vn -0.497333 0.068874 -0.864822
vn -0.330825 0.086412 -0.939727
vn -0.040941 -0.150736 -0.987726
vn -0.126155 -0.142932 -0.981659
vn -0.166095 -0.147900 -0.974955
vn -0.172966 -0.156380 -0.972434
vn -0.247783 -0.145040 -0.957897
vn -0.385245 -0.110825 -0.916135
vn -0.334893 -0.094365 -0.937519
vn -0.136611 -0.294034 -0.945982
vn -0.162686 -0.263961 -0.950714
vn -0.176064 -0.263853 -0.948358
vn -0.186740 -0.255726 -0.948542
vn -0.233664 -0.232782 -0.944041
vn -0.302900 -0.237709 -0.922901
vn -0.314284 -0.245322 -0.917084
vn -0.032538 -0.829667 -0.557309
vn -0.206583 -0.853521 -0.478357
vn -0.208700 -0.918481 -0.335912
vn -0.007941 -0.959545 -0.281442
vn 0.131661 -0.900773 -0.413852
vn -0.098637 -0.845230 -0.525221
vn -0.359003 -0.933210 -0.015353
vn -0.157570 -0.981189 0.111537
vn 0.080357 -0.988823 0.125588
vn 0.336813 -0.934642 -0.114020
vn 0.633990 -0.681594 -0.365358
vn 0.772317 -0.373271 -0.514000
vn 0.494211 -0.306857 -0.813385
vn 0.249026 -0.048282 -0.967293
vn 0.022958 0.092468 -0.995451
vn 0.085429 -0.983470 -0.159652
vn 0.522148 -0.852579 -0.021717
vn 0.675151 -0.305146 -0.671608
vn 0.499663 0.065485 -0.863741
vn 0.483241 0.058755 -0.873514
vn 0.057519 0.063998 -0.996291
vn -0.047005 0.127854 -0.990679
vn -0.125139 -0.989070 -0.077982
vn -0.377877 -0.921715 0.087468
vn -0.158056 -0.741481 -0.652093
vn -0.630433 -0.770284 -0.095999
vn -0.681804 -0.530066 -0.504156
vn -0.233731 -0.499669 -0.834087
vn -0.779971 -0.424385 -0.459937
vn -0.651810 -0.189606 -0.734298
vn -0.218740 -0.243495 -0.944914
vn -0.044790 -0.217185 -0.975102
vn -0.223607 0.060507 -0.972800
vn -0.085178 0.080267 -0.993127
vn -0.576875 -0.110338 -0.809346
vn -0.435592 -0.015897 -0.900004
vn -0.201872 0.080149 -0.976127
vn -0.122951 0.108135 -0.986504
vn -0.363364 -0.243887 -0.899158
vn 0.061050 0.469364 -0.880892
vn 0.107765 -0.806942 -0.580717
vn 0.093938 -0.594369 -0.798687
vn 0.124678 -0.789528 -0.600916
vn 0.472566 -0.651412 -0.593585
vn 0.583567 -0.118184 -0.803419
vn -0.099183 0.100167 -0.990015
vn -0.074327 0.474752 -0.876976
vn -0.060898 -0.541651 -0.838394
vn -0.242166 0.429182 -0.870149
vn -0.238973 -0.437631 -0.866817
vn -0.197800 0.375440 -0.905494
vn -0.179342 -0.341987 -0.922432
vn -0.103844 0.411160 -0.905629
vn -0.092935 -0.300547 -0.949228
vn -0.067444 -0.627948 -0.775328
vn -0.214723 -0.709643 -0.671045
vn -0.199739 -0.842829 -0.499744
vn 0.016652 -0.849849 -0.526763
vn -0.098763 -0.729608 -0.676696
vn -0.327157 -0.930264 -0.166067
vn -0.071463 -0.996693 -0.038679
vn 0.232388 -0.915690 -0.327883
vn 0.080012 -0.996786 0.003954
vn 0.593750 -0.789665 -0.154566
vn 0.435247 -0.195086 -0.878921
vn 0.139262 0.246897 -0.958983
vn -0.324156 -0.934236 0.148746
vn -0.571369 -0.482812 -0.663649
vn -0.563621 -0.811902 -0.152139
vn -0.142489 -0.671814 -0.726886
vn -0.766783 -0.487497 -0.417600
vn -0.179749 -0.324442 -0.928670
vn -0.675906 -0.162206 -0.718916
vn -0.028793 -0.401565 -0.915378
vn -0.223063 0.136655 -0.965178
vn -0.234412 0.187101 -0.953962
vn -0.408004 0.144022 -0.901549
vn -0.589758 -0.076345 -0.803963
vn -0.320782 -0.032931 -0.946580
vn 0.050884 0.843766 -0.534293
vn -0.213489 0.856026 -0.470788
vn -0.263600 0.717567 -0.644680
vn -0.104212 0.668872 -0.736037
vn 0.294517 0.875435 -0.383240
vn -0.021580 0.996923 -0.075363
vn -0.368546 0.923324 -0.107920
vn -0.143153 0.813132 -0.564202
vn 0.628214 0.673982 -0.388709
vn 0.346684 0.928919 -0.130075
vn -0.282510 0.950443 0.129790
vn -0.522143 0.849845 0.071623
vn -0.197243 0.827293 -0.526005
vn -0.637808 0.759166 -0.129875
vn 0.695069 0.325189 -0.641195
vn 0.363533 0.514792 -0.776423
vn -0.155750 0.716466 -0.680013
vn -0.371400 0.144828 -0.917108
vn -0.742352 0.634998 -0.213754
vn -0.151065 0.576671 -0.802889
vn -0.810694 0.297701 -0.504133
vn -0.327031 -0.119464 -0.937432
vn 0.381812 -0.002344 -0.924237
vn 0.106692 -0.137309 -0.984766
vn 0.010170 -0.080766 -0.996681
vn -0.069830 -0.179337 -0.981306
vn -0.171887 0.126940 -0.976904
vn -0.555361 0.217971 -0.802535
vn -0.510781 0.015077 -0.859579
vn -0.196732 -0.134957 -0.971125
vn -0.170913 -0.185146 -0.967734
vn -0.245129 -0.161431 -0.955956
vn -0.278746 -0.260461 -0.924371
vn -0.248472 -0.275960 -0.928498
vn -0.276297 -0.261811 -0.924724
vn -0.347472 -0.195605 -0.917062
vn -0.449591 -0.026674 -0.892836
vn -0.269212 -0.136078 -0.953419
vn -0.178016 0.502297 -0.846173
vn -0.224229 -0.255194 -0.940530
vn -0.394803 0.500228 -0.770651
vn -0.433768 -0.164846 -0.885817
vn -0.350702 0.466187 -0.812205
vn -0.366712 -0.150234 -0.918124
vn -0.126429 0.594417 -0.794156
vn -0.241729 -0.186008 -0.952349
vn -0.011024 0.790346 -0.612561
vn -0.265642 0.888549 -0.374051
vn -0.314366 0.810887 -0.493594
vn -0.016161 0.798878 -0.601276
vn 0.315490 0.847062 -0.427729
vn 0.156602 0.983805 0.087198
vn -0.302543 0.945113 0.123403
vn -0.181252 0.960236 -0.212354
vn 0.540969 0.575623 -0.613197
vn 0.435135 0.806836 -0.399591
vn -0.421212 0.862516 -0.280441
vn -0.632337 0.641213 -0.434737
vn 0.455619 0.043814 -0.889096
vn 0.324133 -0.044048 -0.944986
vn -0.300839 -0.091663 -0.949260
vn -0.297359 -0.142010 -0.944146
vn 0.042640 -0.241969 -0.969347
vn -0.158614 -0.224441 -0.961493
vn -0.447835 0.047033 -0.892878
vn -0.389977 0.408004 -0.825500
vn 0.192410 0.735563 -0.649558
vn 0.204991 0.846927 -0.490605
vn -0.093222 0.840498 -0.533735
vn -0.398165 0.026582 -0.916929
vn -0.330751 0.167375 -0.928757
vn 0.033936 0.579308 -0.814402
vn -0.016458 0.950383 -0.310648
vn -0.322656 0.867900 -0.377681
vn -0.390302 -0.056988 -0.918921
vn -0.496447 0.091744 -0.863206
vn -0.094066 -0.630543 -0.770433
vn 0.175991 -0.712538 -0.679203
vn 0.488901 -0.508375 -0.708894
vn 0.425122 -0.036609 -0.904395
vn -0.133208 0.156075 -0.978722
vn -0.403916 -0.599312 -0.691142
vn -0.151368 -0.919086 -0.363825
vn 0.475813 -0.779368 -0.407661
vn -0.165816 -0.744512 -0.646690
vn -0.097646 -0.615680 -0.781923
vn -0.335781 -0.529737 -0.778864
vn 0.137706 -0.841873 -0.521811
vn -0.049927 -0.849390 -0.525399
vn -0.339945 -0.878065 -0.336806
vn -0.322195 -0.944243 -0.067795
vn 0.135482 -0.785397 -0.603984
vn -0.193874 -0.934601 -0.298219
vn 0.395680 -0.226550 -0.890007
vn -0.356499 -0.765321 -0.535903
vn -0.605502 -0.646904 -0.463554
vn -0.313600 -0.484113 -0.816878
vn -0.036195 0.412470 -0.910252
vn -0.399574 0.248719 -0.882315
vn -0.381936 0.050988 -0.922781
vn -0.383673 -0.125985 -0.914835
vn -0.500345 -0.665178 -0.554250
vn -0.343829 -0.905506 -0.248676
vn -0.146138 -0.853004 -0.501027
vn 0.045296 -0.189521 -0.980831
vn -0.156659 0.001971 -0.987651
vn -0.549697 -0.282170 -0.786266
vn -0.620618 -0.779487 -0.085052
vn -0.488165 0.008308 -0.872712
vn -0.519732 -0.813367 -0.261367
vn -0.407200 -0.597462 -0.690816
vn -0.332342 0.124374 -0.934923
vn -0.226360 0.687010 -0.690491
vn -0.413295 0.900593 -0.134608
vn -0.016939 0.875013 -0.483802
vn -0.673484 0.736000 -0.068727
vn -0.743076 0.475917 -0.470470
vn -0.578102 0.244246 -0.778551
vn -0.382277 0.042181 -0.923084
vn 0.268097 0.864149 -0.425876
vn -0.561271 0.762762 -0.321197
vn -0.465133 0.500326 -0.730291
vn -0.336382 0.043336 -0.940728
vn 0.386199 0.444139 -0.808450
vn -0.101232 -0.051432 -0.993533
vn -0.263925 -0.838324 -0.477029
vn -0.539179 -0.816050 -0.208203
vn -0.836276 -0.452667 -0.309413
vn -0.657161 -0.220740 -0.720703
vn -0.179512 -0.619462 -0.764227
vn -0.225572 0.126706 -0.965952
vn -0.079964 0.700527 -0.709132
vn 0.301129 0.865783 -0.399676
vn 0.741021 0.575362 -0.346188
vn 0.977003 0.186994 -0.102460
vn 0.712821 -0.134892 -0.688251
vn 0.266224 -0.339160 -0.902272
vn -0.171644 -0.204938 -0.963607
vn 0.268345 -0.508576 -0.818133
vn -0.121800 -0.060863 -0.990687
vn 0.544248 -0.614558 -0.571063
vn 0.479254 -0.697614 -0.532589
vn -0.018516 -0.797716 -0.602749
vn -0.282181 -0.087568 -0.955356
vn -0.102556 0.665030 -0.739742
vn 0.227550 0.957454 -0.177490
vn -0.190387 -0.314098 -0.930105
vn -0.242988 -0.229292 -0.942540
vn -0.178454 -0.081272 -0.980586
vn 0.968976 0.246665 -0.015582
vn 0.953241 0.203796 -0.223156
vn 0.842428 0.528588 0.104451
vn 0.724052 0.415661 -0.550432
vn 0.199903 0.564268 -0.801024
vn -0.224470 -0.286534 -0.931403
vn -0.200067 -0.346590 -0.916432
vn -0.112271 -0.119724 -0.986439
vn 0.071086 0.237723 -0.968728
vn 0.564100 -0.037401 -0.824859
vn 0.228325 0.132358 -0.964546
vn 0.895424 -0.194393 -0.400533
vn 0.919255 -0.287994 -0.268384
vn 0.755789 -0.651524 -0.065573
vn 0.013997 -0.886553 -0.462415
vn 0.307161 -0.933759 0.183702
vn -0.065237 -0.239310 -0.968749
vn 0.157943 0.552713 -0.818268
vn 0.485983 0.856776 -0.172498
vn 0.516552 0.719081 0.464863
vn 0.613957 0.701885 0.361129
vn 0.603379 0.388882 -0.696208
vn 0.625902 0.623439 -0.468584
vn 0.418921 -0.045756 -0.906869
vn 0.885768 0.021040 -0.463652
vn 0.420748 0.124721 -0.898563
vn 0.143082 0.223973 -0.964035
vn 0.582064 -0.103527 -0.806526
vn 0.656038 -0.248883 -0.712511
vn 0.295534 0.294125 -0.908928
vn 0.534924 -0.105118 -0.838336
vn 0.627513 -0.267641 -0.731160
vn 0.446998 -0.128301 -0.885286
vn 0.938085 -0.085783 -0.335615
vn 0.960951 -0.131025 -0.243733
vn 0.496889 -0.443911 0.745684
vn 0.881954 -0.206743 0.423572
vn 0.927659 0.034177 0.371861
vn 0.518331 0.302977 0.799711
vn 0.539686 -0.067392 0.839165
vn 0.834070 -0.017960 0.551367
vn 0.994108 -0.015519 -0.107278
vn 0.831534 0.429627 0.352096
vn 0.962678 -0.164936 0.214586
vn 0.782800 -0.602485 0.155683
vn 0.529501 -0.846329 0.057938
vn 0.529454 -0.745209 -0.405392
vn 0.607511 -0.216801 -0.764152
vn 0.748366 0.185471 -0.636827
vn 0.898805 0.418275 -0.131134
vn 0.981648 0.190132 0.014726
vn 0.920472 -0.308452 -0.239977
vn -0.214306 -0.305413 -0.927791
vn -0.209692 -0.362007 -0.908284
vn -0.329105 -0.021941 -0.944038
vn -0.318003 0.104014 -0.942367
vn -0.237538 0.005212 -0.971364
vn -0.243521 -0.052024 -0.968500
vn -0.175659 0.219392 -0.959693
vn -0.154252 0.336733 -0.928880
vn -0.180363 0.273474 -0.944818
vn -0.312305 0.037966 -0.949223
vn -0.362736 0.098535 -0.926668
vn -0.199733 0.227336 -0.953113
vn -0.285916 0.184641 -0.940298
vn -0.351257 0.111774 -0.929583
vn -0.350455 0.082938 -0.932900
vn -0.303738 0.204262 -0.930602
vn -0.249988 0.219278 -0.943092
vn -0.267994 0.214070 -0.939337
vn -0.347569 0.212283 -0.913308
vn -0.267850 0.207028 -0.940955
vn -0.331659 0.157029 -0.930239
vn -0.351968 0.176809 -0.919161
vn -0.194660 0.227815 -0.954048
vn -0.142339 0.234974 -0.961523
vn -0.097996 0.209471 -0.972892
vn -0.193416 0.214545 -0.957372
vn -0.193736 0.234765 -0.952550
vn -0.079908 0.262441 -0.961634
vn -0.051297 0.295394 -0.953997
vn -0.061041 0.282223 -0.957405
vn -0.152113 0.235381 -0.959926
vn -0.141330 0.330841 -0.933043
vn -0.065632 0.365814 -0.928371
vn -0.011891 0.363155 -0.931653
vn 0.043403 0.330131 -0.942937
vn 0.055269 0.372331 -0.926453
vn 0.010679 0.391822 -0.919979
vn -0.051360 0.390034 -0.919367
vn 0.013852 0.441229 -0.897288
vn 0.070323 0.450377 -0.890065
vn 0.137674 0.434304 -0.890183
vn 0.166415 0.400485 -0.901065
vn 0.008865 0.447841 -0.894069
vn -0.100613 0.434329 -0.895118
vn 0.002638 0.453159 -0.891426
vn 0.094933 0.445766 -0.890102
vn 0.236810 0.402413 -0.884299
vn 0.304566 0.372745 -0.876528
vn 0.305131 0.333236 -0.892104
vn 0.321266 0.294060 -0.900176
vn 0.313751 0.249366 -0.916175
vn 0.281218 0.267384 -0.921641
vn 0.324247 0.307725 -0.894522
vn 0.256114 0.379626 -0.888983
vn 0.185891 0.463491 -0.866384
vn -0.170973 0.030475 -0.984804
vn -0.155540 -0.204795 -0.966368
vn -0.217194 -0.304538 -0.927407
vn -0.438535 -0.332921 -0.834776
vn -0.548933 -0.371863 -0.748592
vn -0.661086 -0.451932 -0.598935
vn -0.454672 -0.497360 -0.738855
vn -0.637179 -0.605665 -0.476626
vn -0.495534 -0.544960 -0.676361
vn -0.580580 -0.659784 -0.477087
vn -0.513595 -0.547068 -0.661012
vn -0.528767 -0.640061 -0.557430
vn -0.478090 -0.608407 -0.633460
vn -0.449482 -0.609071 -0.653452
vn -0.462359 -0.602148 -0.650878
vn -0.471745 -0.523031 -0.709856
vn -0.314939 -0.571164 -0.758014
vn -0.280663 -0.576363 -0.767486
vn -0.414523 0.098066 -0.904740
vn -0.421079 -0.180179 -0.888948
vn -0.578217 0.595143 -0.558096
vn -0.702877 0.405460 -0.584437
vn -0.650874 0.298685 -0.697962
vn -0.736261 0.079744 -0.671982
vn -0.747163 -0.171549 -0.642120
vn -0.740994 -0.327033 -0.586495
vn -0.771219 -0.383440 -0.508129
vn -0.756321 -0.411914 -0.508238
vn -0.547793 -0.525211 -0.651211
vn -0.457250 -0.561893 -0.689347
vn -0.404998 -0.584716 -0.702911
vn -0.390798 -0.557159 -0.732701
vn -0.423328 -0.539251 -0.728012
vn -0.444622 0.557362 -0.701184
vn -0.388291 0.607560 -0.692894
vn -0.422258 0.643929 -0.638008
vn -0.479269 0.664733 -0.573089
vn -0.415188 0.488801 -0.767263
vn -0.618752 0.365725 -0.695264
vn -0.772351 0.284324 -0.568009
vn -0.758724 0.079192 -0.646580
vn -0.754725 -0.162412 -0.635620
vn -0.731794 -0.342759 -0.589063
vn -0.377664 0.484374 -0.789146
vn -0.320626 0.547961 -0.772617
vn -0.316569 0.539591 -0.780145
vn -0.330485 0.526514 -0.783302
vn -0.353154 0.567166 -0.744046
vn -0.417042 0.560672 -0.715348
vn -0.357727 0.485848 -0.797485
vn -0.320592 0.530515 -0.784713
vn -0.303077 0.580836 -0.755496
vn -0.293546 0.566890 -0.769718
vn -0.248958 0.622885 -0.741643
vn -0.246200 0.597850 -0.762864
vn -0.149305 0.704359 -0.693964
vn -0.155737 0.655784 -0.738710
vn -0.205441 0.713998 -0.669329
vn -0.199600 0.674202 -0.711063
vn -0.300019 0.701472 -0.646472
vn -0.269250 0.650034 -0.710605
vn -0.060841 0.749312 -0.659417
vn -0.175952 0.732048 -0.658139
vn -0.110075 0.750734 -0.651369
vn -0.125809 0.761320 -0.636054
vn -0.085517 0.695038 -0.713870
vn -0.081878 0.698799 -0.710617
vn -0.173287 0.676815 -0.715467
vn -0.016936 0.690337 -0.723289
vn -0.040974 0.739619 -0.671778
vn -0.021570 0.671662 -0.740544
vn -0.044836 0.760664 -0.647595
vn -0.081496 0.660403 -0.746476
vn 0.181207 0.751461 -0.634405
vn 0.166467 0.668886 -0.724487
vn 0.146909 0.739129 -0.657347
vn 0.121096 0.707319 -0.696445
vn 0.467106 0.884201 -0.000545
vn 0.031264 0.759833 -0.649366
vn 0.162632 0.731274 -0.662412
vn 0.271324 0.692391 -0.668564
vn 0.248960 0.644151 -0.723249
vn 0.211794 0.613043 -0.761131
vn 0.274426 0.562024 -0.780269
vn 0.180224 0.507705 -0.842469
vn 0.141094 0.526543 -0.838359
vn 0.150409 0.572098 -0.806276
vn 0.107053 0.589247 -0.800829
vn 0.035955 0.634748 -0.771883
vn -0.042060 0.712436 -0.700476
vn 0.104157 0.692211 -0.714140
vn 0.128109 0.645148 -0.753241
vn -0.085272 0.628166 -0.773393
vn -0.022767 0.651085 -0.758664
vn 0.024003 0.656909 -0.753588
vn -0.125732 0.641129 -0.757064
vn -0.092462 0.668406 -0.738027
vn -0.067637 0.668463 -0.740663
vn -0.212263 0.636392 -0.741585
vn -0.215280 0.649960 -0.728839
vn -0.184854 0.641716 -0.744332
vn -0.238015 0.586071 -0.774513
vn -0.288677 0.547128 -0.785695
vn -0.327494 0.510466 -0.795093
vn -0.360712 0.476133 -0.801987
vn -0.351161 0.491815 -0.796746
vn -0.312021 0.508633 -0.802456
vn -0.302596 0.449061 -0.840702
vn -0.264412 0.408864 -0.873451
vn -0.266171 0.383909 -0.884176
vn -0.444469 0.213841 -0.869896
vn -0.505507 -0.165484 -0.846805
vn -0.443913 -0.407952 -0.797820
vn -0.307550 -0.426396 -0.850647
vn -0.301044 -0.446656 -0.842539
vn -0.320378 -0.473374 -0.820533
vn -0.354578 -0.435319 -0.827509
vn -0.407949 -0.552486 -0.726867
vn -0.336274 -0.439328 -0.833013
vn -0.386549 -0.507563 -0.770039
vn -0.275726 -0.541242 -0.794375
vn -0.271270 -0.557677 -0.784480
vn -0.316280 -0.456612 -0.831548
vn -0.271289 -0.500271 -0.822272
vn -0.272892 -0.528950 -0.803580
vn -0.242026 -0.600421 -0.762180
vn -0.232767 -0.574376 -0.784801
vn -0.232829 -0.562575 -0.793284
vn -0.114991 -0.679224 -0.724867
vn -0.130884 -0.634184 -0.762023
vn -0.170450 -0.609288 -0.774412
vn -0.219007 -0.673391 -0.706102
vn -0.270440 -0.680377 -0.681138
vn -0.224725 -0.641123 -0.733798
vn -0.246924 -0.628703 -0.737401
vn -0.211240 -0.608665 -0.764790
vn -0.187327 -0.599271 -0.778320
vn -0.068871 -0.735089 -0.674463
vn -0.039275 -0.676582 -0.735319
vn -0.075322 -0.635889 -0.768096
vn -0.108612 -0.706509 -0.699320
vn -0.121588 -0.671290 -0.731154
vn -0.134807 -0.644308 -0.752791
vn -0.157205 -0.616510 -0.771494
vn -0.220091 -0.643534 -0.733092
vn -0.212865 -0.728127 -0.651551
vn -0.082332 -0.773672 -0.628214
vn -0.028251 -0.660138 -0.750613
vn -0.017436 -0.637700 -0.770087
vn -0.039223 -0.652029 -0.757179
vn 0.005979 -0.665832 -0.746078
vn 0.016154 -0.746704 -0.664960
vn -0.093462 -0.736008 -0.670490
vn -0.039041 -0.759034 -0.649879
vn -0.128626 -0.661649 -0.738699
vn 0.010591 -0.658809 -0.752236
vn -0.104340 -0.631626 -0.768220
vn 0.063578 -0.639508 -0.766151
vn 0.121937 -0.777580 -0.616848
vn 0.214020 -0.822203 -0.527426
vn 0.071491 -0.654744 -0.752462
vn 0.120864 -0.690298 -0.713359
vn 0.084822 -0.639468 -0.764125
vn 0.040112 -0.651363 -0.757705
vn 0.346047 -0.650829 -0.675775
vn 0.326890 -0.620181 -0.713105
vn 0.362828 -0.584451 -0.725791
vn 0.438633 -0.528364 -0.726934
vn 0.534963 -0.459607 -0.708926
vn 0.625294 -0.356367 -0.694269
vn 0.429705 -0.421660 -0.798471
vn 0.316266 -0.495014 -0.809281
vn 0.277725 -0.538522 -0.795527
vn 0.263516 -0.568954 -0.779006
vn 0.099532 -0.601368 -0.792748
vn 0.032689 -0.621768 -0.782519
vn 0.055144 -0.615698 -0.786051
vn -0.055841 -0.602181 -0.796404
vn -0.048464 -0.618480 -0.784304
vn -0.040738 -0.617657 -0.785392
vn -0.096905 -0.606879 -0.788865
vn -0.126016 -0.608963 -0.783125
vn -0.121828 -0.597256 -0.792744
vn -0.149505 -0.581846 -0.799439
vn -0.184335 -0.580344 -0.793235
vn -0.198533 -0.570284 -0.797096
vn -0.240860 -0.534417 -0.810176
vn -0.282067 -0.502710 -0.817142
vn -0.291917 -0.480589 -0.826934
vn -0.317107 -0.443073 -0.838528
vn -0.332568 -0.417655 -0.845555
vn -0.325272 -0.429922 -0.842238
vn -0.315641 -0.429928 -0.845892
vn -0.304786 -0.395471 -0.866434
vn -0.280149 -0.376674 -0.882968
vn -0.220349 0.168194 -0.960811
vn -0.252734 -0.176299 -0.951338
vn -0.252268 -0.384514 -0.887981
vn -0.278254 0.359735 -0.890598
vn -0.211109 0.302452 -0.929492
vn -0.319212 0.395654 -0.861140
vn -0.317681 0.466474 -0.825519
vn -0.328202 0.480401 -0.813326
vn -0.356880 0.461060 -0.812441
vn -0.329705 0.496260 -0.803132
vn -0.280240 0.533166 -0.798248
vn -0.088976 0.649153 -0.755436
vn -0.083870 0.644756 -0.759773
vn -0.147472 0.628942 -0.763337
vn -0.159436 0.614990 -0.772248
vn -0.200638 0.616730 -0.761175
vn -0.225557 0.571810 -0.788770
vn -0.063752 0.637311 -0.767966
vn 0.018357 0.650604 -0.759196
vn -0.017149 0.643521 -0.765237
vn -0.033129 0.617104 -0.786184
vn 0.094059 0.614020 -0.783666
vn 0.039242 0.623285 -0.781009
vn 0.040976 0.585349 -0.809746
vn 0.077900 0.545661 -0.834377
vn 0.117964 0.526087 -0.842210
vn 0.160179 0.488402 -0.857792
vn 0.218402 0.410414 -0.885359
vn 0.215714 0.465245 -0.858496
vn -0.291079 0.335194 -0.896057
vn -0.307286 -0.152070 -0.939388
vn -0.337476 0.003184 -0.941329
vn -0.267943 0.316739 -0.909880
vn -0.313407 0.129248 -0.940782
vn -0.335610 0.250386 -0.908115
vn -0.303711 0.338882 -0.890460
vn -0.381282 0.065479 -0.922137
vn -0.388251 -0.037289 -0.920799
vn -0.391634 -0.175770 -0.903176
vn -0.364441 0.226019 -0.903382
vn -0.390755 0.148257 -0.908477
vn -0.251025 0.099011 -0.962904
vn -0.282056 -0.090436 -0.955126
vn -0.307158 -0.201002 -0.930189
vn -0.127468 -0.181087 -0.975171
vn -0.108032 0.067179 -0.991875
vn -0.198190 -0.280874 -0.939058
vn -0.356938 0.270717 -0.894040
vn -0.395570 0.346238 -0.850672
vn -0.319327 0.289285 -0.902411
vn -0.321730 0.417854 -0.849640
vn -0.293142 0.342630 -0.892565
vn -0.299978 0.441465 -0.845649
vn -0.282161 0.344351 -0.895437
vn -0.330624 0.417018 -0.846631
vn 0.028688 0.615501 -0.787614
vn 0.004715 0.620182 -0.784444
vn 0.006585 0.641338 -0.767230
vn -0.029879 0.629790 -0.776191
vn -0.071225 0.618416 -0.782617
vn -0.100176 0.609549 -0.786394
vn 0.082624 0.497043 -0.863783
vn 0.047617 0.505998 -0.861219
vn 0.064210 0.532841 -0.843776
vn 0.059044 0.590364 -0.804975
vn -0.002049 0.492092 -0.870541
vn 0.058774 0.481201 -0.874638
vn 0.077611 0.509378 -0.857036
vn 0.040584 0.575144 -0.817045
vn 0.103457 0.464628 -0.879442
vn 0.055788 0.490432 -0.869692
vn 0.019601 0.543772 -0.839004
vn -0.006771 0.599736 -0.800169
vn 0.019406 0.474115 -0.880249
vn 0.000498 0.519387 -0.854539
vn -0.051497 0.575844 -0.815936
vn -0.094774 0.575474 -0.812310
vn -0.146292 0.576618 -0.803810
vn 0.003307 0.457666 -0.889118
vn -0.080945 0.439715 -0.894482
vn -0.095761 0.397682 -0.912513
vn -0.123010 0.370934 -0.920476
vn -0.187628 0.337250 -0.922528
vn -0.209325 0.341891 -0.916130
vn -0.337188 0.287516 -0.896459
vn -0.324308 0.328873 -0.886942
vn -0.301432 0.284252 -0.910132
vn -0.329960 0.312350 -0.890822
vn -0.318518 0.316328 -0.893578
vn -0.077431 0.535167 -0.841190
vn -0.087291 0.534437 -0.840689
vn -0.029641 0.504946 -0.862642
vn -0.088687 0.487805 -0.868436
vn -0.087580 0.467156 -0.879827
vn -0.096801 0.527667 -0.843917
vn -0.141070 0.436122 -0.888761
vn -0.169406 0.496799 -0.851171
vn -0.194726 0.539585 -0.819103
vn -0.204432 0.419832 -0.884279
vn -0.221755 0.476737 -0.850616
vn -0.233058 0.530528 -0.814999
vn -0.252892 0.406231 -0.878079
vn -0.274935 0.441581 -0.854059
vn -0.278947 0.499453 -0.820204
vn -0.319665 0.392449 -0.862437
vn -0.336268 0.383940 -0.859950
vn -0.323418 0.459886 -0.826986
vn -0.345808 0.437354 -0.830143
vn -0.286650 -0.309046 -0.906820
vn -0.327381 -0.360615 -0.873372
vn -0.328538 -0.403126 -0.854139
vn -0.318079 -0.431302 -0.844278
vn -0.306044 -0.284637 -0.908471
vn -0.335891 -0.297615 -0.893646
vn -0.249245 -0.238311 -0.938661
vn -0.315649 -0.185358 -0.930596
vn -0.353859 -0.178316 -0.918143
vn -0.311052 -0.226815 -0.922931
vn -0.254116 -0.311379 -0.915679
vn -0.293536 -0.296531 -0.908794
vn -0.308398 -0.326443 -0.893491
vn -0.281924 -0.350164 -0.893255
vn -0.294870 -0.355850 -0.886805
vn -0.276333 -0.351746 -0.894380
vn -0.224942 -0.329798 -0.916861
vn -0.188531 -0.353600 -0.916200
vn -0.211273 -0.353513 -0.911259
vn -0.193722 -0.364403 -0.910869
vn -0.117480 -0.381382 -0.916922
vn -0.096685 -0.383082 -0.918640
vn -0.175594 -0.353577 -0.918776
vn -0.167185 -0.385182 -0.907571
vn -0.084649 -0.402569 -0.911468
vn -0.028127 -0.403259 -0.914653
vn -0.071567 -0.401024 -0.913267
vn -0.069615 -0.400816 -0.913510
vn -0.016584 -0.425114 -0.904988
vn 0.069882 -0.431765 -0.899275
vn 0.033038 -0.435689 -0.899491
vn 0.057436 -0.465283 -0.883296
vn 0.201615 -0.483399 -0.851867
vn 0.260833 -0.458935 -0.849320
vn 0.259069 -0.481063 -0.837533
vn 0.324822 -0.447351 -0.833288
vn 0.428483 -0.401041 -0.809672
vn -0.320310 -0.353370 -0.878937
vn -0.306123 -0.388892 -0.868937
vn -0.337865 -0.417763 -0.843399
vn -0.329222 -0.384465 -0.862438
vn 0.261631 -0.506977 -0.821294
vn 0.222622 -0.543362 -0.809442
vn 0.259711 -0.521611 -0.812694
vn 0.173751 -0.521981 -0.835073
vn 0.103220 -0.557345 -0.823840
vn -0.307384 -0.398476 -0.864137
vn -0.293073 -0.404575 -0.866272
vn -0.249537 -0.403505 -0.880293
vn -0.219074 -0.411436 -0.884718
vn -0.323332 -0.428810 -0.843551
vn -0.297460 -0.446405 -0.843943
vn -0.274572 -0.457059 -0.845995
vn -0.234884 -0.476855 -0.847018
vn -0.188646 -0.422415 -0.886554
vn -0.195580 -0.495318 -0.846409
vn -0.122952 -0.438027 -0.890514
vn -0.146430 -0.506550 -0.849685
vn -0.127547 -0.436690 -0.890524
vn -0.129435 -0.507644 -0.851789
vn -0.123368 -0.450944 -0.883986
vn -0.138025 -0.520966 -0.842344
vn -0.063733 -0.462395 -0.884381
vn -0.104611 -0.545178 -0.831768
vn -0.065688 -0.556866 -0.828001
vn -0.056405 -0.464519 -0.883765
vn -0.066171 -0.472282 -0.878960
vn -0.050823 -0.560948 -0.826289
vn -0.035752 -0.497444 -0.866759
vn -0.041341 -0.567750 -0.822162
vn 0.030106 -0.503268 -0.863606
vn -0.015555 -0.567755 -0.823051
vn 0.034891 -0.494866 -0.868268
vn 0.038978 -0.570745 -0.820202
vn 0.059156 -0.510858 -0.857627
vn 0.059799 -0.571696 -0.818283
vn 0.404813 0.911944 0.066970
vn 0.162836 0.865304 -0.474060
s 1
g polySurface1
usemtl lambert15SG
f 1/1/1 2/2/2 3/3/3 4/4/4
f 2/2/2 5/5/5 6/6/6 3/3/3
f 7/7/7 6/6/6 5/5/5 8/8/8
f 10/9/9 7/7/7 8/8/8 9/10/10
f 9/10/10 11/11/11 12/12/12 10/9/9
f 11/11/11 13/13/13 14/14/14 12/12/12
f 16/15/15 14/14/14 13/13/13 15/16/16
f 15/16/16 17/17/17 18/18/18 16/15/15
f 20/19/19 19/20/20 16/15/15 18/18/18
f 19/20/20 21/21/21 14/14/14 16/15/15
f 12/12/12 14/14/14 21/21/21 22/22/22
f 10/9/9 12/12/12 22/22/22 23/23/23
f 7/7/7 10/9/9 23/23/23 24/24/24
f 24/24/24 25/25/25 6/6/6 7/7/7
f 3/3/3 6/6/6 25/25/25 26/26/26
f 4/4/4 3/3/3 26/26/26 27/27/27
f 29/28/28 28/29/29 4/4/4 27/27/27
f 28/29/29 30/30/30 1/1/1 4/4/4
f 30/30/30 31/31/31 32/32/32 1/1/1
f 1/1/1 32/32/32 33/33/33 2/2/2
f 34/34/34 5/5/5 2/2/2 33/33/33
f 34/34/34 35/35/35 8/8/8 5/5/5
f 9/10/10 8/8/8 35/35/35 36/36/36
f 37/37/37 11/11/11 9/10/10 36/36/36
f 38/38/38 13/13/13 11/11/11 37/37/37
f 38/38/38 39/39/39 15/16/16 13/13/13
f 40/40/40 17/17/17 15/16/16 39/39/39
f 42/41/41 29/28/28 27/27/27 41/42/42
f 26/26/26 43/43/43 41/42/42 27/27/27
f 25/25/25 44/44/44 43/43/43 26/26/26
f 25/25/25 24/24/24 45/45/45 44/44/44
f 46/46/46 45/45/45 24/24/24 23/23/23
f 47/47/47 46/46/46 23/23/23 22/22/22
f 48/48/48 47/47/47 22/22/22 21/21/21
f 21/21/21 19/20/20 49/49/49 48/48/48
f 50/50/50 49/49/49 19/20/20 20/19/19
f 52/51/51 51/52/52 42/41/41 41/42/42
f 54/53/53 53/54/54 32/32/32 31/31/31
f 53/54/54 55/55/55 56/56/56 32/32/32
f 32/32/32 56/56/56 57/57/57 33/33/33
f 41/42/42 58/58/58 59/59/59 52/51/51
f 60/60/60 58/58/58 41/42/42 43/43/43
f 57/57/57 61/61/61 34/34/34 33/33/33
f 35/35/35 34/34/34 61/61/61 62/62/62
f 36/36/36 35/35/35 62/62/62 63/63/63
f 37/37/37 36/36/36 63/63/63 64/64/64
f 64/64/64 65/65/65 38/38/38 37/37/37
f 65/65/65 66/66/66 39/39/39 38/38/38
f 66/66/66 67/67/67 40/40/40 39/39/39
f 43/43/43 44/44/44 68/68/68 60/60/60
f 69/69/69 68/68/68 44/44/44 45/45/45
f 70/70/70 69/69/69 45/45/45 46/46/46
f 46/46/46 47/47/47 71/71/71 70/70/70
f 47/47/47 48/48/48 72/72/72 71/71/71
f 73/73/73 72/72/72 48/48/48 49/49/49
f 74/74/74 73/73/73 49/49/49 50/50/50
f 55/55/55 75/75/75 76/76/76 56/56/56
f 56/56/56 76/76/76 77/77/77 57/57/57
f 77/77/77 78/78/78 61/61/61 57/57/57
f 78/78/78 79/79/79 62/62/62 61/61/61
f 79/79/79 80/80/80 63/63/63 62/62/62
f 80/80/80 81/81/81 64/64/64 63/63/63
f 81/81/81 82/82/82 65/65/65 64/64/64
f 82/82/82 83/83/83 66/66/66 65/65/65
f 83/83/83 84/84/84 67/67/67 66/66/66
f 58/58/58 85/85/85 86/86/86 59/59/59
f 85/85/85 58/58/58 60/60/60 87/87/87
f 60/60/60 68/68/68 88/88/88 87/87/87
f 89/89/89 88/88/88 68/68/68 69/69/69
f 90/90/90 89/89/89 69/69/69 70/70/70
f 91/91/91 90/90/90 70/70/70 71/71/71
f 71/71/71 72/72/72 92/92/92 91/91/91
f 93/93/93 92/92/92 72/72/72 73/73/73
f 94/94/94 93/93/93 73/73/73 74/74/74
f 98/95/95 95/96/96 96/97/97 97/98/98
f 100/99/99 97/98/98 96/97/97 99/100/100
f 95/96/96 101/101/101 99/100/100 96/97/97
f 103/102/102 98/95/95 97/98/98 102/103/103
f 105/104/104 95/96/96 98/95/95 104/105/105
f 106/106/106 102/103/103 97/98/98 100/99/99
f 105/104/104 107/107/107 101/101/101 95/96/96
f 103/102/102 108/108/108 104/105/105 98/95/95
f 17/17/17 109/109/109 110/110/110 18/18/18
f 111/111/111 20/19/19 18/18/18 110/110/110
f 109/109/109 112/112/112 113/113/113 110/110/110
f 114/114/114 111/111/111 110/110/110 113/113/113
f 99/100/100 113/113/113 112/112/112 100/99/99
f 113/113/113 99/100/100 101/101/101 114/114/114
f 115/115/115 109/109/109 17/17/17 40/40/40
f 115/115/115 40/40/40 67/67/67 116/116/116
f 84/84/84 117/117/117 116/116/116 67/67/67
f 20/19/19 111/111/111 118/118/118 50/50/50
f 119/119/119 74/74/74 50/50/50 118/118/118
f 120/120/120 94/94/94 74/74/74 119/119/119
f 112/112/112 121/121/121 106/106/106 100/99/99
f 107/107/107 122/122/122 114/114/114 101/101/101
f 123/123/123 112/112/112 109/109/109 115/115/115
f 124/124/124 118/118/118 111/111/111 114/114/114
f 116/116/116 125/125/125 123/123/123 115/115/115
f 117/117/117 126/126/126 125/125/125 116/116/116
f 127/127/127 119/119/119 118/118/118 124/124/124
f 128/128/128 120/120/120 119/119/119 127/127/127
f 129/129/129 121/121/121 112/112/112 123/123/123
f 130/130/130 124/124/124 114/114/114 122/122/122
f 126/126/126 129/129/129 123/123/123 125/125/125
f 127/127/127 124/124/124 130/130/130 128/128/128
f 131/131/131 102/103/103 106/106/106 121/121/121
f 105/104/104 132/132/132 122/122/122 107/107/107
f 102/103/103 131/131/131 108/108/108 103/102/102
f 108/108/108 132/132/132 105/104/104 104/105/105
f 134/133/133 76/76/76 75/75/75 133/134/134
f 78/78/78 77/77/77 76/76/76 134/133/133
f 85/85/85 135/135/135 136/136/136 86/86/86
f 88/88/88 135/135/135 85/85/85 87/87/87
f 138/137/137 134/133/133 133/134/134 137/138/138
f 139/139/139 78/78/78 134/133/133 138/137/137
f 79/79/79 78/78/78 139/139/139 140/140/140
f 142/141/141 136/136/136 135/135/135 141/142/142
f 143/143/143 141/142/142 135/135/135 88/88/88
f 144/144/144 143/143/143 88/88/88 89/89/89
f 140/140/140 145/145/145 80/80/80 79/79/79
f 145/145/145 146/146/146 81/81/81 80/80/80
f 146/146/146 147/147/147 82/82/82 81/81/81
f 147/147/147 148/148/148 83/83/83 82/82/82
f 92/92/92 93/93/93 149/149/149 150/150/150
f 89/89/89 90/90/90 151/151/151 144/144/144
f 152/152/152 151/151/151 90/90/90 91/91/91
f 92/92/92 150/150/150 152/152/152 91/91/91
f 139/139/139 153/153/153 154/154/154 140/140/140
f 154/154/154 155/155/155 145/145/145 140/140/140
f 155/155/155 156/156/156 146/146/146 145/145/145
f 156/156/156 157/157/157 147/147/147 146/146/146
f 159/158/158 158/159/159 143/143/143 144/144/144
f 141/142/142 143/143/143 158/159/159 142/141/141
f 139/139/139 138/137/137 137/138/138 153/153/153
f 160/160/160 159/158/158 144/144/144 151/151/151
f 161/161/161 160/160/160 151/151/151 152/152/152
f 152/152/152 150/150/150 162/162/162 161/161/161
f 164/163/163 163/164/164 153/153/153 137/138/138
f 166/165/165 142/141/141 158/159/159 165/166/166
f 163/164/164 167/167/167 154/154/154 153/153/153
f 168/168/168 165/166/166 158/159/159 159/158/158
f 167/167/167 169/169/169 170/170/170 154/154/154
f 173/171/171 155/155/155 171/172/172 172/173/173
f 172/173/173 171/172/172 170/170/170 169/169/169
f 170/170/170 171/172/172 155/155/155 154/154/154
f 159/158/158 174/174/174 175/175/175 168/168/168
f 178/176/176 160/160/160 176/177/177 177/178/178
f 178/176/176 177/178/178 175/175/175 174/174/174
f 178/176/176 174/174/174 159/158/158 160/160/160
f 180/179/179 179/180/180 155/155/155 173/171/171
f 182/181/181 181/182/182 179/180/180 180/179/179
f 181/182/182 182/181/181 183/183/183 156/156/156
f 179/180/180 181/182/182 156/156/156 155/155/155
f 186/184/184 184/185/185 161/161/161 185/186/186
f 188/187/187 187/188/188 176/177/177 160/160/160
f 187/188/188 188/187/187 184/185/185 186/184/184
f 184/185/185 188/187/187 160/160/160 161/161/161
f 191/189/189 189/190/190 162/162/162 190/191/191
f 161/161/161 192/192/192 193/193/193 185/186/186
f 189/190/190 192/192/192 161/161/161 162/162/162
f 193/193/193 192/192/192 189/190/190 191/189/189
f 194/194/194 162/162/162 150/150/150 149/149/149
f 196/195/195 195/196/196 156/156/156 183/183/183
f 198/197/197 197/198/198 195/196/196 196/195/195
f 199/199/199 157/157/157 197/198/198 198/197/197
f 195/196/196 197/198/198 157/157/157 156/156/156
f 157/157/157 200/200/200 148/148/148 147/147/147
f 131/131/131 201/201/201 202/202/202 108/108/108
f 108/108/108 202/202/202 203/203/203 132/132/132
f 205/204/204 202/202/202 201/201/201 204/205/205
f 205/204/204 206/206/206 203/203/203 202/202/202
f 208/207/207 207/208/208 205/204/204 204/205/205
f 207/208/208 209/209/209 206/206/206 205/204/204
f 132/132/132 203/203/203 210/210/210 122/122/122
f 203/203/203 206/206/206 211/211/211 210/210/210
f 122/122/122 210/210/210 212/212/212 130/130/130
f 213/213/213 212/212/212 210/210/210 211/211/211
f 215/214/214 214/215/215 204/205/205 201/201/201
f 121/121/121 215/214/214 201/201/201 131/131/131
f 129/129/129 216/216/216 215/214/214 121/121/121
f 217/217/217 214/215/215 215/214/214 216/216/216
f 212/212/212 218/218/218 128/128/128 130/130/130
f 218/218/218 212/212/212 213/213/213 219/219/219
f 148/148/148 220/220/220 84/84/84 83/83/83
f 220/220/220 221/221/221 117/117/117 84/84/84
f 221/221/221 222/222/222 126/126/126 117/117/117
f 129/129/129 126/126/126 222/222/222 216/216/216
f 200/200/200 223/223/223 220/220/220 148/148/148
f 221/221/221 220/220/220 223/223/223 224/224/224
f 222/222/222 221/221/221 224/224/224 225/225/225
f 225/225/225 217/217/217 216/216/216 222/222/222
f 218/218/218 226/226/226 120/120/120 128/128/128
f 94/94/94 120/120/120 226/226/226 227/227/227
f 93/93/93 94/94/94 227/227/227 149/149/149
f 226/226/226 218/218/218 219/219/219 228/228/228
f 228/228/228 229/229/229 227/227/227 226/226/226
f 149/149/149 227/227/227 229/229/229 194/194/194
f 231/230/230 230/2771/231 208/207/207 204/205/205
f 209/209/209 232/2752/232 233/233/233 206/206/206
f 234/234/234 231/230/230 204/205/205 214/215/215
f 233/233/233 235/235/235 211/211/211 206/206/206
f 236/2770/236 230/2771/231 231/230/230 234/234/234
f 233/233/233 232/2752/232 237/2753/237 235/235/235
f 238/238/238 234/234/234 214/215/215 217/217/217
f 235/235/235 239/239/239 213/213/213 211/211/211
f 241/240/240 240/241/241 217/217/217 225/225/225
f 219/219/219 213/213/213 242/242/242 243/243/243
f 240/241/241 244/244/244 238/238/238 217/217/217
f 245/245/245 242/242/242 213/213/213 239/239/239
f 246/246/246 241/240/240 225/225/225 224/224/224
f 243/243/243 247/247/247 228/228/228 219/219/219
f 249/248/248 248/249/249 224/224/224 223/223/223
f 251/250/250 250/251/251 229/229/229 228/228/228
f 248/249/249 252/252/252 246/246/246 224/224/224
f 253/253/253 251/250/250 228/228/228 247/247/247
f 223/223/223 254/254/254 255/255/255 249/248/248
f 257/256/256 255/255/255 254/254/254 256/257/257
f 256/257/257 254/254/254 223/223/223 200/200/200
f 250/251/251 258/258/258 259/259/259 229/229/229
f 258/258/258 260/260/260 261/261/261 259/259/259
f 259/259/259 261/261/261 194/194/194 229/229/229
f 199/199/199 256/257/257 200/200/200 157/157/157
f 162/162/162 194/194/194 261/261/261 190/191/191
f 260/260/260 262/262/262 263/263/263 261/261/261
f 262/262/262 264/264/264 265/265/265 263/263/263
f 263/263/263 265/265/265 190/191/191 261/261/261
f 256/257/257 266/266/266 267/267/267 257/256/256
f 269/268/268 267/267/267 266/266/266 268/269/269
f 266/266/266 256/257/257 199/199/199 268/269/269
f 271/270/270 270/271/271 180/179/179 173/171/171
f 270/271/271 272/272/272 182/181/181 180/179/179
f 272/272/272 273/273/273 183/183/183 182/181/181
f 273/273/273 274/274/274 196/195/195 183/183/183
f 274/274/274 275/275/275 198/197/197 196/195/195
f 275/275/275 268/269/269 199/199/199 198/197/197
f 277/276/276 276/277/277 167/167/167 163/164/164
f 276/277/277 278/278/278 169/169/169 167/167/167
f 278/278/278 279/279/279 172/173/173 169/169/169
f 279/279/279 271/270/270 173/171/171 172/173/173
f 281/280/280 280/281/281 276/277/277 277/276/276
f 280/281/281 282/282/282 278/278/278 276/277/277
f 282/282/282 283/283/283 279/279/279 278/278/278
f 283/283/283 284/284/284 271/270/270 279/279/279
f 284/284/284 285/285/285 270/271/271 271/270/270
f 285/285/285 286/286/286 272/272/272 270/271/271
f 286/286/286 287/287/287 273/273/273 272/272/272
f 287/287/287 288/288/288 274/274/274 273/273/273
f 288/288/288 289/289/289 275/275/275 274/274/274
f 289/289/289 269/268/268 268/269/269 275/275/275
f 265/265/265 290/290/290 191/189/189 190/191/191
f 290/290/290 291/291/291 193/193/193 191/189/189
f 291/291/291 292/292/292 185/186/186 193/193/193
f 292/292/292 293/293/293 186/184/184 185/186/186
f 293/293/293 294/294/294 187/188/188 186/184/184
f 294/294/294 295/295/295 176/177/177 187/188/188
f 295/295/295 296/296/296 177/178/178 176/177/177
f 296/296/296 297/297/297 175/175/175 177/178/178
f 297/297/297 298/298/298 168/168/168 175/175/175
f 298/298/298 299/299/299 165/166/166 168/168/168
f 264/264/264 300/300/300 290/290/290 265/265/265
f 300/300/300 301/301/301 291/291/291 290/290/290
f 292/292/292 291/291/291 301/301/301 302/302/302
f 302/302/302 303/303/303 293/293/293 292/292/292
f 303/303/303 304/304/304 294/294/294 293/293/293
f 304/304/304 305/305/305 295/295/295 294/294/294
f 305/305/305 306/306/306 296/296/296 295/295/295
f 306/306/306 307/307/307 297/297/297 296/296/296
f 307/307/307 308/308/308 298/298/298 297/297/297
f 308/308/308 309/309/309 299/299/299 298/298/298
f 277/276/276 310/310/310 311/311/311 281/280/280
f 310/310/310 277/276/276 163/164/164 164/163/163
f 312/312/312 311/311/311 310/310/310 164/163/163
f 309/309/309 313/313/313 314/314/314 299/299/299
f 166/165/165 165/166/166 299/299/299 314/314/314
f 166/165/165 314/314/314 313/313/313 315/315/315
f 315/315/315 316/316/316 142/141/141 166/165/165
f 316/316/316 317/317/317 136/136/136 142/141/141
f 86/86/86 136/136/136 317/317/317 318/318/318
f 318/318/318 319/319/319 59/59/59 86/86/86
f 320/320/320 52/51/51 59/59/59 319/319/319
f 321/321/321 51/52/52 52/51/51 320/320/320
f 137/138/138 322/322/322 312/312/312 164/163/163
f 323/323/323 322/322/322 137/138/138 133/134/134
f 133/134/134 75/75/75 324/324/324 323/323/323
f 325/325/325 324/324/324 75/75/75 55/55/55
f 326/326/326 325/325/325 55/55/55 53/54/54
f 327/327/327 326/326/326 53/54/54 54/53/53
f 321/321/321 328/328/328 42/41/41 51/52/52
f 329/329/329 327/327/327 54/53/53 31/31/31
f 29/28/28 42/41/41 328/328/328 330/330/330
f 330/330/330 331/331/331 28/29/29 29/28/28
f 331/331/331 332/332/332 30/30/30 28/29/29
f 332/332/332 329/329/329 31/31/31 30/30/30
f 334/2735/333 333/2723/334 328/328/328 321/321/321
f 321/321/321 320/320/320 335/2734/335 334/2735/333
f 336/2733/336 335/2734/335 320/320/320 319/319/319
f 337/2732/337 336/2733/336 319/319/319 318/318/318
f 338/2731/338 337/2732/337 318/318/318 317/317/317
f 339/2730/339 338/2731/338 317/317/317 316/316/316
f 340/2729/340 339/2730/339 316/316/316 315/315/315
f 341/341/341 340/2729/340 315/315/315 313/313/313
f 342/342/342 341/341/341 313/313/313 309/309/309
f 309/309/309 308/308/308 343/343/343 342/342/342
f 344/344/344 343/343/343 308/308/308 307/307/307
f 345/345/345 344/344/344 307/307/307 306/306/306
f 346/346/346 345/345/345 306/306/306 305/305/305
f 305/305/305 304/304/304 347/347/347 346/346/346
f 348/348/348 347/347/347 304/304/304 303/303/303
f 350/349/349 349/350/350 301/301/301 300/300/300
f 349/350/350 351/351/351 302/302/302 301/301/301
f 351/351/351 348/348/348 303/303/303 302/302/302
f 352/352/352 350/349/349 300/300/300 264/264/264
f 353/353/353 352/352/352 264/264/264 262/262/262
f 262/262/262 260/260/260 354/354/354 353/353/353
f 355/355/355 354/354/354 260/260/260 258/258/258
f 258/258/258 250/251/251 356/356/356 355/355/355
f 357/2736/357 356/356/356 250/251/251 251/250/250
f 251/250/250 253/253/253 358/2761/358 357/2736/357
f 359/2756/359 358/2761/358 253/253/253 247/247/247
f 361/2754/360 360/2760/361 245/245/245 239/239/239
f 242/242/242 245/245/245 360/2760/361 362/2759/362
f 362/2759/362 363/2758/363 243/243/243 242/242/242
f 363/2758/363 364/2757/364 247/247/247 243/243/243
f 364/2757/364 365/2755/365 359/2756/359 247/247/247
f 237/2753/237 361/2754/360 239/239/239 235/235/235
f 367/2750/366 232/2752/232 209/209/209 366/367/367
f 368/2778/368 366/367/367 209/209/209 207/208/208
f 370/2779/369 369/2751/370 366/367/367 368/2778/368
f 369/2751/370 371/2749/371 367/2750/366 366/367/367
f 373/2776/372 372/2777/373 368/2778/368 207/208/208
f 373/2776/372 207/208/208 208/207/207 374/374/374
f 376/2774/375 375/2775/376 373/2776/372 374/374/374
f 378/2773/377 376/2774/375 374/374/374 377/2772/378
f 208/207/207 230/2771/231 377/2772/378 374/374/374
f 379/2769/379 236/2770/236 234/234/234 238/238/238
f 238/238/238 244/244/244 380/2768/380 379/2769/379
f 381/2767/381 380/2768/380 244/244/244 240/241/241
f 382/2766/382 381/2767/381 240/241/241 241/240/240
f 383/2765/383 382/2766/382 241/240/240 246/246/246
f 246/246/246 252/252/252 384/2764/384 383/2765/383
f 385/2763/385 384/2764/384 252/252/252 248/249/249
f 386/386/386 385/2763/385 248/249/249 249/248/248
f 387/387/387 386/386/386 249/248/248 255/255/255
f 388/2696/388 387/387/387 255/255/255 257/256/256
f 389/2716/389 388/2696/388 257/256/256 267/267/267
f 390/2715/390 389/2716/389 267/267/267 269/268/268
f 391/2714/391 390/2715/390 269/268/268 289/289/289
f 392/2713/392 391/2714/391 289/289/289 288/288/288
f 288/288/288 287/287/287 393/2712/393 392/2713/392
f 394/2711/394 393/2712/393 287/287/287 286/286/286
f 395/2710/395 394/2711/394 286/286/286 285/285/285
f 396/2709/396 395/2710/395 285/285/285 284/284/284
f 397/2708/397 396/2709/396 284/284/284 283/283/283
f 283/283/283 282/282/282 398/2707/398 397/2708/397
f 282/282/282 280/281/281 399/2706/399 398/2707/398
f 400/2705/400 399/2706/399 280/281/281 281/280/280
f 401/2704/401 400/2705/400 281/280/280 311/311/311
f 311/311/311 312/312/312 402/2703/402 401/2704/401
f 403/2702/403 402/2703/402 312/312/312 322/322/322
f 404/2701/404 403/2702/403 322/322/322 323/323/323
f 405/2700/405 404/2701/404 323/323/323 324/324/324
f 406/2699/406 405/2700/405 324/324/324 325/325/325
f 407/2698/407 406/2699/406 325/325/325 326/326/326
f 408/2728/408 407/2698/407 326/326/326 327/327/327
f 327/327/327 329/329/329 409/2727/409 408/2728/408
f 410/2726/410 409/2727/409 329/329/329 332/332/332
f 411/2725/411 410/2726/410 332/332/332 331/331/331
f 412/2724/412 411/2725/411 331/331/331 330/330/330
f 333/2723/334 412/2724/412 330/330/330 328/328/328
f 414/413/413 413/414/414 411/411/411 412/412/412
f 410/410/410 411/2801/411 413/2800/414 415/415/415
f 416/416/416 414/413/413 412/412/412 333/334/334
f 417/417/417 416/416/416 333/334/334 334/333/333
f 418/418/418 417/417/417 334/333/333 335/335/335
f 419/419/419 418/418/418 335/335/335 336/336/336
f 420/420/420 419/419/419 336/336/336 337/337/337
f 421/421/421 420/420/420 337/337/337 338/338/338
f 422/422/422 421/421/421 338/338/338 339/339/339
f 339/339/339 340/340/340 423/423/423 422/422/422
f 424/424/424 423/423/423 340/340/340 341/2722/341
f 425/2720/425 424/2721/424 341/341/341 342/342/342
f 426/2719/426 425/2720/425 342/342/342 343/343/343
f 343/343/343 344/344/344 427/2718/427 426/2719/426
f 428/2717/428 427/2718/427 344/344/344 345/345/345
f 429/2748/429 428/2717/428 345/345/345 346/346/346
f 430/2747/430 429/2748/429 346/346/346 347/347/347
f 431/2746/431 430/2747/430 347/347/347 348/348/348
f 432/2745/432 431/2746/431 348/348/348 351/351/351
f 351/351/351 349/350/350 433/2744/433 432/2745/432
f 434/2743/434 433/2744/433 349/350/350 350/349/349
f 350/349/349 352/352/352 435/2742/435 434/2743/434
f 436/2741/436 435/2742/435 352/352/352 353/353/353
f 353/353/353 354/354/354 437/2740/437 436/2741/436
f 438/2739/438 437/2740/437 354/354/354 355/355/355
f 439/2738/439 438/2739/438 355/355/355 356/356/356
f 440/2737/440 439/2738/439 356/356/356 357/2736/357
f 442/441/441 441/442/442 440/440/440 357/357/357
f 443/443/443 442/441/441 357/357/357 358/358/358
f 358/358/358 359/359/359 444/444/444 443/443/443
f 359/359/359 365/365/365 445/445/445 444/444/444
f 365/365/365 364/364/364 446/446/446 445/445/445
f 447/447/447 446/446/446 364/364/364 363/363/363
f 363/363/363 362/362/362 448/448/448 447/447/447
f 449/449/449 448/448/448 362/362/362 360/361/361
f 451/450/450 449/449/449 360/361/361 450/451/451
f 452/452/452 450/451/451 360/361/361 361/360/360
f 453/453/453 452/452/452 361/360/360 237/237/237
f 454/454/454 453/453/453 237/237/237 232/232/232
f 455/455/455 454/454/454 232/232/232 367/366/366
f 456/456/456 455/455/455 367/366/366 371/371/371
f 457/457/457 456/456/456 371/371/371 369/370/370
f 458/458/458 457/457/457 369/370/370 370/2995/369
f 460/459/459 458/458/458 370/2995/369 459/2994/460
f 462/461/461 461/462/462 375/376/376 376/375/375
f 463/463/463 462/461/461 376/375/375 378/377/377
f 461/462/462 464/464/464 373/372/372 375/376/376
f 465/465/465 459/460/460 370/369/369 368/368/368
f 464/464/464 466/466/466 372/373/373 373/372/372
f 372/373/373 466/466/466 465/465/465 368/368/368
f 467/467/467 463/463/463 378/377/377 377/378/378
f 468/468/468 467/467/467 377/378/378 230/231/231
f 230/231/231 236/236/236 469/469/469 468/468/468
f 470/470/470 469/469/469 236/236/236 379/379/379
f 471/471/471 470/470/470 379/379/379 380/380/380
f 471/471/471 380/380/380 381/381/381 472/472/472
f 473/473/473 472/472/472 381/381/381 382/382/382
f 474/474/474 473/473/473 382/382/382 383/383/383
f 474/474/474 383/383/383 384/384/384 475/475/475
f 476/476/476 475/475/475 384/384/384 385/385/385
f 477/477/477 476/476/476 385/385/385 386/2780/386
f 478/2762/478 477/2781/477 386/386/386 387/387/387
f 479/479/479 478/2762/478 387/387/387 388/2696/388
f 481/480/480 480/481/481 388/388/388 389/389/389
f 480/481/481 478/478/478 479/2697/479 388/388/388
f 482/482/482 481/480/480 389/389/389 390/390/390
f 483/483/483 482/482/482 390/390/390 391/391/391
f 484/484/484 483/483/483 391/391/391 392/392/392
f 485/485/485 484/484/484 392/392/392 393/393/393
f 393/393/393 394/394/394 486/486/486 485/485/485
f 487/487/487 486/486/486 394/394/394 395/395/395
f 488/488/488 487/487/487 395/395/395 396/396/396
f 489/489/489 488/488/488 396/396/396 397/397/397
f 490/490/490 489/489/489 397/397/397 398/398/398
f 491/491/491 490/490/490 398/398/398 399/399/399
f 415/415/415 492/492/492 409/409/409 410/410/410
f 492/492/492 493/493/493 408/408/408 409/409/409
f 407/407/407 408/408/408 493/493/493 494/494/494
f 406/406/406 407/407/407 494/494/494 495/495/495
f 405/405/405 406/406/406 495/495/495 496/496/496
f 496/496/496 497/497/497 404/404/404 405/405/405
f 403/403/403 404/404/404 497/497/497 498/498/498
f 402/402/402 403/403/403 498/498/498 499/499/499
f 401/401/401 402/402/402 499/499/499 500/500/500
f 500/500/500 501/501/501 400/400/400 401/401/401
f 399/399/399 400/400/400 501/501/501 491/491/491
f 503/502/502 502/503/503 421/421/421 422/422/422
f 422/422/422 423/423/423 504/504/504 503/502/502
f 505/505/505 504/504/504 423/423/423 424/424/424
f 506/506/506 505/505/505 424/424/424 425/425/425
f 507/507/507 506/506/506 425/425/425 426/426/426
f 426/426/426 427/427/427 508/508/508 507/507/507
f 510/509/509 509/510/510 429/429/429 430/430/430
f 428/428/428 429/429/429 509/510/510 511/511/511
f 427/427/427 428/428/428 511/511/511 508/508/508
f 513/512/512 512/513/513 432/432/432 433/433/433
f 431/431/431 432/432/432 512/513/513 514/514/514
f 514/514/514 510/509/509 430/430/430 431/431/431
f 434/434/434 435/435/435 515/515/515 516/516/516
f 433/433/433 434/434/434 516/516/516 513/512/512
f 517/517/517 515/515/515 435/435/435 436/436/436
f 518/518/518 517/517/517 436/436/436 437/437/437
f 519/519/519 518/518/518 437/437/437 438/438/438
f 441/442/442 520/520/520 439/439/439 440/440/440
f 438/438/438 439/439/439 520/520/520 519/519/519
f 502/503/503 521/521/521 420/420/420 421/421/421
f 419/419/419 420/420/420 521/521/521 522/522/522
f 522/522/522 523/523/523 418/418/418 419/419/419
f 523/523/523 524/524/524 417/417/417 418/418/418
f 524/524/524 525/525/525 416/416/416 417/417/417
f 414/413/413 416/416/416 525/525/525 526/526/526
f 413/414/414 414/413/413 526/526/526 527/2798/527
f 415/415/415 413/2800/414 527/2799/527 528/528/528
f 528/528/528 529/529/529 492/492/492 415/415/415
f 529/529/529 530/530/530 493/493/493 492/492/492
f 530/530/530 531/531/531 494/494/494 493/493/493
f 531/531/531 532/532/532 495/495/495 494/494/494
f 532/532/532 533/533/533 496/496/496 495/495/495
f 533/533/533 534/534/534 497/497/497 496/496/496
f 534/534/534 535/535/535 498/498/498 497/497/497
f 535/535/535 536/536/536 499/499/499 498/498/498
f 536/536/536 537/537/537 500/500/500 499/499/499
f 537/537/537 538/538/538 501/501/501 500/500/500
f 538/538/538 539/539/539 491/491/491 501/501/501
f 539/539/539 540/540/540 490/490/490 491/491/491
f 540/540/540 541/541/541 489/489/489 490/490/490
f 541/541/541 542/542/542 488/488/488 489/489/489
f 488/488/488 542/542/542 543/543/543 487/487/487
f 544/544/544 486/486/486 487/487/487 543/543/543
f 544/544/544 545/545/545 485/485/485 486/486/486
f 546/546/546 484/484/484 485/485/485 545/545/545
f 547/547/547 483/483/483 484/484/484 546/546/546
f 547/547/547 548/548/548 482/482/482 483/483/483
f 548/548/548 549/549/549 481/480/480 482/482/482
f 480/481/481 481/480/480 549/549/549 550/550/550
f 478/478/478 480/481/481 550/550/550 551/551/551
f 551/551/551 552/552/552 477/477/477 478/478/478
f 552/552/552 553/553/553 476/476/476 477/477/477
f 554/554/554 475/475/475 476/476/476 553/553/553
f 554/554/554 555/555/555 474/474/474 475/475/475
f 556/556/556 473/473/473 474/474/474 555/555/555
f 556/556/556 557/557/557 472/472/472 473/473/473
f 471/471/471 472/472/472 557/557/557 558/558/558
f 559/559/559 470/470/470 471/471/471 558/558/558
f 559/559/559 560/560/560 469/469/469 470/470/470
f 468/468/468 469/469/469 560/560/560 561/561/561
f 562/562/562 467/467/467 468/468/468 561/561/561
f 463/463/463 467/467/467 562/562/562 462/461/461
f 563/563/563 461/462/462 462/461/461 562/562/562
f 564/564/564 464/464/464 461/462/462 563/563/563
f 565/565/565 466/466/466 464/464/464 564/564/564
f 566/566/566 465/465/465 466/466/466 565/565/565
f 465/465/465 566/566/566 567/567/567 459/460/460
f 568/568/568 460/459/459 459/2994/460 567/2993/567
f 460/459/459 568/568/568 569/569/569 458/458/458
f 570/570/570 457/457/457 458/458/458 569/569/569
f 571/571/571 456/456/456 457/457/457 570/570/570
f 456/456/456 571/571/571 572/572/572 455/455/455
f 454/454/454 455/455/455 572/572/572 573/573/573
f 574/574/574 453/453/453 454/454/454 573/573/573
f 452/452/452 453/453/453 574/574/574 575/575/575
f 576/576/576 450/451/451 452/452/452 575/575/575
f 577/577/577 451/450/450 450/451/451 576/576/576
f 578/578/578 449/449/449 451/450/450 577/577/577
f 578/578/578 579/579/579 448/448/448 449/449/449
f 581/580/580 580/581/581 446/446/446 447/447/447
f 447/447/447 448/448/448 579/579/579 581/580/580
f 446/446/446 580/581/581 582/582/582 445/445/445
f 443/443/443 444/444/444 583/583/583 584/584/584
f 583/583/583 444/444/444 445/445/445 582/582/582
f 584/584/584 585/585/585 442/441/441 443/443/443
f 442/441/441 585/585/585 586/586/586 441/442/442
f 587/587/587 520/520/520 441/442/442 586/586/586
f 587/587/587 588/588/588 519/519/519 520/520/520
f 588/588/588 589/589/589 518/518/518 519/519/519
f 515/515/515 517/517/517 590/590/590 591/591/591
f 589/589/589 590/590/590 517/517/517 518/518/518
f 516/516/516 515/515/515 591/591/591 592/592/592
f 592/592/592 593/593/593 513/512/512 516/516/516
f 595/594/594 594/595/595 509/510/510 510/509/509
f 596/596/596 595/594/594 510/509/509 514/514/514
f 514/514/514 512/513/513 597/597/597 596/596/596
f 512/513/513 513/512/512 593/593/593 597/597/597
f 599/598/598 598/599/599 506/506/506 507/507/507
f 600/600/600 599/598/598 507/507/507 508/508/508
f 601/601/601 600/600/600 508/508/508 511/511/511
f 511/511/511 509/510/510 594/595/595 601/601/601
f 598/599/599 602/602/602 505/505/505 506/506/506
f 602/602/602 603/603/603 604/604/604 505/505/505
f 505/505/505 604/604/604 605/605/605 504/504/504
f 603/603/603 606/606/606 605/605/605 604/604/604
f 606/606/606 607/607/607 504/504/504 605/605/605
f 607/607/607 608/608/608 503/502/502 504/504/504
f 608/608/608 609/609/609 502/503/503 503/502/502
f 609/609/609 610/610/610 521/521/521 502/503/503
f 610/610/610 611/611/611 522/522/522 521/521/521
f 611/611/611 612/612/612 523/523/523 522/522/522
f 612/612/612 613/613/613 524/524/524 523/523/523
f 613/613/613 614/614/614 525/525/525 524/524/524
f 614/614/614 615/615/615 526/526/526 525/525/525
f 615/615/615 616/616/616 527/2798/527 526/526/526
f 618/2788/617 617/618/618 528/528/528 527/2799/527
f 617/618/618 619/619/619 529/529/529 528/528/528
f 620/620/620 530/530/530 529/529/529 619/619/619
f 621/621/621 531/531/531 530/530/530 620/620/620
f 622/622/622 532/532/532 531/531/531 621/621/621
f 622/622/622 623/623/623 533/533/533 532/532/532
f 534/534/534 533/533/533 623/623/623 624/624/624
f 624/624/624 625/625/625 535/535/535 534/534/534
f 625/625/625 626/626/626 536/536/536 535/535/535
f 539/539/539 538/538/538 628/628/627 629/629/628
f 629/629/628 630/630/629 540/540/540 539/539/539
f 630/630/629 631/631/630 541/541/541 540/540/540
f 631/631/630 632/632/631 542/542/542 541/541/541
f 634/633/632 633/634/633 544/544/544 543/543/543
f 632/632/631 634/633/632 543/543/543 542/542/542
f 547/547/547 546/546/546 635/635/634 636/636/635
f 637/637/636 635/635/634 546/546/546 545/545/545
f 633/634/633 637/637/636 545/545/545 544/544/544
f 636/636/635 638/638/637 548/548/548 547/547/547
f 549/549/549 548/548/548 638/638/637 639/639/638
f 639/639/638 640/640/639 550/550/550 549/549/549
f 551/551/551 550/550/550 640/640/639 641/641/640
f 551/551/551 641/641/640 642/642/641 552/552/552
f 555/555/555 643/643/642 644/644/643 556/556/556
f 555/555/555 554/554/554 645/645/644 643/643/642
f 554/554/554 553/553/553 646/646/645 645/645/644
f 553/553/553 552/552/552 642/642/641 646/646/645
f 558/558/558 557/557/557 647/647/646 559/559/559
f 557/557/557 556/556/556 644/644/643 647/647/646
f 560/560/560 559/559/559 647/647/646 648/648/647
f 649/649/648 561/561/561 560/560/560 648/648/647
f 650/650/649 562/562/562 561/561/561 649/649/648
f 651/651/650 563/563/563 562/562/562 650/650/649
f 651/651/650 565/565/565 564/564/564 563/563/563
f 652/652/651 566/566/566 565/565/565 651/651/650
f 654/653/652 653/654/653 573/573/573 572/572/572
f 571/571/571 655/655/654 654/653/652 572/572/572
f 656/656/655 567/567/567 566/566/566 652/652/651
f 657/657/656 568/568/568 567/2993/567 656/2992/655
f 657/657/656 570/570/570 569/569/569 568/568/568
f 655/655/654 571/571/571 570/570/570 657/657/656
f 655/655/654 657/657/656 656/2992/655 654/653/652
f 573/573/573 653/654/653 658/658/657 574/574/574
f 659/659/658 575/575/575 574/574/574 658/658/657
f 660/660/659 576/576/576 575/575/575 659/659/658
f 576/576/576 660/660/659 578/578/578 577/577/577
f 661/661/660 579/579/579 578/578/578 660/660/659
f 661/661/660 662/662/661 581/580/580 579/579/579
f 662/662/661 663/663/662 580/581/581 581/580/580
f 664/664/663 582/582/582 580/581/581 663/663/662
f 665/665/664 583/583/583 582/582/582 664/664/663
f 584/584/584 583/583/583 665/665/664 666/666/665
f 666/666/665 667/667/666 585/585/585 584/584/584
f 668/668/667 586/586/586 585/585/585 667/667/666
f 586/586/586 668/668/667 669/669/668 587/587/587
f 669/669/668 670/670/669 588/588/588 587/587/587
f 670/670/669 671/671/670 589/589/589 588/588/588
f 671/671/670 672/672/671 590/590/590 589/589/589
f 591/591/591 590/590/590 672/672/671 673/673/672
f 673/673/672 674/674/673 592/592/592 591/591/591
f 674/674/673 675/675/674 593/593/593 592/592/592
f 675/675/674 676/676/675 597/597/597 593/593/593
f 676/676/675 677/677/676 596/596/596 597/597/597
f 677/677/676 678/678/677 595/594/594 596/596/596
f 594/595/595 595/594/594 678/678/677 679/679/678
f 601/601/601 594/595/595 679/679/678 680/680/679
f 680/680/679 681/681/680 600/600/600 601/601/601
f 681/681/680 682/682/681 599/598/598 600/600/600
f 682/682/681 683/683/682 598/599/599 599/598/598
f 683/683/682 684/684/683 602/602/602 598/599/599
f 603/603/603 602/602/602 684/684/683 685/685/684
f 685/685/684 686/686/685 606/606/606 603/603/603
f 687/687/686 607/607/607 606/606/606 686/686/685
f 687/687/686 688/688/687 608/608/608 607/607/607
f 609/609/609 608/608/608 688/688/687 689/689/688
f 610/610/610 609/609/609 689/689/688 690/690/689
f 611/611/611 610/610/610 690/690/689 691/691/690
f 612/612/612 611/611/611 691/691/690 613/613/613
f 527/527/527 616/2941/616 692/692/691 693/693/692
f 527/527/527 694/694/693 695/695/694 618/617/617
f 694/694/693 527/527/527 693/693/692 696/696/695
f 698/697/696 694/694/693 696/696/695 697/698/697
f 699/699/698 695/695/694 694/694/693 698/697/696
f 697/698/697 696/696/695 693/693/692 700/700/699
f 692/692/691 701/701/700 700/700/699 693/693/692
f 701/701/700 692/692/691 702/702/701 703/703/702
f 699/699/698 704/704/703 705/705/704 695/695/694
f 707/706/705 705/705/704 704/704/703 706/707/706
f 702/702/701 708/708/707 709/709/708 703/703/702
f 707/706/705 706/707/706 710/710/709 711/711/710
f 709/709/708 708/708/707 711/711/710 710/710/709
f 701/701/700 703/703/702 712/712/711 713/713/712
f 699/699/698 713/713/712 712/712/711 704/704/703
f 698/697/696 697/698/697 713/713/712 699/699/698
f 697/698/697 700/700/699 701/701/700 713/713/712
f 712/712/711 710/710/709 706/707/706 704/704/703
f 703/703/702 709/709/708 710/710/709 712/712/711
f 707/706/705 711/711/710 715/714/713 714/715/714
f 711/711/710 708/708/707 716/716/715 715/714/713
f 718/717/716 717/718/717 714/715/714 715/714/713
f 719/719/718 718/717/716 715/714/713 716/716/715
f 717/718/717 718/717/716 720/720/719 721/721/720
f 719/719/718 722/722/721 723/723/722 718/717/716
f 725/724/723 721/721/720 720/720/719 724/725/724
f 722/722/721 726/726/725 727/727/726 723/723/722
f 729/728/727 725/724/723 724/725/724 728/729/728
f 731/730/729 729/728/727 728/729/728 730/3011/730
f 733/732/731 731/730/729 730/3011/730 732/733/732
f 727/727/726 726/726/725 734/734/733 735/735/734
f 737/3132/735 735/735/734 734/734/733 736/737/736
f 739/738/737 737/3132/735 736/737/736 738/739/738
f 734/734/733 726/726/725 722/722/721 740/740/739
f 736/737/736 734/734/733 740/740/739 738/739/738
f 729/728/727 731/730/729 733/732/731 741/741/740
f 721/721/720 725/724/723 729/728/727 741/741/740
f 743/742/741 742/743/742 728/729/728 724/725/724
f 730/3011/730 728/729/728 742/743/742 744/744/743
f 724/725/724 720/720/719 745/745/744 743/742/741
f 746/746/745 745/745/744 720/720/719 718/717/716
f 748/747/746 747/748/747 718/717/716 723/723/722
f 718/717/716 747/748/747 749/749/748 746/746/745
f 750/750/749 748/747/746 723/723/722 727/727/726
f 751/751/750 750/750/749 727/727/726 735/735/734
f 752/3012/751 751/751/750 735/735/734 737/3132/735
f 754/753/752 751/751/750 752/3012/751 753/754/753
f 750/750/749 751/751/750 754/753/752 755/755/754
f 748/747/746 750/750/749 755/755/754 756/756/755
f 756/756/755 757/757/756 747/748/747 748/747/746
f 758/758/757 749/749/748 747/748/747 757/757/756
f 758/758/757 759/759/758 746/746/745 749/749/748
f 759/759/758 760/760/759 745/745/744 746/746/745
f 732/733/732 730/3011/730 761/3007/760 762/3126/761
f 763/763/762 761/761/760 730/731/730 744/3008/743
f 737/736/735 739/3131/737 764/764/763 765/765/764
f 752/752/751 737/3010/735 765/3130/764 766/766/765
f 766/766/765 767/767/766 768/768/767 752/752/751
f 753/3086/753 752/752/751 768/768/767 769/769/768
f 753/3009/753 769/3085/768 771/770/769 770/771/770
f 753/754/753 770/3044/770 773/772/771 772/773/772
f 775/774/773 774/775/774 770/771/770 771/770/769
f 770/771/770 774/775/774 776/776/775 773/3043/771
f 778/777/776 754/753/752 753/754/753 777/778/777
f 778/777/776 779/779/778 755/755/754 754/753/752
f 777/778/777 753/754/753 772/773/772 780/780/779
f 780/780/779 772/773/772 781/781/780 782/782/781
f 781/781/780 783/783/782 784/784/783 782/782/781
f 773/772/771 785/785/784 781/781/780 772/773/772
f 785/785/784 786/786/785 783/783/782 781/781/780
f 787/787/786 786/786/785 785/785/784 773/772/771
f 776/3042/775 788/788/787 787/787/786 773/772/771
f 790/789/788 789/790/789 739/738/737 738/739/738
f 789/790/789 790/789/788 783/783/782 786/786/785
f 739/738/737 789/790/789 786/786/785 787/787/786
f 787/787/786 788/788/787 764/3127/763 739/738/737
f 790/789/788 791/791/790 784/784/783 783/783/782
f 738/739/738 792/792/791 791/791/790 790/789/788
f 738/739/738 740/740/739 793/793/792 792/792/791
f 794/794/793 793/793/792 740/740/739 722/722/721
f 794/794/793 722/722/721 719/719/718 795/795/794
f 716/716/715 796/796/795 795/795/794 719/719/718
f 708/708/707 797/2936/796 796/796/795 716/716/715
f 798/2940/797 797/2936/796 708/708/707 702/702/701
f 782/782/781 784/784/783 799/799/798 800/3028/799
f 782/782/781 800/3028/799 801/3027/800 780/780/779
f 802/3026/801 777/778/777 780/780/779 801/3027/800
f 778/777/776 777/778/777 802/3026/801 803/3025/802
f 778/777/776 803/3025/802 804/3024/803 779/779/778
f 805/3034/804 755/755/754 779/779/778 804/3024/803
f 756/756/755 755/755/754 805/3034/804 806/3033/805
f 806/3033/805 807/3029/806 757/757/756 756/756/755
f 809/808/807 808/809/808 742/743/742 743/742/741
f 742/743/742 808/809/808 810/810/809 811/811/810
f 811/811/810 812/812/811 744/744/743 742/743/742
f 744/744/743 812/812/811 813/813/812 814/3050/813
f 814/814/813 815/815/814 763/763/762 744/3008/743
f 817/816/815 816/817/816 732/733/732 762/3126/761
f 816/817/816 817/816/815 818/818/817 819/819/818
f 819/819/818 818/818/817 813/813/812 812/812/811
f 819/819/818 812/812/811 811/811/810 820/820/819
f 816/817/816 819/819/818 820/820/819 821/821/820
f 732/733/732 816/817/816 821/821/820 733/732/731
f 820/820/819 811/811/810 810/810/809 822/822/821
f 821/821/820 820/820/819 822/822/821 823/823/822
f 825/2796/823 824/2797/824 733/732/731 821/821/820
f 824/2797/824 826/2794/825 741/741/740 733/732/731
f 760/760/759 809/808/807 743/742/741 745/745/744
f 828/827/826 827/3040/827 809/808/807 760/760/759
f 829/3039/828 808/809/808 809/808/807 827/3040/827
f 830/3038/829 810/810/809 808/809/808 829/3039/828
f 830/3038/829 831/3037/830 822/822/821 810/810/809
f 823/823/822 822/822/821 831/3037/830 832/3035/831
f 825/2796/823 821/821/820 823/823/822 833/2795/832
f 832/3035/831 834/3036/833 833/2795/832 823/823/822
f 721/721/720 741/741/740 826/2794/825 835/2793/834
f 835/2793/834 836/2792/835 717/718/717 721/721/720
f 717/718/717 836/2792/835 837/2791/836 714/715/714
f 714/715/714 837/2791/836 838/2790/837 707/706/705
f 838/2790/837 839/2789/838 705/705/704 707/706/705
f 839/2789/838 840/2786/839 841/841/840 705/705/704
f 695/695/694 842/842/841 843/2787/842 618/617/617
f 840/2786/839 843/2787/842 842/842/841 841/841/840
f 841/841/840 842/842/841 695/695/694 705/705/704
f 845/844/843 692/692/691 616/2941/616 844/2938/844
f 798/2940/797 702/702/701 846/846/845 847/2939/846
f 844/2938/844 847/2939/846 846/846/845 845/844/843
f 845/844/843 846/846/845 702/702/701 692/692/691
f 849/848/847 848/849/848 775/774/773 771/770/769
f 848/849/848 850/850/849 774/775/774 775/774/773
f 799/3023/798 850/850/849 848/849/848 800/800/799
f 800/800/799 848/849/848 849/848/847 801/801/800
f 851/851/850 799/799/798 784/784/783 791/791/790
f 851/3022/850 852/852/851 850/850/849 799/3023/798
f 774/775/774 850/850/849 852/852/851 853/853/852
f 792/792/791 854/854/853 851/851/850 791/791/790
f 855/855/854 854/854/853 792/792/791 793/793/792
f 856/2931/855 855/855/854 793/793/792 794/794/793
f 794/794/793 795/795/794 857/2937/856 856/2931/855
f 796/796/795 797/2936/796 857/2937/856 795/795/794
f 797/797/796 798/798/797 858/858/857 857/857/856
f 847/847/846 859/859/858 858/858/857 798/798/797
f 844/845/844 860/860/859 859/859/858 847/847/846
f 860/860/859 844/845/844 616/616/616 615/615/615
f 817/816/815 762/3126/761 861/3125/860 862/3052/861
f 818/818/817 817/816/815 862/3052/861 863/3051/862
f 813/813/812 818/818/817 863/3051/862 864/3048/863
f 814/3050/813 813/813/812 864/3048/863 865/3049/864
f 867/866/865 866/867/866 834/834/833 832/832/831
f 868/868/867 867/866/865 832/832/831 831/831/830
f 869/3054/868 868/868/867 831/831/830 830/3055/829
f 866/867/866 867/866/865 870/870/869 871/871/870
f 867/866/865 868/868/867 872/872/871 870/870/869
f 873/873/872 872/872/871 868/868/867 869/3054/868
f 870/870/869 862/862/861 861/3047/860 871/871/870
f 872/872/871 863/863/862 862/862/861 870/870/869
f 872/872/871 873/873/872 864/864/863 863/863/862
f 875/874/873 825/824/823 833/833/832 874/875/874
f 874/875/874 833/833/832 834/2785/833 876/2784/875
f 876/876/875 834/834/833 866/867/866 877/877/876
f 877/877/876 866/867/866 871/871/870 878/878/877
f 878/878/877 871/871/870 861/3047/860 879/3045/878
f 861/861/860 762/762/761 880/880/879 879/879/878
f 881/881/880 880/880/879 762/762/761 761/761/760
f 882/882/881 881/881/880 761/761/760 763/763/762
f 883/883/882 865/865/864 864/864/863 873/873/872
f 873/873/872 869/3054/868 884/884/883 883/883/882
f 886/885/884 768/768/767 767/767/766 885/886/885
f 769/769/768 768/768/767 886/885/884 887/887/886
f 888/888/887 771/770/769 769/3085/768 887/3080/886
f 849/848/847 889/889/888 890/890/889 801/801/800
f 803/803/802 802/802/801 801/801/800 890/890/889
f 891/891/890 804/804/803 803/3053/802 890/3069/889
f 829/3120/828 892/892/891 869/869/868 830/830/829
f 827/828/827 828/3032/826 893/893/892 894/3121/893
f 892/892/891 829/3120/828 895/3122/894 896/896/895
f 894/3121/893 893/893/892 896/896/895 895/3122/894
f 829/3119/828 827/828/827 894/3121/893 897/3117/896
f 899/898/897 897/897/896 894/894/893 898/899/898
f 897/3118/896 899/3116/897 900/900/899 829/829/828
f 898/899/898 894/894/893 895/895/894 901/901/900
f 895/895/894 829/829/828 900/900/899 901/901/900
f 899/898/897 898/899/898 902/902/901 903/903/902
f 902/902/901 898/899/898 901/901/900 904/904/903
f 901/901/900 900/900/899 905/905/904 904/904/903
f 900/900/899 899/3116/897 903/3115/902 905/905/904
f 907/906/905 903/903/902 902/902/901 906/907/906
f 905/905/904 903/3115/902 907/3114/905 906/907/906
f 904/904/903 908/908/907 906/907/906 902/902/901
f 908/908/907 904/904/903 905/905/904 906/907/906
f 760/760/759 759/759/758 909/909/908 828/827/826
f 828/3032/826 909/3031/908 910/3103/909 893/893/892
f 911/911/910 909/909/908 759/759/758 758/758/757
f 909/3104/908 911/3030/910 912/3095/911 910/910/909
f 757/757/756 807/3029/806 911/911/910 758/758/757
f 913/913/912 912/912/911 911/3096/910 807/807/806
f 891/891/890 914/914/913 805/805/804 804/804/803
f 805/3113/804 914/3112/913 915/915/914 806/806/805
f 915/915/914 916/916/915 807/807/806 806/806/805
f 918/917/916 917/918/917 914/914/913 891/891/890
f 919/919/918 915/915/914 914/3112/913 917/3111/917
f 916/916/915 915/915/914 919/919/918 920/920/919
f 807/807/806 916/916/915 920/920/919 913/913/912
f 921/3070/920 918/917/916 891/891/890 890/3069/889
f 922/922/921 921/921/920 890/890/889 889/889/888
f 924/3102/922 923/924/923 893/893/892 910/3103/909
f 923/924/923 925/925/924 896/896/895 893/893/892
f 926/926/925 924/923/922 910/910/909 912/3095/911
f 928/927/926 927/3101/927 924/923/922 926/926/925
f 923/924/923 924/3102/922 927/928/927 929/929/928
f 929/929/928 930/930/929 925/925/924 923/924/923
f 932/931/930 931/932/931 917/918/917 918/917/916
f 917/3111/917 931/3110/931 933/933/932 919/919/918
f 933/933/932 934/934/933 920/920/919 919/919/918
f 913/913/912 920/920/919 934/934/933 935/935/934
f 913/913/912 935/935/934 936/936/935 937/937/936
f 912/912/911 913/913/912 937/937/936 938/938/937
f 926/926/925 912/3095/911 938/3093/937 939/939/938
f 939/939/938 940/940/939 928/927/926 926/926/925
f 892/892/891 896/896/895 925/925/924 941/3060/940
f 941/3060/940 884/3068/883 869/869/868 892/892/891
f 943/3071/941 942/943/942 918/917/916 921/3070/920
f 942/943/942 944/944/943 932/931/930 918/917/916
f 946/3109/944 931/932/931 932/931/930 945/946/945
f 934/934/933 933/933/932 947/947/946 948/948/947
f 933/933/932 931/3110/931 946/945/944 947/947/946
f 948/948/947 947/947/946 946/945/944 945/3108/945
f 949/949/948 945/946/945 932/931/930 944/944/943
f 948/948/947 945/3108/945 949/3107/948 950/950/949
f 950/950/949 951/951/950 934/934/933 948/948/947
f 951/951/950 952/952/951 935/935/934 934/934/933
f 953/953/952 936/936/935 935/935/934 952/952/951
f 942/943/942 943/3071/941 954/3067/953 955/955/954
f 957/956/955 955/955/954 954/3067/953 956/3066/956
f 959/958/957 950/950/949 949/3107/948 958/3106/958
f 949/949/948 944/944/943 960/960/959 958/959/958
f 944/944/943 942/943/942 955/955/954 960/960/959
f 959/958/957 961/961/960 951/951/950 950/950/949
f 961/961/960 962/962/961 952/952/951 951/951/950
f 953/953/952 952/952/951 962/962/961 963/963/962
f 965/964/963 959/958/957 958/3106/958 964/3105/964
f 958/959/958 960/960/959 966/966/965 964/965/964
f 967/967/966 966/966/965 960/960/959 955/955/954
f 965/964/963 968/968/967 961/961/960 959/958/957
f 961/961/960 968/968/967 969/969/968 962/962/961
f 962/962/961 969/969/968 970/970/969 963/963/962
f 972/971/970 965/964/963 964/3105/964 971/972/971
f 964/965/964 966/966/965 973/973/972 971/972/971
f 965/964/963 972/971/970 974/974/973 968/968/967
f 969/969/968 968/968/967 974/974/973 975/975/974
f 970/970/969 969/969/968 975/975/974 976/976/975
f 976/976/975 973/973/972 966/966/965 967/967/966
f 974/974/973 972/971/970 971/972/971 975/975/974
f 975/975/974 971/972/971 973/973/972 976/976/975
f 967/967/966 977/977/976 970/970/969 976/976/975
f 977/977/976 967/967/966 955/955/954 957/956/955
f 970/970/969 977/977/976 957/956/955 963/963/962
f 979/978/977 957/956/955 956/3066/956 978/3065/978
f 953/953/952 979/978/977 980/980/979 936/936/935
f 957/956/955 979/978/977 953/953/952 963/963/962
f 937/937/936 936/936/935 980/980/979 981/3056/980
f 981/3056/980 980/980/979 979/978/977 978/3065/978
f 983/982/981 928/927/926 940/940/939 982/983/982
f 983/982/981 984/984/983 927/3101/927 928/927/926
f 986/985/984 985/986/985 927/928/927 984/3100/983
f 988/987/986 987/988/987 930/930/929 929/929/928
f 985/986/985 988/987/986 929/929/928 927/928/927
f 990/989/988 988/987/986 985/986/985 989/990/989
f 991/991/990 989/990/989 985/986/985 986/985/984
f 990/989/988 992/992/991 987/988/987 988/987/986
f 993/3099/992 991/991/990 986/985/984 984/3100/983
f 994/994/993 993/993/992 984/984/983 983/982/981
f 982/983/982 995/995/994 994/994/993 983/982/981
f 990/989/988 996/996/995 997/997/996 992/992/991
f 989/990/989 998/998/997 996/996/995 990/989/988
f 991/991/990 999/999/998 998/998/997 989/990/989
f 991/991/990 993/3099/992 1000/3098/999 999/999/998
f 1001/1001/1000 1000/1000/999 993/993/992 994/994/993
f 1002/1002/1001 1001/1001/1000 994/994/993 995/995/994
f 987/988/987 992/992/991 997/997/996 1003/1003/1002
f 930/930/929 987/988/987 1003/1003/1002 1004/1004/1003
f 939/939/938 1005/1005/1004 1006/3064/1005 940/940/939
f 1007/1007/1006 982/983/982 940/940/939 1006/3064/1005
f 995/995/994 982/983/982 1007/1007/1006 1008/1008/1007
f 1002/1002/1001 995/995/994 1008/1008/1007 1009/1009/1008
f 1011/1010/1009 996/996/995 998/998/997 1010/1011/1010
f 1010/1011/1010 998/998/997 999/999/998 1012/1012/1011
f 1012/1012/1011 999/999/998 1000/3098/999 1013/3097/1012
f 1014/1014/1013 1013/1013/1012 1000/1000/999 1001/1001/1000
f 1001/1001/1000 1002/1002/1001 1015/1015/1014 1014/1014/1013
f 1016/1016/1015 1015/1015/1014 1002/1002/1001 1009/1009/1008
f 1017/1017/1016 997/997/996 996/996/995 1011/1010/1009
f 1017/1017/1016 1018/1018/1017 1003/1003/1002 997/997/996
f 1014/1014/1013 1019/1019/1018 1020/1020/1019 1013/1013/1012
f 1019/1019/1018 1014/1014/1013 1015/1015/1014 1016/1016/1015
f 1013/3097/1012 1020/1020/1019 1021/1021/1020 1012/1012/1011
f 1010/1011/1010 1012/1012/1011 1021/1021/1020 1011/1010/1009
f 1022/1022/1021 1017/1017/1016 1011/1010/1009 1021/1021/1020
f 1022/1022/1021 1023/1023/1022 1018/1018/1017 1017/1017/1016
f 1020/1020/1019 1019/1019/1018 1022/1022/1021 1021/1021/1020
f 1023/1023/1022 1022/1022/1021 1019/1019/1018 1016/1016/1015
f 1024/1024/1023 1023/1023/1022 1016/1016/1015 1009/1009/1008
f 1025/1025/1024 1018/1018/1017 1023/1023/1022 1024/1024/1023
f 1018/1018/1017 1025/1025/1024 1004/1004/1003 1003/1003/1002
f 1024/1024/1023 1009/1009/1008 1008/1008/1007 1025/1025/1024
f 1007/1007/1006 1026/1026/1025 1027/1027/1026 1008/1008/1007
f 1029/1028/1027 1028/1029/1028 1004/1004/1003 1025/1025/1024
f 1027/1027/1026 1029/1028/1027 1025/1025/1024 1008/1008/1007
f 1029/1028/1027 1027/1027/1026 1026/1026/1025 1028/1029/1028
f 1026/1026/1025 1007/1007/1006 1006/3064/1005 1030/3063/1029
f 1028/1029/1028 1026/1026/1025 1030/3063/1029 1031/3062/1030
f 1033/1032/1031 1028/1029/1028 1031/3062/1030 1032/3061/1032
f 1035/1034/1033 1034/3059/1034 930/930/929 1004/1004/1003
f 1035/1034/1033 1033/1032/1031 1032/3061/1032 1034/3059/1034
f 1033/1032/1031 1035/1034/1033 1004/1004/1003 1028/1029/1028
f 925/925/924 930/930/929 1034/3059/1034 941/3060/940
f 1030/1030/1029 1006/1006/1005 1005/3058/1004 1036/1036/1035
f 939/939/938 938/3093/937 1037/3094/1036 1005/1005/1004
f 938/938/937 937/937/936 981/3056/980 1037/3057/1036
f 1005/3058/1004 1037/3089/1036 1038/1038/1037 1036/1036/1035
f 1039/1039/1038 1038/3088/1037 1037/1037/1036 981/981/980
f 1041/1040/1039 1040/1041/1040 1038/3088/1037 1039/1039/1038
f 1040/3087/1040 1042/1042/1041 1043/1043/1042 1038/1038/1037
f 1043/1043/1042 1044/1044/1043 1036/1036/1035 1038/1038/1037
f 1044/1044/1043 1043/1043/1042 1042/1042/1041 1045/1045/1044
f 1047/1046/1045 1044/1044/1043 1045/1045/1044 1046/1047/1046
f 1030/1030/1029 1036/1036/1035 1044/1044/1043 1047/1046/1045
f 1049/1048/1047 1040/1041/1040 1041/1040/1039 1048/1049/1048
f 1042/1042/1041 1040/3087/1040 1049/3092/1047 1045/1045/1044
f 1045/1045/1044 1049/3092/1047 1050/3091/1049 1051/1051/1050
f 1048/1049/1048 1052/1052/1051 1050/1050/1049 1049/1048/1047
f 1051/1051/1050 1053/1053/1052 1046/1047/1046 1045/1045/1044
f 1048/1049/1048 1041/1040/1039 1039/1039/1038 1054/1054/1053
f 1055/1055/1054 1052/1052/1051 1048/1049/1048 1054/1054/1053
f 1056/1056/1055 1039/1039/1038 981/981/980 978/979/978
f 1039/1039/1038 1056/1056/1055 1057/1057/1056 1054/1054/1053
f 1054/1054/1053 1057/1057/1056 1058/1058/1057 1055/1055/1054
f 1060/1059/1058 1046/1047/1046 1053/1053/1052 1059/1060/1059
f 1047/1046/1045 1046/1047/1046 1060/1059/1058 1061/1061/1060
f 1062/1062/1061 1030/1030/1029 1047/1046/1045 1061/1061/1060
f 1030/1030/1029 1062/1062/1061 1063/1063/1062 1031/1031/1030
f 1055/1055/1054 1058/1058/1057 1064/1064/1063 1065/1065/1064
f 1066/1066/1065 1052/1052/1051 1055/1055/1054 1065/1065/1064
f 1050/1050/1049 1052/1052/1051 1066/1066/1065 1067/1067/1066
f 1050/3091/1049 1067/3090/1066 1068/1068/1067 1051/1051/1050
f 1068/1068/1067 1069/1069/1068 1053/1053/1052 1051/1051/1050
f 1069/1069/1068 1070/1070/1069 1059/1060/1059 1053/1053/1052
f 978/979/978 956/957/956 1071/1071/1070 1056/1056/1055
f 956/957/956 954/954/953 1072/1072/1071 1071/1071/1070
f 954/954/953 943/942/941 1073/1073/1072 1072/1072/1071
f 921/921/920 922/922/921 1073/1073/1072 943/942/941
f 1056/1056/1055 1071/1071/1070 1074/1074/1073 1057/1057/1056
f 1057/1057/1056 1074/1074/1073 1075/1075/1074 1058/1058/1057
f 1071/1071/1070 1072/1072/1071 1076/1076/1075 1074/1074/1073
f 1077/1077/1076 1076/1076/1075 1072/1072/1071 1073/1073/1072
f 1074/1074/1073 1076/1076/1075 1078/1078/1077 1075/1075/1074
f 1079/1079/1078 1078/1078/1077 1076/1076/1075 1077/1077/1076
f 1075/1075/1074 1080/1080/1079 1064/1064/1063 1058/1058/1057
f 1081/1081/1080 1080/1080/1079 1075/1075/1074 1078/1078/1077
f 1082/1082/1081 1081/1081/1080 1078/1078/1077 1079/1079/1078
f 1073/1073/1072 922/922/921 1083/1083/1082 1077/1077/1076
f 1084/1084/1083 1083/1083/1082 922/922/921 889/889/888
f 889/889/888 1085/1085/1084 1086/1086/1085 1084/1084/1083
f 1088/1087/1086 1087/1088/1087 889/889/888 849/848/847
f 1090/1089/1088 1089/1090/1089 771/770/769 888/888/887
f 1089/1090/1089 1088/1087/1086 849/848/847 771/770/769
f 1089/1090/1089 1090/1089/1088 1087/1088/1087 1088/1087/1086
f 889/889/888 1087/1088/1087 1091/1091/1090 1085/1085/1084
f 1090/1089/1088 1092/1092/1091 1091/1091/1090 1087/1088/1087
f 888/888/887 1093/1093/1092 1092/1092/1091 1090/1089/1088
f 888/888/887 887/3080/886 1094/1094/1093 1093/1093/1092
f 1095/1095/1094 1079/1079/1078 1077/1077/1076 1083/1083/1082
f 1084/1084/1083 1096/1096/1095 1095/1095/1094 1083/1083/1082
f 1096/1096/1095 1084/1084/1083 1086/1086/1085 1097/1097/1096
f 1079/1079/1078 1095/1095/1094 1098/1098/1097 1082/1082/1081
f 1097/1097/1096 1098/1098/1097 1095/1095/1094 1096/1096/1095
f 1086/1086/1085 1085/1085/1084 1091/1091/1090 1099/1099/1098
f 1099/1099/1098 1091/1091/1090 1092/1092/1091 1093/1093/1092
f 1093/1093/1092 1100/1100/1099 1101/1101/1100 1099/1099/1098
f 1097/1097/1096 1086/1086/1085 1099/1099/1098 1101/1101/1100
f 1102/1102/1101 1100/1100/1099 1093/1093/1092 1094/1094/1093
f 941/941/940 1034/1035/1034 1032/1033/1032 1103/1103/1102
f 1103/1103/1102 1104/1104/1103 884/884/883 941/941/940
f 1105/1105/1104 1032/1033/1032 1031/1031/1030 1063/1063/1062
f 1032/1033/1032 1105/1105/1104 1106/1106/1105 1103/1103/1102
f 1104/1104/1103 1103/1103/1102 1106/1106/1105 1107/1107/1106
f 1109/1108/1107 1060/1059/1058 1059/1060/1059 1108/1109/1108
f 1061/1061/1060 1060/1059/1058 1109/1108/1107 1110/1110/1109
f 1062/1062/1061 1061/1061/1060 1110/1110/1109 1063/1063/1062
f 1070/1070/1069 1111/1111/1110 1108/1109/1108 1059/1060/1059
f 1110/1110/1109 1109/1108/1107 1108/1109/1108 1112/1112/1111
f 1111/1111/1110 1113/1113/1112 1112/1112/1111 1108/1109/1108
f 1063/1063/1062 1110/1110/1109 1112/1112/1111 1105/1105/1104
f 1105/1105/1104 1114/1114/1113 1115/1115/1114 1106/1106/1105
f 1113/1113/1112 1116/1116/1115 1117/1117/1116 1112/1112/1111
f 1117/1117/1116 1114/1114/1113 1105/1105/1104 1112/1112/1111
f 1114/1114/1113 1117/1117/1116 1116/1116/1115 1115/1115/1114
f 1115/1115/1114 1118/1118/1117 1107/1107/1106 1106/1106/1105
f 1119/1119/1118 1118/1118/1117 1115/1115/1114 1116/1116/1115
f 1113/1113/1112 1120/1120/1119 1119/1119/1118 1116/1116/1115
f 1111/1111/1110 1121/1121/1120 1120/1120/1119 1113/1113/1112
f 1121/1121/1120 1111/1111/1110 1070/1070/1069 1122/1122/1121
f 1069/1069/1068 1123/1123/1122 1122/1122/1121 1070/1070/1069
f 1123/1123/1122 1069/1069/1068 1068/1068/1067 1124/1124/1123
f 1126/1125/1124 1064/1064/1063 1080/1080/1079 1125/1126/1125
f 1127/1127/1126 1065/1065/1064 1064/1064/1063 1126/1125/1124
f 1066/1066/1065 1065/1065/1064 1127/1127/1126 1128/1128/1127
f 1124/1124/1123 1068/1068/1067 1067/3090/1066 1129/1129/1128
f 1129/1129/1128 1067/1067/1066 1066/1066/1065 1128/1128/1127
f 1130/1130/1129 1125/1126/1125 1080/1080/1079 1081/1081/1080
f 1131/1131/1130 1130/1130/1129 1081/1081/1080 1082/1082/1081
f 1082/1082/1081 1098/1098/1097 1132/1132/1131 1131/1131/1130
f 1098/1098/1097 1097/1097/1096 1133/1133/1132 1132/1132/1131
f 1101/1101/1100 1134/1134/1133 1133/1133/1132 1097/1097/1096
f 1134/1134/1133 1101/1101/1100 1100/1100/1099 1135/1135/1134
f 1136/1136/1135 1135/1135/1134 1100/1100/1099 1102/1102/1101
f 883/883/882 1137/1137/1136 1138/1138/1137 1139/1139/1138
f 1141/1140/1139 884/884/883 1104/1104/1103 1140/1141/1140
f 1141/1140/1139 1137/1137/1136 883/883/882 884/884/883
f 1141/1140/1139 1140/1141/1140 1138/1138/1137 1137/1137/1136
f 1118/1118/1117 1142/1142/1141 1143/1143/1142 1107/1107/1106
f 1107/1107/1106 1143/1143/1142 1140/1141/1140 1104/1104/1103
f 1144/1144/1143 1138/1138/1137 1140/1141/1140 1143/1143/1142
f 1144/1144/1143 1143/1143/1142 1142/1142/1141 1145/1145/1144
f 1144/1144/1143 1146/1146/1145 1139/1139/1138 1138/1138/1137
f 1145/1145/1144 1147/1147/1146 1146/1146/1145 1144/1144/1143
f 1118/1118/1117 1119/1119/1118 1148/1148/1147 1142/1142/1141
f 1149/1149/1148 1145/1145/1144 1142/1142/1141 1148/1148/1147
f 1150/1150/1149 1147/1147/1146 1145/1145/1144 1149/1149/1148
f 1148/1148/1147 1119/1119/1118 1120/1120/1119 1151/1151/1150
f 1148/1148/1147 1151/1151/1150 1152/1152/1151 1149/1149/1148
f 1121/1121/1120 1153/1153/1152 1151/1151/1150 1120/1120/1119
f 1154/1154/1153 1150/1150/1149 1149/1149/1148 1152/1152/1151
f 1139/1139/1138 1155/1155/1154 865/865/864 883/883/882
f 1156/1156/1155 1155/1155/1154 1139/1139/1138 1146/1146/1145
f 1157/1157/1156 1156/1156/1155 1146/1146/1145 1147/1147/1146
f 1157/1157/1156 1147/1147/1146 1150/1150/1149 1158/1158/1157
f 1159/1159/1158 1158/1158/1157 1150/1150/1149 1154/1154/1153
f 1161/3083/1159 1160/1161/1160 814/814/813 865/3084/864
f 1161/1160/1159 865/865/864 1155/1155/1154 1162/3082/1161
f 1156/1156/1155 1163/1163/1162 1162/3082/1161 1155/1155/1154
f 1158/1158/1157 1163/1163/1162 1156/1156/1155 1157/1157/1156
f 1164/1164/1163 1160/1161/1160 1161/3083/1159 1162/1162/1161
f 1164/1164/1163 1162/1162/1161 1163/3081/1162 1165/1165/1164
f 1165/3073/1164 1163/1163/1162 1158/1158/1157 1159/1159/1158
f 1136/1136/1135 1166/1166/1165 1167/1167/1166 1135/1135/1134
f 1135/1135/1134 1167/1167/1166 1168/1168/1167 1134/1134/1133
f 1134/1134/1133 1168/1168/1167 1132/1132/1131 1133/1133/1132
f 1166/1166/1165 1169/1169/1168 1170/1170/1169 1167/1167/1166
f 1132/1132/1131 1168/1168/1167 1167/1167/1166 1170/1170/1169
f 1170/1170/1169 1171/1171/1170 1131/1131/1130 1132/1132/1131
f 1130/1130/1129 1131/1131/1130 1171/1171/1170 1172/1172/1171
f 1125/1126/1125 1130/1130/1129 1172/1172/1171 1173/1173/1172
f 1174/1174/1173 1126/1125/1124 1125/1126/1125 1173/1173/1172
f 1126/1125/1124 1174/1174/1173 1128/1128/1127 1127/1127/1126
f 1174/1174/1173 1124/1124/1123 1129/1129/1128 1128/1128/1127
f 1122/1122/1121 1175/1175/1174 1153/1153/1152 1121/1121/1120
f 1123/1123/1122 1176/1176/1175 1175/1175/1174 1122/1122/1121
f 1124/1124/1123 1177/1177/1176 1176/1176/1175 1123/1123/1122
f 1174/1174/1173 1178/1178/1177 1177/1177/1176 1124/1124/1123
f 1178/1178/1177 1174/1174/1173 1173/1173/1172 1179/1179/1178
f 1179/1179/1178 1173/1173/1172 1172/1172/1171 1180/1180/1179
f 1171/1171/1170 1181/1181/1180 1180/1180/1179 1172/1172/1171
f 1169/1169/1168 1181/1181/1180 1171/1171/1170 1170/1170/1169
f 1182/1182/1181 1152/1152/1151 1151/1151/1150 1153/1153/1152
f 1183/1183/1182 1182/1182/1181 1153/1153/1152 1175/1175/1174
f 1183/1183/1182 1175/1175/1174 1176/1176/1175 1184/1184/1183
f 1184/1184/1183 1176/1176/1175 1177/1177/1176 1185/1185/1184
f 1185/1185/1184 1177/1177/1176 1178/1178/1177 1186/1186/1185
f 1179/1179/1178 1187/1187/1186 1186/1186/1185 1178/1178/1177
f 1181/1181/1180 1187/1187/1186 1179/1179/1178 1180/1180/1179
f 1187/1187/1186 1181/1181/1180 1169/1169/1168 1188/1188/1187
f 1169/1169/1168 1166/1166/1165 1189/1189/1188 1188/1188/1187
f 1189/1189/1188 1166/1166/1165 1136/1136/1135 1190/1190/1189
f 1190/1190/1189 1136/1136/1135 1102/1102/1101 1191/1191/1190
f 1094/1094/1093 1192/1192/1191 1191/1191/1190 1102/1102/1101
f 887/3080/886 1193/3079/1192 1192/1192/1191 1094/1094/1093
f 1193/1193/1192 887/887/886 1194/1194/1193 1195/1195/1194
f 1194/1194/1193 1196/1196/1195 1197/1197/1196 1195/1195/1194
f 1196/1196/1195 886/885/884 885/886/885 1197/1197/1196
f 1196/1196/1195 1194/1194/1193 887/887/886 886/885/884
f 1198/1198/1197 1186/1186/1185 1187/1187/1186 1188/1188/1187
f 1186/1186/1185 1198/1198/1197 1199/1199/1198 1185/1185/1184
f 1200/1200/1199 1184/1184/1183 1185/1185/1184 1199/1199/1198
f 1184/1184/1183 1200/1200/1199 1201/1201/1200 1183/1183/1182
f 1183/1183/1182 1201/1201/1200 1202/1202/1201 1182/1182/1181
f 1152/1152/1151 1203/1203/1202 1204/1204/1203 1154/1154/1153
f 1152/1152/1151 1182/1182/1181 1202/1202/1201 1203/1203/1202
f 1206/1205/1204 1204/1204/1203 1203/1203/1202 1205/1206/1205
f 1208/1207/1206 1189/1189/1188 1190/1190/1189 1207/1208/1207
f 1208/1207/1206 1198/1198/1197 1188/1188/1187 1189/1189/1188
f 1202/1202/1201 1201/1201/1200 1205/1206/1205 1203/1203/1202
f 1210/1209/1208 1206/1205/1204 1205/1206/1205 1209/1210/1209
f 1207/1208/1207 1211/1211/1210 1212/1212/1211 1208/1207/1206
f 1200/1200/1199 1209/1210/1209 1205/1206/1205 1201/1201/1200
f 1198/1198/1197 1208/1207/1206 1212/1212/1211 1199/1199/1198
f 1199/1199/1198 1212/1212/1211 1209/1210/1209 1200/1200/1199
f 1211/1211/1210 1210/1209/1208 1209/1210/1209 1212/1212/1211
f 1191/1191/1190 1213/1213/1212 1207/1208/1207 1190/1190/1189
f 1192/1192/1191 1214/1214/1213 1213/1213/1212 1191/1191/1190
f 1193/3079/1192 1215/3078/1214 1214/1214/1213 1192/1192/1191
f 1215/1215/1214 1193/1193/1192 1195/1195/1194 1216/1216/1215
f 1197/1197/1196 1217/1217/1216 1216/1216/1215 1195/1195/1194
f 1197/1197/1196 885/886/885 1218/1218/1217 1217/1217/1216
f 1220/1219/1218 1213/1213/1212 1214/1214/1213 1219/1220/1219
f 1215/3078/1214 1221/3077/1220 1219/1220/1219 1214/1214/1213
f 1216/1216/1215 1222/1222/1221 1221/1221/1220 1215/1215/1214
f 1217/1217/1216 1223/1223/1222 1222/1222/1221 1216/1216/1215
f 1224/1224/1223 1223/1223/1222 1217/1217/1216 1218/1218/1217
f 1213/1213/1212 1220/1219/1218 1211/1211/1210 1207/1208/1207
f 1226/1225/1224 1225/1226/1225 1210/1209/1208 1211/1211/1210
f 1225/1226/1225 1227/1227/1226 1206/1205/1204 1210/1209/1208
f 1227/1227/1226 1228/1228/1227 1204/1204/1203 1206/1205/1204
f 1154/1154/1153 1204/1204/1203 1228/1228/1227 1159/1159/1158
f 1226/1225/1224 1211/1211/1210 1220/1219/1218 1229/3076/1228
f 1220/1219/1218 1219/1220/1219 1221/3077/1220 1229/3076/1228
f 1230/3075/1229 1225/1226/1225 1226/1225/1224 1229/3076/1228
f 1230/3075/1229 1231/3074/1230 1227/1227/1226 1225/1226/1225
f 1228/1228/1227 1227/1227/1226 1231/3074/1230 1232/3072/1231
f 1159/1159/1158 1228/1228/1227 1232/3072/1231 1165/3073/1164
f 1222/1222/1221 1233/1233/1232 1229/1229/1228 1221/1221/1220
f 1223/1223/1222 1234/1234/1233 1233/1233/1232 1222/1222/1221
f 1224/1224/1223 1235/1235/1234 1234/1234/1233 1223/1223/1222
f 1229/1229/1228 1233/1233/1232 1236/1236/1235 1230/1230/1229
f 1237/1237/1236 1236/1236/1235 1233/1233/1232 1234/1234/1233
f 1238/1238/1237 1237/1237/1236 1234/1234/1233 1235/1235/1234
f 1231/1231/1230 1230/1230/1229 1236/1236/1235 1239/1239/1238
f 1232/1232/1231 1231/1231/1230 1239/1239/1238 1240/1240/1239
f 1241/1241/1240 1165/1165/1164 1232/1232/1231 1240/1240/1239
f 1160/1161/1160 1164/1164/1163 1242/1242/1241 1243/1243/1242
f 1243/1243/1242 815/815/814 814/814/813 1160/1161/1160
f 1242/1242/1241 1164/1164/1163 1165/1165/1164 1241/1241/1240
f 1237/1237/1236 1244/1244/1243 1239/1239/1238 1236/1236/1235
f 1245/1245/1244 1240/1240/1239 1239/1239/1238 1244/1244/1243
f 1245/1245/1244 1242/1242/1241 1241/1241/1240 1240/1240/1239
f 1245/1245/1244 1246/1246/1245 1243/1243/1242 1242/1242/1241
f 1246/1246/1245 1247/1247/1246 815/815/814 1243/1243/1242
f 1247/1247/1246 1248/1248/1247 763/763/762 815/815/814
f 882/882/881 763/763/762 1248/1248/1247 1249/1249/1248
f 1249/1249/1248 1250/1250/1249 881/881/880 882/882/881
f 880/880/879 881/881/880 1250/1250/1249 1251/1251/1250
f 1238/1238/1237 1252/1252/1251 1244/1244/1243 1237/1237/1236
f 1245/1245/1244 1244/1244/1243 1252/1252/1251 1253/1253/1252
f 1254/1254/1253 1246/1246/1245 1245/1245/1244 1253/1253/1252
f 1254/1254/1253 1255/1255/1254 1247/1247/1246 1246/1246/1245
f 1255/1255/1254 1256/1256/1255 1248/1248/1247 1247/1247/1246
f 1256/1256/1255 1257/1257/1256 1249/1249/1248 1248/1248/1247
f 1257/1257/1256 1258/1258/1257 1250/1250/1249 1249/1249/1248
f 1251/1251/1250 1250/1250/1249 1258/1258/1257 1259/1259/1258
f 1261/3006/1259 1260/3002/1260 776/776/775 774/775/774
f 1262/3005/1261 1261/3006/1259 774/775/774 853/853/852
f 1264/1263/1262 1262/1262/1261 853/3003/852 1263/3004/1263
f 1260/3002/1260 1265/3001/1264 1266/2935/1265 776/776/775
f 788/788/787 776/3042/775 1266/3041/1265 764/3127/763
f 1268/1267/1266 1260/1261/1260 1261/1260/1259 1267/1268/1267
f 1265/3000/1264 1260/1261/1260 1268/1267/1266 1269/1269/1268
f 1265/3000/1264 1269/1269/1268 1270/1270/1269 1271/2999/1270
f 1271/2999/1270 1270/1270/1269 1272/1272/1271 1273/2998/1272
f 1273/2998/1272 1272/1272/1271 1274/1274/1273 1275/1275/1274
f 1264/1263/1262 1263/3004/1263 1276/1276/1275 1277/1277/1276
f 1277/1277/1276 1276/1276/1275 1278/1278/1277 1279/1279/1278
f 1279/1279/1278 1278/1278/1277 1280/1280/1279 1281/1281/1280
f 1280/1280/1279 1282/1282/1281 1283/1283/1282 1281/1281/1280
f 1263/2933/1263 853/853/852 852/852/851 1286/1284/1283
f 1265/2932/1264 1287/1285/1284 1288/1286/1285 1266/1266/1265
f 1283/1283/1282 1282/1282/1281 1289/1287/1286 1290/1288/1287
f 1290/1288/1287 1289/1287/1286 1285/1289/1288 1284/1290/1289
f 1284/1290/1289 1291/1291/1290 1292/1292/1291 1290/1288/1287
f 1293/1293/1292 1283/1283/1282 1290/1288/1287 1292/1292/1291
f 1295/1294/1293 1261/1260/1259 1262/1262/1261 1294/1295/1294
f 1296/1296/1295 1294/1295/1294 1262/1262/1261 1264/1263/1262
f 1264/1263/1262 1277/1277/1276 1297/1297/1296 1296/1296/1295
f 1298/1298/1297 1297/1297/1296 1277/1277/1276 1279/1279/1278
f 1299/1299/1298 1298/1298/1297 1279/1279/1278 1281/1281/1280
f 1293/1293/1292 1299/1299/1298 1281/1281/1280 1283/1283/1282
f 1284/1290/1289 1274/1274/1273 1300/1300/1299 1291/1291/1290
f 1274/1274/1273 1272/1272/1271 1301/1301/1300 1300/1300/1299
f 1272/1272/1271 1270/1270/1269 1302/1302/1301 1301/1301/1300
f 1270/1270/1269 1269/1269/1268 1303/1303/1302 1302/1302/1301
f 1267/1268/1267 1303/1303/1302 1269/1269/1268 1268/1267/1266
f 1295/1294/1293 1304/1304/1303 1267/1268/1267 1261/1260/1259
f 1306/1305/1304 1305/1306/1305 1303/1303/1302 1267/1268/1267
f 1308/1307/1306 1307/1308/1307 1305/1306/1305 1306/1305/1304
f 1308/1307/1306 1306/1305/1304 1267/1268/1267 1304/1304/1303
f 1307/1308/1307 1309/1309/1308 1303/1303/1302 1305/1306/1305
f 1309/1309/1308 1310/1310/1309 1302/1302/1301 1303/1303/1302
f 1310/1310/1309 1311/1311/1310 1301/1301/1300 1302/1302/1301
f 1311/1311/1310 1312/1312/1311 1300/1300/1299 1301/1301/1300
f 1291/1291/1290 1300/1300/1299 1312/1312/1311 1292/1292/1291
f 1299/1299/1298 1293/1293/1292 1292/1292/1291 1312/1312/1311
f 1312/1312/1311 1311/1311/1310 1298/1298/1297 1299/1299/1298
f 1297/1297/1296 1298/1298/1297 1311/1311/1310 1310/1310/1309
f 1314/1313/1312 1313/1314/1313 1294/1295/1294 1296/1296/1295
f 1304/1304/1303 1295/1294/1293 1294/1295/1294 1313/1314/1313
f 1304/1304/1303 1313/1314/1313 1314/1313/1312 1315/1315/1314
f 1316/1316/1315 1310/1310/1309 1309/1309/1308
f 1310/1310/1309 1316/1316/1315 1317/1317/1316 1297/1297/1296
f 1296/1296/1295 1297/1297/1296 1317/1317/1316 1314/1313/1312
f 1304/1304/1303 1315/1315/1314 1307/1308/1307 1308/1307/1306
f 1309/1309/1308 1307/1308/1307 1315/1315/1314 1316/1316/1315
f 1316/1316/1315 1315/1315/1314 1314/1313/1312 1317/1317/1316
f 1319/1318/1317 1318/1319/1318 1285/1289/1288 1289/1287/1286
f 1321/1320/1319 1320/1321/1320 1282/1282/1281 1280/1280/1279
f 1319/1318/1317 1289/1287/1286 1282/1282/1281 1320/1321/1320
f 1320/1321/1320 1321/1320/1319 1318/1319/1318 1319/1318/1317
f 1286/2934/1283 1322/2928/1321 1323/1323/1322 1263/1264/1263
f 1265/1265/1264 1271/1271/1270 1276/1276/1275 1263/3004/1263
f 1271/1271/1270 1273/1273/1272 1278/1278/1277 1276/1276/1275
f 1273/1273/1272 1275/2997/1274 1280/1280/1279 1278/1278/1277
f 1325/1324/1323 1284/1290/1289 1285/1289/1288 1324/1325/1324
f 1275/1275/1274 1274/1274/1273 1326/1326/1325 1327/2996/1326
f 1326/1326/1325 1325/1324/1323 1324/1325/1324 1327/2996/1326
f 1325/1324/1323 1326/1326/1325 1274/1274/1273 1284/1290/1289
f 1321/1320/1319 1280/1280/1279 1275/2997/1274 1327/1327/1326
f 1318/1319/1318 1321/1320/1319 1327/1327/1326 1324/1325/1324
f 1285/1289/1288 1318/1319/1318 1324/1325/1324
f 1265/2932/1264 1263/1264/1263 1323/1323/1322 1287/1285/1284
f 1288/1286/1285 1287/1285/1284 1328/1328/1327 1329/1329/1328
f 1323/1323/1322 1322/2928/1321 1330/1330/1329 1331/1331/1330
f 1287/1285/1284 1323/1323/1322 1331/1331/1330 1328/1328/1327
f 1333/1332/1331 1331/1331/1330 1330/1330/1329 1332/1333/1332
f 1331/1331/1330 1333/1332/1331 1334/1334/1333 1328/1328/1327
f 1335/1335/1334 1329/1329/1328 1328/1328/1327 1334/1334/1333
f 1334/1334/1333 1336/1336/1335 1337/1337/1336 1335/1335/1334
f 1339/1338/1337 1338/1339/1338 1333/1332/1331 1332/1333/1332
f 1336/1336/1335 1334/1334/1333 1333/1332/1331 1338/1339/1338
f 1340/1340/1339 764/764/763 1266/1266/1265 1288/1286/1285
f 765/765/764 764/764/763 1340/1340/1339 1341/1341/1340
f 1342/1342/1341 1340/1340/1339 1288/1286/1285 1329/1329/1328
f 1343/1343/1342 1341/1341/1340 1340/1340/1339 1342/1342/1341
f 1329/1329/1328 1335/1335/1334 1344/1344/1343 1342/1342/1341
f 1345/1345/1344 1343/1343/1342 1342/1342/1341 1344/1344/1343
f 1346/1346/1345 1344/1344/1343 1335/1335/1334 1337/1337/1336
f 1347/1347/1346 1345/1345/1344 1344/1344/1343 1346/1346/1345
f 875/874/873 1348/1348/1347 824/825/824 825/824/823
f 824/825/824 1348/1348/1347 1349/1349/1348 826/826/825
f 1349/1349/1348 1350/1350/1349 835/835/834 826/826/825
f 1351/1351/1350 836/836/835 835/835/834 1350/1350/1349
f 837/837/836 836/836/835 1351/1351/1350 838/838/837
f 1351/1351/1350 1352/1352/1351 839/839/838 838/838/837
f 1352/1352/1351 1353/1353/1352 840/840/839 839/839/838
f 1354/1354/1353 843/843/842 840/840/839 1353/1353/1352
f 1354/1354/1353 617/618/618 618/2788/617 843/843/842
f 1356/2782/1354 877/877/876 878/878/877 1355/2821/1355
f 879/3045/878 1357/3046/1356 1355/2821/1355 878/878/877
f 880/880/879 1358/2819/1357 1357/2820/1356 879/879/878
f 1359/2818/1358 1358/2819/1357 880/880/879 1251/1251/1250
f 1259/1259/1258 1360/2817/1359 1359/2818/1358 1251/1251/1250
f 1361/2783/1360 876/876/875 877/877/876 1356/2782/1354
f 1362/1362/1361 874/875/874 876/2784/875 1361/1361/1360
f 1363/1363/1362 875/874/873 874/875/874 1362/1362/1361
f 1352/1352/1351 1351/1351/1350 1350/1350/1349 1349/1349/1348
f 875/874/873 1363/1363/1362 1364/1364/1363 1348/1348/1347
f 1365/1365/1364 1349/1349/1348 1348/1348/1347 1364/1364/1363
f 1352/1352/1351 1366/1366/1365 1367/1367/1366 1353/1353/1352
f 1365/1365/1364 1366/1366/1365 1352/1352/1351 1349/1349/1348
f 1366/1366/1365 1365/1365/1364 1364/1364/1363 1367/1367/1366
f 1363/1363/1362 1368/1368/1367 1367/1367/1366 1364/1364/1363
f 1353/1353/1352 1367/1367/1366 1368/1368/1367 1354/1354/1353
f 1354/1354/1353 1368/1368/1367 1369/1369/1368 617/618/618
f 1370/1370/1369 619/619/619 617/618/618 1369/1369/1368
f 1371/1371/1370 620/620/620 619/619/619 1370/1370/1369
f 1356/1355/1354 1372/1372/1371 1373/1373/1372 1361/1361/1360
f 1363/1363/1362 1362/1362/1361 1361/1361/1360 1373/1373/1372
f 1368/1368/1367 1363/1363/1362 1373/1373/1372 1369/1369/1368
f 1369/1369/1368 1373/1373/1372 1372/1372/1371 1370/1370/1369
f 1370/1370/1369 1372/1372/1371 1374/1374/1373 1371/1371/1370
f 620/620/620 1371/1371/1370 1375/1375/1374 621/621/621
f 622/622/622 621/621/621 1375/1375/1374 1376/1376/1375
f 1377/1377/1376 1375/1375/1374 1371/1371/1370 1374/1374/1373
f 1377/1377/1376 1378/1378/1377 1376/1376/1375 1375/1375/1374
f 1379/1379/1378 859/859/858 860/860/859 615/615/615
f 1379/1379/1378 1380/1380/1379 858/858/857 859/859/858
f 857/857/856 858/858/857 1380/1380/1379 856/856/855
f 856/2931/855 1381/2930/1380 854/854/853 855/855/854
f 1382/1382/1381 1381/1381/1380 856/856/855 1380/1380/1379
f 1380/1380/1379 1379/1379/1378 1383/1383/1382 1382/1382/1381
f 615/615/615 1384/1384/1383 1385/1385/1384 1379/1379/1378
f 1388/1386/1385 1386/1387/1386 1387/1388/1387 614/614/614
f 1384/1384/1383 1387/1388/1387 1386/1387/1386 1385/1385/1384
f 1387/1388/1387 1384/1384/1383 615/615/615 614/614/614
f 1383/1383/1382 1379/1379/1378 1385/1385/1384 1389/1389/1388
f 1390/1390/1389 1389/1389/1388 1385/1385/1384 1386/1387/1386
f 1391/1391/1390 1390/1390/1389 1386/1387/1386 1388/1386/1385
f 854/854/853 1381/2930/1380 1392/2929/1391 851/851/850
f 1383/1383/1382 1392/1392/1391 1381/1381/1380 1382/1382/1381
f 1393/2927/1392 852/852/851 851/3022/850 1392/3021/1391
f 1286/1284/1283 852/852/851 1393/2927/1392 1322/1322/1321
f 1394/1394/1393 1330/1330/1329 1322/2928/1321 1393/1393/1392
f 1395/1395/1394 1332/1333/1332 1330/1330/1329 1394/1394/1393
f 1396/1396/1395 1339/1338/1337 1332/1333/1332 1395/1395/1394
f 1393/1393/1392 1392/1392/1391 1383/1383/1382 1394/1394/1393
f 1394/1394/1393 1383/1383/1382 1389/1389/1388 1395/1395/1394
f 1390/1390/1389 1396/1396/1395 1395/1395/1394 1389/1389/1388
f 1396/1396/1395 1390/1390/1389 1391/1391/1390 1397/1397/1396
f 1397/1397/1396 1398/1398/1397 1339/1338/1337 1396/1396/1395
f 1398/1398/1397 1399/1399/1398 1338/1339/1338 1339/1338/1337
f 1399/1399/1398 1337/1337/1336 1336/1336/1335 1338/1339/1338
f 1400/1400/1399 1346/1346/1345 1337/1337/1336 1399/1399/1398
f 1401/1401/1400 1347/1347/1346 1346/1346/1345 1400/1400/1399
f 1403/1402/1401 1402/1403/1402 1257/1257/1256 1256/1256/1255
f 1402/1403/1402 1404/1404/1403 1258/1258/1257 1257/1257/1256
f 1404/1404/1403 1405/1405/1404 1259/1259/1258 1258/1258/1257
f 1405/1405/1404 1406/2805/1405 1360/2817/1359 1259/1259/1258
f 1256/1256/1255 1255/1255/1254 1407/1407/1406 1403/1402/1401
f 1408/1408/1407 1407/1407/1406 1255/1255/1254 1254/1254/1253
f 1410/1409/1408 1409/1410/1409 765/765/764 1341/1341/1340
f 1411/1411/1410 766/766/765 765/3130/764 1409/3128/1409
f 1411/1411/1410 1412/1412/1411 767/767/766 766/766/765
f 1412/1412/1411 1413/1413/1412 885/886/885 767/767/766
f 885/886/885 1413/1413/1412 1414/1414/1413 1218/1218/1217
f 1218/1218/1217 1414/1414/1413 1415/1415/1414 1224/1224/1223
f 1224/1224/1223 1415/1415/1414 1416/1416/1415 1235/1235/1234
f 1235/1235/1234 1416/1416/1415 1417/1417/1416 1238/1238/1237
f 1418/1418/1417 1252/1252/1251 1238/1238/1237 1417/1417/1416
f 1252/1252/1251 1418/1418/1417 1419/1419/1418 1253/1253/1252
f 1408/1408/1407 1254/1254/1253 1253/1253/1252 1419/1419/1418
f 1418/1418/1417 1417/1417/1416 1420/1420/1419 1421/1421/1420
f 1416/1416/1415 1415/1415/1414 1422/1422/1421 1423/1423/1422
f 1420/1420/1419 1417/1417/1416 1416/1416/1415 1423/1423/1422
f 1421/1421/1420 1420/1420/1419 1424/1424/1423 1425/1425/1424
f 1423/1423/1422 1422/1422/1421 1426/1426/1425 1427/1427/1426
f 1420/1420/1419 1423/1423/1422 1427/1427/1426 1424/1424/1423
f 1425/1425/1424 1424/1424/1423 1428/1428/1427 1429/1429/1428
f 1427/1427/1426 1426/1426/1425 1430/1430/1429 1431/1431/1430
f 1424/1424/1423 1427/1427/1426 1431/1431/1430 1428/1428/1427
f 1429/1429/1428 1428/1428/1427 1432/1432/1431 1433/1433/1432
f 1431/1431/1430 1430/1430/1429 1434/1434/1433 1435/1435/1434
f 1428/1428/1427 1431/1431/1430 1435/1435/1434 1432/1432/1431
f 1414/1414/1413 1436/1436/1435 1422/1422/1421 1415/1415/1414
f 1413/1413/1412 1437/1437/1436 1436/1436/1435 1414/1414/1413
f 1436/1436/1435 1438/1438/1437 1426/1426/1425 1422/1422/1421
f 1438/1438/1437 1439/1439/1438 1430/1430/1429 1426/1426/1425
f 1434/1434/1433 1430/1430/1429 1439/1439/1438 1440/1440/1439
f 1437/1437/1436 1441/1441/1440 1438/1438/1437 1436/1436/1435
f 1441/1441/1440 1442/1442/1441 1439/1439/1438 1438/1438/1437
f 1442/1442/1441 1443/1443/1442 1440/1440/1439 1439/1439/1438
f 1444/1444/1443 1437/1437/1436 1413/1413/1412 1412/1412/1411
f 1445/2945/1444 1444/1444/1443 1412/1412/1411 1411/1411/1410
f 1445/2945/1444 1411/1411/1410 1409/3128/1409 1446/3129/1445
f 1446/1446/1445 1409/1410/1409 1410/1409/1408 1447/1447/1446
f 1444/1444/1443 1448/1448/1447 1441/1441/1440 1437/1437/1436
f 1448/1448/1447 1449/1449/1448 1442/1442/1441 1441/1441/1440
f 1449/1449/1448 1450/1450/1449 1443/1443/1442 1442/1442/1441
f 1440/1440/1439 1451/1451/1450 1452/1452/1451 1434/1434/1433
f 1443/1443/1442 1453/1453/1452 1451/1451/1450 1440/1440/1439
f 1455/1454/1453 1453/1453/1452 1443/1443/1442 1454/1455/1454
f 1454/1455/1454 1443/1443/1442 1450/1450/1449 1456/2942/1455
f 1445/2945/1444 1457/2943/1456 1448/1448/1447 1444/1444/1443
f 1449/1449/1448 1448/1448/1447 1457/2943/1456 1450/1450/1449
f 1457/1457/1456 1445/1445/1444 1446/1446/1445 1458/1458/1457
f 1458/1458/1457 1456/1456/1455 1450/2944/1449 1457/1457/1456
f 1458/1458/1457 1446/1446/1445 1447/1447/1446 1459/1459/1458
f 1459/1459/1458 1460/1460/1459 1456/1456/1455 1458/1458/1457
f 1454/1455/1454 1456/2942/1455 1460/2952/1459 1461/1461/1460
f 1462/1462/1461 1455/1454/1453 1454/1455/1454 1461/1461/1460
f 1463/1463/1462 1410/1409/1408 1341/1341/1340 1343/1343/1342
f 1464/1464/1463 1447/1447/1446 1410/1409/1408 1463/1463/1462
f 1447/1447/1446 1464/1464/1463 1465/1465/1464 1459/1459/1458
f 1459/1459/1458 1465/1465/1464 1466/1466/1465 1460/1460/1459
f 1460/2952/1459 1466/2951/1465 1467/2950/1466 1461/1461/1460
f 1468/2949/1467 1462/1462/1461 1461/1461/1460 1467/2950/1466
f 1343/1343/1342 1345/1345/1344 1347/1347/1346 1463/1463/1462
f 1469/1469/1468 1464/1464/1463 1463/1463/1462 1347/1347/1346
f 1470/1470/1469 1465/1465/1464 1464/1464/1463 1469/1469/1468
f 1471/1471/1470 1466/1466/1465 1465/1465/1464 1470/1470/1469
f 1472/1472/1471 1467/1467/1466 1466/1466/1465 1471/1471/1470
f 1473/1473/1472 1468/1468/1467 1467/1467/1466 1472/1472/1471
f 1469/1469/1468 1347/1347/1346 1401/1401/1400 1474/1474/1473
f 1475/1475/1474 1470/1470/1469 1469/1469/1468 1474/1474/1473
f 1470/1470/1469 1475/1475/1474 1476/1476/1475 1471/1471/1470
f 1472/1472/1471 1477/1477/1476 1478/1478/1477 1473/1473/1472
f 1471/1471/1470 1476/1476/1475 1477/1477/1476 1472/1472/1471
f 1479/1479/1478 1435/1435/1434 1434/1434/1433 1452/1452/1451
f 1480/1480/1479 1432/1432/1431 1435/1435/1434 1479/1479/1478
f 1432/1432/1431 1480/1480/1479 1481/1481/1480 1433/1433/1432
f 1482/1482/1481 1419/1419/1418 1418/1418/1417 1421/1421/1420
f 1419/1419/1418 1482/1482/1481 1483/1483/1482 1408/1408/1407
f 1483/1483/1482 1484/1484/1483 1407/1407/1406 1408/1408/1407
f 1485/1485/1484 1482/1482/1481 1421/1421/1420 1425/1425/1424
f 1425/1425/1424 1429/1429/1428 1486/1486/1485 1485/1485/1484
f 1429/1429/1428 1433/1433/1432 1487/1487/1486 1486/1486/1485
f 1481/1481/1480 1488/1488/1487 1487/1487/1486 1433/1433/1432
f 1489/1489/1488 1483/1483/1482 1482/1482/1481 1485/1485/1484
f 1485/1485/1484 1486/1486/1485 1490/1490/1489 1489/1489/1488
f 1486/1486/1485 1487/1487/1486 1491/1491/1490 1490/1490/1489
f 1491/1491/1490 1487/1487/1486 1488/1488/1487 1492/1492/1491
f 1493/1493/1492 1484/1484/1483 1483/1483/1482 1489/1489/1488
f 1494/1494/1493 1493/1493/1492 1489/1489/1488 1490/1490/1489
f 1496/1495/1494 1494/1494/1493 1490/1490/1489 1495/1496/1495
f 1495/1496/1495 1490/1490/1489 1491/1491/1490 1497/1497/1496
f 1499/1498/1497 1496/1495/1494 1495/1496/1495 1498/1499/1498
f 1498/1499/1498 1500/1500/1499 1501/2816/1500 1499/1498/1497
f 1500/1500/1499 1498/1499/1498 1502/1502/1501 1503/1503/1502
f 1498/1499/1498 1495/1496/1495 1497/1497/1496 1502/1502/1501
f 1501/2816/1500 1504/1504/1503 1496/1495/1494 1499/1498/1497
f 1505/1505/1504 1494/1494/1493 1496/1495/1494 1504/1504/1503
f 1505/1505/1504 1506/1506/1505 1493/1493/1492 1494/1494/1493
f 1506/1506/1505 1507/1507/1506 1484/1484/1483 1493/1493/1492
f 1508/1508/1507 1407/1407/1406 1484/1484/1483 1507/1507/1506
f 1508/1508/1507 1509/1509/1508 1403/1402/1401 1407/1407/1406
f 1501/2816/1500 1510/2815/1509 1505/1505/1504 1504/1504/1503
f 1510/2815/1509 1511/2814/1510 1506/1506/1505 1505/1505/1504
f 1511/2814/1510 1512/2812/1511 1507/1507/1506 1506/1506/1505
f 1507/1507/1506 1512/2812/1511 1509/1509/1508 1508/1508/1507
f 1514/1513/1512 1500/1500/1499 1503/1503/1502 1513/1514/1513
f 1500/2813/1499 1514/2811/1512 1515/1515/1514 1501/1501/1500
f 1516/1516/1515 1510/1510/1509 1501/1501/1500 1515/1515/1514
f 1511/1511/1510 1510/1510/1509 1516/1516/1515 1517/1517/1516
f 1512/1512/1511 1511/1511/1510 1517/1517/1516 1518/1518/1517
f 1518/2810/1517 1403/1402/1401 1509/1509/1508 1512/2812/1511
f 1520/1519/1518 1514/1513/1512 1513/1514/1513 1519/1520/1519
f 1520/2809/1518 1521/1521/1520 1515/1515/1514 1514/2811/1512
f 1521/1521/1520 1522/1522/1521 1516/1516/1515 1515/1515/1514
f 1522/1522/1521 1523/1523/1522 1517/1517/1516 1516/1516/1515
f 1523/1523/1522 1524/1524/1523 1518/1518/1517 1517/1517/1516
f 1524/2808/1523 1402/1403/1402 1403/1402/1401 1518/2810/1517
f 1497/1497/1496 1491/1491/1490 1492/1492/1491 1525/1525/1524
f 1502/1502/1501 1497/1497/1496 1525/1525/1524 1526/1526/1525
f 1503/1503/1502 1502/1502/1501 1526/1526/1525 1527/1527/1526
f 1513/1514/1513 1503/1503/1502 1527/1527/1526 1528/1528/1527
f 1528/1528/1527 1529/1529/1528 1519/1520/1519 1513/1514/1513
f 1529/1529/1528 1530/1530/1529 1531/2806/1530 1519/1520/1519
f 1533/1532/1531 1521/1521/1520 1520/2809/1518 1532/1533/1532
f 1533/1532/1531 1534/1534/1533 1522/1522/1521 1521/1521/1520
f 1534/1534/1533 1535/1535/1534 1523/1523/1522 1522/1522/1521
f 1535/1535/1534 1536/1536/1535 1524/1524/1523 1523/1523/1522
f 1536/2804/1535 1404/1404/1403 1402/1403/1402 1524/2808/1523
f 1519/1520/1519 1531/2806/1530 1532/2807/1532 1520/1519/1518
f 1536/2804/1535 1406/2805/1405 1405/1405/1404 1404/1404/1403
f 1537/1537/1536 1406/1406/1405 1536/1536/1535 1535/1535/1534
f 1534/1534/1533 1538/1538/1537 1537/1537/1536 1535/1535/1534
f 1534/1534/1533 1533/1532/1531 1532/1533/1532 1538/1538/1537
f 1531/1531/1530 1539/1539/1538 1538/1538/1537 1532/1533/1532
f 1530/2803/1529 1540/1540/1539 1539/1539/1538 1531/1531/1530
f 1480/1480/1479 1479/1479/1478 1541/1541/1540 1542/1542/1541
f 1542/1542/1541 1541/1541/1540 1543/1543/1542 1544/1544/1543
f 1544/1544/1543 1543/1543/1542 1545/1545/1544 1546/1546/1545
f 1546/1546/1545 1545/1545/1544 1547/1547/1546 1548/1548/1547
f 1548/1548/1547 1547/1547/1546 1549/1549/1548 1550/1550/1549
f 1550/1550/1549 1549/1549/1548 1551/1551/1550 1552/1552/1551
f 1452/1452/1451 1553/1553/1552 1541/1541/1540 1479/1479/1478
f 1553/1553/1552 1554/1554/1553 1543/1543/1542 1541/1541/1540
f 1554/1554/1553 1555/1555/1554 1545/1545/1544 1543/1543/1542
f 1547/1547/1546 1545/1545/1544 1555/1555/1554 1556/1556/1555
f 1556/1556/1555 1557/1557/1556 1549/1549/1548 1547/1547/1546
f 1557/1557/1556 1558/1558/1557 1551/1551/1550 1549/1549/1548
f 1451/1451/1450 1559/1559/1558 1553/1553/1552 1452/1452/1451
f 1559/1559/1558 1560/1560/1559 1554/1554/1553 1553/1553/1552
f 1560/1560/1559 1561/1561/1560 1555/1555/1554 1554/1554/1553
f 1556/1556/1555 1555/1555/1554 1561/1561/1560 1562/1562/1561
f 1562/1562/1561 1563/1563/1562 1557/1557/1556 1556/1556/1555
f 1563/1563/1562 1564/1564/1563 1558/1558/1557 1557/1557/1556
f 1453/1453/1452 1565/1565/1564 1559/1559/1558 1451/1451/1450
f 1566/1566/1565 1560/1560/1559 1559/1559/1558 1565/1565/1564
f 1566/1566/1565 1567/1567/1566 1561/1561/1560 1560/1560/1559
f 1567/1567/1566 1568/1568/1567 1562/1562/1561 1561/1561/1560
f 1570/1569/1568 1562/1562/1561 1568/1568/1567 1569/1570/1569
f 1563/1563/1562 1562/1562/1561 1570/1569/1568 1571/1571/1570
f 1563/1563/1562 1571/1571/1570 1572/1572/1571 1564/1564/1563
f 1455/1454/1453 1573/1573/1572 1565/1565/1564 1453/1453/1452
f 1574/1574/1573 1566/1566/1565 1565/1565/1564 1573/1573/1572
f 1574/1574/1573 1575/1575/1574 1567/1567/1566 1566/1566/1565
f 1575/1575/1574 1576/1576/1575 1568/1568/1567 1567/1567/1566
f 1569/1570/1569 1577/1577/1576 1578/1578/1577 1570/1569/1568
f 1569/1570/1569 1568/1568/1567 1576/1576/1575 1577/1577/1576
f 1579/1579/1578 1571/1571/1570 1570/1569/1568 1578/1578/1577
f 1580/1580/1579 1572/1572/1571 1571/1571/1570 1579/1579/1578
f 1582/1581/1580 1579/1579/1578 1578/1578/1577 1581/2926/1581
f 1583/1583/1582 1580/1580/1579 1579/1579/1578 1582/1581/1580
f 1577/1577/1576 1584/2924/1583 1581/2926/1581 1578/1578/1577
f 1585/1585/1584 1573/1573/1572 1455/1454/1453 1462/1462/1461
f 1573/1573/1572 1585/1585/1584 1586/1586/1585 1574/1574/1573
f 1586/1586/1585 1587/2925/1586 1575/1575/1574 1574/1574/1573
f 1587/2925/1586 1588/2923/1587 1576/1576/1575 1575/1575/1574
f 1588/2923/1587 1584/2924/1583 1577/1577/1576 1576/1576/1575
f 1589/2946/1588 1585/1585/1584 1462/1462/1461 1468/2949/1467
f 1590/2947/1589 1586/1586/1585 1585/1585/1584 1589/2946/1588
f 1591/1591/1590 1587/1587/1586 1586/2948/1585 1590/1590/1589
f 1591/1591/1590 1592/1592/1591 1588/1588/1587 1587/1587/1586
f 1588/1588/1587 1592/1592/1591 1593/1593/1592 1584/1584/1583
f 1594/1594/1593 1581/1582/1581 1584/1584/1583 1593/1593/1592
f 1581/2926/1581 1594/2957/1593 1595/2956/1594 1582/1581/1580
f 1596/2953/1595 1583/1583/1582 1582/1581/1580 1595/2956/1594
f 1468/1468/1467 1473/1473/1472 1597/1597/1596 1589/1589/1588
f 1589/1589/1588 1597/1597/1596 1598/1598/1597 1590/1590/1589
f 1590/1590/1589 1598/1598/1597 1599/1599/1598 1591/1591/1590
f 1600/1600/1599 1592/1592/1591 1591/1591/1590 1599/1599/1598
f 1601/1601/1600 1593/1593/1592 1592/1592/1591 1600/1600/1599
f 1602/1602/1601 1594/1594/1593 1593/1593/1592 1601/1601/1600
f 1603/1603/1602 1595/1595/1594 1594/1594/1593 1602/1602/1601
f 1604/1604/1603 1596/1596/1595 1595/1595/1594 1603/1603/1602
f 1605/1605/1604 1597/1597/1596 1473/1473/1472 1478/1478/1477
f 1597/1597/1596 1605/1605/1604 1606/1606/1605 1598/1598/1597
f 1607/1607/1606 1599/1599/1598 1598/1598/1597 1606/1606/1605
f 1608/1608/1607 1600/1600/1599 1599/1599/1598 1607/1607/1606
f 1609/1609/1608 1601/1601/1600 1600/1600/1599 1608/1608/1607
f 1610/1610/1609 1602/1602/1601 1601/1601/1600 1609/1609/1608
f 1602/1602/1601 1610/1610/1609 1611/1611/1610 1603/1603/1602
f 1603/1603/1602 1611/1611/1610 1612/1612/1611 1604/1604/1603
f 1604/1604/1603 1612/1612/1611 1613/1613/1612 1614/1614/1613
f 1550/1550/1549 1552/1552/1551 1615/1615/1614 1616/1616/1615
f 1616/1616/1615 1617/1617/1616 1548/1548/1547 1550/1550/1549
f 1618/1618/1617 1481/1481/1480 1480/1480/1479 1542/1542/1541
f 1619/1619/1618 1618/1618/1617 1542/1542/1541 1544/1544/1543
f 1544/1544/1543 1546/1546/1545 1620/1620/1619 1619/1619/1618
f 1617/1617/1616 1620/1620/1619 1546/1546/1545 1548/1548/1547
f 1622/1621/1620 1616/1616/1615 1615/1615/1614 1621/1622/1621
f 1622/1621/1620 1623/1623/1622 1617/1617/1616 1616/1616/1615
f 1623/1623/1622 1624/1624/1623 1620/1620/1619 1617/1617/1616
f 1624/1624/1623 1625/1625/1624 1619/1619/1618 1620/1620/1619
f 1625/1625/1624 1626/1626/1625 1618/1618/1617 1619/1619/1618
f 1481/1481/1480 1618/1618/1617 1626/1626/1625 1488/1488/1487
f 1628/1627/1626 1627/1628/1627 1624/1624/1623 1623/1623/1622
f 1625/1625/1624 1624/1624/1623 1627/1628/1627 1629/1629/1628
f 1629/1629/1628 1630/1630/1629 1626/1626/1625 1625/1625/1624
f 1626/1626/1625 1630/1630/1629 1492/1492/1491 1488/1488/1487
f 1632/1631/1630 1631/1632/1631 1622/1621/1620 1621/1622/1621
f 1631/1632/1631 1628/1627/1626 1623/1623/1622 1622/1621/1620
f 1633/1633/1632 1525/1525/1524 1492/1492/1491 1630/1630/1629
f 1634/1634/1633 1633/1633/1632 1630/1630/1629 1629/1629/1628
f 1636/1635/1634 1627/1628/1627 1628/1627/1626 1635/1636/1635
f 1636/1635/1634 1637/1637/1636 1629/1629/1628 1627/1628/1627
f 1638/1638/1637 1526/1526/1525 1525/1525/1524 1633/1633/1632
f 1639/1639/1638 1638/1638/1637 1633/1633/1632 1634/1634/1633
f 1639/1639/1638 1634/1634/1633 1629/1629/1628 1637/1637/1636
f 1638/1638/1637 1640/1640/1639 1527/1527/1526 1526/1526/1525
f 1640/1640/1639 1641/1641/1640 1528/1528/1527 1527/1527/1526
f 1639/1639/1638 1642/1642/1641 1640/1640/1639 1638/1638/1637
f 1643/2880/1642 1641/1641/1640 1640/1640/1639 1642/1642/1641
f 1645/1644/1643 1631/1632/1631 1632/1631/1630 1644/1645/1644
f 1647/1646/1645 1631/1632/1631 1645/1644/1643 1646/2885/1646
f 1647/1646/1645 1635/1636/1635 1628/1627/1626 1631/1632/1631
f 1649/2886/1647 1646/2885/1646 1645/1644/1643 1648/1649/1648
f 1648/1649/1648 1645/1644/1643 1644/1645/1644 1650/1650/1649
f 1650/1650/1649 1651/1651/1650 1652/1652/1651 1648/1649/1648
f 1653/1653/1652 1649/2886/1647 1648/1649/1648 1652/1652/1651
f 1646/2885/1646 1654/2884/1653 1635/1636/1635 1647/1646/1645
f 1636/1635/1634 1635/1636/1635 1654/2884/1653 1655/2883/1654
f 1637/1637/1636 1636/1635/1634 1655/2883/1654 1656/2881/1655
f 1656/2881/1655 1642/1642/1641 1639/1639/1638 1637/1637/1636
f 1649/1648/1647 1657/1657/1656 1654/1654/1653 1646/1647/1646
f 1655/1655/1654 1654/1654/1653 1657/1657/1656 1658/1658/1657
f 1656/1656/1655 1655/1655/1654 1658/1658/1657 1659/1659/1658
f 1642/2882/1641 1656/1656/1655 1659/1659/1658 1643/1643/1642
f 1653/2879/1652 1660/1660/1659 1657/1657/1656 1649/1648/1647
f 1658/1658/1657 1657/1657/1656 1660/1660/1659 1661/1661/1660
f 1659/1659/1658 1658/1658/1657 1661/1661/1660 1662/1662/1661
f 1643/1643/1642 1659/1659/1658 1662/1662/1661 1663/1663/1662
f 1643/2880/1642 1663/2877/1662 1664/1664/1663 1641/1641/1640
f 1664/1664/1663 1529/1529/1528 1528/1528/1527 1641/1641/1640
f 1651/1651/1650 1665/1665/1664 1666/1666/1665 1652/1652/1651
f 1652/1652/1651 1666/1666/1665 1667/1667/1666 1653/1653/1652
f 1660/1660/1659 1653/2879/1652 1667/2876/1666 1668/1668/1667
f 1661/1661/1660 1660/1660/1659 1668/1668/1667 1669/1669/1668
f 1664/1664/1663 1670/2802/1669 1530/1530/1529 1529/1529/1528
f 1670/2802/1669 1664/1664/1663 1663/2877/1662 1671/2878/1670
f 1672/1672/1671 1671/1671/1670 1663/1663/1662 1662/1662/1661
f 1669/1669/1668 1672/1672/1671 1662/1662/1661 1661/1661/1660
f 1665/1665/1664 1673/2875/1672 1667/1667/1666 1666/1666/1665
f 1673/1673/1672 1674/1674/1673 1668/1668/1667 1667/2876/1666
f 1669/1669/1668 1668/1668/1667 1674/1674/1673 1675/1675/1674
f 1675/1675/1674 1676/1676/1675 1672/1672/1671 1669/1669/1668
f 1676/1676/1675 1677/1677/1676 1671/1671/1670 1672/1672/1671
f 1671/1671/1670 1677/1677/1676 1678/1678/1677 1670/1670/1669
f 1670/1670/1669 1678/1678/1677 1540/1540/1539 1530/2803/1529
f 1552/1552/1551 1551/1551/1550 1679/1679/1678 1680/1680/1679
f 1680/1680/1679 1679/1679/1678 1681/1681/1680 1682/1682/1681
f 1682/1682/1681 1681/1681/1680 1683/1683/1682 1684/1684/1683
f 1684/1684/1683 1683/1683/1682 1685/1685/1684 1686/1686/1685
f 1686/1686/1685 1685/1685/1684 1687/1687/1686 1688/1688/1687
f 1688/1688/1687 1687/1687/1686 1689/1689/1688 1690/1690/1689
f 1558/1558/1557 1691/1691/1690 1679/1679/1678 1551/1551/1550
f 1691/1691/1690 1692/1692/1691 1681/1681/1680 1679/1679/1678
f 1689/1689/1688 1687/1687/1686 1693/1693/1692 1694/1694/1693
f 1695/1695/1694 1693/1693/1692 1687/1687/1686 1685/1685/1684
f 1696/1696/1695 1695/1695/1694 1685/1685/1684 1683/1683/1682
f 1683/1683/1682 1681/1681/1680 1692/1692/1691 1696/1696/1695
f 1564/1564/1563 1697/1697/1696 1691/1691/1690 1558/1558/1557
f 1697/1697/1696 1698/1698/1697 1692/1692/1691 1691/1691/1690
f 1698/1698/1697 1699/1699/1698 1696/1696/1695 1692/1692/1691
f 1699/1699/1698 1700/1700/1699 1695/1695/1694 1696/1696/1695
f 1700/1700/1699 1701/1701/1700 1693/1693/1692 1695/1695/1694
f 1701/1701/1700 1702/1702/1701 1694/1694/1693 1693/1693/1692
f 1572/1572/1571 1703/1703/1702 1697/1697/1696 1564/1564/1563
f 1703/1703/1702 1704/1704/1703 1698/1698/1697 1697/1697/1696
f 1704/1704/1703 1705/1705/1704 1699/1699/1698 1698/1698/1697
f 1701/1701/1700 1706/1706/1705 1707/1707/1706 1702/1702/1701
f 1708/1708/1707 1706/1706/1705 1701/1701/1700 1700/1700/1699
f 1700/1700/1699 1699/1699/1698 1705/1705/1704 1709/1709/1708
f 1710/1710/1709 1703/1703/1702 1572/1572/1571 1580/1580/1579
f 1711/1711/1710 1704/1704/1703 1703/1703/1702 1710/1710/1709
f 1705/1705/1704 1704/1704/1703 1711/1711/1710 1712/1712/1711
f 1712/1712/1711 1713/1713/1712 1709/1709/1708 1705/1705/1704
f 1700/1700/1699 1709/1709/1708 1714/1714/1713 1708/1708/1707
f 1713/1713/1712 1715/1715/1714 1714/1714/1713 1709/1709/1708
f 1717/1716/1715 1707/1707/1706 1706/1706/1705 1716/1717/1716
f 1716/1717/1716 1706/1706/1705 1708/1708/1707 1718/1718/1717
f 1714/1714/1713 1719/1719/1718 1718/1718/1717 1708/1708/1707
f 1715/1715/1714 1720/2919/1719 1719/1719/1718 1714/1714/1713
f 1580/1580/1579 1583/1583/1582 1721/1721/1720 1710/1710/1709
f 1722/2922/1721 1711/1711/1710 1710/1710/1709 1721/1721/1720
f 1722/2922/1721 1723/2921/1722 1712/1712/1711 1711/1711/1710
f 1723/2921/1722 1724/2920/1723 1713/1713/1712 1712/1712/1711
f 1715/1715/1714 1713/1713/1712 1724/2920/1723 1720/2919/1719
f 1716/1717/1716 1725/1725/1724 1726/1726/1725 1717/1716/1715
f 1718/1718/1717 1727/2966/1726 1725/1725/1724 1716/1717/1716
f 1720/2919/1719 1727/2966/1726 1718/1718/1717 1719/1719/1718
f 1728/2954/1727 1721/1721/1720 1583/1583/1582 1596/2953/1595
f 1729/1729/1728 1722/1722/1721 1721/2955/1720 1728/1728/1727
f 1729/1729/1728 1730/1730/1729 1723/1723/1722 1722/1722/1721
f 1724/1724/1723 1723/1723/1722 1730/1730/1729 1731/1731/1730
f 1731/1731/1730 1732/1732/1731 1720/1720/1719 1724/1724/1723
f 1732/1732/1731 1733/1733/1732 1727/1727/1726 1720/1720/1719
f 1725/1725/1724 1734/1734/1733 1735/1735/1734 1726/1726/1725
f 1734/1734/1733 1725/1725/1724 1727/2966/1726 1733/2965/1732
f 1614/1614/1613 1728/1728/1727 1596/1596/1595 1604/1604/1603
f 1736/1736/1735 1729/1729/1728 1728/1728/1727 1614/1614/1613
f 1737/1737/1736 1730/1730/1729 1729/1729/1728 1736/1736/1735
f 1730/1730/1729 1737/1737/1736 1738/1738/1737 1731/1731/1730
f 1739/1739/1738 1732/1732/1731 1731/1731/1730 1738/1738/1737
f 1732/1732/1731 1739/1739/1738 1740/1740/1739 1733/1733/1732
f 1733/2965/1732 1740/2964/1739 1741/2963/1740 1734/1734/1733
f 1734/1734/1733 1741/2963/1740 1742/2962/1741 1735/1735/1734
f 1743/1743/1742 1736/1736/1735 1614/1614/1613 1613/1613/1612
f 1744/1744/1743 1737/1737/1736 1736/1736/1735 1743/1743/1742
f 1745/1745/1744 1738/1738/1737 1737/1737/1736 1744/1744/1743
f 1746/1746/1745 1739/1739/1738 1738/1738/1737 1745/1745/1744
f 1747/1747/1746 1742/1742/1741 1741/1741/1740 1746/1746/1745
f 1740/1740/1739 1739/1739/1738 1746/1746/1745 1741/1741/1740
f 1749/1748/1747 1748/1749/1748 1688/1688/1687 1690/1690/1689
f 1748/1749/1748 1750/1750/1749 1686/1686/1685 1688/1688/1687
f 1750/1750/1749 1751/1751/1750 1684/1684/1683 1686/1686/1685
f 1751/1751/1750 1752/1752/1751 1682/1682/1681 1684/1684/1683
f 1680/1680/1679 1682/1682/1681 1752/1752/1751 1753/1753/1752
f 1552/1552/1551 1680/1680/1679 1753/1753/1752 1615/1615/1614
f 1755/1754/1753 1748/1749/1748 1749/1748/1747 1754/1755/1754
f 1755/1754/1753 1756/1756/1755 1750/1750/1749 1748/1749/1748
f 1756/1756/1755 1757/1757/1756 1751/1751/1750 1750/1750/1749
f 1757/1757/1756 1758/1758/1757 1752/1752/1751 1751/1751/1750
f 1758/1758/1757 1759/1759/1758 1753/1753/1752 1752/1752/1751
f 1759/1759/1758 1621/1622/1621 1615/1615/1614 1753/1753/1752
f 1754/1755/1754 1760/1760/1759 1761/1761/1760 1755/1754/1753
f 1761/1761/1760 1762/1762/1761 1756/1756/1755 1755/1754/1753
f 1757/1757/1756 1756/1756/1755 1762/1762/1761 1763/1763/1762
f 1758/1758/1757 1757/1757/1756 1763/1763/1762 1764/1764/1763
f 1759/1759/1758 1758/1758/1757 1764/1764/1763 1765/1765/1764
f 1765/1765/1764 1632/1631/1630 1621/1622/1621 1759/1759/1758
f 1766/1766/1765 1644/1645/1644 1632/1631/1630 1765/1765/1764
f 1767/1767/1766 1650/1650/1649 1644/1645/1644 1766/1766/1765
f 1767/1767/1766 1768/1768/1767 1651/1651/1650 1650/1650/1649
f 1768/1768/1767 1769/1769/1768 1665/1665/1664 1651/1651/1650
f 1769/1769/1768 1770/2872/1769 1673/2875/1672 1665/1665/1664
f 1763/1763/1762 1771/1771/1770 1772/1772/1771 1764/1764/1763
f 1763/1763/1762 1762/1762/1761 1773/1773/1772 1771/1771/1770
f 1762/1762/1761 1761/1761/1760 1774/1774/1773 1775/1775/1774
f 1760/1760/1759 1776/1776/1775 1774/1774/1773 1761/1761/1760
f 1777/2869/1776 1773/1773/1772 1762/1762/1761 1775/1775/1774
f 1775/1775/1774 1778/1778/1777 1779/1779/1778 1777/2869/1776
f 1778/1778/1777 1775/1775/1774 1774/1774/1773 1780/1780/1779
f 1780/1780/1779 1774/1774/1773 1776/1776/1775 1781/1781/1780
f 1782/1782/1781 1765/1765/1764 1764/1764/1763 1772/1772/1771
f 1765/1765/1764 1782/1782/1781 1783/1783/1782 1766/1766/1765
f 1784/2874/1783 1767/1767/1766 1766/1766/1765 1783/1783/1782
f 1785/2873/1784 1768/1768/1767 1767/1767/1766 1784/2874/1783
f 1785/2873/1784 1786/2870/1785 1769/1769/1768 1768/1768/1767
f 1787/2871/1786 1770/2872/1769 1769/1769/1768 1786/2870/1785
f 1777/2869/1776 1788/2866/1787 1771/1771/1770 1773/1773/1772
f 1789/2867/1788 1783/1783/1782 1782/1782/1781 1772/1772/1771
f 1772/1772/1771 1771/1771/1770 1788/2866/1787 1789/2867/1788
f 1779/2865/1778 1790/1790/1789 1788/1788/1787 1777/1777/1776
f 1789/1789/1788 1788/1788/1787 1790/1790/1789 1791/1791/1790
f 1783/2868/1782 1789/1789/1788 1791/1791/1790 1784/1784/1783
f 1792/1792/1791 1785/1785/1784 1784/1784/1783 1791/1791/1790
f 1791/1791/1790 1790/1790/1789 1793/1793/1792 1792/1792/1791
f 1790/1790/1789 1779/2865/1778 1794/2864/1793 1793/1793/1792
f 1779/1779/1778 1778/1778/1777 1795/1795/1794 1794/1794/1793
f 1780/1780/1779 1781/1781/1780 1795/1795/1794 1778/1778/1777
f 1795/1795/1794 1796/1796/1795 1797/1797/1796 1794/1794/1793
f 1797/2863/1796 1798/1798/1797 1793/1793/1792 1794/2864/1793
f 1798/1798/1797 1799/1799/1798 1792/1792/1791 1793/1793/1792
f 1799/1799/1798 1786/1786/1785 1785/1785/1784 1792/1792/1791
f 1799/1799/1798 1800/1800/1799 1787/1787/1786 1786/1786/1785
f 1801/1801/1800 1800/1800/1799 1799/1799/1798 1798/1798/1797
f 1802/1802/1801 1801/1801/1800 1798/1798/1797 1797/2863/1796
f 1803/2856/1802 1802/2862/1801 1797/1797/1796 1796/1796/1795
f 1690/1690/1689 1689/1689/1688 1804/1804/1803 1805/1805/1804
f 1805/1805/1804 1804/1804/1803 1806/1806/1805 1807/1807/1806
f 1807/1807/1806 1806/1806/1805 1808/1808/1807 1809/1809/1808
f 1809/1809/1808 1808/1808/1807 1810/1810/1809 1811/1811/1810
f 1811/1811/1810 1810/1810/1809 1812/1812/1811 1813/1813/1812
f 1694/1694/1693 1814/1814/1813 1804/1804/1803 1689/1689/1688
f 1814/1814/1813 1815/1815/1814 1806/1806/1805 1804/1804/1803
f 1815/1815/1814 1816/1816/1815 1808/1808/1807 1806/1806/1805
f 1816/1816/1815 1817/1817/1816 1810/1810/1809 1808/1808/1807
f 1817/1817/1816 1818/1818/1817 1812/1812/1811 1810/1810/1809
f 1702/1702/1701 1819/1819/1818 1814/1814/1813 1694/1694/1693
f 1819/1819/1818 1820/1820/1819 1815/1815/1814 1814/1814/1813
f 1820/1820/1819 1821/1821/1820 1816/1816/1815 1815/1815/1814
f 1821/1821/1820 1822/1822/1821 1817/1817/1816 1816/1816/1815
f 1822/1822/1821 1823/1823/1822 1818/1818/1817 1817/1817/1816
f 1819/1819/1818 1702/1702/1701 1707/1707/1706 1824/1824/1823
f 1825/1825/1824 1824/1824/1823 1707/1707/1706 1717/1716/1715
f 1717/1716/1715 1726/1726/1725 1826/1826/1825 1825/1825/1824
f 1726/1726/1725 1735/1735/1734 1827/1827/1826 1826/1826/1825
f 1828/2960/1827 1827/1827/1826 1735/1735/1734 1742/2962/1741
f 1829/1829/1828 1828/1828/1827 1742/1742/1741 1747/1747/1746
f 1824/1824/1823 1830/1830/1829 1820/1820/1819 1819/1819/1818
f 1830/1830/1829 1831/1831/1830 1821/1821/1820 1820/1820/1819
f 1831/1831/1830 1832/1832/1831 1822/1822/1821 1821/1821/1820
f 1822/1822/1821 1833/1833/1832 1834/1834/1833 1823/1823/1822
f 1822/1822/1821 1835/1835/1834 1836/1836/1835 1833/1833/1832
f 1837/1837/1836 1835/1835/1834 1822/1822/1821 1832/1832/1831
f 1838/1838/1837 1837/1837/1836 1832/1832/1831 1831/1831/1830
f 1839/1839/1838 1838/1838/1837 1831/1831/1830 1830/1830/1829
f 1824/1824/1823 1840/1840/1839 1839/1839/1838 1830/1830/1829
f 1825/1825/1824 1841/1841/1840 1840/1840/1839 1824/1824/1823
f 1841/1841/1840 1825/1825/1824 1826/1826/1825 1842/2961/1841
f 1826/1826/1825 1827/1827/1826 1843/2959/1842 1842/2961/1841
f 1827/1827/1826 1828/2960/1827 1844/2958/1843 1843/2959/1842
f 1845/1845/1844 1844/1844/1843 1828/1828/1827 1829/1829/1828
f 1847/1846/1845 1834/1834/1833 1833/1833/1832 1846/1847/1846
f 1836/1836/1835 1848/2916/1847 1846/1847/1846 1833/1833/1832
f 1841/1841/1840 1849/1849/1848 1839/1839/1838 1840/1840/1839
f 1849/1849/1848 1850/1850/1849 1838/1838/1837 1839/1839/1838
f 1850/1850/1849 1851/1851/1850 1837/1837/1836 1838/1838/1837
f 1851/1851/1850 1836/1836/1835 1835/1835/1834 1837/1837/1836
f 1841/1841/1840 1842/2961/1841 1852/2918/1851 1849/1849/1848
f 1852/2918/1851 1853/2917/1852 1850/1850/1849 1849/1849/1848
f 1853/2917/1852 1854/2915/1853 1851/1851/1850 1850/1850/1849
f 1854/2915/1853 1848/2916/1847 1836/1836/1835 1851/1851/1850
f 1855/1855/1854 1852/1852/1851 1842/1842/1841 1843/1843/1842
f 1855/1855/1854 1856/1856/1855 1853/1853/1852 1852/1852/1851
f 1853/1853/1852 1856/1856/1855 1857/1857/1856 1854/1854/1853
f 1854/1854/1853 1857/1857/1856 1858/1858/1857 1848/1848/1847
f 1848/2916/1847 1858/2974/1857 1859/1859/1858 1846/1847/1846
f 1860/1860/1859 1847/1846/1845 1846/1847/1846 1859/1859/1858
f 1861/1861/1860 1855/1855/1854 1843/1843/1842 1844/1844/1843
f 1861/1861/1860 1862/1862/1861 1856/1856/1855 1855/1855/1854
f 1863/1863/1862 1857/1857/1856 1856/1856/1855 1862/1862/1861
f 1863/1863/1862 1864/1864/1863 1858/1858/1857 1857/1857/1856
f 1858/2974/1857 1864/2973/1863 1865/2972/1864 1859/1859/1858
f 1866/2970/1865 1860/1860/1859 1859/1859/1858 1865/2972/1864
f 1844/1844/1843 1845/1845/1844 1867/1867/1866 1861/1861/1860
f 1861/1861/1860 1867/1867/1866 1868/1868/1867 1862/1862/1861
f 1869/1869/1868 1863/1863/1862 1862/1862/1861 1868/1868/1867
f 1863/1863/1862 1869/1869/1868 1870/1870/1869 1864/1864/1863
f 1871/1871/1870 1865/1865/1864 1864/1864/1863 1870/1870/1869
f 1872/1872/1871 1866/1866/1865 1865/1865/1864 1871/1871/1870
f 1873/1873/1872 1749/1748/1747 1690/1690/1689 1805/1805/1804
f 1874/1874/1873 1873/1873/1872 1805/1805/1804 1807/1807/1806
f 1807/1807/1806 1809/1809/1808 1875/1875/1874 1874/1874/1873
f 1876/1876/1875 1875/1875/1874 1809/1809/1808 1811/1811/1810
f 1877/1877/1876 1876/1876/1875 1811/1811/1810 1813/1813/1812
f 1879/1878/1877 1878/1879/1878 1876/1876/1875 1877/1877/1876
f 1878/1879/1878 1880/1880/1879 1875/1875/1874 1876/1876/1875
f 1880/1880/1879 1881/1881/1880 1874/1874/1873 1875/1875/1874
f 1882/1882/1881 1754/1755/1754 1749/1748/1747 1873/1873/1872
f 1873/1873/1872 1874/1874/1873 1881/1881/1880 1882/1882/1881
f 1883/1883/1882 1760/1760/1759 1754/1755/1754 1882/1882/1881
f 1884/1884/1883 1883/1883/1882 1882/1882/1881 1881/1881/1880
f 1886/1885/1884 1885/1886/1885 1881/1881/1880 1880/1880/1879
f 1887/1887/1886 1886/1885/1884 1880/1880/1879 1878/1879/1878
f 1888/1888/1887 1887/1887/1886 1878/1879/1878 1879/1878/1877
f 1889/1889/1888 1884/1884/1883 1881/1881/1880 1885/1886/1885
f 1883/1883/1882 1890/1890/1889 1776/1776/1775 1760/1760/1759
f 1884/1884/1883 1891/1891/1890 1890/1890/1889 1883/1883/1882
f 1884/1884/1883 1889/1889/1888 1892/1892/1891 1891/1891/1890
f 1890/1890/1889 1893/2858/1892 1781/1781/1780 1776/1776/1775
f 1892/1892/1891 1893/2858/1892 1890/1890/1889 1891/1891/1890
f 1887/1887/1886 1894/1894/1893 1895/2861/1894 1896/1896/1895
f 1886/1885/1884 1887/1887/1886 1896/1896/1895 1897/1897/1896
f 1885/1886/1885 1886/1885/1884 1897/1897/1896 1898/1898/1897
f 1889/1889/1888 1885/1886/1885 1898/1898/1897 1892/1892/1891
f 1894/1894/1893 1887/1887/1886 1888/1888/1887 1899/1899/1898
f 1894/1894/1893 1900/1900/1899 1901/1901/1900 1895/2861/1894
f 1900/1900/1899 1894/1894/1893 1899/1899/1898 1902/1902/1901
f 1895/2861/1894 1903/2860/1902 1897/1897/1896 1896/1896/1895
f 1898/1898/1897 1897/1897/1896 1903/2860/1902 1904/2859/1903
f 1892/1892/1891 1898/1898/1897 1904/2859/1903 1893/2858/1892
f 1893/2858/1892 1905/2857/1904 1795/1795/1794 1781/1781/1780
f 1903/1903/1902 1895/1895/1894 1901/2853/1900 1906/1906/1905
f 1906/1906/1905 1907/1907/1906 1904/1904/1903 1903/1903/1902
f 1907/1907/1906 1905/1905/1904 1893/1893/1892 1904/1904/1903
f 1796/1796/1795 1795/1795/1794 1905/2857/1904 1908/2854/1907
f 1909/2855/1908 1803/2856/1802 1796/1796/1795 1908/2854/1907
f 1905/1905/1904 1907/1907/1906 1910/1910/1909 1908/1908/1907
f 1911/1911/1910 1909/1909/1908 1908/1908/1907 1910/1910/1909
f 1907/1907/1906 1906/1906/1905 1912/1912/1911 1910/1910/1909
f 1913/1913/1912 1911/1911/1910 1910/1910/1909 1912/1912/1911
f 1906/1906/1905 1901/2853/1900 1914/2852/1913 1912/1912/1911
f 1915/1915/1914 1913/1913/1912 1912/1912/1911 1914/2852/1913
f 1900/1900/1899 1916/1916/1915 1914/1914/1913 1901/1901/1900
f 1915/2851/1914 1914/1914/1913 1916/1916/1915 1917/2850/1916
f 1902/1902/1901 1918/1918/1917 1916/1916/1915 1900/1900/1899
f 1918/1918/1917 1919/1919/1918 1917/2850/1916 1916/1916/1915
f 1813/1813/1812 1812/1812/1811 1920/1920/1919 1921/1921/1920
f 1921/1921/1920 1920/1920/1919 1922/1922/1921 1923/1923/1922
f 1923/1923/1922 1922/1922/1921 1924/1924/1923 1925/1925/1924
f 1925/1925/1924 1924/1924/1923 1926/1926/1925 1927/1927/1926
f 1927/1927/1926 1926/1926/1925 1928/1928/1927 1929/1929/1928
f 1920/1920/1919 1812/1812/1811 1818/1818/1817 1930/1930/1929
f 1930/1930/1929 1931/1931/1930 1922/1922/1921 1920/1920/1919
f 1931/1931/1930 1932/1932/1931 1924/1924/1923 1922/1922/1921
f 1926/1926/1925 1924/1924/1923 1932/1932/1931 1933/1933/1932
f 1933/1933/1932 1934/1934/1933 1928/1928/1927 1926/1926/1925
f 1823/1823/1822 1935/1935/1934 1930/1930/1929 1818/1818/1817
f 1935/1935/1934 1936/1936/1935 1931/1931/1930 1930/1930/1929
f 1936/1936/1935 1937/1937/1936 1932/1932/1931 1931/1931/1930
f 1937/1937/1936 1938/1938/1937 1933/1933/1932 1932/1932/1931
f 1934/1934/1933 1933/1933/1932 1938/1938/1937 1939/1939/1938
f 1940/1940/1939 1935/1935/1934 1823/1823/1822 1834/1834/1833
f 1941/1941/1940 1940/1940/1939 1834/1834/1833 1847/1846/1845
f 1943/1942/1941 1942/1943/1942 1939/1939/1938 1938/1938/1937
f 1944/1944/1943 1943/1942/1941 1938/1938/1937 1937/1937/1936
f 1945/1945/1944 1944/1944/1943 1937/1937/1936 1936/1936/1935
f 1935/1935/1934 1946/1946/1945 1945/1945/1944 1936/1936/1935
f 1940/1940/1939 1947/1947/1946 1946/1946/1945 1935/1935/1934
f 1948/1948/1947 1947/1947/1946 1940/1940/1939 1941/1941/1940
f 1943/1942/1941 1949/1949/1948 1950/1950/1949 1942/1943/1942
f 1951/1951/1950 1949/1949/1948 1943/1942/1941 1944/1944/1943
f 1952/1952/1951 1951/1951/1950 1944/1944/1943 1945/1945/1944
f 1945/1945/1944 1946/1946/1945 1947/1947/1946 1952/1952/1951
f 1952/1952/1951 1947/1947/1946 1948/1948/1947 1953/2914/1952
f 1953/2914/1952 1954/2913/1953 1951/1951/1950 1952/1952/1951
f 1955/2912/1954 1949/1949/1948 1951/1951/1950 1954/2913/1953
f 1949/1949/1948 1955/2912/1954 1956/1956/1955 1950/1950/1949
f 1939/1939/1938 1957/1957/1956 1958/1958/1957 1934/1934/1933
f 1957/1957/1956 1939/1939/1938 1942/1943/1942 1959/1959/1958
f 1960/1960/1959 1959/1959/1958 1942/1943/1942 1950/1950/1949
f 1961/1961/1960 1960/1960/1959 1950/1950/1949 1956/1956/1955
f 1847/1846/1845 1860/1860/1859 1962/1962/1961 1941/1941/1940
f 1941/1941/1940 1962/1962/1961 1963/1963/1962 1948/1948/1947
f 1953/1953/1952 1948/2971/1947 1963/2968/1962 1964/1964/1963
f 1964/1964/1963 1965/1965/1964 1954/1954/1953 1953/1953/1952
f 1954/1954/1953 1965/1965/1964 1966/1966/1965 1955/1955/1954
f 1966/2980/1965 1967/1967/1966 1956/1956/1955 1955/2912/1954
f 1956/1956/1955 1967/1967/1966 1968/1968/1967 1961/1961/1960
f 1969/2969/1968 1962/1962/1961 1860/1860/1859 1866/2970/1865
f 1962/1962/1961 1969/2969/1968 1970/2967/1969 1963/1963/1962
f 1971/1971/1970 1964/1964/1963 1963/2968/1962 1970/1970/1969
f 1972/1972/1971 1965/1965/1964 1964/1964/1963 1971/1971/1970
f 1973/1973/1972 1966/1966/1965 1965/1965/1964 1972/1972/1971
f 1974/2978/1973 1967/1967/1966 1966/2980/1965 1973/2979/1972
f 1967/1967/1966 1974/2978/1973 1975/2977/1974 1968/1968/1967
f 1976/1976/1975 1969/1969/1968 1866/1866/1865 1872/1872/1871
f 1977/1977/1976 1970/1970/1969 1969/1969/1968 1976/1976/1975
f 1978/1978/1977 1971/1971/1970 1970/1970/1969 1977/1977/1976
f 1979/1979/1978 1972/1972/1971 1971/1971/1970 1978/1978/1977
f 1972/1972/1971 1979/1979/1978 1980/1980/1979 1973/1973/1972
f 1981/1981/1980 1974/1974/1973 1973/1973/1972 1980/1980/1979
f 1974/1974/1973 1981/1981/1980 1982/1982/1981 1975/1975/1974
f 1984/1983/1982 1983/1984/1983 1927/1927/1926 1929/1929/1928
f 1983/1984/1983 1985/1985/1984 1925/1925/1924 1927/1927/1926
f 1985/1985/1984 1986/1986/1985 1923/1923/1922 1925/1925/1924
f 1986/1986/1985 1987/1987/1986 1921/1921/1920 1923/1923/1922
f 1987/1987/1986 1877/1877/1876 1813/1813/1812 1921/1921/1920
f 1989/1988/1987 1988/1989/1988 1983/1984/1983 1984/1983/1982
f 1988/1989/1988 1990/1990/1989 1985/1985/1984 1983/1984/1983
f 1990/1990/1989 1991/1991/1990 1986/1986/1985 1985/1985/1984
f 1991/1991/1990 1992/1992/1991 1987/1987/1986 1986/1986/1985
f 1992/1992/1991 1879/1878/1877 1877/1877/1876 1987/1987/1986
f 1993/1993/1992 1888/1888/1887 1879/1878/1877 1992/1992/1991
f 1994/1994/1993 1899/1899/1898 1888/1888/1887 1993/1993/1992
f 1994/1994/1993 1995/1995/1994 1902/1902/1901 1899/1899/1898
f 1995/1995/1994 1996/1996/1995 1918/1918/1917 1902/1902/1901
f 1996/1996/1995 1997/2848/1996 1919/1919/1918 1918/1918/1917
f 1991/1991/1990 1998/1998/1997 1999/1999/1998 1992/1992/1991
f 1992/1992/1991 1999/1999/1998 2000/2000/1999 1993/1993/1992
f 1993/1993/1992 2000/2000/1999 2001/2001/2000 1994/1994/1993
f 1994/1994/1993 2001/2001/2000 2002/2002/2001 1995/1995/1994
f 1996/1996/1995 1995/1995/1994 2002/2002/2001 2003/2003/2002
f 1997/2848/1996 1996/1996/1995 2003/2003/2002 2004/2847/2003
f 2005/2005/2004 1998/1998/1997 1991/1991/1990 1990/1990/1989
f 1988/1989/1988 2006/2006/2005 2005/2005/2004 1990/1990/1989
f 1989/1988/1987 2007/2007/2006 2008/2008/2007 1988/1989/1988
f 1988/1989/1988 2008/2008/2007 2009/2846/2008 2006/2006/2005
f 2007/2007/2006 2010/2010/2009 2011/2011/2010 2008/2008/2007
f 2012/2012/2011 2009/2846/2008 2008/2008/2007 2011/2011/2010
f 2009/2846/2008 2013/2845/2012 2005/2005/2004 2006/2006/2005
f 2013/2845/2012 2014/2844/2013 1998/1998/1997 2005/2005/2004
f 1999/1999/1998 1998/1998/1997 2014/2844/2013 2000/2000/1999
f 2012/2841/2011 2015/2015/2014 2013/2013/2012 2009/2009/2008
f 2014/2014/2013 2013/2013/2012 2015/2015/2014 2016/2016/2015
f 2016/2842/2015 2001/2001/2000 2000/2000/1999 2014/2844/2013
f 2016/2842/2015 2003/2003/2002 2002/2002/2001 2001/2001/2000
f 2012/2012/2011 2011/2011/2010 2017/2839/2016 2018/2840/2017
f 2015/2015/2014 2012/2841/2011 2018/2018/2017 2019/2019/2018
f 2019/2019/2018 2020/2020/2019 2016/2016/2015 2015/2015/2014
f 2020/2020/2019 2004/2004/2003 2003/2843/2002 2016/2016/2015
f 2010/2010/2009 2021/2021/2020 2017/2839/2016 2011/2011/2010
f 2022/2022/2021 1928/1928/1927 1934/1934/1933 1958/1958/1957
f 2024/2023/2022 1984/1983/1982 1929/1929/1928 2023/2024/2023
f 1928/1928/1927 2022/2022/2021 2023/2024/2023 1929/1929/1928
f 1989/1988/1987 1984/1983/1982 2024/2023/2022 2025/2025/2024
f 2025/2025/2024 2026/2026/2025 2007/2007/2006 1989/1988/1987
f 2010/2010/2009 2007/2007/2006 2026/2026/2025 2027/2027/2026
f 2027/2027/2026 2028/2837/2027 2021/2021/2020 2010/2010/2009
f 2023/2024/2023 2022/2022/2021 2029/2029/2028 2030/2030/2029
f 2030/2030/2029 2029/2029/2028 2031/2031/2030 2032/2032/2031
f 2032/2032/2031 2031/2031/2030 2033/2033/2032 2034/2034/2033
f 2034/2034/2033 2033/2033/2032 2035/2035/2034 2036/2036/2035
f 2038/2037/2036 2037/2038/2037 2034/2034/2033 2036/2036/2035
f 2032/2032/2031 2034/2034/2033 2037/2038/2037 2039/2039/2038
f 2039/2039/2038 2040/2040/2039 2030/2030/2029 2032/2032/2031
f 2040/2040/2039 2024/2023/2022 2023/2024/2023 2030/2030/2029
f 2037/2038/2037 2038/2037/2036 2041/2041/2040 2042/2042/2041
f 2042/2042/2041 2043/2043/2042 2039/2039/2038 2037/2038/2037
f 2043/2043/2042 2044/2044/2043 2040/2040/2039 2039/2039/2038
f 2044/2044/2043 2025/2025/2024 2024/2023/2022 2040/2040/2039
f 2046/2045/2044 2045/2046/2045 2044/2044/2043 2043/2043/2042
f 2026/2026/2025 2025/2025/2024 2044/2044/2043 2045/2046/2045
f 2045/2046/2045 2047/2047/2046 2027/2027/2026 2026/2026/2025
f 2047/2047/2046 2048/2048/2047 2028/2837/2027 2027/2027/2026
f 2049/2049/2048 2046/2045/2044 2043/2043/2042 2042/2042/2041
f 2051/2050/2049 2049/2049/2048 2042/2042/2041 2050/2051/2050
f 2050/2051/2050 2042/2042/2041 2041/2041/2040 2052/2052/2051
f 2054/2053/2052 2050/2051/2050 2052/2052/2051 2053/2054/2053
f 2051/2050/2049 2050/2051/2050 2054/2053/2052 2055/2055/2054
f 2045/2046/2045 2046/2045/2044 2056/2056/2055 2047/2047/2046
f 2051/2050/2049 2056/2056/2055 2046/2045/2044 2049/2049/2048
f 2056/2056/2055 2051/2050/2049 2055/2055/2054 2057/2835/2056
f 2047/2047/2046 2056/2056/2055 2057/2835/2056 2048/2048/2047
f 2058/2058/2057 2028/2028/2027 2048/2836/2047 2057/2057/2056
f 2059/2059/2058 2058/2058/2057 2057/2057/2056 2055/2834/2054
f 2054/2053/2052 2060/2060/2059 2059/2833/2058 2055/2055/2054
f 2060/2060/2059 2054/2053/2052 2053/2054/2053 2061/2831/2060
f 2029/2029/2028 2022/2022/2021 1958/1958/1957 2062/2062/2061
f 2062/2062/2061 2063/2063/2062 2031/2031/2030 2029/2029/2028
f 2033/2033/2032 2031/2031/2030 2063/2063/2062 2064/2064/2063
f 2064/2064/2063 2065/2065/2064 2035/2035/2034 2033/2033/2032
f 1957/1957/1956 2066/2066/2065 2062/2062/2061 1958/1958/1957
f 2066/2066/2065 2067/2067/2066 2063/2063/2062 2062/2062/2061
f 2067/2067/2066 2068/2068/2067 2064/2064/2063 2063/2063/2062
f 2068/2068/2067 2069/2069/2068 2065/2065/2064 2064/2064/2063
f 1959/1959/1958 2070/2070/2069 2066/2066/2065 1957/1957/1956
f 2070/2070/2069 2071/2071/2070 2067/2067/2066 2066/2066/2065
f 2068/2068/2067 2067/2067/2066 2071/2071/2070 2072/2072/2071
f 2068/2068/2067 2073/2073/2072 2074/2074/2073 2069/2069/2068
f 2072/2072/2071 2075/2075/2074 2073/2073/2072 2068/2068/2067
f 2070/2070/2069 1959/1959/1958 1960/1960/1959 2076/2076/2075
f 2077/2077/2076 2071/2071/2070 2070/2070/2069 2076/2076/2075
f 2077/2077/2076 2078/2078/2077 2072/2072/2071 2071/2071/2070
f 2079/2079/2078 2075/2075/2074 2072/2072/2071 2078/2078/2077
f 2073/2073/2072 2080/2080/2079 2081/2081/2080 2074/2074/2073
f 2075/2075/2074 2082/2909/2081 2080/2080/2079 2073/2073/2072
f 2082/2909/2081 2075/2075/2074 2079/2079/2078 2083/2911/2082
f 2084/2084/2083 2076/2076/2075 1960/1960/1959 1961/1961/1960
f 2077/2077/2076 2076/2076/2075 2084/2084/2083 2085/2085/2084
f 2078/2078/2077 2077/2077/2076 2085/2085/2084 2079/2079/2078
f 2086/2086/2085 2084/2084/2083 1961/1961/1960 1968/1968/1967
f 2085/2085/2084 2084/2084/2083 2086/2086/2085 2087/2910/2086
f 2079/2079/2078 2085/2085/2084 2087/2910/2086 2083/2911/2082
f 2089/2088/2087 2081/2081/2080 2080/2080/2079 2088/2089/2088
f 2082/2909/2081 2090/2908/2089 2088/2089/2088 2080/2080/2079
f 1968/1968/1967 1975/2977/1974 2091/2975/2090 2086/2086/2085
f 2091/2091/2090 2092/2092/2091 2087/2087/2086 2086/2976/2085
f 2092/2092/2091 2093/2093/2092 2083/2083/2082 2087/2087/2086
f 2093/2093/2092 2090/2090/2089 2082/2082/2081 2083/2083/2082
f 1982/1982/1981 2094/2094/2093 2091/2091/2090 1975/1975/1974
f 2095/2095/2094 2092/2092/2091 2091/2091/2090 2094/2094/2093
f 2096/2096/2095 2093/2093/2092 2092/2092/2091 2095/2095/2094
f 2097/2097/2096 2090/2090/2089 2093/2093/2092 2096/2096/2095
f 2098/2906/2097 2088/2089/2088 2090/2908/2089 2097/2907/2096
f 2088/2089/2088 2098/2906/2097 2099/2905/2098 2089/2088/2087
f 2036/2036/2035 2035/2035/2034 2100/2100/2099 2101/2101/2100
f 2101/2101/2100 2100/2100/2099 2102/2102/2101 2103/2103/2102
f 2103/2103/2102 2102/2102/2101 2104/2104/2103 2105/2105/2104
f 2105/2105/2104 2104/2104/2103 2106/2106/2105 2107/2107/2106
f 2065/2065/2064 2108/2108/2107 2100/2100/2099 2035/2035/2034
f 2109/2109/2108 2102/2102/2101 2100/2100/2099 2108/2108/2107
f 2102/2102/2101 2109/2109/2108 2110/2110/2109 2104/2104/2103
f 2111/2111/2110 2106/2106/2105 2104/2104/2103 2110/2110/2109
f 2069/2069/2068 2112/2112/2111 2108/2108/2107 2065/2065/2064
f 2112/2112/2111 2113/2113/2112 2109/2109/2108 2108/2108/2107
f 2113/2113/2112 2114/2114/2113 2110/2110/2109 2109/2109/2108
f 2114/2114/2113 2115/2115/2114 2111/2111/2110 2110/2110/2109
f 2074/2074/2073 2116/2116/2115 2112/2112/2111 2069/2069/2068
f 2116/2116/2115 2117/2117/2116 2113/2113/2112 2112/2112/2111
f 2117/2117/2116 2118/2118/2117 2114/2114/2113 2113/2113/2112
f 2118/2118/2117 2119/2119/2118 2115/2115/2114 2114/2114/2113
f 2120/2120/2119 2116/2116/2115 2074/2074/2073 2081/2081/2080
f 2120/2120/2119 2121/2121/2120 2117/2117/2116 2116/2116/2115
f 2121/2121/2120 2122/2122/2121 2118/2118/2117 2117/2117/2116
f 2122/2122/2121 2123/2903/2122 2119/2119/2118 2118/2118/2117
f 2124/2124/2123 2120/2120/2119 2081/2081/2080 2089/2088/2087
f 2121/2121/2120 2120/2120/2119 2124/2124/2123 2122/2122/2121
f 2099/2905/2098 2125/2904/2124 2124/2124/2123 2089/2088/2087
f 2125/2904/2124 2123/2903/2122 2122/2122/2121 2124/2124/2123
f 2123/2903/2122 2126/2902/2125 2127/2127/2126 2119/2119/2118
f 2119/2119/2118 2127/2127/2126 2128/2128/2127 2115/2115/2114
f 2128/2128/2127 2129/2129/2128 2111/2111/2110 2115/2115/2114
f 2129/2129/2128 2130/2130/2129 2106/2106/2105 2111/2111/2110
f 2126/2902/2125 2131/2901/2130 2132/2132/2131 2127/2127/2126
f 2133/2133/2132 2128/2128/2127 2127/2127/2126 2132/2132/2131
f 2133/2133/2132 2134/2134/2133 2129/2129/2128 2128/2128/2127
f 2134/2134/2133 2135/2135/2134 2130/2130/2129 2129/2129/2128
f 2106/2106/2105 2130/2130/2129 2136/2136/2135 2107/2107/2106
f 2135/2135/2134 2137/2137/2136 2136/2136/2135 2130/2130/2129
f 2138/2138/2137 2038/2037/2036 2036/2036/2035 2101/2101/2100
f 2038/2037/2036 2138/2138/2137 2139/2139/2138 2041/2041/2040
f 2139/2139/2138 2140/2140/2139 2052/2052/2051 2041/2041/2040
f 2053/2054/2053 2052/2052/2051 2140/2140/2139 2141/2141/2140
f 2141/2141/2140 2142/2830/2141 2061/2831/2060 2053/2054/2053
f 2143/2143/2142 2138/2138/2137 2101/2101/2100 2103/2103/2102
f 2144/2144/2143 2139/2139/2138 2138/2138/2137 2143/2143/2142
f 2144/2144/2143 2145/2145/2144 2140/2140/2139 2139/2139/2138
f 2107/2107/2106 2136/2136/2135 2146/2146/2145 2147/2147/2146
f 2147/2147/2146 2148/2148/2147 2105/2105/2104 2107/2107/2106
f 2148/2148/2147 2143/2143/2142 2103/2103/2102 2105/2105/2104
f 2150/2149/2148 2149/2150/2149 2147/2147/2146 2146/2146/2145
f 2148/2148/2147 2147/2147/2146 2149/2150/2149 2151/2151/2150
f 2151/2151/2150 2144/2144/2143 2143/2143/2142 2148/2148/2147
f 2151/2151/2150 2152/2152/2151 2145/2145/2144 2144/2144/2143
f 2154/2153/2152 2153/2154/2153 2149/2150/2149 2150/2149/2148
f 2153/2154/2153 2152/2152/2151 2151/2151/2150 2149/2150/2149
f 2145/2145/2144 2155/2155/2154 2141/2141/2140 2140/2140/2139
f 2155/2155/2154 2145/2145/2144 2152/2152/2151 2156/2156/2155
f 2153/2154/2153 2157/2157/2156 2156/2156/2155 2152/2152/2151
f 2158/2158/2157 2157/2157/2156 2153/2154/2153 2154/2153/2152
f 2159/2159/2158 2142/2830/2141 2141/2141/2140 2155/2155/2154
f 2161/2160/2159 2156/2156/2155 2157/2157/2156 2160/2829/2160
f 2159/2159/2158 2155/2155/2154 2156/2156/2155 2161/2160/2159
f 2157/2157/2156 2158/2158/2157 2162/2828/2161 2160/2829/2160
f 2159/2159/2158 2161/2160/2159 2160/2829/2160 2142/2830/2141
f 2137/2137/2136 2163/2163/2162 2146/2146/2145 2136/2136/2135
f 2163/2163/2162 2164/2164/2163 2150/2149/2148 2146/2146/2145
f 2164/2164/2163 2165/2165/2164 2154/2153/2152 2150/2149/2148
f 2166/2166/2165 2158/2158/2157 2154/2153/2152 2165/2165/2164
f 2166/2166/2165 2167/2827/2166 2162/2828/2161 2158/2158/2157
f 2169/2168/2167 2166/2166/2165 2165/2165/2164 2168/2169/2168
f 2167/2827/2166 2166/2166/2165 2169/2168/2167 2170/2826/2169
f 2165/2165/2164 2164/2164/2163 2171/2171/2170 2168/2169/2168
f 2172/2172/2171 2171/2171/2170 2164/2164/2163 2163/2163/2162
f 2137/2137/2136 2173/2173/2172 2172/2172/2171 2163/2163/2162
f 2135/2135/2134 2174/2174/2173 2173/2173/2172 2137/2137/2136
f 2135/2135/2134 2175/2175/2174 2176/2176/2175 2174/2174/2173
f 2177/2177/2176 2175/2175/2174 2135/2135/2134 2134/2134/2133
f 2178/2178/2177 2177/2177/2176 2134/2134/2133 2133/2133/2132
f 2179/2179/2178 2178/2178/2177 2133/2133/2132 2132/2132/2131
f 2132/2132/2131 2131/2901/2130 2180/2900/2179 2179/2179/2178
f 2182/2181/2180 2176/2176/2175 2175/2175/2174 2181/2182/2181
f 2177/2177/2176 2178/2178/2177 2181/2182/2181 2175/2175/2174
f 2183/2183/2182 2181/2182/2181 2178/2178/2177 2179/2179/2178
f 2184/2899/2183 2183/2183/2182 2179/2179/2178 2180/2900/2179
f 2185/2185/2184 2182/2181/2180 2181/2182/2181 2183/2183/2182
f 2183/2183/2182 2184/2899/2183 2186/2898/2185 2185/2185/2184
f 2168/2169/2168 2171/2171/2170 2187/2187/2186 2188/2188/2187
f 2189/2189/2188 2169/2168/2167 2168/2169/2168 2188/2188/2187
f 2189/2189/2188 2190/2825/2189 2170/2826/2169 2169/2168/2167
f 2191/2191/2190 2187/2187/2186 2171/2171/2170 2172/2172/2171
f 2192/2192/2191 2191/2191/2190 2172/2172/2171 2173/2173/2172
f 2192/2192/2191 2173/2173/2172 2174/2174/2173 2193/2193/2192
f 2193/2193/2192 2174/2174/2173 2176/2176/2175 2194/2194/2193
f 2195/2195/2194 2194/2194/2193 2176/2176/2175 2182/2181/2180
f 2196/2196/2195 2195/2195/2194 2182/2181/2180 2185/2185/2184
f 2198/2197/2196 2196/2196/2195 2185/2185/2184 2197/2198/2197
f 2199/2897/2198 2197/2198/2197 2185/2185/2184 2186/2898/2185
f 2201/2200/2199 2200/2201/2200 2190/2825/2189 2189/2189/2188
f 2201/2200/2199 2189/2189/2188 2188/2188/2187 2202/2202/2201
f 2203/2203/2202 2202/2202/2201 2188/2188/2187 2187/2187/2186
f 2204/2204/2203 2203/2203/2202 2187/2187/2186 2191/2191/2190
f 2205/2205/2204 2204/2204/2203 2191/2191/2190 2192/2192/2191
f 2205/2205/2204 2192/2192/2191 2193/2193/2192 2206/2206/2205
f 2194/2194/2193 2207/2207/2206 2206/2206/2205 2193/2193/2192
f 2209/2208/2207 2197/2198/2197 2199/2897/2198 2208/2896/2208
f 2197/2198/2197 2209/2208/2207 2210/2210/2209 2198/2197/2196
f 2212/2211/2210 2211/2212/2211 2195/2195/2194 2196/2196/2195
f 2194/2194/2193 2195/2195/2194 2211/2212/2211 2213/2213/2212
f 2198/2197/2196 2214/2214/2213 2212/2211/2210 2196/2196/2195
f 2198/2197/2196 2210/2210/2209 2215/2215/2214 2214/2214/2213
f 2208/2896/2208 2216/2895/2215 2217/2217/2216 2209/2208/2207
f 2209/2208/2207 2217/2217/2216 2218/2218/2217 2210/2210/2209
f 2210/2210/2209 2218/2218/2217 2219/2219/2218 2215/2215/2214
f 2221/2220/2219 2220/2221/2220 2200/2201/2200 2201/2200/2199
f 2202/2202/2201 2222/2222/2221 2221/2220/2219 2201/2200/2199
f 2223/2223/2222 2222/2222/2221 2202/2202/2201 2203/2203/2202
f 2204/2204/2203 2224/2224/2223 2223/2223/2222 2203/2203/2202
f 2226/2225/2224 2225/2226/2225 2224/2224/2223 2204/2204/2203
f 2226/2225/2224 2204/2204/2203 2205/2205/2204 2227/2227/2226
f 2228/2228/2227 2227/2227/2226 2205/2205/2204 2206/2206/2205
f 2207/2207/2206 2229/2229/2228 2228/2228/2227 2206/2206/2205
f 2230/2230/2229 2207/2207/2206 2194/2194/2193 2213/2213/2212
f 2229/2229/2228 2207/2207/2206 2230/2230/2229 2231/2231/2230
f 2215/2215/2214 2232/2232/2231 2233/2233/2232 2214/2214/2213
f 2215/2215/2214 2219/2219/2218 2234/2234/2233 2232/2232/2231
f 2221/2220/2219 2222/2222/2221 2235/2235/2234 2236/3020/2235
f 2220/2221/2220 2221/2220/2219 2236/3020/2235 2237/3013/2236
f 2239/2238/2237 2236/2236/2235 2235/3019/2234 2238/2239/2238
f 2240/2240/2239 2237/2237/2236 2236/2236/2235 2239/2238/2237
f 2242/2241/2240 2233/2233/2232 2232/2232/2231 2241/2242/2241
f 2234/2234/2233 2243/2243/2242 2241/2242/2241 2232/2232/2231
f 2238/2239/2238 2242/2241/2240 2241/2242/2241 2239/2238/2237
f 2243/2243/2242 2240/2240/2239 2239/2238/2237 2241/2242/2241
f 2214/2214/2213 2233/2233/2232 2211/2212/2211 2212/2211/2210
f 2233/2233/2232 2242/2241/2240 2244/2244/2243 2211/2212/2211
f 2245/2245/2244 2244/2244/2243 2242/2241/2240 2238/2239/2238
f 2225/2226/2225 2246/2246/2245 2247/3017/2246 2224/2224/2223
f 2213/2213/2212 2248/2248/2247 2249/2249/2248 2230/2230/2229
f 2247/2247/2246 2246/3016/2245 2251/2250/2249 2252/2251/2250
f 2235/3019/2234 2250/3018/2251 2245/2245/2244 2238/2239/2238
f 2222/2222/2221 2223/2223/2222 2250/2252/2251 2235/2235/2234
f 2252/2251/2250 2251/2250/2249 2249/2249/2248 2248/2248/2247
f 2244/2244/2243 2248/2248/2247 2213/2213/2212 2211/2212/2211
f 2223/2223/2222 2224/2224/2223 2247/3017/2246 2250/2252/2251
f 2248/2248/2247 2244/2244/2243 2245/2245/2244 2252/2251/2250
f 2252/2251/2250 2245/2245/2244 2250/3018/2251 2247/2247/2246
f 2230/2230/2229 2249/2249/2248 2253/2253/2252 2231/2231/2230
f 2254/2254/2253 2253/2253/2252 2249/2249/2248 2251/2250/2249
f 2254/2254/2253 2251/2250/2249 2246/3016/2245 2255/3015/2254
f 2225/2226/2225 2256/2256/2255 2255/2255/2254 2246/2246/2245
f 2257/2257/2256 2256/2256/2255 2225/2226/2225 2226/2225/2224
f 2258/2258/2257 2257/2257/2256 2226/2225/2224 2227/2227/2226
f 2259/2259/2258 2258/2258/2257 2227/2227/2226 2228/2228/2227
f 2229/2229/2228 2260/2260/2259 2259/2259/2258 2228/2228/2227
f 2260/2260/2259 2229/2229/2228 2231/2231/2230 2261/2261/2260
f 2261/2261/2260 2262/2262/2261 2259/2259/2258 2260/2260/2259
f 2259/2259/2258 2262/2262/2261 2257/2257/2256 2258/2258/2257
f 2231/2231/2230 2253/2253/2252 2254/2254/2253 2261/2261/2260
f 2255/3015/2254 2262/2262/2261 2261/2261/2260 2254/2254/2253
f 2256/2256/2255 2257/2257/2256 2262/2262/2261 2255/2255/2254
f 2216/2895/2215 2263/2894/2262 2264/2893/2263 2217/2217/2216
f 2217/2217/2216 2264/2893/2263 2265/2892/2264 2218/2218/2217
f 2266/2891/2265 2219/2219/2218 2218/2218/2217 2265/2892/2264
f 2219/2219/2218 2266/2891/2265 2267/2890/2266 2234/2234/2233
f 2234/2234/2233 2267/2890/2266 2268/2889/2267 2243/2243/2242
f 2243/2243/2242 2268/2889/2267 2269/2887/2268 2240/2240/2239
f 2237/3013/2236 2270/3014/2269 2271/2822/2270 2220/2221/2220
f 2270/2888/2269 2237/2237/2236 2240/2240/2239 2269/2887/2268
f 2200/2824/2200 2272/2272/2271 2273/2273/2272 2190/2190/2189
f 2274/2823/2273 2200/2201/2200 2220/2221/2220 2271/2822/2270
f 2200/2824/2200 2274/2274/2273 2275/2275/2274 2272/2272/2271
f 2276/2276/2275 2170/2170/2169 2190/2190/2189 2273/2273/2272
f 2277/2277/2276 2167/2167/2166 2170/2170/2169 2276/2276/2275
f 2278/2278/2277 2162/2162/2161 2167/2167/2166 2277/2277/2276
f 2278/2278/2277 2279/2279/2278 2160/2161/2160 2162/2162/2161
f 2279/2279/2278 2280/2280/2279 2142/2142/2141 2160/2161/2160
f 2280/2280/2279 2281/2281/2280 2061/2061/2060 2142/2142/2141
f 2061/2061/2060 2281/2281/2280 2059/2059/2058 2060/2832/2059
f 2059/2059/2058 2281/2281/2280 2282/2282/2281 2058/2058/2057
f 2028/2028/2027 2058/2058/2057 2282/2282/2281 2283/2283/2282
f 2021/2838/2020 2028/2028/2027 2283/2283/2282 2017/2017/2016
f 2017/2017/2016 2283/2283/2282 2284/2284/2283 2018/2018/2017
f 2285/2285/2284 2019/2019/2018 2018/2018/2017 2284/2284/2283
f 2020/2020/2019 2019/2019/2018 2285/2285/2284 2286/2286/2285
f 2004/2004/2003 2287/2287/2286 2288/2288/2287 1997/1997/1996
f 2020/2020/2019 2286/2286/2285 2287/2287/2286 2004/2004/2003
f 1919/2849/1918 1997/1997/1996 2288/2288/2287 1917/1917/1916
f 2289/2289/2288 1915/1915/1914 1917/1917/1916 2288/2288/2287
f 1913/1913/1912 1915/1915/1914 2289/2289/2288 2290/2290/2289
f 1911/1911/1910 1913/1913/1912 2290/2290/2289 2291/2291/2290
f 2291/2291/2290 2292/2292/2291 1909/1909/1908 1911/1911/1910
f 1803/1803/1802 1909/1909/1908 2292/2292/2291 2293/2293/2292
f 1803/1803/1802 2293/2293/2292 2294/2294/2293 1802/1802/1801
f 2295/2295/2294 1801/1801/1800 1802/1802/1801 2294/2294/2293
f 1801/1801/1800 2295/2295/2294 2296/2296/2295 1800/1800/1799
f 1800/1800/1799 2296/2296/2295 2297/2297/2296 1787/1787/1786
f 2298/2298/2297 1770/1770/1769 1787/1787/1786 2297/2297/2296
f 1770/1770/1769 2298/2298/2297 2299/2299/2298 1673/1673/1672
f 1673/1673/1672 2299/2299/2298 2300/2300/2299 1674/1674/1673
f 1675/1675/1674 1674/1674/1673 2300/2300/2299 2301/2301/2300
f 1676/1676/1675 1675/1675/1674 2301/2301/2300 2302/2302/2301
f 1676/1676/1675 2302/2302/2301 2303/2303/2302 1677/1677/1676
f 2304/2304/2303 1678/1678/1677 1677/1677/1676 2303/2303/2302
f 2305/2305/2304 1540/1540/1539 1678/1678/1677 2304/2304/2303
f 2306/2306/2305 1539/1539/1538 1540/1540/1539 2305/2305/2304
f 1538/1538/1537 1539/1539/1538 2306/2306/2305 2307/2307/2306
f 2307/2307/2306 2308/2308/2307 1537/1537/1536 1538/1538/1537
f 1406/1406/1405 1537/1537/1536 2308/2308/2307 2309/2309/2308
f 2309/2309/2308 2310/2310/2309 1360/1360/1359 1406/1406/1405
f 2311/2311/2310 1359/1359/1358 1360/1360/1359 2310/2310/2309
f 2312/2312/2311 1358/1358/1357 1359/1359/1358 2311/2311/2310
f 2313/2313/2312 1357/1357/1356 1358/1358/1357 2312/2312/2311
f 2314/2314/2313 1355/1356/1355 1357/1357/1356 2313/2313/2312
f 2314/2314/2313 1372/1372/1371 1356/1355/1354 1355/1356/1355
f 2315/2315/2314 1374/1374/1373 1372/1372/1371 2314/2314/2313
f 1374/1374/1373 2315/2315/2314 2316/2316/2315 1377/1377/1376
f 1377/1377/1376 2316/2316/2315 2317/2317/2316 1378/1378/1377
f 2318/2318/2317 652/652/651 651/651/650 650/650/649
f 2319/2319/2318 656/656/655 652/652/651 2318/2318/2317
f 656/2992/655 2319/2991/2318 2320/2320/2319 654/653/652
f 2320/2320/2319 2321/2321/2320 653/654/653 654/653/652
f 658/658/657 653/654/653 2321/2321/2320 2322/2322/2321
f 659/659/658 658/658/657 2322/2322/2321 2323/2323/2322
f 659/659/658 2324/2324/2323 661/661/660 660/660/659
f 2325/2325/2324 2324/2324/2323 659/659/658 2323/2323/2322
f 2327/2326/2325 2324/2324/2323 2325/2325/2324 2326/2327/2326
f 662/662/661 661/661/660 2324/2324/2323 2327/2326/2325
f 2327/2326/2325 2328/2328/2327 663/663/662 662/662/661
f 2326/2327/2326 2329/2329/2328 2328/2328/2327 2327/2326/2325
f 664/664/663 663/663/662 2328/2328/2327 665/665/664
f 2329/2329/2328 2330/2330/2329 665/665/664 2328/2328/2327
f 2330/2330/2329 2331/2331/2330 666/666/665 665/665/664
f 2331/2331/2330 2332/2332/2331 667/667/666 666/666/665
f 668/668/667 667/667/666 2332/2332/2331 2333/2333/2332
f 2333/2333/2332 2334/2334/2333 669/669/668 668/668/667
f 2334/2334/2333 2335/2335/2334 670/670/669 669/669/668
f 649/649/648 2336/2336/2335 2318/2318/2317 650/650/649
f 2337/2337/2336 2319/2319/2318 2318/2318/2317 2336/2336/2335
f 2319/2991/2318 2337/2990/2336 2321/2321/2320 2320/2320/2319
f 2339/2338/2337 2338/2339/2338 648/648/647 647/647/646
f 2340/2340/2339 649/649/648 648/648/647 2338/2339/2338
f 649/649/648 2340/2340/2339 2341/2341/2340 2336/2336/2335
f 2342/2342/2341 2337/2337/2336 2336/2336/2335 2341/2341/2340
f 2343/2343/2342 2321/2321/2320 2337/2990/2336 2342/2989/2341
f 2344/2344/2343 2322/2322/2321 2321/2321/2320 2343/2343/2342
f 2323/2323/2322 2322/2322/2321 2344/2344/2343 2345/2345/2344
f 2323/2323/2322 2345/2345/2344 2346/2346/2345 2325/2325/2324
f 2346/2346/2345 2347/2347/2346 2326/2327/2326 2325/2325/2324
f 2347/2347/2346 2348/2348/2347 2329/2329/2328 2326/2327/2326
f 2330/2330/2329 2329/2329/2328 2348/2348/2347 2349/2349/2348
f 2349/2349/2348 2350/2350/2349 2331/2331/2330 2330/2330/2329
f 645/645/644 646/646/645 2351/2351/2350 2352/2352/2351
f 2352/2352/2351 2353/2353/2352 643/643/642 645/645/644
f 2353/2353/2352 2354/2354/2353 644/644/643 643/643/642
f 2354/2354/2353 2339/2338/2337 647/647/646 644/644/643
f 2339/2338/2337 2355/2355/2354 2356/2356/2355 2338/2339/2338
f 2338/2339/2338 2356/2356/2355 2357/2357/2356 2340/2340/2339
f 2358/2358/2357 2341/2341/2340 2340/2340/2339 2357/2357/2356
f 2341/2341/2340 2358/2358/2357 2359/2359/2358 2342/2342/2341
f 2360/2360/2359 2343/2343/2342 2342/2989/2341 2359/2988/2358
f 2345/2345/2344 2344/2344/2343 2343/2343/2342 2360/2360/2359
f 2362/2361/2360 2361/2362/2361 2352/2352/2351 2351/2351/2350
f 2353/2353/2352 2352/2352/2351 2361/2362/2361 2363/2363/2362
f 2354/2354/2353 2353/2353/2352 2363/2363/2362 2364/2364/2363
f 2364/2364/2363 2355/2355/2354 2339/2338/2337 2354/2354/2353
f 2366/2365/2364 2365/2366/2365 642/642/641 641/641/640
f 2365/2366/2365 2351/2351/2350 646/646/645 642/642/641
f 2367/2367/2366 2362/2361/2360 2351/2351/2350 2365/2366/2365
f 2368/2368/2367 2367/2367/2366 2365/2366/2365 2366/2365/2364
f 2369/2369/2368 2366/2365/2364 641/641/640 640/640/639
f 2370/2370/2369 2368/2368/2367 2366/2365/2364 2369/2369/2368
f 2371/2371/2370 2369/2369/2368 640/640/639 639/639/638
f 2371/2371/2370 2372/2372/2371 2370/2370/2369 2369/2369/2368
f 2373/2373/2372 2371/2371/2370 639/639/638 638/638/637
f 2371/2371/2370 2373/2373/2372 2374/2374/2373 2372/2372/2371
f 2375/2375/2374 2373/2373/2372 638/638/637 636/636/635
f 2376/2376/2375 2374/2374/2373 2373/2373/2372 2375/2375/2374
f 2375/2375/2374 636/636/635 635/635/634 2377/2377/2376
f 2377/2377/2376 2378/2378/2377 2376/2376/2375 2375/2375/2374
f 2380/2379/2378 2379/2380/2379 634/633/632 632/632/631
f 2379/2380/2379 2381/2381/2380 633/634/633 634/633/632
f 2381/2381/2380 2382/2382/2381 637/637/636 633/634/633
f 2377/2377/2376 635/635/634 637/637/636 2382/2382/2381
f 2382/2382/2381 2383/2383/2382 2378/2378/2377 2377/2377/2376
f 2384/2384/2383 2383/2383/2382 2382/2382/2381 2381/2381/2380
f 2384/2384/2383 2381/2381/2380 2379/2380/2379 2385/2385/2384
f 2385/2385/2384 2379/2380/2379 2380/2379/2378 2386/2386/2385
f 2387/2387/2386 2380/2379/2378 632/632/631 631/631/630
f 2388/2388/2387 2386/2386/2385 2380/2379/2378 2387/2387/2386
f 631/631/630 630/630/629 2389/2389/2388 2387/2387/2386
f 2390/2390/2389 2388/2388/2387 2387/2387/2386 2389/2389/2388
f 630/630/629 629/629/628 2391/2391/2390 2389/2389/2388
f 2392/2392/2391 2390/2390/2389 2389/2389/2388 2391/2391/2390
f 2393/2393/2392 2391/2391/2390 629/629/628 628/628/627
f 2394/2394/2393 2392/2392/2391 2391/2391/2390 2393/2393/2392
f 628/628/627 627/627/2394 2395/2395/2395 2393/2393/2392
f 2396/2396/2396 2394/2394/2393 2393/2393/2392 2395/2395/2395
f 2396/2396/2396 2395/2395/2395 627/627/2394 626/626/626
f 625/625/625 2397/2397/2397 2396/2396/2396 626/626/626
f 2398/2398/2398 2397/2397/2397 625/625/625 624/624/624
f 2399/2399/2399 2398/2398/2398 624/624/624 623/623/623
f 1376/1376/1375 2400/2400/2400 623/623/623 622/622/622
f 1378/1378/1377 2401/2401/2401 2400/2400/2400 1376/1376/1375
f 2317/2317/2316 2402/2402/2402 2401/2401/2401 1378/1378/1377
f 2403/2403/2403 2399/2399/2399 623/623/623 2400/2400/2400
f 2400/2400/2400 2401/2401/2401 2402/2402/2402 2403/2403/2403
f 2403/2403/2403 2404/2404/2404 2398/2398/2398 2399/2399/2399
f 2404/2404/2404 2405/2405/2405 2397/2397/2397 2398/2398/2398
f 2406/2406/2406 2396/2396/2396 2397/2397/2397 2405/2405/2405
f 2396/2396/2396 2406/2406/2406 2407/2407/2407 2394/2394/2393
f 2407/2407/2407 2408/2408/2408 2392/2392/2391 2394/2394/2393
f 2408/2408/2408 2409/2409/2409 2390/2390/2389 2392/2392/2391
f 2409/2409/2409 2410/2410/2410 2388/2388/2387 2390/2390/2389
f 2386/2386/2385 2388/2388/2387 2410/2410/2410 2411/2411/2411
f 2412/2412/2412 2385/2385/2384 2386/2386/2385 2411/2411/2411
f 2413/2413/2413 2384/2384/2383 2385/2385/2384 2412/2412/2412
f 2413/2413/2413 2414/2414/2414 2383/2383/2382 2384/2384/2383
f 2415/2415/2415 2378/2378/2377 2383/2383/2382 2414/2414/2414
f 2415/2415/2415 2416/2416/2416 2376/2376/2375 2378/2378/2377
f 2416/2416/2416 2417/2417/2417 2374/2374/2373 2376/2376/2375
f 2417/2417/2417 2418/2418/2418 2372/2372/2371 2374/2374/2373
f 2418/2418/2418 2419/2419/2419 2370/2370/2369 2372/2372/2371
f 2368/2368/2367 2370/2370/2369 2419/2419/2419 2420/2420/2420
f 2420/2420/2420 2421/2421/2421 2367/2367/2366 2368/2368/2367
f 2421/2421/2421 2422/2422/2422 2362/2361/2360 2367/2367/2366
f 2422/2422/2422 2423/2423/2423 2361/2362/2361 2362/2361/2360
f 2423/2423/2423 2424/2424/2424 2363/2363/2362 2361/2362/2361
f 2424/2424/2424 2425/2425/2425 2364/2364/2363 2363/2363/2362
f 2425/2425/2425 2426/2426/2426 2355/2355/2354 2364/2364/2363
f 2427/2427/2427 2356/2356/2355 2355/2355/2354 2426/2426/2426
f 2357/2357/2356 2356/2356/2355 2427/2427/2427 2358/2358/2357
f 2427/2427/2427 2428/2428/2428 2359/2359/2358 2358/2358/2357
f 2360/2360/2359 2359/2988/2358 2428/2987/2428 2429/2429/2429
f 2345/2345/2344 2360/2360/2359 2429/2429/2429 2346/2346/2345
f 2429/2429/2429 2430/2430/2430 2347/2347/2346 2346/2346/2345
f 2430/2430/2430 2431/2431/2431 2348/2348/2347 2347/2347/2346
f 2431/2431/2431 2432/2432/2432 2349/2349/2348 2348/2348/2347
f 2432/2432/2432 2433/2433/2433 2350/2350/2349 2349/2349/2348
f 2350/2350/2349 2434/2434/2434 2332/2332/2331 2331/2331/2330
f 2434/2434/2434 2350/2350/2349 2433/2433/2433 2435/2435/2435
f 2434/2434/2434 2436/2436/2436 2333/2333/2332 2332/2332/2331
f 2334/2334/2333 2333/2333/2332 2436/2436/2436 2437/2437/2437
f 2437/2437/2437 2438/2438/2438 2335/2335/2334 2334/2334/2333
f 2435/2435/2435 2439/2439/2439 2436/2436/2436 2434/2434/2434
f 2439/2439/2439 2440/2440/2440 2437/2437/2437 2436/2436/2436
f 2440/2440/2440 2441/2441/2441 2438/2438/2438 2437/2437/2437
f 2335/2335/2334 2442/2442/2442 671/671/670 670/670/669
f 2442/2442/2442 2335/2335/2334 2438/2438/2438 2443/2443/2443
f 2441/2441/2441 2444/2444/2444 2443/2443/2443 2438/2438/2438
f 672/672/671 671/671/670 2442/2442/2442 2445/2445/2445
f 2445/2445/2445 2442/2442/2442 2443/2443/2443 2446/2446/2446
f 2444/2444/2444 2447/2447/2447 2446/2446/2446 2443/2443/2443
f 673/673/672 672/672/671 2445/2445/2445 2448/2448/2448
f 674/674/673 673/673/672 2448/2448/2448 2449/2449/2449
f 2446/2446/2446 2450/2450/2450 2448/2448/2448 2445/2445/2445
f 2450/2450/2450 2451/2451/2451 2449/2449/2449 2448/2448/2448
f 2451/2451/2451 2450/2450/2450 2452/2452/2452 2453/2453/2453
f 2447/2447/2447 2452/2452/2452 2450/2450/2450 2446/2446/2446
f 2449/2449/2449 2454/2454/2454 675/675/674 674/674/673
f 2454/2454/2454 2449/2449/2449 2451/2451/2451 2455/2455/2455
f 2453/2453/2453 2456/2456/2456 2455/2455/2455 2451/2451/2451
f 2457/2457/2457 676/676/675 675/675/674 2454/2454/2454
f 2455/2455/2455 2458/2458/2458 2457/2457/2457 2454/2454/2454
f 2459/2459/2459 2458/2458/2458 2455/2455/2455 2456/2456/2456
f 2461/2460/2460 2460/2461/2461 2458/2458/2458 2459/2459/2459
f 2458/2458/2458 2460/2461/2461 2462/2462/2462 2457/2457/2457
f 677/677/676 676/676/675 2457/2457/2457 2462/2462/2462
f 2462/2462/2462 2463/2463/2463 678/678/677 677/677/676
f 2460/2461/2461 2464/2464/2464 2463/2463/2463 2462/2462/2462
f 2460/2461/2461 2461/2460/2460 2465/2465/2465 2464/2464/2464
f 2464/2464/2464 2465/2465/2465 2466/2466/2466 2467/2467/2467
f 2468/2468/2468 2463/2463/2463 2464/2464/2464 2467/2467/2467
f 679/679/678 678/678/677 2463/2463/2463 2468/2468/2468
f 2468/2468/2468 2469/2469/2469 680/680/679 679/679/678
f 2469/2469/2469 2470/2470/2470 681/681/680 680/680/679
f 2467/2467/2467 2471/2471/2471 2469/2469/2469 2468/2468/2468
f 2471/2471/2471 2472/2472/2472 2470/2470/2470 2469/2469/2469
f 2473/2473/2473 2471/2471/2471 2467/2467/2467 2466/2466/2466
f 2474/2474/2474 2472/2472/2472 2471/2471/2471 2473/2473/2473
f 2470/2470/2470 2475/2475/2475 682/682/681 681/681/680
f 2475/2475/2475 2476/2476/2476 683/683/682 682/682/681
f 2475/2475/2475 2470/2470/2470 2472/2472/2472 2477/2477/2477
f 2477/2477/2477 2478/2478/2478 2476/2476/2476 2475/2475/2475
f 2480/2479/2479 2478/2478/2478 2477/2477/2477 2479/2480/2480
f 2474/2474/2474 2479/2480/2480 2477/2477/2477 2472/2472/2472
f 684/684/683 683/683/682 2476/2476/2476 685/685/684
f 2478/2478/2478 686/686/685 685/685/684 2476/2476/2476
f 686/686/685 2478/2478/2478 2481/2481/2481 687/687/686
f 2481/2481/2481 2478/2478/2478 2480/2479/2479 2482/2482/2482
f 688/688/687 687/687/686 2481/2481/2481 2482/2482/2482
f 2482/2482/2482 2483/2483/2483 689/689/688 688/688/687
f 2483/2483/2483 2484/2484/2484 690/690/689 689/689/688
f 2484/2484/2484 2485/2485/2485 691/691/690 690/690/689
f 2485/2485/2485 2486/2486/2486 613/613/613 691/691/690
f 2486/2486/2486 1388/1386/1385 614/614/614 613/613/613
f 1397/1397/1396 1391/1391/1390 1388/1386/1385 2486/2486/2486
f 2487/2487/2487 1397/1397/1396 2486/2486/2486 2485/2485/2485
f 2485/2485/2485 2484/2484/2484 2488/2488/2488 2487/2487/2487
f 2489/2489/2489 2488/2488/2488 2484/2484/2484 2483/2483/2483
f 2490/2490/2490 2489/2489/2489 2483/2483/2483 2482/2482/2482
f 2480/2479/2479 2491/2491/2491 2490/2490/2490 2482/2482/2482
f 2480/2479/2479 2479/2480/2480 2492/2492/2492 2491/2491/2491
f 2479/2480/2480 2474/2474/2474 2493/2493/2493 2492/2492/2492
f 2493/2493/2493 2474/2474/2474 2473/2473/2473 2494/2494/2494
f 2494/2494/2494 2473/2473/2473 2466/2466/2466 2495/2495/2495
f 2495/2495/2495 2466/2466/2466 2465/2465/2465 2496/2496/2496
f 2496/2496/2496 2465/2465/2465 2461/2460/2460 2497/2497/2497
f 2498/2498/2498 2497/2497/2497 2461/2460/2460 2459/2459/2459
f 2498/2498/2498 2459/2459/2459 2456/2456/2456 2499/2499/2499
f 2500/2500/2500 2499/2499/2499 2456/2456/2456 2453/2453/2453
f 2452/2452/2452 2501/2501/2501 2500/2500/2500 2453/2453/2453
f 2447/2447/2447 2502/2502/2502 2501/2501/2501 2452/2452/2452
f 2503/2503/2503 2502/2502/2502 2447/2447/2447 2444/2444/2444
f 2504/2504/2504 2503/2503/2503 2444/2444/2444 2441/2441/2441
f 2505/2505/2505 2504/2504/2504 2441/2441/2441 2440/2440/2440
f 2440/2440/2440 2439/2439/2439 2506/2506/2506 2505/2505/2505
f 2435/2435/2435 2507/2507/2507 2506/2506/2506 2439/2439/2439
f 2435/2435/2435 2433/2433/2433 2508/2508/2508 2507/2507/2507
f 2432/2432/2432 2509/2509/2509 2508/2508/2508 2433/2433/2433
f 2510/2510/2510 2509/2509/2509 2432/2432/2432 2431/2431/2431
f 2511/2511/2511 2510/2510/2510 2431/2431/2431 2430/2430/2430
f 2427/2427/2427 2512/2512/2512 2513/2513/2513 2428/2428/2428
f 2513/2983/2513 2514/2514/2514 2429/2429/2429 2428/2987/2428
f 2430/2430/2430 2429/2429/2429 2514/2514/2514 2511/2511/2511
f 2516/2515/2515 2515/2516/2516 2426/2426/2426 2425/2425/2425
f 2426/2426/2426 2515/2516/2516 2512/2512/2512 2427/2427/2427
f 2425/2425/2425 2424/2424/2424 2517/2517/2517 2516/2515/2515
f 2518/2518/2518 2517/2517/2517 2424/2424/2424 2423/2423/2423
f 2519/2519/2519 2518/2518/2518 2423/2423/2423 2422/2422/2422
f 2520/2520/2520 2519/2519/2519 2422/2422/2422 2421/2421/2421
f 2521/2521/2521 2520/2520/2520 2421/2421/2421 2420/2420/2420
f 2420/2420/2420 2419/2419/2419 2522/2522/2522 2521/2521/2521
f 2413/2413/2413 2523/2523/2523 2524/2524/2524 2414/2414/2414
f 2414/2414/2414 2524/2524/2524 2525/2525/2525 2415/2415/2415
f 2415/2415/2415 2525/2525/2525 2526/2526/2526 2416/2416/2416
f 2526/2526/2526 2527/2527/2527 2417/2417/2417 2416/2416/2416
f 2527/2527/2527 2528/2528/2528 2418/2418/2418 2417/2417/2417
f 2528/2528/2528 2522/2522/2522 2419/2419/2419 2418/2418/2418
f 2412/2412/2412 2529/2529/2529 2523/2523/2523 2413/2413/2413
f 2529/2529/2529 2412/2412/2412 2411/2411/2411 2530/2530/2530
f 2531/2531/2531 2530/2530/2530 2411/2411/2411 2410/2410/2410
f 2532/2532/2532 2531/2531/2531 2410/2410/2410 2409/2409/2409
f 2409/2409/2409 2408/2408/2408 2533/2533/2533 2532/2532/2532
f 2533/2533/2533 2408/2408/2408 2407/2407/2407 2534/2534/2534
f 2406/2406/2406 2405/2405/2405 2534/2534/2534 2407/2407/2407
f 2535/2535/2535 2534/2534/2534 2405/2405/2405 2404/2404/2404
f 2536/2536/2536 2535/2535/2535 2404/2404/2404 2403/2403/2403
f 2537/2537/2537 2536/2536/2536 2403/2403/2403 2402/2402/2402
f 2315/2315/2314 2314/2314/2313 2313/2313/2312 2316/2316/2315
f 2538/2538/2538 2537/2537/2537 2402/2402/2402 2317/2317/2316
f 2312/2312/2311 2539/2539/2539 2316/2316/2315 2313/2313/2312
f 2538/2538/2538 2317/2317/2316 2316/2316/2315 2539/2539/2539
f 2311/2311/2310 2310/2310/2309 2539/2539/2539 2312/2312/2311
f 2540/2540/2540 2539/2539/2539 2310/2310/2309 2309/2309/2308
f 2274/2274/2273 2271/2271/2270 2541/2541/2541 2275/2275/2274
f 2264/2264/2263 2263/2263/2262 2542/2542/2542 2265/2265/2264
f 2543/2543/2543 2266/2266/2265 2265/2265/2264 2542/2542/2542
f 2270/2270/2269 2544/2544/2544 2541/2541/2541 2271/2271/2270
f 2266/2266/2265 2543/2543/2543 2268/2268/2267 2267/2267/2266
f 2269/2269/2268 2545/2545/2545 2544/2544/2544 2270/2270/2269
f 2545/2545/2545 2269/2269/2268 2268/2986/2267 2543/2985/2543
f 2544/2544/2544 2546/2546/2546 2547/2547/2547 2541/2541/2541
f 2545/2545/2545 2548/2548/2548 2546/2546/2546 2544/2544/2544
f 2548/2548/2548 2545/2545/2545 2543/2985/2543 2549/2984/2549
f 2543/2543/2543 2542/2542/2542 2550/2550/2550 2549/2549/2549
f 2552/2551/2551 2547/2547/2547 2546/2546/2546 2551/2552/2552
f 2548/2548/2548 2553/2553/2553 2551/2552/2552 2546/2546/2546
f 2553/2553/2553 2548/2548/2548 2549/2984/2549 2554/2981/2554
f 2554/2554/2554 2549/2549/2549 2550/2550/2550 2555/2555/2555
f 2557/2556/2556 2513/2513/2513 2512/2512/2512 2556/2557/2557
f 2558/2558/2558 2514/2514/2514 2513/2983/2513 2557/2982/2556
f 2554/2981/2554 2557/2556/2556 2556/2557/2557 2553/2553/2553
f 2555/2555/2555 2558/2558/2558 2557/2982/2556 2554/2554/2554
f 2556/2557/2557 2512/2512/2512 2515/2516/2516 2553/2553/2553
f 2551/2552/2552 2553/2553/2553 2515/2516/2516 2552/2551/2551
f 2552/2551/2551 2515/2516/2516 2516/2515/2515 2547/2547/2547
f 2547/2547/2547 2516/2515/2515 2517/2517/2517 2541/2541/2541
f 2560/2559/2559 2541/2541/2541 2517/2517/2517 2559/2560/2560
f 2560/2559/2559 2561/2561/2561 2275/2275/2274 2541/2541/2541
f 2561/2561/2561 2560/2559/2559 2559/2560/2560 2562/2562/2562
f 2562/2562/2562 2559/2560/2560 2517/2517/2517 2518/2518/2518
f 2275/2275/2274 2561/2561/2561 2273/2273/2272 2272/2272/2271
f 2563/2563/2563 2276/2276/2275 2273/2273/2272 2561/2561/2561
f 2562/2562/2562 2564/2564/2564 2563/2563/2563 2561/2561/2561
f 2564/2564/2564 2562/2562/2562 2518/2518/2518 2519/2519/2519
f 2277/2277/2276 2276/2276/2275 2563/2563/2563 2278/2278/2277
f 2563/2563/2563 2565/2565/2565 2279/2279/2278 2278/2278/2277
f 2564/2564/2564 2566/2566/2566 2565/2565/2565 2563/2563/2563
f 2520/2520/2520 2566/2566/2566 2564/2564/2564 2519/2519/2519
f 2532/2532/2532 2533/2533/2533 2534/2534/2534 2567/2567/2567
f 2567/2567/2567 2568/2568/2568 2531/2531/2531 2532/2532/2532
f 2568/2568/2568 2569/2569/2569 2530/2530/2530 2531/2531/2531
f 2569/2569/2569 2570/2570/2570 2529/2529/2529 2530/2530/2530
f 2529/2529/2529 2570/2570/2570 2571/2571/2571 2523/2523/2523
f 2572/2572/2572 2524/2524/2524 2523/2523/2523 2571/2571/2571
f 2525/2525/2525 2524/2524/2524 2572/2572/2572 2526/2526/2526
f 2573/2573/2573 2538/2538/2538 2539/2539/2539 2540/2540/2540
f 2538/2538/2538 2573/2573/2573 2574/2574/2574 2537/2537/2537
f 2574/2574/2574 2575/2575/2575 2536/2536/2536 2537/2537/2537
f 2575/2575/2575 2576/2576/2576 2535/2535/2535 2536/2536/2536
f 2576/2576/2576 2567/2567/2567 2534/2534/2534 2535/2535/2535
f 2573/2573/2573 2540/2540/2540 2309/2309/2308 2308/2308/2307
f 2307/2307/2306 2577/2577/2577 2573/2573/2573 2308/2308/2307
f 2574/2574/2574 2573/2573/2573 2577/2577/2577 2578/2578/2578
f 2578/2578/2578 2579/2579/2579 2575/2575/2575 2574/2574/2574
f 2579/2579/2579 2580/2580/2580 2576/2576/2576 2575/2575/2575
f 2580/2580/2580 2568/2568/2568 2567/2567/2567 2576/2576/2576
f 2307/2307/2306 2306/2306/2305 2305/2305/2304 2577/2577/2577
f 2581/2581/2581 2578/2578/2578 2577/2577/2577 2305/2305/2304
f 2305/2305/2304 2304/2304/2303 2303/2303/2302 2581/2581/2581
f 2578/2578/2578 2581/2581/2581 2582/2582/2582 2579/2579/2579
f 2581/2581/2581 2303/2303/2302 2302/2302/2301 2582/2582/2582
f 2582/2582/2582 2583/2583/2583 2580/2580/2580 2579/2579/2579
f 2583/2583/2583 2584/2584/2584 2568/2568/2568 2580/2580/2580
f 2569/2569/2569 2568/2568/2568 2584/2584/2584 2570/2570/2570
f 2301/2301/2300 2585/2585/2585 2582/2582/2582 2302/2302/2301
f 2585/2585/2585 2586/2586/2586 2583/2583/2583 2582/2582/2582
f 2586/2586/2586 2587/2587/2587 2584/2584/2584 2583/2583/2583
f 2570/2570/2570 2584/2584/2584 2587/2587/2587 2571/2571/2571
f 2587/2587/2587 2588/2588/2588 2572/2572/2572 2571/2571/2571
f 2588/2588/2588 2589/2589/2589 2526/2526/2526 2572/2572/2572
f 2527/2527/2527 2526/2526/2526 2589/2589/2589 2528/2528/2528
f 2301/2301/2300 2300/2300/2299 2299/2299/2298 2585/2585/2585
f 2590/2590/2590 2585/2585/2585 2299/2299/2298 2298/2298/2297
f 2298/2298/2297 2297/2297/2296 2296/2296/2295 2590/2590/2590
f 2295/2295/2294 2591/2591/2591 2590/2590/2590 2296/2296/2295
f 2294/2294/2293 2592/2592/2592 2591/2591/2591 2295/2295/2294
f 2292/2292/2291 2592/2592/2592 2294/2294/2293 2293/2293/2292
f 2592/2592/2592 2292/2292/2291 2291/2291/2290 2593/2593/2593
f 2290/2290/2289 2289/2289/2288 2593/2593/2593 2291/2291/2290
f 2593/2593/2593 2289/2289/2288 2288/2288/2287 2594/2594/2594
f 2288/2288/2287 2287/2287/2286 2286/2286/2285 2594/2594/2594
f 2594/2594/2594 2286/2286/2285 2285/2285/2284 2595/2595/2595
f 2284/2284/2283 2596/2596/2596 2595/2595/2595 2285/2285/2284
f 2596/2596/2596 2284/2284/2283 2283/2283/2282 2597/2597/2597
f 2283/2283/2282 2282/2282/2281 2598/2598/2598 2597/2597/2597
f 2281/2281/2280 2599/2599/2599 2598/2598/2598 2282/2282/2281
f 2599/2599/2599 2281/2281/2280 2280/2280/2279 2600/2600/2600
f 2600/2600/2600 2280/2280/2279 2279/2279/2278 2565/2565/2565
f 2602/2601/2601 2601/2602/2602 2588/2588/2588 2587/2587/2587
f 2602/2601/2601 2587/2587/2587 2586/2586/2586 2603/2603/2603
f 2590/2590/2590 2603/2603/2603 2586/2586/2586 2585/2585/2585
f 2591/2591/2591 2604/2604/2604 2603/2603/2603 2590/2590/2590
f 2601/2602/2602 2602/2601/2601 2603/2603/2603 2604/2604/2604
f 2605/2605/2605 2604/2604/2604 2591/2591/2591 2592/2592/2592
f 2606/2606/2606 2601/2602/2602 2604/2604/2604 2605/2605/2605
f 2601/2602/2602 2606/2606/2606 2589/2589/2589 2588/2588/2588
f 2592/2592/2592 2593/2593/2593 2607/2607/2607 2605/2605/2605
f 2608/2608/2608 2606/2606/2606 2605/2605/2605 2607/2607/2607
f 2606/2606/2606 2608/2608/2608 2609/2609/2609 2589/2589/2589
f 2610/2610/2610 2607/2607/2607 2593/2593/2593 2594/2594/2594
f 2607/2607/2607 2610/2610/2610 2611/2611/2611 2608/2608/2608
f 2612/2612/2612 2609/2609/2609 2608/2608/2608 2611/2611/2611
f 2609/2609/2609 2612/2612/2612 2528/2528/2528 2589/2589/2589
f 2594/2594/2594 2595/2595/2595 2613/2613/2613 2610/2610/2610
f 2610/2610/2610 2613/2613/2613 2614/2614/2614 2611/2611/2611
f 2615/2615/2615 2612/2612/2612 2611/2611/2611 2614/2614/2614
f 2522/2522/2522 2528/2528/2528 2612/2612/2612 2615/2615/2615
f 2595/2595/2595 2596/2596/2596 2597/2597/2597 2613/2613/2613
f 2616/2616/2616 2614/2614/2614 2613/2613/2613 2597/2597/2597
f 2597/2597/2597 2598/2598/2598 2599/2599/2599 2616/2616/2616
f 2617/2617/2617 2616/2616/2616 2599/2599/2599 2600/2600/2600
f 2617/2617/2617 2600/2600/2600 2565/2565/2565 2566/2566/2566
f 2521/2521/2521 2522/2522/2522 2615/2615/2615 2618/2618/2618
f 2614/2614/2614 2616/2616/2616 2618/2618/2618 2615/2615/2615
f 2619/2619/2619 2618/2618/2618 2616/2616/2616 2617/2617/2617
f 2520/2520/2520 2619/2619/2619 2617/2617/2617 2566/2566/2566
f 2618/2618/2618 2619/2619/2619 2520/2520/2520 2521/2521/2521
f 2558/2558/2558 2620/2620/2620 2511/2511/2511 2514/2514/2514
f 2620/2620/2620 2621/2621/2621 2510/2510/2510 2511/2511/2511
f 2509/2509/2509 2510/2510/2510 2621/2621/2621 2622/2622/2622
f 2622/2622/2622 2623/2623/2623 2508/2508/2508 2509/2509/2509
f 2620/2620/2620 2558/2558/2558 2555/2555/2555 2624/2624/2624
f 2555/2555/2555 2550/2550/2550 2542/2542/2542 2624/2624/2624
f 2621/2621/2621 2620/2620/2620 2624/2624/2624 2625/2625/2625
f 2263/2263/2262 2626/2626/2626 2624/2624/2624 2542/2542/2542
f 2263/2263/2262 2216/2216/2215 2208/2209/2208 2626/2626/2626
f 2625/2625/2625 2624/2624/2624 2626/2626/2626 2627/2627/2627
f 2199/2199/2198 2627/2627/2627 2626/2626/2626 2208/2209/2208
f 2199/2199/2198 2186/2186/2185 2184/2184/2183 2627/2627/2627
f 2180/2180/2179 2628/2628/2628 2627/2627/2627 2184/2184/2183
f 2131/2131/2130 2629/2629/2629 2628/2628/2628 2180/2180/2179
f 2131/2131/2130 2126/2126/2125 2123/2123/2122 2629/2629/2629
f 2125/2125/2124 2630/2630/2630 2629/2629/2629 2123/2123/2122
f 2099/2099/2098 2631/2631/2631 2630/2630/2630 2125/2125/2124
f 2097/2097/2096 2631/2631/2631 2099/2099/2098 2098/2098/2097
f 2632/2632/2632 2631/2631/2631 2097/2097/2096 2096/2096/2095
f 2095/2095/2094 2633/2633/2633 2632/2632/2632 2096/2096/2095
f 2094/2094/2093 2634/2634/2634 2633/2633/2633 2095/2095/2094
f 1982/1982/1981 2635/2635/2635 2634/2634/2634 2094/2094/2093
f 1981/1981/1980 2636/2636/2636 2635/2635/2635 1982/1982/1981
f 1981/1981/1980 1980/1980/1979 1979/1979/1978 2636/2636/2636
f 2636/2636/2636 1979/1979/1978 1978/1978/1977 2637/2637/2637
f 1978/1978/1977 1977/1977/1976 1976/1976/1975 2637/2637/2637
f 1872/1872/1871 2638/2638/2638 2637/2637/2637 1976/1976/1975
f 2638/2638/2638 1872/1872/1871 1871/1871/1870 2639/2639/2639
f 1870/1870/1869 1869/1869/1868 2639/2639/2639 1871/1871/1870
f 2640/2640/2640 2639/2639/2639 1869/1869/1868 1868/1868/1867
f 1867/1867/1866 1845/1845/1844 2640/2640/2640 1868/1868/1867
f 2640/2640/2640 1845/1845/1844 1829/1829/1828 2641/2641/2641
f 1747/1747/1746 2642/2642/2642 2641/2641/2641 1829/1829/1828
f 1746/1746/1745 2643/2643/2643 2642/2642/2642 1747/1747/1746
f 1745/1745/1744 2644/2644/2644 2643/2643/2643 1746/1746/1745
f 1744/1744/1743 1743/1743/1742 2644/2644/2644 1745/1745/1744
f 1613/1613/1612 2645/2645/2645 2644/2644/2644 1743/1743/1742
f 2645/2645/2645 1613/1613/1612 1612/1612/1611 1611/1611/1610
f 1610/1610/1609 2646/2646/2646 2645/2645/2645 1611/1611/1610
f 2646/2646/2646 1610/1610/1609 1609/1609/1608 2647/2647/2647
f 1608/1608/1607 1607/1607/1606 2647/2647/2647 1609/1609/1608
f 1606/1606/1605 2648/2648/2648 2647/2647/2647 1607/1607/1606
f 2648/2648/2648 1606/1606/1605 1605/1605/1604 2649/2649/2649
f 2649/2649/2649 1605/1605/1604 1478/1478/1477 2650/2650/2650
f 1478/1478/1477 1477/1477/1476 1476/1476/1475 2650/2650/2650
f 2650/2650/2650 1476/1476/1475 1475/1475/1474 2651/2651/2651
f 1474/1474/1473 2652/2652/2652 2651/2651/2651 1475/1475/1474
f 1401/1401/1400 2653/2653/2653 2652/2652/2652 1474/1474/1473
f 1400/1400/1399 2654/2654/2654 2653/2653/2653 1401/1401/1400
f 1399/1399/1398 2655/2655/2655 2654/2654/2654 1400/1400/1399
f 1398/1398/1397 2656/2656/2656 2655/2655/2655 1399/1399/1398
f 2656/2656/2656 1398/1398/1397 1397/1397/1396 2487/2487/2487
f 2628/2628/2628 2657/2657/2657 2625/2625/2625 2627/2627/2627
f 2622/2622/2622 2621/2621/2621 2625/2625/2625 2657/2657/2657
f 2630/2630/2630 2657/2657/2657 2628/2628/2628 2629/2629/2629
f 2657/2657/2657 2658/2658/2658 2623/2623/2623 2622/2622/2622
f 2657/2657/2657 2630/2630/2630 2631/2631/2631 2658/2658/2658
f 2507/2507/2507 2508/2508/2508 2623/2623/2623 2659/2659/2659
f 2659/2659/2659 2623/2623/2623 2658/2658/2658 2660/2660/2660
f 2632/2632/2632 2660/2660/2660 2658/2658/2658 2631/2631/2631
f 2656/2656/2656 2487/2487/2487 2488/2488/2488 2655/2655/2655
f 2655/2655/2655 2488/2488/2488 2661/2661/2661 2654/2654/2654
f 2663/2662/2662 2662/2663/2663 2489/2489/2489 2490/2490/2490
f 2662/2663/2663 2661/2661/2661 2488/2488/2488 2489/2489/2489
f 2653/2653/2653 2654/2654/2654 2661/2661/2661 2652/2652/2652
f 2664/2664/2664 2652/2652/2652 2661/2661/2661 2662/2663/2663
f 2665/2665/2665 2664/2664/2664 2662/2663/2663 2663/2662/2662
f 2491/2491/2491 2665/2665/2665 2663/2662/2662 2490/2490/2490
f 2633/2633/2633 2666/2666/2666 2660/2660/2660 2632/2632/2632
f 2634/2634/2634 2667/2667/2667 2666/2666/2666 2633/2633/2633
f 2667/2667/2667 2634/2634/2634 2635/2635/2635 2668/2668/2668
f 2637/2637/2637 2668/2668/2668 2635/2635/2635 2636/2636/2636
f 2669/2669/2669 2668/2668/2668 2637/2637/2637 2638/2638/2638
f 2659/2659/2659 2670/2670/2670 2506/2506/2506 2507/2507/2507
f 2670/2670/2670 2671/2671/2671 2505/2505/2505 2506/2506/2506
f 2660/2660/2660 2666/2666/2666 2670/2670/2670 2659/2659/2659
f 2670/2670/2670 2666/2666/2666 2667/2667/2667 2671/2671/2671
f 2668/2668/2668 2672/2672/2672 2671/2671/2671 2667/2667/2667
f 2671/2671/2671 2672/2672/2672 2504/2504/2504 2505/2505/2505
f 2669/2669/2669 2673/2673/2673 2672/2672/2672 2668/2668/2668
f 2504/2504/2504 2672/2672/2672 2673/2673/2673 2503/2503/2503
f 2639/2639/2639 2674/2674/2674 2669/2669/2669 2638/2638/2638
f 2674/2674/2674 2675/2675/2675 2673/2673/2673 2669/2669/2669
f 2675/2675/2675 2502/2502/2502 2503/2503/2503 2673/2673/2673
f 2674/2674/2674 2639/2639/2639 2640/2640/2640 2676/2676/2676
f 2676/2676/2676 2677/2677/2677 2675/2675/2675 2674/2674/2674
f 2677/2677/2677 2501/2501/2501 2502/2502/2502 2675/2675/2675
f 2676/2676/2676 2640/2640/2640 2641/2641/2641 2678/2678/2678
f 2678/2678/2678 2679/2679/2679 2677/2677/2677 2676/2676/2676
f 2679/2679/2679 2500/2500/2500 2501/2501/2501 2677/2677/2677
f 2641/2641/2641 2642/2642/2642 2643/2643/2643 2678/2678/2678
f 2678/2678/2678 2643/2643/2643 2644/2644/2644 2680/2680/2680
f 2680/2680/2680 2681/2681/2681 2679/2679/2679 2678/2678/2678
f 2681/2681/2681 2499/2499/2499 2500/2500/2500 2679/2679/2679
f 2680/2680/2680 2644/2644/2644 2645/2645/2645 2682/2682/2682
f 2681/2681/2681 2680/2680/2680 2682/2682/2682 2683/2683/2683
f 2683/2683/2683 2498/2498/2498 2499/2499/2499 2681/2681/2681
f 2684/2684/2684 2497/2497/2497 2498/2498/2498 2683/2683/2683
f 2685/2685/2685 2684/2684/2684 2683/2683/2683 2682/2682/2682
f 2682/2682/2682 2645/2645/2645 2646/2646/2646 2685/2685/2685
f 2647/2647/2647 2686/2686/2686 2685/2685/2685 2646/2646/2646
f 2684/2684/2684 2685/2685/2685 2686/2686/2686 2687/2687/2687
f 2687/2687/2687 2496/2496/2496 2497/2497/2497 2684/2684/2684
f 2648/2648/2648 2688/2688/2688 2686/2686/2686 2647/2647/2647
f 2687/2687/2687 2686/2686/2686 2688/2688/2688 2689/2689/2689
f 2496/2496/2496 2687/2687/2687 2689/2689/2689 2495/2495/2495
f 2649/2649/2649 2690/2690/2690 2688/2688/2688 2648/2648/2648
f 2690/2690/2690 2691/2691/2691 2689/2689/2689 2688/2688/2688
f 2495/2495/2495 2689/2689/2689 2691/2691/2691 2494/2494/2494
f 2690/2690/2690 2649/2649/2649 2650/2650/2650 2692/2692/2692
f 2692/2692/2692 2693/2693/2693 2691/2691/2691 2690/2690/2690
f 2494/2494/2494 2691/2691/2691 2693/2693/2693 2493/2493/2493
f 2651/2651/2651 2694/2694/2694 2692/2692/2692 2650/2650/2650
f 2652/2652/2652 2664/2664/2664 2694/2694/2694 2651/2651/2651
f 2694/2694/2694 2695/2695/2695 2693/2693/2693 2692/2692/2692
f 2664/2664/2664 2665/2665/2665 2695/2695/2695 2694/2694/2694
f 2695/2695/2695 2492/2492/2492 2493/2493/2493 2693/2693/2693
f 2665/2665/2665 2491/2491/2491 2492/2492/2492 2695/2695/2695
f 536/536/536 626/626/626 2696/3123/2696 2697/3124/2697
f 538/538/538 2697/3124/2697 2696/3123/2696 628/628/627
f 626/626/626 627/627/2394 628/628/627 2696/3123/2696
f 536/536/536 2697/3124/2697 538/538/538 537/537/537
