

mtllib leaomarinho2.mtl
g default
v -298.566443 249.412072 -7.214548
v -300.298590 244.670157 -1.045997
v -292.312008 248.824120 3.807406
v -291.917785 254.542329 -3.187160
v -290.599819 241.331575 7.276136
v -299.657474 237.558255 2.908868
v -305.393839 246.290343 -10.871773
v -306.519844 240.484606 -6.652000
v -307.213547 234.201281 -3.514389
v -288.712691 249.735392 -75.111429
v -289.571836 241.391100 -78.849023
v -297.773636 239.839178 -73.618419
v -295.874634 247.201314 -70.105993
v -301.617504 237.883994 -65.566467
v -300.920834 244.693008 -64.480783
v -289.287649 232.813077 -78.702882
v -296.979295 231.800314 -73.502611
v -303.473827 230.778479 -67.162617
v -319.943861 246.328088 -19.003271
v -323.490743 240.570467 -14.701205
v -325.736835 232.482295 -13.084512
v -318.082368 238.419174 -58.345604
v -314.694430 244.167579 -55.650529
v -321.028664 231.396007 -59.603778
v -328.068534 247.754609 -31.623962
v -333.243820 241.802296 -30.536524
v -336.013712 233.580343 -30.163417
v -325.796473 246.866744 -47.253817
v -332.022917 241.592008 -48.606958
v -335.259457 233.503379 -47.738896
v -325.107650 246.339189 -24.711944
v -329.932239 241.535942 -21.981999
v -334.436338 234.664360 -19.996029
v -312.129671 245.387110 -15.271768
v -314.875896 239.416026 -10.604277
v -316.348694 232.416664 -8.023899
v -321.373158 245.070118 -52.679208
v -325.624536 239.525186 -54.266487
v -329.644568 232.411055 -54.997717
v -307.603438 245.010191 -60.285565
v -309.858416 237.924584 -61.810255
v -311.794451 230.566510 -62.526447
v -273.867918 256.491715 10.793762
v -274.666726 263.648297 3.505447
v -272.594473 249.890965 17.505122
v -271.470206 252.900476 -82.858912
v -271.070838 243.428486 -83.762927
v -271.619556 235.241275 -86.918994
v -242.197317 256.092408 -86.086769
v -241.380584 248.193453 -89.071319
v -239.776096 239.945259 -91.653591
v -241.144277 269.130660 13.208412
v -243.731459 274.179869 6.948246
v -238.084260 262.500118 18.345244
v -206.617771 278.530217 -3.217933
v -213.140691 283.726334 -10.780757
v -200.753620 272.731573 3.205738
v -214.329441 267.514092 -81.409446
v -210.102832 258.699141 -83.603836
v -206.555128 250.559489 -86.214256
v -199.641207 274.594994 -60.240575
v -192.493259 269.454813 -60.950608
v -185.816401 263.841027 -61.221904
v -198.327706 279.308481 -39.434410
v -190.272319 275.278644 -37.706914
v -183.531786 269.681861 -35.426928
v -193.253297 276.945940 -25.531228
v -200.205547 281.100460 -29.228090
v -185.685629 271.949413 -21.714954
v -279.971518 251.400635 -78.417028
v -280.196461 242.337454 -80.757982
v -280.156892 233.807018 -81.726982
v -283.792495 259.487827 0.555046
v -282.822261 252.224271 6.817118
v -282.062760 245.711908 12.869662
v -264.313010 267.052694 4.876597
v -263.702062 259.967438 12.618035
v -261.475408 252.985776 18.227616
v -254.311415 271.163307 6.922536
v -253.099489 265.201266 14.599550
v -250.189417 257.916347 19.401817
v -261.539510 254.050569 -84.648466
v -261.967960 245.054214 -87.411388
v -261.586024 236.637783 -90.209702
v -251.616210 254.742083 -85.389942
v -251.785629 246.453211 -88.905787
v -250.672820 237.863549 -90.844223
v -327.898468 247.575343 -39.739838
v -334.747276 242.478626 -39.577250
v -336.946680 233.997728 -39.046747
v -320.924376 250.936282 -39.633194
v -319.519917 249.915867 -46.368426
v -321.767194 251.424972 -32.407149
v -307.612124 257.552822 -30.857512
v -306.817256 259.282328 -40.352734
v -306.166673 258.068193 -49.562232
v -269.327109 280.353870 -32.008190
v -267.711811 279.278422 -45.508983
v -267.882652 276.808010 -58.136104
v -225.438124 287.431855 -34.538116
v -226.194061 286.820810 -49.552978
v -225.011134 282.411999 -63.780180
v -198.195459 277.293675 -50.235796
v -190.742941 271.941743 -49.659661
v -183.300738 267.282056 -48.812681
v -206.022964 282.865809 -40.102095
v -206.629163 280.471190 -50.019437
v -206.625781 278.583317 -59.866823
v -314.709628 252.813989 -31.872265
v -313.715929 253.805127 -39.782838
v -313.087618 253.001427 -47.223932
v -321.695328 250.345252 -26.685042
v -317.810891 248.158942 -50.607554
v -312.615674 249.607238 -53.010332
v -316.487418 250.833531 -24.360249
v -309.027930 253.901031 -20.209416
v -304.661756 252.624526 -57.506603
v -304.645588 251.486091 -14.372822
v -298.221473 261.342237 -31.219970
v -298.068027 264.114143 -41.456611
v -298.834254 265.167950 -51.971521
v -300.696068 260.407200 -20.621900
v -299.688116 250.030731 -62.466199
v -296.782955 259.657384 -60.727797
v -299.508422 255.518507 -12.492979
v -293.892326 252.498057 -64.874728
v -289.571802 267.707901 -31.441925
v -290.361768 271.894181 -42.475752
v -290.077498 270.780729 -54.463625
v -292.323794 266.712493 -20.130814
v -293.599147 262.332707 -9.235589
v -283.568045 263.967456 -61.512595
v -286.962398 256.329690 -68.570579
v -280.994113 275.830229 -31.593089
v -279.423854 276.395939 -44.259406
v -278.574075 273.524141 -59.079325
v -281.982216 270.975933 -19.503397
v -271.577586 276.289245 -18.765448
v -283.722029 266.526898 -8.009281
v -273.449301 269.588602 -6.848117
v -277.323757 273.237431 -67.291838
v -266.791110 270.318489 -70.079610
v -278.257509 262.262044 -70.997687
v -270.407498 261.882463 -76.872251
v -255.722754 282.287307 -32.196824
v -254.573984 282.752556 -47.232636
v -255.272037 280.043884 -61.585709
v -240.173458 286.182567 -30.111415
v -240.341224 286.674248 -48.669310
v -239.235581 281.363641 -66.164024
v -263.563493 274.529041 -4.552572
v -259.641002 279.295526 -17.803678
v -247.714706 283.298370 -14.611841
v -252.784721 276.723246 -3.032425
v -245.995824 272.903898 -77.014248
v -258.372432 273.295994 -73.128933
v -260.606751 263.696076 -80.591213
v -250.540499 263.500519 -82.715026
v -202.707581 271.441416 -68.260422
v -196.588330 266.068621 -70.689060
v -191.494664 258.836886 -71.098390
v -205.788545 283.426460 -32.239112
v -221.867688 281.680186 -2.516962
v -217.291319 276.804200 4.602999
v -212.994503 270.164683 10.340133
v -222.071552 263.897649 -87.214152
v -219.802853 254.849611 -87.507176
v -216.860535 246.681266 -91.057406
v -207.286084 275.260400 -66.314633
v -221.523976 287.273465 -20.199915
v -221.484255 275.892832 -75.929021
v -226.401116 285.230053 -9.618672
v -225.883964 269.768260 -82.348597
v -231.982378 276.406212 -75.736757
v -232.894655 287.577749 -19.205367
v -236.694970 284.171400 -7.735591
v -235.778491 268.769338 -82.328967
v -233.070372 260.513662 -88.789900
v -230.778569 251.252903 -89.312798
v -228.468224 242.949355 -92.341072
v -232.773997 279.576882 3.087633
v -229.259895 274.673008 10.799594
v -225.510373 268.769302 17.506624
v -244.700312 278.682627 -0.829663
v -243.091631 262.766055 -84.679009
v -343.582313 227.035323 -29.407143
v -343.495760 228.398168 -39.234160
v -340.933993 225.640775 -48.113549
v -305.287684 223.698729 -68.914068
v -297.294871 223.984959 -73.553882
v -314.714814 224.300376 -66.061747
v -324.254882 224.563513 -61.703882
v -333.326688 225.354900 -56.247466
v -337.661316 226.738676 -19.235358
v -327.579271 225.029305 -12.920933
v -318.120862 225.802097 -5.549652
v -306.969826 227.210504 -1.855111
v -296.477644 230.105222 2.250790
v -287.916272 233.889277 9.360319
v -281.214180 238.671497 18.131691
v -270.241453 242.581629 22.189171
v -258.769267 246.099480 22.325220
v -247.307636 250.812927 23.479530
v -235.037622 255.363436 22.931514
v -198.456696 254.521820 -79.279208
v -202.954842 262.180186 -77.497664
v -207.938081 269.347461 -74.628779
v -212.399371 276.127934 -70.167704
v -214.455203 281.540469 -61.358818
v -215.628155 282.759638 -49.606774
v -214.549945 285.102006 -38.061097
v -211.629041 285.080182 -27.592130
v -205.318421 282.963479 -20.145837
v -198.165385 278.904120 -13.799579
v -191.431308 272.543717 -8.245699
v -222.049168 261.288211 22.932167
v -208.714563 263.441134 16.323959
v -196.097438 265.231833 8.206728
v -186.220171 266.511367 -4.187366
v -178.916720 267.352828 -18.323433
v -176.273657 264.994775 -33.309997
v -176.585745 261.995327 -47.739872
v -179.828638 257.810889 -60.997110
v -185.262220 253.015801 -72.842083
v -193.371731 247.523620 -81.578811
v -203.043971 242.423501 -87.255340
v -214.047627 237.305028 -91.200255
v -226.168336 233.997806 -88.629985
v -237.323441 231.176105 -93.715694
v -249.277040 229.026810 -92.794007
v -260.526834 227.585469 -91.123635
v -271.073485 226.474519 -87.651284
v -280.588414 225.422355 -83.243029
v -288.772121 224.409751 -77.486989
v -211.919926 229.283782 -87.036951
v -223.640308 225.148806 -89.207473
v -234.938425 221.630439 -93.180955
v -209.310372 221.183765 -87.827922
v -221.256673 216.699166 -90.300075
v -233.362270 213.095222 -90.492443
v -247.568337 219.624351 -94.173695
v -246.072160 211.115673 -90.843751
v -258.881473 209.664365 -90.541229
v -259.404557 218.744196 -90.393869
v -270.508675 217.787184 -87.465884
v -270.739033 209.162455 -87.859451
v -281.320801 217.119871 -84.544578
v -281.753338 208.611485 -84.376002
v -289.451522 216.106479 -77.941202
v -290.061981 208.322001 -77.677507
v -298.734865 216.177671 -75.230245
v -299.251151 207.542812 -74.200051
v -306.632215 216.468054 -70.159672
v -308.200212 208.378624 -71.309783
v -316.346256 216.953572 -67.545851
v -317.508668 209.251661 -68.318460
v -326.315854 216.913556 -63.085303
v -328.123946 209.083350 -64.482475
v -336.030737 217.646761 -57.997535
v -338.518639 209.475131 -58.555184
v -343.420954 218.041825 -50.856470
v -346.031248 211.063574 -51.570318
v -347.540707 219.672331 -26.068165
v -340.387871 218.434027 -19.343695
v -343.498147 210.698647 -20.935156
v -347.951294 212.603068 -27.629888
v -330.019159 217.009472 -12.327274
v -331.941350 209.117005 -12.625492
v -318.835492 209.919006 -4.271537
v -318.462121 217.716098 -5.294151
v -305.336174 211.408399 3.852127
v -306.694885 219.584694 0.749892
v -295.165779 222.325652 4.958811
v -286.814759 226.508884 12.801204
v -293.752497 215.191502 8.159926
v -286.316010 219.331209 16.691619
v -278.931236 231.030028 21.078556
v -267.498333 234.955862 23.171873
v -276.420994 223.472451 23.378308
v -264.991313 227.629410 24.723100
v -256.489854 239.170149 25.973528
v -244.955142 243.701741 27.785936
v -254.060183 231.641334 27.061523
v -242.795684 235.576071 29.584848
v -232.566118 247.895561 27.569846
v -230.793470 239.233848 28.346875
v -219.271658 252.464232 26.786428
v -205.472524 255.776847 21.269586
v -217.807427 242.878661 28.475199
v -203.432622 247.166433 25.348444
v -192.402206 258.412594 12.486898
v -189.895675 250.821599 16.187002
v -181.714356 260.601148 -0.374700
v -177.289481 255.333341 3.820389
v -173.656338 263.026520 -15.077145
v -167.908030 258.104278 -11.672041
v -170.069389 260.958577 -31.376810
v -163.867384 256.390651 -29.346777
v -169.918104 257.018688 -46.976621
v -164.070966 251.942073 -46.120622
v -173.665177 251.556445 -61.017400
v -167.728139 246.233045 -61.325339
v -179.992807 245.799703 -73.397126
v -174.984872 239.511147 -73.886881
v -185.225711 233.325096 -82.481777
v -188.971527 240.462554 -82.512397
v -200.108690 234.400390 -86.475590
v -197.099553 227.035986 -86.606011
v -346.831439 204.657092 -48.337939
v -342.156709 202.902137 -56.169225
v -347.295666 206.643112 -28.672091
v -341.842652 205.068657 -22.505905
v -337.757423 199.845797 -21.843275
v -343.312430 200.370260 -27.720311
v -344.488345 198.101831 -48.821191
v -338.662609 197.050383 -55.265107
v -350.786324 224.997440 -39.893122
v -348.262682 223.684433 -45.828948
v -350.271807 224.954852 -33.059784
v -351.601353 218.168956 -47.598715
v -353.549991 219.186594 -31.643267
v -351.871192 212.763108 -32.713553
v -351.394779 211.188194 -46.090533
v -357.705638 218.794691 -40.143796
v -355.642756 210.893049 -38.716028
v -349.557914 206.897837 -42.720565
v -348.867888 207.741982 -33.874530
v -349.483973 206.830810 -38.085283
v -346.624966 199.673174 -42.725448
v -347.031802 200.176639 -37.494556
v -346.207801 200.530479 -32.812309
v -331.755844 204.283449 -13.726638
v -329.164156 198.787605 -14.749764
v -317.421551 203.967964 -5.179484
v -318.945548 198.067791 -8.840885
v -330.805456 201.599504 -63.702966
v -330.922392 194.948117 -62.816948
v -307.514501 203.553011 3.821996
v -310.906235 196.513204 -5.924414
v -311.211103 200.049588 -2.503077
v -304.507550 199.815128 0.865941
v -295.748702 200.923983 3.044207
v -299.336225 202.023549 8.089831
v -303.581121 195.371909 -2.334177
v -295.629428 195.021587 1.207883
v -286.574337 197.121496 6.956235
v -290.594728 201.969543 9.774396
v -286.432169 195.004408 4.583751
v -298.302780 208.242000 7.684623
v -290.943217 209.508735 10.389143
v -283.547690 212.154315 18.103482
v -273.111227 216.224950 22.964749
v -280.881980 205.667170 17.368231
v -270.149638 209.874798 21.887678
v -278.121956 201.307039 14.268309
v -267.299453 204.577150 19.783908
v -276.189899 195.191287 11.013635
v -265.275222 199.385911 16.498751
v -262.225363 220.805444 23.875503
v -252.046280 224.729187 28.252305
v -259.694962 214.570187 23.959635
v -250.002112 218.483995 27.716366
v -257.387222 208.912712 23.420616
v -247.640179 213.050207 27.490198
v -255.518686 202.883423 21.872811
v -245.897939 208.169739 28.378581
v -241.037914 228.135430 26.443563
v -230.461944 231.210474 30.422901
v -240.317403 221.607271 31.195339
v -238.994203 216.428423 31.013736
v -236.853040 211.358875 30.953363
v -231.570416 224.701478 29.725544
v -230.013618 217.918128 26.943151
v -229.999899 214.389151 28.551729
v -217.874837 232.478530 29.560616
v -214.319871 223.418352 31.643769
v -223.203481 223.306145 30.646747
v -224.242882 226.824835 29.881415
v -320.153163 200.854055 -69.948813
v -320.556207 195.239839 -66.876954
v -310.263635 201.043384 -71.654579
v -310.715211 195.527023 -69.555782
v -299.136222 202.119185 -72.282124
v -300.996495 195.327761 -72.314266
v -201.611718 230.221749 30.508976
v -202.838045 238.511766 28.352983
v -187.788915 243.549297 20.485467
v -184.635185 237.418095 23.329729
v -173.037567 249.099786 8.084877
v -168.834531 241.686869 12.243142
v -161.373605 251.697084 -8.090039
v -152.902747 241.969510 -3.981739
v -156.957757 251.039055 -27.434315
v -157.792017 246.500898 -45.249011
v -149.433046 244.033032 -26.249409
v -151.042845 239.866334 -44.366416
v -161.831880 240.200020 -61.228989
v -155.178795 232.793236 -60.576805
v -169.813714 231.963059 -73.751337
v -162.405005 221.046795 -74.084123
v -181.243089 225.727658 -83.090102
v -177.288298 216.728119 -83.146261
v -193.997734 219.209802 -86.681898
v -206.896613 212.870594 -88.468746
v -190.865496 210.570144 -86.762821
v -204.333625 204.323011 -89.093671
v -219.417746 207.869070 -90.462367
v -231.893534 205.016286 -88.478728
v -217.567590 199.587967 -88.289412
v -230.534802 196.820520 -86.220191
v -245.028158 202.797234 -88.157220
v -258.425068 202.297868 -85.621752
v -270.644725 201.526098 -84.294437
v -281.447387 201.540077 -81.107879
v -290.569136 201.893692 -76.498734
v -291.751163 195.040144 -75.392258
v -282.486248 194.410095 -79.010008
v -271.934188 194.032286 -81.192856
v -259.571459 193.573043 -83.168363
v -243.848210 195.527053 -82.845940
v -250.557682 187.084936 -75.315114
v -263.924066 186.514574 -76.003477
v -257.753619 178.472392 -66.599622
v -271.361819 180.589743 -66.660959
v -265.416485 173.944559 -56.556781
v -275.085217 177.251739 -56.055851
v -270.707903 168.975883 -45.992520
v -279.833921 171.619038 -47.102398
v -274.980038 167.783012 -34.765412
v -283.504738 171.636783 -36.269739
v -286.071499 172.595911 -25.564293
v -276.938667 170.381108 -22.346198
v -279.896712 173.098706 -13.319534
v -287.919547 176.607863 -16.684746
v -278.664592 178.704955 -4.664140
v -288.547507 183.269612 -9.743381
v -286.801702 188.868609 -1.686741
v -277.368144 185.208870 3.427173
v -340.061339 193.953134 -47.607477
v -334.866298 193.407129 -52.982854
v -342.758454 194.894406 -42.367183
v -343.197384 195.802270 -37.529878
v -342.186562 195.821440 -32.918842
v -339.143704 195.642603 -27.948233
v -332.911989 197.047628 -23.621525
v -325.230508 198.914963 -18.890505
v -316.517154 199.971577 -14.593006
v -308.377547 198.700648 -11.010491
v -301.261447 195.763191 -7.814189
v -295.178149 191.409824 -4.364855
v -327.899299 192.122704 -58.251906
v -319.571326 191.557839 -62.908687
v -311.092927 190.179624 -67.030711
v -302.172971 189.040739 -71.094430
v -292.446723 190.412656 -71.386673
v -283.735571 189.230758 -74.142948
v -274.753735 187.157972 -76.696460
v -337.564965 193.813905 -42.286315
v -335.560326 193.501250 -46.288798
v -338.404189 193.906789 -38.169139
v -337.269938 194.172877 -33.965873
v -334.056192 194.705555 -30.252422
v -331.555385 192.202673 -50.390673
v -325.236888 191.496581 -54.450213
v -318.488280 189.088072 -59.009523
v -310.078231 189.079642 -61.970295
v -301.800296 187.527389 -64.984925
v -293.741255 185.372265 -68.318528
v -286.132492 184.056769 -70.581717
v -278.746095 181.716464 -71.128175
v -329.305648 194.655553 -26.121791
v -321.339210 196.858577 -24.805017
v -314.523419 195.004591 -18.900756
v -306.605588 194.699786 -17.357330
v -299.640620 192.297948 -14.130049
v -296.690869 187.208906 -9.330908
v -302.880395 188.328278 -14.003610
v -300.477014 183.938115 -12.433815
v -307.922924 188.198238 -15.166364
v -314.823866 189.017267 -18.998877
v -321.257226 189.636733 -23.180731
v -328.100570 189.932447 -25.524208
v -333.608828 189.415474 -29.103946
v -336.635592 189.264675 -33.828095
v -337.438093 189.211545 -38.725025
v -336.693811 189.424335 -43.815330
v -334.745303 190.427065 -46.458148
v -330.925910 189.061170 -48.903848
v -325.103069 187.451539 -52.551724
v -287.110990 182.520013 -65.608907
v -282.524732 180.991150 -66.688457
v -293.632128 184.014573 -62.490772
v -301.678425 185.475263 -59.795376
v -309.952788 186.183338 -57.486380
v -317.797745 186.732204 -55.269317
v -294.999481 181.495043 -13.524474
v -295.634492 178.482873 -19.105244
v -281.419733 179.354370 -63.305153
v -284.745027 176.635267 -56.715720
v -294.986328 174.698500 -27.385067
v -293.337938 172.846721 -37.707675
v -288.992379 174.230381 -47.725392
v -304.657197 181.317186 -18.868216
v -286.852965 181.468566 -61.736897
v -293.261218 179.652116 -57.401769
v -298.443160 174.663790 -49.641120
v -305.319881 174.401296 -39.092137
v -304.677699 175.674781 -27.775509
v -313.485117 182.397679 -21.870527
v -302.996487 180.427437 -56.405534
v -320.465976 183.752937 -24.784380
v -310.896366 181.925123 -54.629640
v -326.426581 184.262605 -27.612519
v -318.268710 182.635279 -52.921254
v -312.533294 177.835226 -27.907691
v -305.497292 177.185999 -50.655334
v -308.283247 175.527021 -45.424040
v -311.881235 175.955354 -33.818976
v -312.148771 178.753594 -50.247989
v -318.797299 179.711856 -29.610959
v -313.405414 177.307482 -45.341603
v -316.852840 177.897488 -34.856625
v -314.336584 176.113155 -40.117214
v -325.129672 183.540196 -50.129606
v -318.131816 180.466209 -48.795480
v -323.870660 181.826314 -31.886955
v -318.438987 179.370930 -44.870959
v -319.896304 178.862295 -40.715804
v -321.999525 179.754337 -36.144828
v -331.516943 185.257066 -45.544483
v -330.780362 185.232451 -31.269613
v -333.107156 185.999535 -35.041686
v -333.312079 185.707719 -39.491873
v -328.042637 183.137699 -34.072345
v -323.091172 182.063754 -46.537447
v -327.421449 182.438453 -43.263961
v -329.914116 183.095679 -39.040745
v -330.607860 184.059544 -35.933116
v -321.989685 180.594449 -44.402997
v -326.440597 181.146526 -37.574274
v -324.234978 180.302811 -41.632520
v -235.480045 186.689783 -80.919242
v -238.945350 178.822424 -75.834445
v -246.275292 173.567645 -67.604815
v -266.347809 181.934644 7.268420
v -267.027252 189.887478 10.688215
v -268.661702 174.059051 -1.394201
v -270.105527 167.810673 -10.092212
v -268.119857 164.643771 -20.947971
v -254.678414 167.368129 -56.663445
v -263.313371 160.935925 -46.170393
v -266.530643 161.239623 -33.352899
v -260.228587 192.084566 15.543176
v -227.388794 188.558679 -85.214720
v -215.659010 189.958571 -87.234129
v -201.159781 195.582528 -89.258408
v -187.380822 201.864370 -88.059942
v -175.259024 207.788783 -84.683273
v -252.275053 194.490195 22.005923
v -244.546070 198.054348 30.143653
v -234.735458 202.895161 32.426714
v -224.763125 207.766204 31.520908
v -213.183932 213.597237 31.299234
v -198.060119 222.329199 32.843668
v -180.978134 229.925438 27.309309
v -143.237830 236.665676 -28.000321
v -144.976967 236.729538 -15.285406
v -147.899670 227.038017 -57.851044
v -152.541181 220.748659 -66.823794
v -144.502746 232.952540 -43.560905
v -166.561894 234.343824 18.079075
v -157.177278 235.236287 8.514328
v -166.127173 211.656070 -80.473596
v -152.272496 228.970254 10.694858
v -144.655863 232.146990 -0.610496
v -139.850906 230.671242 -13.526418
v -146.608943 214.355308 -65.737813
v -154.104121 210.234954 -73.990956
v -161.108224 204.394883 -80.826479
v -170.670878 198.983320 -85.176066
v -140.943361 219.977667 -55.783420
v -137.149218 229.203263 -27.168302
v -162.424809 225.615082 20.524717
v -175.640256 220.756526 30.131819
v -191.047977 213.418346 34.846738
v -205.493372 205.956672 35.790168
v -218.368151 200.001789 36.161105
v -230.496001 194.307319 36.229936
v -240.323617 189.095348 30.521275
v -248.630218 185.479335 23.138251
v -257.239874 182.794725 16.304149
v -137.471684 225.571540 -42.090629
v -182.468360 193.050855 -88.951562
v -196.573250 186.763863 -89.025336
v -211.466220 181.457100 -87.956476
v -225.354600 178.557506 -84.261246
v -251.200955 171.900404 18.443495
v -245.051356 174.624271 27.469061
v -235.641658 179.325205 33.575052
v -223.678697 184.817477 37.515616
v -211.427535 190.887244 40.009016
v -198.301451 197.404735 40.261092
v -184.199506 204.269174 38.606210
v -169.264224 210.879317 32.424646
v -156.755580 216.052891 22.786590
v -146.901086 219.781660 12.364404
v -139.334522 222.200269 1.176820
v -133.815434 222.371761 -11.277152
v -131.095135 220.821688 -24.943511
v -130.952494 217.159542 -39.564815
v -133.890688 212.171235 -53.190551
v -139.253497 206.743428 -64.581152
v -146.737516 201.149592 -73.296099
v -154.679327 195.531692 -81.140893
v -164.513379 189.656235 -86.047680
v -175.976549 183.445277 -89.421154
v -190.826480 176.906229 -90.933646
v -205.740145 171.096779 -88.285703
v -219.789705 167.156039 -84.215353
v -232.141237 164.900411 -75.413821
v -255.820329 169.520082 9.288703
v -239.835890 160.612441 -66.053523
v -246.554422 156.759491 -55.862367
v -253.028246 153.556648 -43.875841
v -257.371055 153.739425 -31.677677
v -260.617429 155.502219 -19.061681
v -260.855521 159.520715 -8.196197
v -259.134336 164.601319 0.875277
v -242.643052 161.367434 19.365032
v -235.791869 165.101796 27.005068
v -227.218460 169.447269 34.234848
v -216.711975 174.471577 40.266582
v -204.620804 180.702849 43.357011
v -191.614791 187.946173 45.122110
v -177.269798 194.278180 41.475149
v -162.922349 200.640407 34.768481
v -150.285206 206.243899 25.161598
v -140.640288 210.441140 14.413663
v -133.504369 212.483234 3.388849
v -127.881410 213.431602 -8.760170
v -124.163952 208.467993 -37.468838
v -126.716462 203.609513 -51.542599
v -131.995226 198.013092 -63.542389
v -139.747902 191.927106 -72.922043
v -148.505020 185.895353 -80.624442
v -158.634964 179.671089 -85.821823
v -169.684075 173.176618 -89.487540
v -184.176798 166.203829 -90.723619
v -199.165073 160.062820 -88.164863
v -212.954771 155.840190 -83.704834
v -226.429260 151.188393 -77.186047
v -248.544910 157.507202 11.692371
v -233.928389 147.582567 -66.108486
v -239.659543 144.674078 -55.388201
v -245.988347 141.448137 -42.544397
v -251.246117 142.691549 -30.705554
v -254.166428 145.221692 -17.909964
v -253.553126 149.300850 -6.838620
v -251.644241 153.521411 2.755385
v -125.323926 211.680848 -22.345171
v -250.085162 131.144133 -30.048097
v -250.957734 133.632978 -16.830069
v -210.001394 162.821629 42.024647
v -198.225651 169.713201 46.603844
v -237.106798 149.643053 22.421149
v -229.295156 153.823147 28.934737
v -221.223920 158.182313 36.643441
v -242.883315 145.325949 14.432179
v -249.688036 137.186951 -4.927746
v -249.335556 140.877903 6.253616
v -134.315516 201.092117 16.018721
v -127.722426 202.639242 5.145989
v -185.206094 177.477798 48.189953
v -170.644008 184.514011 45.063516
v -156.364025 190.925621 37.520305
v -143.458107 196.737881 27.817767
v -126.858514 187.780844 -61.375270
v -133.513113 182.169853 -72.054385
v -122.375050 203.818036 -6.904019
v -118.241882 198.701750 -35.736793
v -120.408629 194.087315 -50.027786
v -119.212903 202.016231 -20.889909
v -207.108634 143.566891 -84.701234
v -193.712520 149.114921 -88.252195
v -142.619970 175.965445 -80.412697
v -152.554749 169.912618 -86.973422
v -164.337083 162.692338 -88.906369
v -179.549279 155.547620 -89.599294
v -217.934853 138.821277 -74.989062
v -226.828459 135.661145 -63.873121
v -236.462405 132.502084 -54.064020
v -244.923417 130.653163 -42.897662
v -245.991241 127.521319 10.521195
v -237.048841 133.259316 16.991982
v -246.560695 124.348789 -2.606518
v -246.173055 121.712358 -15.094388
v -245.459170 119.298278 -28.766036
v -239.093513 120.092054 -41.287251
v -231.312657 121.797612 -52.629535
v -222.429106 124.308779 -63.751396
v -210.476190 129.170653 -74.207406
v -202.011387 133.965418 -83.135383
v -188.290929 139.323088 -88.047327
v -173.271027 145.798407 -91.126503
v -158.952557 152.680049 -90.603051
v -146.592892 159.745518 -88.416275
v -136.363174 165.865655 -81.019278
v -127.314993 172.109552 -72.142087
v -119.968306 178.116205 -61.251615
v -113.989959 184.187938 -49.088380
v -111.630618 188.844129 -34.580419
v -112.784845 191.933583 -19.690737
v -116.270139 193.759469 -5.831202
v -121.656979 193.348184 6.445441
v -128.444926 191.417459 17.613877
v -137.716139 187.082141 29.939462
v -149.873759 181.522197 40.334504
v -164.100744 174.880259 48.660267
v -178.637522 167.264000 50.112849
v -230.994224 137.720766 24.716235
v -224.940719 141.982561 33.209361
v -214.315774 147.001210 36.520980
v -204.062940 152.540984 42.260100
v -191.669472 159.116397 47.285722
v -236.112067 116.785294 10.954717
v -239.915756 112.562184 0.088311
v -239.918364 110.101713 -13.104115
v -237.435890 108.890163 -26.723281
v -231.924248 120.611441 20.836077
v -224.598321 125.445919 27.167516
v -217.385727 129.878422 33.922313
v -208.788262 134.815316 39.975997
v -198.115585 140.746353 44.093007
v -186.332642 147.458656 49.248460
v -172.258991 155.223719 50.204160
v -157.598372 163.266914 49.466691
v -143.222623 170.727537 43.154874
v -131.235421 176.447977 32.400403
v -121.594896 180.680198 20.624216
v -114.674770 182.512745 8.160153
v -109.344948 182.648447 -4.743565
v -106.273319 181.026153 -18.850014
v -105.585535 177.935691 -33.586168
v -107.408975 173.613328 -48.512504
v -112.905974 167.690599 -61.569295
v -120.139856 161.635238 -73.150369
v -129.487530 155.199245 -82.556784
v -140.051207 148.818710 -90.801726
v -153.252882 141.179033 -93.505850
v -167.276441 133.609053 -92.445330
v -181.372875 126.603694 -87.805307
v -193.685827 120.573060 -81.127169
v -233.942687 107.968344 -40.656370
v -226.050087 109.766165 -52.730924
v -216.378549 112.631246 -63.413810
v -204.634800 116.672836 -72.957751
v -233.049127 101.036216 2.918968
v -228.339519 105.572685 13.338431
v -174.657206 114.208544 -88.084568
v -187.121282 107.847935 -80.783902
v -99.273530 170.497759 -18.261728
v -97.875878 168.277918 -33.533250
v -165.159580 142.810947 51.406254
v -150.473159 151.523201 52.010237
v -223.311520 109.441090 21.618285
v -217.606728 113.235833 28.981626
v -211.387890 117.119088 36.340319
v -203.241768 121.643407 42.898427
v -192.253614 127.463824 48.346034
v -179.191910 134.298987 49.679517
v -234.071125 98.068895 -10.566027
v -231.947044 96.700749 -25.002146
v -226.866225 96.206723 -39.029943
v -219.535016 97.232968 -51.795831
v -210.862179 99.163319 -63.896984
v -198.216071 103.374957 -71.559796
v -100.297657 163.493846 -48.708324
v -105.555004 157.010433 -62.134981
v -113.048998 150.432319 -74.103393
v -122.653232 144.017656 -84.023232
v -133.888843 137.280106 -91.568698
v -147.297842 129.699637 -96.216295
v -161.123592 121.501042 -92.788754
v -136.201334 159.207722 45.177673
v -124.080959 165.314166 34.674342
v -114.499715 169.465145 22.792559
v -107.133605 171.670693 10.066554
v -101.811849 172.173853 -3.593498
v -225.684511 83.575322 -23.058342
v -227.574193 85.516848 -8.317177
v -171.671565 122.324085 53.511839
v -157.764524 130.919401 55.292701
v -90.885198 161.381430 -17.786820
v -89.569400 159.352125 -33.748820
v -168.641177 101.683637 -88.926349
v -154.907515 109.522295 -94.066718
v -181.013643 95.009786 -80.565969
v -221.099888 82.929258 -37.388711
v -213.704581 83.844150 -50.448623
v -204.125984 86.177990 -61.788705
v -193.329025 89.560637 -72.168511
v -224.965783 89.614718 5.033030
v -222.069413 92.689361 16.135477
v -216.405201 96.716712 24.460094
v -211.492703 100.242498 32.715668
v -204.368081 104.138731 39.342755
v -196.431002 108.608958 46.363048
v -184.918333 114.706654 50.949815
v -143.083352 139.419748 52.826826
v -128.690758 147.765705 47.558521
v -116.407793 154.235432 37.304976
v -107.027874 158.334313 24.721125
v -98.914128 161.670056 12.022109
v -93.540816 162.609038 -2.388071
v -92.130867 154.486023 -49.521697
v -97.872712 147.749852 -63.699993
v -105.684501 140.829527 -76.132857
v -114.912785 134.494298 -87.531901
v -127.182531 126.707010 -94.965757
v -141.028474 117.979598 -96.963216
v -135.339428 127.835174 55.215511
v -150.025242 119.061361 58.838475
v -142.078836 106.879143 60.892044
v -127.246205 116.473889 58.098065
v -133.485400 95.111468 64.728750
v -118.519182 104.930990 60.223443
v -219.827930 72.201787 -6.599159
v -217.951428 75.532870 6.786682
v -213.053786 58.363803 -4.628330
v -210.966953 61.712099 8.709985
v -208.437957 43.004156 -1.940599
v -204.936738 47.068920 11.609830
v -148.644378 97.454953 -95.638766
v -162.385198 89.162588 -89.768957
v -141.764710 85.194019 -97.564797
v -156.040433 76.212897 -91.382950
v -134.064288 72.631670 -99.989113
v -149.344671 62.813018 -94.034476
v -80.814292 150.643000 -33.881114
v -84.242210 144.996626 -50.047001
v -72.357551 141.204730 -33.708036
v -75.384147 135.830369 -50.778102
v -61.917011 132.933830 -33.688615
v -66.197517 125.923212 -51.104198
v -81.972741 152.698668 -17.182765
v -121.269489 136.068121 48.692413
v -108.911578 142.926906 38.863558
v -98.678454 148.153056 27.105802
v -90.237169 152.143408 14.024730
v -84.456625 153.909327 -1.076732
v -71.780819 145.124558 -16.600906
v -113.390302 124.844264 50.468632
v -100.724620 132.368044 41.114630
v -90.717507 137.501961 28.540310
v -81.972777 141.957168 15.177700
v -75.243062 145.056182 0.248686
v -60.899680 137.691705 -16.084997
v -104.513288 113.745101 52.479352
v -92.016503 121.337287 42.534672
v -81.270459 127.516999 30.462362
v -72.023403 132.832041 16.914262
v -64.786049 136.845002 1.482689
v -164.109382 109.989221 57.326229
v -214.165227 79.324624 18.264111
v -209.155975 83.178351 27.525315
v -205.381846 86.465308 37.310628
v -198.668217 90.770720 45.693931
v -189.123933 95.938643 51.835444
v -176.930879 102.118572 54.209813
v -156.284903 97.585051 60.605074
v -207.139510 65.501306 20.373558
v -201.672849 69.712345 29.981643
v -197.827925 72.804371 40.604821
v -190.329624 77.498278 48.724660
v -180.865534 83.154342 55.584323
v -168.934221 90.005616 58.492500
v -147.911570 85.678212 65.955465
v -200.527847 51.349651 23.404958
v -194.261312 55.914488 33.006903
v -187.170768 60.699265 41.159934
v -179.972650 65.352758 49.200577
v -170.805951 70.898486 55.579640
v -160.164516 77.436288 61.442202
v -218.678238 70.224335 -21.124153
v -175.742850 81.829372 -81.972845
v -215.179938 69.264522 -35.696272
v -208.139782 70.208615 -49.034199
v -198.709254 72.486262 -60.921796
v -187.444846 76.324000 -71.320503
v -212.879023 55.861974 -19.204666
v -168.436107 68.779270 -80.566397
v -212.286547 53.958618 -34.951341
v -204.645576 54.796231 -49.394630
v -195.535514 57.024770 -62.662453
v -181.757499 62.380298 -71.145332
v -207.188570 40.841057 -16.970944
v -161.752273 54.970531 -81.747097
v -205.822845 38.210392 -33.263564
v -195.093420 41.585656 -45.974312
v -185.478811 44.475717 -58.446129
v -175.634824 47.816475 -71.685963
v -90.336533 138.159096 -64.843354
v -98.567037 130.829448 -77.599219
v -108.212307 123.805457 -88.939095
v -120.570617 115.431513 -95.967353
v -134.437620 106.485448 -98.250225
v -81.433001 129.038397 -66.784588
v -90.246922 121.156052 -79.980535
v -100.722915 113.085318 -90.613979
v -113.111824 104.497714 -98.382351
v -127.371201 94.904087 -100.967525
v -72.883966 118.198600 -67.398253
v -80.739418 111.235257 -82.640978
v -91.493641 102.979685 -94.552118
v -104.623872 93.203771 -101.364309
v -119.337885 83.034322 -104.082863
v -123.744539 83.014193 65.873752
v -137.752110 73.360673 66.241450
v -149.697560 65.474643 61.198011
v -160.597837 58.687030 56.564700
v -169.569770 53.034484 50.445179
v -194.985449 25.067427 -30.337411
v -200.669403 24.889593 -14.665654
v -186.064714 27.586610 -43.579626
v -200.573923 27.884299 0.704393
v -198.801483 31.692899 15.312427
v -192.030795 37.179921 26.243085
v -185.048723 42.524007 35.482939
v -177.985506 47.553594 43.943037
v -110.038024 70.845893 -107.333953
v -125.655089 59.650930 -103.295456
v -140.370293 49.468650 -94.659711
v -153.543409 41.222202 -82.543989
v -176.576484 30.583287 -56.607697
v -166.930756 34.001349 -70.518319
v -55.018016 116.335188 -52.043960
v -49.937243 124.961911 -34.282213
v -61.970389 107.861881 -69.249452
v -70.131632 100.521499 -85.321546
v -80.749955 92.603320 -99.019341
v -94.607259 82.233434 -106.943654
v -108.631184 93.455658 61.709243
v -48.240466 131.230745 -15.758448
v -94.270181 103.131928 54.978793
v -81.575588 111.001677 44.507349
v -70.551927 117.594333 32.018220
v -60.845067 123.670892 18.242569
v -53.004002 128.790546 2.576854
v -126.874606 61.515629 66.433086
v -112.889338 71.920362 68.678415
v -115.838763 50.255856 70.436413
v -100.959453 61.797690 71.269371
v -104.046400 39.528494 74.645682
v -89.236662 52.609208 77.624421
v -92.821651 28.392552 80.133583
v -77.107291 42.196727 83.253343
v -83.318258 17.243495 86.122304
v -65.478110 26.068028 88.337637
v -34.162323 124.281434 -15.692636
v -36.211687 117.095169 -35.540228
v -19.569492 115.509650 -15.864285
v -21.802276 108.127915 -37.192113
v -4.675198 106.494562 -16.908589
v -7.732300 97.506280 -38.698164
v 10.448023 96.369081 -17.533534
v 9.433881 91.500294 -42.322181
v 26.350802 86.519692 -18.456578
v 24.092438 79.583630 -43.113255
v -83.168351 70.114321 -111.938274
v -100.091046 58.142505 -112.538400
v -71.319652 57.395532 -115.751060
v -88.861848 44.724216 -115.353359
v -58.865728 44.230402 -118.163004
v -77.231876 31.197369 -117.602018
v -48.518471 31.312605 -121.317440
v -67.080622 17.757955 -120.435402
v -39.680110 17.299733 -126.322817
v -58.972316 5.239781 -126.906287
v -168.168703 15.563377 -56.669716
v -178.061672 11.926989 -43.515230
v -156.877047 1.745651 -55.898776
v -165.734381 -1.326888 -41.530418
v -144.561539 -11.948755 -55.590489
v -154.018404 -16.545492 -41.694136
v -132.142383 -26.460359 -55.462670
v -137.298985 -26.104547 -38.892727
v -139.551455 53.139592 64.098829
v -150.878285 46.000116 60.235532
v -159.115352 40.427771 53.060185
v -185.647458 9.994645 -28.565739
v -189.610377 10.429227 -12.616727
v -189.626861 13.390668 2.792067
v -188.384055 16.599805 17.824627
v -182.142993 23.026985 29.336777
v -174.940724 29.025173 38.229985
v -167.698865 34.559594 46.746051
v -128.500795 41.085178 66.962178
v -139.614096 33.583126 62.721534
v -147.926266 27.922759 55.445999
v -172.458378 -2.946766 -26.759931
v -176.273362 -2.761619 -11.021421
v -174.886235 1.757014 3.789072
v -173.409051 5.422897 17.848970
v -169.183841 10.452888 29.986938
v -163.161656 16.212074 40.130584
v -155.766041 22.330607 48.037192
v -116.748247 29.082797 69.420651
v -127.403468 21.611926 64.094670
v -135.758407 15.968622 56.702837
v -161.289866 -19.642323 -26.107275
v -162.890316 -16.637796 -9.477109
v -161.754371 -11.657469 5.197810
v -160.990623 -8.395354 19.617760
v -156.401180 -2.257887 31.552652
v -150.373899 4.140804 41.082401
v -143.571969 10.288131 49.497125
v -105.471687 17.036859 73.163206
v -115.176651 9.303306 65.287954
v -124.075893 3.587534 59.006053
v -142.264887 -25.944604 -23.406537
v -145.985042 -25.998128 -8.365826
v -146.859333 -23.456553 6.273499
v -145.752442 -19.463306 20.119485
v -142.063810 -13.606671 31.722143
v -137.942531 -8.330625 42.818234
v -131.732267 -2.001034 51.787433
v -117.407302 -39.323291 -53.721428
v -122.088713 -38.778606 -37.051012
v -96.011475 7.809746 78.022885
v -105.642130 -0.056303 69.801659
v -112.998235 -7.328506 61.813223
v -127.602075 -38.908712 -21.806603
v -130.909568 -37.535808 -7.182177
v -130.961705 -33.624886 6.903200
v -130.365358 -30.147753 20.318879
v -127.976437 -25.270569 32.403113
v -124.733604 -20.539906 43.772721
v -119.121350 -14.265664 53.291585
v -115.904061 46.279342 -105.621217
v -130.765451 35.943986 -95.840594
v -143.910472 27.554706 -82.690280
v -156.077323 21.066942 -68.681482
v -105.533794 32.566289 -108.219187
v -121.069216 21.699937 -97.894910
v -133.438355 13.745174 -83.130896
v -146.376787 6.479246 -69.896121
v -94.692037 18.607960 -110.290362
v -110.536780 7.368784 -99.768001
v -123.093382 -0.893764 -84.628194
v -134.465284 -7.312623 -69.892723
v -84.318722 4.658745 -113.826581
v -99.448284 -7.080014 -101.434736
v -112.779467 -16.534696 -86.431281
v -123.912549 -22.791642 -71.461323
v -75.830305 -9.927523 -120.594202
v -87.413603 -22.166179 -104.256540
v -98.368874 -32.892752 -88.460417
v -111.768961 -38.754291 -71.323442
v -97.435095 82.892626 64.054044
v -82.782185 92.971385 56.939230
v -69.807108 101.114948 46.120962
v -58.290927 108.244734 33.600427
v -48.410036 114.499449 19.254569
v -39.850713 120.558859 3.579016
v -85.403551 72.941686 66.786023
v -70.202456 83.763208 59.997750
v -56.824913 91.883137 48.251088
v -44.940490 99.156793 35.223531
v -34.598857 105.618516 20.582593
v -25.593134 112.002247 4.213407
v -72.715223 63.493391 71.119012
v -57.037368 74.051799 62.705267
v -42.618948 83.448485 51.537779
v -30.339455 90.564392 37.351614
v -20.048979 96.441244 21.552844
v -10.603420 103.057476 4.788177
v -59.369832 54.204658 77.174569
v -42.649855 65.103865 67.728837
v -27.712873 73.874981 54.336311
v -15.292561 80.547929 38.997086
v -4.330307 87.253236 23.218278
v 5.234772 94.026351 5.335704
v -45.662379 42.650307 82.334750
v -27.307023 54.483294 72.131494
v -11.749841 63.191203 57.263350
v 1.307894 70.580619 41.499095
v 12.113024 77.252724 24.490162
v 21.755592 84.738517 5.723235
v -41.589615 107.572114 -54.358901
v -48.734211 98.846654 -72.819819
v -57.848189 89.661202 -88.975387
v -68.913384 80.754891 -102.982923
v -27.207994 98.548764 -57.325349
v -35.143263 88.479904 -75.877381
v -44.626419 78.702511 -92.716214
v -56.318504 68.178943 -106.206586
v -12.000055 90.150301 -60.942592
v -19.983857 79.535479 -80.777194
v -30.384609 68.061504 -97.309682
v -43.010764 56.510389 -110.292970
v 2.454732 79.099388 -63.124908
v -6.019680 67.131349 -82.886538
v -16.560064 55.464745 -100.405999
v -30.490305 43.895164 -113.917988
v 18.149330 69.379268 -66.217719
v 8.825514 56.036617 -86.211737
v -3.183007 42.986167 -103.143348
v -18.136643 29.459461 -119.861044
v 10.947101 31.374741 -105.820819
v -0.270216 20.164231 -119.743538
v 26.113259 18.781757 -108.037787
v 13.911452 7.428145 -119.745215
v 41.108036 6.271502 -105.970666
v 28.184516 -5.173367 -116.292110
v -84.752673 -49.268375 -85.146908
v -95.797699 -52.920906 -69.418454
v -70.917689 -63.375368 -83.690332
v -80.158750 -67.217753 -68.476895
v -53.206566 -73.250228 -84.052688
v -61.858703 -77.877050 -67.217548
v -112.077738 -35.225679 46.321029
v -105.791581 -29.545070 57.982344
v -100.710803 -50.997418 48.814194
v -95.723554 -46.534211 58.688189
v -86.284591 -64.680159 50.939138
v -83.850705 -61.269855 60.190498
v -54.744737 13.267385 95.779913
v -31.284151 28.853707 87.977159
v -35.588409 3.059435 103.184808
v -15.900511 16.884953 92.420648
v -18.843080 -8.339646 106.721338
v -0.356537 4.694013 94.773552
v 38.782642 76.376544 5.758508
v 42.780931 78.291472 -19.634578
v 54.952586 68.553715 5.809580
v 60.700133 73.817679 -20.479482
v 71.360560 61.786552 6.752133
v 76.252805 64.393698 -20.174891
v -11.801779 41.802906 75.386308
v 4.504511 51.245496 59.601649
v 18.230683 59.421728 43.463465
v 29.394957 67.460414 25.704725
v 3.117417 29.268608 78.387507
v 20.420810 39.860769 62.199742
v 34.797454 49.261435 45.694216
v 46.325208 59.925268 27.551953
v 17.601600 16.558273 79.996392
v 35.667987 28.890642 65.933013
v 51.037577 40.580490 48.965032
v 62.622657 52.474294 29.637590
v 41.500322 72.010131 -45.980824
v 34.578565 59.051160 -69.603337
v 23.772258 44.488849 -89.667023
v 58.289721 63.106987 -47.251885
v 52.489724 48.087724 -73.236959
v 41.208694 33.025728 -95.976150
v 75.048849 55.911347 -48.172290
v 69.610023 37.976732 -74.419151
v 56.746862 19.437193 -95.996330
v -105.401918 -56.087869 -53.315398
v -113.078489 -57.068335 -37.314409
v -120.139598 -57.923447 -21.349518
v -119.744213 -52.807896 -4.820096
v -115.517591 -45.017121 7.652082
v -115.107794 -41.681464 21.312521
v -112.902826 -37.697322 33.287590
v -87.822452 -67.727956 -51.037145
v -96.243828 -69.249841 -34.829160
v -101.997839 -68.233972 -18.599839
v -105.039772 -65.399695 -3.101659
v -106.085873 -61.450273 11.369562
v -106.364813 -59.008005 24.866023
v -105.356939 -55.987401 37.982736
v -70.891165 -80.555236 -49.851133
v -77.433278 -78.291061 -32.347874
v -84.162890 -78.645533 -16.569542
v -90.220630 -80.428361 -1.084466
v -92.749688 -78.015655 14.365949
v -92.137565 -73.908507 28.165967
v -89.275104 -68.831568 40.090327
v -34.507304 -78.684329 -78.950758
v -41.394358 -81.974651 -63.556063
v -67.088773 -75.489758 54.164355
v -63.282363 -73.465763 66.964534
v -50.737580 -89.511035 -47.774200
v -58.491232 -86.978853 -30.126450
v -64.091026 -84.304581 -14.343212
v -68.546617 -83.296689 0.838368
v -70.926905 -81.651874 15.544999
v -70.922636 -79.527018 29.120563
v -69.257149 -77.468077 41.758450
v -12.508136 -82.354120 -78.581051
v -20.195458 -84.610622 -61.454352
v -46.182966 -80.968934 54.857910
v -43.064379 -76.695122 65.675347
v -29.520542 -85.287000 -44.490421
v -37.806019 -89.640628 -27.909476
v -44.081713 -86.809176 -12.103856
v -48.299769 -86.298632 2.956508
v -50.947921 -86.385796 17.592436
v -49.827692 -85.551665 30.544144
v -48.106287 -83.535343 42.865583
v 55.617111 -3.861872 -102.941732
v 39.841811 -17.512525 -110.831320
v -2.384297 -23.764374 107.034719
v 15.028672 -7.825712 94.592382
v 88.701434 55.909831 9.028092
v 92.997873 58.614511 -19.132535
v 33.129169 6.148735 81.187643
v 51.568323 19.616689 68.219659
v 67.181405 32.049077 51.250462
v 79.356400 44.727549 31.788049
v 91.410312 48.738252 -46.950070
v 85.659466 32.016681 -73.731475
v 72.671178 11.545577 -93.096893
v 69.985674 -12.543658 -100.608781
v 50.220631 -30.569046 -106.163353
v 10.000139 -34.827267 97.499462
v 29.389566 -18.955491 89.418951
v 105.859015 47.555377 10.400497
v 111.109598 53.223498 -16.906641
v 48.934303 -3.450323 80.406204
v 67.110111 10.752471 68.408849
v 83.412920 24.529312 53.418022
v 96.726605 37.595114 34.367895
v 109.269363 44.720414 -44.996744
v 101.282991 26.586409 -72.773358
v 87.801670 6.117891 -91.479507
v 2.789359 -83.079023 -70.986713
v 2.338513 -86.033420 -59.073318
v -25.434634 -82.343259 54.955736
v -28.581379 -79.126885 63.481853
v -4.508525 -88.881821 -43.127977
v -12.576021 -89.011759 -26.586966
v -18.976236 -88.866910 -11.058617
v -23.707984 -89.516417 3.805003
v -26.809971 -87.627326 18.139781
v -27.172695 -86.025175 31.121375
v -25.880902 -84.441659 43.140580
v 86.139293 -19.039504 -97.134010
v 66.396116 -41.062252 -100.730815
v 28.488335 -42.629547 87.830793
v 46.870592 -27.816115 83.876541
v 124.587532 41.091999 12.867355
v 130.146892 47.822000 -15.473661
v 66.130570 -12.269852 78.832856
v 84.720560 3.828721 70.980759
v 101.053438 16.786935 55.654432
v 114.380637 29.124702 35.905248
v 128.043159 40.128721 -43.860079
v 118.343673 21.980964 -71.447818
v 104.431294 1.524258 -88.988313
v -17.265079 -79.340571 70.291125
v -34.200091 -73.262667 77.109010
v -19.896037 -69.480448 85.931051
v -4.433496 -73.540185 78.097127
v -9.874964 -60.233315 93.528966
v 7.166939 -65.909785 85.159058
v -0.286944 -47.073906 96.797079
v 17.431007 -54.448313 87.462132
v 54.634088 -49.497581 -93.549444
v 40.640751 -44.324223 -102.539299
v 30.386760 -56.169981 -97.959106
v 42.714553 -59.642082 -87.113547
v 17.638354 -65.656077 -92.210188
v 30.424246 -70.214029 -81.625824
v 4.205797 -75.321232 -85.757353
v 16.189714 -78.450206 -74.812561
v 143.010094 32.489527 13.697175
v 148.975100 40.296453 -14.197781
v 160.357470 25.562728 14.144831
v 167.214472 31.903884 -13.216614
v 177.968642 18.415880 15.750596
v 184.863557 22.961321 -11.309836
v 195.041125 9.449221 18.083023
v 203.386430 13.916828 -7.842781
v 51.582726 -48.915490 82.051412
v 66.707274 -36.126625 82.668408
v 71.848698 -54.400298 75.156579
v 86.712560 -42.516786 78.310598
v 91.045135 -60.355855 70.235713
v 105.386278 -48.988587 74.541594
v 109.838754 -67.418178 66.949906
v 123.355207 -55.272264 71.362975
v 105.798144 -24.510654 -91.628174
v 88.132909 -44.252464 -92.415029
v 125.996553 -29.981999 -89.467100
v 108.770430 -47.339068 -85.246781
v 146.576661 -35.188004 -86.689548
v 129.089374 -52.121912 -83.282637
v 168.274200 -42.024162 -83.335960
v 149.938242 -57.951111 -78.230245
v 147.206886 34.156090 -44.089818
v 137.292175 16.047468 -70.186730
v 123.414048 -3.174676 -87.617501
v 165.806109 26.274265 -42.848489
v 157.174428 9.863943 -69.093011
v 142.867398 -9.313014 -85.502165
v 183.676360 16.985523 -39.441296
v 176.641875 4.252964 -65.188549
v 163.906383 -13.910091 -84.187505
v 203.644070 9.455667 -35.759281
v 198.462301 -2.026594 -62.036987
v 185.623156 -20.739290 -80.697090
v 84.509627 -20.568643 78.678479
v 102.843665 -5.100512 70.368236
v 119.186728 8.612862 55.933831
v 132.620370 20.792972 36.619869
v 103.460648 -28.258348 77.583512
v 120.757213 -13.255051 68.599063
v 136.790545 1.918291 55.817760
v 149.922539 15.143032 37.270055
v 121.546301 -34.795668 74.011882
v 138.205007 -19.119183 68.419282
v 153.361539 -4.183972 56.352506
v 166.884379 8.650477 38.449880
v 138.446187 -41.512895 72.383185
v 154.067370 -26.401803 67.887086
v 169.409709 -11.226380 58.037258
v 183.453143 0.579769 40.354020
v 132.608776 -68.257958 -68.195535
v 113.094369 -64.484120 -75.151726
v 77.997830 -69.088210 63.333708
v 96.916704 -75.578180 57.188399
v 74.817992 -56.783489 -87.934993
v 94.087739 -61.286763 -81.105056
v 38.509519 -60.063031 78.904443
v 58.712699 -63.674369 69.478001
v 61.084796 -67.481898 -80.520065
v 27.096888 -70.663303 75.670056
v 14.845843 -79.013140 68.786008
v 46.152035 -73.254699 -69.893197
v 27.418697 -81.575968 -58.818568
v -0.582972 -83.907195 57.642946
v 18.860496 -85.274517 -40.119382
v -2.016441 -85.921653 42.563043
v 11.317871 -87.864026 -24.202391
v 5.175804 -89.141817 -9.484237
v -2.893413 -87.673963 30.114529
v -2.091995 -88.764716 17.644010
v 0.704939 -89.612513 4.431587
v 79.730044 -70.552340 -71.999534
v 65.724528 -78.337021 -61.891354
v 51.654605 -81.631354 -48.940702
v 41.105732 -83.967424 -34.493292
v 46.906912 -72.848133 64.706672
v 35.273168 -80.162905 58.326712
v 24.720557 -84.488791 49.293557
v 19.275750 -85.543031 39.159835
v 19.035171 -86.169675 28.775993
v 20.458527 -86.697984 17.334922
v 23.281633 -87.772817 5.258226
v 33.269358 -88.040540 -20.900513
v 27.526666 -89.116442 -7.530412
v 65.175279 -73.907167 54.596352
v 98.456465 -75.357176 -65.874286
v 84.279966 -80.582724 -53.686441
v 52.447868 -79.239055 49.087901
v 71.392397 -86.959138 -41.638158
v 42.680841 -82.967216 41.684227
v 60.074116 -87.731283 -30.008358
v 33.686555 -84.936543 36.487731
v 52.899625 -93.009651 -17.911773
v 38.345515 -84.473006 28.792211
v 47.946484 -91.488465 -4.667865
v 44.533701 -87.384234 6.485600
v 41.350807 -84.288297 17.705537
v 212.043560 1.166931 22.985721
v 224.534019 4.628098 -1.684901
v 128.963761 -72.538265 60.984488
v 140.380252 -62.111906 68.671263
v 189.405714 -50.319984 -76.521991
v 169.477451 -63.526373 -69.333714
v 225.141523 2.034120 -31.191729
v 223.606607 -10.520869 -59.121623
v 207.002698 -30.006350 -75.480417
v 153.730379 -49.364523 70.821022
v 168.470685 -34.325158 68.434643
v 183.794143 -20.552077 59.812733
v 199.526053 -8.102303 44.904696
v 151.850200 -72.304728 -59.136164
v 118.020058 -78.562386 47.826716
v 116.541648 -76.431800 -56.909944
v 101.402297 -81.851468 -45.821264
v 88.937688 -85.256166 -31.039348
v 73.161763 -87.453846 -25.125949
v 70.546112 -91.099064 -15.087291
v 81.615361 -81.646772 46.924931
v 64.942521 -78.643646 41.845131
v 58.994421 -79.906238 31.749049
v 67.269799 -93.791750 -2.505362
v 61.990374 -84.540229 19.406058
v 64.493046 -88.512719 8.451404
v 88.549321 -90.040972 -15.902414
v 86.408486 -92.388974 -2.411905
v 84.110830 -90.030115 9.606342
v 82.123769 -87.046793 20.994161
v 80.723092 -84.852301 33.281227
v 108.866476 -90.323609 -15.806496
v 111.282565 -84.307328 -28.582576
v 106.370823 -90.878286 -2.338201
v 104.012926 -87.973709 9.538714
v 102.210442 -86.414208 21.320617
v 101.037080 -84.090586 32.746509
v 100.243420 -81.932650 42.759083
v 135.129420 -78.381677 -44.783045
v 115.691854 -81.370262 -39.947661
v 132.530999 -81.718869 -28.365761
v 129.944455 -87.811237 -15.493871
v 127.455492 -89.181907 -2.515096
v 124.980196 -86.696976 9.393335
v 123.014674 -84.369233 21.205674
v 121.016655 -81.322197 33.423429
v 245.418274 -0.895038 -5.741367
v 245.439914 -4.100052 -27.170825
v 245.644860 -12.680297 -46.875436
v 263.593042 -5.164615 -6.005556
v 264.043469 -8.059450 -24.033891
v 263.638642 -16.790215 -39.443181
v 226.548594 -5.549052 30.367186
v 243.069092 -10.536649 30.028420
v 216.344783 -19.813842 51.769393
v 239.161299 -21.740070 48.012361
v 243.216898 -40.302689 -65.783667
v 223.482425 -38.610494 -68.706828
v 236.079589 -81.572483 -40.309610
v 215.760826 -80.409101 -39.772656
v 218.579594 -58.478058 63.610672
v 236.191958 -57.231495 59.211068
v 213.779780 -85.373269 37.889565
v 232.637762 -84.257972 35.604013
v 214.538414 -86.569369 -15.365454
v 234.252769 -86.662093 -15.299184
v 232.547798 -1.460116 13.218870
v 246.135415 -4.020192 12.422855
v 246.477710 -25.621220 -57.753982
v 231.370299 -25.031904 -62.351097
v 238.180552 -58.886016 -64.738141
v 210.773096 -60.351577 -67.618294
v 186.127157 -70.517574 -60.642812
v 169.547979 -76.113605 -52.303077
v 159.204137 -80.970948 -41.118379
v 154.657209 -83.354250 -27.826431
v 151.758523 -85.900453 -15.132167
v 149.540917 -88.149888 -2.993279
v 147.654285 -86.073303 8.748660
v 146.304058 -84.098444 20.387105
v 145.624912 -82.413146 32.463112
v 146.265758 -80.393727 45.108780
v 151.811914 -76.275418 57.454097
v 159.745152 -67.474220 66.686823
v 169.580394 -55.227498 70.317656
v 180.825066 -42.309216 67.472169
v 195.865682 -31.222565 62.590590
v 218.557552 -40.235382 62.820690
v 237.889117 -39.280566 59.246693
v 214.644025 -75.513517 -54.310516
v 236.987200 -74.876041 -54.718828
v 201.329593 -44.134512 65.945788
v 194.442964 -75.991038 -49.916136
v 180.718964 -78.525836 -47.138217
v 189.005025 -48.242116 67.976559
v 184.752681 -57.902328 67.579552
v 179.077486 -68.801187 62.272234
v 174.153277 -76.699965 53.376888
v 177.863431 -82.336633 -38.631888
v 175.237994 -84.202601 -26.854521
v 173.118709 -87.450900 -15.067374
v 171.445747 -88.529123 -3.118979
v 170.557615 -83.495114 43.122658
v 169.241862 -85.333496 30.980660
v 170.140265 -86.644976 8.224419
v 169.350406 -85.786350 19.510677
v 195.902848 -80.133551 -38.436702
v 200.761405 -58.147386 65.223703
v 195.139583 -82.943480 -26.607642
v 194.008226 -88.207085 -15.475621
v 198.065405 -69.050910 58.582368
v 195.305577 -79.577286 51.729664
v 192.813463 -87.137067 -3.667683
v 191.962331 -87.869490 7.375285
v 191.534124 -87.386867 18.214058
v 191.795284 -87.271575 29.227328
v 192.958302 -85.015800 40.540911
v 235.071886 -84.882035 -27.351572
v 215.409649 -83.200019 -26.985416
v 216.905342 -70.345664 56.382127
v 234.838854 -70.811205 54.823672
v 233.563729 -79.874125 45.821742
v 215.200137 -79.581506 48.149246
v 233.347714 -87.863229 -4.398173
v 213.692330 -86.477188 -4.124709
v 213.013986 -88.256094 6.386933
v 232.680058 -87.946025 5.800007
v 212.917464 -86.475439 26.996036
v 232.262148 -86.041825 25.409722
v 232.376937 -86.934346 15.572757
v 212.742959 -87.537838 16.717212
v 279.887062 -10.634262 -5.695495
v 280.447002 -13.575202 -20.703778
v 280.611555 -19.108894 -34.630327
v 250.603970 -78.617505 43.431471
v 251.808632 -70.046055 52.010790
v 254.790600 -81.314629 -39.552130
v 253.532344 -84.417502 -26.716266
v 261.752856 -41.315816 -60.219340
v 258.691141 -58.110638 -60.021012
v 263.802168 -26.502461 -52.507201
v 256.615399 -73.538516 -52.770689
v 256.736017 -25.639138 42.439044
v 259.943419 -13.356385 28.532455
v 253.250856 -56.467347 55.449098
v 255.263871 -39.815308 54.017116
v 262.593751 -6.502565 11.633750
v 250.094938 -83.953236 34.253881
v 252.489574 -85.913589 -14.787668
v 251.583647 -87.030974 -4.144450
v 250.811898 -86.591352 5.698992
v 250.347226 -88.107473 15.136892
v 250.023240 -85.895273 24.547774
v 397.188404 -51.923612 -13.974093
v 396.937899 -48.088221 -7.184252
v 406.983403 -50.210881 -6.646898
v 406.700502 -53.957039 -13.481899
v 396.164105 -50.312065 1.399184
v 404.279545 -51.716517 2.904640
v 395.315471 -57.676153 6.677908
v 404.061891 -58.200134 7.555723
v 404.187652 -62.946320 -16.458874
v 395.859577 -61.761166 -16.722855
v 400.948044 -64.958174 -9.247614
v 394.349961 -64.448070 -9.846019
v 402.582519 -62.974389 3.794613
v 395.387939 -62.353279 3.859726
v 393.988833 -65.744310 -2.302005
v 402.590270 -66.342378 -1.669284
v 390.387527 -50.737787 -13.692797
v 390.092073 -46.996926 -7.549946
v 389.166687 -49.781075 0.369825
v 388.478157 -56.113841 5.763413
v 389.098447 -59.731601 -16.523684
v 387.430524 -63.570610 -10.635860
v 388.424812 -61.702237 4.254090
v 387.098389 -64.344835 -2.779291
v 382.236922 -50.387418 -13.300429
v 382.068598 -47.067296 -7.185041
v 381.163667 -49.810947 0.160207
v 380.485559 -55.805547 5.150378
v 381.100370 -58.999810 -15.968497
v 379.351120 -63.974883 -10.849109
v 380.384066 -61.328729 4.619794
v 379.050183 -64.101198 -2.454075
v 374.783130 -48.129169 -14.042040
v 374.235407 -46.735558 -6.781395
v 373.362288 -49.327193 0.421992
v 372.702115 -55.392341 4.994528
v 373.737523 -58.853414 -16.958116
v 371.463328 -63.849160 -10.611075
v 372.730814 -59.595071 4.452415
v 371.299903 -63.226169 -2.086235
v 367.145897 -47.691525 -14.281216
v 366.673034 -45.720318 -7.497947
v 365.833644 -48.143273 -0.187852
v 363.755985 -54.152679 4.844319
v 366.219927 -57.668477 -17.423782
v 364.071198 -63.487978 -11.055331
v 365.226303 -58.845219 4.076626
v 364.463155 -62.501581 -2.942215
v 414.557015 -51.547357 -5.951570
v 413.403207 -57.145507 -12.119182
v 411.187293 -54.602853 4.457833
v 410.031006 -60.092498 6.560667
v 412.065333 -63.371976 -14.389513
v 407.511249 -65.539035 -7.458554
v 409.023581 -62.907289 3.191288
v 408.064341 -66.461133 -2.356930
v 412.792480 -62.728434 -7.545698
v 412.953197 -63.303876 -2.993760
v 414.619681 -62.419201 2.174713
v 413.536679 -61.339761 -9.558420
v 416.239191 -59.827750 4.928256
v 417.820144 -56.723220 3.145542
v 416.616233 -57.954751 -9.120990
v 419.153258 -54.117539 -4.252553
v 416.599914 -59.956066 -0.775338
v 418.840344 -58.249306 -6.312173
v 420.731073 -56.698870 -3.820009
v 359.637443 -45.784731 -15.197416
v 358.832409 -43.598469 -8.487457
v 357.687218 -44.682616 -1.639744
v 356.272252 -51.164493 5.768027
v 359.412288 -52.199295 -20.281230
v 351.933335 -41.644589 -16.055531
v 350.514474 -39.739555 -8.974468
v 349.741413 -40.456826 -1.649479
v 349.472765 -45.939380 6.275353
v 352.479865 -47.722209 -21.347716
v 341.023293 -37.522196 -15.583527
v 340.063130 -36.198690 -8.401198
v 339.158825 -36.262671 -0.748400
v 337.435771 -38.617247 6.934045
v 341.437565 -40.271143 -20.887174
v 359.994103 -66.729884 -2.630699
v 358.074550 -62.758557 3.294861
v 358.232811 -66.536669 -9.692214
v 359.335920 -58.323195 8.522334
v 354.981821 -55.456603 9.277226
v 362.072174 -61.350327 -18.840171
v 358.298052 -56.198873 -20.715835
v 269.203280 -88.024209 -3.379434
v 268.229571 -85.340122 5.687573
v 269.312579 -56.507640 53.927114
v 271.003076 -41.083338 49.788938
v 276.773127 -57.267920 -56.758149
v 274.815661 -72.755381 -49.756937
v 273.061509 -82.701471 -38.341172
v 271.426069 -85.469029 -25.302953
v 270.236472 -86.281675 -13.719587
v 266.823763 -78.629753 42.127687
v 267.342504 -68.498480 47.574846
v 266.713989 -84.489148 32.961416
v 267.457085 -86.084256 14.555665
v 267.008392 -86.443502 23.584760
v 273.227203 -26.425146 40.659354
v 275.441874 -17.272978 26.048363
v 278.257238 -11.051647 10.510076
v 278.561672 -41.741063 -54.468878
v 280.471538 -27.978357 -47.101286
v 294.397235 -15.830096 -5.018967
v 295.149162 -19.016768 -17.725686
v 295.224238 -23.304135 -29.914585
v 307.404502 -21.092591 -3.950692
v 307.699467 -23.925521 -15.414604
v 307.566063 -27.734678 -26.440964
v 283.979703 -57.568035 50.133479
v 283.902317 -43.051839 43.330441
v 286.883976 -85.881665 -12.968998
v 285.920231 -87.170722 -2.931067
v 293.287603 -56.210785 -53.720971
v 291.678788 -73.817812 -49.307355
v 293.651349 -42.183307 -48.924595
v 294.856373 -30.765564 -41.098447
v 286.680159 -29.247621 36.338116
v 289.643915 -20.508561 23.665261
v 292.440466 -16.050260 9.271742
v 284.820177 -85.769463 5.472263
v 282.328142 -79.165452 39.894451
v 282.076195 -69.431065 45.853730
v 282.002252 -82.460634 30.305430
v 283.735263 -85.241221 13.619141
v 282.654161 -84.099358 21.817499
v 289.785939 -81.242210 -35.708195
v 288.168095 -84.106706 -24.052668
v 316.908415 -25.243785 -2.981774
v 317.773115 -27.974601 -13.367232
v 318.087083 -31.525918 -23.398820
v 304.716623 -21.878802 8.195743
v 307.282201 -34.636674 -36.522210
v 303.723537 -71.234248 -48.991893
v 302.770844 -80.950695 -36.197972
v 294.324610 -81.136955 28.750414
v 294.644629 -77.007725 35.643925
v 296.801321 -56.444921 43.232774
v 296.612220 -43.397548 38.264347
v 298.674621 -31.109102 32.017781
v 302.005515 -24.241555 21.029618
v 296.045428 -68.778852 40.781651
v 305.810828 -57.599544 -49.440029
v 306.684087 -43.738039 -44.396019
v 301.869925 -84.955965 -13.765606
v 301.207787 -87.271282 -4.086790
v 300.232494 -86.328633 4.294810
v 300.200696 -85.072240 13.325036
v 295.818760 -83.503201 21.424167
v 302.613824 -82.825590 -24.239623
v 314.731446 -85.684593 2.274866
v 314.343895 -84.041046 10.009882
v 315.165746 -85.625490 -6.166055
v 354.388172 -73.478947 -9.243378
v 357.979818 -73.868660 -2.292658
v 354.609952 -72.086491 2.995795
v 346.839005 -78.812361 4.727691
v 347.053486 -79.709644 -1.276332
v 346.404283 -78.745959 -7.340128
v 328.312943 -84.277376 0.722447
v 328.779625 -85.237279 -7.440191
v 327.686830 -82.765838 9.035627
v -94.645150 -91.412660 -238.351718
v -101.966793 -93.582655 -236.723494
v -101.625605 -92.167028 -227.087522
v -93.847052 -89.930131 -229.201816
v -86.703256 -86.678675 -231.071901
v -87.445606 -90.315870 -239.388501
v -78.174364 -87.340079 -232.237215
v -79.911630 -89.572217 -240.357880
v -72.880414 -91.758145 -240.556354
v -71.502481 -89.970946 -233.420909
v -64.277363 -91.327218 -233.358151
v -65.358690 -93.159500 -240.518613
v -57.987147 -90.066024 -241.003850
v -56.395537 -88.555326 -233.589412
v -50.622413 -86.385838 -241.341757
v -47.533788 -84.156073 -233.515695
v -95.075060 -92.853437 -248.158061
v -101.841352 -93.869052 -247.598357
v -88.158614 -93.552520 -248.118782
v -81.069567 -91.739524 -248.621790
v -74.090388 -93.604768 -248.332879
v -66.803031 -94.034177 -248.367554
v -59.543790 -92.793881 -248.694294
v -52.655998 -90.250582 -249.819322
v -95.569305 -93.748475 -258.377914
v -103.052212 -94.443365 -258.471926
v -88.809285 -94.865967 -257.602536
v -81.870937 -94.142396 -256.928678
v -75.139667 -94.665536 -256.412221
v -68.200224 -94.961986 -256.117904
v -61.383199 -94.026831 -256.338358
v -54.759679 -92.809741 -256.837189
v -95.529128 -93.461229 -268.827327
v -103.861422 -93.420144 -268.446892
v -88.845264 -94.293067 -267.071804
v -82.219468 -94.652523 -265.360774
v -75.951586 -94.679138 -264.350926
v -69.269616 -95.672803 -263.641980
v -62.974214 -94.961846 -263.726896
v -57.184460 -94.410356 -262.535480
v -117.334256 -84.814495 207.673434
v -117.527171 -82.803889 221.090223
v -76.186405 -82.667853 219.604766
v -75.621479 -82.328841 207.136587
v -111.711133 -83.855229 207.331396
v -111.568371 -82.377172 221.450487
v -104.821554 -84.080974 207.124853
v -105.268951 -83.616305 221.427487
v -98.130921 -84.182044 206.944881
v -98.748847 -84.284180 221.261872
v -91.686761 -84.441808 206.754143
v -92.378835 -83.616705 221.028461
v -85.699582 -84.485687 206.687741
v -86.462125 -83.286497 220.848469
v -80.328645 -83.306986 206.852363
v -80.984027 -83.481946 220.556250
v -117.099828 -81.869060 229.550657
v -111.251851 -80.998853 229.057396
v -104.852675 -82.334414 228.599281
v -98.327949 -83.406867 228.271292
v -92.054737 -82.452995 227.908347
v -85.989854 -82.218336 227.922080
v -80.476883 -83.262546 228.006380
v -75.513081 -82.422470 227.666972
v -116.666318 -81.017749 238.777532
v -111.338545 -79.765584 237.237938
v -104.252812 -80.692007 235.498308
v -97.610869 -82.188447 234.854869
v -91.335997 -81.816485 234.589724
v -85.222552 -81.946651 235.049765
v -79.344530 -82.233159 235.662356
v -73.973573 -82.453804 236.480996
v -116.347191 -79.915295 245.286184
v -110.046015 -79.609331 243.829690
v -103.410032 -80.542039 241.558139
v -96.482383 -82.147826 241.036840
v -90.528393 -81.984616 240.494222
v -84.232196 -81.688609 242.008289
v -78.444132 -81.958249 242.572336
v -109.546997 -78.212948 248.450953
v -114.690608 -78.209057 249.939559
v -73.959194 -81.071145 243.114642
v -116.864823 -81.500979 250.231430
v -118.363887 -82.108459 246.456037
v -119.797736 -83.080231 240.232203
v -121.292932 -84.531208 229.695612
v -121.952055 -85.475324 220.237073
v -121.588506 -86.872080 208.385816
v -103.256587 -81.487182 245.509187
v -107.229979 -79.363961 247.371625
v -96.824196 -82.805990 244.341309
v -75.201067 -82.521660 246.677954
v -78.876218 -83.035897 245.846983
v -84.475292 -82.227393 246.175589
v -90.071794 -83.296470 243.953246
v -94.060876 -83.209257 243.699722
v -95.636706 -83.549089 245.646096
v -102.893016 -81.803642 247.158494
v -106.739218 -80.275148 248.552079
v -107.778253 -78.722255 250.442267
v -108.054586 -79.831523 250.484933
v -110.036645 -77.937653 251.504019
v -113.567279 -78.396301 252.106890
v -109.161709 -78.846096 251.765152
v -115.126202 -81.053789 252.187953
v -112.984049 -79.747152 252.694065
v -109.362299 -79.931261 251.517010
v -112.635605 -80.926657 252.273332
v -118.355725 -83.594532 246.735220
v -117.009278 -82.516534 249.968382
v -115.068939 -81.921545 251.558508
v -119.206220 -85.903942 241.232659
v -121.654360 -88.246594 231.747178
v -122.804088 -88.488339 221.012314
v -123.637003 -89.403521 209.398399
v -121.039229 -88.957010 238.834790
v -121.755683 -90.441004 232.566487
v -121.689682 -91.224936 221.631280
v -122.477782 -91.196284 210.325574
v -112.568327 -81.627592 250.727223
v -109.683043 -80.934324 250.252578
v -103.451241 -82.328100 247.208565
v -107.010559 -81.183622 248.612216
v -108.526171 -80.796438 249.823663
v -96.186204 -84.073233 245.665867
v -93.943098 -84.296335 243.520456
v -89.858274 -84.188847 244.349410
v -84.912033 -83.053631 246.870814
v -78.983223 -84.387626 246.483379
v -75.222517 -84.447671 247.624243
v -72.366312 -80.882460 245.718455
v -71.866079 -80.631256 242.817520
v -73.457435 -83.638180 246.843479
v -72.407756 -83.209889 245.923931
v -70.966019 -82.183327 243.519575
v -71.768690 -82.572362 236.716370
v -72.106576 -83.658677 242.262083
v -71.508900 -82.282069 241.510874
v -71.085889 -82.676769 238.796306
v -72.297552 -81.710158 227.145449
v -72.720225 -81.077957 219.356856
v -71.368026 -81.306531 207.942955
v -73.323342 -84.225640 244.309958
v -74.496646 -84.580596 245.384958
v -74.324651 -84.546239 246.928300
v -75.361742 -84.710034 245.746960
v -71.867344 -83.333869 239.656832
v -70.084388 -83.173395 235.638621
v -70.689249 -82.881685 237.287666
v -71.918159 -83.301061 237.212876
v -70.466505 -83.675960 235.255627
v -69.200503 -82.855133 233.358639
v -70.911248 -82.389475 234.089695
v -70.988269 -81.752392 226.682366
v -71.220565 -81.825080 230.436550
v -70.012625 -82.102374 230.225509
v -69.557789 -83.345257 233.256995
v -70.566737 -82.680740 230.212173
v -71.512324 -82.255392 226.909050
v -70.453306 -80.834061 218.054165
v -70.399890 -81.871359 218.386180
v -67.370817 -80.307972 208.979076
v -66.962357 -81.127854 209.620049
v -121.143090 -90.308085 238.841036
v -121.348431 -91.548937 232.879875
v -121.748595 -92.630825 222.932550
v -118.277820 -86.754085 241.824030
v -120.015938 -89.043397 240.115362
v -116.978103 -84.353461 246.385234
v -119.300872 -89.780306 239.024106
v -115.675205 -83.231411 248.868278
v -118.402994 -89.971993 231.719394
v -119.241190 -92.386871 221.964957
v -69.227770 -81.673638 214.636155
v -69.210936 -80.691704 214.260430
v -72.398953 -81.173632 213.768502
v -76.364905 -82.242895 213.512704
v -81.048548 -83.429173 213.717309
v -86.407057 -83.882796 213.871383
v -92.340484 -83.975808 214.021017
v -98.752692 -84.212531 214.163679
v -105.224776 -83.377065 214.264206
v -111.647149 -82.694721 214.305093
v -117.677212 -84.052228 214.511300
v -122.026618 -86.111071 215.049773
v -123.205317 -88.914437 215.944409
v -121.398565 -91.256484 216.802250
v -116.358746 -91.672222 210.086657
v -114.515603 -92.746392 216.168370
v -113.813997 -91.240902 220.811754
v -113.497662 -88.923728 230.103235
v -113.702500 -87.845216 236.003509
v -116.572081 -87.693020 239.692341
v -115.196754 -86.594031 240.990222
v -113.265375 -84.128045 244.522542
v -111.868653 -82.767786 247.809810
v -69.467941 -82.966297 208.882289
v -71.447253 -83.562263 213.682769
v -72.513441 -83.573177 217.632604
v -74.097712 -83.373526 225.858125
v -73.407615 -83.808002 229.745568
v -72.875835 -84.197357 232.416105
v -74.594116 -84.080672 235.269857
v -74.153766 -83.741515 236.847373
v -74.714306 -83.729018 238.729639
v -74.366681 -83.943214 241.076746
v -75.198592 -84.197284 242.602165
v -76.225004 -84.533026 244.043135
v -79.574687 -84.570124 245.346692
v -75.490036 -84.358340 243.378097
v -84.834425 -83.523795 245.593253
v -89.595378 -84.493430 243.214808
v -94.241756 -84.512110 241.526849
v -97.226151 -84.202962 243.531937
v -103.967840 -82.896392 246.023216
v -107.892387 -82.433721 247.150764
v -109.746974 -82.307007 247.731084
v -110.957612 -83.772680 244.302755
v -108.157996 -84.175923 243.642119
v -105.068551 -84.352186 242.216274
v -99.503906 -85.082545 239.812848
v -94.583439 -84.969750 238.368469
v -89.765216 -84.432578 239.399119
v -84.747373 -84.282439 240.746478
v -80.224133 -84.074976 241.015389
v -77.197374 -84.246023 241.837953
v -111.850284 -85.685214 240.940701
v -108.614976 -85.730045 239.764029
v -106.053069 -86.241535 238.672234
v -100.992969 -86.318470 236.102634
v -95.255358 -86.027181 235.348887
v -90.001334 -84.350882 235.497838
v -84.547622 -84.579492 236.198601
v -78.787987 -83.971102 236.697771
v -108.405247 -88.605897 234.819993
v -105.440634 -89.137979 234.822628
v -102.639133 -87.676198 232.012209
v -95.518974 -86.982808 231.667352
v -89.912661 -85.618064 231.602288
v -84.359662 -84.780100 232.016164
v -78.757238 -84.566814 232.410767
v -78.572710 -84.887942 228.609488
v -109.163561 -89.588298 229.662096
v -83.978256 -85.268011 227.885218
v -89.469173 -86.448149 227.559766
v -95.073868 -88.221375 227.589478
v -101.024717 -89.469731 226.733851
v -108.577264 -90.564713 222.104869
v -78.084606 -84.614443 224.111243
v -83.085285 -85.981755 223.600835
v -88.721839 -87.086467 223.237839
v -94.307251 -89.525136 223.388880
v -99.584797 -90.173080 221.100071
v -107.554862 -91.562922 216.580197
v -106.763953 -92.364497 210.159914
v -76.345265 -84.780199 218.348966
v -75.676866 -85.039973 213.717716
v -74.026782 -85.091068 208.315240
v -81.745475 -85.825970 218.928115
v -80.977889 -86.901336 213.900564
v -80.021240 -87.101623 208.575083
v -87.539050 -87.774166 218.759718
v -86.956882 -88.579566 213.934326
v -86.145722 -89.472723 208.556579
v -93.323729 -90.287925 218.868317
v -93.076371 -90.032541 214.047155
v -92.769240 -89.873137 208.466471
v -98.215224 -90.651042 218.366253
v -99.229331 -91.215318 215.027527
v -98.957957 -91.000046 208.643596
v -116.131701 -85.278485 200.369573
v -120.609608 -87.097511 201.220675
v -66.722255 -78.789688 205.062344
v -70.002263 -80.670370 201.810953
v -74.240526 -82.446338 200.090568
v -79.221508 -83.276520 199.286415
v -110.325338 -84.203187 199.945626
v -103.732654 -84.202050 199.604214
v -96.986993 -83.884066 199.317745
v -90.581755 -84.359782 199.104427
v -84.671922 -84.134902 198.963506
v -114.646630 -85.960077 192.264751
v -119.185735 -87.677216 193.185100
v -63.987006 -79.572635 195.087177
v -68.252715 -81.012744 193.288799
v -72.759941 -82.477630 191.863749
v -77.834289 -83.068227 191.069548
v -108.747968 -84.835238 191.646069
v -102.288298 -83.621906 191.214565
v -95.601537 -83.359187 191.015713
v -89.197874 -83.278800 190.956184
v -83.366263 -83.227871 190.783885
v -113.691900 -86.139670 183.426104
v -118.099170 -88.033734 184.434405
v -61.930461 -82.271872 185.577877
v -66.650978 -81.309444 184.255728
v -71.524787 -81.765578 183.437773
v -76.705619 -81.906024 182.849292
v -107.452786 -85.210159 182.836784
v -100.817476 -83.750734 182.442681
v -94.165896 -82.725395 182.348595
v -88.013117 -82.088891 182.449747
v -82.210515 -82.341909 182.525209
v -113.858044 -86.656686 174.000537
v -117.298234 -87.941095 174.934500
v -60.957776 -80.945976 176.015714
v -65.451370 -81.013455 175.578053
v -70.329033 -80.700371 175.114753
v -75.455156 -80.094827 174.781700
v -106.690013 -85.167719 173.687149
v -99.694421 -83.247888 173.545728
v -93.089375 -82.164031 173.775025
v -86.888506 -81.420821 174.036427
v -81.123266 -79.915387 174.500098
v -121.631677 -90.458764 185.466789
v -121.293301 -90.428153 176.005430
v -122.060578 -90.304129 194.107716
v -122.744489 -89.791488 202.404894
v -63.973122 -78.782635 206.394025
v -61.175795 -78.987928 197.220546
v -63.802226 -79.598560 206.487940
v -65.997920 -81.194147 208.211652
v -58.941611 -82.221121 189.786449
v -56.769439 -83.281692 190.480374
v -57.922102 -81.959229 181.636255
v -56.618634 -80.173892 175.877464
v -56.245906 -82.357229 183.863095
v -54.440516 -83.077703 184.522777
v -53.497362 -82.192361 180.890379
v -53.522693 -79.922345 176.444045
v -57.111689 -84.217809 189.692932
v -54.452674 -83.909548 184.197498
v -53.789182 -83.126438 180.794703
v -53.504490 -80.714645 175.942471
v -58.376839 -81.045821 193.113852
v -57.805291 -82.533560 191.714534
v -60.463404 -79.032992 197.493657
v -60.996658 -79.972489 197.603467
v -63.893391 -80.690070 205.629457
v -59.909775 -81.605147 193.264532
v -58.784875 -82.848495 191.830194
v -66.273879 -82.136176 207.447012
v -120.455907 -91.752201 203.648274
v -119.803016 -93.304447 195.004000
v -119.977039 -94.098746 186.477461
v -118.795300 -96.259714 177.846766
v -112.788536 -97.488865 177.163035
v -112.316451 -95.765178 186.437180
v -103.746695 -97.562757 178.584157
v -102.977109 -95.671176 186.212050
v -113.873481 -92.268817 203.301079
v -113.116397 -94.002764 194.605744
v -105.531257 -92.300384 202.949119
v -104.148106 -94.316819 195.107224
v -66.671368 -83.046424 204.795737
v -63.818587 -81.804137 197.035073
v -62.558387 -82.407304 192.599405
v -61.610939 -83.257632 190.438933
v -59.732519 -84.936070 186.451671
v -57.864525 -84.862705 182.625318
v -56.432620 -84.064174 179.905421
v -56.876556 -82.875968 175.793035
v -72.311575 -85.648850 203.494173
v -69.958229 -85.226890 197.362489
v -67.993561 -84.790470 192.355913
v -66.298377 -84.256896 188.614835
v -64.829083 -84.954793 184.327245
v -62.286063 -85.425384 177.895453
v -78.500917 -87.377105 202.865519
v -76.267498 -87.466235 196.764246
v -73.155213 -87.922175 191.205169
v -70.246847 -86.218168 188.115899
v -71.339430 -86.417363 184.416327
v -71.131818 -86.038814 178.145515
v -84.819684 -89.974806 202.318341
v -83.078118 -88.926316 195.606901
v -79.697795 -88.056461 187.587937
v -80.110795 -88.002279 179.223953
v -89.580440 -91.370017 188.096694
v -89.825184 -91.431473 179.872014
v -90.812834 -90.373101 195.483543
v -92.091639 -89.778943 201.945614
v -98.663481 -91.713726 201.898459
v -97.572816 -93.268336 196.227759
v -96.799701 -93.527009 188.423790
v -96.593305 -95.026528 179.903466
v -92.143201 -81.049873 165.440873
v -98.992339 -82.169171 165.205308
v -91.328765 -79.526729 157.501999
v -98.586925 -81.520051 157.071650
v -90.087832 -78.730597 149.714763
v -97.300291 -80.563114 148.905138
v -88.579831 -78.316460 142.439862
v -95.854152 -79.850843 141.265157
v -53.077005 -77.390324 170.355902
v -55.301944 -77.503207 169.847121
v -59.752448 -77.561879 168.288933
v -64.262493 -78.546596 167.808315
v -69.078759 -79.076072 167.320516
v -74.137797 -79.253029 166.666287
v -85.659060 -80.539728 165.754871
v -79.776126 -79.536424 166.262932
v -121.389664 -89.998857 168.024490
v -119.096195 -97.214251 169.232851
v -111.988361 -86.146047 165.806055
v -115.774193 -87.123358 166.235131
v -105.899808 -84.409177 165.265354
v -112.572830 -98.149284 169.791655
v -103.384246 -98.583606 170.685043
v -95.490856 -96.246886 171.725367
v -88.211566 -91.147352 171.487987
v -79.347618 -87.979871 171.353546
v -70.779733 -85.397750 171.042849
v -63.006074 -84.059857 170.667839
v -57.857196 -81.528795 170.014887
v -53.257483 -78.345460 170.104001
v -107.048250 -83.668761 157.122986
v -111.624850 -85.831210 161.112234
v -121.719438 -96.153235 165.360227
v -121.379101 -89.273255 162.368174
v -115.583019 -87.337010 160.707024
v -115.720299 -97.839370 159.053846
v -110.219789 -98.300639 160.211517
v -118.203556 -94.786023 157.986456
v -120.400967 -89.878689 155.678220
v -114.065013 -86.716545 155.058107
v -105.001100 -82.316564 147.979207
v -112.232789 -85.150475 146.784988
v -118.410041 -88.906969 147.017193
v -103.525421 -80.811334 139.838135
v -110.962296 -83.329840 137.815141
v -116.688770 -87.715101 136.930074
v -116.766513 -94.764935 148.443740
v -115.404215 -93.856904 137.680093
v -112.993174 -98.060459 149.748951
v -110.777695 -97.191852 139.048636
v -106.968014 -97.012126 151.514478
v -104.422182 -98.190335 141.069309
v -99.629578 -99.678792 152.662878
v -97.097145 -99.896877 143.171388
v -101.947701 -98.767498 162.040442
v -91.248625 -98.236845 154.135921
v -88.975238 -98.059557 144.997233
v -93.597594 -97.233569 163.138296
v -76.339881 -88.913872 155.760926
v -84.585898 -92.746727 154.893892
v -82.813887 -91.943241 146.268241
v -74.472159 -88.443695 147.616533
v -86.571854 -91.790161 163.418549
v -78.228084 -87.998024 163.604582
v -66.000960 -86.268533 149.126573
v -68.319767 -84.990884 156.944681
v -69.882973 -85.399068 164.172640
v -61.087110 -82.834060 158.277741
v -58.287131 -83.533845 150.654691
v -62.802386 -83.163921 164.768548
v -56.440359 -80.324425 159.462293
v -54.949714 -77.815010 150.173483
v -57.674492 -81.360326 165.125442
v -52.736505 -77.241434 165.011794
v -52.055005 -76.723882 160.705614
v -49.978263 -75.397431 151.852414
v -52.429693 -76.197757 165.383654
v -52.114907 -75.376674 160.902185
v -50.205786 -73.904611 152.369826
v -54.487180 -76.057508 165.068460
v -54.148267 -75.090433 160.136491
v -53.259760 -72.096969 151.288000
v -59.147246 -76.233613 162.730931
v -58.685257 -75.312147 157.246748
v -57.305436 -72.873966 149.834130
v -63.211845 -76.639265 160.853054
v -62.143325 -76.601420 154.772998
v -60.538014 -75.264631 148.081115
v -67.701607 -77.963868 159.766487
v -66.492492 -77.277208 153.150555
v -65.081935 -76.118064 146.619932
v -72.638837 -78.657328 158.834000
v -71.306797 -78.019585 151.777677
v -69.823840 -76.579487 145.038204
v -78.301510 -78.657764 158.311870
v -76.845404 -78.069272 150.883322
v -75.348349 -77.365726 144.001389
v -84.414957 -79.272541 157.764851
v -83.097863 -78.113650 150.265808
v -81.685171 -77.339570 143.301136
v -103.423835 -90.629572 231.557124
v -104.504738 -91.068241 233.769464
v -106.249033 -91.174010 233.046454
v -105.511182 -91.795457 230.581789
v -104.787029 -92.708400 224.261526
v -104.421952 -93.169901 218.176761
v -103.373121 -93.969633 210.915027
v -103.147861 -94.312952 204.399475
v -101.375766 -95.668202 194.295359
v -102.401740 -91.333192 225.250821
v -101.936809 -92.240231 219.398430
v -101.059764 -92.703874 211.184292
v -101.004234 -93.718450 204.266978
v -99.826747 -94.780963 196.406397
v -48.828919 -74.198534 146.311987
v -48.405119 -73.200367 146.890628
v -46.087921 -73.543826 140.709458
v -45.854328 -72.451414 140.985793
v -44.275518 -72.677695 133.922256
v -42.952622 -71.231525 135.088248
v -42.292978 -72.534453 127.306717
v -40.464911 -69.878017 129.080484
v -46.661154 -71.259968 124.918929
v -49.653193 -72.158184 130.809794
v -51.771837 -74.330899 137.608295
v -53.628724 -75.735785 144.126173
v -51.594627 -79.359263 128.759085
v -49.370002 -77.329831 122.932935
v -53.699770 -82.930838 135.431938
v -55.956968 -82.978689 143.088585
v -63.020311 -87.435779 141.818657
v -61.176211 -88.070326 135.128477
v -59.878043 -89.672954 129.508552
v -54.552338 -87.140244 131.051048
v -51.601964 -86.235961 126.602555
v -57.509009 -91.184376 124.204545
v -50.551049 -83.886584 120.844649
v -54.922591 -90.036906 117.712803
v -115.397213 -86.689808 127.940042
v -113.877375 -93.151560 128.415593
v -113.402971 -85.257508 120.206792
v -112.623640 -91.907680 120.374652
v -96.796287 -99.059425 113.286649
v -95.079076 -97.458757 105.517437
v -101.906214 -94.623876 113.376420
v -100.006313 -93.361189 106.857467
v -104.454911 -88.759577 104.874570
v -107.541019 -90.625401 112.088956
v -111.602101 -84.477466 112.569105
v -108.441365 -81.627788 106.152754
v -64.749579 -93.007935 121.531649
v -62.994174 -91.762158 115.347082
v -67.011638 -91.552078 127.431356
v -69.176089 -89.504086 133.148314
v -72.052958 -87.726285 139.722164
v -106.361913 -94.762694 121.611249
v -108.808813 -95.912010 129.085787
v -98.493055 -99.667817 121.844788
v -101.966585 -99.048038 131.224186
v -94.537281 -99.381336 134.152996
v -91.197486 -99.612812 126.479818
v -84.148656 -96.411657 129.277865
v -86.566902 -97.434172 136.682940
v -80.726208 -91.033366 137.979238
v -77.233054 -92.106395 131.176271
v -74.415647 -93.056840 125.100005
v -72.316734 -93.295997 119.181025
v -92.466537 -100.534492 118.609466
v -87.375124 -99.612632 120.869183
v -90.879208 -100.852465 113.255184
v -84.802908 -98.954606 114.963395
v -81.801400 -95.147602 122.836224
v -79.574413 -94.585038 117.006478
v -70.607542 -91.175941 113.594112
v -77.770690 -92.753654 111.255938
v -82.425810 -96.854146 108.607029
v -88.531989 -100.002517 105.952026
v -110.040070 -81.269112 130.353391
v -109.129564 -79.164068 123.482342
v -107.645235 -77.935946 117.003088
v -105.540445 -74.830568 111.445475
v -45.729874 -68.244509 134.477837
v -43.663007 -65.892844 128.755396
v -48.054050 -70.038543 139.604990
v -50.807751 -71.226140 146.198775
v -49.207643 -64.071617 129.522579
v -50.916410 -66.811814 133.773846
v -52.886462 -68.573190 138.911788
v -55.370422 -70.703239 144.709214
v -54.961612 -62.586261 129.177351
v -56.271524 -67.079200 132.378256
v -57.566418 -70.542187 137.160745
v -59.175539 -72.881643 142.620025
v -102.381388 -79.198552 132.766621
v -101.610481 -76.357054 126.678829
v -101.164949 -73.119712 121.291760
v -100.444437 -69.820108 116.427347
v -87.183927 -76.833368 135.842833
v -94.540104 -78.285049 134.366268
v -63.826803 -74.010298 140.862400
v -68.864547 -74.209995 139.557411
v -74.126167 -75.028412 138.062937
v -80.229062 -75.954579 136.825393
v -86.291464 -72.672824 130.889754
v -93.780293 -74.367275 129.031929
v -62.970335 -70.395037 136.025663
v -68.200713 -70.131613 135.297994
v -73.615265 -70.441747 134.079714
v -79.480573 -71.253740 132.551370
v -85.516725 -67.501906 127.369440
v -93.380786 -69.780192 125.022998
v -62.168010 -65.876571 132.298055
v -67.626878 -65.501819 131.593098
v -73.019079 -65.555993 130.635811
v -79.018144 -65.889216 129.727680
v -85.409787 -62.231951 124.793210
v -92.976870 -64.904667 121.633005
v -61.143367 -60.996124 129.169013
v -67.000460 -60.248198 128.511581
v -72.563676 -60.106813 127.902852
v -78.560062 -60.490837 126.996221
v -92.261013 -92.714190 98.496945
v -86.038420 -95.683182 98.930952
v -96.530992 -88.390616 99.065171
v -100.136669 -83.138576 99.520687
v -103.786364 -76.078049 101.388276
v -102.069767 -70.021287 106.845047
v -97.673896 -64.788961 112.225677
v -53.176728 -57.682388 126.925887
v -59.479489 -55.294516 127.081012
v -50.537722 -52.458513 125.074638
v -57.424061 -49.107858 124.802796
v -46.956726 -46.867343 122.759043
v -55.163611 -41.752946 121.909755
v -89.498689 -86.826103 93.368020
v -84.066020 -90.750501 93.374239
v -92.945183 -81.865485 94.637377
v -96.480434 -76.262866 95.330923
v -98.656348 -69.488734 97.942261
v -98.003856 -62.801385 102.169010
v -94.584955 -57.765110 108.046543
v -86.804939 -81.453062 89.142014
v -82.644565 -86.523421 87.803588
v -89.858464 -76.087084 90.503180
v -93.075584 -70.141143 91.579206
v -95.921955 -63.318518 93.683550
v -96.085222 -56.703987 98.378536
v -93.471477 -51.130526 104.423137
v -80.703244 -93.127903 102.456633
v -79.105054 -89.111155 96.846006
v -76.880037 -86.555054 90.942945
v -75.655450 -90.145874 105.518363
v -73.624358 -87.619100 99.806140
v -71.802616 -85.563170 94.205474
v -39.503292 -71.282033 122.167833
v -38.207885 -68.934504 123.679587
v -35.822457 -69.873019 117.733317
v -34.525010 -68.107634 119.062429
v -32.762916 -68.358865 113.532527
v -30.768382 -67.318285 115.112557
v -34.851361 -64.162840 119.928876
v -30.794723 -63.359271 115.825326
v -38.921816 -65.067530 124.409931
v -35.662888 -69.893055 112.202297
v -39.193761 -70.465582 116.227244
v -43.418099 -70.708762 120.092149
v -43.879757 -74.074701 113.386240
v -40.886508 -72.824922 109.206881
v -46.948179 -75.469369 117.803241
v -44.603188 -77.125247 105.757775
v -47.150485 -79.411205 110.960383
v -49.603691 -81.402263 115.603511
v -68.904345 -88.975482 107.960011
v -67.246491 -87.243574 102.249904
v -66.203044 -84.344008 97.310551
v -61.461066 -89.159995 109.770864
v -60.314550 -86.043966 104.638108
v -59.989773 -82.675405 100.033017
v -54.395824 -86.256123 112.514039
v -53.218486 -82.871592 107.635853
v -50.812317 -78.892949 100.945341
v -41.092958 -60.635681 123.993931
v -44.136456 -62.568946 126.262645
v -44.980976 -56.630990 124.106794
v -47.987579 -60.449581 126.273107
v -29.945581 -55.509634 117.725802
v -36.414496 -58.288915 121.008983
v -40.237637 -52.550072 122.101904
v -33.286111 -48.688936 118.808874
v -84.268126 -56.130735 121.358893
v -90.966728 -59.501885 117.704865
v -65.711659 -54.110541 126.377414
v -71.653033 -53.749382 125.326760
v -77.727908 -54.235648 123.942249
v -83.057268 -49.895207 117.518861
v -89.241328 -53.097564 113.449476
v -64.312521 -47.712112 124.095374
v -70.592356 -47.298560 122.599174
v -76.762393 -47.970706 120.484694
v -82.243230 -44.023359 114.142465
v -88.637695 -46.768597 110.151071
v -63.009792 -41.414114 121.148514
v -69.593254 -41.407811 119.502491
v -75.849774 -42.230656 117.244418
v -42.247329 -41.173555 120.205450
v -61.763891 -80.579963 96.522744
v -57.873047 -78.356003 96.496647
v -66.086282 -80.991825 93.774385
v -64.590261 -77.847838 91.665064
v -71.062906 -81.489829 90.037297
v -70.562932 -77.280782 86.693672
v -75.883983 -81.919507 86.430446
v -75.470315 -77.018117 82.689134
v -81.053346 -81.514217 83.462005
v -79.938635 -76.063054 80.286856
v -84.919486 -76.800645 84.839932
v -83.046578 -72.232050 81.079792
v -87.626834 -71.013680 85.909323
v -85.571732 -66.159816 81.339879
v -50.242957 -36.188789 119.744838
v -55.721245 -31.911784 117.174955
v -57.931770 -36.235972 119.236379
v -60.932842 -29.040965 114.765589
v -62.665492 -35.548617 117.946046
v -68.601314 -35.687378 116.370762
v -67.177698 -29.914794 113.330667
v -74.863906 -36.277106 114.275548
v -72.943132 -30.206901 111.041690
v -81.390704 -38.104029 111.136130
v -79.695086 -32.451292 108.010721
v -87.652885 -40.990256 106.527346
v -86.303357 -35.524346 103.013734
v -92.772558 -45.235444 100.444453
v -91.149112 -39.509578 95.753956
v -94.411771 -51.143033 93.929090
v -92.177534 -45.334288 88.700150
v -93.623412 -58.076711 89.218129
v -90.980945 -53.060817 83.996971
v -90.887127 -65.069890 86.891944
v -88.089895 -60.699007 82.411460
v -87.871452 -47.822375 78.035904
v -89.688567 -39.821522 81.820652
v -78.133745 -23.814957 101.676408
v -84.278707 -27.264681 96.009001
v -88.485120 -32.734627 88.620659
v -58.743742 -22.288377 111.527599
v -51.165125 -25.752852 114.540788
v -65.391199 -22.155558 109.148730
v -71.504462 -22.363116 105.980626
v -44.773043 -30.019539 116.827273
v -36.167564 -35.174557 118.653258
v -28.275772 -42.949680 116.725256
v -23.308167 -51.690643 112.781669
v -24.895787 -59.754661 108.982912
v -24.864316 -64.152508 107.171221
v -36.751584 -69.715705 100.666356
v -42.494753 -72.973967 98.039826
v -47.879664 -75.443631 92.900627
v -58.901577 -74.676760 85.314699
v -71.089864 -70.444582 78.902633
v -79.180936 -64.177261 74.588946
v -84.583971 -56.120943 75.912570
v -76.614161 6.408542 90.805607
v -89.392022 -1.693414 82.502750
v -103.357000 -18.135204 66.199959
v -97.593410 -9.559934 73.972048
v -4.235577 -37.747261 105.710684
v -48.408446 -73.874621 75.505779
v -48.205295 -73.827129 82.609559
v -38.341888 -70.682930 88.376492
v -30.614330 -68.601356 93.320102
v -59.635237 -73.665070 77.062856
v -70.824784 -68.221793 73.217663
v -73.236929 -67.073646 68.721685
v -78.251539 -62.759791 71.220863
v -82.992491 -57.881213 67.079253
v -91.313254 -44.100337 68.649928
v -97.607672 -33.094046 65.518700
v -91.842027 -34.213424 75.878773
v -96.436951 -26.028776 71.427135
v -88.895079 -26.338726 83.071000
v -92.536758 -18.368973 78.731208
v -19.848516 -64.103859 100.689280
v -19.300462 -57.147558 103.912517
v -13.536084 -55.268141 99.937878
v -11.161039 -48.151748 103.064428
v -17.465802 -50.480177 107.731975
v -12.374396 -39.888016 109.375949
v -20.152439 -41.411455 112.754978
v -16.449340 -28.848142 112.082741
v -25.636986 -32.679313 115.839556
v -35.161841 -25.628453 114.095650
v -26.626937 -19.207349 111.893236
v -83.918596 -20.105021 90.431037
v -85.815539 -11.346758 86.544592
v -30.850705 -9.405005 108.710157
v -36.958231 -5.705266 106.790802
v -36.491691 -14.655683 111.696428
v -43.868595 -20.624421 113.276268
v -76.050150 -5.457000 94.065139
v -76.676202 -15.438640 97.013685
v -62.707901 -2.522422 99.572524
v -52.141225 -16.493935 111.080575
v -44.382158 -10.252341 109.272160
v -68.004429 -13.378439 102.602570
v -59.668582 -14.077350 107.209662
v -50.876108 -5.775451 105.049449
v -106.438966 -97.366573 -258.200996
v -106.404214 -96.553914 -268.575368
v -105.222228 -96.849931 -246.749044
v -105.004010 -96.882269 -235.718217
v -104.162725 -95.388779 -225.421923
v -43.822279 -82.586852 -242.724046
v -42.503400 -81.094046 -236.251861
v -46.391681 -87.496242 -252.594613
v -47.722300 -91.608654 -258.313723
v -51.691518 -94.606802 -261.980106
v -43.108479 -83.190109 -242.667672
v -41.906780 -82.191991 -236.121592
v -45.593176 -88.043796 -252.181668
v -47.290531 -92.365137 -257.810923
v -50.777753 -95.068144 -261.946798
v -106.612525 -99.616326 -258.018774
v -106.174800 -99.234168 -268.318549
v -106.031261 -99.401061 -246.478921
v -104.411511 -98.821046 -235.344558
v -103.046241 -97.729559 -225.561265
v -103.107300 -93.110439 -276.309025
v -106.103035 -95.861664 -276.284604
v -95.651126 -92.944968 -276.581042
v -88.552855 -92.771740 -275.481912
v -81.806897 -94.195642 -272.706898
v -76.022854 -94.025548 -270.813464
v -69.496454 -95.286688 -269.808239
v -62.372832 -94.179806 -268.104619
v -58.452239 -95.843482 -266.405285
v -54.336489 -96.288454 -263.825160
v -53.849145 -96.629901 -263.840081
v -58.615310 -96.715334 -266.151160
v -62.560593 -95.327435 -267.885928
v -68.511463 -94.658242 -273.226378
v -65.440282 -94.157061 -270.862959
v -65.805142 -95.459796 -269.392413
v -68.576181 -95.864631 -272.163701
v -70.470172 -96.929250 -273.836894
v -70.103997 -95.502357 -275.158410
v -71.689140 -95.357139 -276.369800
v -71.093201 -93.876732 -275.086748
v -71.902401 -94.851039 -272.254649
v -75.564138 -94.717801 -274.352098
v -73.283728 -93.473794 -276.940961
v -73.893629 -95.163797 -277.827300
v -72.602740 -97.092490 -275.341031
v -74.512319 -96.900982 -276.744583
v -45.822442 -86.460969 -241.186515
v -44.655948 -85.843432 -234.847187
v -99.807117 -100.376269 -225.735025
v -100.325678 -101.225743 -235.322762
v -84.149033 -99.905451 -235.429713
v -83.585393 -98.406952 -226.593536
v -61.903991 -94.584861 -228.470386
v -62.816318 -96.489726 -236.919908
v -75.803229 -99.016739 -226.810944
v -76.661348 -99.269797 -235.540345
v -80.257818 -93.257027 -276.756263
v -74.585486 -91.543545 -278.559939
v -76.017005 -92.947030 -278.069115
v -78.571737 -91.532507 -278.069256
v -78.241003 -90.387473 -279.033449
v -81.830706 -90.656725 -278.983800
v -82.595734 -91.457491 -278.004159
v -84.866518 -92.267860 -277.279686
v -84.940857 -91.134559 -280.075502
v -75.434160 -92.185216 -279.131562
v -78.396036 -90.860379 -279.610179
v -81.937373 -91.284941 -279.872890
v -84.487792 -91.351547 -280.891516
v -86.788820 -90.194514 -282.836816
v -86.860325 -89.741078 -282.249483
v -89.515098 -90.286781 -284.190780
v -89.770919 -89.779467 -283.957077
v -92.620778 -89.854591 -285.633117
v -92.662310 -89.461874 -285.341633
v -95.750058 -90.050398 -286.035969
v -95.776644 -89.579162 -285.737806
v -98.705094 -90.442044 -286.065938
v -98.697435 -90.077832 -285.706268
v -101.961527 -92.638842 -285.948289
v -102.159659 -92.325003 -285.776771
v -103.201013 -95.073004 -283.704075
v -103.240925 -94.511081 -283.093488
v -104.391150 -97.561827 -279.580732
v -104.797346 -95.808821 -279.735647
v -105.389564 -98.629232 -275.550379
v -103.156042 -93.596721 -279.082271
v -101.381169 -94.174704 -280.949854
v -99.656348 -93.191939 -282.986884
v -97.651669 -92.322895 -283.238384
v -95.144956 -91.868082 -283.142325
v -92.539615 -91.381830 -282.957854
v -90.180228 -91.844998 -280.099195
v -98.704345 -93.860117 -278.777814
v -95.567484 -93.081675 -279.514022
v -47.558751 -89.996940 -250.304398
v -49.240874 -93.647284 -256.077053
v -51.818224 -95.814719 -260.449929
v -55.087484 -96.578167 -262.342486
v -59.465034 -96.874446 -265.009232
v -63.314190 -96.495574 -266.260801
v -66.586136 -96.735219 -268.100907
v -68.510942 -97.704961 -271.028248
v -71.602186 -97.995254 -271.179041
v -74.358584 -97.767360 -271.752596
v -76.554006 -97.929858 -274.021832
v -100.026432 -102.159926 -246.266359
v -99.403122 -102.416675 -258.123101
v -103.100173 -100.831646 -267.382539
v -103.093347 -99.581345 -274.860928
v -102.725383 -98.207560 -279.129390
v -100.926846 -95.352092 -283.355929
v -99.781283 -93.695554 -284.837433
v -75.848543 -95.452511 -279.015756
v -77.350976 -94.219696 -279.682434
v -79.735026 -93.387760 -280.168842
v -82.194608 -93.521553 -280.612168
v -84.693154 -93.154640 -281.322540
v -87.208003 -92.275173 -282.517007
v -90.060556 -92.274569 -283.619141
v -92.866845 -92.140517 -284.529209
v -95.969404 -92.027272 -285.149795
v -98.525405 -92.526891 -285.313277
v -76.475249 -96.902279 -278.045178
v -77.869518 -97.900358 -275.846519
v -78.601462 -96.526219 -279.215909
v -81.086516 -95.962558 -279.784836
v -83.258799 -95.364732 -280.233251
v -85.683905 -94.632795 -280.697460
v -88.166161 -94.305205 -281.368171
v -91.015392 -94.050978 -282.654940
v -93.696314 -94.220115 -283.223285
v -96.649804 -94.036955 -283.954320
v -79.731194 -97.855867 -276.524675
v -82.302998 -97.325587 -277.338397
v -84.929208 -97.016805 -277.177154
v -86.812315 -95.912420 -278.099020
v -89.602551 -95.771218 -278.481956
v -92.151162 -95.821153 -279.802281
v -94.288436 -95.922028 -280.532844
v -97.289953 -95.659348 -281.965254
v -68.914035 -95.930552 -227.551585
v -69.784606 -96.955312 -236.194321
v -70.440004 -98.444348 -244.457423
v -63.356157 -98.072671 -245.350746
v -77.561879 -98.898945 -243.781189
v -84.397189 -101.218684 -243.842524
v -92.117942 -99.376412 -235.789159
v -91.672316 -99.128250 -226.317000
v -92.028862 -99.946773 -245.871490
v -55.143217 -93.355928 -229.742994
v -56.943387 -93.756465 -237.943311
v -49.540227 -89.893151 -231.996248
v -51.513721 -90.382437 -239.648701
v -52.725493 -92.631901 -247.218773
v -58.035780 -95.819341 -245.221280
v -93.959966 -101.490543 -252.905450
v -90.309889 -100.960462 -254.861323
v -88.893390 -100.759789 -250.351144
v -85.412694 -101.005025 -256.187444
v -84.287414 -100.641947 -250.379111
v -98.528676 -100.011215 -268.699176
v -96.973759 -100.664038 -264.040511
v -92.989494 -100.631633 -265.268072
v -92.496943 -101.306115 -260.057433
v -99.007071 -97.601613 -279.018845
v -98.806698 -99.160015 -274.657223
v -95.333058 -97.142254 -277.836830
v -94.281664 -98.536493 -274.679049
v -89.506954 -98.094886 -275.340265
v -93.652777 -99.691358 -270.131025
v -89.051660 -98.852088 -271.422192
v -84.377979 -98.287313 -273.530479
v -87.993394 -101.845513 -267.494244
v -83.619462 -98.522699 -268.940682
v -86.918537 -101.714241 -261.886728
v -79.162092 -98.423784 -271.702459
v -81.815445 -99.431630 -263.810789
v -80.008002 -100.092088 -257.657165
v -78.279869 -99.631358 -251.070971
v -54.249197 -94.690173 -253.002074
v -55.479448 -95.415768 -257.569722
v -59.722762 -97.889433 -250.483192
v -60.498990 -98.143667 -256.768119
v -57.616477 -95.895186 -260.397118
v -61.534554 -96.706223 -260.971752
v -65.397739 -98.149138 -263.123069
v -69.876654 -97.987410 -265.926949
v -76.185627 -98.545333 -266.687791
v -74.488812 -99.121576 -259.447588
v -71.173084 -99.249044 -252.477729
v -70.368495 -98.097300 -260.858599
v -66.416057 -98.511384 -257.166157
v -64.088787 -99.201649 -252.669724
v -66.216580 -99.216609 -250.134338
v -75.068189 -98.457902 -217.778372
v -83.105158 -97.767834 -217.461729
v -74.211032 -97.882456 -208.385660
v -82.641389 -97.093999 -208.001555
v -73.119008 -98.362072 -198.639979
v -81.747604 -95.839387 -197.257954
v -91.087979 -99.019075 -217.406442
v -91.529285 -98.579770 -208.714117
v -91.550767 -96.629202 -196.198656
v -98.141135 -99.841548 -217.208096
v -97.692901 -99.812421 -208.690235
v -97.165451 -97.233940 -196.933492
v -102.456525 -97.181086 -217.676649
v -101.053703 -95.763883 -209.050470
v -100.889392 -94.176996 -199.105919
v -103.685018 -94.472190 -218.362657
v -102.695849 -92.660898 -209.822222
v -101.626208 -90.567200 -200.234368
v -67.716074 -95.710501 -218.532480
v -66.370754 -95.394055 -209.216318
v -64.386710 -95.350698 -199.536256
v -60.626308 -93.650466 -219.536513
v -59.322259 -92.651978 -210.355273
v -58.362341 -90.536251 -201.100622
v -53.726476 -91.846166 -220.701067
v -52.353854 -90.481856 -211.500220
v -50.952315 -88.970981 -202.735809
v -43.970259 -88.358062 -204.257309
v -45.205478 -88.736278 -212.152268
v -47.612969 -88.705388 -222.055735
v -37.090294 -88.344809 -205.754720
v -39.564345 -87.692411 -212.656378
v -42.926490 -86.232161 -223.557694
v -40.090552 -81.655822 -230.422002
v -41.839681 -83.693025 -231.028470
v -37.764715 -82.735473 -226.781581
v -38.407358 -84.085743 -224.623046
v -40.422753 -81.267652 -230.269361
v -38.695762 -82.467156 -226.773871
v -38.269175 -83.676371 -224.622914
v -38.010819 -84.680484 -221.523796
v -38.046388 -85.135160 -221.764784
v -37.775836 -85.630608 -218.509178
v -37.687964 -85.936972 -218.613377
v -40.566766 -85.915226 -221.058135
v -39.675571 -86.423647 -218.192443
v -36.053701 -86.986504 -213.842394
v -36.242426 -86.373633 -213.752197
v -33.450939 -87.837457 -206.577876
v -35.391137 -86.706616 -206.488012
v -100.254496 -89.380361 -211.181441
v -99.271554 -87.525164 -201.526643
v -101.307843 -91.126067 -220.079393
v -93.291392 -88.312426 -220.976128
v -92.821591 -86.432715 -212.399328
v -92.570510 -85.011190 -203.213072
v -85.349576 -85.276369 -222.302020
v -85.003948 -84.326636 -213.177261
v -84.655638 -82.588359 -203.920292
v -74.816054 -85.474571 -223.650028
v -75.490473 -83.341291 -213.760848
v -74.832516 -80.989090 -204.403515
v -38.418189 -85.975867 -206.291160
v -39.606410 -86.026279 -212.552318
v -40.730392 -85.592128 -216.540223
v -41.048178 -84.851376 -219.878438
v -41.610988 -84.485628 -222.682269
v -42.177239 -83.693513 -225.282665
v -42.926280 -81.910147 -230.494984
v -48.452582 -85.211877 -226.528282
v -56.052806 -88.185288 -226.798755
v -56.179330 -87.383188 -220.382579
v -47.613930 -85.386429 -221.036321
v -70.177110 -88.366583 -227.982738
v -64.032050 -89.499310 -227.039665
v -46.000176 -85.724878 -214.234858
v -46.412355 -85.133691 -205.664065
v -55.916196 -86.098275 -213.092793
v -55.621044 -84.498385 -204.721597
v -65.556277 -84.954229 -213.089635
v -65.298568 -87.416420 -220.908590
v -65.108690 -82.949541 -204.303248
v -96.442579 -95.495872 -186.166371
v -98.527461 -92.157932 -187.101283
v -91.547109 -94.962486 -186.148687
v -80.472832 -95.767758 -186.407842
v -71.994505 -99.039590 -188.884792
v -62.901479 -95.822410 -188.860298
v -56.224981 -90.541919 -191.634137
v -49.289301 -87.258614 -193.912204
v -42.232725 -87.218321 -195.476863
v -36.006671 -87.621622 -196.760835
v -31.422710 -87.011614 -198.072163
v -32.522023 -85.981144 -198.111881
v -31.582656 -83.707574 -190.653204
v -31.516802 -84.720174 -190.806173
v -30.492827 -80.622608 -183.158186
v -30.061079 -81.902643 -182.677544
v -27.563457 -80.137855 -178.280573
v -27.878154 -81.175116 -177.776754
v -25.845237 -76.890705 -171.734197
v -26.159522 -78.178580 -171.201339
v -23.802610 -74.084145 -165.158161
v -24.450760 -75.343804 -164.340364
v -20.764129 -72.000253 -157.106954
v -21.555921 -73.434627 -155.932215
v -18.070982 -70.198425 -150.631105
v -19.043417 -70.822917 -149.973283
v -37.153293 -84.260291 -197.477416
v -37.106181 -82.213452 -189.739657
v -35.611553 -79.471595 -182.477931
v -32.755991 -76.831487 -177.031254
v -31.290893 -74.311371 -171.150261
v -27.988368 -71.259041 -165.357590
v -21.712332 -69.175749 -158.213950
v -19.379666 -66.976223 -153.004993
v -35.763550 -85.215367 -189.065631
v -34.678838 -82.754058 -181.436677
v -33.129511 -80.434681 -175.672748
v -31.340521 -77.569001 -169.477474
v -29.752534 -73.800076 -163.283418
v -25.086397 -69.810488 -149.146166
v -27.310227 -70.751350 -156.258844
v -40.639769 -86.435507 -187.454359
v -38.805754 -85.643395 -179.956288
v -36.976419 -83.853705 -173.314160
v -35.940659 -80.400793 -167.038312
v -34.547889 -77.568380 -160.679041
v -34.168687 -73.442469 -154.290566
v -30.708093 -72.582650 -147.482613
v -47.063063 -86.596718 -185.566848
v -44.421640 -87.036480 -178.032805
v -42.207976 -85.922608 -171.129405
v -39.754547 -84.871585 -164.552046
v -36.193728 -83.490522 -157.906008
v -36.315393 -79.651324 -151.686952
v -35.187475 -77.128397 -145.699710
v -53.106138 -90.119834 -183.276855
v -50.288904 -89.297725 -175.663013
v -47.939398 -88.088168 -168.658395
v -45.158222 -87.231310 -161.920712
v -41.906247 -87.589452 -155.120022
v -41.337242 -83.381866 -149.042339
v -40.772128 -79.647472 -143.474801
v -47.389779 -85.513228 -146.993865
v -47.515184 -89.990327 -152.536337
v -46.820768 -81.484743 -141.232067
v -58.225870 -94.951321 -180.807124
v -55.129077 -93.782927 -173.154114
v -52.687459 -92.405923 -166.134783
v -50.473063 -90.761533 -159.317414
v -65.174719 -98.120726 -182.818891
v -70.079930 -99.538684 -181.816782
v -62.778816 -98.633224 -177.943727
v -59.682094 -98.139087 -170.581099
v -57.266122 -97.113410 -163.720252
v -55.145008 -95.193561 -156.608002
v -53.177433 -92.844898 -149.872535
v -52.946856 -88.499590 -144.262070
v -52.677623 -84.236804 -138.771558
v -68.311897 -100.069324 -175.997912
v -65.485014 -100.535621 -168.729600
v -63.092161 -100.413251 -161.725018
v -60.618981 -99.617965 -154.178128
v -58.347989 -97.265662 -146.768263
v -57.366459 -93.015675 -140.714729
v -57.328870 -88.608971 -135.441291
v -73.716050 -97.388579 -174.994748
v -74.864272 -97.718264 -181.035975
v -80.076010 -93.900319 -175.572947
v -64.642517 -90.345109 -140.418837
v -63.744730 -86.105984 -134.178281
v -66.382502 -94.924681 -146.053223
v -67.633382 -96.356353 -153.299125
v -69.522662 -97.223087 -160.587615
v -71.385326 -97.555812 -167.589941
v -70.643524 -85.910260 -141.465907
v -69.012473 -81.138347 -135.181371
v -72.829913 -90.171723 -146.559413
v -74.779827 -92.999650 -152.464923
v -75.939360 -92.552056 -159.680856
v -78.045380 -93.268509 -167.169853
v -96.024237 -92.876197 -172.394412
v -98.067533 -88.944119 -173.386513
v -83.667614 -74.825969 -134.413232
v -86.570042 -81.485230 -140.707940
v -76.232372 -78.391856 -134.182065
v -78.393450 -83.239598 -140.683082
v -89.858389 -76.413474 -143.778614
v -85.662620 -68.546569 -137.701290
v -95.664295 -83.855346 -155.549817
v -94.472442 -88.010202 -154.688257
v -90.397608 -93.366019 -173.597193
v -95.983509 -90.500392 -162.681626
v -97.271420 -86.396017 -163.778019
v -91.712494 -78.701693 -146.745178
v -88.870836 -83.439055 -144.831244
v -91.393324 -85.487025 -149.225128
v -93.482192 -81.006123 -150.678563
v -80.720708 -87.274756 -145.491527
v -82.808510 -89.689397 -151.033127
v -84.662411 -90.527232 -157.663427
v -86.797277 -91.657643 -164.943463
v -88.958223 -71.886897 -145.470418
v -85.578978 -65.814194 -140.267638
v -91.204852 -75.360984 -148.507164
v -92.826305 -77.375118 -151.958419
v -94.397480 -79.480807 -156.476625
v -97.150463 -82.277470 -164.044817
v -98.195961 -84.597343 -174.637468
v -98.399586 -87.992364 -188.940030
v -94.720536 -85.085522 -189.521127
v -93.401197 -81.481224 -175.851171
v -93.320654 -79.346634 -166.177709
v -91.922151 -76.406115 -159.710297
v -90.382466 -74.289262 -155.476852
v -88.596775 -71.823732 -151.717246
v -86.549098 -68.332669 -148.291387
v -84.208440 -62.563713 -142.760418
v -89.364196 -82.418994 -190.812895
v -82.186454 -80.309319 -192.408472
v -73.362996 -77.606661 -194.433725
v -63.831905 -80.246394 -195.184358
v -54.789268 -83.297366 -195.679376
v -45.720052 -83.680794 -196.762635
v -86.018303 -79.976999 -178.807929
v -79.728684 -78.643779 -181.460840
v -71.685633 -76.543783 -184.270798
v -62.454077 -78.052878 -186.046901
v -53.503897 -81.064605 -187.020155
v -44.563398 -81.561373 -188.422796
v -80.845010 -64.438244 -152.213101
v -79.481380 -59.023536 -148.014293
v -82.022318 -68.933472 -155.545754
v -83.442941 -72.363442 -159.263311
v -85.003911 -74.664744 -163.959336
v -86.049970 -76.797643 -170.095397
v -72.739428 -57.047233 -152.261376
v -73.933529 -62.396674 -155.652416
v -74.733422 -67.304638 -158.849285
v -75.820343 -71.207066 -162.551765
v -77.218495 -74.016546 -167.245984
v -78.564019 -76.656080 -172.978955
v -63.675999 -57.863893 -154.049368
v -65.398733 -62.276759 -158.145188
v -66.408536 -67.016871 -161.339804
v -67.519122 -71.460061 -164.677769
v -68.968955 -74.278383 -169.593147
v -70.396215 -75.824814 -175.686921
v -53.890724 -58.586634 -156.241230
v -55.774784 -63.748799 -158.969562
v -57.332155 -67.990442 -162.702327
v -58.833726 -72.019251 -166.496219
v -60.149870 -75.368669 -171.251849
v -61.291276 -77.029807 -177.755635
v -43.316524 -59.436443 -158.324446
v -45.477734 -64.512454 -160.831529
v -47.819682 -69.117441 -163.982565
v -49.479339 -73.453198 -167.727400
v -50.828028 -75.858479 -173.189203
v -52.010407 -78.062822 -179.337581
v -31.599020 -62.074776 -156.236879
v -34.440159 -67.231130 -159.267372
v -37.685030 -71.290560 -163.981620
v -40.012715 -74.551774 -169.126085
v -41.637357 -76.235611 -175.096141
v -43.041967 -78.779229 -180.997658
v -78.905966 -66.796147 -128.502922
v -82.741533 -62.544682 -129.977487
v -75.833963 -59.592976 -122.077893
v -79.787084 -55.467432 -124.170630
v -73.934400 -54.367793 -116.963364
v -77.136433 -49.791459 -119.850232
v -80.781355 -51.182104 -128.386463
v -78.018540 -45.097082 -124.373553
v -83.279916 -58.659875 -133.306388
v -79.134636 -47.640832 -133.433339
v -76.367426 -41.135669 -129.829365
v -82.256176 -55.512030 -137.327798
v -15.283545 -64.857300 -148.439112
v -14.162069 -68.030813 -146.812469
v -9.715251 -61.938004 -144.885644
v -9.636737 -65.065284 -142.006642
v -4.158812 -57.132228 -141.371889
v -4.282614 -61.430298 -137.755539
v -15.770925 -69.869242 -145.154103
v -11.833420 -67.771604 -139.914510
v -6.570883 -65.431757 -135.077203
v -20.683243 -62.041632 -153.183263
v -15.739677 -58.402908 -150.817540
v -9.971824 -56.655111 -147.950176
v -4.986098 -52.228347 -145.263262
v -25.141790 -60.122924 -154.758034
v -77.868523 -52.398873 -143.345444
v -70.577867 -51.709253 -147.808409
v -61.752559 -52.518866 -150.561428
v -52.427841 -52.703944 -154.417457
v -42.105735 -53.809952 -156.298341
v -31.632521 -55.098693 -155.675209
v -23.740384 -55.748562 -154.293534
v -20.883637 -71.565566 -143.426822
v -16.728465 -71.089711 -136.902551
v -9.850673 -69.925739 -132.088153
v -70.543273 -60.149364 -115.582570
v -71.524572 -65.065427 -121.702380
v -73.220661 -71.065279 -128.411517
v -63.791821 -80.834795 -126.225931
v -67.934370 -75.551454 -127.808821
v -62.471696 -74.912803 -120.305577
v -67.480997 -70.321282 -120.896166
v -66.306759 -65.376839 -115.299213
v -60.981829 -69.193029 -116.153672
v -56.244799 -75.847150 -122.962981
v -55.036242 -70.902245 -118.546259
v -57.290812 -81.801899 -128.047095
v -48.350102 -72.948956 -120.300989
v -50.277842 -75.911607 -125.775404
v -52.222201 -79.038087 -131.678606
v -14.096249 -72.169627 -128.322184
v -16.921356 -73.994619 -132.463919
v -21.818412 -75.441778 -130.978406
v -23.674393 -74.897329 -136.461994
v -27.869106 -76.846030 -128.821436
v -30.356034 -76.527542 -134.325075
v -26.870941 -73.918861 -141.976534
v -32.938672 -76.194501 -139.866158
v -45.496600 -78.667946 -134.617116
v -38.976710 -78.390154 -137.282897
v -43.421461 -76.879640 -128.346393
v -36.861707 -77.629049 -131.456893
v -40.851857 -75.939567 -121.817666
v -34.268426 -77.281716 -125.897944
v -14.639214 -51.889220 -152.706671
v -21.847669 -49.971914 -155.093096
v -11.982832 -45.594598 -152.765465
v -19.724267 -43.301286 -154.783615
v -10.287559 -52.509170 -150.197415
v -7.323913 -48.245585 -148.773645
v -75.168395 -45.211451 -138.945127
v -72.393072 -38.606106 -135.309395
v -68.672208 -45.066521 -144.236110
v -66.756010 -37.958834 -140.827763
v -60.548318 -45.406389 -149.200603
v -59.125165 -38.191244 -146.997395
v -51.050719 -45.996553 -153.267874
v -49.395797 -38.767541 -151.856213
v -40.701385 -47.538767 -155.002737
v -39.033853 -40.549024 -153.971781
v -30.646247 -48.706819 -155.559599
v -28.751059 -41.846625 -154.899338
v -0.939399 -50.618500 -136.404186
v -1.368455 -55.747784 -132.483673
v 4.154733 -46.019672 -131.845259
v 3.157721 -52.175892 -127.350346
v -1.884927 -45.964996 -140.820116
v 3.037735 -40.563828 -137.177193
v -4.888385 -42.131166 -144.919996
v -0.289190 -35.574788 -141.977972
v -9.340934 -38.729538 -149.739175
v -6.529877 -31.554745 -146.120359
v -16.780920 -35.383685 -153.446928
v -15.377152 -28.188341 -148.365380
v -2.654511 -61.458531 -129.318294
v 0.256448 -57.835376 -123.351061
v -4.886679 -67.695292 -126.012025
v -2.803132 -63.764742 -119.828656
v -11.101044 -70.081740 -122.956009
v -8.884915 -67.265758 -117.192677
v -26.259267 -33.898487 -152.724803
v -24.355399 -26.614992 -149.851936
v -35.971286 -32.094047 -152.288562
v -33.507230 -24.362413 -149.551599
v -46.641160 -30.063758 -150.125290
v -43.623651 -22.246341 -147.755817
v -56.717531 -29.549560 -145.220138
v -53.229379 -21.272052 -143.867226
v -65.383606 -29.434610 -138.658917
v -61.906954 -21.084219 -138.648689
v -71.091057 -31.154048 -132.566173
v -69.511448 -21.985072 -131.896947
v -74.782444 -34.071685 -126.171589
v -75.439652 -24.671384 -123.077381
v -76.291468 -38.887270 -119.623909
v -79.344447 -31.926283 -112.179954
v -75.846635 -44.873178 -115.066074
v -77.825809 -40.664210 -108.516219
v -73.563375 -50.758882 -111.626145
v -75.378846 -48.253319 -104.369547
v -19.613128 -73.693779 -126.057707
v -17.047606 -72.377547 -120.750193
v -15.212963 -70.666453 -114.921750
v -69.863473 -56.944317 -110.444802
v -69.806872 -55.426214 -104.341088
v -65.307454 -61.946565 -110.466690
v -64.306112 -60.579910 -104.992029
v -60.099748 -65.438907 -111.475665
v -53.851270 -68.182472 -113.198431
v -58.848212 -64.629863 -106.056225
v -53.659101 -68.204876 -107.710645
v -47.575898 -71.656343 -114.627951
v -46.402663 -71.767053 -109.525609
v -41.458437 -74.379833 -115.803833
v -41.393802 -73.036634 -111.646277
v -35.995288 -75.824047 -119.810848
v -35.834517 -74.358846 -116.101265
v -31.569252 -75.460543 -121.881345
v -30.234031 -74.073734 -117.582449
v -25.756435 -74.614884 -124.061604
v -23.960451 -73.499574 -119.025652
v -22.511940 -72.873309 -113.110219
v -29.941719 -73.262213 -111.862794
v -36.675647 -73.168456 -111.276806
v -86.336517 -36.414606 -96.498718
v -85.459909 -30.705712 -102.000489
v -81.723868 -45.039858 -94.732763
v -16.556152 -76.950814 -91.243710
v -3.738792 -71.667949 -96.133092
v -30.790413 -76.423004 -89.574123
v 35.416316 -32.498287 -110.406161
v 27.693090 -25.876018 -116.410093
v 28.729608 -41.455582 -109.785771
v -19.119251 17.325341 -127.907785
v -29.780359 10.728365 -130.629030
v -9.806051 9.499998 -129.223627
v -81.363726 -38.579467 -102.702143
v -79.552393 -43.886770 -100.521381
v -82.027143 -33.624524 -105.576058
v -66.144129 -11.130578 -131.592662
v -58.627854 -2.613557 -131.441125
v -57.521603 -11.691099 -137.724119
v -50.318307 3.744351 -130.454961
v -49.113130 -2.519818 -134.503818
v -38.423036 3.884658 -132.699357
v -42.790251 8.259308 -129.747765
v -47.897586 -13.385440 -141.690426
v -38.660342 -15.680315 -144.368904
v 20.743799 -38.252683 -121.274058
v 18.880987 -50.221391 -105.305297
v 5.810767 -60.901866 -103.639588
v 13.967371 -48.535424 -115.237030
v 7.845430 -54.833500 -112.007044
v 17.822686 -16.313728 -127.377114
v 0.979327 -4.613908 -132.003056
v 14.264231 -28.267950 -129.852321
v -40.492957 -6.521527 -138.599939
v -32.211401 -9.846626 -141.564954
v -29.450505 -18.199480 -146.239920
v -22.870472 -13.312518 -142.411067
v -31.830389 -1.044920 -136.047574
v -21.700948 3.397976 -133.568375
v -26.539956 -5.420853 -138.666059
v -15.345335 -5.948365 -137.690116
v 7.869627 -35.109160 -132.879172
v 10.535394 -42.241471 -126.908220
v 7.350376 -23.362911 -135.053997
v 10.163700 -17.415401 -133.089067
v 4.077454 -13.177541 -134.806940
v 0.613682 -17.908650 -138.448412
v -6.789362 -11.529775 -138.935861
v 3.098681 -29.492283 -137.770582
v -3.498674 -24.294499 -142.282856
v -22.748327 -21.453100 -146.449253
v -14.367803 -19.730217 -143.530185
v 8.148087 -49.725077 -121.784325
v 4.202412 -55.830917 -117.456588
v -41.641660 -74.324747 -90.097088
v -0.338329 -60.899346 -112.877727
v -3.294921 -65.981489 -105.882163
v -6.355976 -65.727014 -111.016839
v -9.761932 -70.677287 -102.591387
v -13.096311 -69.997469 -108.774778
v -19.419544 -74.270465 -99.672220
v -30.465193 -74.416068 -97.783750
v -21.334634 -72.888910 -106.670334
v -30.665831 -73.429676 -105.248352
v -40.904769 -72.909229 -96.637513
v -50.637854 -70.597436 -94.042950
v -41.067390 -72.194717 -104.816846
v -50.949631 -69.568126 -101.709942
v -76.228537 -50.835223 -97.017800
v -77.184278 -53.084476 -91.157731
v -70.823313 -59.377827 -91.544237
v -70.166741 -56.774876 -97.911029
v -58.709677 -68.887033 -88.962578
v -57.892173 -67.431422 -94.093174
v -64.302286 -63.496703 -93.257497
v -64.541585 -65.291493 -88.550579
v -58.225569 -66.254278 -100.257304
v -64.181906 -61.749086 -99.047918
v 422.442442 -67.858554 -97.261719
v 418.304050 -64.392056 -102.665428
v 412.622274 -64.006215 -100.420948
v 418.551782 -67.546434 -95.355565
v 425.206455 -69.368121 -92.007724
v 420.951271 -68.975754 -89.698664
v 426.537933 -71.292715 -89.218669
v 422.271101 -70.730373 -86.703588
v 430.205214 -72.855000 -82.177049
v 425.983755 -72.200982 -79.623297
v 432.070716 -74.387655 -78.393480
v 427.998507 -73.323892 -75.767935
v 434.348215 -75.095560 -74.169465
v 430.264485 -74.258945 -71.680339
v 436.192439 -77.694828 -70.077112
v 432.219948 -76.560318 -67.547508
v 434.795425 -77.633400 -62.804381
v 438.983933 -78.414100 -65.354277
v 436.573948 -81.275654 -57.937171
v 441.359474 -81.464220 -60.327081
v 415.907864 -64.327101 -108.512009
v 411.400798 -64.471355 -105.847733
v 427.202635 -80.734332 64.980096
v 424.443512 -81.828246 72.076615
v 428.356059 -83.162717 74.109198
v 431.185253 -82.237053 67.119416
v 432.159326 -83.005792 62.987205
v 428.239842 -81.376824 61.001482
v 433.879312 -82.677873 58.877750
v 429.946728 -81.044999 56.961353
v 435.628687 -83.910563 54.526612
v 431.299795 -82.540436 52.887197
v 422.717639 -80.717177 79.516237
v 426.736071 -82.156184 81.221587
v 426.402261 -83.062411 85.568816
v 421.629196 -81.256286 83.503131
v 425.030513 -81.049581 89.804195
v 420.773708 -79.692724 87.559972
v 420.799365 -80.102493 106.271965
v 422.279585 -80.131572 98.110888
v 418.255246 -78.895798 95.890501
v 416.324909 -78.846560 103.679854
v 423.291103 -81.046341 93.890282
v 419.371798 -79.527724 91.709271
v 449.155918 -81.408558 -64.679991
v 446.189456 -79.570296 -69.615685
v 444.283158 -79.353657 -74.868571
v 442.614212 -76.580415 -79.107615
v 440.598695 -75.797076 -83.586186
v 438.798597 -73.598582 -87.280213
v 435.451637 -71.267831 -94.138928
v 434.051913 -69.260608 -96.717404
v 431.006024 -68.657690 -101.739399
v 427.799348 -65.267867 -106.996302
v 425.340893 -64.102277 -112.483060
v 453.442179 -81.870413 -68.962229
v 451.006488 -80.379005 -72.892879
v 450.031639 -78.682178 -77.225674
v 448.019450 -76.353979 -81.589593
v 445.708280 -75.528221 -86.185745
v 443.810860 -72.816540 -89.819723
v 440.443658 -70.746137 -96.541676
v 439.123732 -68.640761 -99.265066
v 435.680659 -69.101217 -104.246699
v 432.885408 -65.422374 -109.307119
v 432.383774 -63.985072 -115.555133
v 437.092680 -82.157953 -57.361287
v 441.956949 -82.440836 -59.286465
v 450.046081 -82.740028 -63.773036
v 453.954733 -82.320510 -68.207028
v 437.220417 -82.904343 -57.460703
v 442.326247 -83.370333 -59.109412
v 450.174715 -83.403579 -63.807787
v 454.042860 -83.221306 -67.709555
v 453.399986 -83.650453 -68.553192
v 449.604841 -83.869533 -64.887587
v 441.633309 -84.110101 -60.585106
v 436.172052 -83.628188 -59.653694
v 439.350403 -83.015653 -65.941917
v 434.364884 -82.984814 -64.159641
v 447.004905 -83.122224 -69.739495
v 451.759329 -82.738360 -71.419267
v 424.530158 -64.427039 -114.262772
v 431.515316 -64.389300 -117.243293
v 415.123450 -64.965651 -109.762921
v 410.602312 -65.171075 -106.985835
v 424.222221 -65.244139 -114.973926
v 431.332060 -65.058634 -117.474405
v 415.024764 -65.505476 -110.018477
v 410.328584 -66.004392 -107.335614
v 424.866264 -66.437082 -113.832904
v 431.319423 -66.276549 -115.848251
v 415.610652 -66.303622 -108.951475
v 411.201333 -66.736667 -106.024951
v 426.506458 -68.489877 -111.076792
v 432.226319 -67.796420 -113.423153
v 417.628060 -67.322374 -105.865341
v 413.017871 -67.416348 -103.378327
v 430.172528 -70.077364 -105.160291
v 435.580003 -69.267675 -108.103084
v 421.057381 -69.310297 -99.797260
v 416.555312 -69.419574 -97.411316
v 431.871776 -71.266868 -101.884638
v 437.122258 -71.038023 -104.809887
v 422.746102 -70.958120 -96.700678
v 418.245042 -71.251486 -94.426144
v 426.350422 -73.256271 -89.721413
v 421.922904 -73.277445 -87.381984
v 435.111918 -73.184318 -94.539642
v 439.586618 -73.603284 -97.222008
v 442.750839 -77.452587 -90.061914
v 438.248313 -77.278034 -87.456845
v 429.942208 -76.869887 -82.656510
v 425.627488 -76.804513 -80.337406
v 434.277085 -79.181594 -74.654887
v 429.993575 -79.093953 -72.451149
v 442.241390 -79.893635 -79.603130
v 446.412376 -80.357594 -82.912358
v 423.701006 -75.208956 -83.974701
v 428.129207 -75.005896 -86.229022
v 436.623838 -75.270892 -91.048796
v 441.175080 -75.378351 -93.697139
v 445.057441 -80.836582 -74.899719
v 448.323735 -80.698302 -78.367253
v 436.682362 -80.888195 -70.392066
v 432.240305 -80.916089 -68.363822
v 438.442485 -63.898767 -118.755252
v 437.864404 -64.216367 -120.406558
v 437.774808 -65.516321 -111.649752
v 439.847824 -69.175739 -106.745593
v 444.627375 -68.049732 -102.155226
v 445.755677 -70.266375 -99.050352
v 449.893312 -72.007366 -92.814213
v 451.717229 -74.716481 -88.754840
v 454.525598 -75.624472 -84.261459
v 456.172113 -77.920383 -80.204512
v 454.476383 -83.047823 -70.498230
v 454.869089 -82.572434 -69.915174
v 454.830853 -81.904984 -71.638960
v 453.694935 -81.338782 -71.361303
v 452.733513 -81.101984 -73.740977
v 452.197477 -80.614405 -73.219798
v 454.130662 -82.516494 -71.992256
v 452.769067 -81.645670 -73.632349
v 451.854872 -81.867802 -73.736042
v 457.055267 -79.168412 -79.246546
v 454.479925 -78.821425 -78.569150
v 455.168368 -79.513332 -78.052819
v 452.161244 -79.011561 -77.056043
v 452.383258 -79.645093 -75.805091
v 455.351592 -79.943035 -77.913523
v 452.717118 -80.303819 -75.443283
v 457.249189 -79.667293 -79.067385
v 457.032700 -80.194240 -79.313586
v 455.128796 -80.409057 -78.325901
v 452.578862 -80.632427 -75.768002
v 437.603104 -64.817906 -120.614808
v 436.816887 -66.085196 -118.206743
v 437.551211 -67.280165 -115.765006
v 439.407428 -68.577750 -111.711574
v 439.597025 -69.174481 -109.294377
v 438.101633 -69.401749 -108.277823
v 440.394951 -69.899781 -107.591920
v 441.663879 -71.084432 -106.003757
v 438.538746 -70.078743 -106.875585
v 444.340787 -73.098314 -99.848272
v 446.211066 -74.640122 -96.320970
v 447.836578 -76.711036 -92.620060
v 452.218936 -79.086602 -85.990386
v 451.576503 -80.503557 -81.046702
v 450.307455 -80.780784 -76.422994
v 452.237408 -80.515135 -78.272720
v 454.360279 -80.288035 -79.845542
v 453.786060 -80.169152 -81.917155
v 460.776322 -77.291272 -82.609501
v 459.123639 -75.228968 -86.253195
v 460.858815 -79.383668 -80.746372
v 460.735463 -78.799454 -80.839504
v 460.557782 -79.848998 -81.382158
v 464.633675 -78.877103 -82.774605
v 464.584087 -78.286435 -82.773262
v 463.705062 -78.744476 -84.337616
v 464.162541 -76.894302 -84.225812
v 463.284052 -74.962211 -87.783477
v 469.496247 -76.814716 -87.550046
v 467.879922 -75.782508 -90.363383
v 467.325954 -77.600850 -85.131695
v 467.576701 -78.144439 -85.363686
v 469.594116 -77.456229 -87.642560
v 471.563417 -76.508457 -90.277769
v 469.977799 -76.215513 -91.774950
v 471.450946 -76.849463 -90.386882
v 470.212093 -76.664564 -91.881474
v 466.218219 -78.013957 -86.681920
v 468.190664 -77.376597 -88.717262
v 456.804649 -74.165943 -90.767841
v 461.285097 -73.940835 -92.289911
v 465.423511 -74.294657 -93.506537
v 468.254667 -75.068875 -94.409351
v 468.489681 -75.816664 -94.505101
v 454.924140 -71.796276 -95.040164
v 459.722976 -71.914030 -96.920461
v 464.048395 -72.633129 -96.788414
v 467.487665 -72.967968 -97.071516
v 467.276369 -73.662683 -97.765943
v 465.900731 -73.000231 -99.484418
v 463.654530 -72.866080 -98.868732
v 465.910990 -73.877716 -99.398803
v 463.625029 -73.620796 -101.890728
v 463.767490 -72.958035 -101.843669
v 460.374844 -73.242626 -102.954088
v 460.422146 -72.769136 -102.911471
v 458.373414 -72.205722 -105.155786
v 458.450401 -71.883898 -105.171767
v 455.923224 -71.405378 -107.180871
v 456.217440 -70.837382 -107.120617
v 452.261239 -70.368695 -109.613521
v 452.218707 -69.770054 -109.443859
v 448.032495 -70.050519 -109.442896
v 448.105135 -69.679860 -109.215552
v 445.002940 -70.092610 -108.418986
v 445.201228 -69.571039 -108.107604
v 442.535597 -69.905625 -107.971447
v 442.650121 -69.435527 -107.710301
v 441.302932 -69.522377 -108.105198
v 440.474085 -68.884134 -109.568827
v 440.549425 -68.688112 -109.364425
v 441.392002 -69.248531 -107.989689
v 441.281462 -68.668364 -110.817781
v 441.312384 -68.260098 -110.682435
v 442.480128 -68.371017 -112.276606
v 442.582472 -67.785580 -112.027424
v 443.677499 -67.778902 -113.709747
v 443.826119 -67.275181 -113.529094
v 443.693480 -67.046703 -115.270163
v 443.816288 -66.501321 -115.119093
v 443.004004 -66.081885 -116.979021
v 443.132905 -65.800580 -116.839385
v 441.858095 -65.487970 -118.835723
v 442.070014 -64.958995 -118.793216
v 440.116479 -65.044935 -120.310525
v 440.247381 -64.536440 -120.298574
v 462.001578 -72.565254 -100.442278
v 458.796321 -72.511970 -101.576073
v 456.907006 -71.214577 -103.896741
v 455.725558 -69.857602 -106.128050
v 452.558572 -68.881593 -107.891311
v 448.855460 -69.053417 -107.581747
v 414.659537 -65.335658 -97.223497
v 419.602773 -65.314525 -100.468160
v 428.782054 -66.417079 -105.326755
v 433.804463 -66.773448 -107.687884
v 439.109098 -67.182709 -110.139220
v 419.602745 -68.161510 -92.657676
v 423.753467 -68.536327 -94.812288
v 432.540090 -68.684789 -99.470025
v 437.471349 -68.554625 -102.261579
v 442.845850 -68.933283 -105.795601
v 418.096958 -66.528224 -97.318531
v 421.299789 -66.642594 -99.134550
v 429.695219 -67.777639 -103.728455
v 434.441852 -68.296260 -106.211590
v 438.959780 -68.607023 -108.448433
v 445.929304 -69.004372 -106.957452
v 441.265884 -66.839666 -112.224142
v 442.640640 -66.448015 -113.520038
v 442.648947 -65.488246 -114.909329
v 442.261634 -64.993128 -116.348715
v 441.119170 -64.432044 -117.979368
v 439.796062 -63.959155 -119.107332
v 414.095138 -63.901693 -103.179618
v 417.973665 -64.107943 -104.923567
v 426.879848 -64.434246 -108.824277
v 432.139543 -64.486081 -111.207108
v 437.109261 -64.638285 -113.638302
v 440.664214 -65.679159 -113.442167
v 440.463338 -64.587277 -115.349570
v 412.848228 -63.959784 -104.410082
v 417.066214 -63.965330 -106.734402
v 425.879610 -64.052979 -110.615712
v 431.871766 -64.033755 -113.304786
v 437.365788 -64.089242 -115.999442
v 449.217696 -68.284021 -103.948429
v 452.178208 -68.622425 -105.118816
v 456.202622 -72.241960 -100.113796
v 452.414438 -71.901314 -98.360301
v 454.124575 -70.250833 -103.231016
v 450.480677 -70.123774 -101.198837
v 424.235154 -70.767930 -83.201050
v 428.413521 -71.634517 -85.748148
v 437.004623 -72.677084 -90.902092
v 441.981667 -72.313860 -93.398871
v 447.428808 -71.897133 -96.002727
v 456.254169 -79.959469 -81.493073
v 459.457555 -79.309461 -83.530930
v 462.458717 -78.237243 -86.186969
v 464.594540 -77.664118 -88.594799
v 466.517405 -77.048299 -91.504945
v 441.270535 -68.299431 -112.724476
v 444.991382 -71.273732 -106.620928
v 447.985889 -71.139612 -106.984668
v 452.061104 -71.310723 -106.992152
v 454.630083 -71.882855 -106.097699
v 456.739130 -72.667160 -103.838798
v 461.103413 -74.259474 -99.966475
v 463.667071 -75.170334 -98.716942
v 458.216980 -73.600066 -101.510247
v 465.282559 -75.545807 -97.806505
v 466.526122 -76.016783 -96.240325
v 464.381503 -76.157827 -96.095051
v 466.658557 -76.510380 -94.750587
v 464.132632 -76.741043 -93.343774
v 420.045228 -72.326852 -90.981767
v 424.541335 -72.115764 -93.296273
v 433.359288 -72.755002 -98.336679
v 438.063508 -73.084823 -100.982755
v 442.627643 -72.605278 -102.908903
v 446.166313 -72.222723 -104.343753
v 448.534408 -72.517393 -102.122367
v 448.766029 -71.865104 -105.217114
v 451.646328 -72.156927 -103.811618
v 450.772783 -73.713433 -99.043640
v 454.328708 -73.283025 -100.623969
v 455.280801 -79.523798 -83.936245
v 457.611982 -78.771854 -85.743931
v 460.081475 -77.987851 -87.962994
v 462.207317 -77.396476 -90.397838
v 452.652019 -75.608580 -95.194526
v 457.494782 -74.797835 -97.260818
v 461.586303 -75.682342 -96.610471
v 460.696825 -76.332343 -93.838822
v 457.416901 -76.852769 -91.805254
v 459.508222 -77.043684 -91.477364
v 457.674476 -77.744943 -89.332098
v 455.796615 -78.493735 -87.180339
v 455.280006 -77.539791 -90.019194
v 441.833002 -67.810149 -114.055488
v 439.465103 -66.110968 -118.717162
v 440.175349 -66.701821 -117.302377
v 441.444809 -67.050825 -116.007349
v 442.277428 -67.332673 -115.113424
v 414.784475 -68.148666 -100.463901
v 419.254569 -68.172799 -102.862225
v 428.289097 -69.751641 -108.264153
v 433.698735 -68.585239 -110.873418
v 438.894293 -67.985736 -113.865681
v 427.727867 -78.111803 -76.515925
v 431.980237 -78.307084 -78.814958
v 440.138601 -78.693618 -83.638190
v 444.555149 -78.477939 -86.266323
v 449.675347 -77.648088 -89.089989
v 453.856302 -76.823544 -92.053792
v 457.402713 -75.991954 -93.753140
v 447.962220 -81.348026 -74.667299
v 449.222433 -82.049911 -72.928527
v 433.022163 -81.778464 -55.909218
v 432.770730 -82.514907 -56.291152
v 429.396892 -81.022684 -54.380287
v 429.034234 -81.845264 -54.888218
v 432.650585 -80.562636 -56.305289
v 428.497965 -78.997724 -55.330351
v 431.938012 -83.421273 -58.443576
v 428.026020 -82.951297 -56.615483
v 422.313953 -79.385866 -51.622628
v 421.886561 -80.268631 -52.559365
v 421.746233 -77.547293 -53.129269
v 421.015263 -81.351139 -54.054557
v 417.051335 -78.466915 -50.073774
v 416.749307 -79.364634 -50.560338
v 416.718311 -76.889852 -51.213429
v 416.029958 -80.633085 -51.833338
v 412.126112 -77.912163 -47.929736
v 411.889680 -78.636287 -48.216363
v 411.902142 -76.547658 -48.959362
v 411.433535 -79.917568 -49.133014
v 407.436116 -77.629033 -45.560811
v 407.243122 -78.425031 -45.717701
v 407.170334 -76.664020 -46.700019
v 406.796839 -79.783892 -46.650438
v 402.795323 -77.381241 -42.611722
v 402.519510 -78.316531 -42.831542
v 402.463767 -76.343425 -43.944966
v 401.954972 -79.520176 -44.024574
v 397.867877 -77.112000 -39.565969
v 397.574311 -77.824194 -39.612081
v 397.708608 -76.143098 -40.605729
v 397.108306 -79.031305 -40.569826
v 389.808561 -76.718167 -34.111866
v 389.680367 -77.226996 -34.114658
v 389.694885 -76.269658 -34.947169
v 389.132643 -78.063612 -35.221561
v 386.509082 -75.983775 -31.708258
v 386.230458 -76.568058 -31.899470
v 386.369064 -75.308284 -32.651247
v 385.690296 -77.439346 -32.984790
v 380.028323 -76.546470 -27.044584
v 379.747255 -76.955094 -27.322667
v 379.941182 -75.738226 -26.901438
v 379.091272 -77.113606 -28.472624
v 377.136272 -78.448465 -25.428386
v 377.043620 -78.670991 -26.164107
v 375.949537 -78.038760 -28.294456
v 377.094649 -77.512156 -24.551103
v 374.096269 -80.641899 -24.403158
v 373.896962 -80.501101 -25.326654
v 372.190168 -78.589441 -28.715411
v 373.948443 -79.675769 -23.362417
v 370.947364 -80.756231 -23.035426
v 370.487835 -80.882034 -23.515793
v 371.226588 -79.304637 -22.468461
v 370.031192 -79.160646 -26.031284
v 367.241132 -81.691757 -21.956410
v 367.326688 -81.559772 -23.120661
v 363.625468 -83.802485 -24.440464
v 363.954939 -83.301197 -25.689869
v 367.326112 -79.130580 -25.750502
v 365.292959 -79.948806 -28.937577
v 367.748899 -79.725374 -21.115048
v 362.734637 -82.626333 -22.803941
v 360.194328 -83.083499 -25.979286
v 359.409059 -82.040954 -29.321816
v 357.428294 -80.662976 -22.154221
v 355.634730 -82.035071 -24.181691
v 354.195755 -81.706399 -28.126192
v 350.387005 -81.715045 -19.357851
v 348.788099 -82.396473 -21.891624
v 348.062235 -80.944723 -27.269971
v 406.508051 -66.162650 -105.302843
v 406.780839 -65.119144 -104.783508
v 407.354941 -66.946673 -103.759930
v 407.687806 -64.434852 -103.531024
v 402.394547 -66.262549 -103.355713
v 402.811376 -65.373775 -102.579806
v 403.146796 -67.433747 -101.934466
v 403.517966 -64.659863 -101.203477
v 397.450918 -66.205823 -100.784767
v 397.832783 -65.345384 -99.988208
v 397.941933 -67.976782 -99.836720
v 398.719868 -64.789152 -98.514968
v 393.487868 -66.193600 -98.493926
v 393.891611 -65.474710 -97.713908
v 393.798941 -68.015978 -97.851372
v 394.540625 -64.971189 -96.182665
v 389.451450 -66.093881 -96.201270
v 389.670521 -65.498594 -95.720847
v 389.580161 -67.809023 -95.826099
v 390.300958 -64.857306 -94.122203
v 384.902463 -65.884692 -94.240334
v 385.137521 -65.097844 -93.878979
v 385.074114 -67.699966 -93.752257
v 385.800837 -64.342865 -92.156648
v 379.866703 -65.919706 -91.901378
v 380.137273 -64.425694 -91.438788
v 380.132155 -68.026545 -90.919602
v 380.821915 -63.134687 -89.853456
v 374.011479 -65.885536 -88.713913
v 374.415735 -64.150705 -87.903413
v 374.262497 -68.251959 -87.295466
v 375.186093 -63.104430 -86.295979
v 375.237876 -70.369189 -84.720835
v 380.931827 -70.614908 -88.610985
v 385.898702 -70.578246 -91.328802
v 390.498578 -69.846340 -93.396583
v 394.994225 -69.259132 -95.157138
v 399.436854 -68.585605 -97.073575
v 404.348584 -68.053269 -99.239655
v 408.718611 -67.638193 -101.216506
v 429.846050 -83.188497 -62.465241
v 425.305850 -82.546424 -60.337130
v 419.336848 -81.428413 -57.681079
v 414.313399 -81.562161 -55.256120
v 409.555039 -81.505458 -52.613507
v 404.839966 -81.528090 -50.387591
v 400.187292 -81.879707 -47.592365
v 395.009252 -81.908714 -44.420688
v 388.456188 -80.224438 -39.951388
v 383.688376 -78.687098 -36.549657
v 377.314272 -77.659158 -32.373102
v 359.163204 -82.456512 -33.459471
v 366.445515 -82.430762 -35.036509
v 371.270495 -80.486939 -33.331211
v 375.520609 -80.717957 -36.260552
v 367.954661 -65.859774 -83.476739
v 368.229032 -64.441613 -82.948196
v 368.450541 -67.830896 -82.410186
v 368.954270 -63.598733 -81.350406
v 369.153859 -70.077798 -80.469170
v 362.015348 -65.983364 -79.143046
v 361.964885 -64.655982 -78.421544
v 362.164031 -67.722470 -78.298351
v 362.497592 -63.714397 -76.857145
v 362.814977 -70.154077 -76.586602
v 332.972652 -75.862826 -56.424701
v 339.374652 -74.497557 -59.193114
v 356.561279 -65.999949 -75.458990
v 355.748951 -65.184996 -74.205371
v 355.711127 -67.504923 -74.696209
v 355.916776 -64.020213 -72.500993
v 356.288798 -70.068713 -72.647446
v 350.211838 -66.685066 -70.889504
v 350.256797 -69.790593 -69.304981
v 349.857719 -64.178838 -68.772610
v 344.213244 -70.765913 -65.631681
v 343.224162 -67.916560 -66.184787
v 343.532796 -64.320384 -64.882212
v 337.780479 -72.208609 -61.635031
v 337.335487 -68.693521 -61.760626
v 337.807320 -63.897155 -60.086499
v 331.864342 -72.819672 -58.687928
v 331.983042 -68.605471 -57.973822
v 332.471060 -64.155057 -56.699353
v 409.197818 -63.970851 -101.906862
v 404.792658 -64.113992 -99.348823
v 399.817510 -64.192008 -96.614220
v 395.465597 -64.153645 -94.291158
v 391.069422 -63.927614 -92.171422
v 386.573974 -63.443996 -90.028864
v 381.671976 -62.275793 -87.584683
v 375.989087 -62.342228 -83.889036
v 369.711850 -62.619299 -79.307621
v 363.233739 -62.806072 -74.895821
v 356.608973 -62.931190 -70.589951
v 350.199703 -62.646567 -66.853408
v 343.952212 -62.512398 -63.246624
v 338.126899 -62.451517 -59.058717
v 332.287208 -62.674168 -55.748715
v 406.794298 -63.993202 -97.149459
v 401.593038 -63.904229 -94.365306
v 396.856477 -63.816786 -91.930262
v 392.321841 -63.584383 -89.652490
v 387.738760 -62.871283 -87.399983
v 382.712762 -61.721588 -84.650602
v 376.935136 -62.075543 -80.905817
v 370.741940 -62.098832 -76.783536
v 364.279235 -62.090369 -72.638601
v 357.626830 -61.941015 -68.517644
v 351.229143 -61.340609 -64.850211
v 345.039151 -60.791882 -61.440521
v 339.166883 -60.647806 -57.682446
v 333.586903 -60.568419 -54.602829
v 408.504817 -64.950790 -94.383574
v 403.194472 -64.638576 -91.727758
v 398.302316 -64.459165 -89.288984
v 393.665491 -63.738811 -86.870197
v 388.972720 -62.867334 -84.385709
v 383.923482 -62.072308 -81.483879
v 378.083166 -62.387023 -77.868110
v 371.993021 -62.146706 -74.003956
v 365.619956 -61.847327 -70.075187
v 359.076248 -61.429073 -66.220406
v 352.630613 -60.579122 -62.681863
v 346.364205 -59.512407 -59.584768
v 340.518329 -59.272780 -56.577594
v 335.474615 -59.392693 -54.002478
v 414.379083 -67.002925 -93.771254
v 409.410571 -66.481687 -91.436568
v 415.322613 -67.497653 -90.515996
v 410.738569 -66.670558 -88.163863
v 404.487811 -66.000864 -88.922590
v 399.628290 -65.686600 -86.464502
v 394.958727 -64.725692 -83.915023
v 390.229257 -63.740021 -81.277949
v 384.998161 -63.339454 -78.223569
v 379.349862 -63.156345 -74.793659
v 373.380020 -62.677376 -71.068116
v 367.103100 -62.463019 -67.330528
v 360.699517 -61.651298 -63.630069
v 354.355734 -60.300472 -60.254025
v 348.133718 -58.496207 -57.464333
v 341.891345 -57.689814 -54.877207
v 335.601551 -57.869462 -52.381460
v 405.992612 -66.087124 -85.710425
v 401.204922 -65.988109 -83.245209
v 396.416359 -65.520243 -80.735291
v 391.588372 -64.736183 -78.047053
v 386.436130 -64.129405 -75.031264
v 380.919641 -63.387857 -71.632300
v 375.018859 -62.786203 -68.007396
v 368.787392 -62.892913 -64.339113
v 362.435246 -62.174779 -60.716580
v 356.209130 -60.507560 -57.384705
v 350.379560 -57.818792 -54.755089
v 344.375468 -55.970870 -52.256287
v 337.911581 -54.106027 -49.431597
v 358.426393 -60.364270 -54.208704
v 364.443093 -62.186070 -57.543213
v 416.628584 -68.296096 -87.353705
v 412.181166 -67.379595 -84.885322
v 407.560829 -66.631085 -82.388922
v 402.785760 -66.610761 -79.960068
v 398.013654 -66.230774 -77.456683
v 393.183217 -65.511828 -74.777823
v 388.083437 -64.969529 -71.860232
v 382.662802 -63.939731 -68.472169
v 376.833341 -63.274207 -64.919333
v 370.647866 -63.151082 -61.161588
v 361.005476 -59.510131 -51.101292
v 366.564727 -62.305688 -54.173530
v 418.036464 -69.638236 -84.109051
v 413.716363 -68.386482 -81.560289
v 409.149512 -67.655818 -79.053076
v 404.435085 -67.502247 -76.591414
v 399.711819 -66.944816 -74.081236
v 394.924944 -66.236332 -71.429079
v 389.905352 -65.582946 -68.522882
v 384.595574 -64.387950 -65.213315
v 378.727104 -63.581103 -61.509760
v 372.620452 -63.355246 -57.811496
v 363.749278 -58.803379 -47.805286
v 368.755113 -62.220584 -50.652123
v 420.066045 -69.496401 -80.604088
v 415.661968 -68.386236 -77.992920
v 410.974436 -67.947522 -75.468623
v 406.240924 -67.852502 -73.036378
v 401.533418 -67.460832 -70.541776
v 396.754561 -66.954729 -67.933054
v 391.796262 -66.141145 -65.003468
v 386.540445 -65.000885 -61.717160
v 380.696051 -64.058885 -57.967286
v 374.643378 -63.773714 -54.259061
v 366.123472 -59.159802 -43.824498
v 370.857561 -62.372553 -46.845568
v 421.641998 -71.402212 -77.058971
v 417.247093 -70.361606 -74.483842
v 412.643184 -69.721469 -71.974761
v 407.941501 -69.356088 -69.512215
v 403.288741 -68.730129 -66.996433
v 398.600098 -67.986772 -64.361171
v 393.711729 -67.029945 -61.411106
v 388.592319 -65.674992 -58.136086
v 382.753587 -64.547154 -54.298084
v 376.709822 -63.957237 -50.532465
v 368.179125 -60.291975 -39.458230
v 372.636592 -63.007908 -42.518963
v 423.848863 -71.936780 -73.182387
v 419.390667 -70.761875 -70.600578
v 414.635427 -70.239424 -68.095509
v 409.895001 -69.805271 -65.681987
v 405.264787 -69.283704 -63.251156
v 400.627640 -68.695853 -60.703709
v 395.765410 -67.925042 -57.779436
v 390.702384 -66.722610 -54.516427
v 384.789977 -65.561239 -50.526188
v 378.654314 -64.836495 -46.643620
v 370.690369 -61.715833 -34.623170
v 373.844111 -64.798639 -37.767534
v 426.110690 -73.004394 -69.131852
v 421.534652 -71.924805 -66.577872
v 416.598186 -71.446536 -64.155127
v 411.709523 -71.233370 -61.893002
v 407.068068 -70.806794 -59.572465
v 402.404829 -70.491373 -57.174159
v 397.603753 -69.876995 -54.364392
v 392.658944 -68.765815 -51.110019
v 386.694519 -67.089623 -46.684872
v 380.560635 -66.600833 -42.815377
v 430.756871 -76.748144 -60.575105
v 428.189230 -75.112477 -65.065766
v 423.734415 -73.659447 -62.574947
v 426.133742 -75.749728 -58.641231
v 418.431091 -73.321086 -60.306315
v 420.221002 -75.317503 -56.501849
v 415.150648 -74.835597 -54.479875
v 410.435636 -74.494280 -52.440488
v 413.459860 -72.966372 -58.140438
v 408.817305 -72.527274 -55.956306
v 405.882712 -74.229311 -50.250593
v 401.302052 -73.739023 -47.446827
v 404.304173 -71.998450 -53.579616
v 399.680202 -71.423157 -50.852703
v 396.646402 -73.136636 -44.179293
v 394.933423 -70.371990 -47.551306
v 388.900594 -73.043242 -39.483051
v 388.285954 -69.262340 -42.735156
v 384.350761 -72.871449 -37.028326
v 382.460785 -69.196051 -39.472024
v 374.777242 -67.967135 -32.896048
v 376.896041 -71.449969 -29.988076
v 370.031519 -66.358195 -29.699732
v 373.335976 -71.094999 -25.995922
v 375.999977 -73.909327 -24.804698
v 375.168082 -75.569431 -23.469584
v 373.211148 -76.609492 -22.649831
v 370.652796 -76.750230 -21.714615
v 366.439524 -77.569566 -20.454570
v 362.356495 -79.458357 -20.403630
v 358.611348 -78.004218 -19.896013
v 353.052904 -76.605033 -16.463796
v 352.976035 -57.300495 -51.709234
v 355.917232 -56.382540 -48.678913
v 358.930711 -55.610445 -45.321398
v 361.949373 -55.555009 -41.453402
v 364.686951 -56.776623 -37.216590
v 366.960724 -59.169430 -32.900651
v 367.458909 -62.974725 -28.168043
v 369.105702 -68.729054 -22.816302
v 370.187903 -70.609314 -21.423036
v 368.948910 -72.582249 -21.182328
v 365.696210 -73.595318 -20.167043
v 362.809260 -74.782361 -19.543632
v 356.021316 -74.847187 -15.222823
v 359.943603 -74.972402 -17.620112
v 363.465633 -57.150997 -32.199760
v 363.257804 -57.539351 -28.732332
v 360.327343 -54.672077 -34.875693
v 357.544045 -54.094023 -31.686133
v 357.160588 -54.157766 -38.751749
v 353.932419 -54.207817 -42.534194
v 347.604634 -54.842026 -49.255168
v 350.842510 -54.553405 -45.961950
v 352.811616 -53.336034 -35.859803
v 349.276737 -53.149160 -39.722581
v 342.505743 -52.446745 -46.233982
v 346.385145 -52.591531 -43.317750
v 411.987671 -69.863736 -95.237553
v 410.333455 -68.671751 -98.339481
v 413.651719 -71.638383 -92.194817
v 417.310995 -73.458084 -85.074701
v 415.445383 -72.830016 -88.765183
v 421.095294 -76.823547 -78.033415
v 419.114965 -75.515507 -81.743666
v 425.409476 -79.317060 -70.297548
v 423.191057 -78.022436 -74.203085
v 427.594791 -81.306935 -66.460146
v 407.355096 -70.186818 -93.026420
v 405.736418 -69.329900 -96.289689
v 408.933950 -71.980799 -89.957120
v 412.591526 -73.901096 -82.843651
v 410.700892 -73.370369 -86.504626
v 416.379008 -76.672458 -75.618359
v 414.366583 -75.712791 -79.413189
v 420.538921 -79.356550 -68.023354
v 418.433143 -77.877227 -71.829541
v 422.781480 -80.897700 -64.154810
v 402.630011 -70.379232 -90.817103
v 400.981992 -69.986755 -94.196324
v 404.362569 -71.395307 -87.422977
v 407.933083 -73.478995 -80.350948
v 406.052104 -72.646236 -83.979008
v 411.743995 -75.650082 -73.020724
v 409.658510 -75.210943 -76.855105
v 415.593545 -78.700070 -65.477172
v 413.628752 -77.244687 -69.277343
v 417.565538 -80.123348 -61.580411
v 397.955006 -71.102548 -88.673164
v 396.371708 -70.342357 -92.096561
v 399.612348 -71.177153 -85.067306
v 403.214950 -72.983780 -77.794641
v 401.406416 -72.014027 -81.452138
v 406.920481 -75.173263 -70.470423
v 404.946656 -74.709334 -74.323167
v 410.714962 -78.186619 -62.903735
v 408.808226 -76.774268 -66.732906
v 412.504293 -80.105890 -59.176901
v 445.295647 -81.491447 -62.566264
v 445.931771 -82.739550 -61.786359
v 446.179530 -83.256382 -61.712226
v 445.683106 -84.065083 -62.760579
v 443.430519 -83.008254 -67.860724
v 440.840162 -80.944277 -72.574533
v 438.317782 -79.430145 -77.010883
v 436.039262 -78.497923 -81.165210
v 434.089273 -76.995079 -85.012915
v 432.404954 -75.001366 -88.546918
v 430.758908 -72.997033 -92.033959
v 428.930126 -72.304262 -95.748506
v 427.218417 -71.067477 -99.199801
v 425.364390 -70.193579 -102.499264
v 423.552785 -69.290362 -105.558975
v 421.872702 -68.135932 -108.521158
v 420.124923 -66.538873 -111.480493
v 419.396353 -65.415191 -112.883479
v 419.709870 -64.365550 -112.183633
v 420.450953 -63.960882 -110.499597
v 421.423917 -64.002342 -108.679757
v 422.318857 -64.330402 -106.832464
v 423.185851 -64.783052 -104.823164
v 424.262545 -65.595366 -102.886095
v 425.344790 -66.922841 -101.266767
v 426.531619 -68.350553 -99.463881
v 427.962218 -68.878001 -97.088325
v 429.489709 -69.570174 -94.365131
v 430.837648 -71.648253 -91.784856
v 432.592287 -72.442779 -88.329302
v 434.408649 -73.275205 -84.728010
v 436.169977 -75.160717 -80.971674
v 438.385729 -75.815692 -76.648287
v 440.082745 -78.644729 -72.506394
v 442.721903 -79.037349 -67.547775
v 393.302208 -72.203049 -86.527932
v 391.783542 -71.009323 -90.039851
v 394.845928 -71.834578 -82.733915
v 398.368333 -73.040975 -75.291663
v 396.558610 -71.950389 -78.956796
v 402.027680 -75.404939 -68.020809
v 400.124872 -74.796725 -71.869302
v 405.838057 -78.507538 -60.556863
v 403.951432 -76.740311 -64.236678
v 407.677087 -80.619907 -56.915999
v 388.438286 -72.390429 -83.975169
v 387.135124 -71.373022 -87.716005
v 389.962638 -72.441077 -80.167201
v 393.388654 -73.533374 -72.743051
v 391.611618 -72.523658 -76.422347
v 397.090472 -76.079024 -65.583904
v 395.177096 -75.307194 -69.347726
v 400.986209 -79.413500 -58.335500
v 399.051403 -77.236385 -61.767583
v 402.969472 -81.485033 -54.715820
v 383.306618 -72.365412 -81.039267
v 381.995280 -71.781945 -84.833385
v 384.790807 -72.477578 -77.289292
v 388.160634 -74.228400 -69.936416
v 386.415200 -72.998250 -73.561552
v 391.940449 -76.872213 -62.903074
v 389.979588 -76.224042 -66.663425
v 395.904659 -80.640421 -55.848521
v 393.914231 -78.298031 -59.164599
v 398.053331 -82.537551 -52.020281
v 377.750454 -72.163482 -77.601472
v 376.444775 -71.254814 -81.193424
v 379.226896 -73.169696 -74.038356
v 382.557184 -75.495287 -67.007731
v 380.825498 -74.016618 -70.433807
v 386.393541 -77.940535 -59.848928
v 384.399823 -77.325753 -63.634985
v 390.378304 -81.767156 -52.704409
v 388.342010 -79.771992 -56.290441
v 392.684588 -83.029108 -48.587426
v 371.891656 -71.951407 -73.819249
v 370.528663 -70.752258 -77.212336
v 373.286432 -73.580372 -70.491695
v 376.575091 -76.455532 -63.617784
v 374.890605 -74.905986 -67.031218
v 380.409451 -78.842379 -56.280518
v 378.428001 -77.843696 -60.020238
v 384.409649 -82.361429 -48.748635
v 382.353884 -80.467640 -52.573024
v 386.707354 -83.170062 -44.307174
v 365.767633 -71.736909 -69.924710
v 364.233375 -71.094804 -73.334939
v 367.402476 -72.706865 -66.394165
v 370.589349 -76.122022 -59.631351
v 368.989716 -74.302947 -62.995516
v 374.310037 -78.757580 -52.219168
v 372.347256 -77.814302 -56.117468
v 378.414776 -82.398448 -44.499344
v 376.326211 -80.265014 -48.294461
v 381.157527 -81.988868 -40.138703
v 372.422338 -82.657986 -39.985212
v 359.398089 -72.123455 -65.988841
v 357.787993 -71.531181 -69.508498
v 361.140616 -72.644080 -62.405183
v 364.503063 -76.012844 -55.645338
v 362.883920 -74.029834 -58.922621
v 368.142231 -78.948897 -48.233806
v 366.255958 -77.545446 -52.062824
v 370.096854 -80.761761 -44.246523
v 349.280579 -81.951989 -30.706131
v 353.566496 -82.037585 -31.957686
v 351.920334 -81.898480 -35.807147
v 346.385179 -81.622348 -33.273611
v 363.955858 -81.276711 -40.569946
v 357.680952 -81.825131 -38.025291
v 351.429308 -72.159041 -65.796916
v 345.437304 -73.142137 -62.374602
v 350.534701 -79.898603 -39.685921
v 344.819906 -79.484046 -38.002926
v 349.544520 -78.160113 -43.026281
v 345.557736 -78.368515 -41.359722
v 347.550874 -77.307126 -46.176244
v 342.432214 -77.993368 -43.314016
v 345.603094 -76.444490 -49.658959
v 340.044780 -77.151840 -47.650740
v 344.120211 -75.818079 -52.891639
v 340.212552 -76.570775 -50.925482
v 341.811370 -75.628813 -55.849759
v 336.765013 -76.807625 -52.479552
v 353.114140 -73.116163 -62.246729
v 354.936204 -73.730220 -58.788240
v 358.544973 -76.217584 -52.006117
v 356.782515 -74.666685 -55.366448
v 362.051108 -79.460094 -44.752113
v 360.297285 -77.795205 -48.518787
v 347.249971 -74.199287 -58.856600
v 349.240322 -75.047970 -55.652496
v 352.869369 -76.925524 -48.973546
v 351.049044 -75.692444 -52.323643
v 356.171803 -79.716192 -41.906668
v 354.657489 -77.986056 -45.486344
v 332.327463 -32.924306 -1.064329
v 333.574098 -33.525861 -9.239522
v 335.045217 -35.314732 -17.492190
v 324.927328 -29.704785 -1.924648
v 326.287475 -30.736620 -11.287493
v 327.552611 -33.436039 -20.747405
v 351.415420 -75.795121 3.951909
v 352.605662 -77.565316 -1.832838
v 350.737832 -75.989785 -8.384944
v 340.122668 -82.184176 -7.771986
v 340.720897 -82.363556 -0.713663
v 340.043545 -81.581288 5.907170
v 366.309268 -62.762563 -17.033847
v 365.056036 -64.406851 -14.461114
v 361.967481 -67.073658 -13.054314
v 359.833962 -68.226097 -11.994475
v 355.624386 -71.941050 -12.799079
v 363.429040 -62.417105 -20.734309
v 363.780447 -68.072644 -15.897344
v 366.435267 -67.871550 -18.875895
v 367.473700 -66.401922 -20.772256
v 365.385254 -69.776109 -18.951522
v 350.968640 -74.431733 -12.997892
v 360.019411 -71.782417 -14.763015
v 362.381886 -71.231737 -17.727677
v 364.355465 -71.269497 -19.277223
v 365.564437 -63.014804 -23.774406
v 359.068720 -58.118189 -23.104797
v 361.491433 -58.418382 -25.357807
v 353.487059 -52.105591 -23.220518
v 354.013896 -53.973735 -28.192138
v 354.938231 -54.956542 -24.774749
v 346.436257 -77.844842 -13.595680
v 344.044726 -41.862117 6.793913
v 344.434743 -38.731643 -1.186771
v 345.539319 -37.644815 -8.458607
v 346.455286 -39.476769 -15.631967
v 346.403515 -43.886193 -22.901192
v 348.684289 -50.698488 -25.385899
v 343.475043 -50.485098 -29.552585
v 348.787625 -52.058421 -32.752334
v 344.740873 -51.377172 -37.193469
v 338.464193 -50.305816 -35.080801
v 340.517924 -44.702168 -27.272401
v 334.730268 -46.518186 -31.584789
v 336.636017 -39.907084 -23.879908
v 329.106708 -40.401217 -29.305286
v 341.224917 -81.916073 -17.269057
v 339.949499 -81.282493 -28.418691
v 336.829521 -79.165722 -38.384033
v 332.123508 -78.027547 -47.007076
v 325.162826 -75.780006 -52.466632
v 325.220990 -72.582900 -53.563626
v 325.457773 -65.759893 -52.642583
v 327.401143 -59.541717 -50.396817
v 330.433205 -53.016137 -44.156499
v 338.302359 -51.759233 -41.695794
v 343.057641 -51.514629 -40.790778
v 328.421881 -84.523209 -16.700916
v 315.184355 -85.646699 -15.569504
v 327.157497 -82.301058 -26.461550
v 314.782437 -84.311434 -25.606920
v 325.076131 -80.713819 -35.914656
v 313.938373 -81.863389 -35.475065
v 313.056187 -77.951911 -42.994006
v 322.094722 -78.595277 -43.856621
v 318.715221 -73.898404 -48.455464
v 316.825303 -61.768982 -48.219452
v 319.961689 -47.987649 -41.753252
v 318.514986 -38.761278 -32.476561
v 327.195354 -45.527590 -35.972199
v 332.268039 -48.886581 -36.594231
v 420.224081 -80.584197 108.907842
v 415.505944 -79.558105 106.444196
v 420.113969 -81.715594 108.589192
v 415.328280 -80.875123 106.128674
v 420.561532 -82.720048 106.909432
v 415.819134 -82.098229 104.294528
v 431.687308 -85.226548 50.211154
v 437.034830 -86.355736 52.599411
v 431.369157 -86.517510 50.503171
v 436.718569 -87.350338 52.509881
v 429.571102 -86.813672 54.852502
v 433.843120 -87.213756 56.457325
v 432.786442 -86.558567 60.712111
v 428.548080 -86.429823 58.914909
v 421.787821 -84.023024 100.363876
v 417.535750 -82.446777 98.160093
v 418.511620 -82.134019 94.888217
v 422.382127 -83.373685 96.830475
v 420.534652 -82.845682 88.586949
v 424.362791 -83.766570 90.915444
v 423.246778 -83.310177 81.555658
v 427.355527 -84.550885 84.113734
v 432.204789 -85.790444 65.470582
v 427.752045 -85.404199 63.485178
v 431.512864 -85.120662 70.479120
v 427.081936 -84.240217 68.340998
v 431.228134 -85.197739 76.282866
v 426.195723 -83.763316 73.287180
v 428.663048 -84.851633 80.212429
v 424.590409 -83.773464 77.580927
v 423.438258 -79.034633 62.999335
v 420.624167 -80.307234 70.096069
v 424.664228 -79.465969 59.041027
v 426.229629 -79.546876 54.952286
v 427.220509 -81.271296 50.946928
v 418.768564 -79.124429 77.584332
v 417.431860 -79.657896 81.420015
v 416.659120 -78.274726 85.378975
v 414.147883 -77.925844 93.528150
v 411.951207 -77.953821 100.818876
v 415.324357 -78.265976 89.468761
v 411.029127 -78.515802 103.168002
v 410.950485 -79.675462 102.996844
v 411.552289 -80.631556 101.574671
v 427.535674 -83.637166 48.462446
v 427.181682 -85.303007 48.260617
v 425.399974 -86.535462 52.950790
v 424.409429 -86.219884 57.120638
v 413.451855 -81.115208 96.093382
v 414.464215 -81.215435 92.920817
v 416.545948 -82.205041 86.453872
v 419.134827 -82.458135 79.267195
v 423.586224 -85.042893 61.658166
v 422.765654 -83.864332 66.331595
v 421.859034 -82.596877 70.933188
v 420.427977 -82.949132 75.246162
v 424.520187 -82.054198 110.190555
v 424.600637 -81.278101 109.977937
v 428.989787 -82.222010 111.049186
v 429.074557 -81.564247 111.043732
v 432.955124 -82.629555 112.523542
v 432.933812 -82.046403 112.599296
v 436.875307 -83.266806 114.031497
v 436.780300 -82.636930 114.046168
v 439.985063 -83.839435 113.190113
v 440.020789 -83.303700 113.446575
v 443.063038 -84.367841 111.612036
v 443.167999 -83.815863 111.892090
v 445.094821 -84.551303 109.704560
v 445.246362 -83.922383 109.814351
v 444.294681 -84.994634 107.744385
v 444.581256 -84.301136 107.652425
v 442.278269 -84.639835 106.310477
v 442.348546 -83.989099 106.377214
v 439.649657 -84.229040 105.401786
v 439.620123 -83.668710 105.397096
v 437.273145 -83.917000 104.211694
v 437.305899 -83.360542 104.327767
v 435.006145 -83.487700 103.170870
v 434.902808 -82.987307 103.254009
v 432.387235 -83.164727 102.150867
v 432.420399 -82.616156 102.183344
v 430.292817 -83.126512 100.535111
v 430.232432 -82.584356 100.562051
v 429.284582 -83.145089 99.016539
v 428.896137 -82.684203 99.107453
v 430.061447 -83.584298 97.461463
v 429.811722 -83.076146 96.900077
v 432.183665 -84.279365 97.460467
v 432.511324 -83.472173 97.186699
v 434.998312 -84.612991 98.618672
v 435.219291 -83.910430 98.122325
v 437.818173 -85.063372 99.502064
v 437.906850 -84.464088 99.513703
v 441.006855 -85.653050 100.296365
v 441.114805 -85.072690 100.224342
v 444.804816 -85.940295 100.601867
v 444.893381 -85.351598 100.404106
v 448.850641 -86.224044 100.602798
v 448.865138 -85.658437 100.520321
v 452.280924 -86.537718 100.907598
v 452.353067 -86.044829 100.957950
v 453.991565 -86.603229 100.864091
v 454.037057 -86.128651 100.713897
v 455.002043 -86.954508 99.748247
v 455.065706 -86.442475 99.632574
v 454.085532 -87.304970 98.295032
v 454.353039 -86.714623 98.248911
v 452.442974 -87.092845 97.357134
v 452.547388 -86.513344 97.287962
v 450.842535 -87.016285 95.706122
v 450.754296 -86.537878 95.706842
v 450.136637 -87.214891 94.863146
v 450.180826 -86.706067 94.875086
v 448.781730 -87.411202 94.240164
v 448.766805 -87.000732 94.299848
v 448.513776 -87.703894 93.495827
v 448.284485 -87.300925 93.411482
v 449.722313 -87.875843 92.808283
v 449.633930 -87.238356 92.615992
v 451.680992 -87.140373 92.428596
v 451.551055 -86.691970 92.299963
v 453.925329 -86.756013 92.420027
v 453.815093 -86.304570 92.210820
v 456.101957 -86.758269 92.176156
v 456.068258 -85.990817 91.853586
v 457.805185 -86.577368 91.600102
v 457.794297 -85.880440 91.358581
v 458.830641 -86.387110 90.934518
v 458.776814 -85.849868 90.805972
v 458.716535 -86.841512 89.931399
v 458.740759 -86.180364 89.763764
v 457.787954 -87.385236 88.666060
v 457.832888 -86.799369 88.535626
v 456.448465 -87.697605 87.448207
v 456.326494 -87.278483 87.429768
v 454.783374 -87.903239 86.659982
v 454.749407 -87.449365 86.674345
v 453.187632 -88.124473 85.687216
v 453.079417 -87.632656 85.709090
v 451.866200 -88.165049 84.536481
v 451.655867 -87.746473 84.641531
v 451.629176 -88.105215 83.313844
v 451.251573 -87.901318 83.363340
v 452.325868 -88.145371 82.523899
v 452.249419 -87.761487 82.344824
v 454.231711 -87.824385 82.249580
v 454.221201 -87.322032 82.115548
v 456.418334 -87.857079 81.810801
v 456.439545 -87.212266 81.722471
v 458.673767 -87.881930 81.587738
v 458.692797 -87.194410 81.601698
v 459.933116 -87.853881 81.013394
v 459.865071 -87.113544 80.999071
v 459.827427 -88.013586 80.023563
v 459.933303 -87.148142 79.958800
v 458.510402 -87.965598 78.769445
v 458.604238 -87.174553 78.799251
v 456.201400 -87.872822 77.221852
v 456.103770 -87.110636 77.254182
v 453.845339 -87.851149 75.629711
v 453.544960 -87.091769 75.868447
v 450.294764 -88.057356 74.323043
v 450.049984 -87.257071 74.407195
v 446.452653 -88.292551 72.555292
v 446.157487 -87.465792 72.641980
v 444.023372 -87.854797 70.788909
v 443.706452 -87.032437 71.232331
v 442.927392 -87.488495 69.725492
v 442.552873 -86.997946 69.867687
v 443.143688 -87.443795 68.607834
v 442.846718 -87.071963 68.368053
v 444.588222 -87.485386 68.221514
v 444.516118 -87.038066 67.773680
v 446.500133 -87.696696 68.111671
v 446.368187 -87.278484 67.611041
v 448.552507 -88.103753 67.594158
v 448.491782 -87.461095 67.246113
v 451.325517 -88.169440 67.241209
v 451.093234 -87.561402 66.774802
v 454.444571 -88.169425 66.270594
v 454.291269 -87.618240 65.987450
v 457.195936 -88.184051 65.198576
v 457.121584 -87.647385 65.045317
v 459.753733 -88.075027 64.487671
v 459.575087 -87.505656 64.305466
v 461.361731 -88.073923 63.298420
v 461.126860 -87.459436 63.118740
v 461.531999 -88.157970 61.840283
v 461.341818 -87.615175 61.746493
v 460.510347 -88.722637 60.150510
v 460.290907 -88.192394 60.089599
v 458.929630 -89.260604 58.912340
v 458.812423 -88.661788 58.893960
v 456.564822 -89.150793 58.762932
v 456.532898 -88.656897 58.700396
v 453.696392 -89.302663 58.263111
v 453.691583 -88.807791 58.345227
v 450.648560 -89.169025 58.041557
v 450.723948 -88.557224 57.913573
v 448.312604 -89.937820 56.321564
v 448.448518 -89.230505 56.367190
v 445.929646 -89.130841 55.931634
v 446.217117 -88.405734 56.113800
v 443.075233 -88.530089 54.956398
v 443.103030 -87.745157 55.126000
v 440.329174 -87.935022 54.142438
v 440.465169 -87.198495 54.084178
v 439.506921 -82.635758 112.237981
v 442.389094 -83.251898 110.884501
v 444.642317 -82.926102 109.524600
v 444.332288 -83.210082 108.062098
v 442.229443 -82.973764 107.323013
v 439.084794 -82.636296 107.052837
v 436.394913 -82.122544 106.034020
v 433.483980 -81.554676 111.110508
v 436.783909 -81.816219 112.479825
v 425.347488 -80.642024 108.283784
v 429.546987 -80.998796 109.443416
v 433.711776 -81.739079 105.083603
v 431.352590 -81.340305 104.105365
v 428.932935 -81.204410 102.388710
v 426.501225 -81.301929 100.029889
v 427.056860 -82.476592 95.886819
v 443.126260 -82.192862 108.329109
v 443.225185 -82.227301 109.220901
v 442.254936 -82.298057 108.171067
v 441.577631 -82.559982 109.597608
v 439.470207 -82.354526 109.986511
v 439.888708 -82.533610 108.391220
v 437.284174 -81.675836 109.486668
v 434.666509 -81.464078 108.527102
v 431.718714 -81.058578 107.344273
v 428.689832 -80.516404 106.146018
v 421.312308 -79.829699 102.276406
v 417.130135 -78.905970 99.976116
v 413.017108 -77.841990 97.440252
v 425.195787 -80.180390 103.955586
v 427.571551 -80.513897 104.330472
v 453.404336 -85.879002 98.384481
v 453.957737 -85.900799 99.195661
v 453.374936 -85.725534 99.980573
v 452.154335 -85.514917 99.813590
v 450.299988 -84.859390 99.374016
v 444.999061 -84.306814 99.048264
v 451.799548 -85.546834 97.934710
v 449.893894 -85.400404 96.657566
v 448.714680 -85.797415 95.556632
v 447.622459 -86.037973 94.794942
v 446.462068 -86.377720 92.903508
v 448.304216 -86.275295 91.698395
v 450.396643 -85.769260 91.314826
v 453.038121 -85.091364 90.892673
v 455.054736 -85.169976 90.861792
v 456.648020 -85.211996 90.460025
v 457.539832 -85.392330 90.027176
v 457.676355 -85.538091 89.470439
v 456.908224 -85.845615 88.576801
v 455.700492 -86.083606 87.806674
v 454.248485 -86.157704 87.213205
v 452.288731 -86.532808 86.321207
v 441.643025 -84.249948 98.876512
v 438.912805 -83.669254 97.878639
v 435.981636 -83.267660 96.576195
v 433.173989 -82.933455 95.527218
v 430.721249 -82.718662 94.961789
v 429.399403 -82.033239 92.450288
v 433.550296 -82.410999 93.093081
v 448.843802 -84.290414 98.063298
v 446.289571 -83.763132 97.631333
v 443.381934 -83.332805 96.523724
v 440.436864 -82.967822 95.432006
v 437.075790 -82.663566 94.292408
v 450.502127 -86.577259 85.460058
v 449.534505 -87.410748 83.235825
v 451.019885 -87.089732 81.436231
v 453.718133 -86.500469 81.209157
v 456.209866 -86.207682 81.073068
v 458.076382 -86.011204 80.945926
v 459.201734 -86.250144 80.616842
v 459.077143 -86.134536 79.983919
v 458.007580 -85.774473 79.402119
v 455.481816 -85.698257 77.961041
v 453.030262 -85.619610 76.898575
v 449.734960 -85.591523 75.341466
v 445.939113 -85.913238 73.709410
v 442.909462 -85.741367 72.367869
v 441.226194 -86.231888 70.128407
v 441.501782 -86.526269 67.490572
v 443.614188 -86.191956 65.935823
v 446.272711 -86.298270 65.774341
v 447.998140 -86.422516 65.593496
v 450.255007 -86.650740 65.269654
v 453.362258 -86.868603 64.684699
v 456.235468 -86.892598 63.750488
v 458.669213 -87.034786 63.156140
v 459.206216 -87.088434 62.629588
v 459.161348 -87.291236 61.591613
v 458.584749 -87.571376 60.702041
v 457.526487 -87.798859 60.109180
v 456.004997 -87.784210 60.022777
v 453.561173 -87.794979 59.536346
v 450.171760 -87.549150 59.076723
v 447.887558 -87.406071 58.166431
v 445.870682 -86.886728 57.679344
v 442.809467 -86.195194 56.629379
v 439.644217 -85.533363 55.325116
v 446.542907 -84.796738 95.556910
v 444.465478 -84.620614 94.532016
v 441.351758 -84.391689 93.245743
v 437.948871 -84.172291 91.939711
v 434.310387 -83.945273 90.472948
v 430.527482 -83.393814 88.689152
v 442.574935 -85.814318 91.117669
v 439.083221 -85.316212 89.528990
v 435.627178 -85.106299 87.888171
v 432.207716 -84.637379 86.179469
v 429.573315 -83.856664 84.540357
v 430.229136 -83.210359 82.232135
v 433.572191 -83.858419 83.799111
v 436.997786 -84.020167 85.655832
v 440.351412 -84.235323 87.405889
v 443.574200 -84.586202 88.933764
v 455.432331 -85.207175 88.509653
v 455.303521 -84.742909 89.666404
v 453.862173 -84.536840 89.803072
v 454.224798 -84.954481 87.997732
v 452.015119 -84.335338 89.573865
v 450.563975 -84.150683 88.995369
v 448.738864 -84.048601 88.851125
v 446.231936 -85.027589 90.064430
v 452.860833 -84.760464 87.622578
v 451.050945 -84.512961 87.211012
v 449.331080 -84.527929 86.443268
v 445.098567 -83.726736 87.086756
v 446.233003 -84.527673 85.125822
v 447.171518 -85.961136 84.126323
v 447.314557 -86.791008 82.551466
v 441.867620 -83.739824 85.252954
v 443.399895 -84.832467 83.636506
v 444.314030 -86.186502 81.704437
v 444.728234 -85.816078 83.173002
v 440.733323 -85.657841 81.299218
v 438.665803 -84.137392 83.244756
v 434.898939 -84.211248 81.248911
v 436.408320 -85.132393 78.625015
v 427.394264 -82.511733 77.613828
v 423.542544 -81.121833 75.767231
v 419.661937 -79.702719 73.864163
v 431.122554 -83.655823 79.334067
v 432.303388 -84.395682 76.238569
v 456.046469 -85.290130 79.648814
v 455.209318 -85.318746 79.939053
v 452.998574 -85.494529 79.880602
v 450.368580 -85.483167 79.753106
v 448.152897 -86.699001 80.919545
v 447.207657 -85.592294 78.728243
v 454.886532 -85.112802 78.853607
v 452.883817 -84.918009 78.377659
v 449.932851 -84.767224 77.514221
v 446.773837 -84.675698 76.316047
v 444.637439 -86.135389 79.789837
v 444.556110 -85.210304 78.022401
v 443.855594 -84.675251 75.520715
v 442.382630 -85.029797 77.387049
v 441.481055 -85.483236 78.456367
v 441.167821 -84.657353 75.343142
v 438.163068 -84.644425 75.662115
v 440.291013 -84.765508 72.604186
v 439.083385 -85.280161 69.658295
v 438.045311 -84.184012 72.620927
v 435.678442 -83.750190 69.506626
v 433.994973 -83.334701 73.155742
v 429.910222 -81.889384 70.903733
v 426.004098 -80.445762 68.795237
v 422.248342 -78.740204 66.868472
v 439.659260 -85.735238 66.051887
v 436.138196 -84.603462 64.797786
v 457.750503 -87.156542 61.841650
v 455.751398 -87.093482 61.731839
v 452.828987 -86.637787 61.795643
v 449.871362 -86.173338 61.953059
v 447.571921 -86.012534 61.775830
v 445.507619 -85.820256 61.843307
v 442.577554 -85.278798 61.994548
v 438.071653 -83.942845 60.455409
v 441.491084 -84.750522 107.180642
v 443.205169 -84.907042 108.348626
v 443.651857 -84.641752 109.816469
v 438.916645 -84.409909 106.545060
v 436.385846 -84.078378 105.582807
v 433.969360 -83.650960 104.328739
v 431.721193 -83.396684 102.890498
v 429.271677 -83.482974 101.235050
v 442.501630 -84.465623 110.835337
v 439.620077 -84.274610 112.061123
v 436.913480 -83.662913 112.538415
v 433.716739 -83.027865 111.278139
v 429.779078 -82.891861 109.479135
v 425.175154 -82.663584 109.134077
v 428.514417 -83.607825 99.039757
v 429.326346 -83.827046 97.230408
v 431.842303 -85.025363 96.590984
v 435.012310 -85.419052 97.553236
v 438.001042 -85.853213 98.481195
v 440.830022 -86.123185 99.462411
v 444.732479 -86.379471 99.711180
v 448.801784 -86.703007 99.829801
v 452.210485 -86.882321 100.032800
v 453.538082 -86.996973 100.180282
v 453.861970 -87.180984 99.486097
v 453.334112 -87.276403 98.832189
v 451.982806 -87.219101 98.027445
v 449.644971 -87.483456 95.593901
v 450.318296 -87.341753 96.410502
v 447.055373 -87.796072 93.712288
v 448.210161 -87.628141 94.916995
v 451.506565 -87.720325 91.682886
v 448.815835 -88.328666 91.902761
v 457.439172 -87.041878 91.047806
v 455.842613 -87.195536 91.404937
v 453.696716 -87.378216 91.523526
v 458.144631 -86.981052 90.722632
v 458.027388 -87.203552 89.956081
v 454.427566 -88.177942 87.277947
v 452.619632 -88.283490 86.247074
v 455.977398 -88.020839 87.973452
v 457.192942 -87.644793 89.082281
v 451.150759 -88.326088 84.869549
v 450.394212 -88.319643 83.001964
v 451.549740 -88.609026 81.923265
v 455.888169 -88.153510 80.696261
v 458.233097 -88.246227 80.952874
v 453.802252 -88.284086 81.243637
v 459.108604 -88.261756 80.723739
v 459.090492 -88.300912 80.166977
v 457.884006 -88.322796 79.268330
v 455.637583 -88.259842 77.832150
v 445.888124 -88.608461 73.234088
v 449.818793 -88.455148 75.002734
v 453.239010 -88.200883 76.455291
v 443.386960 -88.294100 71.558655
v 441.664839 -87.696482 69.833808
v 441.361556 -87.534495 67.624225
v 443.793375 -87.990899 67.053302
v 446.109791 -88.258397 67.046100
v 448.158090 -88.549679 66.704271
v 451.140523 -88.633446 66.563312
v 459.406868 -88.612916 63.860001
v 456.661055 -88.681838 64.309857
v 454.135450 -88.663805 65.565593
v 460.401116 -88.584729 63.028170
v 460.573669 -88.646853 62.015793
v 460.004146 -89.081762 60.756944
v 450.498725 -89.421654 59.019846
v 453.507123 -89.470732 59.271468
v 456.388368 -89.369179 59.565171
v 458.564996 -89.431872 59.902534
v 435.353075 -87.717324 54.079769
v 430.547974 -87.096744 52.119201
v 426.354123 -86.319101 50.036039
v 439.620493 -88.172627 55.364031
v 442.348875 -88.735475 56.170354
v 445.304286 -89.342457 57.203139
v 447.718280 -89.943661 57.716815
v 406.447370 -77.633310 100.249852
v 406.202074 -78.944958 100.517512
v 407.594677 -77.222007 98.142835
v 407.076340 -79.869763 99.334088
v 382.562435 -74.806952 88.765312
v 381.998654 -75.848720 89.255342
v 384.143748 -74.115116 87.263480
v 382.501187 -77.394551 88.928268
v 423.667875 -84.186148 46.947825
v 424.009498 -82.701142 46.920985
v 422.833752 -85.190633 48.558592
v 423.796694 -80.387591 49.006408
v 408.275716 -80.446735 40.205932
v 408.335182 -79.700418 40.415357
v 407.853134 -82.243883 41.108635
v 408.064711 -78.349419 42.291663
v 441.340410 -84.643760 109.354422
v 438.129632 -84.315818 109.106788
v 435.247057 -84.014822 108.145197
v 432.554135 -83.799845 106.723551
v 429.996717 -83.672741 105.226194
v 426.656125 -84.031166 102.780717
v 426.093643 -83.756453 98.596424
v 428.672940 -83.461706 107.254800
v 425.297784 -83.708095 106.104875
v 421.000860 -83.673736 103.907828
v 416.581399 -82.504765 101.407475
v 412.463411 -80.871328 99.057659
v 423.289218 -83.101666 93.777450
v 419.502570 -82.213666 91.715544
v 415.487228 -81.573409 89.714318
v 426.754181 -83.876867 95.788863
v 428.013130 -85.105505 93.652374
v 458.863866 -88.931191 62.155690
v 456.450766 -88.896590 62.070081
v 453.574588 -89.393703 62.428541
v 450.569714 -89.598304 62.926636
v 448.495478 -89.299261 64.524042
v 447.214930 -89.622376 61.523365
v 446.040579 -89.224212 64.512508
v 443.389002 -88.708540 64.178507
v 443.834422 -88.963126 60.993555
v 440.611515 -87.722509 63.846524
v 441.014637 -88.162751 60.217434
v 437.892922 -87.621717 58.547676
v 437.032028 -86.982157 62.597496
v 437.183243 -86.664641 67.663356
v 451.227598 -86.981385 99.056746
v 449.538661 -87.061826 98.622133
v 446.832259 -87.073702 98.514672
v 448.250194 -87.268218 97.790037
v 445.354318 -87.014399 98.079485
v 446.823756 -87.538061 96.493203
v 445.418258 -87.315127 94.701011
v 443.059184 -87.033009 97.297789
v 456.787938 -87.411198 90.085706
v 455.155432 -87.727108 89.660589
v 453.253479 -87.925840 89.165833
v 451.398195 -87.927799 88.458353
v 452.740678 -87.725574 90.389870
v 450.897261 -87.935888 90.061887
v 448.729768 -88.132602 89.756771
v 449.888496 -87.930527 87.441999
v 453.117156 -88.462255 79.730384
v 453.915832 -88.325430 78.540231
v 451.073101 -88.567760 80.145441
v 450.813783 -88.510850 77.689476
v 449.156293 -88.198552 80.114806
v 447.580864 -88.648822 77.608502
v 440.220575 -86.761253 96.372640
v 442.631629 -86.998112 93.913557
v 444.585198 -87.248734 92.223500
v 445.942683 -87.926561 90.444117
v 446.697675 -88.011876 88.422634
v 447.669330 -87.850884 86.387688
v 448.687094 -87.848172 84.213001
v 448.407729 -87.820888 82.660619
v 446.976613 -87.692584 80.299486
v 446.190116 -88.495266 77.904917
v 444.328892 -88.615827 74.970375
v 442.354669 -88.445442 73.151018
v 439.868995 -87.555105 70.979347
v 436.919805 -86.441756 95.407346
v 433.536206 -86.283527 93.614489
v 429.746357 -85.519179 90.588588
v 439.293714 -86.448957 92.776970
v 441.386425 -86.794384 90.699096
v 442.933266 -87.572857 88.885898
v 444.022368 -87.696938 86.944040
v 445.045507 -87.378270 84.867200
v 445.994080 -87.222281 82.655260
v 435.832650 -86.093217 90.805101
v 438.302951 -86.837040 88.651130
v 440.101889 -87.587656 87.155053
v 441.207130 -87.612371 85.107663
v 442.222352 -86.993717 83.001360
v 443.229449 -86.862430 80.710084
v 443.910402 -88.084299 78.130967
v 431.977766 -85.959771 86.878412
v 435.620602 -87.367474 85.777676
v 438.064039 -87.510600 85.469292
v 438.329290 -87.373556 83.281541
v 439.432886 -86.806799 81.004200
v 440.401021 -87.215054 78.696998
v 441.164155 -88.260262 76.091692
v 438.477644 -87.475651 73.941317
v 435.612589 -86.197265 72.000301
v 437.714760 -86.882811 76.885025
v 435.272048 -86.214393 75.987321
v 425.849647 -83.944479 87.734066
v 421.881631 -82.864947 85.236003
v 417.873110 -81.923548 83.001612
v 431.626029 -86.062651 82.854700
v 434.610371 -86.795504 81.385982
v 436.785688 -86.477377 78.853733
v 419.777540 -77.372514 61.119299
v 418.506968 -77.066907 65.006730
v 421.102113 -77.784761 57.177537
v 422.714232 -78.002551 52.912384
v 416.893884 -78.652865 68.203894
v 415.859424 -78.124095 71.906946
v 414.992323 -77.307563 75.581209
v 413.447131 -77.989570 79.279748
v 412.636095 -76.758855 83.192248
v 409.909860 -76.971890 91.136364
v 408.653108 -76.917801 94.851896
v 411.207085 -76.976800 87.162561
v 404.087937 -74.629871 54.035253
v 403.010886 -74.209147 57.422411
v 405.128694 -75.148680 50.363748
v 406.433418 -76.114164 46.402953
v 401.727577 -74.312279 60.663385
v 400.406181 -74.092077 63.887211
v 399.038332 -73.512955 67.131082
v 397.429750 -73.387432 70.479089
v 395.630425 -72.858956 73.943755
v 390.640688 -73.029982 81.015761
v 387.412977 -73.070595 84.380351
v 393.387141 -72.795210 77.504545
v 421.753220 -85.657097 51.634048
v 420.720894 -85.188010 55.527596
v 407.986510 -80.334464 96.914473
v 409.031341 -80.511325 94.055498
v 410.168035 -80.564658 90.953649
v 411.280000 -81.016099 87.755175
v 412.431755 -81.533908 84.449465
v 413.773246 -81.077508 80.948740
v 419.620484 -84.702427 59.953518
v 418.631061 -83.684897 64.557725
v 417.703703 -81.854073 68.877993
v 416.305140 -82.321221 73.183175
v 414.994535 -81.919786 77.195297
v 406.887075 -83.327637 43.088066
v 405.378701 -84.015202 47.960039
v 384.744276 -79.816232 87.383863
v 387.743164 -80.100475 84.795724
v 390.246727 -80.462465 82.090542
v 392.385582 -80.221144 79.232541
v 394.359728 -79.711563 76.125107
v 396.266210 -79.310734 72.872217
v 404.097504 -83.249094 52.916538
v 402.744718 -81.977539 57.290239
v 401.398581 -79.877948 61.200920
v 399.728550 -79.423342 65.294141
v 398.045184 -79.305319 69.239147
v 401.433609 -77.141934 97.396258
v 402.509048 -76.586284 95.359379
v 403.909845 -76.151889 92.310332
v 405.370098 -75.952745 88.629705
v 406.953330 -75.356642 84.857094
v 408.606626 -74.954657 80.969288
v 409.638387 -76.001791 77.151025
v 411.170788 -75.529754 73.520993
v 412.108488 -76.507457 69.907093
v 413.139850 -77.192447 66.361943
v 414.621807 -75.984215 63.085388
v 415.924893 -76.399687 59.333593
v 417.303575 -77.054144 55.458072
v 418.838649 -77.657101 51.390138
v 420.034417 -79.680450 47.702006
v 420.566980 -82.144001 45.364242
v 420.064480 -83.235588 45.864858
v 419.294275 -84.270989 47.311966
v 418.241771 -84.566124 50.097867
v 417.089005 -84.299710 53.906855
v 415.842183 -84.065919 58.311677
v 414.616259 -83.430819 62.895176
v 413.643533 -81.420494 67.054153
v 412.177361 -82.024594 71.280863
v 410.793087 -81.623536 75.320066
v 409.530031 -80.611442 79.004570
v 408.125679 -81.047279 82.508093
v 406.841881 -80.672333 85.823635
v 405.533901 -80.346779 88.967823
v 404.189915 -80.230217 91.966607
v 402.882695 -79.897475 94.698460
v 401.753879 -79.368793 96.910382
v 400.935172 -78.181560 98.229029
v 395.715186 -76.498158 94.993881
v 396.995699 -76.109722 92.964975
v 398.641825 -75.356763 89.700185
v 400.507420 -75.084184 86.070422
v 402.426541 -74.150911 82.464973
v 404.256413 -73.676815 78.651586
v 405.634377 -74.512953 74.953455
v 407.050247 -74.571534 71.369859
v 408.192716 -75.385683 67.910778
v 409.301681 -76.052863 64.494763
v 410.686523 -75.308804 61.199711
v 411.983152 -75.751931 57.664473
v 413.405722 -76.383609 53.814123
v 414.951869 -77.227529 49.835080
v 416.257617 -79.123741 46.238460
v 416.857358 -81.115109 43.972608
v 416.508399 -82.453640 44.224975
v 415.696033 -83.566823 45.624402
v 414.611765 -84.074450 48.260515
v 413.315987 -84.153286 52.126964
v 412.061158 -83.471943 56.615454
v 410.715156 -82.768899 61.185286
v 409.705573 -80.655011 65.288915
v 408.047032 -81.322510 69.445997
v 406.572577 -81.061801 73.477709
v 405.226137 -80.149951 77.178648
v 403.715995 -80.522712 80.666659
v 402.237459 -80.231333 83.902848
v 400.662093 -80.310192 86.977999
v 398.981567 -80.177699 89.909312
v 397.270721 -79.617955 92.469672
v 395.865674 -78.786341 94.695026
v 395.301731 -77.347332 95.535030
v 388.995282 -75.828737 91.923153
v 390.576206 -75.331138 90.221719
v 392.987959 -74.383764 87.024339
v 395.407885 -74.239900 83.469666
v 397.795686 -73.479967 79.949571
v 399.833275 -73.217958 76.279309
v 401.456777 -73.924928 72.722240
v 402.961025 -74.104121 69.259888
v 404.222194 -74.764019 65.914476
v 405.465574 -75.051273 62.598413
v 406.737115 -74.841565 59.321878
v 407.941039 -75.220039 55.927241
v 409.306587 -75.758845 52.140961
v 410.773126 -76.679158 48.151518
v 412.200164 -78.733425 44.361605
v 412.673216 -80.304310 42.255055
v 412.465613 -81.512699 42.246627
v 411.811746 -82.961472 43.496865
v 410.781648 -83.690819 45.917583
v 409.370948 -84.155396 50.173712
v 408.089297 -83.267581 54.856661
v 406.790729 -82.092712 59.375940
v 405.647737 -79.905901 63.347402
v 403.971011 -80.144928 67.603525
v 402.398068 -79.972658 71.553718
v 400.803247 -79.737419 75.285677
v 399.040221 -80.061317 78.620990
v 397.228044 -80.141970 81.764310
v 395.343845 -80.278050 84.698703
v 393.288204 -80.037352 87.545224
v 390.946009 -79.452594 90.032246
v 389.175083 -77.791594 92.038710
v 388.654590 -76.504108 92.120686
v 360.051441 -72.672110 73.864160
v 359.934409 -74.191626 73.938853
v 361.244024 -75.805389 73.093851
v 362.154061 -71.366500 73.373279
v 393.912144 -77.835070 31.753307
v 394.001742 -77.096211 31.916650
v 393.575214 -80.036269 33.241734
v 393.749142 -76.020806 34.048150
v 390.288476 -71.535099 46.156970
v 388.866633 -71.174372 49.382275
v 391.732988 -71.764470 42.498273
v 393.070104 -72.815712 38.420091
v 387.356010 -70.880974 52.385172
v 385.579727 -70.660657 55.208343
v 383.689075 -70.194174 58.064500
v 381.393429 -70.261561 60.917013
v 378.710241 -69.938942 63.881023
v 371.528591 -69.568862 69.637156
v 366.802878 -69.610060 72.134277
v 375.432797 -69.713730 66.782435
v 392.502026 -82.060643 35.224456
v 390.822307 -83.939636 38.536728
v 366.973302 -77.555710 69.856945
v 369.800057 -78.410593 67.727753
v 372.339126 -79.394074 65.353053
v 374.745439 -80.232563 62.745805
v 377.096299 -80.704086 59.873334
v 388.555039 -84.227825 42.684698
v 386.155864 -83.272705 46.594999
v 383.857801 -82.018466 50.206328
v 381.656064 -80.894367 53.549197
v 379.428385 -80.976010 56.816768
v 363.923886 -77.253705 71.708110
v 376.883025 -73.580764 86.277686
v 378.934981 -72.666878 84.633914
v 382.700275 -72.034868 81.906324
v 386.442189 -72.011632 78.644945
v 389.370633 -72.031364 75.155442
v 391.684934 -72.341324 71.647520
v 393.552927 -72.744755 68.249055
v 395.218320 -72.890442 64.979678
v 396.695930 -73.479806 61.830648
v 398.168083 -73.597037 58.721754
v 399.550411 -73.665690 55.565890
v 400.792583 -74.083667 52.254275
v 402.035608 -74.670525 48.655863
v 403.392793 -75.624758 44.740418
v 404.808066 -78.061598 40.595161
v 404.935714 -79.386672 38.893193
v 405.065493 -80.237168 38.842226
v 404.678461 -81.662224 39.473954
v 403.726716 -82.937775 41.323002
v 402.130702 -83.678580 45.884828
v 400.502021 -83.383408 50.671581
v 398.775012 -82.111704 54.960554
v 397.107723 -80.256520 58.729477
v 395.344975 -79.048763 62.633510
v 393.526290 -79.205516 66.442748
v 391.637489 -79.147817 69.960102
v 389.627658 -79.542090 73.155598
v 387.651945 -80.686672 76.128780
v 385.331869 -80.814809 79.055284
v 382.691577 -80.187760 81.651732
v 379.599900 -79.919841 84.286275
v 377.206278 -77.367325 85.878602
v 376.144107 -75.296042 86.786283
v 372.380352 -77.015700 82.540821
v 374.645096 -79.486545 80.729287
v 377.568861 -80.264546 78.101130
v 380.284019 -80.357036 75.491011
v 382.666877 -79.840031 72.812404
v 384.732430 -79.373879 69.821953
v 386.799257 -79.413434 66.672795
v 388.841784 -79.584685 63.383214
v 390.723376 -79.205170 59.644819
v 392.647554 -80.932970 56.115109
v 394.662648 -82.467607 52.415177
v 396.946650 -83.465336 48.320154
v 399.148360 -83.779906 43.913268
v 400.973491 -82.769398 39.693587
v 401.916958 -81.240535 37.951250
v 402.097437 -79.533469 37.379628
v 401.982373 -79.049697 37.473212
v 401.930866 -77.799128 39.105769
v 400.756868 -75.076411 43.243985
v 399.233343 -74.089549 47.091144
v 397.599063 -73.615652 50.521327
v 396.138728 -73.000129 53.673594
v 394.651397 -72.808526 56.736480
v 392.994058 -72.783724 59.686663
v 391.398132 -72.202893 62.718741
v 389.620109 -72.078633 65.908903
v 387.661878 -71.761662 69.258969
v 385.335288 -71.353091 72.711777
v 382.622908 -71.165324 76.333824
v 378.607138 -70.841780 79.789477
v 373.831383 -71.490806 82.257567
v 372.175119 -72.766826 83.685357
v 371.626958 -74.940413 83.850832
v 366.786100 -76.088395 77.583132
v 369.397446 -78.114012 76.231149
v 372.390348 -78.922309 74.064184
v 375.167785 -79.051421 71.762854
v 377.571838 -79.153161 69.140197
v 379.739913 -79.803276 66.321322
v 381.916576 -80.161364 63.321833
v 384.058444 -80.297074 60.108807
v 386.058640 -80.050257 56.637210
v 388.078122 -81.447522 53.187464
v 390.254028 -82.765046 49.452549
v 392.680944 -83.764915 45.471739
v 395.048629 -84.034327 41.163120
v 396.714396 -82.348867 37.343105
v 397.658865 -80.539367 35.692440
v 397.807491 -78.696809 34.698324
v 397.811800 -78.195870 34.836616
v 397.691735 -77.085220 36.657721
v 396.823524 -74.002482 40.887169
v 395.384041 -72.958794 44.833886
v 393.873505 -72.786518 48.384933
v 392.566943 -72.129943 51.634791
v 391.062300 -71.833448 54.654660
v 389.201743 -71.939108 57.418126
v 387.492804 -71.358881 60.341152
v 385.623875 -71.376823 63.380546
v 383.446381 -71.115863 66.640310
v 380.658809 -70.652583 69.839455
v 377.320963 -70.266683 73.130533
v 372.756236 -70.391120 76.088558
v 367.699860 -71.911377 77.629682
v 366.199708 -72.968185 78.592810
v 365.925416 -74.373147 78.652599
v 337.996560 -73.266246 59.128755
v 337.752156 -75.008233 58.165770
v 340.443941 -69.831098 59.956422
v 339.588406 -76.667255 56.986046
v 381.110477 -75.258056 24.583397
v 381.122317 -74.141836 24.917719
v 380.304602 -73.793313 26.895829
v 380.167201 -76.721035 25.787990
v 347.325505 -66.006908 58.514605
v 377.039866 -67.827537 37.335233
v 375.488627 -67.255406 40.624255
v 378.377199 -68.941091 33.696212
v 379.460888 -70.894967 30.093883
v 373.699290 -66.932990 43.610266
v 371.497058 -66.867272 46.261263
v 368.950843 -66.658060 48.754737
v 365.891494 -66.719145 51.051086
v 362.410790 -66.735900 53.266749
v 354.100229 -65.982175 57.263722
v 358.558241 -66.645185 55.384561
v 378.783864 -78.648530 27.264132
v 376.663603 -80.188176 29.946906
v 346.502994 -77.723883 54.217090
v 350.150396 -78.229409 52.824979
v 353.443306 -78.859553 51.282666
v 355.837251 -79.383747 49.001556
v 359.256889 -79.775903 46.570430
v 374.244119 -80.871220 33.186739
v 371.767905 -79.781438 36.130398
v 369.006848 -79.118130 39.209971
v 365.983354 -79.462046 41.843607
v 362.738043 -79.607035 44.233345
v 342.813627 -77.491354 55.756939
v 354.930117 -72.814097 70.080511
v 356.956057 -70.872653 69.919629
v 361.752821 -68.892770 68.611515
v 366.655157 -68.498193 66.470561
v 370.848653 -68.737741 63.863941
v 374.361097 -68.949304 61.172093
v 377.421937 -69.127500 58.465414
v 380.015026 -69.063525 55.794122
v 382.109764 -69.507846 53.010693
v 383.890303 -69.943145 50.196641
v 385.495285 -70.039843 47.172347
v 387.022948 -70.297931 43.946735
v 388.533555 -70.694454 40.369678
v 389.843042 -72.003071 36.432408
v 390.710795 -75.401671 32.106974
v 390.999115 -76.362658 30.103104
v 390.822610 -77.100301 30.104313
v 390.424180 -79.276449 31.436638
v 388.925918 -81.393756 33.298711
v 387.156343 -83.172650 36.271114
v 384.666587 -84.502885 39.960272
v 382.250141 -83.572739 43.855038
v 379.932642 -82.259854 47.305995
v 377.509345 -81.402246 50.526985
v 374.978119 -81.310568 53.559752
v 372.374741 -80.921024 56.421453
v 369.825324 -80.114049 59.071675
v 367.167437 -79.348714 61.569141
v 364.486193 -77.891765 63.701820
v 361.386795 -77.225854 65.631270
v 358.399161 -76.877684 67.392857
v 355.890218 -75.848809 68.930280
v 354.667909 -74.180935 69.770172
v 350.314969 -75.667243 64.244565
v 352.766980 -76.440885 62.967877
v 355.895790 -76.825761 61.457879
v 359.257543 -77.448742 59.703082
v 362.255485 -78.858840 57.779991
v 365.053633 -79.942423 55.511411
v 367.865148 -80.687256 53.008160
v 370.724809 -81.133395 50.354372
v 373.529517 -81.261391 47.531245
v 376.166899 -81.782183 44.469715
v 378.658103 -82.446835 41.110170
v 380.975191 -83.190130 37.444422
v 383.342900 -81.973658 34.042968
v 385.122675 -80.384546 31.056430
v 386.523479 -78.307835 29.318485
v 387.036283 -76.256605 28.139836
v 387.252084 -75.560040 27.981757
v 386.864062 -74.754039 29.959373
v 385.849179 -71.390234 34.048745
v 384.800347 -69.545789 37.869690
v 383.503865 -68.789306 41.546615
v 382.021755 -68.524078 44.865974
v 380.402307 -68.378260 47.901932
v 378.487283 -68.216401 50.706873
v 376.245470 -67.911877 53.407712
v 373.368616 -67.903381 55.948438
v 370.000922 -67.773187 58.434282
v 366.075045 -67.908932 60.821897
v 361.514116 -67.662511 63.117573
v 356.115056 -68.130393 65.126096
v 350.516438 -70.709337 66.188948
v 348.813579 -72.909051 65.761179
v 348.933117 -74.223147 65.182743
v 344.476340 -75.672046 59.850667
v 347.224154 -76.374012 58.900776
v 350.886364 -76.800513 57.566006
v 354.452258 -77.582470 56.022202
v 357.602868 -78.784839 54.311823
v 360.455480 -79.814680 52.143204
v 363.509699 -80.247055 49.738538
v 366.643817 -80.625682 47.242685
v 369.708507 -80.569180 44.632660
v 372.597386 -80.554187 41.776991
v 375.316915 -80.837433 38.623582
v 377.614066 -81.727929 35.204049
v 379.828182 -80.905934 31.881530
v 381.381348 -79.370040 28.810423
v 382.668376 -77.391611 27.088901
v 383.513787 -75.526398 25.595645
v 383.478697 -74.740157 25.950976
v 382.908924 -74.483412 27.798729
v 381.790939 -71.147272 31.879977
v 380.937545 -69.247130 35.600694
v 379.814018 -68.348089 39.254714
v 378.460038 -67.935057 42.596844
v 376.883846 -67.597654 45.654782
v 374.915570 -67.479264 48.434511
v 372.561771 -67.258489 51.054394
v 369.525565 -67.266236 53.442418
v 365.968063 -67.397968 55.745358
v 361.877681 -67.441225 57.935842
v 357.075470 -66.833074 60.047186
v 350.804572 -67.316997 61.692490
v 343.347368 -70.849208 62.158766
v 342.312274 -73.102377 61.630336
v 342.766131 -74.332967 61.076800
v 376.936952 -75.506626 22.500565
v 377.290585 -74.484505 22.159898
v 372.809471 -76.535981 19.901575
v 372.997137 -76.185905 18.908788
v 368.752150 -78.054739 17.240727
v 368.776538 -77.631640 16.732790
v 362.962018 -78.393385 15.492429
v 363.629381 -77.844978 14.813140
v 355.289676 -79.120535 15.245228
v 355.940055 -78.595248 13.881824
v 350.021500 -77.222944 13.850099
v 351.938781 -76.758007 12.529874
v 376.221830 -76.446756 23.655828
v 372.338111 -76.952568 21.790685
v 367.759583 -77.114765 19.761829
v 360.870615 -76.508799 18.870724
v 354.905664 -78.105245 18.324853
v 349.403788 -77.746989 16.679139
v 334.705297 -72.991246 56.505736
v 334.222614 -74.805114 55.840200
v 331.726001 -72.269951 53.296246
v 330.955557 -74.061245 52.934449
v 328.915698 -71.542316 50.643962
v 328.019636 -73.293777 50.441243
v 325.074607 -70.321243 46.976041
v 324.317441 -72.093023 46.616822
v 321.776583 -69.546741 44.627839
v 321.197196 -71.281879 44.013624
v 317.777272 -68.239073 42.425483
v 317.188763 -69.974227 41.824995
v 335.775135 -77.141381 54.139928
v 331.864287 -76.998101 51.732888
v 328.244620 -76.268565 49.763259
v 324.850767 -76.136472 47.166805
v 321.565793 -74.923088 43.952980
v 317.860452 -73.684347 41.004103
v 354.079920 -79.435131 21.283234
v 347.589964 -79.117658 19.559868
v 360.182877 -78.530255 22.151026
v 366.221116 -78.402791 23.369392
v 371.459517 -78.446465 24.850103
v 375.285117 -78.417344 26.001893
v 370.834915 -80.313501 31.296655
v 373.090079 -79.720279 28.673573
v 369.426773 -79.332346 27.447649
v 368.000849 -79.916520 29.843921
v 363.622309 -79.320237 30.635304
v 364.642757 -79.592935 26.643965
v 356.732312 -80.140360 29.030276
v 358.965333 -79.687760 25.343054
v 350.809216 -80.594260 26.826996
v 353.295300 -80.449470 23.612894
v 344.065276 -80.850609 23.656482
v 346.055883 -80.333981 21.698492
v 338.818243 -78.725408 52.747421
v 334.920329 -79.095215 49.722233
v 331.018747 -79.164013 47.389268
v 327.301136 -79.331053 45.308857
v 323.631146 -79.014132 42.458633
v 320.166163 -77.929294 39.817129
v 330.444663 -79.086531 33.836035
v 334.301720 -79.217414 37.122323
v 337.331181 -79.364742 40.540985
v 342.759852 -79.104758 51.309044
v 346.804008 -79.132175 50.001635
v 350.122108 -79.086182 49.079180
v 350.302292 -79.140384 46.023504
v 354.900925 -79.188381 43.354521
v 358.977831 -78.919305 41.168138
v 362.410634 -78.579528 39.221143
v 365.058628 -78.084385 36.617869
v 367.922772 -79.268014 33.677969
v 339.263567 -79.757925 48.297987
v 335.865802 -79.890801 45.446821
v 325.633122 -79.546815 36.598239
v 329.213262 -79.962775 39.687561
v 332.385312 -80.003811 42.803217
v 340.927908 -79.425156 43.678784
v 344.230042 -79.309895 46.910552
v 346.209425 -79.014533 41.823444
v 360.400939 -77.863759 34.235142
v 351.050115 -78.761441 39.654750
v 355.733591 -78.399545 37.783525
v 359.505754 -78.188136 37.133686
v 334.471195 -79.747281 30.982865
v 339.497047 -79.342617 34.271943
v 342.593029 -79.134605 37.981368
v 337.757949 -80.270510 28.615798
v 342.595128 -79.660327 32.389606
v 347.168830 -78.980362 35.633785
v 341.081245 -80.707174 26.123350
v 346.919820 -80.201788 29.759648
v 353.265828 -78.822154 33.120944
v 336.549482 -69.888020 56.953757
v 333.447317 -68.624657 53.525413
v 330.306945 -67.840939 50.703605
v 326.577480 -66.530594 47.662927
v 323.482505 -65.474723 45.237993
v 319.320849 -63.524344 42.877250
v 377.620332 -73.488930 24.329578
v 373.866339 -74.367088 20.971675
v 373.983975 -73.366985 22.274363
v 372.010216 -75.226209 18.947159
v 354.363613 -74.967770 11.943784
v 358.050829 -76.774665 12.871714
v 364.308123 -76.473738 14.352797
v 368.520550 -76.148621 16.232477
v 355.456297 -72.565156 11.556891
v 360.241303 -73.841546 12.802957
v 364.966527 -73.944307 14.309054
v 368.711493 -73.781247 16.868424
v 371.071996 -73.058091 20.616555
v 377.012785 -71.338543 27.164765
v 374.635701 -71.381824 25.012262
v 357.956683 -70.191697 11.841665
v 361.928819 -71.102787 12.661676
v 365.805885 -71.231126 14.666468
v 368.169841 -71.004384 18.131167
v 369.814804 -70.539649 22.127276
v 341.904475 -65.265953 55.924058
v 350.051944 -64.527482 54.622288
v 346.224944 -63.372446 53.030544
v 353.382083 -65.446088 55.005067
v 355.990384 -65.809033 53.202721
v 359.260401 -65.740642 51.049240
v 375.845528 -68.325338 31.695811
v 374.193138 -67.025544 35.440032
v 372.522421 -66.084917 38.777164
v 370.497417 -65.696571 41.593050
v 368.067040 -65.736904 44.100046
v 365.477546 -65.527125 46.511123
v 362.455689 -65.725125 48.766273
v 373.222136 -67.506576 29.713143
v 371.339138 -65.945746 33.608018
v 369.616297 -64.751908 36.804348
v 367.384942 -64.161783 39.681630
v 364.880426 -64.174150 42.141072
v 362.228361 -64.023584 44.536838
v 359.232634 -64.362605 46.739949
v 356.066184 -64.576486 49.106896
v 352.966148 -64.548130 51.693111
v 370.369652 -66.230907 28.142853
v 368.827244 -64.245547 31.945697
v 366.807453 -63.226739 35.109967
v 364.448852 -62.607507 37.831624
v 361.925339 -62.308187 40.339052
v 359.228412 -62.139344 42.749602
v 356.209646 -62.400095 45.022271
v 353.032436 -62.726715 47.420147
v 349.800282 -62.766754 50.172017
v 367.163361 -66.479018 19.727680
v 367.757254 -67.122854 22.973581
v 368.136006 -64.234881 26.848643
v 366.197178 -62.215850 30.475280
v 364.222547 -61.068144 33.346356
v 361.780512 -60.422121 36.050799
v 359.268125 -59.889539 38.664028
v 365.726747 -62.641823 23.553987
v 363.874776 -60.275142 28.058014
v 361.558121 -58.917500 31.266322
v 358.956657 -58.325596 34.026765
v 356.385937 -57.805760 36.716535
v 356.517617 -59.678083 41.200171
v 353.406500 -60.039595 43.505941
v 350.058157 -60.722055 45.742533
v 346.625085 -61.139009 48.372474
v 342.602157 -62.149712 51.014385
v 338.113032 -64.708469 52.990907
v 353.639851 -57.538985 39.309719
v 350.513447 -57.905001 41.706670
v 347.132237 -58.670181 43.965866
v 343.453016 -59.474042 46.450387
v 339.343903 -60.991618 48.740952
v 334.725700 -63.964193 50.231985
v 344.251563 -56.516382 42.087395
v 340.487040 -57.507946 44.493980
v 336.143023 -59.680073 46.401049
v 331.402633 -62.752486 47.606440
v 358.344917 -57.255746 28.954423
v 360.568829 -58.593653 25.451391
v 355.870155 -56.571404 31.819322
v 353.256107 -56.206269 34.522043
v 350.590282 -55.826194 37.157313
v 347.593403 -56.018001 39.624538
v 364.551785 -66.086973 15.779055
v 361.956585 -60.810071 20.901798
v 358.243578 -66.589253 11.413667
v 362.285441 -67.120633 12.615753
v 359.800123 -64.057172 11.932013
v 361.287404 -62.109275 14.639324
v 355.194780 -63.763140 9.760888
v 359.911403 -59.574758 12.548922
v 360.139780 -59.521619 18.346258
v 358.674592 -57.243466 15.413942
v 357.637462 -57.088513 23.072653
v 354.221300 -55.396385 20.251227
v 355.152234 -55.658974 26.479081
v 351.648501 -54.615066 23.846620
v 352.639398 -55.110642 29.458252
v 350.021216 -55.007994 32.239286
v 347.479717 -54.684736 34.815465
v 346.742729 -54.058005 30.007887
v 344.586431 -53.806140 32.552892
v 349.165818 -54.205217 27.043628
v 344.602550 -54.696376 37.233008
v 341.394185 -54.988392 39.660899
v 337.693873 -56.154727 41.942212
v 333.394227 -58.149985 43.961271
v 328.584163 -61.463226 45.001992
v 326.434061 -59.473928 42.799965
v 341.857326 -53.617468 34.649549
v 338.653189 -53.938331 36.949933
v 335.160079 -54.666193 39.422333
v 330.905084 -56.404270 41.677064
v 306.847128 -83.269744 17.043732
v 305.460696 -82.393127 22.083009
v 314.672720 -82.061865 15.733943
v 314.722326 -79.876939 21.333775
v 303.809925 -80.725922 28.243646
v 311.219821 -78.604986 27.177720
v 302.915824 -76.964992 34.006686
v 309.928125 -76.921826 32.178485
v 315.140545 -66.224730 41.469733
v 314.619079 -72.104191 39.824080
v 317.247444 -77.126450 37.333692
v 321.489585 -79.302172 33.841675
v 326.327907 -79.025726 30.699515
v 331.154983 -79.845867 27.797823
v 334.868222 -80.451974 25.411084
v 338.152651 -80.368904 22.587140
v 341.264390 -79.854277 20.670842
v 343.955141 -78.390305 18.352174
v 346.209452 -76.736450 15.765907
v 344.997678 -74.798165 12.940494
v 348.004168 -74.682219 11.465144
v 349.505165 -73.869029 10.720763
v 350.491510 -72.955826 10.632500
v 350.784358 -71.608868 10.168548
v 352.284718 -69.011443 10.284891
v 357.512340 -61.610528 9.153264
v 357.729606 -60.951531 7.727715
v 363.836883 -56.746733 5.955610
v 360.625169 -58.642529 7.132945
v 362.863805 -59.285402 4.832758
v 359.158985 -60.502274 5.083984
v 354.950378 -63.330638 8.617359
v 356.034860 -62.706860 6.153267
v 352.518892 -67.786399 7.671800
v 353.917880 -68.500626 5.328319
v 351.507956 -72.566330 7.321223
v 349.482688 -75.541515 7.024195
v 345.716447 -76.994856 8.740067
v 342.000488 -75.156695 14.598847
v 339.011999 -77.185384 17.246073
v 335.775206 -78.870656 19.488502
v 331.964350 -79.661273 21.984723
v 327.889306 -79.421498 24.789541
v 323.275347 -79.065507 27.816433
v 317.127481 -78.218807 31.523167
v 313.065463 -75.169286 36.574532
v 339.663447 -78.832057 11.077499
v 336.880661 -76.337605 14.142994
v 333.283013 -77.490977 16.153136
v 329.221365 -78.801917 18.980146
v 324.932263 -79.713389 21.630165
v 319.924028 -78.860583 24.569587
v 316.193638 -78.177645 27.604175
v 308.158673 -72.597326 36.493063
v 302.403897 -71.411430 37.713116
v 331.831717 -79.596957 13.004769
v 326.514243 -79.515800 16.104434
v 322.795661 -80.898378 14.711700
v 322.318217 -80.245717 18.503554
v 312.001023 -71.143175 38.425103
v 311.539860 -65.249205 40.290877
v 308.363610 -69.680751 38.680540
v 307.928698 -64.580343 39.859132
v 303.406569 -68.269265 39.081815
v 301.725690 -63.587161 40.895820
v 302.559402 -58.266013 41.375397
v 314.647335 -26.178127 7.946796
v 323.196613 -30.205206 7.825056
v 330.767044 -34.343873 7.551561
v 351.927853 -52.244751 16.483155
v 348.546552 -52.983493 21.334724
v 345.733862 -53.218095 24.732894
v 343.386886 -52.766863 28.199101
v 342.430932 -52.892045 30.779295
v 339.662336 -52.290193 31.764288
v 335.921493 -52.249635 33.910107
v 331.998253 -52.858508 36.643440
v 327.876504 -54.531551 38.957296
v 323.935280 -56.862965 40.275455
v 317.311516 -60.098767 40.947470
v 308.697099 -59.083740 40.210696
v 349.075509 -49.912555 11.239223
v 347.099059 -50.124046 17.033457
v 312.144536 -28.766085 18.791996
v 309.564457 -33.849833 28.356901
v 307.847710 -42.185252 35.367657
v 304.383650 -51.383074 40.977523
v 307.575205 -54.930717 40.392570
v 314.721323 -55.120825 39.134106
v 345.965351 -51.517012 20.252868
v 342.639883 -51.530712 22.807108
v 339.221297 -51.187507 27.391886
v 333.806332 -50.591816 30.227659
v 328.446322 -50.859587 33.234285
v 323.176745 -52.547254 36.429385
v 320.744291 -33.417373 16.985096
v 319.074745 -36.454745 26.219886
v 316.881999 -43.096816 32.926652
v 313.953888 -49.710104 37.095075
v 328.766925 -37.235833 15.727851
v 325.413396 -45.842136 30.642939
v 327.875792 -39.840313 24.337572
v 320.877608 -49.213995 34.895749
v 335.691433 -41.504836 14.163195
v 333.450855 -45.123715 20.452266
v 331.689112 -48.837564 25.614885
v 342.683812 -45.058661 13.253749
v 340.134191 -49.100303 19.000615
v 337.009806 -49.824927 24.046966
vt 0.215955 0.844272
vt 0.224027 0.848174
vt 0.219093 0.859328
vt 0.210632 0.853924
vt 0.232375 0.852106
vt 0.227328 0.864325
vt 0.228282 0.837522
vt 0.219894 0.835057
vt 0.236701 0.839855
vt 0.156141 0.786836
vt 0.147643 0.790847
vt 0.144488 0.781772
vt 0.153835 0.778190
vt 0.164298 0.783878
vt 0.163220 0.775931
vt 0.142034 0.772890
vt 0.152001 0.769652
vt 0.162307 0.767427
vt 0.220950 0.825191
vt 0.230541 0.826202
vt 0.239712 0.827086
vt 0.183379 0.782262
vt 0.173454 0.783522
vt 0.173574 0.774686
vt 0.184189 0.773747
vt 0.173380 0.765892
vt 0.185020 0.764726
vt 0.221241 0.814579
vt 0.219762 0.805208
vt 0.227849 0.802520
vt 0.230407 0.814338
vt 0.237381 0.799295
vt 0.240423 0.813459
vt 0.215005 0.797200
vt 0.208093 0.790327
vt 0.215188 0.783146
vt 0.222904 0.791844
vt 0.223908 0.775473
vt 0.232527 0.786421
vt 0.205011 0.776913
vt 0.200219 0.785103
vt 0.192141 0.782035
vt 0.194693 0.774021
vt 0.210398 0.767933
vt 0.197575 0.764811
vt 0.204523 0.864216
vt 0.213242 0.870399
vt 0.206858 0.881355
vt 0.198204 0.874402
vt 0.221332 0.876532
vt 0.214640 0.888495
vt 0.139049 0.795499
vt 0.135403 0.786128
vt 0.132193 0.777282
vt 0.130217 0.800209
vt 0.121618 0.806161
vt 0.117338 0.797171
vt 0.126272 0.791085
vt 0.112343 0.789160
vt 0.122306 0.782578
vt 0.175004 0.902528
vt 0.183287 0.893965
vt 0.190239 0.901560
vt 0.179562 0.910417
vt 0.196186 0.909713
vt 0.184510 0.918822
vt 0.139669 0.912227
vt 0.151519 0.912033
vt 0.154032 0.922147
vt 0.140487 0.924267
vt 0.156631 0.932413
vt 0.141290 0.935553
vt 0.105909 0.819592
vt 0.100462 0.829445
vt 0.093007 0.823456
vt 0.100145 0.812863
vt 0.084895 0.817785
vt 0.093262 0.806292
vt 0.082873 0.861275
vt 0.092186 0.862510
vt 0.092370 0.872232
vt 0.083740 0.873305
vt 0.074182 0.874817
vt 0.072999 0.860135
vt 0.095765 0.881940
vt 0.101439 0.891907
vt 0.093654 0.897999
vt 0.087386 0.885823
vt 0.085989 0.904198
vt 0.078589 0.889789
vt 0.127748 0.911261
vt 0.126611 0.922492
vt 0.113872 0.917263
vt 0.117511 0.908159
vt 0.108858 0.901203
vt 0.102614 0.908928
vt 0.109546 0.927380
vt 0.096468 0.916967
vt 0.124986 0.934283
vt 0.199473 0.891740
vt 0.190811 0.884326
vt 0.206453 0.899528
vt 0.113268 0.812513
vt 0.108408 0.804338
vt 0.102445 0.796910
vt 0.201968 0.796874
vt 0.195270 0.791524
vt 0.208612 0.802571
vt 0.203584 0.809159
vt 0.195657 0.803167
vt 0.188786 0.796723
vt 0.188565 0.810148
vt 0.197649 0.816983
vt 0.189846 0.825067
vt 0.180657 0.817903
vt 0.180536 0.802538
vt 0.172224 0.810250
vt 0.154653 0.843036
vt 0.164515 0.852102
vt 0.155249 0.862732
vt 0.144700 0.852434
vt 0.146529 0.832993
vt 0.136091 0.840787
vt 0.116060 0.880217
vt 0.122832 0.890105
vt 0.115097 0.894777
vt 0.108809 0.886225
vt 0.108485 0.871298
vt 0.102741 0.877706
vt 0.213680 0.807241
vt 0.190396 0.787830
vt 0.183788 0.789949
vt 0.212079 0.813904
vt 0.208920 0.824346
vt 0.173387 0.793521
vt 0.212776 0.832965
vt 0.181902 0.833637
vt 0.172395 0.826147
vt 0.164058 0.817325
vt 0.199790 0.832153
vt 0.165300 0.790487
vt 0.164849 0.801588
vt 0.208145 0.839405
vt 0.159167 0.794464
vt 0.173175 0.842537
vt 0.163437 0.834404
vt 0.153141 0.823239
vt 0.191821 0.840714
vt 0.201751 0.847993
vt 0.154467 0.811060
vt 0.151779 0.799866
vt 0.184007 0.850214
vt 0.175867 0.859904
vt 0.194728 0.857591
vt 0.187782 0.867296
vt 0.137833 0.822250
vt 0.147060 0.819585
vt 0.144350 0.808410
vt 0.134861 0.810336
vt 0.145706 0.876632
vt 0.134277 0.862823
vt 0.122837 0.849640
vt 0.132884 0.884624
vt 0.124345 0.872622
vt 0.114756 0.862087
vt 0.180571 0.877319
vt 0.167879 0.870407
vt 0.160948 0.882372
vt 0.173758 0.887257
vt 0.119728 0.833825
vt 0.130535 0.827980
vt 0.125927 0.816155
vt 0.117167 0.821423
vt 0.120036 0.901293
vt 0.163073 0.907682
vt 0.167146 0.917047
vt 0.171088 0.926469
vt 0.087186 0.836136
vt 0.095067 0.840694
vt 0.093354 0.851942
vt 0.083754 0.849197
vt 0.078507 0.831450
vt 0.074289 0.845779
vt 0.098478 0.871397
vt 0.127447 0.900433
vt 0.100774 0.864775
vt 0.149442 0.902646
vt 0.139233 0.898321
vt 0.102165 0.843718
vt 0.104422 0.853843
vt 0.111746 0.846497
vt 0.147478 0.890393
vt 0.157719 0.896071
vt 0.108602 0.835710
vt 0.169029 0.895344
vt 0.110344 0.825148
vt 0.227556 0.763129
vt 0.245680 0.781623
vt 0.214294 0.755800
vt 0.150380 0.761039
vt 0.161253 0.758852
vt 0.172926 0.757093
vt 0.185497 0.755661
vt 0.198956 0.755317
vt 0.247757 0.796493
vt 0.249711 0.812014
vt 0.248518 0.827342
vt 0.245370 0.841954
vt 0.240991 0.855871
vt 0.235533 0.869373
vt 0.229286 0.882682
vt 0.221901 0.895673
vt 0.212871 0.907019
vt 0.202016 0.917605
vt 0.189808 0.927372
vt 0.175636 0.935979
vt 0.159858 0.942894
vt 0.142527 0.946665
vt 0.123548 0.944251
vt 0.105504 0.936626
vt 0.090035 0.924974
vt 0.078024 0.910309
vt 0.069458 0.893787
vt 0.064125 0.876350
vt 0.062552 0.859044
vt 0.064368 0.842769
vt 0.068786 0.826813
vt 0.075326 0.812149
vt 0.084980 0.799704
vt 0.095812 0.789223
vt 0.106796 0.780827
vt 0.118012 0.774011
vt 0.128975 0.768478
vt 0.139744 0.763893
vt 0.058747 0.821940
vt 0.066224 0.806136
vt 0.075883 0.792295
vt 0.048356 0.817255
vt 0.056597 0.799831
vt 0.067241 0.784609
vt 0.088375 0.781184
vt 0.081508 0.772357
vt 0.096346 0.763008
vt 0.101370 0.772243
vt 0.113793 0.765307
vt 0.110245 0.756121
vt 0.125920 0.759664
vt 0.123222 0.750583
vt 0.137422 0.754804
vt 0.135312 0.745995
vt 0.148599 0.752019
vt 0.146849 0.742209
vt 0.159756 0.750284
vt 0.158401 0.740682
vt 0.171740 0.748419
vt 0.170264 0.739584
vt 0.184648 0.746333
vt 0.183290 0.736918
vt 0.198157 0.745092
vt 0.197487 0.734762
vt 0.211568 0.744262
vt 0.210858 0.734178
vt 0.258115 0.782092
vt 0.258861 0.794403
vt 0.267773 0.781016
vt 0.269128 0.791219
vt 0.260038 0.810543
vt 0.270063 0.809137
vt 0.268100 0.829162
vt 0.258382 0.827968
vt 0.264909 0.849467
vt 0.254902 0.844816
vt 0.250113 0.860184
vt 0.244013 0.874334
vt 0.258936 0.865116
vt 0.252623 0.879403
vt 0.237249 0.888443
vt 0.229172 0.901900
vt 0.245392 0.894073
vt 0.236980 0.907718
vt 0.219649 0.913920
vt 0.208511 0.925103
vt 0.227185 0.920296
vt 0.215911 0.931950
vt 0.196093 0.935785
vt 0.203688 0.943216
vt 0.181451 0.945400
vt 0.164152 0.952907
vt 0.189154 0.954024
vt 0.170212 0.962595
vt 0.144264 0.956537
vt 0.147331 0.966383
vt 0.122607 0.953778
vt 0.122178 0.963179
vt 0.102490 0.944857
vt 0.098908 0.953980
vt 0.084390 0.932103
vt 0.078235 0.939680
vt 0.069656 0.916125
vt 0.061412 0.921715
vt 0.059225 0.897648
vt 0.049338 0.901084
vt 0.053064 0.877652
vt 0.042470 0.879084
vt 0.041291 0.857615
vt 0.052107 0.858273
vt 0.053991 0.839591
vt 0.043432 0.836896
vt 0.200100 0.725951
vt 0.211662 0.724676
vt 0.276853 0.792294
vt 0.275953 0.781771
vt 0.284315 0.787252
vt 0.283928 0.797556
vt 0.195165 0.718733
vt 0.205831 0.717247
vt 0.222792 0.750066
vt 0.231640 0.752498
vt 0.250869 0.773447
vt 0.222371 0.741264
vt 0.259347 0.772327
vt 0.268121 0.772913
vt 0.220870 0.731844
vt 0.235029 0.740114
vt 0.231944 0.729010
vt 0.220887 0.724084
vt 0.276239 0.774752
vt 0.225894 0.720379
vt 0.213957 0.715225
vt 0.220074 0.711812
vt 0.285725 0.780043
vt 0.276235 0.809102
vt 0.283454 0.811773
vt 0.275683 0.830765
vt 0.283634 0.827039
vt 0.182517 0.720246
vt 0.184057 0.727793
vt 0.274561 0.848002
vt 0.280361 0.839969
vt 0.285982 0.838134
vt 0.281284 0.849859
vt 0.275451 0.859562
vt 0.282253 0.861537
vt 0.288204 0.848909
vt 0.289862 0.860347
vt 0.285969 0.875011
vt 0.276715 0.871287
vt 0.290427 0.873754
vt 0.268096 0.860341
vt 0.266173 0.870561
vt 0.261028 0.884486
vt 0.253762 0.899376
vt 0.269653 0.887845
vt 0.261998 0.903847
vt 0.277742 0.890215
vt 0.270116 0.907794
vt 0.095597 0.645885
vt 0.110273 0.644376
vt 0.244976 0.912921
vt 0.234908 0.925820
vt 0.252616 0.917859
vt 0.242511 0.930534
vt 0.260224 0.922203
vt 0.249068 0.935574
vt 0.123183 0.643797
vt 0.136822 0.645793
vt 0.224137 0.937365
vt 0.212865 0.948586
vt 0.232801 0.942369
vt 0.238597 0.946564
vt 0.147151 0.646414
vt 0.221976 0.950878
vt 0.229615 0.956940
vt 0.154391 0.648517
vt 0.200422 0.961650
vt 0.171352 0.655587
vt 0.216416 0.961925
vt 0.212912 0.958353
vt 0.169983 0.729453
vt 0.169967 0.722100
vt 0.158533 0.731781
vt 0.157847 0.724807
vt 0.145577 0.735671
vt 0.145564 0.727511
vt 0.184924 0.661602
vt 0.178099 0.971065
vt 0.151807 0.976073
vt 0.203692 0.670788
vt 0.121940 0.973449
vt 0.222899 0.680218
vt 0.094141 0.964893
vt 0.246305 0.690204
vt 0.070644 0.948121
vt 0.051975 0.927822
vt 0.263580 0.711067
vt 0.279950 0.727913
vt 0.038313 0.904828
vt 0.489500 0.700360
vt 0.029700 0.880751
vt 0.509235 0.710702
vt 0.028974 0.856525
vt 0.519202 0.729315
vt 0.031541 0.833799
vt 0.037090 0.811874
vt 0.529104 0.744773
vt 0.538857 0.760280
vt 0.046119 0.792706
vt 0.058671 0.776811
vt 0.546640 0.775908
vt 0.552061 0.791759
vt 0.074817 0.763101
vt 0.092384 0.753158
vt 0.107776 0.746606
vt 0.121569 0.741935
vt 0.134071 0.738456
vt 0.133421 0.730117
vt 0.120993 0.733220
vt 0.107314 0.736744
vt 0.090817 0.741820
vt 0.555247 0.808659
vt 0.568666 0.818172
vt 0.094721 0.727781
vt 0.582909 0.829383
vt 0.104078 0.711923
vt 0.594022 0.842311
vt 0.109455 0.697543
vt 0.116006 0.683983
vt 0.606485 0.853006
vt 0.616468 0.863921
vt 0.353993 0.851599
vt 0.056086 0.612954
vt 0.340190 0.855499
vt 0.064977 0.621249
vt 0.327227 0.858872
vt 0.314279 0.862077
vt 0.075644 0.627751
vt 0.085565 0.635173
vt 0.302232 0.869173
vt 0.191511 0.712227
vt 0.201007 0.710736
vt 0.208348 0.708660
vt 0.214043 0.705491
vt 0.293067 0.784483
vt 0.291395 0.791586
vt 0.290929 0.801568
vt 0.290236 0.813531
vt 0.291170 0.825691
vt 0.292728 0.836410
vt 0.295101 0.846779
vt 0.298432 0.857055
vt 0.180544 0.713534
vt 0.169073 0.715655
vt 0.157357 0.717763
vt 0.145655 0.720012
vt 0.133871 0.722713
vt 0.122061 0.724712
vt 0.109629 0.726282
vt 0.196852 0.705979
vt 0.202606 0.703661
vt 0.207580 0.700779
vt 0.299683 0.788428
vt 0.298170 0.795107
vt 0.188805 0.707206
vt 0.179081 0.708387
vt 0.168499 0.709980
vt 0.157214 0.711540
vt 0.146064 0.712820
vt 0.134729 0.715295
vt 0.124193 0.716775
vt 0.114306 0.716410
vt 0.297837 0.803793
vt 0.298179 0.813902
vt 0.299295 0.824986
vt 0.300721 0.834824
vt 0.302693 0.843743
vt 0.306600 0.852336
vt 0.312029 0.846151
vt 0.307715 0.841302
vt 0.308067 0.834619
vt 0.306860 0.824577
vt 0.306168 0.814681
vt 0.304496 0.805303
vt 0.304999 0.797340
vt 0.306282 0.790667
vt 0.202034 0.695935
vt 0.196998 0.700006
vt 0.193888 0.702796
vt 0.187495 0.702909
vt 0.178256 0.703313
vt 0.119422 0.710976
vt 0.125959 0.710528
vt 0.135388 0.707929
vt 0.146540 0.706344
vt 0.157552 0.705274
vt 0.168234 0.704577
vt 0.316966 0.852163
vt 0.324647 0.848122
vt 0.117977 0.706390
vt 0.122633 0.697348
vt 0.336242 0.843810
vt 0.349628 0.839519
vt 0.129026 0.685821
vt 0.318081 0.837186
vt 0.126099 0.705621
vt 0.134702 0.699660
vt 0.141869 0.688530
vt 0.153112 0.676889
vt 0.330960 0.831872
vt 0.316098 0.824564
vt 0.147756 0.699152
vt 0.313972 0.814552
vt 0.158484 0.699182
vt 0.312537 0.806022
vt 0.168395 0.698866
vt 0.325715 0.822183
vt 0.151434 0.691550
vt 0.155870 0.685341
vt 0.333727 0.819380
vt 0.160440 0.692827
vt 0.322499 0.813414
vt 0.163055 0.687043
vt 0.330602 0.811938
vt 0.165537 0.680931
vt 0.177863 0.697944
vt 0.168923 0.693293
vt 0.319814 0.805623
vt 0.170318 0.688581
vt 0.173514 0.684133
vt 0.326901 0.804431
vt 0.188192 0.696699
vt 0.311839 0.798756
vt 0.312448 0.793056
vt 0.194644 0.691743
vt 0.317760 0.799199
vt 0.176390 0.692901
vt 0.183346 0.691156
vt 0.189111 0.688067
vt 0.316624 0.794864
vt 0.175365 0.689614
vt 0.323690 0.798017
vt 0.179234 0.687230
vt 0.578396 0.802943
vt 0.566545 0.798010
vt 0.588948 0.814541
vt 0.096568 0.625564
vt 0.101431 0.634669
vt 0.084736 0.617106
vt 0.073500 0.609700
vt 0.061782 0.601507
vt 0.602237 0.828417
vt 0.614749 0.842153
vt 0.625262 0.854031
vt 0.111508 0.634253
vt 0.562131 0.786991
vt 0.558411 0.772346
vt 0.549073 0.755150
vt 0.539197 0.739335
vt 0.529629 0.725559
vt 0.123374 0.633419
vt 0.136073 0.634352
vt 0.147688 0.636630
vt 0.158754 0.640009
vt 0.171291 0.644579
vt 0.188170 0.652056
vt 0.207032 0.660781
vt 0.263332 0.694342
vt 0.274270 0.705484
vt 0.505101 0.697058
vt 0.493351 0.689897
vt 0.288840 0.719761
vt 0.224224 0.669201
vt 0.237710 0.675350
vt 0.522628 0.714841
vt 0.242989 0.667763
vt 0.255414 0.678000
vt 0.269289 0.686835
vt 0.510684 0.688456
vt 0.519970 0.698838
vt 0.530234 0.707591
vt 0.539250 0.718479
vt 0.498819 0.679525
vt 0.282863 0.697385
vt 0.229020 0.659086
vt 0.212511 0.649944
vt 0.195164 0.641632
vt 0.178970 0.634588
vt 0.164612 0.629653
vt 0.151018 0.625900
vt 0.137797 0.623527
vt 0.124810 0.622410
vt 0.111762 0.622703
vt 0.297996 0.710017
vt 0.549058 0.731933
vt 0.559091 0.748103
vt 0.568184 0.765656
vt 0.574437 0.783026
vt 0.128531 0.609439
vt 0.115949 0.608479
vt 0.141523 0.611510
vt 0.156349 0.614187
vt 0.171007 0.618277
vt 0.186033 0.623749
vt 0.201963 0.630415
vt 0.219336 0.638919
vt 0.235549 0.648413
vt 0.249899 0.657846
vt 0.263066 0.667324
vt 0.276725 0.676398
vt 0.290797 0.686547
vt 0.306636 0.698048
vt 0.504604 0.668305
vt 0.517408 0.677954
vt 0.528626 0.687982
vt 0.539376 0.698236
vt 0.549338 0.709404
vt 0.559434 0.722276
vt 0.570160 0.739164
vt 0.579908 0.756739
vt 0.587613 0.774058
vt 0.594849 0.792045
vt 0.103441 0.607042
vt 0.604787 0.804810
vt 0.615037 0.817232
vt 0.625978 0.830850
vt 0.635052 0.843812
vt 0.067634 0.588137
vt 0.080237 0.595553
vt 0.091837 0.601957
vt 0.121637 0.593704
vt 0.134237 0.595859
vt 0.147843 0.598517
vt 0.162360 0.601557
vt 0.177177 0.606057
vt 0.192520 0.612065
vt 0.208904 0.618937
vt 0.226153 0.627323
vt 0.242849 0.637086
vt 0.257438 0.646870
vt 0.270632 0.655587
vt 0.284046 0.664789
vt 0.315289 0.685618
vt 0.511818 0.657227
vt 0.525238 0.667105
vt 0.537613 0.677469
vt 0.549109 0.688386
vt 0.559970 0.699999
vt 0.570634 0.712539
vt 0.581944 0.729049
vt 0.592324 0.746645
vt 0.600491 0.763657
vt 0.609422 0.780698
vt 0.109390 0.591159
vt 0.619360 0.794405
vt 0.628862 0.806449
vt 0.640032 0.820495
vt 0.646367 0.834643
vt 0.072173 0.573936
vt 0.085375 0.580882
vt 0.097533 0.586588
vt 0.298509 0.674389
vt 0.658258 0.828584
vt 0.075944 0.559619
vt 0.167823 0.587867
vt 0.182960 0.593234
vt 0.127082 0.579426
vt 0.139518 0.582180
vt 0.152970 0.585115
vt 0.115001 0.576131
vt 0.089687 0.565936
vt 0.102448 0.571724
vt 0.265286 0.636065
vt 0.278485 0.644007
vt 0.198405 0.600145
vt 0.215265 0.607333
vt 0.232955 0.615859
vt 0.250250 0.625522
vt 0.547000 0.666976
vt 0.534025 0.656425
vt 0.291881 0.653400
vt 0.324212 0.673384
vt 0.519931 0.646350
vt 0.307465 0.663008
vt 0.604776 0.737836
vt 0.614056 0.753784
vt 0.559417 0.678618
vt 0.570907 0.690633
vt 0.582451 0.703786
vt 0.594303 0.721309
vt 0.624307 0.769610
vt 0.633933 0.784850
vt 0.642861 0.799480
vt 0.651218 0.814006
vt 0.120721 0.561263
vt 0.108050 0.556684
vt 0.094520 0.550514
vt 0.080716 0.544546
vt 0.671099 0.821131
vt 0.663370 0.806352
vt 0.655254 0.791837
vt 0.646531 0.776608
vt 0.635552 0.759363
vt 0.625391 0.746516
vt 0.616065 0.729547
vt 0.605394 0.711597
vt 0.594047 0.695130
vt 0.582462 0.681188
vt 0.570277 0.668529
vt 0.557306 0.656707
vt 0.543467 0.645626
vt 0.528758 0.635394
vt 0.333781 0.661146
vt 0.316957 0.651000
vt 0.300981 0.641957
vt 0.286605 0.633367
vt 0.272781 0.624748
vt 0.256790 0.613961
vt 0.239544 0.604067
vt 0.221432 0.595450
vt 0.204497 0.588671
vt 0.132510 0.564982
vt 0.144804 0.568498
vt 0.158199 0.571707
vt 0.172379 0.575858
vt 0.188511 0.581230
vt 0.100972 0.535822
vt 0.114208 0.541567
vt 0.086284 0.529487
vt 0.684174 0.812870
vt 0.126610 0.546288
vt 0.138369 0.550218
vt 0.150477 0.553777
vt 0.163450 0.557534
vt 0.177547 0.562043
vt 0.193149 0.567833
vt 0.210240 0.574708
vt 0.228024 0.582048
vt 0.246265 0.590913
vt 0.263957 0.600901
vt 0.280392 0.610988
vt 0.295791 0.620042
vt 0.311237 0.628876
vt 0.327370 0.638385
vt 0.343918 0.648488
vt 0.538351 0.623914
vt 0.553922 0.634329
vt 0.568527 0.645579
vt 0.582183 0.657816
vt 0.595109 0.671017
vt 0.607685 0.685721
vt 0.619559 0.701884
vt 0.630936 0.719048
vt 0.641515 0.734977
vt 0.676453 0.797854
vt 0.668261 0.782726
vt 0.659694 0.767204
vt 0.650238 0.750408
vt 0.107797 0.521933
vt 0.121181 0.527669
vt 0.645330 0.708706
vt 0.656402 0.724971
vt 0.338068 0.626095
vt 0.354688 0.636850
vt 0.216851 0.560095
vt 0.235081 0.567829
vt 0.132757 0.531853
vt 0.144022 0.535302
vt 0.155653 0.538637
vt 0.168374 0.542054
vt 0.183301 0.546198
vt 0.199247 0.552401
vt 0.092839 0.515320
vt 0.697879 0.805287
vt 0.690399 0.789335
vt 0.682622 0.773581
vt 0.674484 0.757549
vt 0.665932 0.740984
vt 0.548096 0.612519
vt 0.564785 0.622559
vt 0.580481 0.634016
vt 0.594695 0.646867
vt 0.607950 0.660677
vt 0.621094 0.676032
vt 0.633684 0.692274
vt 0.253705 0.577098
vt 0.271869 0.587172
vt 0.288809 0.597190
vt 0.305161 0.606474
vt 0.321491 0.616029
vt 0.713018 0.797465
vt 0.099236 0.500212
vt 0.206715 0.538210
vt 0.224303 0.545655
vt 0.348839 0.614270
vt 0.365702 0.625911
vt 0.647483 0.682307
vt 0.659801 0.699011
vt 0.671343 0.715621
vt 0.705799 0.781306
vt 0.698177 0.765130
vt 0.690104 0.748828
vt 0.681586 0.732155
vt 0.114437 0.507365
vt 0.127413 0.512494
vt 0.139293 0.516374
vt 0.150609 0.519841
vt 0.162236 0.523122
vt 0.174968 0.526578
vt 0.190075 0.531487
vt 0.242721 0.553942
vt 0.261418 0.563052
vt 0.279897 0.573206
vt 0.297562 0.583324
vt 0.314605 0.593289
vt 0.331732 0.603468
vt 0.557380 0.600943
vt 0.575029 0.611500
vt 0.591499 0.623202
vt 0.606626 0.636122
vt 0.620853 0.650615
vt 0.634535 0.666115
vt 0.231765 0.531264
vt 0.250461 0.539961
vt 0.239084 0.516708
vt 0.258213 0.526017
vt 0.246944 0.501909
vt 0.266584 0.511768
vt 0.105275 0.483277
vt 0.120289 0.490054
vt 0.111521 0.466283
vt 0.126426 0.473291
vt 0.118481 0.449030
vt 0.133458 0.456682
vt 0.661397 0.672300
vt 0.674205 0.689241
vt 0.675465 0.661685
vt 0.688975 0.679223
vt 0.689676 0.650200
vt 0.703749 0.668436
vt 0.377077 0.615024
vt 0.566563 0.588905
vt 0.389088 0.603992
vt 0.575680 0.575978
vt 0.402038 0.592390
vt 0.585001 0.561838
vt 0.359793 0.602438
vt 0.269452 0.549613
vt 0.288254 0.559941
vt 0.306369 0.570044
vt 0.324103 0.580264
vt 0.342070 0.591024
vt 0.371336 0.590506
vt 0.277569 0.536078
vt 0.296699 0.546435
vt 0.315471 0.556653
vt 0.334048 0.567162
vt 0.352641 0.578322
vt 0.383630 0.578206
vt 0.286491 0.522029
vt 0.306057 0.532447
vt 0.325413 0.542874
vt 0.344704 0.553710
vt 0.364121 0.565371
vt 0.213979 0.523346
vt 0.133945 0.495740
vt 0.146068 0.499830
vt 0.157789 0.503778
vt 0.169957 0.507581
vt 0.183038 0.511651
vt 0.197712 0.516722
vt 0.221115 0.508428
vt 0.140119 0.479005
vt 0.152599 0.483754
vt 0.164849 0.487927
vt 0.177237 0.492083
vt 0.190599 0.496669
vt 0.205292 0.502019
vt 0.228988 0.493495
vt 0.147179 0.463002
vt 0.160093 0.467965
vt 0.172566 0.472352
vt 0.184972 0.476753
vt 0.198251 0.481413
vt 0.212926 0.486801
vt 0.728817 0.789558
vt 0.686202 0.706425
vt 0.721963 0.773387
vt 0.714163 0.757140
vt 0.706006 0.740544
vt 0.697075 0.723599
vt 0.746804 0.782332
vt 0.701774 0.696994
vt 0.738868 0.765762
vt 0.730809 0.748598
vt 0.722367 0.732106
vt 0.713025 0.714681
vt 0.765656 0.772887
vt 0.717133 0.686778
vt 0.756632 0.755916
vt 0.747593 0.738601
vt 0.738646 0.722118
vt 0.729084 0.705012
vt 0.585114 0.599992
vt 0.602470 0.612097
vt 0.618484 0.625397
vt 0.633587 0.639986
vt 0.647785 0.655715
vt 0.595405 0.587526
vt 0.613793 0.600097
vt 0.630621 0.613705
vt 0.646393 0.628568
vt 0.661325 0.644712
vt 0.605995 0.573665
vt 0.625403 0.586562
vt 0.643322 0.600703
vt 0.659732 0.616070
vt 0.675066 0.632748
vt 0.237510 0.478331
vt 0.255810 0.486883
vt 0.221228 0.471576
vt 0.206515 0.466078
vt 0.193374 0.461354
vt 0.783596 0.761827
vt 0.773826 0.744917
vt 0.764618 0.728380
vt 0.126473 0.431573
vt 0.141300 0.440294
vt 0.155186 0.446496
vt 0.168152 0.451867
vt 0.180738 0.456705
vt 0.688954 0.619621
vt 0.704139 0.637951
vt 0.718698 0.656676
vt 0.732436 0.675525
vt 0.755216 0.711708
vt 0.745011 0.694375
vt 0.416865 0.580173
vt 0.594841 0.545942
vt 0.617263 0.558028
vt 0.637583 0.571370
vt 0.656205 0.585988
vt 0.673379 0.601965
vt 0.276164 0.497245
vt 0.397124 0.565143
vt 0.296529 0.507654
vt 0.316734 0.518136
vt 0.336732 0.528696
vt 0.356683 0.539744
vt 0.376748 0.551711
vt 0.246924 0.463241
vt 0.265925 0.472213
vt 0.257076 0.448238
vt 0.277281 0.458226
vt 0.267830 0.433420
vt 0.288392 0.443933
vt 0.277920 0.418101
vt 0.298800 0.428676
vt 0.286135 0.403382
vt 0.306498 0.408283
vt 0.412005 0.550929
vt 0.580472 0.518017
vt 0.428081 0.535502
vt 0.590959 0.498875
vt 0.445053 0.519993
vt 0.602849 0.479136
vt 0.462273 0.503124
vt 0.615613 0.458218
vt 0.479908 0.485564
vt 0.506225 0.503700
vt 0.687353 0.586426
vt 0.703274 0.605525
vt 0.701285 0.570745
vt 0.717666 0.590811
vt 0.715245 0.554476
vt 0.732090 0.575849
vt 0.729228 0.540861
vt 0.746459 0.562578
vt 0.403612 0.974969
vt 0.423634 0.962997
vt 0.771599 0.699861
vt 0.781520 0.716527
vt 0.787697 0.686464
vt 0.798250 0.703251
vt 0.803671 0.671798
vt 0.814792 0.688034
vt 0.819577 0.656401
vt 0.831249 0.672287
vt 0.230262 0.456244
vt 0.215314 0.450466
vt 0.202302 0.445554
vt 0.791491 0.733151
vt 0.801845 0.749055
vt 0.135423 0.413183
vt 0.149943 0.422275
vt 0.163889 0.429324
vt 0.176796 0.435219
vt 0.189559 0.440633
vt 0.239847 0.440623
vt 0.224783 0.434537
vt 0.211596 0.429381
vt 0.808680 0.719222
vt 0.819685 0.734433
vt 0.145243 0.394871
vt 0.159230 0.404144
vt 0.172855 0.411727
vt 0.186035 0.418475
vt 0.198798 0.424249
vt 0.249711 0.424657
vt 0.234588 0.418390
vt 0.221176 0.413014
vt 0.826122 0.703787
vt 0.837901 0.718889
vt 0.155109 0.376503
vt 0.168995 0.386133
vt 0.182614 0.394620
vt 0.195588 0.401425
vt 0.208379 0.407761
vt 0.259425 0.408748
vt 0.244114 0.401774
vt 0.230889 0.396546
vt 0.842857 0.687092
vt 0.854544 0.701033
vt 0.165624 0.357896
vt 0.179310 0.367821
vt 0.192460 0.376504
vt 0.205408 0.384232
vt 0.218227 0.390972
vt 0.835529 0.640550
vt 0.847856 0.655655
vt 0.268478 0.396571
vt 0.253597 0.389515
vt 0.240678 0.382120
vt 0.859877 0.670044
vt 0.871174 0.683490
vt 0.176406 0.339065
vt 0.189698 0.348961
vt 0.202583 0.358247
vt 0.215443 0.366050
vt 0.228301 0.373888
vt 0.718847 0.624914
vt 0.733691 0.644184
vt 0.747851 0.663426
vt 0.760737 0.682256
vt 0.733586 0.611169
vt 0.748871 0.631139
vt 0.763149 0.650485
vt 0.776311 0.669110
vt 0.748462 0.597288
vt 0.763798 0.617540
vt 0.778384 0.636900
vt 0.791726 0.654886
vt 0.763009 0.583581
vt 0.778464 0.603774
vt 0.793735 0.622891
vt 0.807075 0.640149
vt 0.444347 0.952832
vt 0.464557 0.955787
vt 0.481300 0.968204
vt 0.822767 0.624808
vt 0.286971 0.482922
vt 0.307991 0.493436
vt 0.328796 0.503826
vt 0.349372 0.514201
vt 0.369896 0.525166
vt 0.390531 0.537001
vt 0.298458 0.468772
vt 0.320029 0.479103
vt 0.341589 0.489175
vt 0.362789 0.499209
vt 0.383942 0.509710
vt 0.405501 0.521526
vt 0.310122 0.454179
vt 0.332273 0.464065
vt 0.354662 0.473707
vt 0.376766 0.483403
vt 0.398633 0.493581
vt 0.421011 0.505131
vt 0.321359 0.438362
vt 0.344461 0.447612
vt 0.367989 0.456889
vt 0.390917 0.466074
vt 0.413528 0.475922
vt 0.437073 0.487793
vt 0.331750 0.420529
vt 0.356619 0.429258
vt 0.381442 0.437911
vt 0.405393 0.446781
vt 0.428908 0.456921
vt 0.453528 0.469459
vt 0.605653 0.528293
vt 0.629310 0.540949
vt 0.650732 0.554741
vt 0.669885 0.569788
vt 0.617624 0.509581
vt 0.642035 0.522893
vt 0.664110 0.537303
vt 0.683862 0.552750
vt 0.630329 0.490396
vt 0.655679 0.504272
vt 0.677969 0.519334
vt 0.697529 0.535644
vt 0.644157 0.471001
vt 0.669928 0.485438
vt 0.692453 0.501329
vt 0.711680 0.519478
vt 0.658631 0.451485
vt 0.684682 0.467106
vt 0.706724 0.484258
vt 0.381219 0.989817
vt 0.720740 0.467703
vt 0.362026 0.981407
vt 0.736315 0.451050
vt 0.346210 0.969952
vt 0.751324 0.434581
vt 0.328813 0.960263
vt 0.496227 0.954218
vt 0.837589 0.607387
vt 0.511067 0.945051
vt 0.850101 0.588813
vt 0.527985 0.937311
vt 0.859689 0.567992
vt 0.226823 0.346622
vt 0.158811 0.269988
vt 0.237835 0.326517
vt 0.142720 0.263125
vt 0.250213 0.307454
vt 0.126346 0.260713
vt 0.221151 0.231494
vt 0.341182 0.399947
vt 0.228263 0.211434
vt 0.351196 0.380266
vt 0.235048 0.193615
vt 0.360878 0.360012
vt 0.470140 0.451140
vt 0.497159 0.468390
vt 0.485457 0.433516
vt 0.513416 0.451070
vt 0.499934 0.415757
vt 0.528517 0.433590
vt 0.368158 0.408860
vt 0.394592 0.417209
vt 0.419808 0.425949
vt 0.444582 0.437000
vt 0.378383 0.388061
vt 0.406596 0.396202
vt 0.433185 0.405407
vt 0.459141 0.418196
vt 0.388059 0.366909
vt 0.416764 0.374746
vt 0.445325 0.385254
vt 0.472466 0.399524
vt 0.524689 0.487321
vt 0.674713 0.431856
vt 0.700465 0.449497
vt 0.542062 0.470590
vt 0.692600 0.411553
vt 0.719264 0.431498
vt 0.557745 0.454221
vt 0.708324 0.392196
vt 0.736535 0.414368
vt 0.850841 0.623001
vt 0.863463 0.637718
vt 0.876093 0.652125
vt 0.889325 0.666602
vt 0.187610 0.319661
vt 0.201060 0.329803
vt 0.213468 0.338770
vt 0.864480 0.603636
vt 0.878400 0.618525
vt 0.892271 0.632769
vt 0.905849 0.646626
vt 0.199967 0.300638
vt 0.213103 0.310621
vt 0.225731 0.319214
vt 0.875782 0.582655
vt 0.891368 0.597101
vt 0.906549 0.610599
vt 0.922559 0.623550
vt 0.214966 0.279650
vt 0.227249 0.290760
vt 0.239196 0.299572
vt 0.547979 0.937623
vt 0.868118 0.545469
vt 0.266358 0.288999
vt 0.102192 0.261512
vt 0.885087 0.559560
vt 0.901891 0.573889
vt 0.918201 0.586064
vt 0.935114 0.596679
vt 0.233029 0.260384
vt 0.244251 0.271697
vt 0.255438 0.280815
vt 0.570349 0.934463
vt 0.873612 0.520802
vt 0.281676 0.272928
vt 0.290416 0.280876
vt 0.891535 0.534927
vt 0.909878 0.548941
vt 0.927726 0.561032
vt 0.945765 0.570358
vt 0.252274 0.244471
vt 0.262762 0.254666
vt 0.272588 0.264071
vt 0.764508 0.418865
vt 0.312342 0.952381
vt 0.241772 0.173468
vt 0.370487 0.338957
vt 0.513618 0.396974
vt 0.542467 0.415986
vt 0.398943 0.346764
vt 0.428457 0.354837
vt 0.457697 0.365705
vt 0.485747 0.380212
vt 0.571608 0.437102
vt 0.718916 0.373999
vt 0.747521 0.396102
vt 0.776784 0.403521
vt 0.296358 0.944476
vt 0.250754 0.157165
vt 0.381823 0.319682
vt 0.527619 0.377538
vt 0.556030 0.396270
vt 0.411333 0.327701
vt 0.440956 0.336458
vt 0.470316 0.347113
vt 0.499164 0.360675
vt 0.584217 0.417947
vt 0.728832 0.356326
vt 0.756746 0.379206
vt 0.864305 0.492036
vt 0.878248 0.493855
vt 0.298283 0.260451
vt 0.300119 0.270334
vt 0.896804 0.504412
vt 0.915948 0.517224
vt 0.934630 0.528217
vt 0.953362 0.537075
vt 0.275529 0.227498
vt 0.283380 0.239984
vt 0.291544 0.250041
vt 0.787193 0.385588
vt 0.809457 0.411669
vt 0.370700 0.293649
vt 0.397105 0.300806
vt 0.541757 0.357068
vt 0.570592 0.376535
vt 0.425847 0.308943
vt 0.455044 0.317757
vt 0.483993 0.327406
vt 0.513069 0.340612
vt 0.598270 0.398438
vt 0.738193 0.337023
vt 0.765316 0.360307
vt 0.312187 0.270308
vt 0.071407 0.270129
vt 0.237548 0.148827
vt 0.354675 0.286324
vt 0.326648 0.273675
vt 0.054277 0.272499
vt 0.340469 0.279286
vt 0.225835 0.138069
vt 0.821888 0.425631
vt 0.297611 0.926804
vt 0.585632 0.922507
vt 0.858904 0.475058
vt 0.835673 0.440173
vt 0.613743 0.900395
vt 0.848005 0.456494
vt 0.599503 0.911028
vt 0.556666 0.336846
vt 0.585199 0.356535
vt 0.571038 0.319011
vt 0.599679 0.337093
vt 0.584623 0.300296
vt 0.613078 0.317481
vt 0.597106 0.280532
vt 0.625799 0.296179
vt 0.391796 0.274632
vt 0.414092 0.281458
vt 0.410775 0.256726
vt 0.432783 0.264020
vt 0.428933 0.240099
vt 0.450173 0.247551
vt 0.446343 0.223685
vt 0.466871 0.231824
vt 0.797538 0.362993
vt 0.818322 0.386410
vt 0.807574 0.340227
vt 0.827217 0.362121
vt 0.817023 0.316964
vt 0.835621 0.338925
vt 0.828189 0.292571
vt 0.846077 0.315144
vt 0.613783 0.379275
vt 0.749366 0.315746
vt 0.774894 0.339063
vt 0.627898 0.359515
vt 0.761096 0.293645
vt 0.785665 0.317235
vt 0.640041 0.338770
vt 0.770278 0.270789
vt 0.795108 0.293803
vt 0.652340 0.316858
vt 0.781966 0.246155
vt 0.806243 0.269591
vt 0.441227 0.289779
vt 0.470037 0.298416
vt 0.499064 0.308137
vt 0.528004 0.320744
vt 0.457775 0.271710
vt 0.485732 0.280302
vt 0.514301 0.290850
vt 0.542597 0.303768
vt 0.474649 0.255581
vt 0.501251 0.264407
vt 0.528245 0.274506
vt 0.556191 0.286255
vt 0.489771 0.239843
vt 0.514495 0.248258
vt 0.540591 0.257297
vt 0.568536 0.267498
vt 0.862587 0.335955
vt 0.852205 0.358634
vt 0.409588 0.233067
vt 0.426768 0.215491
vt 0.833477 0.402917
vt 0.843547 0.380733
vt 0.372825 0.267935
vt 0.391428 0.249678
vt 0.848382 0.419809
vt 0.356491 0.261826
vt 0.340612 0.255830
vt 0.862369 0.438469
vt 0.878246 0.462694
vt 0.321475 0.250307
vt 0.901428 0.475224
vt 0.313410 0.236852
vt 0.921219 0.486715
vt 0.939758 0.496490
vt 0.306361 0.225024
vt 0.300610 0.212288
vt 0.957745 0.504074
vt 0.859086 0.398288
vt 0.874333 0.415773
vt 0.890444 0.433828
vt 0.908580 0.447923
vt 0.373830 0.243760
vt 0.357586 0.238303
vt 0.342932 0.231977
vt 0.333335 0.224094
vt 0.328644 0.213604
vt 0.325095 0.201161
vt 0.960398 0.474007
vt 0.926506 0.458915
vt 0.943742 0.467378
vt 0.390881 0.226730
vt 0.868749 0.376696
vt 0.884686 0.393965
vt 0.373314 0.223325
vt 0.900993 0.410233
vt 0.359324 0.218343
vt 0.915205 0.424560
vt 0.347553 0.215939
vt 0.931549 0.434037
vt 0.349670 0.206217
vt 0.947989 0.441277
vt 0.963026 0.446608
vt 0.348747 0.193351
vt 0.607431 0.259687
vt 0.638398 0.270639
vt 0.464017 0.207128
vt 0.482202 0.216170
vt 0.841301 0.268172
vt 0.858530 0.292168
vt 0.665114 0.293432
vt 0.797249 0.218603
vt 0.819697 0.245332
vt 0.502448 0.223920
vt 0.525474 0.232125
vt 0.550315 0.239120
vt 0.578369 0.247181
vt 0.874718 0.313207
vt 0.445684 0.196145
vt 0.879109 0.355387
vt 0.894239 0.373735
vt 0.913084 0.389085
vt 0.921008 0.408562
vt 0.934215 0.412295
vt 0.405265 0.209026
vt 0.384775 0.211457
vt 0.374077 0.202586
vt 0.950202 0.416949
vt 0.372232 0.187226
vt 0.965511 0.421085
vt 0.932810 0.390180
vt 0.949935 0.393289
vt 0.965454 0.396186
vt 0.394822 0.180257
vt 0.398487 0.194334
vt 0.915338 0.362072
vt 0.932671 0.365566
vt 0.949347 0.368765
vt 0.964687 0.371400
vt 0.416767 0.172482
vt 0.420329 0.185573
vt 0.423723 0.196906
vt 0.893873 0.333206
vt 0.900822 0.356604
vt 0.931957 0.339983
vt 0.914481 0.336433
vt 0.948151 0.342982
vt 0.963294 0.345695
vt 0.439401 0.164307
vt 0.442643 0.178840
vt 0.658761 0.255384
vt 0.677624 0.272520
vt 0.799655 0.189177
vt 0.673508 0.240194
vt 0.689340 0.254496
vt 0.804756 0.166267
vt 0.613725 0.239330
vt 0.586421 0.222278
vt 0.609070 0.207588
vt 0.627679 0.224382
vt 0.837229 0.202130
vt 0.858330 0.209989
vt 0.857165 0.242715
vt 0.832168 0.225435
vt 0.574735 0.197936
vt 0.595173 0.188135
vt 0.565370 0.179561
vt 0.557724 0.166105
vt 0.576332 0.156819
vt 0.584356 0.170735
vt 0.929558 0.214762
vt 0.942668 0.215801
vt 0.943354 0.239244
vt 0.929810 0.238316
vt 0.899159 0.212576
vt 0.915036 0.213750
vt 0.915238 0.237258
vt 0.899574 0.236784
vt 0.644610 0.238804
vt 0.632727 0.249802
vt 0.819065 0.194009
vt 0.816314 0.212633
vt 0.881313 0.237992
vt 0.880454 0.211638
vt 0.883992 0.292098
vt 0.871794 0.272355
vt 0.898909 0.304427
vt 0.915402 0.309956
vt 0.931323 0.313553
vt 0.946575 0.316194
vt 0.961222 0.318310
vt 0.464100 0.153183
vt 0.468699 0.166663
vt 0.475011 0.180272
vt 0.486534 0.191565
vt 0.500313 0.201390
vt 0.516266 0.209787
vt 0.534566 0.217215
vt 0.556622 0.220616
vt 0.554821 0.203622
vt 0.886125 0.262219
vt 0.890671 0.278733
vt 0.539919 0.206485
vt 0.530684 0.198793
vt 0.519251 0.188627
vt 0.509079 0.178041
vt 0.901909 0.282177
vt 0.916372 0.285267
vt 0.931253 0.287783
vt 0.945814 0.289834
vt 0.500138 0.166589
vt 0.493493 0.153882
vt 0.959738 0.291363
vt 0.488552 0.141483
vt 0.900991 0.260482
vt 0.547210 0.189494
vt 0.915677 0.261380
vt 0.930403 0.262855
vt 0.538779 0.177395
vt 0.530481 0.165664
vt 0.944619 0.264202
vt 0.957954 0.265168
vt 0.512260 0.130145
vt 0.517101 0.141836
vt 0.522991 0.153757
vt 0.569728 0.144324
vt 0.550679 0.154035
vt 0.544446 0.142404
vt 0.564448 0.132966
vt 0.539335 0.131011
vt 0.560135 0.122101
vt 0.954849 0.216571
vt 0.531434 0.108767
vt 0.556550 0.111526
vt 0.535142 0.120023
vt 0.686542 0.225888
vt 0.699967 0.237877
vt 0.810050 0.146098
vt 0.594478 0.148039
vt 0.588149 0.135891
vt 0.915352 0.191746
vt 0.899474 0.190243
vt 0.841129 0.179610
vt 0.860643 0.185056
vt 0.822571 0.172932
vt 0.880991 0.188183
vt 0.627513 0.195364
vt 0.643069 0.211240
vt 0.603052 0.161855
vt 0.614024 0.178269
vt 0.658692 0.226119
vt 0.583376 0.124927
vt 0.929768 0.193017
vt 0.942581 0.194088
vt 0.954326 0.195034
vt 0.576154 0.104201
vt 0.579444 0.114515
vt 0.431718 0.639572
vt 0.420941 0.635506
vt 0.423198 0.626651
vt 0.446096 0.693207
vt 0.437227 0.684918
vt 0.428363 0.689843
vt 0.424786 0.679166
vt 0.434102 0.676295
vt 0.419493 0.647109
vt 0.427673 0.648074
vt 0.425788 0.655988
vt 0.418533 0.655672
vt 0.423196 0.672718
vt 0.430855 0.670420
vt 0.429254 0.663858
vt 0.419916 0.664723
vt 0.412793 0.634344
vt 0.413310 0.625764
vt 0.419767 0.693056
vt 0.416756 0.682551
vt 0.411542 0.645938
vt 0.410177 0.655244
vt 0.415082 0.675085
vt 0.411479 0.665581
vt 0.402164 0.634352
vt 0.402587 0.625523
vt 0.409162 0.695015
vt 0.406437 0.684720
vt 0.401204 0.646611
vt 0.399839 0.656671
vt 0.405066 0.677457
vt 0.401324 0.667843
vt 0.392054 0.633007
vt 0.392462 0.623724
vt 0.398740 0.696960
vt 0.395896 0.686623
vt 0.391321 0.647586
vt 0.389299 0.658811
vt 0.395073 0.680702
vt 0.391064 0.670724
vt 0.843062 0.041543
vt 0.835143 0.039595
vt 0.759343 0.151742
vt 0.755224 0.145205
vt 0.381248 0.647073
vt 0.378332 0.659612
vt 0.384365 0.683432
vt 0.381053 0.671827
vt 0.454174 0.685118
vt 0.438247 0.645929
vt 0.442850 0.678493
vt 0.439403 0.672522
vt 0.434483 0.649898
vt 0.432848 0.657303
vt 0.437578 0.668207
vt 0.434467 0.662117
vt 0.438565 0.655097
vt 0.440557 0.660162
vt 0.444560 0.665869
vt 0.438691 0.651945
vt 0.445285 0.670642
vt 0.448230 0.673311
vt 0.443090 0.648816
vt 0.456283 0.676985
vt 0.447820 0.659809
vt 0.458224 0.672850
vt 0.447124 0.651121
vt 0.832787 0.048737
vt 0.840984 0.050546
vt 0.752907 0.158615
vt 0.747846 0.148313
vt 0.850791 0.051709
vt 0.836936 0.060074
vt 0.828477 0.058321
vt 0.745255 0.165182
vt 0.740398 0.154923
vt 0.846470 0.060758
vt 0.825092 0.063544
vt 0.833406 0.065975
vt 0.830257 0.071949
vt 0.740853 0.178965
vt 0.739912 0.168974
vt 0.734465 0.172626
vt 0.734363 0.160369
vt 0.727732 0.165240
vt 0.842930 0.068814
vt 0.837070 0.073740
vt 0.758625 0.136914
vt 0.664977 0.015362
vt 0.936801 0.060039
vt 0.745433 0.142227
vt 0.750749 0.138935
vt 0.855756 0.051993
vt 0.860255 0.045745
vt 0.943204 0.173270
vt 0.954336 0.174492
vt 0.620393 0.153181
vt 0.631067 0.168656
vt 0.862221 0.163045
vt 0.882903 0.165973
vt 0.901180 0.168468
vt 0.917036 0.170488
vt 0.930823 0.171973
vt 0.605913 0.128266
vt 0.612039 0.139900
vt 0.601122 0.116948
vt 0.594642 0.097173
vt 0.597573 0.106826
vt 0.643913 0.184672
vt 0.657855 0.199735
vt 0.672320 0.213424
vt 0.843755 0.158705
vt 0.826377 0.152702
vt 0.709739 0.223080
vt 0.697927 0.213290
vt 0.815489 0.128422
vt 0.708057 0.201357
vt 0.718388 0.210468
vt 0.820895 0.113612
vt 0.636512 0.143824
vt 0.646936 0.160600
vt 0.931623 0.152315
vt 0.943639 0.153634
vt 0.863021 0.142709
vt 0.884847 0.145656
vt 0.845474 0.139528
vt 0.829859 0.134499
vt 0.658577 0.176191
vt 0.671727 0.189858
vt 0.685044 0.202158
vt 0.953687 0.154999
vt 0.622258 0.119184
vt 0.628300 0.130994
vt 0.617434 0.108481
vt 0.611630 0.089904
vt 0.614208 0.098997
vt 0.903619 0.148414
vt 0.918178 0.150580
vt 0.715499 0.192560
vt 0.725196 0.200417
vt 0.825148 0.100764
vt 0.696523 0.192203
vt 0.834284 0.118845
vt 0.883240 0.130793
vt 0.903336 0.132825
vt 0.631016 0.101831
vt 0.636561 0.110971
vt 0.655344 0.138011
vt 0.663347 0.155093
vt 0.672750 0.170176
vt 0.684414 0.181743
vt 0.646947 0.121143
vt 0.866207 0.126786
vt 0.848227 0.123047
vt 0.930772 0.134665
vt 0.942479 0.135774
vt 0.952322 0.137038
vt 0.628126 0.081654
vt 0.628206 0.092519
vt 0.918033 0.133508
vt 0.722113 0.184817
vt 0.816707 0.085875
vt 0.827662 0.089301
vt 0.639436 0.069853
vt 0.950244 0.120056
vt 0.940347 0.119321
vt 0.660288 0.021404
vt 0.938357 0.069361
vt 0.666043 0.026561
vt 0.663791 0.031831
vt 0.947497 0.073972
vt 0.939287 0.074713
vt 0.939363 0.103280
vt 0.939501 0.089380
vt 0.651116 0.039455
vt 0.948992 0.103977
vt 0.656561 0.044858
vt 0.650006 0.058174
vt 0.441094 0.789320
vt 0.440060 0.779458
vt 0.448188 0.779113
vt 0.449650 0.789304
vt 0.432922 0.789691
vt 0.432396 0.780092
vt 0.424174 0.790027
vt 0.424477 0.780778
vt 0.416812 0.789322
vt 0.416915 0.781247
vt 0.409389 0.790242
vt 0.409216 0.782182
vt 0.401056 0.791906
vt 0.401258 0.783456
vt 0.391165 0.793834
vt 0.393073 0.784885
vt 0.445609 0.767898
vt 0.438599 0.768983
vt 0.431470 0.770262
vt 0.424013 0.771592
vt 0.416638 0.772601
vt 0.409229 0.773553
vt 0.401783 0.774449
vt 0.394233 0.774840
vt 0.444828 0.756275
vt 0.437194 0.758199
vt 0.430297 0.760354
vt 0.423228 0.762399
vt 0.416294 0.763864
vt 0.409173 0.765036
vt 0.402144 0.765816
vt 0.395261 0.766552
vt 0.443640 0.745883
vt 0.435167 0.747558
vt 0.428642 0.750634
vt 0.422141 0.753560
vt 0.415788 0.755447
vt 0.408927 0.756899
vt 0.402367 0.757511
vt 0.396589 0.759791
vt 0.116937 0.088162
vt 0.112470 0.089902
vt 0.109609 0.083540
vt 0.114374 0.082459
vt 0.081437 0.094890
vt 0.084319 0.101291
vt 0.078667 0.103593
vt 0.076185 0.097609
vt 0.087308 0.092472
vt 0.090234 0.098925
vt 0.093296 0.090066
vt 0.096216 0.096503
vt 0.099139 0.087688
vt 0.102090 0.094101
vt 0.104543 0.085460
vt 0.107529 0.091893
vt 0.072922 0.090084
vt 0.078445 0.087960
vt 0.084595 0.085821
vt 0.090707 0.083532
vt 0.096500 0.081190
vt 0.101930 0.078716
vt 0.106952 0.076443
vt 0.111595 0.074659
vt 0.069242 0.081911
vt 0.074860 0.080810
vt 0.082011 0.079310
vt 0.088479 0.077166
vt 0.094271 0.074825
vt 0.099620 0.071910
vt 0.104707 0.068910
vt 0.109223 0.065891
vt 0.066791 0.076078
vt 0.073184 0.074562
vt 0.080159 0.073522
vt 0.086789 0.071082
vt 0.092460 0.069201
vt 0.097506 0.065274
vt 0.102443 0.062292
vt 0.066521 0.071288
vt 0.071436 0.070433
vt 0.106241 0.059757
vt 0.063608 0.076231
vt 0.063076 0.072063
vt 0.065215 0.082380
vt 0.068469 0.092235
vt 0.072050 0.100631
vt 0.074135 0.105166
vt 0.074002 0.070031
vt 0.078719 0.069681
vt 0.085065 0.068101
vt 0.013429 0.099569
vt 0.009438 0.101084
vt 0.018395 0.096861
vt 0.024545 0.096282
vt 0.028068 0.094742
vt 0.029407 0.092773
vt 0.034933 0.087455
vt 0.037186 0.083764
vt 0.071651 0.067812
vt 0.037883 0.081602
vt 0.066521 0.069156
vt 0.069521 0.068272
vt 0.069968 0.067217
vt 0.063672 0.069189
vt 0.066091 0.067840
vt 0.038802 0.080278
vt 0.041766 0.078567
vt 0.049618 0.081162
vt 0.046863 0.078952
vt 0.044422 0.078383
vt 0.053594 0.085294
vt 0.064210 0.092131
vt 0.068954 0.101457
vt 0.071039 0.105893
vt 0.061257 0.093010
vt 0.057241 0.087630
vt 0.066056 0.102137
vt 0.067952 0.106434
vt 0.042433 0.080107
vt 0.039819 0.081562
vt 0.038007 0.084209
vt 0.035699 0.087585
vt 0.038872 0.082375
vt 0.030136 0.092883
vt 0.028680 0.095711
vt 0.024579 0.097266
vt 0.019052 0.097800
vt 0.014188 0.100855
vt 0.010988 0.102337
vt 0.006785 0.104281
vt 0.006728 0.107684
vt 0.009032 0.104308
vt 0.009827 0.103264
vt 0.008318 0.106897
vt 0.111127 0.064745
vt 0.010327 0.107709
vt 0.009076 0.108816
vt 0.010567 0.111354
vt 0.114776 0.073803
vt 0.117909 0.081198
vt 0.120560 0.086273
vt 0.010782 0.105479
vt 0.011425 0.104235
vt 0.010781 0.103111
vt 0.012013 0.103592
vt 0.011054 0.110155
vt 0.011059 0.112828
vt 0.011366 0.114551
vt 0.012264 0.112310
vt 0.012074 0.114686
vt 0.011576 0.117034
vt 0.113054 0.066828
vt 0.013515 0.119736
vt 0.015876 0.122501
vt 0.114348 0.070338
vt 0.012149 0.116824
vt 0.014194 0.119314
vt 0.016406 0.121954
vt 0.120513 0.081475
vt 0.019253 0.130054
vt 0.123284 0.084507
vt 0.019898 0.133945
vt 0.060066 0.093443
vt 0.056938 0.088791
vt 0.064220 0.101217
vt 0.055348 0.087756
vt 0.052458 0.086143
vt 0.048705 0.082467
vt 0.055263 0.089082
vt 0.046290 0.080717
vt 0.057344 0.095617
vt 0.063109 0.103286
vt 0.127307 0.088694
vt 0.020101 0.139490
vt 0.123890 0.091352
vt 0.120250 0.093855
vt 0.116017 0.096006
vt 0.111117 0.098295
vt 0.105665 0.100542
vt 0.099719 0.102857
vt 0.093519 0.105258
vt 0.087089 0.107682
vt 0.081744 0.109604
vt 0.077224 0.110899
vt 0.073974 0.111442
vt 0.071748 0.111629
vt 0.066664 0.114656
vt 0.062011 0.110395
vt 0.058860 0.106764
vt 0.053724 0.098942
vt 0.050783 0.093615
vt 0.051915 0.089078
vt 0.049895 0.088328
vt 0.046028 0.085669
vt 0.043160 0.083197
vt 0.022908 0.133544
vt 0.023229 0.138788
vt 0.021990 0.129544
vt 0.019393 0.121553
vt 0.017135 0.118298
vt 0.015530 0.116098
vt 0.015706 0.112819
vt 0.014535 0.111647
vt 0.014190 0.109777
vt 0.012909 0.107884
vt 0.013086 0.106221
vt 0.015298 0.101626
vt 0.013396 0.104512
vt 0.013046 0.105427
vt 0.019684 0.098947
vt 0.025017 0.098388
vt 0.029954 0.097417
vt 0.031920 0.094271
vt 0.036770 0.088483
vt 0.039716 0.085479
vt 0.041141 0.084093
vt 0.043935 0.086816
vt 0.041772 0.088829
vt 0.039602 0.091570
vt 0.035651 0.096535
vt 0.031804 0.100157
vt 0.027052 0.101633
vt 0.022100 0.103098
vt 0.018083 0.105123
vt 0.015155 0.105931
vt 0.046587 0.089726
vt 0.044127 0.092273
vt 0.042373 0.094604
vt 0.038705 0.099271
vt 0.033942 0.102677
vt 0.029037 0.104998
vt 0.024064 0.107187
vt 0.018774 0.109613
vt 0.046814 0.097310
vt 0.044127 0.098996
vt 0.041747 0.102505
vt 0.035929 0.105976
vt 0.030938 0.108640
vt 0.025846 0.110978
vt 0.020752 0.113414
vt 0.022353 0.116867
vt 0.050499 0.101432
vt 0.027446 0.114846
vt 0.032536 0.112509
vt 0.037726 0.109921
vt 0.043419 0.108039
vt 0.053726 0.108126
vt 0.023919 0.121113
vt 0.028757 0.119099
vt 0.033979 0.116720
vt 0.039372 0.114049
vt 0.045087 0.113569
vt 0.055538 0.113337
vt 0.058084 0.119143
vt 0.025183 0.127014
vt 0.026829 0.131410
vt 0.027952 0.136963
vt 0.029725 0.123862
vt 0.031709 0.128637
vt 0.033387 0.133757
vt 0.035235 0.121228
vt 0.037202 0.125709
vt 0.039201 0.130762
vt 0.040821 0.118393
vt 0.042755 0.122695
vt 0.045033 0.127668
vt 0.045406 0.116579
vt 0.047979 0.118996
vt 0.050521 0.124632
vt 0.085619 0.115745
vt 0.080767 0.116936
vt 0.129608 0.092331
vt 0.127648 0.096742
vt 0.124311 0.100110
vt 0.120096 0.102730
vt 0.091282 0.113844
vt 0.097543 0.111692
vt 0.103880 0.109416
vt 0.109816 0.107169
vt 0.115237 0.105078
vt 0.090150 0.122512
vt 0.085172 0.123656
vt 0.135965 0.100588
vt 0.132785 0.104163
vt 0.129091 0.107319
vt 0.124772 0.109948
vt 0.096055 0.120774
vt 0.102359 0.118765
vt 0.108612 0.116532
vt 0.114495 0.114252
vt 0.119868 0.112256
vt 0.094817 0.129946
vt 0.089911 0.130935
vt 0.141745 0.109118
vt 0.137873 0.112228
vt 0.133737 0.114854
vt 0.129273 0.117340
vt 0.100929 0.128227
vt 0.107366 0.126238
vt 0.113575 0.124035
vt 0.119170 0.121814
vt 0.124377 0.119626
vt 0.098768 0.138273
vt 0.095021 0.138733
vt 0.146247 0.118090
vt 0.142384 0.120187
vt 0.138219 0.122481
vt 0.133796 0.124773
vt 0.105548 0.136187
vt 0.112187 0.134052
vt 0.118146 0.131701
vt 0.123668 0.129397
vt 0.128887 0.127088
vt 0.090261 0.139669
vt 0.085475 0.131870
vt 0.081117 0.124602
vt 0.077057 0.117455
vt 0.131549 0.090168
vt 0.137595 0.097408
vt 0.019995 0.141224
vt 0.018167 0.143975
vt 0.142978 0.103981
vt 0.146891 0.111483
vt 0.150355 0.116765
vt 0.147592 0.108711
vt 0.144995 0.102498
vt 0.022460 0.168296
vt 0.023448 0.172067
vt 0.024856 0.176807
vt 0.022680 0.162527
vt 0.023340 0.168314
vt 0.024266 0.171579
vt 0.025781 0.176671
vt 0.021575 0.160254
vt 0.020810 0.158387
vt 0.019314 0.153487
vt 0.019419 0.144561
vt 0.020299 0.153069
vt 0.022183 0.157460
vt 0.022447 0.159662
vt 0.021110 0.141724
vt 0.073712 0.118061
vt 0.077323 0.125845
vt 0.081390 0.133044
vt 0.083770 0.141089
vt 0.078630 0.144346
vt 0.070174 0.147377
vt 0.065819 0.141287
vt 0.074227 0.136703
vt 0.067940 0.121462
vt 0.071386 0.129307
vt 0.060735 0.125617
vt 0.063005 0.133066
vt 0.023003 0.143760
vt 0.023584 0.152124
vt 0.024951 0.156582
vt 0.025562 0.159010
vt 0.026586 0.163591
vt 0.027052 0.167776
vt 0.027073 0.170925
vt 0.029195 0.174613
vt 0.028997 0.142001
vt 0.029727 0.148551
vt 0.030289 0.153937
vt 0.030589 0.158075
vt 0.031871 0.162565
vt 0.033052 0.169544
vt 0.034881 0.139458
vt 0.035932 0.145826
vt 0.036033 0.152129
vt 0.034674 0.156426
vt 0.037488 0.159082
vt 0.040337 0.164702
vt 0.041089 0.136737
vt 0.042597 0.143431
vt 0.047623 0.159029
vt 0.043366 0.152037
vt 0.056227 0.153346
vt 0.052265 0.146475
vt 0.049583 0.139659
vt 0.047529 0.133560
vt 0.053484 0.130393
vt 0.055848 0.135634
vt 0.058855 0.142577
vt 0.062987 0.149758
vt 0.122494 0.139365
vt 0.116382 0.141673
vt 0.126496 0.146872
vt 0.119934 0.149342
vt 0.130527 0.154184
vt 0.124103 0.156954
vt 0.134462 0.161065
vt 0.128069 0.164137
vt 0.026976 0.183015
vt 0.154140 0.122510
vt 0.150699 0.125678
vt 0.146643 0.127652
vt 0.142460 0.129806
vt 0.138192 0.132231
vt 0.128163 0.136982
vt 0.133320 0.134572
vt 0.087183 0.148105
vt 0.094246 0.146081
vt 0.104056 0.144936
vt 0.100462 0.145667
vt 0.109885 0.143645
vt 0.081639 0.150546
vt 0.073628 0.154050
vt 0.066210 0.157039
vt 0.058635 0.161242
vt 0.050765 0.166115
vt 0.043449 0.171145
vt 0.037039 0.175766
vt 0.032604 0.179583
vt 0.027891 0.182623
vt 0.112109 0.151624
vt 0.106226 0.149146
vt 0.097011 0.150775
vt 0.090833 0.150340
vt 0.102677 0.150642
vt 0.084502 0.159172
vt 0.089567 0.157597
vt 0.093517 0.156854
vt 0.099201 0.156516
vt 0.105839 0.155409
vt 0.117231 0.159780
vt 0.110373 0.162564
vt 0.103425 0.163773
vt 0.121450 0.167353
vt 0.114672 0.170625
vt 0.107905 0.172404
vt 0.101854 0.173535
vt 0.097367 0.164724
vt 0.096301 0.174797
vt 0.092455 0.165761
vt 0.089957 0.176332
vt 0.086573 0.167254
vt 0.082776 0.178406
vt 0.079751 0.170058
vt 0.076770 0.161640
vt 0.075184 0.181147
vt 0.072185 0.173050
vt 0.069193 0.164871
vt 0.059587 0.187923
vt 0.056701 0.180408
vt 0.064619 0.176400
vt 0.067492 0.184220
vt 0.061442 0.168630
vt 0.053733 0.173144
vt 0.048790 0.184349
vt 0.051944 0.191877
vt 0.046236 0.177455
vt 0.044651 0.195532
vt 0.041931 0.187664
vt 0.039775 0.181143
vt 0.039405 0.199502
vt 0.036900 0.189726
vt 0.035082 0.183914
vt 0.029826 0.187579
vt 0.031451 0.191740
vt 0.033877 0.200887
vt 0.158457 0.125816
vt 0.160388 0.130028
vt 0.032302 0.200972
vt 0.156741 0.126967
vt 0.158914 0.131673
vt 0.163304 0.140148
vt 0.153414 0.130973
vt 0.155897 0.136225
vt 0.160308 0.143090
vt 0.150435 0.134244
vt 0.153409 0.139916
vt 0.157276 0.145984
vt 0.146592 0.136847
vt 0.150087 0.143026
vt 0.153818 0.149042
vt 0.142504 0.139464
vt 0.146313 0.146053
vt 0.150290 0.152340
vt 0.137718 0.141924
vt 0.141807 0.148846
vt 0.145732 0.155232
vt 0.132491 0.144440
vt 0.136552 0.151533
vt 0.140410 0.158117
vt 0.045025 0.100913
vt 0.044422 0.102979
vt 0.046337 0.100734
vt 0.046796 0.103069
vt 0.049003 0.108612
vt 0.051633 0.113850
vt 0.054397 0.120402
vt 0.057326 0.126000
vt 0.060739 0.135291
vt 0.046095 0.108783
vt 0.048655 0.113975
vt 0.051869 0.121308
vt 0.055405 0.127120
vt 0.058240 0.134279
vt 0.169217 0.141264
vt 0.035302 0.206790
vt 0.173656 0.144961
vt 0.036157 0.213348
vt 0.178404 0.147849
vt 0.038501 0.220473
vt 0.037996 0.227522
vt 0.041579 0.227123
vt 0.044435 0.220127
vt 0.046459 0.226378
vt 0.042522 0.212870
vt 0.040645 0.206078
vt 0.052666 0.224746
vt 0.051120 0.218277
vt 0.050857 0.210429
vt 0.047445 0.203119
vt 0.054587 0.199301
vt 0.057833 0.205319
vt 0.056349 0.212482
vt 0.061263 0.210037
vt 0.057361 0.217515
vt 0.063732 0.215148
vt 0.058791 0.223364
vt 0.065672 0.221414
vt 0.105119 0.181255
vt 0.111289 0.180152
vt 0.108176 0.187772
vt 0.114122 0.187101
vt 0.070188 0.213002
vt 0.072604 0.218784
vt 0.098152 0.200361
vt 0.103404 0.197841
vt 0.105740 0.203587
vt 0.101246 0.206634
vt 0.109359 0.196172
vt 0.111433 0.203093
vt 0.115537 0.194023
vt 0.118064 0.200529
vt 0.067643 0.207379
vt 0.064850 0.201849
vt 0.062310 0.195336
vt 0.102255 0.189733
vt 0.100027 0.183111
vt 0.094861 0.193476
vt 0.092864 0.184897
vt 0.085446 0.186421
vt 0.086843 0.193795
vt 0.079457 0.195795
vt 0.077678 0.188705
vt 0.070197 0.191751
vt 0.072259 0.198692
vt 0.074287 0.204857
vt 0.076645 0.210555
vt 0.092050 0.198758
vt 0.087120 0.199886
vt 0.093745 0.203223
vt 0.088522 0.205520
vt 0.080935 0.202225
vt 0.082867 0.207972
vt 0.085112 0.213727
vt 0.078953 0.216275
vt 0.090425 0.211641
vt 0.096078 0.209260
vt 0.118082 0.177615
vt 0.120853 0.184308
vt 0.122682 0.190861
vt 0.125420 0.197096
vt 0.181911 0.154913
vt 0.176824 0.151647
vt 0.172490 0.148358
vt 0.167374 0.143834
vt 0.173451 0.155846
vt 0.177704 0.159074
vt 0.169122 0.151984
vt 0.164329 0.147416
vt 0.169525 0.159839
vt 0.173677 0.163773
vt 0.165238 0.155563
vt 0.161109 0.150918
vt 0.124975 0.174238
vt 0.127962 0.180818
vt 0.130274 0.187244
vt 0.132564 0.193286
vt 0.138195 0.167498
vt 0.131725 0.170844
vt 0.157500 0.154343
vt 0.153711 0.157754
vt 0.149409 0.161040
vt 0.144219 0.164277
vt 0.141823 0.173545
vt 0.135087 0.177206
vt 0.161282 0.159393
vt 0.157283 0.162895
vt 0.152930 0.166429
vt 0.147932 0.169988
vt 0.145579 0.179135
vt 0.138178 0.183119
vt 0.165132 0.164176
vt 0.160904 0.167979
vt 0.156571 0.171577
vt 0.151591 0.175271
vt 0.148814 0.184490
vt 0.141377 0.188709
vt 0.169140 0.168738
vt 0.164681 0.173088
vt 0.160212 0.176807
vt 0.155181 0.180529
vt 0.104623 0.213632
vt 0.098821 0.215912
vt 0.109792 0.211704
vt 0.115400 0.210091
vt 0.122430 0.207121
vt 0.129437 0.203438
vt 0.136900 0.199312
vt 0.178033 0.167553
vt 0.173743 0.173158
vt 0.183111 0.170993
vt 0.178929 0.177788
vt 0.189279 0.174240
vt 0.184982 0.183349
vt 0.108084 0.219927
vt 0.101681 0.221873
vt 0.113950 0.218246
vt 0.120337 0.216458
vt 0.127606 0.213881
vt 0.135209 0.210924
vt 0.142723 0.205983
vt 0.111222 0.225728
vt 0.104722 0.227322
vt 0.117478 0.224385
vt 0.124303 0.222769
vt 0.131933 0.220449
vt 0.139739 0.216886
vt 0.147555 0.212075
vt 0.092987 0.217820
vt 0.095760 0.223644
vt 0.098483 0.229137
vt 0.087393 0.219734
vt 0.089889 0.225484
vt 0.092602 0.230743
vt 0.043679 0.232856
vt 0.187973 0.150031
vt 0.044880 0.238520
vt 0.192898 0.148671
vt 0.045670 0.243571
vt 0.042951 0.243860
vt 0.198763 0.150859
vt 0.193511 0.152645
vt 0.187915 0.154044
vt 0.048339 0.237345
vt 0.049027 0.242508
vt 0.047926 0.231900
vt 0.055675 0.241028
vt 0.054810 0.235900
vt 0.053938 0.230519
vt 0.061370 0.234213
vt 0.062548 0.240107
vt 0.060407 0.228867
vt 0.081244 0.222018
vt 0.083669 0.227507
vt 0.086282 0.232482
vt 0.074639 0.224474
vt 0.076887 0.229884
vt 0.079563 0.234766
vt 0.067435 0.227095
vt 0.069050 0.232614
vt 0.071161 0.240212
vt 0.187987 0.159002
vt 0.183832 0.158563
vt 0.181445 0.162421
vt 0.186304 0.164475
vt 0.201554 0.158254
vt 0.193917 0.158846
vt 0.192664 0.165834
vt 0.201238 0.165891
vt 0.153234 0.190388
vt 0.145829 0.194493
vt 0.169226 0.178078
vt 0.164620 0.182381
vt 0.159504 0.186333
vt 0.157785 0.196516
vt 0.150683 0.201055
vt 0.173994 0.183205
vt 0.169206 0.187921
vt 0.163943 0.192235
vt 0.161966 0.202107
vt 0.155099 0.206900
vt 0.178735 0.188501
vt 0.173502 0.193191
vt 0.168101 0.197574
vt 0.196535 0.176941
vt 0.080228 0.240326
vt 0.083415 0.237240
vt 0.089270 0.240303
vt 0.088801 0.236507
vt 0.095350 0.235650
vt 0.097953 0.240208
vt 0.101497 0.234338
vt 0.104919 0.239033
vt 0.107426 0.232633
vt 0.110467 0.237520
vt 0.113676 0.231270
vt 0.115870 0.236633
vt 0.120281 0.230564
vt 0.122762 0.236898
vt 0.192244 0.185636
vt 0.185903 0.190236
vt 0.190303 0.193022
vt 0.187885 0.199221
vt 0.182529 0.194099
vt 0.177769 0.198286
vt 0.182453 0.203033
vt 0.177786 0.207521
vt 0.172522 0.202722
vt 0.166298 0.207313
vt 0.171100 0.211973
vt 0.159335 0.212469
vt 0.163666 0.217561
vt 0.151646 0.218101
vt 0.155940 0.224471
vt 0.143613 0.223310
vt 0.147794 0.230564
vt 0.135335 0.226949
vt 0.138374 0.234222
vt 0.127296 0.229180
vt 0.129410 0.235690
vt 0.151605 0.239191
vt 0.141590 0.242288
vt 0.177829 0.220567
vt 0.170238 0.226674
vt 0.161278 0.233410
vt 0.197742 0.195950
vt 0.193851 0.204146
vt 0.188778 0.209379
vt 0.183962 0.214696
vt 0.200441 0.188268
vt 0.204841 0.179010
vt 0.208640 0.168442
vt 0.210532 0.157865
vt 0.207913 0.149348
vt 0.043428 0.253477
vt 0.057841 0.250569
vt 0.064987 0.248572
vt 0.073562 0.248905
vt 0.088782 0.248938
vt 0.105903 0.247447
vt 0.119410 0.247076
vt 0.131132 0.244314
vt 0.202219 0.242273
vt 0.189079 0.250163
vt 0.169897 0.263849
vt 0.179022 0.257350
vt 0.234826 0.161684
vt 0.084283 0.262588
vt 0.067445 0.258808
vt 0.080085 0.257046
vt 0.057744 0.259952
vt 0.094310 0.255045
vt 0.113301 0.255792
vt 0.109235 0.252428
vt 0.128005 0.253320
vt 0.120166 0.250941
vt 0.144636 0.252355
vt 0.155772 0.258765
vt 0.156188 0.246629
vt 0.163440 0.254362
vt 0.166312 0.240580
vt 0.172508 0.248307
vt 0.213569 0.140408
vt 0.215478 0.147777
vt 0.222358 0.146173
vt 0.225839 0.153222
vt 0.217894 0.155123
vt 0.225873 0.163469
vt 0.217499 0.165702
vt 0.226154 0.175172
vt 0.215607 0.176119
vt 0.211294 0.187086
vt 0.222094 0.188064
vt 0.175751 0.234039
vt 0.182394 0.241400
vt 0.221646 0.205012
vt 0.224225 0.198492
vt 0.216237 0.196807
vt 0.206723 0.195959
vt 0.193272 0.233806
vt 0.184912 0.227326
vt 0.204437 0.224747
vt 0.202605 0.204450
vt 0.212651 0.205048
vt 0.192790 0.219930
vt 0.198475 0.212174
vt 0.210756 0.213444
vt 0.447700 0.744787
vt 0.449297 0.755458
vt 0.450270 0.767572
vt 0.452960 0.778797
vt 0.454205 0.789668
vt 0.384587 0.791840
vt 0.384930 0.785059
vt 0.386599 0.773774
vt 0.387758 0.766634
vt 0.391023 0.761319
vt 0.383290 0.791799
vt 0.524503 0.764572
vt 0.518934 0.754783
vt 0.514628 0.748601
vt 0.509954 0.744439
vt 0.450539 0.744043
vt 0.451503 0.755190
vt 0.452968 0.767196
vt 0.455100 0.778671
vt 0.456822 0.788884
vt 0.445383 0.737096
vt 0.441479 0.738256
vt 0.434059 0.739578
vt 0.426896 0.741708
vt 0.420630 0.745967
vt 0.414927 0.748716
vt 0.408254 0.750203
vt 0.401170 0.752723
vt 0.397190 0.755208
vt 0.393030 0.758137
vt 0.506241 0.742734
vt 0.501110 0.740853
vt 0.496897 0.738944
vt 0.403972 0.749418
vt 0.406692 0.746285
vt 0.493534 0.737624
vt 0.490490 0.734811
vt 0.407631 0.743456
vt 0.487695 0.733975
vt 0.408897 0.741843
vt 0.409421 0.744065
vt 0.410414 0.747381
vt 0.413976 0.745174
vt 0.411490 0.741785
vt 0.410485 0.739572
vt 0.485302 0.732658
vt 0.483201 0.731311
vt 0.521803 0.773003
vt 0.520087 0.766407
vt 0.459983 0.778043
vt 0.461129 0.787968
vt 0.468643 0.776843
vt 0.469664 0.786633
vt 0.515311 0.776552
vt 0.512906 0.768573
vt 0.501407 0.781395
vt 0.494003 0.783081
vt 0.492257 0.774090
vt 0.499468 0.772442
vt 0.484749 0.775464
vt 0.486185 0.784542
vt 0.478098 0.785603
vt 0.476943 0.776313
vt 0.418643 0.742021
vt 0.414525 0.741514
vt 0.413582 0.740203
vt 0.416926 0.740166
vt 0.416422 0.738904
vt 0.419433 0.737962
vt 0.420487 0.739148
vt 0.422863 0.739954
vt 0.422302 0.736337
vt 0.413555 0.739197
vt 0.416307 0.738224
vt 0.419231 0.736738
vt 0.421647 0.735222
vt 0.424453 0.734011
vt 0.424229 0.733339
vt 0.426881 0.732138
vt 0.426461 0.731629
vt 0.429234 0.730330
vt 0.429384 0.730774
vt 0.431748 0.729232
vt 0.431880 0.729773
vt 0.434272 0.729085
vt 0.434261 0.728598
vt 0.437780 0.727564
vt 0.437757 0.728001
vt 0.452137 0.726508
vt 0.440644 0.730482
vt 0.451347 0.731717
vt 0.443605 0.733582
vt 0.450702 0.736255
vt 0.441238 0.735352
vt 0.439393 0.733503
vt 0.437055 0.732069
vt 0.434856 0.732430
vt 0.432411 0.733112
vt 0.429865 0.733629
vt 0.427868 0.736752
vt 0.436939 0.736528
vt 0.433594 0.736660
vt 0.516040 0.756815
vt 0.512246 0.750541
vt 0.508695 0.746097
vt 0.505106 0.744456
vt 0.500300 0.742137
vt 0.496156 0.741106
vt 0.492508 0.739484
vt 0.489771 0.736940
vt 0.486655 0.737097
vt 0.483792 0.736709
vt 0.481285 0.734553
vt 0.459607 0.766636
vt 0.459195 0.754311
vt 0.454251 0.744876
vt 0.453348 0.736945
vt 0.453205 0.732259
vt 0.454584 0.726773
vt 0.435572 0.725376
vt 0.413595 0.736552
vt 0.411603 0.737177
vt 0.416112 0.735601
vt 0.418232 0.734263
vt 0.420614 0.733085
vt 0.423125 0.731569
vt 0.425680 0.729520
vt 0.428302 0.727983
vt 0.431461 0.727112
vt 0.434130 0.726506
vt 0.481005 0.730134
vt 0.479730 0.732774
vt 0.478664 0.729000
vt 0.475969 0.728424
vt 0.473604 0.727927
vt 0.470956 0.727350
vt 0.468273 0.726799
vt 0.465128 0.725755
vt 0.462231 0.725575
vt 0.459039 0.725068
vt 0.477737 0.732256
vt 0.474972 0.731502
vt 0.472207 0.731790
vt 0.470059 0.730508
vt 0.467112 0.730362
vt 0.464251 0.729406
vt 0.461909 0.728996
vt 0.458581 0.727832
vt 0.490590 0.765377
vt 0.497836 0.763549
vt 0.483300 0.766854
vt 0.475949 0.767497
vt 0.467992 0.766325
vt 0.506243 0.770878
vt 0.508523 0.779431
vt 0.510189 0.760585
vt 0.503867 0.763192
vt 0.465291 0.759117
vt 0.470794 0.761220
vt 0.468866 0.756673
vt 0.473774 0.754700
vt 0.475559 0.760641
vt 0.460981 0.747649
vt 0.458874 0.742841
vt 0.466012 0.751478
vt 0.464869 0.746007
vt 0.457119 0.731705
vt 0.457877 0.736547
vt 0.461176 0.732255
vt 0.462626 0.735815
vt 0.467579 0.734475
vt 0.463786 0.740731
vt 0.468509 0.738593
vt 0.473186 0.735833
vt 0.474562 0.740599
vt 0.469791 0.743513
vt 0.471528 0.748998
vt 0.478826 0.737298
vt 0.476932 0.746036
vt 0.479289 0.752452
vt 0.481781 0.759215
vt 0.507363 0.754493
vt 0.505360 0.749746
vt 0.501022 0.757754
vt 0.499622 0.751279
vt 0.502744 0.746937
vt 0.498509 0.746616
vt 0.494007 0.744912
vt 0.489124 0.742409
vt 0.482452 0.742342
vt 0.484891 0.749886
vt 0.488969 0.756908
vt 0.489104 0.747825
vt 0.493478 0.751344
vt 0.496208 0.755925
vt 0.494273 0.758811
vt 0.487486 0.793943
vt 0.479103 0.795103
vt 0.479947 0.804977
vt 0.488775 0.803752
vt 0.490055 0.813884
vt 0.480750 0.816179
vt 0.470707 0.795836
vt 0.470685 0.804886
vt 0.470593 0.818066
vt 0.463352 0.796695
vt 0.464346 0.805353
vt 0.464829 0.817701
vt 0.458118 0.796962
vt 0.459079 0.806029
vt 0.459758 0.816433
vt 0.455017 0.797023
vt 0.455431 0.806131
vt 0.455970 0.816312
vt 0.495674 0.792441
vt 0.497416 0.802082
vt 0.499641 0.812042
vt 0.503396 0.790707
vt 0.505386 0.800210
vt 0.507593 0.809778
vt 0.510870 0.788824
vt 0.513095 0.798377
vt 0.515343 0.807431
vt 0.520872 0.797158
vt 0.522569 0.805341
vt 0.518100 0.786890
vt 0.526921 0.796317
vt 0.529715 0.803336
vt 0.523631 0.784882
vt 0.525799 0.776672
vt 0.383416 0.797948
vt 0.382305 0.802290
vt 0.382977 0.804990
vt 0.383961 0.798043
vt 0.383243 0.802092
vt 0.383339 0.804744
vt 0.384151 0.808207
vt 0.528994 0.786606
vt 0.384327 0.811524
vt 0.384680 0.811555
vt 0.526201 0.787396
vt 0.527015 0.790419
vt 0.383820 0.816756
vt 0.384493 0.816785
vt 0.382862 0.824525
vt 0.385197 0.824422
vt 0.451965 0.816510
vt 0.451058 0.806240
vt 0.450542 0.796678
vt 0.441915 0.798211
vt 0.442928 0.807493
vt 0.444636 0.817252
vt 0.433198 0.799272
vt 0.434740 0.808978
vt 0.436386 0.819068
vt 0.422384 0.799984
vt 0.424999 0.810679
vt 0.426423 0.821170
vt 0.388206 0.817491
vt 0.388438 0.824265
vt 0.388281 0.813077
vt 0.387715 0.809430
vt 0.387516 0.806354
vt 0.387347 0.803439
vt 0.386544 0.797632
vt 0.402131 0.799241
vt 0.393859 0.801138
vt 0.403548 0.806206
vt 0.394294 0.807122
vt 0.416523 0.795626
vt 0.410254 0.797362
vt 0.396807 0.823813
vt 0.394313 0.814658
vt 0.404802 0.814230
vt 0.406441 0.823499
vt 0.414799 0.812860
vt 0.412807 0.804104
vt 0.416329 0.822646
vt 0.460912 0.829231
vt 0.465209 0.828969
vt 0.470413 0.828551
vt 0.481939 0.827282
vt 0.491325 0.823883
vt 0.501288 0.823019
vt 0.509867 0.819371
vt 0.517704 0.816567
vt 0.524905 0.814461
vt 0.531275 0.812554
vt 0.382466 0.833432
vt 0.384064 0.833506
vt 0.536508 0.818794
vt 0.385046 0.841607
vt 0.385988 0.849897
vt 0.538669 0.827424
vt 0.383669 0.854692
vt 0.541377 0.832090
vt 0.543988 0.839065
vt 0.383039 0.861799
vt 0.546891 0.846134
vt 0.381145 0.868415
vt 0.550762 0.854553
vt 0.376155 0.875005
vt 0.369894 0.878164
vt 0.370775 0.879289
vt 0.389320 0.833912
vt 0.391169 0.842336
vt 0.391497 0.850577
vt 0.389883 0.857065
vt 0.389179 0.863634
vt 0.386271 0.870198
vt 0.379111 0.876680
vt 0.375118 0.881502
vt 0.532065 0.820910
vt 0.533891 0.829154
vt 0.536234 0.835374
vt 0.538961 0.842072
vt 0.541691 0.848958
vt 0.544643 0.856061
vt 0.546477 0.862773
vt 0.526872 0.822824
vt 0.528660 0.830715
vt 0.530806 0.837768
vt 0.533327 0.844761
vt 0.535547 0.851698
vt 0.537821 0.858698
vt 0.540364 0.865400
vt 0.520299 0.825050
vt 0.522742 0.832904
vt 0.525045 0.840117
vt 0.527210 0.847109
vt 0.529684 0.854398
vt 0.531669 0.861553
vt 0.533914 0.868075
vt 0.513272 0.827813
vt 0.516387 0.835552
vt 0.518948 0.842750
vt 0.521290 0.849816
vt 0.523192 0.857234
vt 0.525507 0.864558
vt 0.527638 0.871291
vt 0.519325 0.867213
vt 0.517469 0.860007
vt 0.521096 0.874303
vt 0.506333 0.830975
vt 0.509954 0.838514
vt 0.512757 0.845596
vt 0.515196 0.852675
vt 0.498491 0.829528
vt 0.493341 0.830986
vt 0.500749 0.834432
vt 0.503941 0.841590
vt 0.506510 0.848299
vt 0.509120 0.855390
vt 0.511378 0.862542
vt 0.512928 0.869644
vt 0.514145 0.876588
vt 0.495147 0.836745
vt 0.497909 0.843808
vt 0.500146 0.850506
vt 0.502417 0.857579
vt 0.504691 0.864637
vt 0.506054 0.871502
vt 0.506782 0.878138
vt 0.489281 0.838255
vt 0.488189 0.832159
vt 0.482185 0.838512
vt 0.500129 0.881536
vt 0.498708 0.874051
vt 0.497155 0.866906
vt 0.495402 0.859802
vt 0.493542 0.852568
vt 0.491690 0.845591
vt 0.492686 0.884132
vt 0.491375 0.875977
vt 0.489742 0.868958
vt 0.488195 0.862014
vt 0.486367 0.854751
vt 0.484282 0.847084
vt 0.462189 0.843831
vt 0.466646 0.843218
vt 0.484555 0.886140
vt 0.483164 0.877622
vt 0.475529 0.886980
vt 0.474582 0.877200
vt 0.467747 0.888990
vt 0.467448 0.877537
vt 0.466812 0.873237
vt 0.472743 0.872430
vt 0.467516 0.853048
vt 0.463359 0.853789
vt 0.472096 0.841361
vt 0.468876 0.861066
vt 0.465004 0.862388
vt 0.470934 0.867313
vt 0.465871 0.868335
vt 0.481661 0.870834
vt 0.480076 0.864470
vt 0.478219 0.857618
vt 0.476007 0.850062
vt 0.463433 0.889143
vt 0.462918 0.879673
vt 0.463067 0.874211
vt 0.462214 0.869707
vt 0.461027 0.864339
vt 0.459780 0.855559
vt 0.457750 0.844547
vt 0.456055 0.829115
vt 0.451096 0.830459
vt 0.452124 0.845832
vt 0.454818 0.856139
vt 0.456014 0.863996
vt 0.456805 0.869438
vt 0.457359 0.874843
vt 0.457518 0.880740
vt 0.458681 0.890108
vt 0.444730 0.831383
vt 0.436892 0.832165
vt 0.427336 0.832760
vt 0.417363 0.833221
vt 0.407616 0.833499
vt 0.398237 0.833595
vt 0.444145 0.845481
vt 0.437157 0.844835
vt 0.428202 0.844196
vt 0.418343 0.843817
vt 0.408514 0.843373
vt 0.399124 0.843001
vt 0.449534 0.889932
vt 0.448943 0.882007
vt 0.448618 0.875481
vt 0.448236 0.869446
vt 0.447619 0.863163
vt 0.446380 0.855693
vt 0.440100 0.889373
vt 0.439997 0.882109
vt 0.439515 0.875321
vt 0.439093 0.868954
vt 0.438743 0.862331
vt 0.438255 0.854840
vt 0.429437 0.888194
vt 0.429896 0.881280
vt 0.429707 0.874729
vt 0.429588 0.868272
vt 0.429487 0.861537
vt 0.429199 0.854086
vt 0.417763 0.886933
vt 0.418740 0.880362
vt 0.419259 0.873936
vt 0.419664 0.867583
vt 0.419683 0.860913
vt 0.419184 0.853271
vt 0.405154 0.885598
vt 0.406659 0.879321
vt 0.408323 0.873031
vt 0.409103 0.866601
vt 0.409372 0.859925
vt 0.409128 0.852614
vt 0.390848 0.884378
vt 0.393497 0.878144
vt 0.396788 0.871758
vt 0.398670 0.865332
vt 0.399361 0.858644
vt 0.399435 0.851626
vt 0.478094 0.898478
vt 0.471397 0.899882
vt 0.480047 0.909637
vt 0.472622 0.910456
vt 0.481081 0.918108
vt 0.473085 0.919064
vt 0.464720 0.919307
vt 0.465227 0.910654
vt 0.465437 0.900464
vt 0.456053 0.918904
vt 0.457518 0.910262
vt 0.459311 0.900280
vt 0.369314 0.885335
vt 0.366088 0.882854
vt 0.359774 0.887014
vt 0.363178 0.889987
vt 0.357570 0.896457
vt 0.353713 0.892289
vt 0.554931 0.865587
vt 0.559196 0.869582
vt 0.351432 0.887344
vt 0.373258 0.891371
vt 0.378065 0.886347
vt 0.366884 0.894967
vt 0.362093 0.900826
vt 0.383921 0.887438
vt 0.449798 0.899231
vt 0.439662 0.897473
vt 0.428733 0.895412
vt 0.417010 0.893717
vt 0.404764 0.892120
vt 0.392584 0.891641
vt 0.383503 0.892121
vt 0.549722 0.868318
vt 0.553751 0.873966
vt 0.560534 0.877558
vt 0.487643 0.906214
vt 0.489051 0.914869
vt 0.486109 0.896414
vt 0.500905 0.891053
vt 0.493641 0.893797
vt 0.494963 0.902945
vt 0.502277 0.899496
vt 0.496537 0.911004
vt 0.503847 0.907005
vt 0.509801 0.896162
vt 0.511284 0.903129
vt 0.507955 0.888153
vt 0.516964 0.892666
vt 0.519260 0.899208
vt 0.515196 0.885639
vt 0.556421 0.882563
vt 0.552728 0.879307
vt 0.547825 0.881784
vt 0.545942 0.876446
vt 0.541591 0.885074
vt 0.538815 0.879747
vt 0.543200 0.871096
vt 0.536378 0.874107
vt 0.522594 0.881822
vt 0.529586 0.877882
vt 0.524792 0.888657
vt 0.531902 0.883904
vt 0.528231 0.895149
vt 0.535033 0.889286
vt 0.383141 0.898480
vt 0.374825 0.898192
vt 0.382244 0.905538
vt 0.373682 0.904987
vt 0.369508 0.898852
vt 0.367014 0.903849
vt 0.448878 0.908958
vt 0.447228 0.917650
vt 0.439056 0.906119
vt 0.437995 0.914983
vt 0.427986 0.903333
vt 0.426943 0.911529
vt 0.416102 0.901070
vt 0.414726 0.908935
vt 0.404104 0.899038
vt 0.403014 0.906629
vt 0.392791 0.898441
vt 0.391822 0.905836
vt 0.352011 0.903864
vt 0.347741 0.898560
vt 0.341212 0.903460
vt 0.345857 0.910122
vt 0.357371 0.908094
vt 0.352305 0.915086
vt 0.363512 0.910863
vt 0.359503 0.918716
vt 0.371037 0.912639
vt 0.368201 0.920843
vt 0.380128 0.913877
vt 0.378315 0.922651
vt 0.337865 0.896265
vt 0.571808 0.876276
vt 0.572059 0.886395
vt 0.566569 0.881860
vt 0.565634 0.891540
vt 0.560865 0.886881
vt 0.389932 0.914629
vt 0.388109 0.922866
vt 0.400222 0.915857
vt 0.397785 0.924555
vt 0.408489 0.926904
vt 0.411810 0.918292
vt 0.423842 0.920813
vt 0.419172 0.929419
vt 0.435568 0.924304
vt 0.429582 0.932173
vt 0.440053 0.935123
vt 0.445218 0.926259
vt 0.454454 0.927868
vt 0.451258 0.938243
vt 0.465355 0.940333
vt 0.464359 0.928332
vt 0.473598 0.927072
vt 0.475212 0.936078
vt 0.482478 0.925342
vt 0.485345 0.933858
vt 0.550991 0.886276
vt 0.554809 0.890847
vt 0.558575 0.896006
vt 0.490785 0.921506
vt 0.493934 0.927910
vt 0.498267 0.917454
vt 0.501476 0.923096
vt 0.513000 0.909317
vt 0.505276 0.913529
vt 0.508539 0.918879
vt 0.515129 0.914731
vt 0.521027 0.905219
vt 0.523926 0.910006
vt 0.529337 0.906255
vt 0.528441 0.901774
vt 0.533979 0.896123
vt 0.534895 0.900151
vt 0.540999 0.897376
vt 0.538680 0.893123
vt 0.544787 0.889726
vt 0.547706 0.894402
vt 0.550647 0.899949
vt 0.542553 0.903106
vt 0.534939 0.905413
vt 0.471966 0.951310
vt 0.479592 0.952494
vt 0.487807 0.946887
vt 0.562606 0.921155
vt 0.575349 0.912392
vt 0.548197 0.925879
vt 0.310563 0.935994
vt 0.322737 0.939247
vt 0.312581 0.924110
vt 0.382489 0.974373
vt 0.393507 0.966660
vt 0.372689 0.966621
vt 0.483462 0.941593
vt 0.477476 0.943747
vt 0.471579 0.945141
vt 0.423738 0.953258
vt 0.432716 0.945268
vt 0.423001 0.941458
vt 0.414805 0.959806
vt 0.413783 0.951819
vt 0.406987 0.964559
vt 0.402581 0.958984
vt 0.412887 0.937987
vt 0.403204 0.934854
vt 0.328031 0.924320
vt 0.601944 0.890281
vt 0.586124 0.899150
vt 0.325067 0.910550
vt 0.587911 0.888331
vt 0.340575 0.944385
vt 0.360817 0.952519
vt 0.341675 0.931225
vt 0.404943 0.946184
vt 0.396347 0.941887
vt 0.393534 0.932022
vt 0.386510 0.938675
vt 0.395823 0.952848
vt 0.385202 0.958495
vt 0.390360 0.947644
vt 0.378585 0.948031
vt 0.338492 0.916201
vt 0.346856 0.922210
vt 0.349880 0.940488
vt 0.351868 0.933640
vt 0.357210 0.943356
vt 0.360952 0.937169
vt 0.369476 0.942584
vt 0.355467 0.926157
vt 0.365137 0.929351
vt 0.386326 0.929282
vt 0.377262 0.932587
vt 0.333882 0.907450
vt 0.582935 0.884593
vt 0.536555 0.927979
vt 0.577700 0.891651
vt 0.574739 0.900802
vt 0.570420 0.896427
vt 0.567528 0.906875
vt 0.562571 0.901381
vt 0.557344 0.912789
vt 0.545830 0.917379
vt 0.553537 0.906075
vt 0.543386 0.909911
vt 0.525000 0.926794
vt 0.534624 0.921181
vt 0.531552 0.913120
vt 0.521040 0.919475
vt 0.497365 0.944184
vt 0.492235 0.939491
vt 0.504314 0.939009
vt 0.498949 0.933491
vt 0.519538 0.934899
vt 0.516960 0.929723
vt 0.513687 0.937903
vt 0.510113 0.933607
vt 0.513003 0.924045
vt 0.505826 0.928472
vt 0.207041 0.069400
vt 0.201351 0.071025
vt 0.200364 0.068491
vt 0.205574 0.065672
vt 0.208236 0.076689
vt 0.203814 0.078609
vt 0.202479 0.075935
vt 0.206530 0.074111
vt 0.211888 0.083092
vt 0.207146 0.085022
vt 0.205358 0.081652
vt 0.209997 0.079714
vt 0.213858 0.086778
vt 0.209029 0.088684
vt 0.217669 0.095006
vt 0.212705 0.096801
vt 0.210869 0.092591
vt 0.215803 0.090744
vt 0.219439 0.099607
vt 0.214512 0.101375
vt 0.221151 0.104616
vt 0.216207 0.106316
vt 0.222731 0.110079
vt 0.217560 0.111694
vt 0.224251 0.116490
vt 0.218603 0.117959
vt 0.202132 0.063311
vt 0.197705 0.064898
vt 0.196971 0.062855
vt 0.201811 0.061280
vt 0.697890 0.880882
vt 0.703140 0.879972
vt 0.703024 0.884247
vt 0.697903 0.885088
vt 0.697865 0.876458
vt 0.698144 0.871709
vt 0.703390 0.871059
vt 0.703222 0.875575
vt 0.698111 0.866819
vt 0.703345 0.866312
vt 0.697552 0.861641
vt 0.702897 0.861465
vt 0.697802 0.889221
vt 0.702824 0.888515
vt 0.702443 0.892808
vt 0.697289 0.893358
vt 0.701928 0.897459
vt 0.695827 0.898209
vt 0.701976 0.902451
vt 0.696435 0.903699
vt 0.702450 0.920648
vt 0.697428 0.922371
vt 0.697589 0.918122
vt 0.702482 0.916633
vt 0.702157 0.907325
vt 0.702334 0.912094
vt 0.697309 0.913528
vt 0.696989 0.908671
vt 0.213125 0.113051
vt 0.214072 0.118879
vt 0.209825 0.119795
vt 0.209105 0.114209
vt 0.206689 0.109533
vt 0.211465 0.107858
vt 0.204653 0.104853
vt 0.209622 0.103020
vt 0.202750 0.100399
vt 0.207803 0.098516
vt 0.200919 0.096138
vt 0.205954 0.094309
vt 0.202349 0.086857
vt 0.204182 0.090494
vt 0.199181 0.092301
vt 0.197343 0.088774
vt 0.195597 0.085463
vt 0.200627 0.083521
vt 0.193380 0.079768
vt 0.198139 0.077779
vt 0.199295 0.080485
vt 0.194272 0.082444
vt 0.195549 0.070774
vt 0.196450 0.072986
vt 0.191684 0.075090
vt 0.190891 0.072921
vt 0.192556 0.064933
vt 0.193461 0.066852
vt 0.189115 0.068857
vt 0.187903 0.067197
vt 0.425993 0.135814
vt 0.203272 0.115505
vt 0.200708 0.111952
vt 0.198936 0.107233
vt 0.197285 0.102504
vt 0.195317 0.098094
vt 0.191976 0.090913
vt 0.193791 0.094383
vt 0.190042 0.087604
vt 0.188615 0.084403
vt 0.188169 0.081710
vt 0.186473 0.077325
vt 0.185734 0.075143
vt 0.180976 0.070296
vt 0.183120 0.071445
vt 0.223991 0.117797
vt 0.409215 0.132605
vt 0.414271 0.133832
vt 0.209550 0.121529
vt 0.424732 0.135512
vt 0.404654 0.128784
vt 0.409829 0.131786
vt 0.414553 0.133317
vt 0.418903 0.134625
vt 0.424072 0.134711
vt 0.419248 0.133413
vt 0.424181 0.133772
vt 0.414945 0.131914
vt 0.405588 0.126200
vt 0.410393 0.130090
vt 0.407809 0.121547
vt 0.412668 0.124552
vt 0.417124 0.126675
vt 0.421119 0.128423
vt 0.425491 0.131097
vt 0.180133 0.068448
vt 0.446788 0.079354
vt 0.191679 0.063244
vt 0.196434 0.061338
vt 0.433321 0.073019
vt 0.452154 0.083704
vt 0.446060 0.080209
vt 0.441908 0.077887
vt 0.437414 0.075862
vt 0.432658 0.073736
vt 0.450552 0.085039
vt 0.445156 0.081663
vt 0.440742 0.079437
vt 0.436511 0.077095
vt 0.431739 0.075225
vt 0.448909 0.087537
vt 0.443477 0.084891
vt 0.438914 0.082656
vt 0.434628 0.080472
vt 0.430205 0.078136
vt 0.446964 0.093639
vt 0.440816 0.091296
vt 0.442114 0.088005
vt 0.447865 0.090346
vt 0.435579 0.088989
vt 0.437209 0.085746
vt 0.428453 0.081191
vt 0.432744 0.083473
vt 0.430948 0.086751
vt 0.426536 0.084473
vt 0.444809 0.097205
vt 0.438891 0.094724
vt 0.433795 0.092452
vt 0.429071 0.090202
vt 0.424527 0.087899
vt 0.420269 0.095198
vt 0.422399 0.091471
vt 0.426955 0.093778
vt 0.424816 0.097484
vt 0.429434 0.099672
vt 0.431624 0.095995
vt 0.436528 0.098227
vt 0.434195 0.101824
vt 0.439193 0.104042
vt 0.441632 0.100608
vt 0.429684 0.109483
vt 0.431886 0.105582
vt 0.436915 0.107740
vt 0.434635 0.111597
vt 0.425083 0.107431
vt 0.427220 0.103496
vt 0.418129 0.099070
vt 0.422692 0.101342
vt 0.420583 0.105359
vt 0.415993 0.103113
vt 0.411953 0.111861
vt 0.414027 0.107370
vt 0.418528 0.109598
vt 0.416468 0.114133
vt 0.425853 0.117924
vt 0.421097 0.116142
vt 0.423036 0.111615
vt 0.427704 0.113557
vt 0.431176 0.119399
vt 0.432682 0.115452
vt 0.429125 0.123866
vt 0.424054 0.123276
vt 0.419127 0.121211
vt 0.414555 0.119085
vt 0.409898 0.116629
vt 0.173323 0.071307
vt 0.174590 0.072851
vt 0.177543 0.073780
vt 0.180885 0.079736
vt 0.180670 0.077172
vt 0.181831 0.086109
vt 0.183203 0.083196
vt 0.183989 0.089880
vt 0.186399 0.093234
vt 0.188065 0.096730
vt 0.191242 0.105117
vt 0.188938 0.100582
vt 0.192381 0.110182
vt 0.194263 0.114575
vt 0.426020 0.133458
vt 0.425931 0.134075
vt 0.428179 0.133808
vt 0.427281 0.133373
vt 0.428862 0.131104
vt 0.429432 0.131733
vt 0.427009 0.132655
vt 0.428277 0.131051
vt 0.427855 0.130118
vt 0.434172 0.130687
vt 0.436448 0.131562
vt 0.196742 0.114597
vt 0.199420 0.113719
vt 0.200275 0.114724
vt 0.200330 0.115440
vt 0.434199 0.130193
vt 0.436600 0.130984
vt 0.434268 0.129497
vt 0.436531 0.130298
vt 0.430371 0.129362
vt 0.458358 0.086507
vt 0.455694 0.087606
vt 0.454086 0.089843
vt 0.452539 0.094136
vt 0.453660 0.092157
vt 0.448913 0.095567
vt 0.450902 0.096120
vt 0.447826 0.096921
vt 0.449787 0.097993
vt 0.448761 0.100267
vt 0.446191 0.103088
vt 0.444381 0.106248
vt 0.442272 0.109992
vt 0.439939 0.113848
vt 0.438295 0.117549
vt 0.437477 0.121733
vt 0.433401 0.124703
vt 0.431917 0.127193
vt 0.429143 0.126875
vt 0.434747 0.127772
vt 0.435748 0.125831
vt 0.189104 0.116235
vt 0.187645 0.112117
vt 0.440722 0.132256
vt 0.440643 0.132883
vt 0.440798 0.131384
vt 0.445111 0.133192
vt 0.445186 0.133807
vt 0.445336 0.131378
vt 0.185386 0.117417
vt 0.183468 0.113935
vt 0.452443 0.133645
vt 0.178324 0.115623
vt 0.448983 0.133923
vt 0.449164 0.133304
vt 0.452307 0.132985
vt 0.455780 0.132357
vt 0.456008 0.130209
vt 0.455480 0.132090
vt 0.455486 0.130265
vt 0.448890 0.131391
vt 0.451810 0.131234
vt 0.186167 0.107375
vt 0.181898 0.109492
vt 0.178035 0.111596
vt 0.456985 0.127330
vt 0.456162 0.127296
vt 0.183910 0.102842
vt 0.179419 0.105123
vt 0.176567 0.108252
vt 0.459219 0.124733
vt 0.458459 0.124042
vt 0.458993 0.121851
vt 0.175149 0.106727
vt 0.458101 0.122015
vt 0.457848 0.118934
vt 0.172741 0.104996
vt 0.456410 0.116232
vt 0.174139 0.102034
vt 0.456841 0.113738
vt 0.173664 0.099402
vt 0.457141 0.111092
vt 0.173158 0.096603
vt 0.457569 0.107195
vt 0.173156 0.092029
vt 0.455614 0.103770
vt 0.175439 0.088439
vt 0.453190 0.101578
vt 0.178104 0.086450
vt 0.451479 0.099598
vt 0.180287 0.084606
vt 0.451905 0.096678
vt 0.450976 0.098347
vt 0.180553 0.081977
vt 0.181073 0.083520
vt 0.453606 0.096305
vt 0.178829 0.081591
vt 0.455704 0.095854
vt 0.176744 0.081290
vt 0.457662 0.095250
vt 0.174725 0.080697
vt 0.458601 0.093974
vt 0.173800 0.079342
vt 0.459115 0.092297
vt 0.173048 0.077715
vt 0.459580 0.090460
vt 0.172403 0.075724
vt 0.172084 0.073466
vt 0.459672 0.088404
vt 0.175087 0.104607
vt 0.176288 0.101673
vt 0.175660 0.098761
vt 0.174671 0.096378
vt 0.174724 0.093004
vt 0.176668 0.090037
vt 0.205012 0.072265
vt 0.201477 0.073538
vt 0.197224 0.075265
vt 0.192523 0.077293
vt 0.187411 0.079367
vt 0.182467 0.081336
vt 0.178839 0.087898
vt 0.177776 0.079801
vt 0.175811 0.079603
vt 0.174905 0.078333
vt 0.174137 0.077139
vt 0.173656 0.075352
vt 0.173496 0.073686
vt 0.198618 0.066753
vt 0.202375 0.065006
vt 0.194389 0.068755
vt 0.189960 0.070844
vt 0.184672 0.073114
vt 0.179575 0.075201
vt 0.177364 0.078115
vt 0.176086 0.076445
vt 0.179860 0.092369
vt 0.177429 0.094029
vt 0.179141 0.100684
vt 0.183026 0.098965
vt 0.178007 0.096909
vt 0.181772 0.095409
vt 0.437423 0.128056
vt 0.441412 0.128945
vt 0.445678 0.129113
vt 0.448959 0.128875
vt 0.452366 0.128112
vt 0.454801 0.094664
vt 0.451088 0.102761
vt 0.452971 0.105028
vt 0.454903 0.108291
vt 0.454692 0.113354
vt 0.455450 0.110698
vt 0.455404 0.121253
vt 0.454576 0.118605
vt 0.453784 0.115696
vt 0.455917 0.122959
vt 0.455656 0.124825
vt 0.453970 0.123533
vt 0.454676 0.125941
vt 0.451796 0.125209
vt 0.449449 0.105077
vt 0.448803 0.108177
vt 0.451667 0.106643
vt 0.451876 0.109614
vt 0.447303 0.111747
vt 0.450650 0.113394
vt 0.438372 0.125532
vt 0.441510 0.125949
vt 0.444977 0.126134
vt 0.448297 0.125925
vt 0.445106 0.115711
vt 0.449931 0.117816
vt 0.452271 0.121228
vt 0.449522 0.122431
vt 0.446924 0.123226
vt 0.444006 0.123420
vt 0.441037 0.123572
vt 0.445582 0.121471
vt 0.442689 0.121171
vt 0.443344 0.118716
vt 0.447091 0.120076
vt 0.456135 0.093928
vt 0.457715 0.089110
vt 0.457023 0.090513
vt 0.457094 0.092191
vt 0.457214 0.093344
vt 0.425985 0.125971
vt 0.425391 0.128192
vt 0.228728 0.115950
vt 0.400404 0.125536
vt 0.232869 0.113782
vt 0.396606 0.122921
vt 0.228762 0.114436
vt 0.232933 0.111028
vt 0.397639 0.120778
vt 0.401710 0.123230
vt 0.240791 0.108848
vt 0.390023 0.117740
vt 0.240084 0.106217
vt 0.391002 0.115861
vt 0.246425 0.104690
vt 0.385202 0.114486
vt 0.245538 0.102648
vt 0.386118 0.112708
vt 0.251942 0.100970
vt 0.380008 0.111925
vt 0.251003 0.099327
vt 0.380805 0.110393
vt 0.257392 0.097604
vt 0.374865 0.109431
vt 0.256479 0.096219
vt 0.375676 0.107784
vt 0.263361 0.094533
vt 0.369176 0.106902
vt 0.262306 0.092963
vt 0.370052 0.105145
vt 0.269667 0.091079
vt 0.362832 0.104353
vt 0.268700 0.089837
vt 0.363661 0.102768
vt 0.280512 0.085093
vt 0.352682 0.099613
vt 0.279772 0.084341
vt 0.353497 0.098189
vt 0.285348 0.081766
vt 0.348278 0.097603
vt 0.284359 0.080888
vt 0.349075 0.096134
vt 0.294565 0.076335
vt 0.339948 0.093206
vt 0.294226 0.075369
vt 0.340568 0.091822
vt 0.299381 0.075657
vt 0.336793 0.090535
vt 0.338278 0.088216
vt 0.299062 0.074173
vt 0.303622 0.075445
vt 0.333430 0.087398
vt 0.336314 0.083547
vt 0.303493 0.073864
vt 0.307062 0.073381
vt 0.329617 0.084306
vt 0.306213 0.071756
vt 0.332271 0.082201
vt 0.312266 0.071529
vt 0.326725 0.080736
vt 0.318440 0.073074
vt 0.325082 0.073134
vt 0.330260 0.079238
vt 0.331865 0.074631
vt 0.310487 0.069455
vt 0.319431 0.069707
vt 0.329899 0.065507
vt 0.325196 0.066630
vt 0.320871 0.060454
vt 0.324124 0.059325
vt 0.328829 0.058336
vt 0.322064 0.052346
vt 0.324331 0.051412
vt 0.329146 0.051461
vt 0.429059 0.071674
vt 0.429927 0.070739
vt 0.427926 0.073298
vt 0.205821 0.060095
vt 0.425384 0.069177
vt 0.426283 0.068176
vt 0.424147 0.070845
vt 0.210034 0.058499
vt 0.420845 0.065960
vt 0.421557 0.064873
vt 0.419511 0.067698
vt 0.214689 0.056560
vt 0.416769 0.063500
vt 0.417362 0.062454
vt 0.415594 0.065216
vt 0.218609 0.054718
vt 0.412552 0.061051
vt 0.412965 0.060333
vt 0.411576 0.062601
vt 0.222241 0.052634
vt 0.408339 0.058399
vt 0.408823 0.057655
vt 0.407352 0.059991
vt 0.226016 0.050327
vt 0.403571 0.055878
vt 0.404278 0.054518
vt 0.402181 0.057749
vt 0.230223 0.047964
vt 0.397895 0.053171
vt 0.398555 0.051446
vt 0.396083 0.055205
vt 0.235220 0.045434
vt 0.399978 0.060522
vt 0.393882 0.057823
vt 0.404910 0.063002
vt 0.409417 0.065308
vt 0.413571 0.067930
vt 0.417751 0.070514
vt 0.422279 0.073359
vt 0.426214 0.075834
vt 0.403395 0.118801
vt 0.398818 0.116016
vt 0.392969 0.112085
vt 0.387901 0.108975
vt 0.382646 0.106250
vt 0.377675 0.103315
vt 0.372223 0.100665
vt 0.366142 0.097653
vt 0.357595 0.094364
vt 0.351110 0.091859
vt 0.342971 0.087711
vt 0.335179 0.064344
vt 0.340100 0.072696
vt 0.340582 0.079571
vt 0.346204 0.082785
vt 0.390855 0.050499
vt 0.391369 0.049139
vt 0.389541 0.052372
vt 0.241145 0.042835
vt 0.387588 0.054727
vt 0.384694 0.047806
vt 0.384931 0.046463
vt 0.383436 0.049198
vt 0.246240 0.039892
vt 0.381524 0.051441
vt 0.379531 0.045145
vt 0.378834 0.043844
vt 0.377886 0.045763
vt 0.250120 0.036234
vt 0.375670 0.047924
vt 0.332305 0.053029
vt 0.333184 0.057717
vt 0.373242 0.042563
vt 0.370968 0.044454
vt 0.252629 0.031929
vt 0.367710 0.039675
vt 0.366180 0.041486
vt 0.254558 0.026601
vt 0.361867 0.037880
vt 0.364188 0.036267
vt 0.256916 0.020805
vt 0.362137 0.031856
vt 0.359033 0.033849
vt 0.257793 0.015219
vt 0.359133 0.039696
vt 0.355757 0.035317
vt 0.206294 0.062233
vt 0.210892 0.060580
vt 0.215791 0.058503
vt 0.219910 0.056543
vt 0.223736 0.054342
vt 0.227628 0.052036
vt 0.231902 0.049669
vt 0.237088 0.047103
vt 0.242860 0.044261
vt 0.248059 0.040988
vt 0.252201 0.036997
vt 0.255064 0.032254
vt 0.257015 0.026865
vt 0.258746 0.021005
vt 0.259496 0.014958
vt 0.211592 0.063372
vt 0.216717 0.061115
vt 0.221196 0.058891
vt 0.225292 0.056604
vt 0.229404 0.054213
vt 0.234008 0.051735
vt 0.239388 0.049027
vt 0.244909 0.045920
vt 0.250114 0.042337
vt 0.254414 0.038038
vt 0.257530 0.033104
vt 0.259664 0.027652
vt 0.261235 0.021783
vt 0.262002 0.015980
vt 0.212913 0.066443
vt 0.218032 0.063916
vt 0.222659 0.061519
vt 0.227032 0.059101
vt 0.231471 0.056619
vt 0.236250 0.054045
vt 0.241716 0.051140
vt 0.247148 0.047802
vt 0.252363 0.043964
vt 0.256628 0.039455
vt 0.259825 0.034283
vt 0.262042 0.028644
vt 0.263271 0.022876
vt 0.263695 0.017611
vt 0.210351 0.071789
vt 0.215131 0.069264
vt 0.212644 0.074557
vt 0.217290 0.072237
vt 0.219940 0.066810
vt 0.224575 0.064348
vt 0.229079 0.061844
vt 0.233690 0.059253
vt 0.238794 0.056526
vt 0.244107 0.053432
vt 0.249509 0.049905
vt 0.254671 0.045861
vt 0.258925 0.041165
vt 0.262285 0.035856
vt 0.264615 0.030059
vt 0.265845 0.023903
vt 0.265826 0.017407
vt 0.222000 0.069830
vt 0.226665 0.067374
vt 0.231274 0.064783
vt 0.236031 0.062087
vt 0.241124 0.059201
vt 0.246478 0.055961
vt 0.251914 0.052257
vt 0.257194 0.048032
vt 0.261543 0.043166
vt 0.265015 0.037754
vt 0.267617 0.032016
vt 0.269430 0.025909
vt 0.270883 0.019054
vt 0.268022 0.040025
vt 0.264410 0.045478
vt 0.214636 0.077639
vt 0.219358 0.075414
vt 0.224099 0.073035
vt 0.228809 0.070537
vt 0.233494 0.067902
vt 0.238309 0.065114
vt 0.243374 0.062111
vt 0.248808 0.058733
vt 0.254317 0.054871
vt 0.259856 0.050482
vt 0.271141 0.042591
vt 0.267422 0.048088
vt 0.216646 0.081033
vt 0.221406 0.078803
vt 0.226212 0.076420
vt 0.231003 0.073902
vt 0.235752 0.071204
vt 0.240598 0.068345
vt 0.245716 0.065255
vt 0.251164 0.061764
vt 0.256997 0.057729
vt 0.262640 0.053183
vt 0.274393 0.045437
vt 0.270575 0.050888
vt 0.218667 0.084717
vt 0.223498 0.082465
vt 0.228404 0.080041
vt 0.233265 0.077465
vt 0.238092 0.074722
vt 0.242976 0.071796
vt 0.248212 0.068617
vt 0.253724 0.065019
vt 0.259773 0.060827
vt 0.265557 0.056138
vt 0.277987 0.048469
vt 0.274038 0.053844
vt 0.220739 0.088705
vt 0.225688 0.086429
vt 0.230671 0.083934
vt 0.235620 0.081264
vt 0.240513 0.078449
vt 0.245436 0.075462
vt 0.250737 0.072202
vt 0.256316 0.068524
vt 0.262688 0.064186
vt 0.268790 0.059318
vt 0.282092 0.051663
vt 0.278203 0.056857
vt 0.222631 0.092956
vt 0.227637 0.090613
vt 0.232765 0.088018
vt 0.237800 0.085242
vt 0.242747 0.082366
vt 0.247742 0.079343
vt 0.253198 0.076046
vt 0.258900 0.072322
vt 0.265661 0.067815
vt 0.272195 0.062743
vt 0.286735 0.055296
vt 0.283019 0.059994
vt 0.224333 0.097554
vt 0.229550 0.095131
vt 0.234830 0.092372
vt 0.239956 0.089441
vt 0.244914 0.086483
vt 0.249973 0.083413
vt 0.255438 0.080121
vt 0.261220 0.076433
vt 0.268651 0.071652
vt 0.275553 0.066621
vt 0.227454 0.108102
vt 0.226006 0.102550
vt 0.231205 0.100003
vt 0.232431 0.105295
vt 0.238617 0.101664
vt 0.236822 0.096937
vt 0.248997 0.095024
vt 0.243975 0.098274
vt 0.242033 0.093806
vt 0.247018 0.090723
vt 0.259741 0.088721
vt 0.254110 0.091889
vt 0.252025 0.087623
vt 0.257484 0.084386
vt 0.265794 0.085422
vt 0.263422 0.080820
vt 0.275455 0.079814
vt 0.271886 0.075673
vt 0.280685 0.075988
vt 0.278501 0.070963
vt 0.291274 0.068787
vt 0.288336 0.063833
vt 0.292812 0.058809
vt 0.296525 0.065396
vt 0.297535 0.070080
vt 0.300002 0.070793
vt 0.302659 0.070317
vt 0.305438 0.068583
vt 0.310272 0.066213
vt 0.315744 0.064739
vt 0.316940 0.059759
vt 0.317172 0.053510
vt 0.270806 0.034442
vt 0.274013 0.037201
vt 0.277287 0.040162
vt 0.280744 0.043338
vt 0.284526 0.046807
vt 0.288640 0.050599
vt 0.293922 0.053959
vt 0.300340 0.059671
vt 0.301947 0.062128
vt 0.304357 0.063264
vt 0.307970 0.061957
vt 0.311350 0.060864
vt 0.313213 0.057990
vt 0.314655 0.054534
vt 0.292609 0.046645
vt 0.289328 0.046411
vt 0.289568 0.039629
vt 0.286686 0.042168
vt 0.283280 0.038602
vt 0.279810 0.035137
vt 0.273085 0.028757
vt 0.276486 0.031948
vt 0.285843 0.034290
vt 0.282149 0.030313
vt 0.275525 0.023045
vt 0.278739 0.026962
vt 0.422289 0.082074
vt 0.424330 0.078845
vt 0.420214 0.085492
vt 0.415854 0.092769
vt 0.418063 0.089060
vt 0.411459 0.100678
vt 0.413660 0.096650
vt 0.407304 0.109346
vt 0.409338 0.104896
vt 0.405286 0.113999
vt 0.417979 0.079552
vt 0.420140 0.076305
vt 0.415827 0.082950
vt 0.411355 0.090217
vt 0.413583 0.086537
vt 0.406817 0.098052
vt 0.409097 0.094052
vt 0.402491 0.106551
vt 0.404608 0.102205
vt 0.400471 0.111128
vt 0.413635 0.076886
vt 0.415807 0.073606
vt 0.411437 0.080344
vt 0.406867 0.087570
vt 0.409166 0.083878
vt 0.402162 0.095295
vt 0.404504 0.091358
vt 0.397515 0.103553
vt 0.399811 0.099367
vt 0.395297 0.107877
vt 0.409128 0.074251
vt 0.411424 0.070949
vt 0.406815 0.077656
vt 0.402094 0.084860
vt 0.404496 0.081221
vt 0.397472 0.092479
vt 0.399827 0.088613
vt 0.392677 0.100571
vt 0.395076 0.096491
vt 0.390275 0.104756
vt 0.404525 0.071659
vt 0.407003 0.068389
vt 0.402022 0.075037
vt 0.397146 0.082130
vt 0.399554 0.078514
vt 0.392467 0.089643
vt 0.394836 0.085821
vt 0.387695 0.097647
vt 0.390080 0.093593
vt 0.385234 0.101852
vt 0.399620 0.069114
vt 0.402355 0.065976
vt 0.397017 0.072392
vt 0.392086 0.079333
vt 0.394537 0.075774
vt 0.387396 0.086768
vt 0.389721 0.082985
vt 0.382666 0.094751
vt 0.385020 0.090702
vt 0.380265 0.098984
vt 0.394336 0.066441
vt 0.397084 0.063421
vt 0.391729 0.069594
vt 0.386701 0.076400
vt 0.389202 0.072915
vt 0.381983 0.083788
vt 0.384299 0.080020
vt 0.377178 0.091758
vt 0.379550 0.087711
vt 0.374718 0.096087
vt 0.388582 0.063512
vt 0.391244 0.060585
vt 0.385978 0.066609
vt 0.380924 0.073236
vt 0.383420 0.069839
vt 0.375977 0.080578
vt 0.378421 0.076825
vt 0.370933 0.088562
vt 0.373429 0.084474
vt 0.368438 0.093016
vt 0.382629 0.060315
vt 0.385209 0.057442
vt 0.380010 0.063329
vt 0.374747 0.069781
vt 0.377380 0.066485
vt 0.369367 0.076995
vt 0.372050 0.073302
vt 0.363841 0.085066
vt 0.366605 0.080872
vt 0.361040 0.089610
vt 0.376652 0.056865
vt 0.379130 0.054096
vt 0.373990 0.059802
vt 0.368447 0.066034
vt 0.371262 0.062856
vt 0.362476 0.073038
vt 0.365547 0.069423
vt 0.356353 0.081333
vt 0.359342 0.076973
vt 0.353690 0.086372
vt 0.370745 0.053237
vt 0.373313 0.050539
vt 0.368069 0.056061
vt 0.362238 0.062029
vt 0.365212 0.059001
vt 0.355685 0.068718
vt 0.359079 0.065227
vt 0.348467 0.077271
vt 0.352043 0.072606
vt 0.356445 0.042287
vt 0.352557 0.038839
vt 0.334931 0.050030
vt 0.337269 0.055561
vt 0.345255 0.067618
vt 0.340258 0.061481
vt 0.367912 0.046966
vt 0.363157 0.043506
vt 0.339814 0.047981
vt 0.341641 0.053417
vt 0.343252 0.048224
vt 0.345341 0.051707
vt 0.344801 0.045077
vt 0.348185 0.049203
vt 0.348542 0.042324
vt 0.351207 0.046762
vt 0.351679 0.041920
vt 0.354190 0.044815
vt 0.365195 0.049552
vt 0.362536 0.052226
vt 0.356620 0.057794
vt 0.359684 0.054975
vt 0.349579 0.063938
vt 0.353344 0.060756
vt 0.360361 0.045892
vt 0.357794 0.048422
vt 0.351864 0.053462
vt 0.354869 0.050882
vt 0.344777 0.058693
vt 0.348648 0.056111
vt 0.819026 0.076874
vt 0.728183 0.178065
vt 0.828598 0.079553
vt 0.660838 0.037368
vt 0.655257 0.033228
vt 0.940368 0.080864
vt 0.306211 0.052118
vt 0.303892 0.051749
vt 0.933068 0.060780
vt 0.308269 0.052642
vt 0.313295 0.052870
vt 0.300558 0.050097
vt 0.307045 0.055029
vt 0.301714 0.055913
vt 0.304187 0.056577
vt 0.305953 0.057988
vt 0.933718 0.073485
vt 0.311030 0.055066
vt 0.309025 0.057375
vt 0.307629 0.058964
vt 0.298144 0.052287
vt 0.297836 0.043271
vt 0.295885 0.045661
vt 0.852390 0.059594
vt 0.292523 0.036463
vt 0.856472 0.058245
vt 0.932960 0.080153
vt 0.851599 0.066238
vt 0.288492 0.030131
vt 0.853191 0.074122
vt 0.284172 0.025296
vt 0.856329 0.082465
vt 0.845623 0.077155
vt 0.849223 0.085326
vt 0.837967 0.080426
vt 0.840668 0.091194
vt 0.928321 0.087826
vt 0.331319 0.043856
vt 0.340163 0.040697
vt 0.347293 0.035685
vt 0.352196 0.029415
vt 0.355180 0.028327
vt 0.359823 0.024727
vt 0.873078 0.100407
vt 0.863391 0.095365
vt 0.863512 0.085712
vt 0.280715 0.023007
vt 0.928405 0.103298
vt 0.929268 0.118984
vt 0.916438 0.104334
vt 0.917308 0.119068
vt 0.905025 0.106462
vt 0.905228 0.119665
vt 0.895092 0.120218
vt 0.895234 0.109501
vt 0.887634 0.113203
vt 0.872844 0.113627
vt 0.854666 0.106844
vt 0.838539 0.104401
vt 0.849834 0.096025
vt 0.854570 0.090207
vt 0.702449 0.923811
vt 0.697477 0.925258
vt 0.702887 0.925209
vt 0.938523 0.785669
vt 0.932498 0.787763
vt 0.937039 0.784235
vt 0.696091 0.858276
vt 0.702461 0.857430
vt 0.696104 0.857145
vt 0.881148 0.752473
vt 0.886444 0.749541
vt 0.882688 0.753918
vt 0.889191 0.758442
vt 0.885209 0.755975
vt 0.888429 0.752004
vt 0.892635 0.754559
vt 0.927181 0.783524
vt 0.931333 0.779858
vt 0.934387 0.782265
vt 0.930035 0.785753
vt 0.927866 0.777896
vt 0.924181 0.781325
vt 0.924899 0.775905
vt 0.921270 0.779156
vt 0.918372 0.776889
vt 0.922211 0.773674
vt 0.919281 0.771119
vt 0.915275 0.774415
vt 0.911861 0.771737
vt 0.915962 0.768266
vt 0.897599 0.756803
vt 0.893896 0.760915
vt 0.902784 0.759271
vt 0.898974 0.763387
vt 0.908921 0.761530
vt 0.903992 0.765975
vt 0.912270 0.765535
vt 0.908106 0.768955
vt 0.708263 0.879114
vt 0.708090 0.883388
vt 0.708469 0.870192
vt 0.708394 0.874702
vt 0.708405 0.865472
vt 0.708195 0.860694
vt 0.707882 0.887698
vt 0.707630 0.891975
vt 0.707348 0.896521
vt 0.707272 0.901269
vt 0.707408 0.915097
vt 0.707555 0.918944
vt 0.707282 0.906030
vt 0.707336 0.910667
vt 0.707773 0.921770
vt 0.708109 0.923019
vt 0.928062 0.791160
vt 0.707798 0.857055
vt 0.877009 0.756010
vt 0.878911 0.757610
vt 0.885770 0.762230
vt 0.881669 0.759695
vt 0.925955 0.789209
vt 0.923424 0.787003
vt 0.920623 0.784791
vt 0.917753 0.782549
vt 0.914778 0.780235
vt 0.911584 0.777796
vt 0.908097 0.775236
vt 0.890457 0.764770
vt 0.895306 0.767305
vt 0.900023 0.769915
vt 0.904256 0.772597
vt 0.941887 0.782409
vt 0.693221 0.926039
vt 0.944907 0.779297
vt 0.689021 0.927035
vt 0.948501 0.777249
vt 0.685562 0.929125
vt 0.682114 0.931495
vt 0.952243 0.775435
vt 0.678903 0.931955
vt 0.953863 0.772966
vt 0.675243 0.931755
vt 0.955409 0.770216
vt 0.956458 0.767708
vt 0.672678 0.930511
vt 0.954873 0.766038
vt 0.672024 0.928279
vt 0.951985 0.765484
vt 0.673403 0.925593
vt 0.948569 0.766346
vt 0.675959 0.923156
vt 0.678341 0.921030
vt 0.945300 0.767318
vt 0.942380 0.768361
vt 0.681073 0.919003
vt 0.939159 0.770003
vt 0.684165 0.917131
vt 0.935850 0.771058
vt 0.687003 0.914895
vt 0.933461 0.771281
vt 0.688913 0.913144
vt 0.931853 0.770006
vt 0.688484 0.910272
vt 0.932392 0.767507
vt 0.685493 0.909574
vt 0.934305 0.764680
vt 0.682337 0.909623
vt 0.679201 0.910034
vt 0.935822 0.761955
vt 0.937339 0.758916
vt 0.676078 0.909690
vt 0.938770 0.755444
vt 0.672708 0.909062
vt 0.940373 0.751908
vt 0.668854 0.908825
vt 0.942414 0.748897
vt 0.665269 0.908939
vt 0.943346 0.747232
vt 0.663569 0.908650
vt 0.942792 0.745667
vt 0.662589 0.907570
vt 0.940906 0.745668
vt 0.662986 0.906023
vt 0.939088 0.746682
vt 0.664767 0.904531
vt 0.936577 0.747280
vt 0.666927 0.902706
vt 0.667682 0.901802
vt 0.935295 0.747528
vt 0.933864 0.748766
vt 0.669292 0.900904
vt 0.932871 0.749029
vt 0.669975 0.899979
vt 0.669199 0.898890
vt 0.932528 0.747670
vt 0.667682 0.898071
vt 0.933083 0.745605
vt 0.933973 0.743507
vt 0.665582 0.897442
vt 0.934601 0.741348
vt 0.663506 0.896447
vt 0.934879 0.739384
vt 0.661905 0.895615
vt 0.934736 0.738070
vt 0.661144 0.894879
vt 0.933600 0.737796
vt 0.661150 0.893839
vt 0.931877 0.738090
vt 0.661807 0.892209
vt 0.929955 0.738726
vt 0.663301 0.890595
vt 0.928254 0.740134
vt 0.665184 0.889563
vt 0.926555 0.741577
vt 0.667339 0.888700
vt 0.924911 0.742634
vt 0.669212 0.888116
vt 0.923677 0.742534
vt 0.670053 0.887122
vt 0.923306 0.741457
vt 0.669392 0.886170
vt 0.923867 0.739258
vt 0.667497 0.885292
vt 0.924117 0.736830
vt 0.665320 0.884171
vt 0.924653 0.734418
vt 0.663318 0.882908
vt 0.924455 0.732904
vt 0.662730 0.881734
vt 0.923345 0.732672
vt 0.662904 0.880768
vt 0.921556 0.733579
vt 0.664163 0.879369
vt 0.919193 0.735473
vt 0.667081 0.878124
vt 0.916819 0.737189
vt 0.670099 0.877528
vt 0.914014 0.740052
vt 0.674085 0.876791
vt 0.910488 0.743407
vt 0.678701 0.875923
vt 0.907500 0.745339
vt 0.681929 0.875607
vt 0.905836 0.746262
vt 0.683684 0.874757
vt 0.904686 0.745754
vt 0.684032 0.873243
vt 0.904824 0.743992
vt 0.682710 0.871954
vt 0.680925 0.871082
vt 0.905212 0.741771
vt 0.678945 0.869907
vt 0.905060 0.739426
vt 0.676576 0.868376
vt 0.905432 0.736436
vt 0.905352 0.733086
vt 0.673733 0.866344
vt 0.905243 0.730045
vt 0.671193 0.864444
vt 0.669094 0.862714
vt 0.905517 0.727001
vt 0.904672 0.724987
vt 0.668170 0.861002
vt 0.903243 0.724406
vt 0.668400 0.859659
vt 0.901224 0.724923
vt 0.669748 0.858146
vt 0.899395 0.725951
vt 0.671507 0.857169
vt 0.898201 0.728274
vt 0.674034 0.857399
vt 0.896538 0.731204
vt 0.677300 0.857853
vt 0.895258 0.734541
vt 0.680452 0.858760
vt 0.892840 0.736621
vt 0.683222 0.857747
vt 0.891738 0.739106
vt 0.685499 0.858575
vt 0.889928 0.741754
vt 0.688949 0.858748
vt 0.888180 0.744337
vt 0.692002 0.858573
vt 0.675818 0.930267
vt 0.679131 0.930310
vt 0.673504 0.929708
vt 0.673144 0.928406
vt 0.674557 0.926458
vt 0.677688 0.924693
vt 0.680462 0.922667
vt 0.681858 0.929577
vt 0.684813 0.927467
vt 0.692668 0.924052
vt 0.688515 0.925222
vt 0.683397 0.920889
vt 0.686106 0.919467
vt 0.688978 0.917323
vt 0.692003 0.914832
vt 0.691960 0.909953
vt 0.674533 0.927937
vt 0.674678 0.928700
vt 0.675095 0.927390
vt 0.676263 0.928428
vt 0.678484 0.927922
vt 0.677437 0.926402
vt 0.680657 0.926565
vt 0.683139 0.924873
vt 0.686099 0.923129
vt 0.689352 0.921578
vt 0.693201 0.919396
vt 0.690572 0.919638
vt 0.663767 0.907051
vt 0.664293 0.906140
vt 0.664362 0.907819
vt 0.665656 0.907560
vt 0.667702 0.907101
vt 0.673030 0.907248
vt 0.666017 0.905470
vt 0.668179 0.904087
vt 0.669502 0.902681
vt 0.670726 0.901739
vt 0.672309 0.899800
vt 0.670815 0.898082
vt 0.669092 0.896851
vt 0.666762 0.895695
vt 0.664836 0.895321
vt 0.663359 0.894662
vt 0.662501 0.894214
vt 0.662406 0.893643
vt 0.663182 0.892591
vt 0.664428 0.891565
vt 0.666034 0.890882
vt 0.668231 0.889983
vt 0.676127 0.907910
vt 0.678968 0.907776
vt 0.682228 0.907573
vt 0.685482 0.907439
vt 0.688266 0.907750
vt 0.690644 0.905340
vt 0.685984 0.904591
vt 0.669445 0.905756
vt 0.672140 0.905439
vt 0.675245 0.904829
vt 0.678360 0.904621
vt 0.681973 0.904667
vt 0.670267 0.889539
vt 0.671784 0.887388
vt 0.670923 0.885322
vt 0.668383 0.884199
vt 0.666047 0.883106
vt 0.664556 0.882089
vt 0.663731 0.881522
vt 0.664030 0.880969
vt 0.665113 0.880602
vt 0.667787 0.879768
vt 0.670486 0.879434
vt 0.674298 0.878756
vt 0.678802 0.877905
vt 0.682614 0.877535
vt 0.685135 0.875658
vt 0.685841 0.872930
vt 0.684487 0.870451
vt 0.681938 0.869120
vt 0.680299 0.868241
vt 0.678158 0.867046
vt 0.675277 0.865210
vt 0.672700 0.863245
vt 0.670464 0.861891
vt 0.670134 0.861176
vt 0.670501 0.860126
vt 0.671318 0.859333
vt 0.672569 0.858939
vt 0.674228 0.859188
vt 0.676973 0.859548
vt 0.680571 0.860539
vt 0.683224 0.860493
vt 0.685441 0.861000
vt 0.689015 0.861054
vt 0.692807 0.860820
vt 0.674408 0.902293
vt 0.672050 0.903023
vt 0.677890 0.901688
vt 0.681675 0.901409
vt 0.685872 0.901034
vt 0.690439 0.900522
vt 0.676977 0.898820
vt 0.681103 0.898173
vt 0.685181 0.897610
vt 0.689270 0.897017
vt 0.692717 0.896075
vt 0.693015 0.893254
vt 0.688767 0.893803
vt 0.684535 0.894450
vt 0.680487 0.895197
vt 0.676672 0.895918
vt 0.664855 0.892681
vt 0.664907 0.893957
vt 0.666283 0.894284
vt 0.666209 0.892350
vt 0.668138 0.894309
vt 0.669692 0.894029
vt 0.671466 0.894407
vt 0.673545 0.896561
vt 0.667666 0.892196
vt 0.669590 0.892143
vt 0.671476 0.891785
vt 0.675654 0.893449
vt 0.674986 0.891029
vt 0.674131 0.889184
vt 0.674345 0.887308
vt 0.679529 0.892415
vt 0.678334 0.890045
vt 0.677850 0.887337
vt 0.676971 0.888809
vt 0.681863 0.887996
vt 0.683539 0.891236
vt 0.688211 0.890495
vt 0.687427 0.886919
vt 0.693015 0.889756
vt 0.692749 0.885937
vt 0.666855 0.881443
vt 0.667514 0.882007
vt 0.669626 0.882692
vt 0.672282 0.883219
vt 0.674020 0.885429
vt 0.675853 0.883224
vt 0.670250 0.881117
vt 0.668177 0.880999
vt 0.673483 0.881024
vt 0.677147 0.880709
vt 0.678144 0.885234
vt 0.678939 0.883187
vt 0.680554 0.880718
vt 0.681519 0.883167
vt 0.682084 0.884688
vt 0.683593 0.881420
vt 0.686758 0.882959
vt 0.685565 0.878906
vt 0.687815 0.876123
vt 0.688111 0.879762
vt 0.691871 0.877375
vt 0.692402 0.881829
vt 0.688516 0.872144
vt 0.692903 0.872181
vt 0.671816 0.860810
vt 0.673937 0.861239
vt 0.676923 0.862482
vt 0.679843 0.863917
vt 0.682276 0.864534
vt 0.684313 0.865566
vt 0.687366 0.866768
vt 0.692869 0.866937
vt 0.954072 0.767087
vt 0.951727 0.766833
vt 0.955173 0.768339
vt 0.948798 0.767959
vt 0.945730 0.769220
vt 0.942604 0.770237
vt 0.939442 0.771202
vt 0.935993 0.772548
vt 0.954619 0.769745
vt 0.952979 0.772158
vt 0.951289 0.774304
vt 0.948106 0.775798
vt 0.944114 0.777541
vt 0.941254 0.781134
vt 0.933043 0.772240
vt 0.931172 0.770701
vt 0.930990 0.767519
vt 0.932894 0.764336
vt 0.934595 0.761435
vt 0.936359 0.758797
vt 0.937859 0.755091
vt 0.939564 0.751453
vt 0.941499 0.748470
vt 0.942344 0.747274
vt 0.941864 0.746581
vt 0.940968 0.746697
vt 0.939480 0.747507
vt 0.936990 0.748248
vt 0.935796 0.748508
vt 0.934370 0.749702
vt 0.932592 0.750640
vt 0.931281 0.748300
vt 0.932087 0.745576
vt 0.933618 0.741296
vt 0.933999 0.739589
vt 0.932822 0.743396
vt 0.934000 0.738777
vt 0.933196 0.738548
vt 0.928770 0.740885
vt 0.926952 0.742421
vt 0.930214 0.739610
vt 0.931907 0.738962
vt 0.925003 0.743538
vt 0.922862 0.743700
vt 0.922251 0.742037
vt 0.922713 0.737047
vt 0.923743 0.734683
vt 0.922512 0.739421
vt 0.923785 0.733719
vt 0.923227 0.733558
vt 0.921903 0.734500
vt 0.919661 0.736354
vt 0.914542 0.740950
vt 0.911019 0.744365
vt 0.917397 0.738215
vt 0.908215 0.746412
vt 0.905603 0.747756
vt 0.903006 0.747425
vt 0.903107 0.744530
vt 0.903738 0.741980
vt 0.903868 0.739672
vt 0.904510 0.736522
vt 0.903993 0.730329
vt 0.904506 0.727299
vt 0.904386 0.733235
vt 0.903976 0.726044
vt 0.903016 0.725562
vt 0.901552 0.725765
vt 0.897548 0.731871
vt 0.896293 0.735022
vt 0.898964 0.728901
vt 0.900157 0.726843
vt 0.889254 0.745486
vt 0.890989 0.742856
vt 0.892915 0.740087
vt 0.894120 0.737630
vt 0.713182 0.919902
vt 0.713472 0.921345
vt 0.712654 0.917328
vt 0.924085 0.794604
vt 0.731178 0.917494
vt 0.731059 0.916700
vt 0.737382 0.916288
vt 0.737419 0.917627
vt 0.730500 0.914335
vt 0.736915 0.913981
vt 0.911886 0.809352
vt 0.907419 0.814970
vt 0.873942 0.759254
vt 0.712420 0.856296
vt 0.875769 0.760891
vt 0.712781 0.859589
vt 0.727820 0.855470
vt 0.863579 0.770387
vt 0.859236 0.774366
vt 0.733974 0.855124
vt 0.865573 0.771845
vt 0.861327 0.775781
vt 0.727969 0.858382
vt 0.733868 0.857668
vt 0.952878 0.768935
vt 0.949927 0.770741
vt 0.946869 0.772193
vt 0.943684 0.773257
vt 0.940527 0.774411
vt 0.936109 0.776103
vt 0.931409 0.774601
vt 0.941543 0.776907
vt 0.938550 0.779231
vt 0.928483 0.772925
vt 0.926460 0.770595
vt 0.902526 0.727399
vt 0.901595 0.729826
vt 0.900870 0.732944
vt 0.900423 0.736186
vt 0.901504 0.738794
vt 0.897953 0.739293
vt 0.900799 0.741339
vt 0.899737 0.744108
vt 0.896451 0.742761
vt 0.898582 0.747146
vt 0.894789 0.745615
vt 0.892020 0.748424
vt 0.896102 0.750640
vt 0.901667 0.752093
vt 0.940066 0.748833
vt 0.938777 0.750147
vt 0.937366 0.750920
vt 0.937469 0.752590
vt 0.936463 0.753864
vt 0.935425 0.751778
vt 0.933049 0.752759
vt 0.934849 0.755955
vt 0.932724 0.739821
vt 0.931546 0.741221
vt 0.930236 0.742918
vt 0.928790 0.744568
vt 0.931278 0.743909
vt 0.930226 0.745654
vt 0.929117 0.747761
vt 0.927186 0.745774
vt 0.919745 0.738358
vt 0.920656 0.739615
vt 0.920260 0.741877
vt 0.917658 0.741167
vt 0.919455 0.743898
vt 0.916243 0.744411
vt 0.933005 0.758626
vt 0.931279 0.755469
vt 0.930225 0.752897
vt 0.928854 0.750831
vt 0.927050 0.749419
vt 0.925298 0.747758
vt 0.923441 0.745952
vt 0.921759 0.745686
vt 0.918829 0.746285
vt 0.915978 0.745985
vt 0.912221 0.746724
vt 0.909573 0.748092
vt 0.906254 0.750134
vt 0.931028 0.761775
vt 0.928128 0.764817
vt 0.923704 0.767823
vt 0.929013 0.758628
vt 0.927592 0.755790
vt 0.926222 0.753460
vt 0.924590 0.751724
vt 0.922783 0.749968
vt 0.920859 0.748217
vt 0.925844 0.761669
vt 0.924424 0.758326
vt 0.923452 0.755833
vt 0.921730 0.754040
vt 0.919847 0.752243
vt 0.917886 0.750388
vt 0.915334 0.748497
vt 0.920470 0.764312
vt 0.920506 0.759968
vt 0.921031 0.757371
vt 0.918853 0.756367
vt 0.916794 0.754381
vt 0.914712 0.752492
vt 0.912199 0.750474
vt 0.908988 0.752650
vt 0.905830 0.755296
vt 0.911844 0.754649
vt 0.910029 0.757016
vt 0.916131 0.763212
vt 0.915597 0.759584
vt 0.913608 0.756399
vt 0.713421 0.873892
vt 0.713286 0.878317
vt 0.713447 0.869369
vt 0.713299 0.864482
vt 0.713114 0.882543
vt 0.712939 0.886774
vt 0.712726 0.891007
vt 0.712546 0.895455
vt 0.712444 0.900070
vt 0.712445 0.909278
vt 0.712582 0.913543
vt 0.712434 0.904718
vt 0.728443 0.876562
vt 0.728630 0.872589
vt 0.733830 0.872100
vt 0.733417 0.876044
vt 0.728702 0.868143
vt 0.734352 0.867844
vt 0.728556 0.863350
vt 0.734511 0.863105
vt 0.728101 0.884299
vt 0.728240 0.880427
vt 0.733169 0.879876
vt 0.733017 0.883681
vt 0.728032 0.892309
vt 0.728019 0.888237
vt 0.732945 0.887556
vt 0.732967 0.891575
vt 0.728172 0.896572
vt 0.733141 0.895818
vt 0.729844 0.910071
vt 0.729151 0.905563
vt 0.734468 0.904859
vt 0.735718 0.909529
vt 0.728534 0.901007
vt 0.733621 0.900248
vt 0.878847 0.763176
vt 0.882727 0.765768
vt 0.922149 0.792684
vt 0.919754 0.790622
vt 0.917112 0.788375
vt 0.914309 0.786093
vt 0.911352 0.783737
vt 0.908122 0.781322
vt 0.887209 0.768434
vt 0.891933 0.771065
vt 0.896500 0.773719
vt 0.900745 0.776302
vt 0.904583 0.778840
vt 0.868288 0.773765
vt 0.863727 0.777568
vt 0.872887 0.776637
vt 0.869159 0.780604
vt 0.906244 0.800854
vt 0.908423 0.803664
vt 0.904236 0.808269
vt 0.902272 0.805175
vt 0.903881 0.798198
vt 0.900012 0.802393
vt 0.898287 0.792975
vt 0.901232 0.795578
vt 0.897390 0.799673
vt 0.894530 0.797058
vt 0.877919 0.779509
vt 0.874574 0.783414
vt 0.882701 0.782328
vt 0.879277 0.786176
vt 0.887047 0.785108
vt 0.883599 0.788989
vt 0.891126 0.787874
vt 0.887528 0.791766
vt 0.894830 0.790499
vt 0.891229 0.794437
vt 0.910158 0.806696
vt 0.905864 0.811774
vt 0.718387 0.915729
vt 0.718807 0.918190
vt 0.718033 0.912107
vt 0.717854 0.907843
vt 0.717748 0.903401
vt 0.717663 0.898808
vt 0.717710 0.894345
vt 0.717818 0.890033
vt 0.717997 0.885845
vt 0.718131 0.881751
vt 0.718293 0.877618
vt 0.718394 0.873282
vt 0.718326 0.868750
vt 0.718052 0.863978
vt 0.717560 0.859217
vt 0.717017 0.855566
vt 0.871051 0.762897
vt 0.872854 0.764419
vt 0.875733 0.766599
vt 0.879646 0.769241
vt 0.884156 0.772012
vt 0.888793 0.774765
vt 0.893269 0.777483
vt 0.897463 0.780071
vt 0.901297 0.782590
vt 0.904774 0.785071
vt 0.907992 0.787439
vt 0.910905 0.789822
vt 0.913594 0.792160
vt 0.916064 0.794490
vt 0.918230 0.796727
vt 0.919924 0.798656
vt 0.719056 0.919662
vt 0.724164 0.914722
vt 0.724576 0.917221
vt 0.723884 0.910766
vt 0.723499 0.906446
vt 0.723167 0.902074
vt 0.722966 0.897569
vt 0.722909 0.893237
vt 0.722966 0.889065
vt 0.723068 0.885023
vt 0.723186 0.881043
vt 0.723338 0.877040
vt 0.723416 0.872887
vt 0.723362 0.868336
vt 0.723023 0.863627
vt 0.722448 0.859018
vt 0.722064 0.855682
vt 0.867656 0.766411
vt 0.869483 0.767968
vt 0.872309 0.770083
vt 0.876372 0.772804
vt 0.881089 0.775651
vt 0.885770 0.778495
vt 0.890213 0.781253
vt 0.894298 0.783953
vt 0.898091 0.786512
vt 0.901573 0.788930
vt 0.904708 0.791424
vt 0.907510 0.793845
vt 0.910067 0.796311
vt 0.912388 0.798853
vt 0.914315 0.801367
vt 0.916024 0.803556
vt 0.724713 0.918344
vt 0.742863 0.918345
vt 0.742872 0.916302
vt 0.747474 0.916100
vt 0.900728 0.824945
vt 0.899076 0.823162
vt 0.903262 0.819230
vt 0.742243 0.913544
vt 0.747147 0.913558
vt 0.738967 0.854821
vt 0.856561 0.777782
vt 0.743246 0.854086
vt 0.743503 0.854615
vt 0.858184 0.779004
vt 0.855378 0.781929
vt 0.743053 0.856835
vt 0.738687 0.857171
vt 0.738110 0.875570
vt 0.738416 0.871638
vt 0.742874 0.871342
vt 0.742817 0.875203
vt 0.738785 0.867390
vt 0.742878 0.867139
vt 0.738996 0.862699
vt 0.743003 0.862455
vt 0.737844 0.883118
vt 0.737925 0.879372
vt 0.742698 0.878939
vt 0.742745 0.882585
vt 0.737786 0.890925
vt 0.737809 0.886937
vt 0.742760 0.886339
vt 0.742739 0.890284
vt 0.737901 0.895115
vt 0.742804 0.894437
vt 0.740714 0.909073
vt 0.739209 0.904213
vt 0.743539 0.903673
vt 0.745004 0.908839
vt 0.738350 0.899515
vt 0.743096 0.898902
vt 0.860639 0.780826
vt 0.857931 0.783753
vt 0.865828 0.783862
vt 0.862772 0.786910
vt 0.898076 0.809359
vt 0.899970 0.812448
vt 0.895519 0.816643
vt 0.893548 0.813557
vt 0.895809 0.806453
vt 0.891325 0.810705
vt 0.890400 0.801071
vt 0.893184 0.803781
vt 0.888745 0.807999
vt 0.885936 0.805366
vt 0.871041 0.786885
vt 0.867495 0.790398
vt 0.875646 0.789937
vt 0.871780 0.793889
vt 0.879749 0.792872
vt 0.875705 0.797010
vt 0.883637 0.795720
vt 0.879432 0.799931
vt 0.887202 0.798431
vt 0.882938 0.802659
vt 0.901725 0.815902
vt 0.897438 0.819943
vt 0.893525 0.827695
vt 0.892406 0.824437
vt 0.890754 0.821119
vt 0.888913 0.818041
vt 0.886717 0.815209
vt 0.884198 0.812518
vt 0.881460 0.809791
vt 0.878449 0.807110
vt 0.875164 0.804310
vt 0.871502 0.801444
vt 0.867524 0.798287
vt 0.863309 0.794759
vt 0.858665 0.791265
vt 0.853970 0.788426
vt 0.851223 0.786595
vt 0.750316 0.853813
vt 0.750429 0.854390
vt 0.749753 0.856634
vt 0.749139 0.862381
vt 0.748655 0.867063
vt 0.748179 0.871228
vt 0.747786 0.875075
vt 0.747598 0.878748
vt 0.747782 0.882275
vt 0.747851 0.885954
vt 0.747807 0.889799
vt 0.747912 0.894027
vt 0.748534 0.898487
vt 0.749426 0.903292
vt 0.751168 0.908507
vt 0.753599 0.913266
vt 0.753986 0.915374
vt 0.894780 0.829357
vt 0.888496 0.832059
vt 0.887385 0.829073
vt 0.885969 0.825899
vt 0.884211 0.822764
vt 0.882101 0.819812
vt 0.879699 0.816985
vt 0.877014 0.814228
vt 0.874099 0.811422
vt 0.870923 0.808555
vt 0.867347 0.805704
vt 0.863498 0.802460
vt 0.859344 0.799081
vt 0.854848 0.795901
vt 0.850594 0.793266
vt 0.847350 0.791353
vt 0.844111 0.790166
vt 0.757082 0.854203
vt 0.756276 0.856665
vt 0.755148 0.862425
vt 0.754277 0.867087
vt 0.753505 0.871264
vt 0.753011 0.875065
vt 0.752692 0.878711
vt 0.752695 0.882294
vt 0.752794 0.886004
vt 0.753053 0.889886
vt 0.753588 0.894067
vt 0.754496 0.898525
vt 0.755724 0.903332
vt 0.757453 0.908392
vt 0.759308 0.912925
vt 0.760013 0.915221
vt 0.759767 0.916819
vt 0.764341 0.917608
vt 0.764525 0.916123
vt 0.769360 0.918030
vt 0.880635 0.842894
vt 0.764149 0.913435
vt 0.769363 0.915249
vt 0.879551 0.841175
vt 0.884043 0.836443
vt 0.761952 0.854368
vt 0.841195 0.793832
vt 0.767996 0.854008
vt 0.768035 0.854816
vt 0.767307 0.857068
vt 0.761220 0.856675
vt 0.844317 0.795016
vt 0.840867 0.799727
vt 0.762737 0.908544
vt 0.768200 0.909506
vt 0.757944 0.875145
vt 0.758509 0.871319
vt 0.763975 0.871580
vt 0.763171 0.875436
vt 0.759258 0.867174
vt 0.765042 0.867418
vt 0.760143 0.862574
vt 0.766213 0.862832
vt 0.757442 0.882414
vt 0.757499 0.878829
vt 0.762613 0.879111
vt 0.762450 0.882716
vt 0.758081 0.890037
vt 0.757621 0.886141
vt 0.762607 0.886436
vt 0.763224 0.890420
vt 0.758848 0.894233
vt 0.764130 0.894678
vt 0.761107 0.903546
vt 0.766650 0.904160
vt 0.759819 0.898703
vt 0.765263 0.899244
vt 0.847526 0.797407
vt 0.844046 0.801937
vt 0.851458 0.799975
vt 0.848040 0.804474
vt 0.879740 0.827552
vt 0.881372 0.830767
vt 0.877146 0.835682
vt 0.875572 0.832362
vt 0.877691 0.824499
vt 0.873616 0.829184
vt 0.872783 0.818682
vt 0.875353 0.821567
vt 0.871329 0.826196
vt 0.868819 0.823169
vt 0.855665 0.803273
vt 0.852205 0.807499
vt 0.859763 0.806515
vt 0.856181 0.810720
vt 0.863483 0.809725
vt 0.859856 0.813824
vt 0.866910 0.812768
vt 0.863155 0.816938
vt 0.869977 0.815724
vt 0.866117 0.820056
vt 0.882780 0.833790
vt 0.878439 0.838727
vt 0.875762 0.846169
vt 0.874784 0.843618
vt 0.873480 0.840229
vt 0.871894 0.836831
vt 0.870006 0.833708
vt 0.867682 0.830821
vt 0.865166 0.827703
vt 0.862518 0.824413
vt 0.859653 0.821161
vt 0.856447 0.817980
vt 0.852887 0.814797
vt 0.848997 0.811649
vt 0.844899 0.808718
vt 0.840698 0.806556
vt 0.837577 0.804509
vt 0.774266 0.854599
vt 0.774200 0.855529
vt 0.773541 0.857548
vt 0.772271 0.863366
vt 0.770721 0.867869
vt 0.769322 0.872003
vt 0.768236 0.875889
vt 0.767516 0.879581
vt 0.767263 0.883207
vt 0.767376 0.886978
vt 0.768030 0.891023
vt 0.768932 0.895363
vt 0.770058 0.899979
vt 0.771480 0.905037
vt 0.773286 0.910983
vt 0.774333 0.918665
vt 0.773660 0.921215
vt 0.877087 0.847976
vt 0.871982 0.847518
vt 0.873362 0.850335
vt 0.870391 0.844277
vt 0.868785 0.840981
vt 0.867023 0.837880
vt 0.864514 0.835671
vt 0.861803 0.832309
vt 0.859124 0.828805
vt 0.856350 0.825478
vt 0.853227 0.822314
vt 0.849712 0.819058
vt 0.846245 0.815770
vt 0.842215 0.812654
vt 0.838441 0.809743
vt 0.835577 0.807564
vt 0.833346 0.805974
vt 0.777878 0.856456
vt 0.777271 0.858759
vt 0.776186 0.863481
vt 0.774849 0.868070
vt 0.773566 0.872405
vt 0.772607 0.876390
vt 0.771986 0.880195
vt 0.771831 0.883965
vt 0.772007 0.887848
vt 0.772515 0.891935
vt 0.773207 0.896249
vt 0.774022 0.900746
vt 0.775236 0.905548
vt 0.777325 0.911961
vt 0.776968 0.919851
vt 0.776098 0.924044
vt 0.775220 0.925997
vt 0.784438 0.856788
vt 0.831260 0.811576
vt 0.791582 0.856005
vt 0.828863 0.817270
vt 0.825587 0.822293
vt 0.797259 0.854852
vt 0.822926 0.829259
vt 0.803544 0.854290
vt 0.822364 0.840641
vt 0.812237 0.852319
vt 0.821891 0.851744
vt 0.818586 0.853654
vt 0.833054 0.812674
vt 0.831223 0.817827
vt 0.828861 0.823766
vt 0.827725 0.832758
vt 0.827398 0.841431
vt 0.826984 0.850535
vt 0.778412 0.926345
vt 0.873682 0.855395
vt 0.781104 0.928784
vt 0.872608 0.858784
vt 0.783443 0.931244
vt 0.872084 0.861805
vt 0.786644 0.935040
vt 0.871565 0.866228
vt 0.788529 0.938352
vt 0.871227 0.869560
vt 0.790466 0.942629
vt 0.788762 0.943570
vt 0.871444 0.853776
vt 0.870267 0.857416
vt 0.869792 0.860906
vt 0.868754 0.864358
vt 0.868252 0.868503
vt 0.868126 0.872960
vt 0.832206 0.842389
vt 0.832331 0.851294
vt 0.832476 0.834041
vt 0.833679 0.826007
vt 0.835415 0.819195
vt 0.836795 0.814225
vt 0.843764 0.820035
vt 0.840443 0.817195
vt 0.838851 0.821871
vt 0.841943 0.823660
vt 0.843082 0.829139
vt 0.838086 0.828079
vt 0.836874 0.835476
vt 0.841732 0.837740
vt 0.840387 0.845138
vt 0.835726 0.843004
vt 0.839095 0.853574
vt 0.835993 0.852162
vt 0.869540 0.851198
vt 0.867577 0.854989
vt 0.866444 0.858812
vt 0.865587 0.862497
vt 0.864499 0.866599
vt 0.863955 0.870725
vt 0.858775 0.867305
vt 0.860225 0.862921
vt 0.854400 0.864050
vt 0.850167 0.861186
vt 0.851905 0.855075
vt 0.856227 0.859208
vt 0.862075 0.858992
vt 0.854882 0.850875
vt 0.858683 0.855209
vt 0.867816 0.847887
vt 0.866213 0.844321
vt 0.865006 0.841268
vt 0.861861 0.841530
vt 0.858622 0.837197
vt 0.855876 0.833157
vt 0.853424 0.829689
vt 0.850264 0.827062
vt 0.846684 0.823718
vt 0.865518 0.851498
vt 0.863605 0.855151
vt 0.860920 0.850983
vt 0.863502 0.847221
vt 0.858107 0.846319
vt 0.847849 0.832598
vt 0.855075 0.841804
vt 0.852365 0.837191
vt 0.851244 0.833153
vt 0.846627 0.858599
vt 0.849054 0.852457
vt 0.851416 0.846781
vt 0.842849 0.855926
vt 0.844899 0.848643
vt 0.847395 0.840844
vt 0.779682 0.922839
vt 0.783134 0.925124
vt 0.785983 0.928055
vt 0.789390 0.931793
vt 0.792085 0.935459
vt 0.685139 0.123029
vt 0.782344 0.858719
vt 0.787889 0.859595
vt 0.789015 0.858108
vt 0.792537 0.857284
vt 0.815265 0.856336
vt 0.810372 0.855027
vt 0.803097 0.855964
vt 0.797833 0.856508
vt 0.813965 0.859324
vt 0.808227 0.858499
vt 0.802607 0.858773
vt 0.797318 0.859158
vt 0.792151 0.860479
vt 0.780998 0.862530
vt 0.785168 0.862465
vt 0.811238 0.862273
vt 0.806691 0.861701
vt 0.801821 0.861804
vt 0.797117 0.862564
vt 0.792307 0.864082
vt 0.781302 0.915771
vt 0.779554 0.907419
vt 0.782772 0.910215
vt 0.777406 0.904760
vt 0.777264 0.901454
vt 0.777039 0.897331
vt 0.779079 0.868502
vt 0.777902 0.873213
vt 0.776978 0.877421
vt 0.776555 0.881271
vt 0.776452 0.885139
vt 0.776546 0.889036
vt 0.776792 0.893132
vt 0.783420 0.869226
vt 0.782268 0.874272
vt 0.781429 0.878543
vt 0.781011 0.882690
vt 0.780818 0.886606
vt 0.780781 0.890565
vt 0.780775 0.894644
vt 0.780691 0.898900
vt 0.780384 0.903163
vt 0.787630 0.870928
vt 0.786286 0.875908
vt 0.785490 0.880246
vt 0.785158 0.884339
vt 0.784944 0.888314
vt 0.784796 0.892326
vt 0.784608 0.896490
vt 0.784281 0.900835
vt 0.783715 0.905407
vt 0.797600 0.867991
vt 0.793916 0.868634
vt 0.791216 0.873062
vt 0.790198 0.878064
vt 0.789619 0.882062
vt 0.789267 0.886126
vt 0.788998 0.890153
vt 0.796283 0.873829
vt 0.794498 0.879306
vt 0.793846 0.883813
vt 0.793445 0.888010
vt 0.793050 0.892141
vt 0.788716 0.894266
vt 0.788371 0.898546
vt 0.787888 0.903046
vt 0.787172 0.907795
vt 0.786160 0.913064
vt 0.784719 0.918848
vt 0.792660 0.896332
vt 0.792202 0.900738
vt 0.791596 0.905364
vt 0.790759 0.910403
vt 0.789598 0.915854
vt 0.787997 0.922005
vt 0.794531 0.912959
vt 0.795479 0.907757
vt 0.793219 0.918855
vt 0.791493 0.925292
vt 0.799280 0.881169
vt 0.798227 0.885820
vt 0.797661 0.890067
vt 0.797170 0.894303
vt 0.796681 0.898564
vt 0.796158 0.902987
vt 0.802819 0.867737
vt 0.801566 0.876136
vt 0.811241 0.866433
vt 0.806726 0.866121
vt 0.806991 0.872351
vt 0.809740 0.869506
vt 0.814897 0.869237
vt 0.810232 0.874564
vt 0.805216 0.877109
vt 0.743527 0.134169
vt 0.803395 0.883035
vt 0.735593 0.134211
vt 0.802586 0.887867
vt 0.730621 0.133258
vt 0.801928 0.892256
vt 0.801330 0.896628
vt 0.800786 0.900877
vt 0.722181 0.131146
vt 0.718643 0.130073
vt 0.726241 0.132215
vt 0.800271 0.905336
vt 0.799542 0.910125
vt 0.798507 0.915445
vt 0.797074 0.921508
vt 0.795055 0.928397
vt 0.694285 0.126108
vt 0.714771 0.129614
vt 0.710192 0.128981
vt 0.705224 0.128296
vt 0.699715 0.127506
vt 0.638837 0.087569
vt 0.637088 0.081452
vt 0.644314 0.075032
vt 0.649231 0.080913
vt 0.856886 0.883995
vt 0.640953 0.095450
vt 0.644452 0.103571
vt 0.861573 0.883218
vt 0.792208 0.945724
vt 0.869128 0.876537
vt 0.863391 0.874375
vt 0.858070 0.872056
vt 0.853071 0.869184
vt 0.848232 0.865717
vt 0.844409 0.862730
vt 0.840338 0.860176
vt 0.836988 0.857676
vt 0.832755 0.855977
vt 0.828055 0.855064
vt 0.826031 0.858882
vt 0.822630 0.857641
vt 0.820728 0.858582
vt 0.819467 0.859203
vt 0.818855 0.860734
vt 0.817185 0.863358
vt 0.814422 0.872527
vt 0.753854 0.136635
vt 0.752721 0.140366
vt 0.382506 0.687733
vt 0.380864 0.684436
vt 0.755980 0.139216
vt 0.815849 0.870030
vt 0.675148 0.018863
vt 0.818504 0.865992
vt 0.671076 0.025350
vt 0.820310 0.862640
vt 0.821214 0.861752
vt 0.822581 0.862018
vt 0.829115 0.860495
vt 0.833719 0.861816
vt 0.837914 0.863972
vt 0.842065 0.867162
vt 0.846610 0.870332
vt 0.851745 0.873300
vt 0.858138 0.876918
vt 0.865010 0.878737
vt 0.826756 0.866475
vt 0.831710 0.865486
vt 0.835343 0.868043
vt 0.840024 0.871397
vt 0.844836 0.874869
vt 0.850361 0.878013
vt 0.855065 0.879522
vt 0.867345 0.883916
vt 0.649248 0.110800
vt 0.832870 0.871906
vt 0.838390 0.875715
vt 0.651263 0.067298
vt 0.654250 0.071002
vt 0.869492 0.879782
vt 0.792449 0.949773
vt 0.654689 0.106083
vt 0.669226 0.125170
vt 0.653249 0.111859
vt 0.659730 0.127224
vt 0.663047 0.133804
vt 0.705444 0.184052
vt 0.713305 0.177067
vt 0.720648 0.170781
vt 0.735920 0.140496
vt 0.729467 0.138156
vt 0.724599 0.136760
vt 0.720090 0.135163
vt 0.717575 0.133259
vt 0.714233 0.133952
vt 0.709187 0.133926
vt 0.703530 0.133353
vt 0.697750 0.132131
vt 0.692315 0.130464
vt 0.683171 0.127730
vt 0.671817 0.131528
vt 0.737321 0.147866
vt 0.730942 0.144277
vt 0.695209 0.174822
vt 0.685723 0.164792
vt 0.678075 0.153097
vt 0.668411 0.141733
vt 0.671579 0.136731
vt 0.681423 0.134853
vt 0.727701 0.141290
vt 0.722814 0.140912
vt 0.716472 0.138694
vt 0.709226 0.139171
vt 0.701590 0.139204
vt 0.693563 0.137136
vt 0.704653 0.168784
vt 0.696441 0.160029
vt 0.689395 0.150284
vt 0.682523 0.142017
vt 0.713165 0.163169
vt 0.706077 0.155231
vt 0.699842 0.146444
vt 0.692017 0.141897
vt 0.721250 0.158099
vt 0.714992 0.151347
vt 0.710090 0.145172
vt 0.728930 0.153257
vt 0.722765 0.146773
vt 0.716411 0.143567
vt 0.843058 0.879263
vt 0.656088 0.065191
vt 0.850184 0.884432
vt 0.657806 0.057814
vt 0.662169 0.048790
vt 0.665019 0.040893
vt 0.649319 0.090383
vt 0.344666 0.027476
vt 0.338356 0.031179
vt 0.331649 0.033215
vt 0.324137 0.032838
vt 0.321794 0.043965
vt 0.317913 0.048288
vt 0.315495 0.051137
vt 0.350560 0.023426
vt 0.879913 0.103201
vt 0.278169 0.017359
vt 0.864802 0.080228
vt 0.861881 0.076729
vt 0.272541 0.010277
vt 0.263736 0.009176
vt 0.859545 0.070118
vt 0.858400 0.061865
vt 0.295704 0.037859
vt 0.370650 0.653880
vt 0.375411 0.654956
vt 0.371829 0.658171
vt 0.375569 0.650630
vt 0.933931 0.067380
vt 0.310210 0.052282
vt 0.863126 0.045808
vt 0.859435 0.052663
vt 0.799133 0.945072
vt 0.673643 0.123764
vt 0.795662 0.940801
vt 0.876372 0.884197
vt 0.870908 0.883732
vt 0.652477 0.104214
vt 0.650762 0.097216
vt 0.669871 0.031640
vt 0.666404 0.035376
vt 0.674306 0.026268
vt 0.755381 0.132740
vt 0.753119 0.134764
vt 0.748107 0.134424
vt 0.801110 0.923947
vt 0.799032 0.930642
vt 0.804550 0.907574
vt 0.804835 0.903121
vt 0.806276 0.894615
vt 0.805543 0.899069
vt 0.806992 0.890080
vt 0.807907 0.885453
vt 0.809179 0.878501
vt 0.803814 0.912501
vt 0.802651 0.917755
vt 0.677410 0.020670
vt 0.369849 0.663901
vt 0.369211 0.659991
vt 0.372721 0.672419
vt 0.756322 0.135386
vt 0.672491 0.016929
vt 0.947877 0.089070
vt 0.643394 0.051043
vt 0.657949 0.027672
vt 0.947192 0.066396
vt 0.634168 0.062731
vt 0.947655 0.080978
vt 0.945070 0.057946
vt 0.623203 0.072908
vt 0.609205 0.081190
vt 0.592161 0.087592
vt 0.573209 0.093893
vt 0.553216 0.100880
vt 0.956174 0.239966
vt 0.508183 0.118297
vt 0.484382 0.128992
vt 0.460311 0.139934
vt 0.436376 0.150535
vt 0.413893 0.158982
vt 0.392202 0.166825
vt 0.370471 0.173739
vt 0.347495 0.179729
vt 0.322703 0.187247
vt 0.296386 0.197423
vt 0.269179 0.211560
vt 0.243086 0.229320
vt 0.222005 0.245726
vt 0.201922 0.265271
vt 0.186439 0.287544
vt 0.173497 0.307236
vt 0.162638 0.327921
vt 0.151863 0.347203
vt 0.140814 0.365740
vt 0.130580 0.384563
vt 0.120335 0.403150
vt 0.110772 0.422003
vt 0.102516 0.440377
vt 0.095475 0.458540
vt 0.089393 0.475898
vt 0.083371 0.492304
vt 0.076964 0.507711
vt 0.070826 0.522868
vt 0.065160 0.538308
vt 0.060982 0.553145
vt 0.057675 0.566417
vt 0.053677 0.580475
vt 0.048562 0.593293
vt 0.358414 0.862624
vt 0.135792 0.673572
vt 0.122236 0.670962
vt 0.746075 0.174753
vt 0.822088 0.069318
vt 0.730594 0.191975
vt 0.813749 0.095964
vt 0.735397 0.184539
vt 0.808922 0.107560
vt 0.802256 0.121747
vt 0.794555 0.138562
vt 0.751104 0.170939
vt 0.758386 0.163765
vt 0.392749 0.710517
vt 0.451714 0.646627
vt 0.446854 0.639611
vt 0.437183 0.631908
vt 0.402090 0.706649
vt 0.412389 0.705008
vt 0.423303 0.703413
vt 0.432856 0.700327
vt 0.786214 0.157399
vt 0.777209 0.178157
vt 0.766299 0.201261
vt 0.754477 0.226403
vt 0.742747 0.249896
vt 0.730518 0.271633
vt 0.717622 0.292801
vt 0.704923 0.313916
vt 0.694480 0.335338
vt 0.685284 0.356295
vt 0.673422 0.375876
vt 0.659670 0.395601
vt 0.644844 0.416316
vt 0.630050 0.437456
vt 0.488538 0.520727
vt 0.469715 0.536557
vt 0.451376 0.551858
vt 0.433487 0.566586
vt 0.571499 0.535884
vt 0.563335 0.551758
vt 0.555668 0.566101
vt 0.547652 0.579060
vt 0.539634 0.591321
vt 0.531277 0.602903
vt 0.522396 0.614200
vt 0.513352 0.625615
vt 0.504913 0.636702
vt 0.497009 0.647716
vt 0.490148 0.658953
vt 0.483945 0.670143
vt 0.477759 0.680432
vt 0.040214 0.934450
vt 0.320581 0.792739
vt 0.184292 0.683941
vt 0.178453 0.679878
vt 0.316018 0.788574
vt 0.309008 0.785138
vt 0.171437 0.675947
vt 0.302357 0.783179
vt 0.295918 0.779078
vt 0.288523 0.774670
vt 0.279185 0.770008
vt 0.164577 0.672736
vt 0.344179 0.824415
vt 0.875857 0.880398
vt 0.875340 0.876413
vt 0.871792 0.873693
vt 0.787095 0.939580
vt 0.785416 0.936538
vt 0.782344 0.932921
vt 0.780158 0.930594
vt 0.777570 0.928249
vt 0.874907 0.852153
vt 0.772745 0.922476
vt 0.768824 0.919509
vt 0.885137 0.838211
vt 0.889483 0.833917
vt 0.754061 0.916880
vt 0.747666 0.918421
vt 0.904567 0.821267
vt 0.908353 0.816319
vt 0.912510 0.810603
vt 0.917096 0.804947
vt 0.921057 0.800259
vt 0.924924 0.796192
vt 0.929236 0.792713
vt 0.680517 0.858075
vt 0.677404 0.857318
vt 0.674059 0.856852
vt 0.671306 0.856582
vt 0.669298 0.857781
vt 0.667863 0.859485
vt 0.667517 0.861086
vt 0.668556 0.863071
vt 0.670804 0.864907
vt 0.673265 0.866849
vt 0.675976 0.868990
vt 0.678491 0.870554
vt 0.680490 0.871649
vt 0.682338 0.872508
vt 0.683535 0.873375
vt 0.683219 0.874295
vt 0.681568 0.874645
vt 0.678245 0.875142
vt 0.673731 0.876032
vt 0.669754 0.876712
vt 0.666713 0.877404
vt 0.663719 0.878683
vt 0.662110 0.880345
vt 0.661960 0.881824
vt 0.662814 0.883426
vt 0.665012 0.884804
vt 0.667319 0.885819
vt 0.669188 0.886589
vt 0.669721 0.887059
vt 0.668959 0.887725
vt 0.667072 0.888231
vt 0.664940 0.889137
vt 0.662928 0.890267
vt 0.661319 0.891742
vt 0.660458 0.893581
vt 0.660622 0.895127
vt 0.661538 0.896321
vt 0.663213 0.897308
vt 0.665363 0.897953
vt 0.667469 0.898543
vt 0.668882 0.899524
vt 0.669608 0.900012
vt 0.669117 0.900528
vt 0.667452 0.901317
vt 0.666488 0.902335
vt 0.664296 0.904041
vt 0.662512 0.905511
vt 0.662084 0.907746
vt 0.663349 0.909124
vt 0.665263 0.909486
vt 0.668775 0.909446
vt 0.672633 0.909734
vt 0.675983 0.910338
vt 0.679139 0.910706
vt 0.682256 0.910634
vt 0.685515 0.910617
vt 0.687808 0.910882
vt 0.688237 0.912814
vt 0.686469 0.914469
vt 0.683714 0.916632
vt 0.680529 0.918655
vt 0.677846 0.920579
vt 0.675363 0.922832
vt 0.672742 0.925214
vt 0.671242 0.928048
vt 0.672157 0.930799
vt 0.674928 0.932377
vt 0.678752 0.932600
vt 0.682130 0.932198
vt 0.685785 0.929730
vt 0.689238 0.927677
vt 0.693295 0.926867
vt 0.697722 0.926449
vt 0.934182 0.789421
vt 0.257213 0.007481
vt 0.253190 0.014550
vt 0.442672 0.076817
vt 0.437727 0.075327
vt 0.249415 0.031932
vt 0.248221 0.035821
vt 0.244788 0.038991
vt 0.239870 0.041599
vt 0.233949 0.043973
vt 0.228852 0.046474
vt 0.224723 0.048915
vt 0.221076 0.051280
vt 0.217568 0.053376
vt 0.213830 0.055019
vt 0.209222 0.057044
vt 0.205288 0.058540
vt 0.201326 0.059822
vt 0.458971 0.086098
vt 0.460222 0.088319
vt 0.460125 0.090568
vt 0.459437 0.092433
vt 0.459188 0.094130
vt 0.458159 0.095654
vt 0.456056 0.096556
vt 0.453769 0.096808
vt 0.452008 0.096976
vt 0.451285 0.098395
vt 0.452040 0.099299
vt 0.453826 0.101204
vt 0.456017 0.103531
vt 0.458193 0.107021
vt 0.457755 0.111274
vt 0.457178 0.113743
vt 0.456892 0.116130
vt 0.458523 0.118845
vt 0.173264 0.107934
vt 0.174024 0.110354
vt 0.175315 0.113058
vt 0.175730 0.116135
vt 0.452642 0.083140
vt 0.187036 0.065386
vt 0.251792 0.020048
vt 0.250767 0.025934
vt 0.213980 0.120445
vt 0.418766 0.135262
vt 0.179101 0.118890
vt 0.175629 0.118340
vt 0.182462 0.119301
vt 0.186171 0.119234
vt 0.190478 0.117962
vt 0.194433 0.116383
vt 0.202259 0.116134
vt 0.430370 0.129890
vt 0.430732 0.130790
vt 0.196720 0.115726
vt 0.202333 0.118289
vt 0.204002 0.119781
vt 0.204040 0.120708
vt 0.218451 0.119514
vt 0.344600 0.892279
vt 0.565146 0.872688
vt 0.358086 0.883207
vt 0.364482 0.880225
vt 0.552293 0.861321
vt 0.374338 0.873889
vt 0.379577 0.867688
vt 0.381626 0.861246
vt 0.382467 0.854320
vt 0.384493 0.849776
vt 0.384026 0.841126
vt 0.536084 0.810914
vt 0.533545 0.802253
vt 0.530666 0.794894
vt 0.529167 0.789909
vt 0.383596 0.808163
vt 0.530144 0.781091
vt 0.528905 0.783520
vt 0.528713 0.776767
vt 0.526431 0.771161
vt 0.431706 0.724630
vt 0.455630 0.724351
vt 0.428054 0.725277
vt 0.425195 0.727114
vt 0.422141 0.729054
vt 0.420081 0.730974
vt 0.417800 0.732003
vt 0.415474 0.732735
vt 0.412737 0.733989
vt 0.410384 0.735818
vt 0.408746 0.738101
vt 0.453194 0.722911
vt 0.448314 0.736644
vt 0.450467 0.744399
vt 0.445328 0.732731
vt 0.440932 0.729617
vt 0.407185 0.740170
vt 0.405789 0.742701
vt 0.405084 0.745588
vt 0.402151 0.748499
vt 0.400254 0.751863
vt 0.396542 0.754486
vt 0.392418 0.758054
vt 0.389939 0.761173
vt 0.386716 0.766412
vt 0.385502 0.773821
vt 0.383958 0.784898
vt 0.197571 0.147057
vt 0.042364 0.238867
vt 0.040615 0.233286
vt 0.183283 0.150091
vt 0.036242 0.220566
vt 0.035038 0.213514
vt 0.034078 0.206749
vt 0.165519 0.137178
vt 0.030160 0.192143
vt 0.028719 0.187844
vt 0.155984 0.121196
vt 0.153049 0.115151
vt 0.021561 0.162050
vt 0.151195 0.110481
vt 0.149099 0.107325
vt 0.131969 0.089489
vt 0.138123 0.096861
vt 0.141953 0.100427
vt 0.143556 0.101715
vt 0.127542 0.087585
vt 0.129299 0.087640
vt 0.123666 0.083518
vt 0.121020 0.080519
vt 0.018440 0.130773
vt 0.116154 0.073668
vt 0.114963 0.066705
vt 0.115541 0.069995
vt 0.113249 0.064944
vt 0.111977 0.063779
vt 0.065874 0.101818
vt 0.110124 0.059941
vt 0.111125 0.062517
vt 0.108236 0.059025
vt 0.106511 0.056716
vt 0.103238 0.057136
vt 0.061894 0.092396
vt 0.060340 0.086225
vt 0.062177 0.082444
vt 0.062146 0.076396
vt 0.062646 0.069648
vt 0.043945 0.077440
vt 0.062155 0.072500
vt 0.065742 0.066720
vt 0.069692 0.066218
vt 0.071825 0.066747
vt 0.074088 0.068393
vt 0.078341 0.068017
vt 0.085606 0.066319
vt 0.087797 0.067537
vt 0.091207 0.065752
vt 0.095416 0.061653
vt 0.100435 0.059455
vt 0.206938 0.144758
vt 0.384226 0.690890
vt 0.381992 0.632575
vt 0.389192 0.700916
vt 0.382371 0.623395
vt 0.764293 0.157260
vt 0.861199 0.040387
vt 0.855213 0.041622
vt 0.755257 0.143307
vt 0.377984 0.687685
vt 0.375625 0.684647
vt 0.373226 0.681599
vt 0.451817 0.651242
vt 0.451190 0.667775
vt 0.323301 0.073815
vt 0.325891 0.081808
vt 0.329520 0.085136
vt 0.332700 0.088122
vt 0.336298 0.091221
vt 0.339898 0.093867
vt 0.348175 0.098370
vt 0.352569 0.100207
vt 0.362777 0.105245
vt 0.368955 0.107992
vt 0.374633 0.110295
vt 0.379719 0.112716
vt 0.384673 0.115420
vt 0.389184 0.118859
vt 0.396026 0.123854
vt 0.399949 0.126374
vt 0.404070 0.129357
vt 0.658314 0.114777
vt 0.659036 0.107724
vt 0.812423 0.850608
vt 0.803961 0.853172
vt 0.797008 0.854163
vt 0.791039 0.854915
vt 0.784692 0.855562
vt 0.778147 0.855206
vt 0.834715 0.803002
vt 0.837999 0.798522
vt 0.761938 0.853551
vt 0.757018 0.853373
vt 0.848699 0.785599
vt 0.853341 0.780823
vt 0.738568 0.853925
vt 0.733911 0.854287
vt 0.727642 0.854175
vt 0.721880 0.854173
vt 0.716899 0.854182
vt 0.712060 0.854714
vt 0.707444 0.855277
vt 0.691904 0.857767
vt 0.885208 0.747548
vt 0.688886 0.857886
vt 0.685776 0.857755
vt 0.683327 0.856990
vt 0.702132 0.856005
vt 0.306027 0.884091
vt 0.318574 0.877410
vt 0.330639 0.870571
vt 0.343045 0.867835
vt 0.110282 0.667739
vt 0.043114 0.604544
vt 0.103485 0.681554
vt 0.095318 0.697180
vt 0.084090 0.713334
vt 0.074804 0.732647
vt 0.049295 0.768429
vt 0.067918 0.752501
vt 0.024547 0.806074
vt 0.035103 0.785559
vt 0.017654 0.829865
vt 0.013913 0.854933
vt 0.009890 0.882725
vt 0.024434 0.909520
vt 0.471643 0.689669
vt 0.060182 0.957392
vt 0.086590 0.979955
vt 0.121605 0.985139
vt 0.153689 0.985010
vt 0.185542 0.979703
vt 0.208002 0.972118
vt 0.234202 0.959645
vt 0.244302 0.951871
vt 0.255133 0.940246
vt 0.269441 0.925630
vt 0.279755 0.910186
vt 0.288679 0.891111
vt 0.259526 0.761117
vt 0.270525 0.763994
vt 0.247783 0.765910
vt 0.237536 0.771300
vt 0.292121 0.292280
vt 0.278131 0.296224
vt 0.302336 0.286176
vt 0.261560 0.377878
vt 0.274640 0.384982
vt 0.250573 0.368612
vt 0.241494 0.354479
vt 0.290979 0.390094
vt 0.313327 0.390631
vt 0.316343 0.287837
vt 0.354304 0.312266
vt 0.344504 0.331003
vt 0.336466 0.353604
vt 0.259462 0.313910
vt 0.326718 0.372188
vt 0.249554 0.333187
vt 0.340317 0.303710
vt 0.327508 0.294925
vt 0.038757 0.272739
vt 0.043880 0.261185
vt 0.845842 0.488229
vt 0.834760 0.470451
vt 0.823665 0.454432
vt 0.810369 0.441403
vt 0.794805 0.429054
vt 0.855243 0.509358
vt 0.778073 0.439410
vt 0.763634 0.451930
vt 0.852130 0.535062
vt 0.843111 0.555334
vt 0.836510 0.575360
vt 0.825027 0.591109
vt 0.808757 0.605264
vt 0.750203 0.466959
vt 0.737384 0.482985
vt 0.728420 0.504147
vt 0.744469 0.529112
vt 0.792586 0.588902
vt 0.777465 0.570070
vt 0.759990 0.550599
vt 0.330764 0.899114
vt 0.577526 0.880344
vt 0.324077 0.900989
vt 0.594814 0.881171
vt 0.313479 0.909218
vt 0.298041 0.909944
vn -0.664928 0.536268 0.519891
vn -0.657908 0.474087 0.585148
vn -0.573290 0.496963 0.651434
vn -0.586680 0.559027 0.585914
vn -0.578926 0.107561 0.808254
vn -0.596946 0.191230 0.779158
vn -0.585534 0.493105 0.643426
vn -0.556808 0.584224 0.590464
vn -0.525116 0.240986 0.816198
vn -0.662144 0.491789 -0.565428
vn -0.488606 0.515889 -0.703649
vn -0.431210 0.199299 -0.879964
vn -0.701981 0.197452 -0.684277
vn -0.642205 0.378541 -0.666543
vn -0.666771 0.233396 -0.707773
vn -0.439967 -0.013908 -0.897906
vn -0.618494 0.034167 -0.785046
vn -0.560379 0.256701 -0.787451
vn -0.399279 0.642246 0.654291
vn -0.392890 0.505788 0.767995
vn -0.447520 0.332084 0.830329
vn -0.423437 0.506312 -0.751232
vn -0.483286 0.409829 -0.773611
vn -0.411357 0.300655 -0.860460
vn -0.368205 0.368950 -0.853406
vn -0.346032 0.362582 -0.865330
vn -0.362589 0.377330 -0.852145
vn -0.387663 0.706130 0.592535
vn -0.535807 0.738147 0.409938
vn -0.676653 0.571003 0.464862
vn -0.448650 0.527963 0.721088
vn -0.716785 0.445300 0.536588
vn -0.517759 0.315368 0.795279
vn -0.602780 0.783974 0.148463
vn -0.559939 0.820650 -0.114026
vn -0.845216 0.529085 -0.075359
vn -0.820489 0.538846 0.190900
vn -0.841560 0.535124 -0.073619
vn -0.814514 0.549596 0.185773
vn -0.717862 0.506773 -0.477343
vn -0.485279 0.776560 -0.401820
vn -0.373016 0.619189 -0.690988
vn -0.481416 0.431111 -0.763139
vn -0.760784 0.450190 -0.467480
vn -0.549213 0.388570 -0.739850
vn -0.474988 0.637351 0.606771
vn -0.528133 0.529032 0.664230
vn -0.418353 0.598775 0.682971
vn -0.410536 0.704457 0.578966
vn -0.582732 0.391130 0.712349
vn -0.378084 0.515736 0.768810
vn -0.435067 0.436905 -0.787293
vn -0.356671 0.195767 -0.913489
vn -0.410834 0.099791 -0.906232
vn -0.379817 0.361450 -0.851524
vn -0.224960 0.354166 -0.907722
vn -0.235133 0.274170 -0.932493
vn -0.376004 0.223088 -0.899363
vn -0.233841 0.191076 -0.953314
vn -0.399622 0.175126 -0.899796
vn -0.218326 0.795951 0.564620
vn -0.313139 0.764956 0.562837
vn -0.273179 0.613685 0.740786
vn -0.173161 0.665753 0.725802
vn -0.206385 0.480067 0.852608
vn -0.161503 0.532918 0.830611
vn 0.240164 0.930145 0.277763
vn 0.117422 0.897357 0.425397
vn 0.195990 0.814448 0.546135
vn 0.316951 0.848620 0.423540
vn 0.256107 0.725905 0.638335
vn 0.386277 0.755554 0.529083
vn -0.182224 0.285134 -0.941006
vn -0.083963 0.312932 -0.946057
vn -0.043498 0.234390 -0.971169
vn -0.126154 0.269849 -0.954603
vn 0.024853 0.099359 -0.994741
vn -0.027887 0.173541 -0.984432
vn 0.475833 0.501833 -0.722320
vn 0.431986 0.635921 -0.639525
vn 0.447479 0.715223 -0.536860
vn 0.520921 0.599943 -0.607216
vn 0.521759 0.569045 -0.635575
vn 0.440948 0.476728 -0.760457
vn 0.482152 0.804197 -0.347558
vn 0.477666 0.848224 -0.228804
vn 0.567604 0.788204 -0.237824
vn 0.563085 0.723890 -0.398646
vn 0.607726 0.755547 -0.244577
vn 0.595028 0.672246 -0.440486
vn 0.347455 0.928696 0.129609
vn 0.456494 0.860619 0.225717
vn 0.534589 0.843477 0.052548
vn 0.441844 0.897086 0.003310
vn 0.465310 0.875114 -0.132902
vn 0.561885 0.820756 -0.103173
vn 0.566243 0.818683 0.095534
vn 0.590703 0.801632 -0.091955
vn 0.521951 0.790159 0.321272
vn -0.342835 0.608001 0.716100
vn -0.376907 0.735103 0.563528
vn -0.262759 0.490587 0.830832
vn -0.132186 0.338355 -0.931688
vn -0.114295 0.299997 -0.947068
vn -0.111892 0.207342 -0.971848
vn -0.393388 0.912629 -0.111148
vn -0.404238 0.861702 -0.306696
vn -0.380801 0.921769 0.073030
vn -0.444577 0.889142 0.108528
vn -0.509228 0.858941 -0.053918
vn -0.550138 0.774184 -0.313030
vn -0.544351 0.837748 0.043130
vn -0.500528 0.856511 0.125935
vn -0.542300 0.833433 0.106303
vn -0.583417 0.803036 0.121485
vn -0.645653 0.704211 -0.295330
vn -0.606348 0.726511 -0.323301
vn -0.257121 0.959796 -0.112609
vn -0.264231 0.960497 0.087331
vn -0.242261 0.968717 0.053819
vn -0.239424 0.965105 -0.106055
vn -0.260780 0.929275 -0.261615
vn -0.248485 0.909609 -0.332965
vn 0.254200 0.953227 -0.163528
vn 0.227868 0.967344 -0.111003
vn 0.306435 0.937948 -0.162331
vn 0.322789 0.926508 -0.193367
vn 0.270893 0.920187 -0.282616
vn 0.380730 0.883556 -0.272713
vn -0.393357 0.856125 0.335141
vn -0.378606 0.727442 -0.572264
vn -0.524404 0.609893 -0.594164
vn -0.426943 0.818941 0.383478
vn -0.516373 0.765843 0.383201
vn -0.599563 0.508312 -0.618177
vn -0.554463 0.563864 0.612069
vn -0.574520 0.808445 0.127843
vn -0.527385 0.847908 0.054003
vn -0.478871 0.806167 -0.347531
vn -0.601271 0.776495 0.188490
vn -0.556534 0.415534 -0.719445
vn -0.496640 0.546083 -0.674642
vn -0.659443 0.546930 0.515754
vn -0.523846 0.548307 -0.651878
vn -0.440163 0.888425 0.130220
vn -0.349926 0.933452 -0.078862
vn -0.356285 0.877242 -0.321725
vn -0.548543 0.820959 0.158514
vn -0.566554 0.676129 0.471027
vn -0.584539 0.533308 -0.611471
vn -0.524398 0.583108 -0.620478
vn -0.432210 0.864297 0.257264
vn -0.333702 0.900733 0.278071
vn -0.411933 0.799756 0.436694
vn -0.387300 0.827373 0.406759
vn -0.324606 0.746964 -0.580238
vn -0.372820 0.728272 -0.575000
vn -0.520758 0.528127 -0.670740
vn -0.378568 0.543162 -0.749441
vn -0.179393 0.983224 0.033004
vn -0.140665 0.981665 -0.128638
vn -0.113029 0.911395 -0.395705
vn 0.056436 0.997642 -0.039069
vn 0.068462 0.985509 -0.155194
vn 0.084582 0.935274 -0.343669
vn -0.353412 0.849887 0.390887
vn -0.282105 0.935987 0.210581
vn -0.284229 0.941069 0.183311
vn -0.307807 0.867544 0.390669
vn -0.171137 0.746624 -0.642856
vn -0.275309 0.769214 -0.576642
vn -0.267973 0.541698 -0.796714
vn -0.174148 0.486919 -0.855910
vn 0.324687 0.944910 -0.041524
vn -0.071561 0.857323 0.509780
vn -0.005848 0.764186 0.644970
vn 0.036337 0.662180 0.748464
vn 0.180750 0.288969 -0.940121
vn 0.175910 0.397315 -0.900665
vn 0.369600 0.553101 -0.746643
vn 0.384517 0.408785 -0.827672
vn 0.139599 0.187694 -0.972257
vn 0.337910 0.357575 -0.870607
vn 0.431662 0.768397 -0.472476
vn 0.238589 0.971069 0.010018
vn 0.331643 0.795674 -0.506869
vn 0.049785 0.947863 0.314766
vn 0.106540 0.990529 0.086613
vn 0.036298 0.661273 -0.749266
vn 0.159541 0.804108 -0.572675
vn -0.047606 0.810307 -0.584069
vn -0.112191 0.989273 0.093553
vn -0.165542 0.937021 0.307552
vn -0.131235 0.641264 -0.756014
vn -0.267366 0.862815 0.429029
vn -0.206701 0.437613 -0.875083
vn -0.569590 0.814555 -0.109854
vn -0.672335 0.655112 0.344665
vn -0.603939 0.569105 -0.558012
vn -0.485914 0.135172 -0.863491
vn -0.427194 0.287591 -0.857203
vn -0.321249 0.358440 -0.876538
vn -0.396281 0.360378 -0.844446
vn -0.554838 0.403937 -0.727317
vn -0.657042 0.372749 0.655251
vn -0.539320 0.200564 0.817868
vn -0.481635 0.214995 0.849591
vn -0.423071 0.180774 0.887881
vn -0.536199 0.081663 0.840132
vn -0.694304 0.084808 0.714667
vn -0.593709 0.214428 0.775584
vn -0.297336 0.322676 0.898594
vn -0.231201 0.382300 0.894647
vn -0.197152 0.446576 0.872755
vn -0.154714 0.466308 0.870988
vn 0.059537 0.553000 0.831051
vn 0.292959 0.633462 0.716171
vn 0.430470 0.677783 0.596074
vn 0.537747 0.735724 0.411751
vn 0.565474 0.810710 0.151618
vn 0.585666 0.804956 -0.095092
vn 0.615253 0.739457 -0.273252
vn 0.612566 0.639333 -0.464775
vn 0.533583 0.550708 -0.641880
vn 0.421287 0.398823 -0.814530
vn 0.333302 0.134868 -0.933124
vn 0.159720 -0.109864 -0.981030
vn 0.154157 -0.081588 -0.984672
vn 0.114984 0.074370 -0.990580
vn -0.115420 0.091874 -0.989059
vn -0.235198 0.030426 -0.971471
vn -0.352609 0.036015 -0.935078
vn -0.468024 0.080657 -0.880027
vn -0.487528 0.064747 -0.870703
vn 0.122844 -0.040850 -0.991585
vn 0.187730 0.008279 -0.982186
vn 0.161760 -0.060798 -0.984956
vn 0.103261 0.095809 -0.990029
vn 0.112062 0.020333 -0.993493
vn 0.069652 -0.192844 -0.978754
vn -0.063722 -0.119073 -0.990839
vn -0.013145 -0.308724 -0.951061
vn -0.141733 -0.283870 -0.948330
vn -0.220520 -0.063132 -0.973337
vn -0.283402 0.008901 -0.958960
vn -0.226881 -0.220435 -0.948648
vn -0.462103 0.061419 -0.884697
vn -0.425080 -0.160687 -0.890779
vn -0.492711 0.067510 -0.867570
vn -0.475908 -0.120333 -0.871224
vn -0.399011 0.101712 -0.911287
vn -0.330907 -0.071134 -0.940978
vn -0.364144 0.174705 -0.914810
vn -0.277303 0.082225 -0.957258
vn -0.326538 0.214215 -0.920590
vn -0.321867 0.185032 -0.928528
vn -0.418212 0.249401 -0.873440
vn -0.440520 0.172223 -0.881068
vn -0.548719 0.307397 -0.777441
vn -0.581920 0.139658 -0.801165
vn -0.573245 0.322869 -0.753091
vn -0.697878 0.048687 -0.714559
vn -0.712397 0.260642 0.651580
vn -0.628512 0.193661 0.753305
vn -0.779355 -0.164447 0.604619
vn -0.686424 -0.090178 0.721588
vn -0.542279 0.131666 0.829818
vn -0.560671 -0.064416 0.825529
vn -0.537691 0.027677 0.842688
vn -0.505897 0.153720 0.848786
vn -0.477058 0.162481 0.863722
vn -0.433215 0.223175 0.873223
vn -0.566744 0.238798 0.788528
vn -0.730986 0.156689 0.664160
vn -0.584775 0.167545 0.793704
vn -0.663722 0.039703 0.746925
vn -0.515113 0.148606 0.844141
vn -0.244752 0.160213 0.956257
vn -0.369648 0.029418 0.928706
vn -0.200523 0.024594 0.979380
vn -0.243588 0.213430 0.946104
vn -0.155524 0.297883 0.941848
vn -0.191237 0.005381 0.981529
vn -0.080831 0.027591 0.996346
vn -0.076442 0.302850 0.949968
vn -0.019355 0.113491 0.993351
vn 0.084584 0.371713 0.924486
vn 0.311435 0.496410 0.810300
vn 0.064777 0.213189 0.974861
vn 0.268230 0.378072 0.886067
vn 0.443541 0.606938 0.659468
vn 0.408213 0.551176 0.727714
vn 0.504139 0.717008 0.481397
vn 0.473026 0.693124 0.543898
vn 0.561574 0.798926 0.215293
vn 0.569947 0.778875 0.261751
vn 0.612105 0.786705 -0.080142
vn 0.638356 0.767722 -0.055720
vn 0.620565 0.724796 -0.299284
vn 0.640737 0.704443 -0.305313
vn 0.608845 0.623688 -0.490226
vn 0.611920 0.595103 -0.520966
vn 0.559009 0.485348 -0.672269
vn 0.546671 0.434662 -0.715695
vn 0.383609 0.246960 -0.889862
vn 0.416035 0.280057 -0.865149
vn 0.233380 0.039600 -0.971579
vn 0.154691 0.107350 -0.982113
vn -0.706715 -0.150442 -0.691318
vn -0.835147 -0.271940 -0.478099
vn -0.679794 -0.349661 0.644684
vn -0.817001 -0.351657 0.456998
vn -0.699490 -0.517317 0.493048
vn -0.535409 -0.596712 0.597723
vn -0.635725 -0.524790 -0.566081
vn -0.764800 -0.529072 -0.367646
vn -0.450718 0.673902 -0.585414
vn -0.575874 0.804443 -0.145741
vn -0.580924 0.746306 0.324892
vn -0.654912 0.222527 -0.722199
vn -0.809748 0.233872 0.538157
vn -0.785225 -0.318101 0.531256
vn -0.749009 -0.280825 -0.600102
vn -0.970508 0.198753 -0.136425
vn -0.900697 -0.434415 -0.005286
vn -0.821207 -0.504168 -0.267271
vn -0.815702 -0.452673 0.360164
vn -0.829323 -0.548840 0.104867
vn -0.863757 -0.487635 -0.127030
vn -0.871534 -0.481272 0.093841
vn -0.832551 -0.477339 0.281081
vn -0.558565 -0.324848 0.763203
vn -0.383635 -0.734780 0.559394
vn -0.535536 -0.253057 0.805707
vn -0.334523 -0.834834 0.437204
vn -0.492175 -0.542981 -0.680394
vn -0.513635 -0.065550 -0.855501
vn -0.524632 -0.257624 0.811413
vn -0.462208 -0.579560 0.671174
vn -0.291490 -0.942065 0.165972
vn -0.325230 -0.682519 0.654518
vn -0.360910 -0.436533 0.824125
vn -0.307628 -0.721639 0.620163
vn -0.341341 -0.850357 0.400474
vn -0.353410 -0.668198 0.654685
vn -0.354444 -0.628572 0.692291
vn -0.404500 -0.514662 0.755978
vn -0.434386 -0.569686 0.697687
vn -0.368912 0.116459 0.922139
vn -0.563722 -0.078808 0.822196
vn -0.515537 -0.180072 0.837733
vn -0.232846 -0.156962 0.959763
vn -0.366712 -0.418198 0.831043
vn -0.185987 -0.306593 0.933493
vn -0.257267 -0.588279 0.766643
vn -0.194242 -0.465322 0.863566
vn -0.362246 -0.523131 0.771434
vn -0.314214 -0.440297 0.841076
vn -0.180862 -0.113235 0.976968
vn -0.188104 -0.026477 0.981792
vn -0.209640 -0.184944 0.960128
vn -0.277484 -0.046812 0.959589
vn -0.267494 -0.278461 0.922446
vn -0.332325 -0.147304 0.931591
vn -0.464130 -0.239522 0.852768
vn -0.423886 -0.032743 0.905123
vn -0.106930 0.063030 0.992267
vn -0.054338 0.067374 0.996247
vn -0.085305 0.081051 0.993053
vn -0.022370 -0.062952 0.997766
vn -0.103099 0.170800 0.979897
vn -0.018828 0.021744 0.999586
vn 0.026110 -0.042220 0.998767
vn -0.035346 0.172122 0.984441
vn -0.000717 0.189727 0.981837
vn -0.087431 0.136670 0.986751
vn -0.194600 0.000027 0.980883
vn -0.048520 -0.011147 0.998760
vn -0.340467 -0.042043 -0.939316
vn -0.326810 -0.501151 -0.801276
vn -0.194129 -0.071888 -0.978339
vn -0.254026 -0.332147 -0.908377
vn -0.279230 -0.099789 -0.955025
vn -0.246416 -0.199217 -0.948468
vn 0.074619 0.297426 0.951824
vn 0.167533 0.316900 0.933546
vn 0.350663 0.507651 0.786973
vn 0.278571 0.511665 0.812771
vn 0.472776 0.651019 0.593849
vn 0.463528 0.631331 0.621742
vn 0.613179 0.721805 0.320952
vn 0.637196 0.682597 0.357830
vn 0.678728 0.734223 -0.015680
vn 0.671237 0.672360 -0.312046
vn 0.717423 0.696637 -0.001226
vn 0.694348 0.645189 -0.318766
vn 0.633185 0.539955 -0.554549
vn 0.628271 0.528042 -0.571356
vn 0.540860 0.381909 -0.749410
vn 0.516534 0.382008 -0.766331
vn 0.370982 0.223463 -0.901353
vn 0.332011 0.240152 -0.912193
vn 0.163988 0.097769 -0.981605
vn 0.107835 0.044111 -0.993190
vn 0.145151 0.124375 -0.981561
vn 0.044708 0.014125 -0.998900
vn 0.022088 -0.098628 -0.994879
vn -0.040008 -0.283787 -0.958052
vn -0.061154 -0.138158 -0.988520
vn -0.147116 -0.310354 -0.939168
vn -0.030298 -0.402812 -0.914781
vn -0.078414 -0.425859 -0.901385
vn -0.177275 -0.379382 -0.908098
vn -0.350456 -0.291170 -0.890169
vn -0.429203 -0.158018 -0.889278
vn -0.340250 -0.286336 -0.895679
vn -0.312383 -0.383336 -0.869178
vn -0.158215 -0.453240 -0.877235
vn -0.011529 -0.559120 -0.829007
vn -0.123744 -0.487786 -0.864148
vn -0.155609 -0.635470 -0.756283
vn 0.000443 -0.732996 -0.680233
vn -0.246206 -0.718635 -0.650343
vn -0.060971 -0.859985 -0.506665
vn -0.342629 -0.741958 -0.576285
vn -0.135159 -0.880450 -0.454467
vn -0.209103 -0.920353 -0.330493
vn -0.459914 -0.772504 -0.437855
vn -0.498830 -0.865316 -0.048953
vn -0.261905 -0.964565 -0.031953
vn -0.477575 -0.868912 0.130052
vn -0.306451 -0.935837 0.174059
vn -0.509464 -0.774714 0.374520
vn -0.404001 -0.809636 0.425761
vn -0.455496 -0.667806 0.588692
vn -0.515443 -0.639981 0.569862
vn -0.463432 -0.572059 0.676742
vn -0.464814 -0.634070 0.617983
vn -0.400454 -0.882505 -0.246622
vn -0.475518 -0.855511 -0.204899
vn -0.576718 -0.816267 -0.033240
vn -0.601512 -0.792969 0.096868
vn -0.555355 -0.792885 0.250827
vn -0.403000 -0.810733 0.424622
vn -0.153986 -0.906661 0.392753
vn -0.071269 -0.971867 0.224487
vn -0.131944 -0.982567 0.130971
vn -0.253036 -0.961707 0.105323
vn -0.492277 -0.854865 0.163917
vn -0.456626 -0.741270 0.491946
vn -0.324347 -0.888905 -0.323491
vn -0.278242 -0.824377 -0.492933
vn -0.309651 -0.724593 -0.615696
vn -0.250980 -0.619750 -0.743585
vn -0.242105 -0.541893 -0.804821
vn -0.297788 -0.533354 -0.791742
vn -0.096338 -0.675069 -0.731438
vn -0.462851 -0.858399 -0.221182
vn -0.634828 -0.766506 -0.097272
vn -0.708382 -0.701352 0.079376
vn -0.652037 -0.680237 0.334851
vn -0.515664 -0.619002 0.592391
vn -0.408986 -0.836926 -0.363711
vn -0.396811 -0.818290 -0.415864
vn -0.288615 -0.862827 -0.415008
vn -0.227090 -0.905754 -0.357827
vn -0.244824 -0.903013 -0.353027
vn -0.274099 -0.802443 -0.530053
vn -0.325934 -0.647484 -0.688862
vn -0.090237 -0.795956 -0.598592
vn -0.253980 -0.526224 0.811531
vn -0.352119 -0.514116 0.782111
vn -0.435400 -0.452038 0.778517
vn -0.416308 -0.466717 0.780297
vn -0.658344 -0.422228 0.623143
vn -0.511631 -0.553686 0.657012
vn -0.398175 -0.538863 0.742350
vn -0.467432 0.038221 0.883203
vn -0.403397 -0.176196 0.897901
vn -0.469206 -0.169845 0.866601
vn -0.458346 -0.110331 0.881899
vn -0.427362 -0.148271 0.891839
vn -0.673789 -0.307439 0.671930
vn -0.831437 -0.422303 0.361071
vn -0.854543 -0.519323 -0.007728
vn -0.800869 -0.504255 -0.323011
vn -0.687770 -0.346818 -0.637722
vn -0.585929 -0.427018 -0.688725
vn -0.487772 -0.491459 -0.721489
vn -0.205326 -0.924110 -0.322277
vn -0.307971 -0.889501 -0.337553
vn -0.278579 -0.836912 -0.471139
vn -0.273379 -0.754008 -0.597274
vn -0.254588 -0.691836 -0.675684
vn -0.321677 -0.620363 -0.715313
vn -0.246942 -0.748048 0.615990
vn -0.245685 -0.852377 0.461619
vn -0.061456 -0.933067 -0.354415
vn -0.096883 -0.889417 -0.446712
vn -0.192891 -0.949821 0.246240
vn -0.136479 -0.990615 -0.007404
vn -0.114206 -0.955502 -0.271979
vn -0.295261 -0.748426 0.593868
vn -0.307457 -0.802402 -0.511489
vn -0.179896 -0.808877 -0.559781
vn -0.115776 -0.941814 -0.315567
vn -0.145415 -0.989371 0.000001
vn -0.180869 -0.930656 0.318066
vn -0.369155 -0.648185 0.666019
vn -0.218233 -0.698256 -0.681772
vn -0.424010 -0.586846 0.689802
vn -0.267283 -0.640121 -0.720281
vn -0.439253 -0.639988 0.630454
vn -0.317241 -0.658646 -0.682307
vn -0.283836 -0.870226 0.402670
vn -0.203949 -0.868367 -0.452044
vn -0.215733 -0.946398 -0.240393
vn -0.243687 -0.957683 0.153165
vn -0.278872 -0.832866 -0.478085
vn -0.384910 -0.845150 0.370898
vn -0.301711 -0.915698 -0.265458
vn -0.359989 -0.922639 0.138367
vn -0.304124 -0.950979 -0.056103
vn -0.448098 -0.686460 -0.572697
vn -0.327201 -0.860727 -0.389986
vn -0.400353 -0.864524 0.303835
vn -0.370562 -0.883040 -0.287966
vn -0.372094 -0.924555 -0.082128
vn -0.386860 -0.911200 0.141614
vn -0.579275 -0.711032 -0.398589
vn -0.537421 -0.711477 0.452747
vn -0.619923 -0.757455 0.204837
vn -0.623553 -0.779873 -0.054593
vn -0.437917 -0.865380 0.243612
vn -0.357696 -0.879777 -0.313124
vn -0.443557 -0.870130 -0.214780
vn -0.539014 -0.841466 -0.037407
vn -0.543486 -0.824081 0.159731
vn -0.348958 -0.880776 -0.320097
vn -0.422702 -0.900718 0.100152
vn -0.371951 -0.916749 -0.145685
vn -0.471109 -0.385136 -0.793553
vn -0.363821 -0.350524 -0.862999
vn -0.503551 -0.494694 -0.708319
vn -0.566872 -0.470316 0.676357
vn -0.422817 -0.408097 0.809125
vn -0.579892 -0.583261 0.568799
vn -0.625784 -0.700183 0.343713
vn -0.651689 -0.752338 0.096377
vn -0.501067 -0.584918 -0.637812
vn -0.562993 -0.699774 -0.439721
vn -0.641159 -0.764034 -0.071877
vn -0.511048 -0.275583 0.814177
vn -0.267050 -0.200037 -0.942693
vn -0.131899 -0.077384 -0.988238
vn -0.022017 0.015543 -0.999637
vn 0.110674 0.132891 -0.984932
vn 0.245528 0.234470 -0.940606
vn -0.585542 -0.172734 0.792025
vn -0.510641 -0.049528 0.858367
vn -0.224482 0.205640 0.952533
vn -0.126337 0.286736 0.949643
vn -0.143271 0.219985 0.964925
vn 0.011149 0.286588 0.957989
vn 0.242974 0.454198 0.857128
vn 0.733670 0.662890 0.149348
vn 0.748095 0.659939 -0.069524
vn 0.576410 0.448619 -0.683003
vn 0.653401 0.546845 -0.523477
vn 0.714719 0.624469 -0.314984
vn 0.429367 0.560043 0.708517
vn 0.540622 0.614598 0.574454
vn 0.389970 0.322905 -0.862355
vn 0.581028 0.526029 0.621048
vn 0.691646 0.596312 0.407478
vn 0.768912 0.615650 0.172478
vn 0.601605 0.438324 -0.667791
vn 0.520681 0.386442 -0.761285
vn 0.397329 0.309912 -0.863762
vn 0.239807 0.215680 -0.946559
vn 0.699596 0.517154 -0.493070
vn 0.787219 0.614153 -0.055694
vn 0.465560 0.467108 0.751707
vn 0.268418 0.408210 0.872535
vn 0.018883 0.340058 0.940215
vn -0.139968 0.316311 0.938273
vn -0.158342 0.300663 0.940494
vn -0.278799 0.129968 0.951514
vn -0.516759 -0.036142 0.855368
vn -0.647717 -0.102416 0.754966
vn -0.672495 -0.250376 0.696464
vn 0.763871 0.578422 -0.286232
vn 0.093916 0.136579 -0.986167
vn -0.056258 0.048108 -0.997257
vn -0.171987 -0.047161 -0.983970
vn -0.391524 -0.194765 -0.899319
vn -0.597505 -0.257654 0.759343
vn -0.684896 -0.348793 0.639735
vn -0.449745 -0.140711 0.882004
vn -0.295012 0.025219 0.955161
vn -0.202372 0.209454 0.956648
vn -0.112488 0.326310 0.938546
vn 0.077289 0.378299 0.922451
vn 0.302163 0.419313 0.856081
vn 0.471705 0.467666 0.747518
vn 0.597743 0.498880 0.627553
vn 0.717924 0.535142 0.445206
vn 0.792735 0.572249 0.210006
vn 0.819014 0.573450 -0.019289
vn 0.798657 0.551887 -0.239933
vn 0.727521 0.511847 -0.456865
vn 0.622011 0.443713 -0.645153
vn 0.534265 0.371556 -0.759281
vn 0.419020 0.282921 -0.862774
vn 0.265056 0.189889 -0.945351
vn 0.119999 0.116246 -0.985945
vn -0.051305 0.018364 -0.998514
vn -0.188139 -0.088038 -0.978189
vn -0.379008 -0.186423 -0.906421
vn -0.582667 -0.273600 -0.765273
vn -0.704723 -0.423921 0.568908
vn -0.672040 -0.364537 -0.644574
vn -0.654755 -0.480342 -0.583581
vn -0.682043 -0.598659 -0.420030
vn -0.754205 -0.639468 -0.149185
vn -0.789055 -0.611205 0.061811
vn -0.757734 -0.572678 0.312856
vn -0.715542 -0.489869 0.498024
vn -0.670247 -0.325520 0.666938
vn -0.561396 -0.308853 0.767753
vn -0.458039 -0.179230 0.870676
vn -0.346743 -0.009947 0.937908
vn -0.253379 0.135976 0.957763
vn -0.086815 0.285761 0.954360
vn 0.136114 0.386310 0.912271
vn 0.313019 0.441177 0.841060
vn 0.463234 0.493782 0.735931
vn 0.599041 0.524854 0.604714
vn 0.712569 0.534813 0.454115
vn 0.802303 0.546479 0.240148
vn 0.826355 0.528449 -0.194626
vn 0.771112 0.466429 -0.433395
vn 0.684255 0.379118 -0.622949
vn 0.578913 0.321962 -0.749133
vn 0.444622 0.264766 -0.855693
vn 0.277632 0.174707 -0.944668
vn 0.134165 0.056861 -0.989326
vn -0.012737 -0.044603 -0.998924
vn -0.180552 -0.106718 -0.977759
vn -0.358621 -0.195511 -0.912780
vn -0.568012 -0.320141 -0.758203
vn -0.768155 -0.289754 0.570947
vn -0.688090 -0.391197 -0.611144
vn -0.742976 -0.365483 -0.560721
vn -0.837841 -0.311967 -0.447995
vn -0.911418 -0.339971 -0.231814
vn -0.923242 -0.383031 0.030179
vn -0.898153 -0.371441 0.235271
vn -0.855637 -0.311517 0.413331
vn 0.839937 0.542541 0.012507
vn -0.933846 -0.288611 -0.211272
vn -0.959111 -0.280244 0.039608
vn -0.353466 -0.100005 0.930086
vn -0.251765 0.016902 0.967641
vn -0.697152 -0.173913 0.695509
vn -0.608224 -0.136885 0.781873
vn -0.470532 -0.134080 0.872137
vn -0.742165 -0.144621 0.654428
vn -0.960946 -0.241993 0.134246
vn -0.902886 -0.156320 0.400451
vn 0.628404 0.513313 0.584482
vn 0.728117 0.520387 0.446141
vn -0.078077 0.202709 0.976121
vn 0.144552 0.385853 0.911165
vn 0.321220 0.466035 0.824396
vn 0.484834 0.493470 0.722097
vn 0.597138 0.340048 -0.726494
vn 0.695014 0.374665 -0.613662
vn 0.809864 0.530729 0.249894
vn 0.839534 0.514949 -0.173237
vn 0.783452 0.446180 -0.432581
vn 0.845901 0.532488 0.030136
vn -0.176454 -0.099001 -0.979318
vn -0.364409 -0.250793 -0.896833
vn 0.453066 0.306256 -0.837221
vn 0.249531 0.228305 -0.941069
vn 0.064866 0.100922 -0.992778
vn -0.047189 -0.005162 -0.998873
vn -0.546544 -0.398263 -0.736666
vn -0.638196 -0.403187 -0.655855
vn -0.720688 -0.334983 -0.606956
vn -0.825543 -0.302251 -0.476574
vn -0.682258 -0.171764 0.710648
vn -0.829024 -0.293904 0.475752
vn -0.910221 -0.385322 0.151738
vn -0.904315 -0.424816 0.041779
vn -0.862876 -0.474018 -0.175361
vn -0.778126 -0.435514 -0.452600
vn -0.701381 -0.359515 -0.615479
vn -0.617935 -0.336985 -0.710350
vn -0.538603 -0.369276 -0.757326
vn -0.390255 -0.319026 -0.863668
vn -0.227226 -0.141220 -0.963548
vn -0.124313 0.045551 -0.991197
vn -0.007778 0.179025 -0.983814
vn 0.223407 0.297227 -0.928303
vn 0.446202 0.372933 -0.813526
vn 0.564373 0.413533 -0.714475
vn 0.663940 0.443611 -0.601991
vn 0.774137 0.472695 -0.421037
vn 0.846111 0.506715 -0.165334
vn 0.849176 0.526709 0.038453
vn 0.810412 0.533934 0.241137
vn 0.731934 0.532679 0.424884
vn 0.637890 0.517945 0.569938
vn 0.509520 0.486977 0.709396
vn 0.358370 0.429391 0.828972
vn 0.160793 0.282647 0.945651
vn -0.061309 0.094382 0.993646
vn -0.684184 -0.184139 0.705681
vn -0.562929 -0.134920 0.815419
vn -0.419116 -0.090439 0.903417
vn -0.367466 -0.092829 0.925393
vn -0.244649 -0.030438 0.969134
vn -0.847650 -0.470350 0.245482
vn -0.748746 -0.424896 0.508766
vn -0.878456 -0.477575 0.015430
vn -0.852570 -0.494432 -0.169296
vn -0.664863 -0.295449 0.686052
vn -0.638419 -0.231556 0.734033
vn -0.568236 -0.156222 0.807900
vn -0.458850 -0.018736 0.888316
vn -0.372159 0.016954 0.928014
vn -0.218634 0.007940 0.975775
vn -0.066465 0.050613 0.996504
vn 0.133451 0.212512 0.968003
vn 0.365466 0.388883 0.845697
vn 0.516178 0.479815 0.709463
vn 0.630467 0.528207 0.568779
vn 0.727343 0.552234 0.407442
vn 0.801121 0.555950 0.221642
vn 0.837166 0.546059 0.031191
vn 0.827357 0.537986 -0.161405
vn 0.759932 0.509532 -0.403585
vn 0.661514 0.470118 -0.584284
vn 0.560370 0.433767 -0.705572
vn 0.452018 0.383018 -0.805592
vn 0.249186 0.298942 -0.921162
vn -0.023245 0.158090 -0.987151
vn -0.191881 -0.008305 -0.981383
vn -0.297123 -0.164039 -0.940643
vn -0.428852 -0.286899 -0.856607
vn -0.796342 -0.450994 -0.403044
vn -0.718036 -0.370436 -0.589238
vn -0.604592 -0.309631 -0.733892
vn -0.516483 -0.312203 -0.797354
vn -0.843422 -0.434832 0.315531
vn -0.770717 -0.375817 0.514546
vn -0.355037 -0.147305 -0.923174
vn -0.473827 -0.229291 -0.850243
vn 0.776851 0.629392 0.019192
vn 0.756567 0.631384 -0.170179
vn -0.107418 0.116981 0.987308
vn 0.096913 0.226282 0.969229
vn -0.706189 -0.309185 0.636948
vn -0.668685 -0.223536 0.709149
vn -0.621452 -0.140171 0.770811
vn -0.499965 -0.035460 0.865320
vn -0.328728 0.053587 0.942903
vn -0.201501 0.086651 0.975648
vn -0.887870 -0.457814 0.045750
vn -0.875497 -0.451029 -0.173429
vn -0.812362 -0.443528 -0.378616
vn -0.727965 -0.398112 -0.558188
vn -0.605579 -0.318787 -0.729143
vn -0.519049 -0.260288 -0.814148
vn 0.695541 0.586789 -0.414610
vn 0.617398 0.528894 -0.582316
vn 0.527840 0.491519 -0.692671
vn 0.405441 0.441270 -0.800562
vn 0.224407 0.317508 -0.921320
vn -0.043172 0.115643 -0.992352
vn -0.240759 -0.045508 -0.969518
vn 0.344472 0.378040 0.859317
vn 0.511664 0.480796 0.712064
vn 0.621972 0.535044 0.571733
vn 0.699506 0.586644 0.408093
vn 0.759663 0.620020 0.196182
vn -0.877344 -0.456486 -0.147945
vn -0.879070 -0.465780 0.101412
vn -0.230719 0.139761 0.962931
vn -0.109348 0.193684 0.974951
vn 0.717029 0.696910 0.013619
vn 0.710229 0.679493 -0.184022
vn -0.262058 -0.040602 -0.964198
vn -0.392266 -0.119525 -0.912053
vn -0.500625 -0.186757 -0.845279
vn -0.834147 -0.417706 -0.360167
vn -0.743701 -0.382106 -0.548547
vn -0.631131 -0.329081 -0.702410
vn -0.553299 -0.248994 -0.794898
vn -0.844354 -0.427466 0.323017
vn -0.796598 -0.345716 0.495895
vn -0.770983 -0.264515 0.579324
vn -0.752523 -0.172117 0.635677
vn -0.657386 -0.063679 0.750859
vn -0.492269 0.015805 0.870300
vn -0.303314 0.089192 0.948707
vn 0.116255 0.253092 0.960432
vn 0.334273 0.353908 0.873505
vn 0.501478 0.474372 0.723527
vn 0.586552 0.558876 0.586187
vn 0.646147 0.635002 0.423400
vn 0.702212 0.687220 0.186084
vn 0.659751 0.616749 -0.429358
vn 0.589972 0.555337 -0.586118
vn 0.519274 0.516899 -0.680566
vn 0.392949 0.446145 -0.804081
vn 0.186500 0.283332 -0.940713
vn -0.067002 0.086394 -0.994005
vn -0.063302 0.200217 0.977705
vn 0.140444 0.290149 0.946620
vn -0.044400 0.231928 0.971719
vn 0.152759 0.314422 0.936912
vn 0.014753 0.207538 0.978116
vn 0.166890 0.306931 0.936985
vn -0.891399 -0.436869 0.120637
vn -0.859207 -0.404219 0.313641
vn -0.926292 -0.353976 0.129169
vn -0.883859 -0.337697 0.323658
vn -0.926579 -0.348367 0.141744
vn -0.879754 -0.307517 0.362584
vn -0.286424 -0.019511 -0.957904
vn -0.413849 -0.130890 -0.900887
vn -0.314113 0.001279 -0.949385
vn -0.461555 -0.129779 -0.877567
vn -0.329371 -0.014855 -0.944084
vn -0.481822 -0.164481 -0.860694
vn 0.691704 0.688861 -0.216831
vn 0.650108 0.624281 -0.433166
vn 0.642637 0.715493 -0.274023
vn 0.632692 0.637328 -0.439902
vn 0.551422 0.759903 -0.344212
vn 0.576221 0.663965 -0.476571
vn 0.677045 0.735941 -0.001029
vn 0.323389 0.366770 0.872295
vn 0.479292 0.467296 0.742909
vn 0.567918 0.552652 0.609955
vn 0.628035 0.629686 0.457240
vn 0.666815 0.714146 0.212964
vn 0.623312 0.781542 -0.025955
vn 0.314624 0.396069 0.862637
vn 0.447891 0.481344 0.753459
vn 0.541214 0.562590 0.624964
vn 0.585267 0.644096 0.492548
vn 0.610940 0.746098 0.264744
vn 0.543207 0.838488 -0.043175
vn 0.297969 0.415325 0.859488
vn 0.412554 0.514537 0.751699
vn 0.483285 0.599748 0.637760
vn 0.512533 0.684302 0.518692
vn 0.534520 0.785841 0.311035
vn -0.222198 0.126908 0.966707
vn -0.804755 -0.351551 0.478311
vn -0.794410 -0.314573 0.519573
vn -0.774546 -0.228494 0.589805
vn -0.636683 -0.086150 0.766298
vn -0.435707 0.044188 0.899003
vn -0.286264 0.117292 0.950944
vn -0.216610 0.154852 0.963899
vn -0.817124 -0.311164 0.485268
vn -0.771163 -0.336781 0.540265
vn -0.692501 -0.361526 0.624293
vn -0.537504 -0.275762 0.796897
vn -0.378037 -0.104722 0.919849
vn -0.291719 0.055671 0.954883
vn -0.170737 0.058439 0.983582
vn -0.788865 -0.290687 0.541473
vn -0.700885 -0.322473 0.636217
vn -0.604686 -0.359648 0.710639
vn -0.477763 -0.331121 0.813696
vn -0.359991 -0.233698 0.903212
vn -0.293235 -0.110543 0.949628
vn -0.909242 -0.408094 -0.082087
vn -0.501020 -0.224304 -0.835863
vn -0.889180 -0.328072 -0.318950
vn -0.796594 -0.255251 -0.547983
vn -0.671922 -0.217861 -0.707854
vn -0.556037 -0.232808 -0.797887
vn -0.938129 -0.345708 -0.020019
vn -0.528930 -0.223654 -0.818665
vn -0.890495 -0.348752 -0.292217
vn -0.746051 -0.367815 -0.555086
vn -0.635190 -0.340605 -0.693197
vn -0.532368 -0.256358 -0.806762
vn -0.910514 -0.412511 -0.028258
vn -0.539683 -0.252069 -0.803245
vn -0.797964 -0.503254 -0.331644
vn -0.627466 -0.535547 -0.565222
vn -0.604154 -0.501887 -0.618956
vn -0.555001 -0.352151 -0.753633
vn 0.566024 0.579590 -0.586252
vn 0.503812 0.515822 -0.692894
vn 0.398003 0.406167 -0.822570
vn 0.170616 0.260412 -0.950303
vn -0.094676 0.108425 -0.989586
vn 0.565378 0.591453 -0.574918
vn 0.457448 0.558102 -0.692288
vn 0.313970 0.473696 -0.822821
vn 0.117051 0.325826 -0.938156
vn -0.130881 0.143610 -0.980942
vn 0.554576 0.618447 -0.556749
vn 0.447589 0.608173 -0.655584
vn 0.251335 0.538814 -0.804059
vn 0.039338 0.372681 -0.927125
vn -0.174190 0.154354 -0.972539
vn -0.136010 -0.038077 0.989976
vn 0.028514 0.156481 0.987269
vn -0.282032 -0.133524 0.950068
vn -0.398156 -0.186439 0.898172
vn -0.489365 -0.247832 0.836123
vn -0.842239 -0.536062 -0.057192
vn -0.755390 -0.538108 -0.373932
vn -0.673130 -0.469427 -0.571433
vn -0.859122 -0.486783 0.157962
vn -0.821058 -0.406602 0.400673
vn -0.713972 -0.326843 0.619207
vn -0.645125 -0.313425 0.696834
vn -0.574503 -0.286861 0.766588
vn -0.227745 0.148494 -0.962331
vn -0.360703 -0.063072 -0.930546
vn -0.474366 -0.240248 -0.846911
vn -0.522868 -0.353667 -0.775583
vn -0.649442 -0.449266 -0.613502
vn -0.565912 -0.423566 -0.707344
vn 0.458164 0.793134 -0.401278
vn 0.455967 0.732305 -0.505790
vn 0.452053 0.702836 -0.549245
vn 0.412457 0.656897 -0.631162
vn 0.255726 0.562186 -0.786480
vn -0.002695 0.381733 -0.924269
vn 0.146558 0.315268 0.937618
vn 0.483742 0.874222 -0.041586
vn 0.262979 0.442319 0.857436
vn 0.374230 0.552701 0.744630
vn 0.436994 0.625129 0.646722
vn 0.469699 0.696787 0.542098
vn 0.481645 0.798990 0.360046
vn -0.189966 0.032057 0.981267
vn -0.042365 0.193817 0.980123
vn -0.253081 0.073054 0.964683
vn -0.108016 0.276294 0.954984
vn -0.327799 0.072231 0.941982
vn -0.157587 0.334608 0.929088
vn -0.366914 0.082356 0.926602
vn -0.122983 0.318611 0.939874
vn -0.376084 0.135250 0.916661
vn -0.116343 0.331665 0.936196
vn 0.489739 0.871238 -0.033154
vn 0.432684 0.799401 -0.416825
vn 0.517849 0.854697 -0.036397
vn 0.457744 0.791973 -0.404041
vn 0.500472 0.864430 -0.047840
vn 0.421281 0.822192 -0.382783
vn 0.504935 0.862475 -0.034331
vn 0.450758 0.809850 -0.375446
vn 0.483041 0.874340 -0.046920
vn 0.433432 0.817841 -0.378515
vn 0.029472 0.338132 -0.940637
vn -0.239639 0.083241 -0.967287
vn 0.048975 0.281561 -0.958293
vn -0.216890 0.011794 -0.976125
vn 0.029790 0.261266 -0.964807
vn -0.221571 0.017488 -0.974987
vn -0.019812 0.307786 -0.951249
vn -0.287870 0.131428 -0.948608
vn -0.071211 0.388173 -0.918831
vn -0.363999 0.277125 -0.889217
vn -0.623512 -0.467529 -0.626618
vn -0.674899 -0.528149 -0.515335
vn -0.609050 -0.515365 -0.602874
vn -0.658668 -0.579396 -0.480060
vn -0.621895 -0.581478 -0.524529
vn -0.587510 -0.699425 -0.406986
vn -0.650810 -0.665362 -0.365704
vn -0.555946 -0.792564 -0.250533
vn -0.280884 -0.035630 0.959080
vn -0.417722 -0.147394 0.896540
vn -0.494579 -0.259354 0.829534
vn -0.722587 -0.612351 -0.320771
vn -0.747506 -0.664013 -0.017932
vn -0.722721 -0.663167 0.194639
vn -0.689341 -0.600356 0.405439
vn -0.620769 -0.457884 0.636387
vn -0.587020 -0.382894 0.713302
vn -0.526845 -0.317354 0.788493
vn -0.289715 -0.051015 0.955752
vn -0.391296 -0.220953 0.893346
vn -0.476182 -0.343077 0.809660
vn -0.718353 -0.645741 -0.258821
vn -0.719114 -0.692222 0.060869
vn -0.672957 -0.701862 0.233491
vn -0.641929 -0.668199 0.376081
vn -0.585555 -0.550101 0.595411
vn -0.535652 -0.457052 0.710056
vn -0.488970 -0.384266 0.783102
vn -0.361049 -0.106118 0.926489
vn -0.402296 -0.259619 0.877927
vn -0.470460 -0.352943 0.808764
vn -0.601489 -0.776051 -0.189619
vn -0.631195 -0.768956 0.101485
vn -0.648754 -0.723222 0.236787
vn -0.637370 -0.675916 0.369996
vn -0.576993 -0.583996 0.570988
vn -0.541331 -0.490659 0.682799
vn -0.505225 -0.396805 0.766351
vn -0.469499 -0.097131 0.877574
vn -0.481112 -0.233781 0.844912
vn -0.497165 -0.327326 0.803545
vn -0.504176 -0.852169 -0.140053
vn -0.536377 -0.841095 0.069699
vn -0.564891 -0.796194 0.216732
vn -0.557796 -0.744132 0.367602
vn -0.554217 -0.651940 0.517511
vn -0.564162 -0.541373 0.623407
vn -0.529137 -0.413192 0.741139
vn -0.708249 -0.633148 -0.312262
vn -0.751179 -0.602513 -0.269644
vn -0.552508 -0.057182 0.831544
vn -0.581876 -0.185940 0.791737
vn -0.584099 -0.301412 0.753644
vn -0.773936 -0.609318 -0.172498
vn -0.713644 -0.692084 0.108310
vn -0.598485 -0.760722 0.251233
vn -0.569804 -0.755195 0.324044
vn -0.605319 -0.684102 0.406933
vn -0.633102 -0.564649 0.529484
vn -0.600734 -0.413519 0.684194
vn -0.391622 -0.110255 -0.913497
vn -0.501048 -0.266140 -0.823481
vn -0.553812 -0.374401 -0.743718
vn -0.570977 -0.423726 -0.703166
vn -0.387356 -0.146503 -0.910216
vn -0.525291 -0.276479 -0.804754
vn -0.587652 -0.374781 -0.717080
vn -0.587634 -0.438102 -0.680260
vn -0.397474 -0.143296 -0.906356
vn -0.535947 -0.281044 -0.796100
vn -0.614475 -0.370721 -0.696410
vn -0.630240 -0.451041 -0.631949
vn -0.491903 -0.077094 -0.867230
vn -0.578451 -0.288202 -0.763108
vn -0.613355 -0.395810 -0.683469
vn -0.660849 -0.498875 -0.560716
vn -0.651133 0.026508 -0.758501
vn -0.669028 -0.266968 -0.693635
vn -0.584626 -0.494537 -0.643153
vn -0.628538 -0.590540 -0.506164
vn 0.103653 0.353279 0.929758
vn 0.223943 0.483347 0.846301
vn 0.336295 0.595145 0.729868
vn 0.395368 0.657508 0.641379
vn 0.430264 0.714015 0.552318
vn 0.461113 0.793538 0.397080
vn 0.061336 0.427812 0.901784
vn 0.186755 0.529728 0.827352
vn 0.290503 0.639798 0.711524
vn 0.357396 0.700639 0.617555
vn 0.409036 0.730358 0.547053
vn 0.464090 0.788353 0.403881
vn 0.034051 0.506630 0.861491
vn 0.153299 0.585645 0.795939
vn 0.275131 0.668608 0.690844
vn 0.363926 0.716099 0.595617
vn 0.403499 0.739517 0.538799
vn 0.464887 0.796636 0.386331
vn 0.050324 0.486403 0.872284
vn 0.173298 0.602660 0.778953
vn 0.304300 0.677360 0.669765
vn 0.371905 0.719482 0.586542
vn 0.398259 0.745815 0.533994
vn 0.466857 0.808316 0.358705
vn 0.075279 0.455720 0.886934
vn 0.236577 0.572234 0.785226
vn 0.341014 0.657892 0.671482
vn 0.378447 0.709500 0.594465
vn 0.395983 0.746439 0.534815
vn 0.445300 0.828382 0.339840
vn 0.399642 0.760681 -0.511518
vn 0.393891 0.726006 -0.563706
vn 0.379616 0.658310 -0.650015
vn 0.279408 0.543273 -0.791698
vn 0.387591 0.776216 -0.497254
vn 0.338370 0.738708 -0.582937
vn 0.318780 0.660716 -0.679583
vn 0.252973 0.524717 -0.812820
vn 0.386927 0.770840 -0.506057
vn 0.373932 0.698606 -0.610019
vn 0.326040 0.621925 -0.711975
vn 0.229086 0.490315 -0.840899
vn 0.413932 0.729864 -0.544021
vn 0.401652 0.656101 -0.638911
vn 0.357085 0.582775 -0.729975
vn 0.218043 0.477417 -0.851193
vn 0.367881 0.738540 -0.564997
vn 0.347991 0.657378 -0.668399
vn 0.335100 0.590968 -0.733802
vn 0.214472 0.517700 -0.828244
vn 0.308185 0.570997 -0.760910
vn 0.341186 0.513484 -0.787354
vn 0.340493 0.444861 -0.828350
vn 0.417265 0.401164 -0.815449
vn 0.382620 0.269340 -0.883775
vn 0.485975 0.222299 -0.845228
vn -0.572651 -0.618350 -0.538251
vn -0.579124 -0.666401 -0.469601
vn -0.510597 -0.723843 -0.464050
vn -0.523466 -0.744018 -0.415235
vn -0.285409 -0.891163 -0.352661
vn -0.334923 -0.861213 -0.382280
vn -0.740792 -0.482200 0.467666
vn -0.696154 -0.382926 0.607237
vn -0.723507 -0.504302 0.471399
vn -0.720769 -0.467155 0.512112
vn -0.566093 -0.716843 0.407031
vn -0.627795 -0.675290 0.387114
vn -0.107097 0.413867 0.904016
vn 0.097561 0.490772 0.865808
vn 0.038079 0.476270 0.878474
vn 0.183224 0.501236 0.845690
vn 0.230564 0.393314 0.890025
vn 0.283810 0.442861 0.850486
vn 0.385158 0.860808 0.332661
vn 0.379406 0.922787 -0.067196
vn 0.362145 0.869932 0.334767
vn 0.396579 0.915227 -0.071311
vn 0.338334 0.883497 0.323979
vn 0.395795 0.914613 -0.082642
vn 0.272092 0.559058 0.783212
vn 0.351277 0.634351 0.688625
vn 0.361114 0.702078 0.613745
vn 0.360239 0.761011 0.539528
vn 0.293966 0.545207 0.785069
vn 0.315864 0.625806 0.713160
vn 0.300747 0.710847 0.635805
vn 0.312536 0.782360 0.538733
vn 0.294894 0.508765 0.808824
vn 0.269202 0.603182 0.750801
vn 0.270545 0.702040 0.658746
vn 0.284525 0.787040 0.547370
vn 0.353352 0.842363 -0.406900
vn 0.329909 0.745094 -0.579651
vn 0.290307 0.656191 -0.696517
vn 0.372474 0.817129 -0.439959
vn 0.352130 0.712397 -0.607038
vn 0.324251 0.573074 -0.752627
vn 0.371723 0.811611 -0.450677
vn 0.361964 0.671120 -0.646977
vn 0.362312 0.453844 -0.814098
vn -0.637073 -0.687557 -0.348430
vn -0.691450 -0.656400 -0.301722
vn -0.743238 -0.659423 -0.112957
vn -0.744866 -0.632234 0.213202
vn -0.741799 -0.615930 0.265264
vn -0.767876 -0.596695 0.233071
vn -0.775660 -0.548421 0.312387
vn -0.519412 -0.800410 -0.299258
vn -0.491009 -0.842152 -0.222915
vn -0.540773 -0.835310 -0.099100
vn -0.680237 -0.727161 0.092270
vn -0.793115 -0.586681 0.163629
vn -0.815918 -0.541826 0.201749
vn -0.777839 -0.529457 0.338587
vn -0.423198 -0.875143 -0.234581
vn -0.425227 -0.897213 -0.119124
vn -0.390360 -0.913020 -0.118377
vn -0.442156 -0.896725 -0.019528
vn -0.501936 -0.853566 0.139589
vn -0.513806 -0.817123 0.261369
vn -0.520977 -0.771405 0.365400
vn -0.145728 -0.952941 -0.265832
vn -0.102296 -0.953274 -0.284261
vn -0.376412 -0.876843 0.299099
vn -0.326868 -0.905694 0.269955
vn -0.136008 -0.972725 -0.187902
vn -0.231546 -0.972824 -0.000340
vn -0.210603 -0.977515 -0.010566
vn -0.170737 -0.985293 0.006846
vn -0.202453 -0.972117 0.118327
vn -0.271777 -0.937894 0.215620
vn -0.336903 -0.903855 0.263708
vn 0.003611 -0.954198 -0.299156
vn -0.059777 -0.980270 -0.188405
vn -0.154246 -0.952580 0.262298
vn -0.125699 -0.944170 0.304538
vn -0.007585 -0.988837 -0.148808
vn -0.033243 -0.999438 0.004355
vn -0.104509 -0.993605 0.042738
vn -0.127997 -0.991714 0.011002
vn -0.148778 -0.986520 0.068145
vn -0.154229 -0.978193 0.139113
vn -0.160443 -0.968514 0.190367
vn 0.328136 0.175533 -0.928178
vn 0.421816 0.041511 -0.905731
vn 0.388216 0.149738 0.909322
vn 0.375342 0.271519 0.886226
vn 0.312333 0.890576 0.330640
vn 0.330770 0.940291 -0.080276
vn 0.295527 0.411484 0.862174
vn 0.259394 0.552607 0.792048
vn 0.257250 0.681147 0.685464
vn 0.271476 0.781522 0.561716
vn 0.313443 0.835416 -0.451479
vn 0.302913 0.677442 -0.670310
vn 0.296786 0.435482 -0.849867
vn 0.262811 0.104781 -0.959141
vn 0.272081 -0.160283 -0.948832
vn 0.428997 -0.148696 0.890984
vn 0.368098 0.069268 0.927203
vn 0.300884 0.882147 0.362333
vn 0.294935 0.954951 -0.032895
vn 0.262049 0.289285 0.920676
vn 0.210555 0.521093 0.827121
vn 0.223841 0.680605 0.697619
vn 0.272913 0.774821 0.570237
vn 0.263359 0.855362 -0.446092
vn 0.255635 0.681392 -0.685825
vn 0.253366 0.402523 -0.879648
vn 0.121175 -0.945393 -0.302571
vn 0.080640 -0.982652 -0.167011
vn -0.078549 -0.972412 0.219649
vn -0.119056 -0.941741 0.314564
vn 0.030240 -0.993523 -0.109529
vn 0.002884 -0.998654 -0.051791
vn -0.029705 -0.999556 0.002423
vn -0.060589 -0.998048 0.015129
vn -0.055719 -0.995169 0.080833
vn -0.046083 -0.991509 0.121599
vn -0.054949 -0.985618 0.159808
vn 0.253985 0.013697 -0.967111
vn 0.208391 -0.304641 -0.929391
vn 0.278013 -0.197773 0.939997
vn 0.215081 0.035612 0.975947
vn 0.315623 0.858741 0.403667
vn 0.320338 0.947230 0.011792
vn 0.159543 0.254005 0.953954
vn 0.185030 0.479650 0.857729
vn 0.254505 0.653467 0.712887
vn 0.295666 0.755597 0.584512
vn 0.276517 0.854921 -0.438917
vn 0.237943 0.678784 -0.694720
vn 0.227522 0.363513 -0.903378
vn -0.049604 -0.909907 0.411836
vn -0.031540 -0.940218 0.339110
vn 0.371385 -0.391447 0.841928
vn 0.272829 -0.394901 0.877278
vn 0.063092 -0.817923 0.571858
vn 0.111756 -0.859574 0.498641
vn 0.198143 -0.601934 0.773573
vn 0.283923 -0.636096 0.717475
vn 0.126401 -0.586253 -0.800206
vn 0.256712 -0.559138 -0.788330
vn 0.232306 -0.828577 -0.509406
vn 0.215275 -0.879926 -0.423540
vn 0.172193 -0.696909 -0.696181
vn 0.290245 -0.658696 -0.694174
vn 0.218662 -0.812452 -0.540471
vn 0.284630 -0.729490 -0.621956
vn 0.338443 0.843771 0.416543
vn 0.380687 0.923811 0.040643
vn 0.331850 0.857602 0.392932
vn 0.419638 0.906982 0.035874
vn 0.357208 0.854129 0.377976
vn 0.428372 0.903067 0.031115
vn 0.343594 0.860695 0.375697
vn 0.392425 0.918200 0.053962
vn 0.173035 -0.310957 0.934540
vn 0.136193 -0.053236 0.989251
vn 0.117771 -0.478985 0.869887
vn 0.128220 -0.198011 0.971777
vn 0.023084 -0.520668 0.853447
vn 0.091024 -0.251238 0.963636
vn 0.013818 -0.638856 0.769202
vn 0.057828 -0.296824 0.953180
vn 0.196250 -0.054381 -0.979045
vn 0.222928 -0.329544 -0.917444
vn 0.109372 -0.082808 -0.990546
vn 0.124816 -0.361225 -0.924087
vn 0.104975 -0.126273 -0.986426
vn 0.063409 -0.446915 -0.892326
vn 0.160439 -0.239889 -0.957451
vn 0.094176 -0.579801 -0.809297
vn 0.330387 0.840574 -0.429279
vn 0.256244 0.663901 -0.702549
vn 0.196744 0.345422 -0.917592
vn 0.402739 0.823824 -0.398892
vn 0.298369 0.659871 -0.689598
vn 0.186789 0.327006 -0.926379
vn 0.412176 0.840927 -0.350646
vn 0.332309 0.688113 -0.645036
vn 0.214600 0.321095 -0.922412
vn 0.378890 0.875668 -0.299412
vn 0.341492 0.697319 -0.630182
vn 0.272483 0.271646 -0.923018
vn 0.151126 0.182290 0.971561
vn 0.225632 0.418463 0.879761
vn 0.271165 0.620085 0.736182
vn 0.290567 0.751968 0.591705
vn 0.174574 0.106915 0.978822
vn 0.210073 0.389585 0.896712
vn 0.224053 0.619980 0.751947
vn 0.260901 0.769530 0.582885
vn 0.145224 0.059156 0.987629
vn 0.167401 0.361007 0.917415
vn 0.210477 0.606270 0.766901
vn 0.279398 0.763635 0.582064
vn 0.099127 0.013712 0.994980
vn 0.147324 0.304152 0.941163
vn 0.215087 0.575392 0.789089
vn 0.284363 0.755563 0.590138
vn 0.083249 -0.809423 -0.581295
vn 0.090202 -0.681891 -0.725871
vn -0.007575 -0.721201 0.692684
vn -0.007752 -0.814252 0.580460
vn 0.120873 -0.618624 -0.776334
vn 0.125245 -0.617102 -0.776852
vn 0.235934 -0.499994 0.833272
vn 0.161779 -0.664933 0.729172
vn 0.062073 -0.745402 -0.663719
vn 0.228262 -0.666380 0.709813
vn 0.111372 -0.866161 0.487197
vn 0.093054 -0.874353 -0.476285
vn 0.138538 -0.956206 -0.257832
vn 0.005636 -0.959738 0.280840
vn 0.107494 -0.986742 -0.121593
vn -0.016725 -0.991387 0.129892
vn 0.053591 -0.995648 -0.076247
vn 0.016664 -0.999607 -0.022564
vn -0.001923 -0.994315 0.106457
vn 0.015242 -0.995661 0.091804
vn 0.020800 -0.998952 0.040771
vn 0.065725 -0.805416 -0.589054
vn 0.017309 -0.897752 -0.440160
vn -0.005874 -0.956171 -0.292750
vn -0.014741 -0.972849 -0.230970
vn 0.233762 -0.767706 0.596643
vn 0.185627 -0.896586 0.402091
vn 0.090485 -0.971120 0.220767
vn 0.050419 -0.994118 0.095849
vn 0.077290 -0.994908 0.064693
vn 0.082505 -0.991910 0.096470
vn 0.033446 -0.991701 0.124136
vn -0.045143 -0.983494 -0.175218
vn -0.041094 -0.998900 0.022565
vn 0.044941 -0.853913 0.518471
vn 0.079477 -0.848971 -0.522428
vn 0.058412 -0.932016 -0.357679
vn 0.176642 -0.936555 0.302757
vn 0.010265 -0.968579 -0.248495
vn 0.180225 -0.973088 0.143594
vn -0.048495 -0.962585 -0.266605
vn 0.117029 -0.991215 0.061621
vn -0.065904 -0.974429 -0.214811
vn 0.119211 -0.989135 0.086034
vn -0.102993 -0.987967 0.115381
vn -0.048120 -0.965213 0.257000
vn 0.047480 -0.981278 0.186652
vn 0.280797 0.871339 0.402394
vn 0.321740 0.943857 0.074945
vn -0.008333 -0.774972 0.631940
vn 0.012117 -0.409557 0.912204
vn 0.189442 -0.360603 -0.913278
vn 0.088150 -0.673626 -0.733797
vn 0.342692 0.901820 -0.263218
vn 0.367752 0.682306 -0.631836
vn 0.322243 0.147882 -0.935035
vn 0.060005 -0.045385 0.997166
vn 0.136069 0.248410 0.959051
vn 0.197296 0.520654 0.830659
vn 0.235644 0.734106 0.636836
vn 0.039934 -0.858636 -0.511028
vn 0.016224 -0.933072 0.359324
vn 0.106810 -0.904387 -0.413130
vn 0.100167 -0.961560 -0.255673
vn 0.080407 -0.965891 -0.246149
vn 0.080646 -0.976157 -0.201530
vn 0.059060 -0.977054 -0.204642
vn -0.064174 -0.907030 0.416147
vn -0.072741 -0.964555 0.253658
vn -0.006323 -0.982241 0.187517
vn -0.018824 -0.992579 0.120139
vn -0.078556 -0.964868 0.250716
vn -0.081335 -0.947157 0.310287
vn 0.038335 -0.969703 -0.241260
vn 0.046173 -0.997296 0.057172
vn 0.007784 -0.966664 0.255930
vn -0.056700 -0.972315 0.226692
vn -0.096929 -0.969566 0.224826
vn 0.084978 -0.951492 -0.295706
vn 0.070215 -0.968888 -0.237332
vn 0.069970 -0.995064 0.070375
vn 0.076005 -0.974831 0.209590
vn 0.073354 -0.976690 0.201735
vn 0.077484 -0.973606 0.214679
vn 0.075078 -0.947467 0.310917
vn 0.034885 -0.947853 -0.316793
vn 0.102157 -0.969190 -0.224133
vn 0.076255 -0.967844 -0.239717
vn 0.036884 -0.960593 -0.275499
vn 0.070501 -0.995706 0.060000
vn 0.052689 -0.978683 0.198503
vn 0.046438 -0.979834 0.194342
vn 0.031703 -0.979630 0.198294
vn 0.244467 0.969536 -0.015379
vn 0.288701 0.919713 -0.266045
vn 0.337580 0.784163 -0.520700
vn 0.260511 0.964880 -0.033768
vn 0.290530 0.913062 -0.286201
vn 0.302948 0.806612 -0.507543
vn 0.224819 0.844975 0.485256
vn 0.190115 0.643740 0.741253
vn 0.229201 0.659222 0.716166
vn 0.224040 0.833784 0.504588
vn 0.217261 0.102588 -0.970708
vn 0.142831 -0.329247 -0.933379
vn 0.139822 -0.454821 -0.879538
vn 0.260618 0.011546 -0.965373
vn 0.171933 0.288211 0.942005
vn 0.230920 0.311467 0.921772
vn 0.152166 -0.218840 0.963823
vn 0.096268 -0.568878 0.816768
vn 0.144820 -0.533813 0.833109
vn 0.210219 -0.149379 0.966175
vn -0.002160 -0.991427 -0.130646
vn 0.006828 -0.998377 -0.056534
vn 0.000792 -0.998921 -0.046442
vn 0.001501 -0.988549 -0.150895
vn 0.001878 -0.941765 -0.336265
vn -0.016367 -0.978118 -0.207405
vn -0.029618 -0.966585 -0.254632
vn -0.038800 -0.954291 -0.296349
vn 0.212632 0.941720 0.260675
vn 0.248550 0.930161 0.270229
vn 0.315099 0.506604 -0.802537
vn 0.349926 0.388072 -0.852615
vn 0.015684 -0.792682 -0.609434
vn 0.075212 -0.728696 -0.680694
vn 0.002118 -0.862783 -0.505570
vn 0.050338 -0.725762 -0.686101
vn -0.042410 -0.950052 -0.309198
vn -0.041716 -0.971349 -0.233967
vn -0.003457 -0.976624 -0.214929
vn 0.014132 -0.999717 0.019145
vn 0.001179 -0.986079 0.166276
vn -0.030370 -0.988818 0.146005
vn -0.062044 -0.985758 0.156305
vn -0.054901 -0.953801 0.295381
vn -0.012039 -0.820044 0.572174
vn 0.041235 -0.535295 0.843658
vn 0.089155 -0.152318 0.984302
vn 0.126664 0.196236 0.972341
vn 0.163963 0.446413 0.879677
vn 0.143742 0.207030 0.967717
vn 0.017755 -0.859114 -0.511477
vn 0.051910 -0.901063 -0.430570
vn 0.123724 0.082513 0.988880
vn 0.138110 -0.305877 0.942001
vn 0.102219 -0.605711 0.789092
vn 0.024556 -0.814976 0.578975
vn 0.031675 -0.963381 -0.266258
vn -0.002557 -0.970465 -0.241228
vn -0.018393 -0.984009 -0.177168
vn -0.012336 -0.999848 0.012366
vn -0.054896 -0.944448 0.324044
vn -0.086708 -0.989358 0.116841
vn -0.031122 -0.994315 0.101829
vn -0.069420 -0.994877 0.073492
vn 0.020471 -0.962852 -0.269252
vn 0.124365 -0.295164 0.947318
vn 0.027329 -0.960124 -0.278236
vn 0.028168 -0.985903 -0.164928
vn 0.087524 -0.583530 0.807361
vn 0.040282 -0.776283 0.629096
vn 0.019112 -0.999810 -0.003799
vn -0.015449 -0.999739 0.016856
vn -0.034005 -0.998258 0.048211
vn -0.025697 -0.994289 0.103585
vn -0.005647 -0.943814 0.330429
vn 0.093566 -0.804814 0.586106
vn 0.075215 -0.787449 0.611774
vn 0.054176 -0.952333 0.300212
vn 0.061511 -0.951032 0.302909
vn 0.032866 -0.993686 0.107272
vn 0.024066 -0.989775 0.140594
vn 0.013323 -0.999897 -0.005373
vn -0.001741 -0.999825 -0.018625
vn 0.011657 -0.996616 0.081365
vn 0.016469 -0.997250 0.072261
vn 0.331261 0.942104 -0.052018
vn 0.339673 0.900421 -0.271782
vn 0.325983 0.822137 -0.466719
vn 0.179978 -0.489803 0.853054
vn 0.112931 -0.774961 0.621838
vn -0.003995 -0.983705 -0.179745
vn 0.029559 -0.919036 -0.393064
vn 0.279118 0.181485 -0.942951
vn 0.215427 -0.264687 -0.939964
vn 0.305535 0.583821 -0.752198
vn 0.125847 -0.662564 -0.738358
vn 0.248829 0.658302 0.710438
vn 0.227981 0.830382 0.508419
vn 0.214060 -0.110811 0.970515
vn 0.250964 0.343786 0.904891
vn 0.237545 0.939462 0.246949
vn 0.032915 -0.937883 0.345386
vn 0.005402 -0.992887 -0.118939
vn 0.020232 -0.999593 -0.020129
vn 0.041299 -0.999096 0.010077
vn 0.028325 -0.999090 0.031879
vn 0.006008 -0.986594 0.163085
vn 0.226340 0.566922 -0.792066
vn 0.127805 0.579265 -0.805058
vn 0.164766 0.981909 -0.093316
vn 0.244892 0.963529 -0.107891
vn 0.126026 0.844677 0.520230
vn 0.059351 0.842751 0.535022
vn -0.067272 0.189749 0.979525
vn 0.001416 0.132338 0.991204
vn -0.014531 -0.284837 -0.958466
vn 0.105827 -0.348575 -0.931287
vn -0.048336 -0.966539 -0.251923
vn -0.115052 -0.952652 -0.281455
vn -0.102858 -0.731299 0.674257
vn -0.041616 -0.752955 0.656755
vn -0.039174 -0.978485 0.202563
vn -0.111921 -0.982372 0.149733
vn 0.032398 0.585597 -0.809955
vn 0.055195 0.995444 -0.077753
vn 0.009019 0.828458 0.559979
vn -0.038792 0.327398 0.944090
vn -0.050999 -0.192837 -0.979905
vn -0.076235 -0.937464 -0.339631
vn -0.075561 -0.705317 0.704854
vn -0.066295 -0.987747 0.141282
vn 0.072282 0.587010 -0.806347
vn 0.056298 0.998354 -0.010906
vn 0.018399 0.814853 0.579376
vn -0.008867 0.350125 0.936661
vn 0.040023 -0.202809 -0.978400
vn -0.015047 -0.943741 -0.330344
vn -0.065408 -0.692867 0.718092
vn -0.056978 -0.979871 0.191327
vn 0.138611 0.634503 -0.760390
vn 0.112637 0.991371 0.067057
vn 0.068062 0.794862 0.602961
vn 0.013945 0.356599 0.934154
vn 0.068024 -0.227863 -0.971314
vn -0.049025 -0.950629 -0.306433
vn -0.110973 -0.639978 0.760338
vn -0.107585 -0.956616 0.270762
vn 0.247853 0.657699 -0.711337
vn 0.204874 0.977762 0.044813
vn 0.179300 0.793641 0.581366
vn 0.184313 0.512036 0.838956
vn 0.245806 -0.027957 -0.968916
vn 0.272412 -0.953697 -0.127492
vn 0.107945 -0.669304 0.735105
vn 0.221583 -0.932684 0.284608
vn 0.390797 0.916955 -0.080440
vn 0.456668 0.424537 -0.781807
vn 0.253794 0.768401 0.587494
vn 0.162617 -0.142175 0.976393
vn 0.379800 -0.440383 -0.813520
vn 0.136883 -0.968494 -0.208046
vn 0.140540 -0.822234 0.551525
vn 0.188838 -0.971670 0.142120
vn 0.584138 -0.805288 -0.101462
vn 0.541117 -0.840897 0.009241
vn 0.496918 -0.812937 0.303654
vn 0.731764 -0.620745 -0.281420
vn 0.531809 -0.212706 0.819717
vn 0.589741 0.571706 0.570402
vn 0.758049 0.116990 -0.641619
vn 0.660246 0.747596 0.071946
vn 0.784167 -0.616869 0.067483
vn 0.905767 -0.423276 0.020575
vn 0.760209 -0.598612 -0.252479
vn 0.377966 0.925818 0.001813
vn 0.424298 0.717090 -0.552949
vn 0.377494 0.803653 0.460043
vn 0.402512 0.607242 0.685012
vn 0.427696 0.358002 -0.830006
vn 0.439784 0.788483 -0.429983
vn 0.413601 0.910396 -0.010698
vn 0.441213 0.820408 0.363679
vn 0.510528 0.666698 0.543023
vn 0.446459 0.548525 -0.706962
vn 0.339880 0.940394 -0.011869
vn 0.365059 0.860000 -0.356556
vn 0.360701 0.891474 -0.274170
vn 0.368313 0.929148 -0.032085
vn 0.405888 0.867483 0.287626
vn 0.424830 0.881382 0.206603
vn 0.473349 0.766363 0.434314
vn 0.468463 0.801099 0.372536
vn 0.438996 0.648459 -0.621919
vn 0.366961 0.790879 -0.489745
vn 0.658061 -0.534203 0.530644
vn 0.791807 -0.581171 0.187834
vn 0.775168 -0.629162 -0.057172
vn 0.574036 0.684805 0.448914
vn 0.680710 0.442111 0.584099
vn 0.557133 0.257414 -0.789519
vn 0.595303 0.273773 -0.755423
vn 0.004826 -0.999835 0.017522
vn 0.029223 -0.997243 0.068216
vn 0.230488 -0.058208 0.971333
vn 0.276518 0.371465 0.886313
vn 0.195718 -0.161898 -0.967204
vn 0.104447 -0.613700 -0.782601
vn 0.043174 -0.907585 -0.417643
vn 0.016877 -0.986210 -0.164637
vn 0.007368 -0.992609 -0.121130
vn 0.102776 -0.724778 0.681273
vn 0.151801 -0.469337 0.869873
vn 0.065381 -0.933892 0.351527
vn 0.067078 -0.997744 0.002887
vn 0.072497 -0.986970 0.143645
vn 0.271302 0.637649 0.720971
vn 0.271435 0.827420 0.491629
vn 0.307470 0.923721 0.228476
vn 0.295631 0.272573 -0.915591
vn 0.331071 0.617940 -0.713122
vn 0.376132 0.891049 -0.254080
vn 0.370364 0.927181 -0.056270
vn 0.391662 0.817719 -0.421825
vn 0.399769 0.915763 -0.039541
vn 0.396498 0.882187 -0.254038
vn 0.416932 0.805827 -0.420489
vn 0.345981 -0.003131 0.938236
vn 0.382164 0.359180 0.851434
vn 0.046025 -0.988045 -0.147138
vn 0.016269 -0.999860 0.003811
vn 0.221922 -0.009899 -0.975014
vn 0.109689 -0.594079 -0.796893
vn 0.337659 0.369252 -0.865817
vn 0.391968 0.637820 -0.662983
vn 0.360144 0.584874 0.726787
vn 0.328864 0.825736 0.458267
vn 0.354307 0.912169 0.205946
vn 0.001682 -0.992620 0.121253
vn 0.190834 -0.718371 0.668974
vn 0.233347 -0.430278 0.872015
vn 0.150144 -0.933818 0.324717
vn 0.032877 -0.996536 0.076386
vn 0.101100 -0.981480 0.162716
vn 0.078757 -0.916583 -0.392013
vn 0.074175 -0.982494 -0.170888
vn 0.417829 0.908467 -0.010286
vn 0.385084 0.893528 -0.230908
vn 0.375834 0.816287 -0.438662
vn 0.398908 0.894406 0.202263
vn 0.411291 0.666552 -0.621730
vn 0.096660 -0.437760 -0.893881
vn -0.003097 -0.920370 -0.391038
vn 0.129028 -0.924066 0.359796
vn 0.246267 -0.711323 0.658310
vn 0.360536 0.106859 0.926604
vn 0.308885 0.397513 0.864045
vn 0.348962 0.599104 0.720625
vn 0.387925 0.818664 0.423443
vn 0.339306 -0.391956 0.855127
vn 0.234987 0.138701 -0.962052
vn 0.352497 0.459424 -0.815276
vn 0.007595 -0.987188 -0.159383
vn 0.029659 -0.998912 -0.036001
vn 0.035879 -0.991842 0.122318
vn 0.053079 -0.984903 0.164768
vn 0.063615 -0.972053 0.225976
vn -0.015717 -0.983338 -0.181105
vn 0.424415 0.904550 0.040763
vn 0.366170 0.916802 -0.159352
vn 0.333370 0.845786 -0.416545
vn 0.115695 -0.966576 0.228790
vn 0.092328 -0.988239 0.121897
vn 0.055160 -0.998338 -0.016672
vn 0.844870 -0.530860 0.066201
vn 0.699464 -0.666233 -0.258619
vn 0.753737 -0.403897 0.518409
vn 0.586295 -0.709469 0.391040
vn 0.535224 -0.844526 0.017665
vn 0.490754 -0.834385 -0.250922
vn 0.136384 -0.990655 0.001696
vn 0.306924 -0.951475 -0.022189
vn 0.265645 -0.961262 0.073548
vn 0.130770 -0.984524 0.116671
vn 0.245927 -0.929102 0.276205
vn 0.149714 -0.950491 0.272309
vn -0.341803 0.927071 -0.153980
vn -0.233723 0.957722 -0.167758
vn -0.472870 0.877903 -0.075371
vn -0.502542 0.857903 -0.107018
vn -0.182104 0.958287 -0.220281
vn -0.153912 0.949142 -0.274665
vn 0.105901 0.955881 -0.274001
vn 0.064680 0.951010 -0.302320
vn 0.240275 0.924552 -0.295756
vn 0.215484 0.942039 -0.257156
vn -0.096338 0.972040 -0.214142
vn -0.096339 0.975405 -0.198251
vn -0.376796 0.922438 -0.084460
vn -0.382143 0.907984 -0.171847
vn -0.447602 0.894209 0.006476
vn -0.470215 0.864841 -0.175922
vn -0.381362 0.923658 -0.037673
vn -0.069629 0.990108 -0.121813
vn -0.066903 0.975748 -0.208423
vn 0.007202 0.969069 -0.246684
vn 0.158849 0.965512 -0.206287
vn -0.064354 0.986439 -0.150987
vn -0.293006 0.939001 -0.180067
vn -0.407311 0.872944 -0.268453
vn -0.327976 0.944191 0.030578
vn 0.018938 0.999743 -0.012461
vn 0.027895 0.997471 -0.065367
vn -0.008535 0.993160 -0.116449
vn 0.101519 0.987580 -0.119914
vn -0.030673 0.994593 -0.099219
vn -0.174747 0.976460 -0.126453
vn -0.244311 0.933516 -0.262413
vn -0.295231 0.953521 0.060305
vn 0.021249 0.997126 0.072719
vn 0.066434 0.995092 0.073338
vn 0.014211 0.999117 0.039552
vn 0.070714 0.997458 0.008765
vn 0.005187 0.999979 -0.003970
vn -0.096351 0.994176 -0.048271
vn -0.035289 0.962987 -0.267226
vn -0.243974 0.969776 -0.003440
vn -0.144817 0.989247 -0.020463
vn -0.062135 0.997497 -0.033760
vn -0.244714 0.969366 0.021100
vn 0.025073 0.993372 -0.112179
vn -0.024659 0.995105 -0.095703
vn -0.299719 0.945479 -0.127433
vn -0.308701 0.945264 -0.105737
vn 0.145912 0.985774 -0.083423
vn 0.099722 0.994204 -0.040171
vn 0.013815 0.997184 -0.073705
vn 0.030474 0.999375 -0.017938
vn -0.074103 0.992752 -0.094621
vn -0.027888 0.998512 -0.046863
vn -0.001326 0.995747 -0.092121
vn -0.050191 0.996995 -0.059013
vn -0.345048 0.934150 -0.091137
vn 0.005465 0.987280 -0.158895
vn 0.154377 0.970038 -0.187602
vn 0.019964 0.986389 -0.163211
vn -0.076720 0.989480 -0.122652
vn 0.042937 0.993691 -0.103610
vn 0.005800 0.997649 -0.068280
vn -0.151221 0.988499 -0.001607
vn -0.365174 0.928139 -0.072150
vn -0.033254 0.993658 -0.107414
vn 0.158930 0.978245 -0.133337
vn 0.069015 0.992077 -0.104982
vn -0.042863 0.997945 -0.047632
vn 0.041827 0.997563 -0.055844
vn 0.015583 0.997227 -0.072769
vn -0.070445 0.995237 -0.067385
vn -0.383999 0.918271 -0.096553
vn 0.019083 0.993747 -0.110009
vn 0.194661 0.980863 0.003811
vn 0.116455 0.990588 0.071927
vn -0.046596 0.994712 0.091523
vn -0.007550 0.997468 0.070715
vn -0.015607 0.999395 0.031083
vn -0.356627 0.932233 -0.061316
vn 0.038876 0.973007 -0.227478
vn -0.137990 0.990154 -0.023556
vn -0.862201 0.493701 0.113437
vn -0.827368 0.477910 0.295066
vn -0.860506 0.504235 0.072640
vn -0.812982 0.581613 0.028048
vn -0.748992 0.661628 -0.035481
vn -0.658587 0.746681 -0.093442
vn 0.355379 0.933856 -0.040243
vn 0.279010 0.952279 0.123767
vn 0.232828 0.947356 0.219790
vn -0.040778 0.889134 0.455826
vn -0.181713 0.817183 0.546985
vn -0.052837 0.909320 0.412729
vn -0.166126 0.895007 0.413962
vn 0.082912 0.878458 0.470570
vn 0.382679 0.754715 0.532880
vn 0.378933 0.732193 0.565953
vn 0.700816 0.482078 0.525792
vn 0.595617 0.798055 0.091376
vn 0.768221 -0.229962 0.597457
vn -0.279706 0.859563 0.427686
vn 0.076644 0.948417 0.307621
vn 0.426586 0.446194 0.786725
vn -0.641987 0.154573 0.750973
vn 0.044753 0.079253 0.995849
vn 0.389827 -0.533662 0.750493
vn 0.195615 -0.561572 0.803972
vn -0.855454 -0.368604 0.363771
vn -0.516150 -0.651798 0.555652
vn -0.028163 -0.825381 0.563873
vn -0.964780 -0.028328 0.261528
vn -0.991335 0.060945 0.116361
vn -0.998391 0.010499 0.055731
vn -0.999342 -0.018370 0.031266
vn -0.997190 -0.000273 0.074910
vn -0.961862 0.197149 0.189614
vn -0.912515 -0.408984 -0.006921
vn -0.362281 -0.932068 0.001201
vn 0.234900 -0.867972 0.437547
vn 0.279156 -0.843955 0.458054
vn 0.206380 -0.692933 0.690834
vn 0.004640 -0.808632 0.588296
vn 0.319646 -0.765228 0.558795
vn 0.026812 -0.849355 0.527141
vn 0.014353 -0.919473 0.392891
vn -0.201357 -0.650324 0.732485
vn -0.204625 -0.257373 0.944398
vn -0.134821 -0.413063 0.900668
vn -0.150289 -0.316098 0.936747
vn 0.187125 0.860321 0.474164
vn 0.180092 0.980304 -0.081066
vn 0.749491 -0.272611 0.603280
vn 0.486165 -0.171341 0.856905
vn 0.965875 -0.171405 0.194182
vn -0.018961 0.998705 -0.047203
vn 0.526333 -0.849158 -0.043642
vn 0.990068 0.115713 -0.079853
vn 0.995029 0.097597 -0.019825
vn -0.166323 0.984318 0.058773
vn -0.234250 0.971179 0.044025
vn -0.241446 0.970189 -0.020901
vn 0.444015 -0.895246 0.037231
vn 0.336611 -0.941639 -0.003176
vn 0.275300 -0.806013 0.523977
vn 0.028300 -0.998758 0.041018
vn 0.412839 -0.910792 -0.004731
vn 0.966969 0.059213 0.247921
vn 0.761142 0.490434 0.424427
vn 0.201893 -0.968495 0.145797
vn 0.228399 -0.965512 0.124981
vn 0.694148 0.710852 0.113355
vn 0.131505 0.979513 0.152515
vn 0.638462 0.767091 -0.062746
vn 0.475191 0.875810 0.084557
vn 0.065959 0.992801 0.099974
vn 0.371742 -0.922912 -0.100207
vn 0.449306 -0.856807 -0.252994
vn 0.559171 -0.827842 -0.044787
vn 0.230537 0.969554 0.082569
vn 0.668139 -0.735506 0.112341
vn 0.057276 0.996182 0.065882
vn 0.741707 -0.633285 0.220954
vn -0.069931 -0.984662 0.159845
vn -0.053154 -0.973481 0.222509
vn -0.214188 -0.972022 0.096423
vn -0.052877 -0.638227 0.768030
vn -0.039200 -0.823357 0.566168
vn 0.005993 -0.906194 0.422819
vn 0.378670 -0.894234 0.238652
vn 0.109474 -0.920613 0.374817
vn 0.318479 -0.934676 0.157964
vn 0.161985 -0.978494 0.127716
vn -0.203501 0.965214 0.164163
vn 0.783845 -0.382412 0.489232
vn -0.293954 0.955814 -0.003314
vn -0.233697 0.971728 -0.033628
vn -0.183973 0.982596 -0.025682
vn -0.084241 0.996207 -0.021795
vn 0.012752 0.999871 -0.009814
vn 0.024644 0.999672 -0.006996
vn 0.033616 0.998357 -0.046403
vn -0.073063 0.992635 -0.096633
vn -0.303580 0.945764 -0.115628
vn -0.618309 0.777681 -0.113600
vn -0.997413 0.003204 -0.071818
vn -0.373947 -0.927425 0.006851
vn -0.063420 -0.997977 0.004569
vn -0.007649 -0.999546 0.029162
vn 0.105240 -0.977086 0.185009
vn 0.133442 -0.972588 0.190434
vn 0.169772 -0.954837 0.243852
vn 0.356404 -0.818730 0.450175
vn 0.258754 -0.876141 0.406723
vn 0.212284 -0.893824 0.394986
vn 0.217083 -0.909902 0.353487
vn 0.444460 -0.888719 0.112396
vn 0.429397 -0.882083 0.193771
vn 0.404178 -0.909600 0.096272
vn 0.361801 -0.932239 0.005513
vn 0.261869 -0.958972 -0.108619
vn 0.169078 -0.985139 -0.030234
vn 0.066498 -0.991506 0.111774
vn 0.092021 -0.988689 0.118430
vn 0.081406 -0.996342 -0.025991
vn 0.134067 -0.984109 -0.116433
vn 0.115051 -0.984161 -0.134871
vn -0.088762 -0.994494 0.055705
vn -0.008130 -0.996610 -0.081874
vn 0.107277 -0.980486 -0.164739
vn -0.031220 -0.990700 0.132431
vn 0.054548 -0.992469 0.109678
vn 0.032589 -0.992694 0.116172
vn -0.035375 -0.969820 0.241242
vn -0.028169 -0.935895 0.351151
vn 0.050500 -0.888887 0.455335
vn 0.131848 -0.894158 0.427899
vn 0.118032 -0.905605 0.407367
vn 0.053629 -0.911649 0.407456
vn 0.035538 -0.933837 0.355930
vn 0.046613 -0.952209 0.301869
vn 0.111638 -0.979487 0.167755
vn 0.063042 -0.996166 0.060651
vn 0.019626 -0.998783 0.045241
vn 0.002901 -0.999996 -0.000571
vn 0.016950 -0.995819 -0.089762
vn 0.127478 -0.895721 0.425949
vn 0.036992 -0.892159 0.450205
vn 0.118191 -0.894136 0.431917
vn 0.173473 -0.929056 0.326745
vn 0.159227 -0.955619 0.247868
vn 0.118542 -0.981336 0.151418
vn 0.041446 -0.995680 0.083092
vn 0.056816 -0.997054 0.051539
vn -0.130414 -0.922690 0.362816
vn 0.290565 -0.775722 0.560203
vn 0.356047 -0.859959 0.365652
vn 0.174380 -0.941821 0.287341
vn 0.186059 -0.956660 0.224018
vn 0.078083 -0.987250 0.138713
vn 0.068194 -0.994718 0.076717
vn 0.149800 -0.988409 0.024669
vn -0.249124 -0.955410 0.158518
vn 0.141908 -0.980217 0.137977
vn 0.245396 -0.942726 0.225937
vn 0.197880 -0.940720 0.275482
vn 0.355708 -0.886594 0.295675
vn -0.195739 -0.968336 0.154957
vn 0.236847 -0.970137 0.052327
vn 0.208536 -0.971405 0.113516
vn 0.299932 -0.931251 0.206910
vn 0.228751 -0.945158 0.233129
vn 0.275604 -0.938254 0.209101
vn -0.151029 -0.986400 0.064849
vn -0.159350 -0.987207 0.005505
vn 0.274628 -0.955112 0.111091
vn 0.321740 -0.940075 0.112881
vn 0.332602 -0.931004 0.150359
vn 0.257277 -0.955653 0.143304
vn 0.299984 -0.940573 0.159157
vn 0.326944 -0.934855 0.138396
vn 0.308624 -0.937322 0.161802
vn 0.259087 -0.956838 0.131661
vn 0.195074 -0.975893 0.097877
vn 0.253677 -0.957361 0.138232
vn 0.199603 -0.979137 0.038077
vn 0.145074 -0.988579 0.040809
vn 0.186454 -0.975009 0.120801
vn 0.325655 -0.944942 0.032133
vn 0.372171 -0.926946 0.047535
vn -0.283657 0.952284 -0.112666
vn -0.576165 0.806680 -0.131533
vn -0.245860 0.969303 -0.002245
vn -0.329725 0.941483 -0.069938
vn -0.233937 0.971330 -0.042329
vn -0.145780 0.989311 0.003566
vn -0.106454 0.992384 -0.061985
vn -0.038039 0.999268 0.004161
vn 0.006699 0.998650 0.051501
vn 0.014767 0.997388 0.070705
vn -0.077037 0.995637 0.052661
vn -0.273484 0.957430 -0.092386
vn -0.524253 0.844608 -0.108609
vn -0.053498 0.983008 -0.175596
vn -0.199087 0.974757 -0.101063
vn -0.182428 0.983218 0.001312
vn -0.093258 0.993504 0.065212
vn -0.160909 0.985348 -0.056543
vn -0.112145 0.993689 -0.002382
vn -0.041214 0.997015 0.065294
vn -0.010488 0.993893 0.109848
vn -0.037661 0.994029 0.102411
vn -0.258903 0.964829 -0.045545
vn -0.483851 0.873604 -0.051996
vn 0.050560 0.998029 -0.037185
vn -0.033735 0.999424 0.003654
vn -0.069405 0.993767 0.087232
vn -0.038581 0.985793 0.163473
vn -0.199291 0.979328 -0.034639
vn -0.175371 0.984502 0.001094
vn -0.106941 0.992862 0.052810
vn -0.065833 0.991827 0.109298
vn -0.050580 0.985198 0.163791
vn -0.257214 0.966345 -0.004326
vn -0.443282 0.896366 -0.005289
vn -0.053100 0.968979 0.241371
vn -0.028773 0.982636 0.183301
vn -0.002939 0.986759 0.162167
vn 0.000446 0.986858 0.161590
vn -0.234725 0.971828 0.021351
vn -0.214154 0.975007 0.059164
vn -0.135626 0.987588 0.079222
vn -0.133490 0.986485 0.095019
vn -0.099190 0.986134 0.133048
vn -0.975144 0.221517 0.004923
vn -0.981085 0.188731 -0.043050
vn -0.994860 0.081031 -0.060731
vn -0.994412 -0.032882 -0.100317
vn 0.089812 0.990042 0.108405
vn 0.102684 0.983403 -0.149580
vn 0.656734 -0.482650 0.579439
vn 0.885265 -0.036467 0.463655
vn 0.218310 0.964048 -0.151502
vn 0.000361 0.981632 0.190782
vn -0.087247 0.938891 0.332973
vn 0.145069 0.983484 0.108232
vn 0.664927 0.682849 0.302639
vn 0.630569 0.723193 0.281736
vn 0.333865 0.881798 0.333117
vn 0.210048 0.903666 0.373186
vn 0.226782 -0.926520 0.300217
vn 0.444668 -0.892959 0.069969
vn 0.589110 -0.784096 -0.195302
vn 0.654031 -0.710166 -0.260592
vn 0.911128 0.242820 0.332994
vn 0.626530 0.777955 -0.047382
vn 0.921959 0.322957 0.213753
vn 0.677338 -0.707313 0.202290
vn 0.612617 -0.750498 0.247899
vn 0.318373 -0.838900 0.441458
vn -0.017535 -0.871173 0.490664
vn 0.519565 -0.792770 0.318697
vn -0.292360 -0.953053 0.078846
vn -0.370653 -0.920377 0.124590
vn -0.535748 -0.837776 0.105385
vn -0.589195 -0.801341 0.103446
vn -0.096200 -0.983209 0.155067
vn 0.106842 -0.979590 0.170262
vn 0.086912 -0.981724 0.169304
vn -0.081683 -0.979129 0.186104
vn -0.050029 -0.990768 0.126000
vn -0.064521 -0.981315 0.181267
vn -0.171186 -0.978562 0.114510
vn -0.101360 -0.983325 0.150989
vn 0.470568 -0.873267 0.126377
vn 0.475504 -0.868594 0.139431
vn 0.339326 -0.910066 0.237988
vn 0.045649 -0.953207 0.298851
vn 0.053942 -0.987570 0.147632
vn 0.165131 -0.985956 -0.024972
vn 0.356898 -0.902737 -0.240188
vn 0.423001 -0.866472 -0.265134
vn 0.352885 -0.927130 0.126103
vn 0.401581 -0.908348 0.116778
vn 0.417802 -0.896471 0.147584
vn 0.241236 -0.956003 0.166921
vn 0.106698 -0.989943 0.092888
vn 0.174438 -0.979174 -0.103870
vn 0.307602 -0.946718 0.095428
vn 0.245525 -0.967242 0.064498
vn 0.248430 -0.968391 0.022409
vn 0.314106 -0.949022 -0.026365
vn 0.191894 -0.981173 -0.021823
vn 0.179796 -0.982848 -0.041023
vn 0.183222 -0.982143 0.042720
vn 0.205792 -0.977779 0.039981
vn 0.284439 -0.958673 -0.006346
vn 0.236632 -0.971598 -0.001407
vn 0.393378 -0.917613 0.056921
vn 0.324690 -0.943758 0.062425
vn 0.257321 -0.961527 0.096189
vn 0.171070 -0.981916 0.081091
vn 0.426210 -0.889040 0.167194
vn 0.421323 -0.891236 0.167883
vn 0.318422 -0.942153 0.104671
vn 0.371650 -0.917412 0.142237
vn -0.140904 0.982285 0.123540
vn -0.236232 0.966512 0.100248
vn -0.159757 0.980637 0.113260
vn -0.246988 0.964925 0.088978
vn -0.174005 0.982498 0.066486
vn -0.228856 0.970788 0.072080
vn -0.185351 0.976857 0.106745
vn -0.199198 0.972327 0.122067
vn 0.267881 0.895362 0.355762
vn -0.127328 0.936923 0.325519
vn -0.157954 0.942696 0.293896
vn -0.151938 0.957774 0.244098
vn -0.079419 0.982946 0.165862
vn -0.028285 0.994429 0.101539
vn -0.128736 0.985924 0.106680
vn -0.102806 0.991639 0.077994
vn -0.591093 -0.805363 0.044723
vn -0.912526 0.395522 0.104205
vn -0.271624 0.961584 0.039702
vn -0.370494 0.928603 0.020745
vn -0.273252 0.958820 0.077448
vn -0.089559 -0.994663 0.051228
vn 0.087601 -0.992118 0.089603
vn 0.404258 -0.902117 0.150865
vn 0.453868 -0.883530 0.115666
vn 0.315918 -0.947956 0.039694
vn 0.222999 -0.973979 -0.040454
vn 0.248192 -0.960201 -0.128117
vn 0.471043 -0.865947 -0.168087
vn 0.682458 -0.719456 -0.128972
vn -0.313536 0.946425 0.077299
vn -0.338301 0.939723 0.049739
vn -0.887320 0.448276 -0.108222
vn -0.865219 -0.494841 -0.080796
vn -0.378484 0.925363 -0.021287
vn -0.074625 -0.996904 -0.024760
vn -0.267469 -0.959910 -0.083864
vn -0.796227 -0.560326 -0.228162
vn -0.932475 0.310474 -0.184652
vn -0.425738 0.904573 0.022259
vn -0.298770 0.949718 0.093654
vn -0.454804 0.888205 0.065158
vn -0.923313 0.373734 -0.088406
vn -0.266355 0.952298 0.148939
vn -0.493319 0.864105 0.099800
vn -0.933486 0.351954 -0.068794
vn -0.806888 -0.562107 -0.181570
vn -0.805635 -0.566146 -0.174444
vn -0.335291 -0.936817 -0.099767
vn -0.273054 -0.958969 -0.076293
vn -0.175588 -0.984225 -0.021705
vn -0.120632 -0.992287 -0.028546
vn -0.001993 -0.999963 0.008393
vn -0.032359 -0.998973 0.031729
vn 0.030500 -0.998567 0.043966
vn 0.452134 -0.889012 0.072340
vn 0.404859 -0.904008 0.137325
vn 0.392490 -0.902909 0.175232
vn 0.315074 -0.947358 0.056929
vn 0.374005 -0.920710 0.111420
vn 0.525448 -0.838692 0.143178
vn 0.544855 -0.835828 0.067272
vn 0.493170 -0.850058 0.184890
vn 0.358808 -0.925814 0.118853
vn 0.312714 -0.941914 0.122508
vn 0.271991 -0.951240 0.145476
vn 0.301138 -0.952719 0.040518
vn 0.557757 -0.811197 0.175687
vn 0.411033 -0.905651 0.104156
vn 0.312547 -0.949638 -0.022396
vn 0.712585 -0.700920 0.030559
vn 0.594859 -0.803753 0.011115
vn 0.502068 -0.864134 -0.034661
vn 0.704110 -0.710047 -0.007946
vn 0.699423 -0.714707 -0.001078
vn 0.639371 -0.767517 -0.046078
vn 0.488253 0.835441 0.252285
vn 0.586654 0.758122 0.284760
vn 0.637195 0.701378 0.319455
vn -0.090636 0.972205 0.215876
vn -0.031427 0.970210 0.240218
vn 0.004117 0.958263 0.285858
vn -0.180814 0.967520 0.176670
vn -0.294418 0.940236 0.171101
vn -0.386836 0.899979 0.200986
vn -0.226757 0.967608 0.110979
vn -0.326356 0.941673 0.082123
vn -0.405888 0.896658 0.176803
vn -0.173182 0.981069 0.086669
vn -0.190315 0.977032 0.095852
vn -0.210930 0.950878 0.226584
vn -0.072306 0.994004 0.082027
vn -0.106473 0.988283 0.109362
vn -0.161225 0.957215 0.240303
vn -0.064547 0.993278 0.096083
vn -0.044753 0.993450 0.105144
vn -0.104358 0.973068 0.205546
vn -0.084731 0.988751 0.123255
vn -0.069575 0.993122 0.094175
vn -0.100395 0.984028 0.146999
vn 0.507432 -0.587300 0.630549
vn 0.694198 -0.644239 0.321008
vn -0.414591 -0.850755 0.323002
vn -0.228404 -0.963892 0.136908
vn -0.196500 -0.974980 0.103934
vn -0.131147 -0.987440 0.088106
vn -0.116059 -0.991495 0.058896
vn -0.222417 -0.972950 0.062450
vn 0.086308 -0.995630 0.035651
vn 0.558540 -0.804899 0.200424
vn 0.445579 -0.883550 0.144220
vn 0.501461 -0.860180 0.092882
vn 0.531446 -0.833892 0.148960
vn 0.482916 -0.861967 0.154288
vn 0.718022 0.590244 0.368859
vn 0.454733 -0.889071 -0.052643
vn 0.781325 0.443615 0.439017
vn 0.330316 -0.942265 -0.055024
vn 0.856626 0.235454 0.459079
vn 0.251740 -0.965167 -0.071266
vn 0.877198 0.027208 0.479357
vn 0.205723 -0.977557 -0.045385
vn 0.658017 -0.748317 0.083876
vn 0.529991 -0.839419 0.120353
vn 0.749942 -0.656107 0.084317
vn 0.759490 -0.644104 0.091137
vn 0.900973 -0.358495 0.244397
vn 0.932666 -0.272158 0.236777
vn 0.817717 -0.509872 0.267151
vn 0.723595 -0.658676 0.206293
vn 0.284423 -0.944821 0.162531
vn 0.290589 -0.913999 0.283132
vn 0.630453 -0.668876 0.393871
vn 0.257732 -0.899050 0.353954
vn 0.832591 -0.515275 0.203185
vn 0.405947 -0.906583 0.115383
vn 0.885121 -0.463960 0.036089
vn 0.562211 -0.806504 -0.182948
vn -0.776381 -0.590801 -0.219514
vn -0.951751 0.291449 -0.096057
vn -0.739137 -0.589043 -0.326658
vn -0.950506 0.228785 -0.210230
vn 0.136920 -0.990344 0.021744
vn 0.193187 -0.938304 -0.286818
vn -0.466146 -0.855767 -0.224433
vn -0.541946 -0.785404 -0.299057
vn -0.583988 -0.647665 -0.489375
vn -0.469941 -0.748291 -0.468206
vn -0.662408 -0.624512 -0.413764
vn -0.629938 -0.463204 -0.623394
vn -0.939605 0.075547 -0.333819
vn -0.870839 0.083103 -0.484492
vn 0.122208 -0.952250 0.279795
vn 0.146537 -0.947288 0.284907
vn 0.210631 -0.966370 0.147528
vn -0.456569 -0.855363 -0.244744
vn -0.406048 -0.898335 -0.167688
vn -0.314153 -0.943741 -0.103248
vn -0.229383 -0.971184 -0.064695
vn 0.078684 -0.996716 0.019144
vn 0.167586 -0.982446 0.081939
vn 0.441584 -0.884278 0.151843
vn 0.467367 -0.877776 0.105253
vn 0.495400 -0.852785 0.165340
vn 0.352111 -0.899822 0.257563
vn 0.205425 -0.963695 0.170567
vn 0.149452 -0.986046 -0.073336
vn -0.026966 -0.999202 0.029462
vn 0.357168 -0.925261 0.127761
vn 0.007830 -0.994548 -0.103988
vn 0.487901 -0.872356 0.030794
vn 0.416119 -0.900659 0.125131
vn 0.441387 -0.897214 -0.013581
vn 0.475878 -0.858553 -0.190859
vn 0.159369 -0.941495 -0.296967
vn 0.567811 -0.809115 -0.151403
vn 0.085244 -0.931700 -0.353084
vn -0.560838 0.817211 0.132771
vn -0.655621 0.748566 0.099041
vn -0.764961 0.643465 0.028066
vn -0.824778 0.564795 -0.027354
vn 0.508095 0.605947 0.612101
vn 0.425500 0.774076 0.468781
vn 0.346515 0.853105 0.390050
vn 0.244744 0.917190 0.314425
vn 0.038549 0.857989 0.512219
vn 0.189693 0.681739 0.706575
vn -0.116733 0.939418 0.322284
vn -0.274604 0.934184 0.227801
vn -0.047306 0.736293 0.675007
vn 0.107663 0.514342 0.850800
vn -0.257924 0.863122 0.434162
vn -0.400683 0.874233 0.274174
vn -0.292205 0.914429 0.280066
vn -0.422211 0.822545 0.380995
vn -0.603018 0.706145 0.371119
vn -0.725521 0.625061 0.287956
vn -0.236724 0.888220 0.393734
vn -0.238319 0.907239 0.346586
vn -0.200165 0.878596 0.433594
vn -0.191530 0.840295 0.507169
vn -0.212334 0.833342 0.510348
vn -0.198474 0.864977 0.460893
vn -0.312687 0.661795 0.681361
vn -0.346835 0.741376 0.574514
vn -0.094843 0.758224 0.645059
vn -0.154093 0.676039 0.720574
vn -0.227430 0.619873 0.751022
vn -0.276173 0.609629 0.743022
vn -0.382799 0.504604 0.773848
vn -0.477637 0.605911 0.636188
vn 0.005963 0.608645 0.793420
vn -0.103331 0.562885 0.820051
vn -0.169751 0.516330 0.839397
vn -0.289881 0.480823 0.827513
vn -0.452515 0.492569 0.743375
vn -0.602735 0.575206 0.553036
vn 0.032925 0.434600 0.900022
vn -0.085455 0.425869 0.900740
vn -0.152364 0.430759 0.889512
vn -0.302715 0.451009 0.839615
vn -0.447652 -0.576303 -0.683727
vn 0.124269 -0.808507 -0.575216
vn -0.548415 -0.418433 -0.723985
vn -0.582525 -0.236854 -0.777538
vn -0.807384 0.182699 -0.561028
vn -0.859100 0.504667 -0.085198
vn -0.789393 0.561655 0.247793
vn 0.177806 0.328436 0.927639
vn 0.038972 0.332772 0.942202
vn 0.187530 0.267337 0.945179
vn 0.042736 0.346380 0.937120
vn 0.196952 0.260455 0.945184
vn 0.029507 0.364331 0.930802
vn -0.519158 -0.411796 -0.748931
vn 0.015319 -0.761538 -0.647939
vn -0.569386 -0.247595 -0.783898
vn -0.624974 -0.120045 -0.771360
vn -0.844128 0.163434 -0.510624
vn -0.925506 0.375400 -0.050142
vn -0.849305 0.439255 0.292807
vn -0.648249 -0.323404 -0.689335
vn -0.154335 -0.689143 -0.707999
vn -0.664349 -0.237845 -0.708569
vn -0.729190 -0.163942 -0.664384
vn -0.901492 0.037631 -0.431156
vn -0.970422 0.236417 -0.048860
vn -0.895559 0.335594 0.292149
vn 0.571961 -0.764412 -0.297549
vn 0.461225 -0.820840 -0.336889
vn 0.393734 -0.793341 -0.464310
vn 0.420976 -0.866092 -0.269562
vn 0.344447 -0.891562 -0.294063
vn 0.404199 -0.809142 -0.426513
vn 0.303703 -0.952756 0.004522
vn 0.819147 -0.213664 0.532302
vn 0.396338 -0.911991 0.105779
vn 0.742920 -0.367844 0.559250
vn 0.453434 -0.890622 0.034510
vn 0.744511 -0.511329 0.429239
vn 0.728849 -0.208783 0.652065
vn 0.661768 -0.041701 0.748548
vn 0.664429 0.229684 0.711182
vn 0.383444 -0.915124 0.124570
vn 0.455677 -0.890007 -0.015688
vn 0.443268 -0.885575 0.138820
vn 0.567994 -0.822957 0.011187
vn 0.656097 -0.710435 0.254595
vn 0.787452 -0.551119 0.276019
vn 0.679673 -0.733418 -0.011964
vn 0.600140 -0.791036 -0.118716
vn 0.824397 -0.565882 -0.012152
vn 0.176194 -0.926486 -0.332534
vn 0.254075 -0.894900 -0.366880
vn 0.381864 -0.784260 -0.488995
vn 0.284562 -0.873050 -0.395990
vn 0.378878 -0.828755 -0.411845
vn 0.403076 -0.765037 -0.502243
vn 0.594661 -0.740264 -0.313668
vn 0.519147 -0.795811 -0.311724
vn 0.385071 -0.865620 -0.320034
vn 0.447895 0.255495 0.856804
vn 0.369796 0.470436 0.801212
vn 0.276016 0.392457 0.877378
vn 0.303834 0.218750 0.927272
vn 0.606248 -0.124174 0.785522
vn 0.491885 0.053552 0.869011
vn 0.329167 0.168768 0.929068
vn 0.372090 0.076243 0.925060
vn -0.518374 0.516330 0.681683
vn -0.675583 0.552226 0.488501
vn -0.091264 0.363039 0.927294
vn -0.196396 0.411401 0.890044
vn -0.350810 0.471181 0.809272
vn -0.555073 0.485966 0.675078
vn -0.721533 0.459260 0.518141
vn -0.104518 0.402481 0.909442
vn -0.247876 0.452284 0.856736
vn -0.401093 0.487102 0.775794
vn -0.564450 0.457727 0.686937
vn -0.736794 0.409336 0.538126
vn -0.133863 0.445173 0.885382
vn -0.273938 0.482018 0.832236
vn -0.419286 0.477940 0.771863
vn 0.178457 0.217784 0.959543
vn 0.216883 -0.883955 -0.414228
vn 0.410817 -0.669568 -0.618796
vn 0.259465 -0.870720 -0.417763
vn 0.467745 -0.642781 -0.606668
vn 0.496081 -0.623379 -0.604402
vn 0.292268 -0.738108 -0.608092
vn 0.421816 -0.625862 -0.656024
vn 0.258749 -0.602686 -0.754863
vn -0.175592 -0.562777 -0.807744
vn -0.120192 -0.470742 -0.874046
vn -0.692335 -0.293285 -0.659285
vn -0.658111 -0.279110 -0.699277
vn -0.726935 -0.260319 -0.635453
vn -0.690089 -0.273533 -0.670043
vn 0.027963 0.357528 0.933484
vn -0.102038 0.444265 0.890066
vn -0.096902 0.454859 0.885276
vn -0.204501 0.483122 0.851336
vn -0.190864 0.474969 0.859055
vn -0.284680 0.493423 0.821883
vn -0.308909 0.508503 0.803741
vn -0.437020 0.535541 0.722641
vn -0.418325 0.497353 0.760029
vn -0.574966 0.489702 0.655444
vn -0.597660 0.537331 0.595044
vn -0.749213 0.458676 0.477803
vn -0.769089 0.503409 0.393803
vn -0.915072 0.354786 0.191753
vn -0.916199 0.387621 0.101629
vn -0.970096 0.193898 -0.146006
vn -0.960163 0.180223 -0.213555
vn -0.898461 -0.007416 -0.438990
vn -0.882580 -0.047782 -0.467728
vn -0.770543 -0.197269 -0.606093
vn -0.757122 -0.216613 -0.616316
vn -0.999591 -0.000104 0.028612
vn -0.956119 -0.266683 -0.121312
vn -0.636175 0.498470 0.588904
vn -0.805492 0.438663 0.398443
vn -0.942380 0.277927 0.186218
vn -0.083874 0.390995 0.916563
vn -0.231067 0.426521 0.874465
vn -0.353587 0.478985 0.803461
vn -0.479126 0.503815 0.718755
vn 0.034739 0.370694 0.928105
vn 0.173801 0.241911 0.954606
vn 0.390631 -0.013993 0.920441
vn 0.627313 -0.233175 0.743040
vn 0.738018 -0.327299 0.590089
vn 0.556768 -0.776872 0.294075
vn 0.428179 -0.903298 0.026754
vn 0.480705 -0.870918 -0.102105
vn 0.289915 -0.934874 -0.204842
vn 0.053901 -0.957959 -0.281797
vn -0.043831 -0.813917 -0.579325
vn -0.547783 -0.579925 -0.603010
vn -0.867839 -0.409744 -0.281008
vn -0.406140 0.219356 0.887093
vn -0.622565 0.007008 0.782537
vn -0.678183 -0.268700 0.684009
vn -0.674217 -0.136803 0.725752
vn 0.479057 -0.295936 0.826393
vn -0.026455 -0.986101 0.164028
vn 0.210712 -0.969652 0.123997
vn 0.113300 -0.993561 0.000836
vn 0.252361 -0.941745 0.222330
vn -0.157885 -0.984886 -0.071216
vn -0.592359 -0.787369 0.170767
vn -0.464267 -0.882991 -0.069162
vn -0.760324 -0.602709 0.242177
vn -0.665062 -0.733891 -0.138192
vn -0.836699 -0.414484 0.357963
vn -0.780868 -0.339470 0.524410
vn -0.906953 -0.186403 0.377743
vn -0.790083 -0.225005 0.570212
vn -0.885817 0.034967 0.462715
vn -0.775959 -0.069219 0.626975
vn 0.441961 -0.810937 0.383474
vn 0.657581 -0.417245 0.627291
vn 0.554184 -0.472289 0.685437
vn 0.504979 -0.479978 0.717369
vn 0.595793 -0.381450 0.706772
vn 0.451306 -0.251627 0.856158
vn 0.465333 -0.144890 0.873196
vn 0.291677 0.140090 0.946202
vn 0.254807 0.157355 0.954103
vn 0.094497 0.319106 0.942996
vn 0.177836 0.287236 0.941207
vn -0.795652 0.220896 0.564042
vn -0.707639 0.090766 0.700721
vn -0.017737 0.457920 0.888816
vn 0.084341 0.406455 0.909770
vn 0.038587 0.338047 0.940338
vn -0.027883 0.321759 0.946411
vn -0.515737 0.264123 0.815018
vn -0.622592 0.353764 0.698019
vn -0.312924 0.374501 0.872827
vn -0.189834 0.413004 0.890725
vn -0.115272 0.448358 0.886390
vn -0.440759 0.430265 0.787785
vn -0.316802 0.461066 0.828888
vn -0.213227 0.429782 0.877395
vn -0.902111 0.431341 0.011824
vn -0.852819 0.519956 0.048433
vn -0.825217 0.563677 0.035855
vn -0.904759 0.425188 0.025017
vn -0.961087 0.275209 0.023898
vn -0.368982 0.927577 -0.058769
vn -0.397732 0.891044 -0.218747
vn -0.345792 0.870638 -0.349883
vn -0.171964 0.881841 -0.439073
vn -0.002440 0.880089 -0.474802
vn 0.881890 -0.441758 -0.164679
vn 0.904647 -0.419286 -0.076248
vn 0.906814 -0.421501 -0.004961
vn 0.849710 -0.525174 -0.046743
vn 0.685575 -0.673346 -0.276754
vn -0.727574 -0.682588 -0.068626
vn -0.661619 -0.749777 0.009716
vn -0.666780 -0.742592 0.062939
vn -0.695775 -0.708192 0.119840
vn -0.714957 -0.685563 0.137262
vn -0.917813 0.382190 -0.107469
vn -0.264402 0.964362 -0.009883
vn -0.025435 0.997789 0.061405
vn 0.021389 0.986548 0.162069
vn 0.063716 0.988683 0.135816
vn 0.070637 0.995946 0.055697
vn 0.011293 0.994784 0.101380
vn -0.010003 0.997095 -0.075511
vn 0.248305 0.874169 -0.417341
vn 0.300309 0.658367 -0.690193
vn 0.315994 -0.908063 -0.274899
vn 0.145616 -0.867921 -0.474877
vn 0.271284 -0.702352 -0.658109
vn 0.020303 0.992429 -0.121128
vn 0.326093 0.942240 -0.076469
vn 0.522394 -0.651847 -0.549727
vn 0.592921 -0.635487 -0.494571
vn 0.680947 -0.205745 -0.702838
vn 0.360734 -0.833729 -0.418050
vn 0.586212 -0.194980 -0.786345
vn 0.137608 0.990288 0.019819
vn 0.066171 0.994106 0.085877
vn 0.063429 0.980964 0.183536
vn 0.255006 0.966241 0.036752
vn 0.553167 -0.260675 -0.791236
vn 0.236147 -0.900158 -0.365992
vn 0.290438 -0.869724 -0.399032
vn 0.619376 -0.780266 -0.086937
vn 0.666282 -0.743960 0.050908
vn -0.073944 -0.993626 0.085088
vn -0.117290 -0.990063 0.077582
vn 0.090824 -0.992728 0.079003
vn 0.115945 -0.992020 0.049530
vn 0.530603 -0.846688 -0.039763
vn 0.555333 -0.829827 0.054701
vn 0.230846 -0.968932 0.088777
vn 0.287886 -0.956307 0.050980
vn 0.203407 -0.973833 0.101364
vn 0.227179 -0.963005 0.144954
vn 0.189430 -0.980228 0.057176
vn 0.167386 -0.984566 0.051112
vn 0.015803 -0.997126 0.074092
vn 0.016841 -0.996158 0.085934
vn 0.098314 0.917564 0.385242
vn 0.054826 0.741718 0.668468
vn 0.483524 0.849990 0.209097
vn 0.083548 0.690803 0.718200
vn 0.143151 0.925419 0.350868
vn -0.083440 0.957869 0.274817
vn -0.071774 0.736160 0.672992
vn 0.015867 0.937775 0.346881
vn -0.074244 0.952259 0.296127
vn 0.432878 0.111971 -0.894471
vn 0.155894 0.349139 -0.924013
vn 0.135030 0.475667 -0.869199
vn 0.457685 0.373327 -0.806940
vn -0.078679 0.902768 0.422870
vn 0.531052 0.111718 -0.839942
vn -0.173907 0.905283 0.387580
vn 0.384416 -0.155087 -0.910040
vn 0.251507 -0.238275 -0.938067
vn -0.154151 0.886939 0.435403
vn 0.110778 -0.232603 -0.966242
vn -0.139686 0.837097 0.528921
vn -0.292948 0.787579 0.542126
vn 0.035879 -0.159263 -0.986584
vn -0.144813 -0.415724 -0.897888
vn -0.496663 0.791653 0.355824
vn -0.322729 -0.681169 -0.657157
vn -0.699847 0.714275 0.005078
vn -0.536921 -0.702182 -0.467607
vn -0.883669 0.352520 -0.307993
vn -0.756589 -0.625754 -0.189751
vn -0.347469 0.914451 -0.207471
vn -0.258965 0.964598 0.049871
vn -0.346110 0.838354 0.421154
vn -0.245808 0.837674 0.487729
vn -0.167268 0.870311 0.463228
vn -0.215852 0.866623 0.449859
vn -0.146417 0.945164 0.291938
vn -0.125521 0.989047 -0.077657
vn -0.144009 0.981028 0.129791
vn 0.632010 -0.750349 0.193753
vn 0.500223 -0.836326 0.224358
vn 0.303926 -0.940646 0.151041
vn 0.079052 -0.986239 0.145204
vn 0.081639 -0.995046 -0.056733
vn 0.176869 -0.943336 -0.280776
vn 0.303792 -0.910679 -0.279956
vn 0.401677 -0.892859 -0.203616
vn 0.124504 -0.984538 -0.123222
vn 0.095654 -0.989118 -0.111783
vn 0.134335 -0.981863 -0.133789
vn -0.100146 -0.992821 0.065399
vn -0.164499 -0.986206 -0.018367
vn -0.199687 -0.974335 -0.103905
vn -0.084634 -0.974974 -0.205581
vn 0.008756 -0.910051 -0.414404
vn 0.069713 -0.802828 -0.592121
vn 0.126394 -0.633736 -0.763154
vn 0.257959 -0.116484 -0.959108
vn 0.405708 -0.325811 -0.853960
vn 0.147156 0.001879 -0.989112
vn 0.186700 -0.027074 -0.982044
vn 0.306716 -0.197815 -0.931018
vn 0.367609 -0.361590 -0.856806
vn 0.305594 -0.464944 -0.830927
vn 0.211365 -0.487409 -0.847206
vn 0.140267 -0.473128 -0.869756
vn 0.153957 -0.445086 -0.882154
vn 0.247644 -0.815355 -0.523325
vn 0.114507 -0.968999 -0.218928
vn 0.090617 -0.675152 -0.732092
vn 0.014386 -0.648626 -0.760972
vn -0.039523 -0.677356 -0.734593
vn 0.012917 -0.740362 -0.672084
vn 0.161241 -0.786147 -0.596636
vn 0.215593 -0.756087 -0.617942
vn 0.170383 -0.734512 -0.656858
vn 0.150503 -0.701735 -0.696360
vn -0.005953 -0.969209 -0.246169
vn -0.106529 -0.908676 -0.403683
vn -0.057429 -0.908851 -0.413148
vn -0.059314 -0.826521 -0.559773
vn 0.076240 -0.862227 -0.500752
vn 0.175786 -0.899691 -0.399568
vn 0.173153 -0.881621 -0.439048
vn 0.152379 -0.843698 -0.514737
vn 0.099593 -0.988520 0.113618
vn 0.197446 -0.965824 0.167926
vn 0.177963 -0.982851 0.048304
vn 0.042840 -0.997796 0.050670
vn 0.092606 -0.992705 0.077209
vn 0.447841 -0.890863 0.076176
vn 0.390721 -0.919645 0.039866
vn 0.541135 -0.819961 0.186647
vn 0.492580 -0.855142 0.161545
vn 0.167057 -0.983492 0.069542
vn -0.011279 -0.998669 0.050340
vn 0.063454 -0.995814 0.065788
vn 0.125215 -0.991876 0.022456
vn 0.112934 -0.993512 0.013423
vn 0.077057 -0.976949 -0.199082
vn 0.090681 -0.979345 -0.180722
vn 0.021667 -0.999205 -0.033474
vn -0.080854 -0.981985 -0.170788
vn 0.152290 -0.898469 -0.411778
vn 0.117957 -0.963620 -0.239839
vn 0.149109 -0.891112 -0.428586
vn 0.094978 -0.942201 -0.321304
vn 0.064349 -0.924356 -0.376066
vn -0.015186 -0.968534 -0.248417
vn 0.057190 -0.943793 -0.325553
vn 0.063324 -0.969747 -0.235756
vn 0.193269 -0.960994 -0.197834
vn 0.111593 -0.965093 -0.236942
vn 0.137572 -0.989417 -0.046139
vn 0.047567 -0.993945 -0.099046
vn 0.214858 -0.968607 -0.125049
vn 0.158167 -0.986422 -0.044210
vn 0.142313 -0.989359 0.030272
vn 0.465537 -0.869821 0.163358
vn 0.320916 -0.944519 0.069984
vn 0.409536 -0.908878 0.078871
vn 0.326753 -0.938275 -0.113459
vn 0.175670 -0.984434 0.005383
vn 0.211628 -0.970238 -0.117691
vn 0.115846 -0.982984 -0.142555
vn 0.114343 -0.989370 -0.089849
vn 0.090360 -0.991010 -0.098660
vn 0.115690 -0.990249 -0.077613
vn 0.069646 -0.997452 0.015461
vn 0.080181 -0.993276 -0.083506
vn 0.106554 -0.987686 -0.114554
vn 0.134301 -0.990412 -0.032356
vn 0.060528 -0.994745 0.082570
vn 0.133758 -0.990251 0.038874
vn 0.029303 -0.997765 0.060056
vn 0.008774 -0.996208 0.086563
vn 0.085392 -0.996223 0.015737
vn 0.031821 -0.999144 -0.026438
vn -0.082042 -0.993905 0.073637
vn 0.142142 -0.989169 0.036606
vn 0.141724 -0.984304 0.105162
vn 0.081885 -0.988275 0.128868
vn -0.161506 -0.984378 0.070119
vn -0.237183 -0.961584 0.138204
vn -0.310267 -0.929487 0.199470
vn -0.745933 -0.649112 0.149124
vn -0.804523 -0.574709 0.149841
vn -0.887809 -0.420203 0.187681
vn -0.979826 0.191283 0.057897
vn -0.979508 0.192087 0.060554
vn -0.941994 0.316467 0.111789
vn 0.318508 -0.947821 0.013740
vn 0.363452 -0.931562 -0.009750
vn 0.433804 -0.898000 -0.073549
vn 0.272412 -0.960524 0.056442
vn 0.353394 -0.932958 0.068567
vn 0.439655 -0.898112 0.009892
vn 0.344790 -0.937239 0.051989
vn 0.277532 -0.957497 0.078585
vn 0.220610 -0.970163 0.100572
vn 0.236111 -0.971359 -0.026696
vn 0.082713 -0.993163 0.082379
vn 0.422961 -0.905147 -0.042573
vn 0.171774 -0.978101 -0.117528
vn 0.075369 -0.997070 0.013110
vn 0.451541 -0.882519 -0.131418
vn 0.625586 -0.748228 -0.220902
vn 0.841161 -0.399182 -0.364832
vn 0.721582 -0.538785 -0.434776
vn 0.550807 -0.796730 -0.248664
vn -0.149434 0.970535 0.189025
vn -0.055735 0.935440 0.349064
vn 0.052656 0.936965 0.345432
vn 0.163859 0.961800 0.219298
vn 0.386702 -0.881285 -0.271659
vn 0.307094 -0.912744 -0.269428
vn 0.243321 0.959982 0.138668
vn 0.300177 -0.919723 -0.252988
vn 0.238701 -0.941231 -0.238970
vn 0.378538 -0.891744 -0.247997
vn 0.302419 0.953175 -0.000339
vn 0.474089 -0.871351 -0.126439
vn 0.345818 0.926757 -0.146738
vn -0.547397 0.835515 -0.047660
vn -0.543931 0.831912 -0.109825
vn -0.525541 0.842984 -0.114828
vn -0.354751 0.924625 -0.138637
vn -0.337888 0.929880 -0.145446
vn -0.346937 0.930853 -0.114658
vn -0.168793 0.973220 -0.156048
vn -0.191229 0.967342 -0.166379
vn -0.245051 0.954452 -0.170211
vn 0.108082 0.968840 -0.222860
vn 0.043921 0.976548 -0.210771
vn -0.011492 0.968906 -0.247162
vn 0.098428 0.995141 0.002444
vn 0.125750 0.983797 -0.127789
vn 0.070625 0.986738 0.146154
vn -0.030530 0.989051 0.144386
vn -0.114552 0.979192 0.167512
vn -0.251844 0.938623 0.235714
vn -0.375958 0.907690 0.186428
vn -0.263121 0.960263 -0.093072
vn -0.347670 0.935698 0.059959
vn -0.088891 0.985032 -0.147682
vn -0.178738 0.983866 0.007775
vn 0.249397 0.918932 -0.305557
vn 0.005171 0.970522 -0.240957
vn 0.042014 0.989946 -0.135064
vn -0.025788 0.998435 -0.049623
vn 0.024571 0.986492 -0.161959
vn 0.103446 0.977810 -0.182169
vn 0.154993 0.960391 -0.231573
vn 0.130731 0.959769 -0.248501
vn 0.188895 0.948253 -0.255214
vn -0.951452 -0.274863 0.138526
vn -0.413883 -0.891722 0.183119
vn 0.004595 -0.991177 0.132469
vn -0.157138 -0.983341 0.091374
vn -0.018446 -0.998359 -0.054219
vn 0.463642 -0.872323 -0.155205
vn 0.500187 -0.859470 -0.105473
vn 0.235280 -0.971175 0.038235
vn 0.053554 -0.990543 0.126321
vn 0.102736 -0.982225 0.157096
vn 0.468759 -0.877095 0.104732
vn 0.383268 0.890523 -0.245100
vn 0.440034 -0.865255 0.240217
vn 0.370284 0.866147 -0.335676
vn 0.357877 0.832349 -0.423225
vn 0.374806 -0.909969 0.177416
vn 0.529142 0.705272 -0.471806
vn 0.260131 -0.929829 0.260289
vn 0.213290 -0.903085 0.372752
vn 0.576919 0.652840 -0.490881
vn 0.056497 -0.936169 0.346981
vn 0.747033 0.409682 -0.523548
vn -0.063115 -0.952637 0.297488
vn 0.906547 -0.004127 -0.422084
vn 0.069053 -0.995830 0.059609
vn 0.827402 -0.337738 -0.448708
vn 0.134874 0.964121 -0.228648
vn 0.097007 0.943735 -0.316156
vn 0.082277 0.915938 -0.392796
vn 0.129000 0.903739 -0.408184
vn 0.096305 0.888517 -0.448624
vn 0.168939 0.836179 -0.521790
vn 0.419012 0.626839 -0.656888
vn 0.581491 0.215294 -0.784549
vn 0.246324 -0.945884 0.211253
vn 0.384045 -0.906802 0.173840
vn 0.390768 -0.883187 0.259386
vn 0.349255 -0.868265 0.352331
vn 0.239861 -0.895278 0.375426
vn 0.120861 -0.957869 0.260536
vn 0.135907 -0.988733 -0.062741
vn 0.166022 -0.982318 0.086538
vn 0.367268 -0.927924 0.063805
vn 0.563671 -0.816065 0.127724
vn 0.709961 -0.697633 0.096249
vn 0.792877 -0.592262 0.143429
vn 0.724092 -0.684851 0.081668
vn 0.495553 -0.843048 -0.209040
vn 0.266865 -0.963024 -0.036983
vn 0.311988 -0.950048 -0.008562
vn 0.423215 -0.904394 0.054409
vn 0.575335 -0.815389 -0.064269
vn 0.780537 -0.621254 0.069324
vn 0.805050 -0.561428 0.191553
vn 0.601034 -0.799106 -0.013694
vn 0.520680 -0.841348 -0.145004
vn 0.524087 -0.847402 -0.085101
vn 0.507462 -0.860965 -0.034954
vn 0.457407 -0.883352 -0.102320
vn 0.529845 -0.835284 0.146851
vn 0.546196 -0.718632 0.430393
vn 0.420032 -0.863208 0.280081
vn 0.511992 -0.706117 0.489146
vn 0.536715 -0.816377 0.213228
vn 0.409457 -0.815469 0.409091
vn 0.576660 -0.795083 -0.187902
vn 0.638281 -0.759458 -0.125782
vn 0.653011 -0.753863 -0.072585
vn 0.573476 -0.816227 -0.069984
vn 0.341921 -0.917572 -0.202860
vn -0.062686 -0.995669 -0.068652
vn 0.417743 -0.893163 -0.166583
vn 0.507865 -0.853782 -0.114584
vn 0.592849 -0.803321 -0.056611
vn 0.622485 -0.782630 -0.001831
vn 0.662002 -0.716759 0.219110
vn 0.676774 -0.603922 0.421017
vn 0.622517 -0.650354 0.435330
vn -0.099618 -0.994917 -0.014686
vn -0.036716 -0.999051 0.023428
vn 0.040845 -0.995586 0.084502
vn 0.133118 -0.976947 0.166896
vn 0.246389 -0.888347 0.387469
vn 0.313465 -0.760380 0.568825
vn 0.339466 -0.742511 0.577443
vn -0.462211 -0.876149 0.136837
vn -0.414250 -0.905150 0.095401
vn -0.198843 -0.967013 0.159212
vn -0.399386 -0.709720 0.580334
vn -0.385116 -0.686156 0.617150
vn -0.370455 -0.785714 0.495395
vn -0.413830 -0.872883 0.258496
vn -0.463768 -0.868021 0.177367
vn -0.478659 -0.862759 0.162887
vn -0.474684 -0.650508 0.592887
vn -0.373942 -0.673399 0.637732
vn -0.359312 -0.748045 0.557964
vn -0.383233 -0.885238 0.263602
vn -0.366131 -0.918154 0.151463
vn -0.294229 -0.939303 0.176461
vn -0.974435 -0.205665 0.090432
vn -0.449668 -0.871213 0.196945
vn -0.274132 -0.628749 0.727685
vn -0.212252 -0.718363 0.662498
vn -0.571156 -0.378156 0.728546
vn -0.524729 -0.505441 0.684973
vn -0.888126 0.012920 0.459418
vn -0.868293 0.014795 0.495831
vn -0.876958 -0.030180 0.479618
vn -0.495291 -0.628322 0.599916
vn -0.462959 -0.847023 0.261192
vn -0.980564 -0.110936 0.161823
vn -0.040036 -0.984416 0.171235
vn -0.480347 -0.795025 0.370408
vn -0.949526 -0.016801 0.313237
vn -0.491051 -0.716207 0.495900
vn -0.904546 -0.005447 0.426342
vn -0.243752 -0.783392 0.571736
vn -0.275642 -0.895622 0.349118
vn -0.195068 -0.955888 0.219605
vn -0.100940 -0.974333 0.201213
vn -0.947258 0.303728 0.102233
vn -0.905965 0.404766 0.124062
vn -0.879510 0.457313 0.131632
vn -0.876287 0.468977 0.110372
vn -0.878872 0.470065 0.081386
vn -0.882853 0.469338 0.017099
vn -0.873285 0.482329 -0.068784
vn -0.884647 0.465378 0.028698
vn -0.484911 0.869187 -0.096824
vn -0.467894 0.863839 -0.186702
vn -0.521255 0.830828 -0.194982
vn -0.565219 0.803313 -0.187658
vn -0.604878 0.766010 -0.217604
vn -0.685028 0.677505 -0.267813
vn -0.774751 0.571409 -0.270651
vn -0.849578 0.470133 -0.239151
vn -0.334122 0.935871 -0.111838
vn -0.278126 0.952123 -0.126918
vn -0.042979 0.977970 -0.204275
vn 0.225813 0.939946 -0.255949
vn 0.147413 0.962493 -0.227763
vn 0.040059 0.977627 -0.206497
vn -0.302716 0.934235 -0.188597
vn -0.254789 0.958794 -0.125687
vn -0.053083 0.990595 -0.126110
vn 0.194837 0.957235 -0.213868
vn 0.127083 0.949300 -0.287539
vn 0.017703 0.952926 -0.302686
vn -0.658781 0.565227 -0.496515
vn -0.607922 0.588882 -0.532587
vn -0.504257 0.678148 -0.534641
vn -0.390858 0.820392 -0.417357
vn -0.326730 0.889336 -0.319890
vn -0.303838 0.910144 -0.281639
vn -0.337059 0.625018 -0.704091
vn -0.352864 0.593554 -0.723313
vn -0.326839 0.631949 -0.702721
vn -0.241343 0.798345 -0.551723
vn -0.168974 0.910883 -0.376484
vn -0.187741 0.949576 -0.251113
vn -0.149026 0.584025 -0.797939
vn -0.117603 0.604969 -0.787516
vn -0.132022 0.626679 -0.768013
vn -0.101134 0.771002 -0.628751
vn -0.042906 0.920184 -0.389127
vn -0.040852 0.980874 -0.190309
vn -0.148257 0.475841 -0.866946
vn -0.065531 0.584117 -0.809020
vn -0.038069 0.642723 -0.765152
vn -0.026013 0.772230 -0.634810
vn 0.020287 0.920494 -0.390230
vn 0.102390 0.968121 -0.228600
vn 0.048384 0.348383 -0.936103
vn 0.067749 0.527516 -0.846840
vn 0.047881 0.663609 -0.746546
vn 0.022298 0.822064 -0.568959
vn 0.007092 0.928387 -0.371547
vn 0.051671 0.945798 -0.320617
vn 0.237144 0.352612 -0.905222
vn 0.188558 0.647439 -0.738424
vn 0.064221 0.778578 -0.624253
vn -0.011273 0.886263 -0.463046
vn -0.016627 0.933366 -0.358541
vn -0.002033 0.928877 -0.370384
vn -0.572849 -0.378146 0.727220
vn -0.851454 -0.092315 0.516241
vn -0.665376 -0.372926 0.646684
vn -0.845789 -0.078151 0.527762
vn -0.811231 -0.333892 0.480022
vn -0.915319 -0.055299 0.398916
vn -0.964039 0.236858 0.120530
vn -0.949076 0.266940 0.167324
vn -0.963970 0.227426 0.137982
vn -0.897819 0.388841 -0.206697
vn -0.867783 0.457553 -0.193902
vn -0.879791 0.427024 -0.208848
vn 0.658289 -0.210587 -0.722710
vn 0.733695 -0.481060 -0.479867
vn 0.706509 -0.556971 -0.436609
vn 0.668711 -0.368891 -0.645558
vn 0.843062 -0.303811 -0.443785
vn 0.846118 -0.435976 -0.306610
vn 0.403288 -0.906192 -0.127182
vn 0.546792 -0.796801 -0.257152
vn 0.729669 -0.620136 -0.288124
vn 0.469659 -0.233073 -0.851526
vn 0.424114 -0.022646 -0.905326
vn 0.607115 -0.334771 -0.720652
vn 0.811545 -0.186954 -0.553573
vn 0.267377 0.021994 -0.963341
vn -0.672522 0.546088 -0.499501
vn -0.384631 0.554704 -0.737809
vn -0.287275 0.429665 -0.856073
vn -0.231422 0.312031 -0.921456
vn -0.025567 0.214397 -0.976412
vn 0.108652 0.087496 -0.990222
vn 0.227056 -0.091266 -0.969596
vn 0.290444 -0.928344 -0.231991
vn 0.428766 -0.867789 -0.251200
vn 0.569357 -0.793331 -0.215545
vn -0.629122 -0.492559 0.601324
vn -0.730066 -0.469786 0.496291
vn -0.445562 -0.535882 0.717151
vn -0.374117 -0.688608 0.621173
vn -0.582721 -0.568301 0.580922
vn -0.608094 -0.529690 0.591312
vn -0.246218 -0.645566 0.722926
vn -0.560355 -0.578489 0.592751
vn -0.205443 -0.697541 0.686462
vn 0.210319 -0.727335 0.653261
vn -0.027400 -0.802361 0.596209
vn 0.309503 -0.738510 0.599008
vn 0.126256 -0.880486 0.456951
vn -0.172578 -0.900693 0.398708
vn 0.460554 -0.771576 0.438817
vn 0.411891 -0.911091 0.016112
vn 0.400385 -0.901013 -0.166934
vn 0.278289 -0.960202 -0.023821
vn 0.287295 -0.925160 -0.248073
vn 0.190511 -0.978785 0.075404
vn 0.183011 -0.975686 -0.120602
vn 0.320730 -0.895742 -0.307859
vn 0.327259 -0.935738 -0.131515
vn 0.211193 -0.925070 0.315662
vn 0.230077 -0.967019 0.109265
vn -0.024789 -0.964307 0.263624
vn 0.067896 -0.995482 0.066378
vn -0.135216 -0.957164 0.256034
vn 0.055247 -0.988072 0.143739
vn 0.165125 -0.083264 -0.982752
vn 0.350324 -0.206431 -0.913597
vn 0.163034 0.099412 -0.981599
vn 0.470839 0.018958 -0.882016
vn 0.559363 -0.266625 -0.784872
vn 0.723366 -0.043702 -0.689080
vn -0.680280 0.532265 -0.503898
vn -0.745340 0.423177 -0.515159
vn -0.496000 0.471264 -0.729311
vn -0.602303 0.381847 -0.701017
vn -0.410895 0.333995 -0.848300
vn -0.478704 0.327245 -0.814710
vn -0.266115 0.240742 -0.933395
vn -0.282189 0.264615 -0.922143
vn -0.085132 0.166103 -0.982427
vn -0.101154 0.207942 -0.972897
vn 0.016888 0.066994 -0.997610
vn -0.011942 0.170768 -0.985239
vn 0.855462 -0.307940 -0.416364
vn 0.870154 -0.397052 -0.291860
vn 0.763995 -0.519516 -0.382641
vn 0.756900 -0.399100 -0.517514
vn 0.808414 -0.187596 -0.557920
vn 0.750318 -0.216365 -0.624667
vn 0.721470 -0.022129 -0.692092
vn 0.684719 0.004623 -0.728792
vn 0.548516 0.170484 -0.818575
vn 0.497000 0.260309 -0.827786
vn 0.246726 0.304401 -0.920036
vn 0.281838 0.422648 -0.861357
vn 0.804869 -0.556532 -0.206056
vn 0.858090 -0.475207 -0.194577
vn 0.723809 -0.689946 0.008633
vn 0.706316 -0.707566 -0.021639
vn 0.521678 -0.845275 0.115598
vn 0.451534 -0.878786 0.154441
vn 0.028537 0.310984 -0.949987
vn 0.116704 0.430502 -0.895013
vn -0.068264 0.289735 -0.954669
vn -0.015938 0.407630 -0.913008
vn -0.191405 0.416161 -0.888918
vn -0.261951 0.308721 -0.914370
vn -0.475958 0.307632 -0.823909
vn -0.380305 0.369171 -0.847986
vn -0.636284 0.279307 -0.719118
vn -0.557275 0.293445 -0.776746
vn -0.748677 0.193211 -0.634155
vn -0.797046 0.240545 -0.553946
vn -0.930746 0.142126 -0.336916
vn -0.856349 0.020044 -0.516009
vn -0.888171 -0.118709 -0.443916
vn -0.988666 -0.002444 -0.150112
vn -0.977662 -0.207393 0.034135
vn -0.913645 -0.329555 -0.238004
vn -0.897012 -0.421647 0.132605
vn -0.836482 -0.517132 -0.181310
vn 0.282068 -0.943683 0.172917
vn 0.325492 -0.935343 0.138519
vn 0.386522 -0.920849 0.051359
vn -0.778990 -0.568597 0.264333
vn -0.750769 -0.658011 -0.058035
vn -0.592667 -0.701045 0.396588
vn -0.643638 -0.764725 0.030433
vn -0.328468 -0.898656 0.290735
vn -0.388668 -0.827335 0.405529
vn -0.534472 -0.844791 0.025856
vn -0.430328 -0.901851 0.038497
vn -0.347531 -0.912935 0.213945
vn -0.320111 -0.942893 0.092099
vn -0.149323 -0.974006 0.170339
vn -0.209603 -0.947804 0.240280
vn 0.054258 -0.958994 0.278185
vn 0.037703 -0.966826 0.252638
vn 0.116215 -0.976095 0.183666
vn 0.164326 -0.950242 0.264644
vn 0.217046 -0.949091 0.228292
vn 0.180887 -0.973616 0.139113
vn 0.181759 -0.982640 0.037184
vn 0.026539 -0.997844 0.060026
vn -0.049867 -0.992215 0.114116
vn -0.704519 -0.388619 -0.593825
vn -0.651785 -0.490513 -0.578423
vn -0.673182 -0.555479 -0.488129
vn 0.052914 -0.929725 -0.364434
vn 0.281708 -0.825670 -0.488784
vn -0.131552 -0.951494 -0.278125
vn 0.438588 -0.271493 -0.856699
vn 0.606809 -0.101738 -0.788310
vn 0.438367 -0.524708 -0.729737
vn 0.106715 0.488373 -0.866085
vn -0.037090 0.458100 -0.888127
vn 0.276936 0.435968 -0.856293
vn -0.790619 -0.487841 -0.370043
vn -0.808180 -0.410793 -0.422012
vn -0.824738 -0.342263 -0.450181
vn -0.483516 0.475926 -0.734647
vn -0.636271 0.345196 -0.689927
vn -0.399847 0.424931 -0.812130
vn -0.227294 0.465004 -0.855634
vn -0.223759 0.504214 -0.834086
vn -0.187616 0.443342 -0.876498
vn -0.111931 0.458235 -0.881755
vn -0.228816 0.482081 -0.845719
vn -0.091512 0.498753 -0.861899
vn 0.645958 -0.384063 -0.659722
vn 0.372932 -0.666000 -0.646038
vn 0.381178 -0.726794 -0.571379
vn 0.554530 -0.697952 -0.453166
vn 0.570954 -0.731333 -0.373047
vn 0.572458 0.163412 -0.803485
vn 0.384781 0.397822 -0.832876
vn 0.657166 -0.140758 -0.740486
vn -0.128549 0.517596 -0.845914
vn -0.008958 0.505445 -0.862812
vn 0.064463 0.478067 -0.875955
vn 0.128370 0.441157 -0.888201
vn -0.039202 0.478047 -0.877459
vn 0.109537 0.411676 -0.904724
vn 0.049360 0.483794 -0.873789
vn 0.168745 0.428248 -0.887766
vn 0.645654 -0.452248 -0.615307
vn 0.654193 -0.224718 -0.722172
vn 0.545588 0.219078 -0.808912
vn 0.563864 0.006520 -0.825842
vn 0.454891 0.369296 -0.810367
vn 0.403531 0.255388 -0.878601
vn 0.252787 0.399733 -0.881086
vn 0.627391 0.012424 -0.778605
vn 0.417960 0.259855 -0.870508
vn 0.188347 0.456091 -0.869774
vn 0.227376 0.393137 -0.890923
vn 0.648091 -0.623591 -0.437165
vn 0.665072 -0.686747 -0.293355
vn -0.207671 -0.944879 -0.253135
vn 0.612486 -0.754873 -0.234580
vn 0.475164 -0.790685 -0.386053
vn 0.519409 -0.837408 -0.170182
vn 0.330692 -0.874414 -0.355024
vn 0.370491 -0.913168 -0.169883
vn 0.104485 -0.955535 -0.275746
vn -0.086280 -0.975965 -0.200118
vn 0.150662 -0.979727 -0.132045
vn -0.047864 -0.995858 -0.077306
vn -0.316591 -0.923633 -0.216037
vn -0.209847 -0.961806 -0.175768
vn -0.191889 -0.981003 -0.028486
vn -0.349596 -0.935346 -0.053951
vn -0.669593 -0.637547 -0.381024
vn -0.721523 -0.603862 -0.338755
vn -0.628657 -0.692905 -0.353092
vn -0.677132 -0.684712 -0.269560
vn -0.456232 -0.841430 -0.289566
vn -0.463488 -0.854867 -0.233197
vn -0.511018 -0.805218 -0.300807
vn -0.565032 -0.771156 -0.293355
vn -0.518095 -0.844882 -0.133236
vn -0.616725 -0.760685 -0.202507
vn 0.217473 0.916087 0.336883
vn 0.230999 0.906257 0.354030
vn 0.158164 0.963091 0.217806
vn 0.112447 0.977053 0.180897
vn 0.195887 0.968198 0.155629
vn 0.172724 0.970134 0.170314
vn 0.225475 0.935419 0.272309
vn 0.224052 0.939812 0.257983
vn 0.258410 0.957816 0.125747
vn 0.244188 0.944477 0.219856
vn 0.255248 0.912682 0.319155
vn 0.279480 0.923203 0.263795
vn 0.258740 0.962730 0.078764
vn 0.215794 0.971169 0.101309
vn 0.292423 0.952981 0.079473
vn 0.266418 0.954709 0.132488
vn 0.283876 0.937193 0.202690
vn 0.311499 0.935248 0.168166
vn 0.364768 0.914923 0.172803
vn 0.328736 0.921649 0.206146
vn 0.356998 0.917923 0.173118
vn 0.321980 0.928829 0.183321
vn 0.332790 0.899885 0.281884
vn 0.274802 0.934880 0.224685
vn 0.357693 0.787337 0.502152
vn 0.316685 0.840030 0.440522
vn -0.061848 0.993661 -0.093881
vn -0.023503 0.999076 -0.035973
vn -0.155605 0.967851 -0.197615
vn -0.169203 0.950012 -0.262389
vn 0.221528 0.952026 0.211120
vn 0.249847 0.937463 0.242364
vn 0.255649 0.947244 0.193318
vn 0.228133 0.957696 0.175424
vn 0.360049 0.932401 -0.031506
vn 0.332927 0.940887 0.062381
vn 0.368245 0.926195 0.080979
vn 0.391044 0.920366 0.003316
vn 0.329660 0.943686 0.027964
vn 0.370840 0.928680 -0.005611
vn 0.407286 0.851154 -0.331142
vn 0.441117 0.815577 -0.374500
vn 0.341687 0.937918 -0.059660
vn 0.368890 0.927979 -0.052683
vn 0.309178 0.945568 0.101538
vn 0.292617 0.950183 0.107371
vn 0.363189 0.931039 -0.035485
vn 0.340563 0.935469 -0.094419
vn 0.365317 0.926246 -0.092802
vn 0.323738 0.941786 -0.090736
vn 0.141550 0.979111 0.145964
vn 0.106518 0.982287 0.154166
vn 0.194821 0.980749 0.013289
vn 0.213720 0.975721 0.047879
vn 0.301074 0.953485 0.014841
vn 0.277974 0.960536 -0.010006
vn 0.304201 0.949582 -0.075873
vn 0.306586 0.951803 0.008698
vn 0.218971 0.961705 0.164849
vn 0.280162 0.874999 0.394824
vn 0.294201 0.902546 0.314414
vn 0.196076 0.968195 0.155410
vn 0.191469 0.941228 0.278262
vn 0.294924 0.934169 0.200867
vn 0.178653 0.940564 0.288830
vn 0.305034 0.923925 0.230904
vn 0.165433 0.948404 0.270484
vn 0.251843 0.950683 0.181046
vn 0.154939 0.935348 0.317991
vn 0.251293 0.937962 0.238911
vn 0.209122 0.920269 0.330715
vn 0.173040 0.971982 0.159086
vn 0.089798 0.964404 0.248721
vn 0.153677 0.888990 0.431369
vn 0.112572 0.922862 0.368311
vn 0.192611 0.912246 0.361536
vn 0.136409 0.980801 0.139364
vn 0.208299 0.947534 0.242469
vn 0.108267 0.982048 0.154468
vn 0.015296 0.996679 0.079985
vn 0.197717 0.948477 0.247587
vn 0.292811 0.879515 0.375121
vn 0.323770 0.831603 0.451232
vn 0.229370 0.906595 0.354225
vn -0.074596 0.990402 -0.116355
vn 0.027855 0.998597 0.045043
vn 0.042979 0.995770 0.081214
vn -0.036825 0.995231 -0.090329
vn 0.337380 0.912174 0.232624
vn 0.194656 0.963130 0.185713
vn 0.114500 0.918329 0.378894
vn 0.054463 0.943781 0.326055
vn 0.069323 0.933810 0.350989
vn 0.067614 0.929426 0.362760
vn 0.146332 0.871462 0.468125
vn 0.037857 0.961184 0.273298
vn 0.074131 0.953929 0.290730
vn -0.044026 0.997623 -0.053017
vn 0.071932 0.996565 0.041048
vn 0.310808 0.777464 0.546762
vn 0.236172 0.866774 0.439233
vn -0.041407 0.996864 -0.067435
vn 0.053242 0.992759 0.107679
vn 0.350023 0.400805 0.846664
vn 0.388280 0.550024 0.739400
vn 0.411589 0.570495 0.710725
vn 0.493833 0.581757 0.646288
vn 0.580738 0.659506 0.477278
vn 0.109208 -0.803199 0.585615
vn 0.254269 -0.712897 0.653549
vn 0.393113 -0.634287 0.665690
vn 0.511383 -0.580447 0.633694
vn 0.690889 -0.498633 0.523486
vn 0.019872 -0.998668 -0.047626
vn 0.058810 -0.991522 -0.115871
vn -0.006338 -0.999175 -0.040126
vn -0.040506 -0.998986 0.019677
vn -0.028469 -0.999579 0.005639
vn -0.093907 -0.963048 -0.252428
vn -0.119069 -0.962050 -0.245526
vn -0.124123 -0.961673 -0.244496
vn -0.101367 -0.964341 -0.244482
vn -0.034508 -0.965217 -0.259162
vn -0.182234 0.910424 -0.371374
vn -0.163245 0.906115 -0.390266
vn -0.232592 0.879915 -0.414307
vn -0.331196 0.818152 -0.470039
vn -0.326544 0.783093 -0.529277
vn -0.319710 -0.494473 -0.808258
vn -0.334216 -0.353564 -0.873666
vn -0.429439 -0.371266 -0.823252
vn -0.436986 -0.502208 -0.746211
vn -0.370347 -0.580143 -0.725450
vn -0.159465 -0.833154 -0.529552
vn -0.196423 -0.830914 -0.520577
vn -0.259431 -0.880063 -0.397723
vn -0.196594 -0.928213 -0.315865
vn -0.109496 -0.951100 -0.288823
vn -0.077930 -0.906601 -0.414730
vn -0.151752 -0.905668 -0.395899
vn -0.258162 -0.926910 -0.272380
vn -0.190546 -0.959323 -0.208305
vn -0.075337 -0.970227 -0.230183
vn -0.030082 -0.956502 -0.290170
vn -0.071194 -0.967503 -0.242631
vn -0.063019 -0.968377 -0.241404
vn 0.004287 -0.961872 -0.273465
vn -0.197250 -0.962942 -0.183943
vn -0.235778 -0.957017 -0.168902
vn -0.090398 -0.957007 -0.275618
vn -0.214680 -0.956888 -0.195646
vn -0.219438 -0.937443 -0.270275
vn -0.131174 -0.917186 -0.376248
vn -0.136319 -0.909036 -0.393792
vn -0.170668 -0.935060 -0.310701
vn -0.193407 -0.950261 -0.244128
vn -0.168492 -0.941578 -0.291617
vn -0.110261 -0.927844 -0.356298
vn -0.118635 -0.940580 -0.318175
vn -0.062851 -0.966888 -0.247342
vn -0.111786 -0.965334 -0.235869
vn -0.140561 -0.941486 -0.306344
vn -0.173513 -0.946372 -0.272530
vn -0.153653 -0.968029 -0.198267
vn -0.172630 -0.964083 -0.201848
vn -0.201546 -0.950817 -0.235215
vn -0.120366 -0.959325 -0.255358
vn -0.114328 -0.958037 -0.262859
vn -0.218471 -0.923651 -0.314865
vn -0.268218 -0.885144 -0.380237
vn -0.176909 -0.897335 -0.404342
vn -0.120646 -0.932102 -0.341511
vn -0.223689 -0.921598 -0.317207
vn -0.239453 -0.891970 -0.383474
vn -0.159083 -0.914589 -0.371779
vn -0.188900 -0.905955 -0.378895
vn -0.186296 -0.931790 -0.311546
vn -0.146407 -0.946124 -0.288817
vn -0.119125 -0.954945 -0.271826
vn -0.126127 -0.967505 -0.219149
vn -0.150037 -0.967813 -0.202055
vn -0.146723 -0.964646 -0.218929
vn -0.161615 -0.972892 -0.165415
vn -0.159061 -0.970207 -0.182749
vn -0.176900 -0.963032 -0.203166
vn -0.186504 -0.954246 -0.233732
vn -0.086299 -0.963848 -0.252090
vn -0.098511 -0.946032 -0.308737
vn -0.042110 -0.992033 -0.118732
vn -0.137291 -0.967307 -0.213235
vn -0.167719 -0.947526 -0.272150
vn -0.161758 -0.934907 -0.315884
vn -0.126975 -0.923722 -0.361408
vn -0.150207 0.889205 -0.432149
vn -0.001223 0.998162 -0.060587
vn 0.080455 0.989087 0.123429
vn 0.349477 0.746461 0.566270
vn 0.268333 0.845645 0.461392
vn -0.052038 0.986319 -0.156421
vn 0.041269 0.999107 -0.009120
vn 0.073969 0.977888 0.195612
vn 0.172367 0.868879 0.464047
vn 0.052851 0.969369 0.239857
vn 0.054780 0.930543 0.362062
vn 0.062145 0.945976 0.318226
vn 0.040690 0.942971 0.330378
vn 0.126234 0.865563 0.484630
vn 0.247129 -0.929160 -0.274933
vn 0.958174 0.195689 0.208827
vn 0.367509 0.917655 0.151149
vn 0.832993 0.540860 -0.116591
vn 0.895654 0.298202 -0.329969
vn 0.384464 0.904697 0.183603
vn 0.258224 -0.844340 -0.469478
vn 0.345116 -0.763803 -0.545436
vn 0.031147 -0.932908 -0.358766
vn 0.356983 0.695531 0.623538
vn 0.271789 0.657234 0.702975
vn 0.230402 0.809718 0.539696
vn 0.204487 0.869499 0.449618
vn 0.275548 0.864610 0.420146
vn 0.729778 0.437443 0.525421
vn 0.618780 -0.096781 0.779580
vn 0.460394 -0.258015 0.849391
vn 0.151498 -0.987180 0.050241
vn 0.136815 -0.990334 0.022832
vn 0.253488 -0.960895 -0.111470
vn -0.262733 -0.544601 -0.796480
vn -0.156523 -0.857467 -0.490155
vn -0.071455 -0.925736 -0.371358
vn -0.017669 -0.970756 -0.239415
vn -0.019880 -0.958253 -0.285230
vn -0.062351 -0.938015 -0.340940
vn -0.012112 -0.955262 -0.295512
vn -0.098588 -0.880756 -0.463194
vn -0.089319 -0.866990 -0.490256
vn -0.110531 -0.886186 -0.449952
vn -0.031920 -0.956881 -0.288722
vn -0.025347 -0.957981 -0.285709
vn -0.074659 -0.906734 -0.415041
vn -0.038469 -0.926734 -0.373743
vn -0.021149 -0.938387 -0.344938
vn -0.008843 -0.942676 -0.333593
vn 0.048261 -0.985010 -0.165612
vn 0.063990 -0.994662 -0.080945
vn 0.022994 -0.979825 -0.198529
vn 0.076206 -0.992902 -0.091314
vn 0.070546 -0.976664 -0.202855
vn 0.146712 0.847399 0.510285
vn 0.054936 0.944720 0.323244
vn 0.443743 -0.653133 0.613604
vn 0.274652 0.633593 0.723275
vn 0.130844 -0.986813 -0.095285
vn 0.371201 -0.895086 0.247043
vn 0.353005 0.609901 0.709513
vn 0.095784 -0.974131 -0.204682
vn 0.211001 0.863228 0.458602
vn 0.155451 0.944822 0.288351
vn 0.328681 0.871885 0.363024
vn 0.246304 0.940042 0.235912
vn 0.447791 0.611553 0.652293
vn 0.342538 -0.937568 0.060290
vn 0.323954 -0.945937 0.016035
vn 0.376206 0.904126 0.202550
vn 0.357798 0.929011 0.094439
vn 0.341631 -0.931955 -0.121444
vn 0.181412 -0.935456 -0.303335
vn 0.072759 -0.976280 -0.203922
vn 0.077892 -0.975432 -0.206073
vn 0.073542 0.939358 0.334961
vn 0.127915 0.945939 0.298057
vn 0.218004 0.930742 0.293587
vn 0.463384 0.857227 0.224581
vn 0.451267 -0.808286 -0.378194
vn 0.079055 0.968606 0.235698
vn 0.111606 0.978768 0.171922
vn 0.172714 0.953439 0.247233
vn 0.402122 0.886584 0.228618
vn 0.729153 -0.395319 -0.558622
vn 0.329721 0.903302 -0.274464
vn 0.142590 0.987109 -0.072686
vn 0.443841 -0.669406 -0.595736
vn 0.200461 -0.805116 -0.558214
vn 0.323107 0.867628 -0.377920
vn 0.033815 -0.894731 -0.445324
vn 0.303324 0.929311 -0.210655
vn 0.105202 -0.875330 -0.471943
vn 0.591308 0.798160 -0.115305
vn 0.150533 -0.814224 -0.560695
vn 0.620670 0.617572 -0.483087
vn 0.041499 -0.798650 -0.600364
vn 0.213615 0.735897 -0.642514
vn -0.098363 -0.803045 -0.587745
vn -0.083556 0.832208 -0.548132
vn -0.151025 -0.725306 -0.671657
vn -0.100085 0.883105 -0.458377
vn -0.140614 -0.706827 -0.693270
vn -0.015323 0.928102 -0.372010
vn 0.244001 -0.936447 -0.252055
vn 0.067574 -0.770449 -0.633910
vn 0.446662 0.787839 0.424032
vn 0.160448 0.983241 -0.086569
vn 0.245906 -0.968003 -0.049998
vn 0.537982 0.559309 0.630673
vn 0.301712 -0.951955 -0.052447
vn 0.584667 0.463696 0.665696
vn 0.460362 -0.870796 -0.172574
vn 0.756109 0.430059 0.493304
vn 0.435058 -0.776606 -0.455639
vn 0.828574 0.543745 0.133446
vn 0.391699 -0.766190 -0.509436
vn 0.791546 0.594077 -0.143275
vn 0.355099 -0.755713 -0.550275
vn 0.673479 0.662614 -0.327673
vn 0.360668 0.721852 -0.590634
vn 0.124527 -0.721025 -0.681627
vn 0.102864 0.988885 -0.107353
vn 0.174853 0.984552 0.009172
vn 0.396969 0.889742 0.225334
vn 0.441740 0.896968 -0.017761
vn 0.203787 0.939225 -0.276275
vn -0.001895 0.964408 -0.264411
vn 0.286180 0.854831 0.432856
vn 0.292327 0.848794 0.440562
vn 0.327340 0.847947 0.416934
vn 0.317159 0.860960 0.397691
vn 0.280569 0.861793 0.422604
vn 0.285401 0.846226 0.449941
vn -0.040571 0.969481 -0.241786
vn 0.393822 0.727283 0.562107
vn 0.426723 0.725848 0.539492
vn 0.452543 0.822899 0.343573
vn 0.470427 0.870621 0.143936
vn 0.293323 0.954747 0.049200
vn 0.195180 0.979651 -0.046789
vn 0.087423 0.992008 0.090980
vn 0.050383 0.997499 0.049567
vn 0.114423 0.980902 0.157283
vn 0.130859 0.962792 0.236449
vn 0.145045 0.949730 0.277442
vn 0.168393 0.943224 0.286309
vn 0.300868 0.835616 0.459592
vn 0.195049 0.945107 0.262160
vn 0.130172 0.975822 0.175573
vn 0.205106 0.966697 0.153067
vn 0.141686 0.985269 0.095762
vn 0.104336 0.978019 0.180538
vn 0.306072 0.875884 0.373025
vn 0.223109 0.872190 0.435325
vn 0.064008 -0.979648 -0.190244
vn 0.065439 -0.964742 -0.254931
vn 0.054882 -0.966714 -0.249903
vn 0.044044 -0.978128 -0.203285
vn 0.076646 -0.974733 -0.209811
vn 0.031253 -0.962827 -0.268304
vn -0.087818 -0.893943 -0.439492
vn -0.041734 -0.922017 -0.384893
vn -0.054779 -0.942157 -0.330666
vn -0.082712 -0.950168 -0.300566
vn -0.066470 -0.949063 -0.307995
vn 0.028043 -0.909843 -0.414003
vn -0.065387 -0.935780 -0.346469
vn -0.092843 -0.950205 -0.297474
vn 0.252934 -0.834352 -0.489777
vn 0.348233 -0.814299 -0.464382
vn -0.018910 -0.953464 -0.300914
vn 0.213418 -0.936482 -0.278305
vn -0.001304 -0.975216 -0.221250
vn -0.002833 -0.962522 -0.271191
vn -0.014363 -0.958055 -0.286226
vn 0.010662 -0.959828 -0.280388
vn -0.053936 -0.958008 -0.281625
vn -0.046553 -0.921260 -0.386152
vn -0.072060 -0.939985 -0.333520
vn 0.066884 -0.963462 -0.259360
vn 0.072413 -0.959842 -0.271034
vn 0.051006 -0.966346 -0.252139
vn 0.008369 -0.973224 -0.229708
vn -0.020468 -0.922417 -0.385652
vn -0.072495 -0.936849 -0.342139
vn -0.123651 -0.941121 -0.314646
vn -0.094759 -0.953552 -0.285937
vn -0.029636 -0.953590 -0.299646
vn 0.027681 -0.954372 -0.297335
vn 0.052879 -0.951971 -0.301589
vn -0.014740 -0.933071 -0.359391
vn -0.009718 -0.936339 -0.350963
vn 0.002013 -0.940601 -0.339508
vn -0.031498 -0.940429 -0.338528
vn 0.054012 -0.936285 -0.347064
vn 0.015340 -0.882627 -0.469823
vn 0.073408 -0.912606 -0.402196
vn 0.112360 -0.909541 -0.400138
vn 0.100770 -0.901074 -0.421794
vn -0.068367 -0.953968 -0.292011
vn -0.066802 -0.933508 -0.352279
vn 0.366615 0.144931 0.919015
vn 0.090986 -0.845216 0.526623
vn 0.367189 0.130428 0.920957
vn 0.064714 -0.795481 0.602513
vn 0.396142 0.727502 0.560191
vn 0.366209 0.731816 0.574749
vn -0.095088 -0.972758 0.211426
vn -0.041443 -0.995277 0.087783
vn 0.359551 0.223517 0.905960
vn 0.077730 -0.765663 0.638528
vn 0.312635 0.769309 0.557156
vn -0.052314 -0.962225 0.267184
vn 0.372509 0.255180 0.892256
vn 0.196031 -0.694728 0.692044
vn 0.293061 0.800853 0.522255
vn 0.093474 -0.929098 0.357826
vn 0.414396 0.323681 0.850592
vn 0.326789 -0.583255 0.743655
vn 0.278458 0.810172 0.515832
vn 0.184918 -0.876842 0.443794
vn 0.458100 0.419093 0.783904
vn 0.394159 -0.550536 0.735900
vn 0.312014 0.808481 0.499005
vn 0.243961 -0.853989 0.459550
vn 0.500398 0.426331 0.753554
vn 0.407106 -0.575770 0.709051
vn 0.381819 0.783050 0.490966
vn 0.276855 -0.830108 0.484017
vn 0.500181 0.458667 0.734468
vn 0.407370 -0.601909 0.686844
vn 0.365802 0.774121 0.516649
vn 0.230457 -0.835557 0.498733
vn 0.547044 0.415817 0.726525
vn 0.366921 -0.649371 0.666098
vn 0.363767 0.797617 0.481125
vn 0.142201 -0.873354 0.465866
vn 0.603051 0.220040 0.766754
vn 0.315866 -0.804482 0.503028
vn 0.432203 0.791383 0.432336
vn 0.072807 -0.949064 0.306556
vn 0.654112 -0.147309 0.741914
vn 0.378454 -0.895266 0.235097
vn 0.510972 0.700502 0.498202
vn 0.148381 -0.981158 0.123739
vn 0.641176 -0.617981 0.454964
vn 0.364240 -0.871483 -0.328401
vn 0.243701 -0.945164 -0.217426
vn 0.578888 -0.053105 0.813676
vn 0.438636 -0.793307 0.422212
vn 0.073201 -0.905342 -0.418328
vn 0.207336 -0.967094 0.147447
vn 0.417573 -0.328230 0.847288
vn 0.305525 -0.710681 0.633709
vn -0.036660 -0.898223 -0.438009
vn 0.332520 -0.274746 0.902189
vn -0.017071 -0.956379 -0.291628
vn 0.195894 -0.730762 0.653921
vn 0.492739 -0.776357 -0.393036
vn 0.056950 -0.945978 0.319191
vn 0.383942 -0.828124 -0.408410
vn 0.404595 -0.855687 -0.322648
vn 0.278570 -0.955046 0.101422
vn 0.214485 -0.384875 0.897701
vn -0.081673 -0.714697 0.694649
vn 0.058751 -0.998143 0.016115
vn -0.052803 -0.994374 -0.091823
vn 0.116593 -0.776836 0.618815
vn -0.033643 -0.997128 0.067856
vn -0.081614 -0.996056 -0.034816
vn 0.243721 -0.799274 0.549328
vn 0.025204 -0.997354 0.068190
vn -0.045298 -0.997500 -0.054231
vn -0.364944 -0.503804 -0.782942
vn -0.310275 0.795485 -0.520512
vn -0.082295 -0.948788 -0.305007
vn -0.171992 0.952257 -0.252239
vn -0.385401 -0.301750 -0.872017
vn -0.273311 0.835980 -0.475856
vn -0.088769 -0.918989 -0.384161
vn -0.167593 0.953807 -0.249329
vn -0.440395 -0.102760 -0.891904
vn -0.245768 0.872051 -0.423232
vn -0.157361 -0.866274 -0.474138
vn -0.161370 0.952780 -0.257235
vn -0.473730 0.024695 -0.880324
vn -0.222015 0.891905 -0.393973
vn -0.248443 -0.769786 -0.587967
vn -0.151066 0.943415 -0.295207
vn -0.430614 0.035320 -0.901845
vn -0.166340 0.870704 -0.462824
vn -0.300535 -0.641051 -0.706210
vn -0.099845 0.929338 -0.355473
vn -0.417921 -0.044103 -0.907412
vn -0.176179 0.776606 -0.604850
vn -0.346338 -0.570141 -0.744976
vn -0.041843 0.909495 -0.413603
vn -0.467691 -0.103076 -0.877861
vn -0.298932 0.688877 -0.660370
vn -0.392970 -0.600127 -0.696722
vn -0.128371 0.904860 -0.405894
vn -0.570578 -0.114835 -0.813175
vn -0.430344 0.676727 -0.597365
vn -0.464591 -0.624351 -0.627966
vn -0.260982 0.904826 -0.336419
vn -0.256704 -0.867633 -0.425812
vn -0.307507 -0.876528 -0.370321
vn -0.177377 -0.869307 -0.461348
vn -0.109048 -0.891723 -0.439248
vn -0.069225 -0.927537 -0.367264
vn -0.039790 -0.946160 -0.321244
vn -0.026673 -0.951315 -0.307063
vn -0.041820 -0.961187 -0.272709
vn -0.126869 -0.970159 -0.206629
vn -0.207582 -0.972580 -0.104871
vn -0.154174 -0.984522 -0.083345
vn -0.032632 -0.998554 -0.042712
vn 0.054528 -0.996318 0.066155
vn 0.147166 -0.978214 0.146425
vn 0.195121 -0.948599 0.249175
vn 0.172247 -0.913718 0.368036
vn 0.146876 -0.875995 0.459413
vn 0.129294 -0.887633 0.442031
vn 0.197013 -0.917690 0.345009
vn 0.034507 -0.998871 0.032657
vn 0.071530 -0.993626 0.087124
vn 0.243180 -0.897831 0.367102
vn 0.206122 -0.895882 0.393586
vn -0.619771 -0.116126 -0.776143
vn -0.454448 0.699955 -0.550945
vn -0.486208 -0.599383 -0.635879
vn -0.283139 0.900901 -0.328954
vn -0.286440 -0.875459 -0.389260
vn -0.566315 -0.064135 -0.821690
vn -0.419756 0.713669 -0.560787
vn -0.449904 -0.540407 -0.711018
vn -0.290013 0.878222 -0.380288
vn -0.265557 -0.847287 -0.459983
vn -0.557724 0.082218 -0.825944
vn -0.486740 0.588768 -0.645319
vn -0.500749 -0.415986 -0.759082
vn -0.354054 0.793618 -0.494790
vn -0.313926 -0.789348 -0.527617
vn -0.045021 -0.994827 0.091059
vn -0.049094 -0.998347 0.029899
vn -0.559897 0.027483 -0.828106
vn -0.342897 -0.686582 -0.641113
vn -0.438561 0.615813 -0.654552
vn -0.563254 0.069474 -0.823358
vn -0.337864 -0.610335 -0.716477
vn -0.519861 0.473702 -0.710880
vn -0.366310 -0.484616 -0.794333
vn -0.559091 0.138105 -0.817523
vn -0.537267 0.400855 -0.742064
vn -0.560032 0.189513 -0.806504
vn -0.504418 -0.226690 -0.833171
vn -0.521027 0.346518 -0.780036
vn -0.058711 -0.878377 -0.474350
vn -0.173555 -0.875298 -0.451367
vn -0.060025 0.995594 -0.072036
vn -0.071576 0.992401 -0.100087
vn -0.086190 0.984680 -0.151581
vn -0.080795 0.975505 -0.204603
vn -0.039046 0.965385 -0.257891
vn 0.035100 0.955345 -0.293401
vn -0.041295 0.970042 -0.239401
vn -0.161701 0.969767 -0.182770
vn -0.181696 0.958689 -0.218864
vn -0.206109 0.934927 -0.288844
vn -0.225298 0.894269 -0.386683
vn -0.268151 0.817363 -0.509915
vn -0.359933 0.731109 -0.579593
vn -0.412086 0.646480 -0.642066
vn -0.481731 0.472246 -0.738186
vn 0.080370 0.988859 0.125297
vn 0.056156 0.995884 0.071139
vn 0.057665 0.998218 0.015330
vn 0.083331 0.994204 -0.067925
vn 0.121916 0.985340 -0.119340
vn 0.038386 0.997699 -0.055891
vn -0.036637 0.999259 -0.011761
vn -0.044918 0.996548 -0.069821
vn -0.085963 0.983606 -0.158526
vn -0.104651 0.957067 -0.270318
vn -0.137540 0.906482 -0.399215
vn -0.246311 0.829326 -0.501547
vn -0.335569 0.743543 -0.578392
vn -0.396039 0.621165 -0.676245
vn 0.205646 0.927547 0.312037
vn 0.184914 0.943835 0.273829
vn 0.193966 0.958341 0.209667
vn 0.219887 0.969012 0.112541
vn 0.216941 0.971907 0.091284
vn 0.139225 0.979077 0.148405
vn 0.089783 0.986200 0.139098
vn 0.081415 0.994000 0.073050
vn 0.059029 0.998152 0.014434
vn 0.051252 0.994090 -0.095694
vn 0.020546 0.963811 -0.265794
vn -0.102459 0.899076 -0.425635
vn -0.242888 0.813678 -0.528142
vn -0.292161 0.749039 -0.594628
vn 0.229205 0.937709 0.261088
vn 0.202596 0.955256 0.215500
vn 0.207665 0.972437 0.106023
vn 0.176666 0.982183 0.064080
vn 0.159266 0.970820 0.179284
vn 0.186336 0.968723 0.163875
vn 0.254096 0.954660 0.155110
vn 0.244617 0.951820 0.184937
vn 0.178051 0.965159 0.191747
vn 0.132775 0.983525 0.122675
vn 0.102391 0.991009 0.086127
vn 0.115469 0.989674 0.084930
vn 0.163185 0.986522 0.012086
vn 0.171224 0.971140 -0.166041
vn 0.054491 0.927446 -0.369965
vn -0.133021 0.828001 -0.544720
vn -0.278284 0.734567 -0.618845
vn 0.110177 0.991714 0.066061
vn 0.121148 0.988213 0.093582
vn 0.205257 0.971521 0.118388
vn 0.215817 0.964948 0.149323
vn 0.186126 0.974252 0.127240
vn 0.150537 0.986353 0.066684
vn 0.086156 0.994501 0.059546
vn 0.093786 0.994513 0.046343
vn 0.173194 0.984261 -0.035136
vn 0.244786 0.950704 -0.190371
vn 0.186309 0.916023 -0.355233
vn 0.023927 0.869385 -0.493556
vn -0.166502 0.846254 -0.506095
vn 0.248404 0.916948 -0.312253
vn 0.170433 0.977573 -0.123708
vn 0.294311 0.937140 0.187481
vn 0.255571 0.956017 0.143924
vn 0.162483 0.974165 0.156850
vn 0.134684 0.978545 0.155914
vn 0.186446 0.974772 0.122712
vn 0.195995 0.973536 0.117531
vn 0.202645 0.974842 0.092828
vn 0.182467 0.981516 0.057731
vn 0.100500 0.993189 0.058948
vn 0.091998 0.995643 0.015215
vn 0.283165 0.877890 -0.386169
vn 0.220765 0.958967 -0.177888
vn 0.268953 0.962057 0.045933
vn 0.220582 0.974184 0.048049
vn 0.136284 0.985004 0.105800
vn 0.121860 0.985523 0.117878
vn 0.168958 0.980846 0.096926
vn 0.184198 0.978570 0.092046
vn 0.206442 0.976624 0.059895
vn 0.193992 0.980309 0.036891
vn 0.116304 0.991901 0.051053
vn 0.115968 0.993236 0.005802
vn 0.397395 0.859028 -0.322721
vn 0.298395 0.939123 -0.170317
vn 0.297154 0.951110 0.084199
vn 0.256236 0.956974 0.136178
vn 0.174895 0.966910 0.185734
vn 0.162563 0.970486 0.178133
vn 0.193630 0.969971 0.147188
vn 0.210888 0.970136 0.119845
vn 0.236940 0.968726 0.073678
vn 0.219890 0.974373 0.047394
vn 0.140873 0.988653 0.052151
vn 0.144148 0.989540 -0.005558
vn 0.523560 0.834342 -0.172505
vn 0.373020 0.925152 -0.070351
vn 0.320432 0.935976 0.145851
vn 0.267834 0.948702 0.168018
vn 0.193150 0.961844 0.193778
vn 0.180510 0.968038 0.174125
vn 0.200237 0.969441 0.141738
vn 0.221987 0.967783 0.118820
vn 0.260394 0.961352 0.089425
vn 0.256099 0.963538 0.077508
vn 0.189590 0.978093 0.085969
vn 0.203781 0.978303 0.037363
vn 0.601907 0.797351 -0.044045
vn 0.460726 0.884454 0.073975
vn 0.285695 0.957083 0.048682
vn 0.218747 0.972351 0.081750
vn 0.160456 0.977800 0.134766
vn 0.169920 0.973126 0.155415
vn 0.203351 0.963872 0.172041
vn 0.245131 0.949654 0.195109
vn 0.311377 0.929584 0.197277
vn 0.334614 0.924197 0.184102
vn 0.278333 0.940781 0.193551
vn 0.299353 0.938950 0.169591
vn 0.693471 0.671879 0.260147
vn 0.553844 0.780762 0.289255
vn 0.363078 0.917988 0.159602
vn 0.271963 0.938892 0.210991
vn 0.200008 0.941776 0.270287
vn 0.212840 0.933479 0.288645
vn 0.238883 0.925960 0.292462
vn 0.268593 0.918192 0.291173
vn 0.331648 0.905270 0.265511
vn 0.375424 0.893533 0.246284
vn 0.331873 0.897182 0.291419
vn 0.378896 0.865382 0.327951
vn 0.371466 0.868047 0.329404
vn 0.373112 0.907279 0.193992
vn 0.285493 0.915494 0.283485
vn 0.309500 0.865677 0.393463
vn 0.248064 0.874146 0.417532
vn 0.214007 0.913686 0.345514
vn 0.251096 0.876027 0.411736
vn 0.245420 0.885567 0.394387
vn 0.227432 0.909887 0.346958
vn 0.249610 0.904645 0.345416
vn 0.381927 0.813278 0.438988
vn 0.301451 0.849378 0.433226
vn 0.282532 0.897415 0.338854
vn 0.346225 0.883518 0.315475
vn 0.397598 0.766861 0.503826
vn 0.400936 0.838077 0.369968
vn 0.377655 0.745136 0.549681
vn 0.380257 0.791948 0.477726
vn 0.458422 0.737867 0.495380
vn 0.455435 0.750709 0.478555
vn 0.519945 0.727734 0.447281
vn 0.571931 0.689845 0.443856
vn 0.686975 0.609203 0.396153
vn 0.618787 0.684664 0.385146
vn 0.590216 0.541445 0.598734
vn 0.504310 0.111842 0.856249
vn 0.412132 -0.004668 0.911112
vn 0.312179 -0.066342 0.947704
vn 0.203137 -0.198696 0.958778
vn 0.052975 -0.465868 0.883267
vn 0.222231 -0.620274 0.752246
vn 0.344566 -0.645872 0.681266
vn 0.235012 0.889946 -0.390852
vn 0.229214 0.887966 -0.398719
vn 0.282311 0.909684 -0.304591
vn 0.413439 0.895351 -0.165572
vn 0.543477 0.839313 -0.013640
vn 0.666388 0.706224 0.239112
vn 0.719568 0.588708 0.368301
vn 0.743560 0.585623 0.322744
vn 0.616560 0.350313 0.705078
vn 0.327822 -0.082971 0.941089
vn 0.283433 -0.136993 0.949157
vn 0.337194 -0.294145 0.894304
vn 0.395663 -0.560257 0.727710
vn 0.299304 -0.669533 0.679811
vn 0.536248 0.771710 0.341908
vn 0.543821 0.807754 0.227581
vn 0.300101 0.938946 0.168288
vn 0.349497 0.935510 0.051704
vn 0.206770 0.974584 -0.086214
vn 0.169613 0.968473 -0.182458
vn 0.168206 0.904471 -0.391969
vn 0.202624 0.938209 -0.280548
vn 0.200658 0.978558 -0.046474
vn 0.222703 0.966047 -0.130984
vn 0.040572 0.942392 -0.332043
vn 0.211105 0.956135 -0.203076
vn -0.096439 -0.918120 -0.384390
vn -0.046695 -0.949153 -0.311334
vn -0.098103 -0.921742 -0.375190
vn -0.081416 -0.945956 -0.313908
vn -0.028136 -0.969333 -0.244134
vn -0.127127 -0.959316 -0.252093
vn -0.137021 -0.926013 -0.351745
vn -0.133209 -0.945143 -0.298261
vn -0.127631 -0.962318 -0.240112
vn -0.157662 -0.926421 -0.341888
vn -0.095731 -0.946057 -0.309533
vn -0.032762 -0.952416 -0.303034
vn -0.167356 -0.931145 -0.323976
vn -0.144074 -0.954552 -0.260909
vn -0.119015 -0.971731 -0.203898
vn -0.184953 -0.965192 -0.184921
vn -0.183235 -0.946275 -0.266436
vn -0.205246 -0.943623 -0.259710
vn -0.202033 -0.951425 -0.232322
vn -0.233272 -0.937655 -0.257656
vn -0.045075 -0.977547 -0.205842
vn -0.018655 -0.960155 -0.278843
vn -0.167680 -0.961130 -0.219345
vn -0.227188 -0.947791 -0.223782
vn -0.203188 -0.965236 -0.164423
vn -0.212357 -0.965054 -0.153545
vn -0.216634 -0.957268 -0.191592
vn -0.230097 -0.940044 -0.251740
vn -0.245840 -0.939415 -0.238876
vn -0.211459 -0.943404 -0.255488
vn 0.059933 -0.984792 -0.163072
vn 0.007069 -0.957327 -0.288921
vn -0.009169 -0.992064 -0.125403
vn -0.188462 -0.945866 -0.264232
vn -0.123962 -0.977590 -0.170153
vn -0.134224 -0.972435 -0.190669
vn -0.151564 -0.964433 -0.216559
vn -0.173229 -0.929265 -0.326279
vn -0.183244 -0.940188 -0.287173
vn -0.133526 -0.939479 -0.315515
vn 0.055265 -0.987933 -0.144690
vn -0.012023 -0.958296 -0.285526
vn 0.082372 -0.995129 -0.054158
vn -0.108688 -0.942601 -0.315737
vn -0.014593 -0.985609 -0.168408
vn -0.044180 -0.972342 -0.229345
vn -0.075385 -0.958289 -0.275679
vn -0.101958 -0.901657 -0.420261
vn -0.097451 -0.934178 -0.343243
vn -0.057694 -0.944839 -0.322415
vn -0.016256 -0.993561 -0.112128
vn -0.064606 -0.969658 -0.235775
vn 0.039591 -0.998421 -0.039845
vn -0.072075 -0.934240 -0.349287
vn 0.002727 -0.984987 -0.172606
vn 0.011309 -0.966485 -0.256472
vn -0.035612 -0.947238 -0.318547
vn -0.062262 -0.876486 -0.477384
vn -0.046793 -0.915098 -0.400508
vn 0.022434 -0.961383 -0.274298
vn -0.071618 -0.990482 -0.117547
vn -0.133235 -0.972472 -0.191171
vn -0.002982 -0.993755 -0.111546
vn -0.051205 -0.918886 -0.391186
vn -0.000456 -0.972575 -0.232591
vn 0.032232 -0.957070 -0.288060
vn -0.007810 -0.940852 -0.338728
vn -0.060159 -0.888639 -0.454645
vn -0.036516 -0.896045 -0.442458
vn 0.043736 -0.984274 -0.171150
vn -0.139491 -0.970568 -0.196314
vn -0.180117 -0.967766 -0.176030
vn -0.057850 -0.971574 -0.229559
vn -0.061904 -0.916558 -0.395082
vn -0.024459 -0.952384 -0.303920
vn -0.013028 -0.953407 -0.301405
vn -0.025400 -0.949170 -0.313738
vn -0.093310 -0.930875 -0.353221
vn -0.087858 -0.903445 -0.419605
vn 0.035786 -0.999359 0.001018
vn -0.180244 -0.953499 -0.241560
vn -0.146346 -0.969272 -0.197723
vn -0.189780 -0.945052 -0.266196
vn -0.172840 -0.924909 -0.338630
vn -0.179834 -0.934591 -0.306920
vn -0.116913 -0.957554 -0.263479
vn -0.115984 -0.958053 -0.262072
vn -0.146720 -0.961341 -0.233018
vn -0.184325 -0.920052 -0.345730
vn 0.039302 -0.981894 0.185307
vn -0.122252 -0.972778 -0.196871
vn -0.101447 -0.970524 -0.218613
vn -0.207768 -0.948158 -0.240476
vn -0.251389 -0.912636 -0.322333
vn -0.265993 -0.912532 -0.310699
vn -0.162497 -0.954527 -0.249947
vn -0.181229 -0.951427 -0.248884
vn -0.119931 -0.985063 -0.123564
vn -0.202235 -0.924447 -0.323263
vn 0.104667 -0.929951 0.352472
vn -0.016993 -0.982982 -0.182913
vn -0.101282 -0.956171 -0.274733
vn -0.074127 -0.968039 -0.239595
vn -0.210700 -0.912688 -0.350152
vn -0.177844 -0.922596 -0.342328
vn -0.139672 -0.942471 -0.303711
vn -0.166436 -0.942257 -0.290603
vn -0.022750 -0.999380 -0.026858
vn -0.153968 -0.937425 -0.312295
vn 0.069027 -0.960987 -0.267841
vn 0.008229 -0.974318 -0.225026
vn -0.110644 -0.980078 -0.164940
vn -0.120868 -0.960613 -0.250227
vn -0.098252 -0.955769 -0.277223
vn -0.075694 -0.961397 -0.264549
vn -0.096486 -0.924482 -0.368813
vn -0.069544 -0.896455 -0.437645
vn -0.113151 -0.951542 -0.285946
vn -0.161301 -0.904873 -0.393939
vn -0.050904 -0.955747 -0.289752
vn -0.099155 -0.943282 -0.316841
vn 0.035857 -0.975217 -0.218327
vn -0.022305 -0.970226 -0.241172
vn 0.070042 -0.979995 -0.186290
vn 0.018385 -0.973316 -0.228730
vn 0.101952 -0.981930 -0.159436
vn 0.073894 -0.977533 -0.197405
vn 0.030283 -0.972498 -0.230934
vn 0.030794 -0.968082 -0.248736
vn -0.121353 -0.929237 -0.348986
vn -0.055496 -0.942055 -0.330835
vn -0.128998 -0.925212 -0.356850
vn -0.132154 -0.934961 -0.329215
vn 0.049236 -0.960768 -0.272947
vn 0.059310 -0.970213 -0.234880
vn -0.062759 -0.952211 -0.298925
vn -0.000196 -0.960290 -0.279004
vn -0.136319 -0.908780 -0.394382
vn -0.115436 -0.936671 -0.330640
vn 0.382658 0.920626 -0.077593
vn 0.428136 0.896024 0.117647
vn 0.377879 0.868881 -0.319771
vn 0.439055 -0.850013 0.291048
vn 0.429608 -0.903004 0.004509
vn 0.483942 -0.865642 -0.128309
vn 0.875357 -0.223817 0.428552
vn 0.977236 0.198829 0.074011
vn 0.564617 -0.569532 0.597362
vn 0.585088 -0.555003 0.591306
vn 0.546737 -0.700285 0.458997
vn 0.705427 0.705849 -0.064419
vn 0.668280 -0.507906 0.543538
vn 0.850276 0.471635 0.233646
vn 0.786232 -0.161993 0.596320
vn 0.504613 -0.376062 0.777138
vn 0.495279 -0.821606 0.282247
vn 0.515562 -0.538705 0.666328
vn 0.617905 -0.460342 0.637400
vn 0.429128 -0.359370 0.828675
vn 0.717107 0.647594 0.257644
vn 0.641611 0.762640 0.081943
vn 0.522888 0.771810 0.361798
vn 0.536110 0.497233 -0.682162
vn 0.365700 0.929916 0.038983
vn 0.593602 0.798043 -0.103754
vn 0.473300 -0.853290 0.218823
vn 0.477306 0.689661 -0.544561
vn 0.258341 0.961019 -0.098500
vn 0.406622 0.794200 -0.451559
vn 0.185064 0.975820 -0.116306
vn 0.243126 0.892016 -0.381048
vn 0.421453 0.641826 -0.640653
vn 0.403960 0.676550 -0.615708
vn 0.372382 0.743421 -0.555570
vn 0.335685 0.728705 -0.596913
vn 0.188179 -0.981311 -0.040230
vn 0.043480 -0.985536 -0.163795
vn 0.030272 -0.976790 -0.212050
vn -0.022282 -0.971320 -0.236731
vn -0.360359 -0.754889 -0.547982
vn -0.596441 -0.062575 -0.800214
vn -0.478854 0.167102 -0.861844
vn -0.254362 0.504174 -0.825293
vn -0.037009 0.730679 -0.681718
vn 0.024261 0.955255 -0.294787
vn 0.112217 0.981256 -0.156666
vn 0.126554 -0.986156 -0.107149
vn 0.014951 -0.991685 -0.127821
vn 0.103033 -0.976868 -0.187387
vn 0.001489 -0.981613 -0.190876
vn 0.064446 -0.969536 -0.236318
vn -0.034025 -0.945556 -0.323675
vn -0.096026 -0.825958 -0.555492
vn -0.062450 -0.921171 -0.384114
vn -0.166407 -0.405736 -0.898714
vn 0.024980 0.228501 -0.973223
vn 0.241228 0.558050 -0.793971
vn 0.370226 0.702534 -0.607765
vn 0.320971 0.719337 -0.616061
vn 0.284045 0.799536 -0.529208
vn -0.167095 0.795805 0.582043
vn -0.104456 0.795514 0.596864
vn -0.507943 -0.599708 0.618340
vn -0.373521 -0.641856 0.669703
vn -0.363163 -0.903175 0.228882
vn -0.243629 -0.915555 0.320006
vn 0.438745 0.505402 -0.743015
vn 0.470060 0.465550 -0.749871
vn 0.144934 -0.768769 -0.622887
vn 0.160048 -0.728496 -0.666092
vn -0.100548 -0.993686 -0.049776
vn -0.080187 -0.987488 -0.135787
vn -0.121446 -0.982785 0.139226
vn -0.107688 -0.992415 0.059287
vn -0.133040 -0.986032 0.100212
vn -0.142540 -0.981844 0.125155
vn -0.263526 -0.959410 -0.100427
vn -0.136114 -0.988808 -0.061086
vn -0.183339 -0.975655 0.120353
vn -0.305408 -0.952150 0.011662
vn -0.151061 -0.980604 -0.124889
vn -0.217228 -0.971393 -0.095958
vn -0.263381 -0.964256 0.028985
vn -0.230183 -0.972387 0.038468
vn -0.212682 -0.977048 0.011991
vn -0.295082 -0.955282 0.019034
vn -0.284851 -0.958037 -0.032000
vn -0.224910 -0.974189 -0.019287
vn -0.256200 -0.966251 0.026847
vn -0.303353 -0.952876 0.001897
vn -0.191301 -0.974114 0.120437
vn -0.167254 -0.968613 0.183887
vn -0.234050 -0.971113 0.046480
vn -0.219394 -0.967870 0.122859
vn -0.237431 -0.969724 -0.057118
vn -0.221080 -0.975169 -0.012981
vn -0.271970 -0.961067 -0.048821
vn -0.221707 -0.974447 -0.036037
vn 0.273706 0.923468 0.268871
vn 0.278095 0.933763 0.225276
vn 0.386748 0.918636 0.080832
vn 0.406967 0.912799 0.034296
vn 0.408238 0.910398 -0.067219
vn 0.469524 0.781658 -0.410559
vn 0.401812 0.914309 -0.050858
vn 0.338044 0.935555 0.102285
vn 0.371990 0.928237 -0.000296
vn 0.362865 0.929782 -0.061919
vn 0.179358 0.981712 0.063808
vn 0.108296 0.983174 0.147108
vn 0.265894 0.962836 0.047407
vn 0.232711 0.972348 0.019629
vn -0.191659 0.817150 0.543629
vn -0.537515 -0.547069 0.641711
vn -0.345488 -0.920165 0.184215
vn 0.485004 0.467237 -0.739230
vn 0.174224 -0.610406 -0.772691
vn -0.104517 -0.959167 -0.262823
vn -0.179299 -0.977665 0.109648
vn -0.167376 -0.985754 -0.016539
vn -0.246146 -0.969223 0.004417
vn -0.198774 -0.979149 -0.041910
vn -0.177525 -0.984057 -0.010777
vn -0.193797 -0.977993 0.077276
vn -0.165391 -0.986189 -0.008763
vn -0.180647 -0.983348 -0.019846
vn -0.211313 -0.975409 0.062648
vn -0.173799 -0.966328 0.189747
vn -0.200652 -0.957284 0.208196
vn -0.188992 -0.981010 0.043611
vn -0.165916 -0.985462 -0.036553
vn -0.230154 -0.669198 0.706543
vn -0.071648 0.815475 0.574340
vn -0.203627 -0.758775 0.618706
vn -0.092758 0.819760 0.565145
vn -0.289307 -0.812180 0.506621
vn -0.140000 0.782944 0.606135
vn 0.022807 0.702839 0.710983
vn -0.183194 -0.790810 0.584003
vn 0.359799 0.654160 0.665296
vn 0.063256 -0.824319 0.562580
vn 0.498981 0.521919 0.691823
vn 0.254845 -0.820161 0.512241
vn 0.585354 -0.775676 0.235983
vn 0.872793 0.347993 0.342248
vn 0.391316 -0.865523 -0.312638
vn 0.729057 0.209290 -0.651669
vn 0.162779 -0.800919 -0.576222
vn 0.354952 0.521608 -0.775844
vn 0.085874 -0.849513 -0.520532
vn 0.318803 0.703541 -0.635133
vn 0.353103 0.758465 -0.547767
vn 0.077538 -0.884187 -0.460653
vn 0.092409 -0.859069 -0.503449
vn 0.338970 0.777057 -0.530360
vn 0.241966 -0.827408 -0.506802
vn 0.364243 0.785561 -0.500221
vn 0.461698 -0.771523 -0.437706
vn 0.395242 0.797462 -0.455892
vn 0.836394 -0.547952 -0.013943
vn 0.392172 0.887433 -0.242206
vn 0.232773 -0.210981 0.949370
vn 0.230510 0.963184 0.138351
vn -0.256741 -0.290360 0.921832
vn -0.008458 0.875455 0.483225
vn -0.357940 -0.358999 0.861974
vn -0.087887 0.842169 0.532003
vn -0.077522 0.782690 0.617565
vn -0.322089 -0.488741 0.810796
vn -0.180680 -0.565881 0.804446
vn -0.020227 0.704184 0.709730
vn -0.073742 -0.554534 0.828887
vn 0.017662 0.688574 0.724951
vn -0.083737 -0.597176 0.797728
vn 0.030060 0.683875 0.728980
vn -0.085830 -0.617732 0.781690
vn 0.045413 0.647972 0.760310
vn 0.262717 -0.557364 0.787608
vn 0.415177 0.708427 0.570754
vn 0.711318 -0.670136 0.211998
vn 0.860266 0.508564 -0.036125
vn 0.407585 -0.796133 -0.447266
vn 0.670935 0.305407 -0.675702
vn 0.354935 -0.791595 -0.497391
vn 0.501021 0.493066 -0.711241
vn 0.539852 -0.710479 -0.451420
vn 0.485776 0.636398 -0.599183
vn 0.376744 0.641256 -0.668472
vn 0.466103 -0.727559 -0.503395
vn 0.383354 -0.881049 -0.277115
vn 0.390301 0.668638 -0.632920
vn 0.290664 -0.856344 0.426837
vn 0.460605 0.877817 0.131457
vn 0.107158 0.666166 0.738065
vn 0.292067 -0.731894 0.615652
vn -0.051572 0.625332 0.778653
vn 0.188471 -0.559160 0.807353
vn 0.108469 -0.451243 0.885784
vn -0.011860 0.651453 0.758596
vn 0.200285 -0.396601 0.895876
vn 0.115180 0.685823 0.718596
vn 0.385759 -0.283319 0.878021
vn 0.261203 0.729329 0.632338
vn 0.818349 -0.258380 0.513366
vn 0.637169 0.723219 0.266404
vn 0.839606 -0.520080 -0.156776
vn 0.773379 0.437826 -0.458468
vn 0.664460 -0.634940 -0.394138
vn 0.616379 0.291434 -0.731535
vn 0.501034 -0.658995 -0.560972
vn 0.438250 0.327590 -0.837032
vn 0.390690 -0.697516 -0.600693
vn 0.362407 0.412584 -0.835725
vn 0.411505 -0.743734 -0.526805
vn 0.385977 0.535032 -0.751507
vn 0.452287 -0.820353 -0.349940
vn 0.418194 0.745309 -0.519257
vn 0.443555 -0.869128 0.218804
vn 0.369101 0.929386 -0.002554
vn 0.271819 -0.767894 0.580045
vn 0.064101 0.772900 0.631281
vn 0.175035 -0.702411 0.689914
vn 0.014763 0.590015 0.807258
vn 0.079592 -0.691457 0.718020
vn 0.059233 0.447116 0.892513
vn 0.162438 -0.531800 0.831146
vn 0.198771 0.360570 0.911307
vn 0.752376 -0.400847 0.522734
vn 0.728827 0.391688 0.561597
vn 0.748789 -0.494236 -0.441640
vn 0.818129 0.285986 -0.498876
vn 0.501047 -0.510306 -0.698956
vn 0.543902 0.336871 -0.768563
vn 0.443767 -0.524065 -0.726930
vn 0.453000 0.440636 -0.775004
vn 0.399767 -0.475462 -0.783659
vn 0.363513 0.488182 -0.793433
vn 0.364353 -0.491567 -0.790955
vn 0.337068 0.464042 -0.819176
vn 0.393128 -0.510076 -0.765031
vn 0.396109 0.512459 -0.761895
vn 0.462113 -0.475548 -0.748536
vn 0.466046 0.651058 -0.599103
vn 0.461881 -0.783811 -0.415098
vn 0.505280 0.818328 -0.273919
vn 0.180844 -0.922662 0.340574
vn 0.292260 0.922550 0.251965
vn -0.002877 -0.682593 0.730793
vn 0.120011 0.884927 0.450001
vn 0.136134 0.847384 0.513233
vn 0.041681 -0.514922 0.856223
vn 0.154195 0.802526 0.576347
vn 0.094548 -0.452581 0.886697
vn 0.152498 0.806753 0.570871
vn 0.200105 -0.316006 0.927415
vn 0.297577 -0.407560 0.863332
vn 0.180897 0.810614 0.556938
vn 0.265093 -0.534413 0.802576
vn 0.178426 0.805302 0.565378
vn 0.240222 0.802571 0.546052
vn 0.383598 -0.430190 0.817184
vn 0.776073 -0.365032 0.514260
vn 0.445390 0.873304 0.197402
vn 0.891615 -0.434557 -0.127213
vn 0.459421 0.833924 -0.305783
vn 0.706947 -0.570608 -0.417891
vn 0.356157 0.730284 -0.582956
vn 0.300749 -0.735531 -0.607078
vn 0.196269 0.630113 -0.751290
vn 0.073434 -0.791837 -0.606302
vn 0.079198 0.658523 -0.748382
vn 0.075664 -0.802732 -0.591521
vn 0.124782 0.628006 -0.768140
vn 0.276539 -0.857998 -0.432857
vn 0.249510 0.629468 -0.735876
vn 0.163491 -0.861984 -0.479848
vn 0.362011 0.509963 -0.780312
vn -0.025337 -0.767805 -0.640182
vn 0.340222 0.593095 -0.729718
vn 0.053040 -0.765028 -0.641809
vn 0.381449 0.563123 -0.733069
vn 0.089376 -0.807948 -0.582437
vn 0.419617 0.524968 -0.740494
vn 0.271677 0.885226 0.377581
vn 0.281984 0.924221 0.257491
vn 0.552045 0.797374 0.243808
vn 0.610528 0.595526 -0.522116
vn 0.222399 0.777117 -0.588751
vn 0.231075 0.913372 -0.335195
vn 0.242701 0.930863 -0.273113
vn 0.119195 0.964329 0.236353
vn 0.039861 0.981369 0.187952
vn 0.044755 0.981900 0.184037
vn 0.049938 0.978878 0.198253
vn 0.243734 0.938175 -0.245807
vn 0.257379 0.934418 -0.246211
vn 0.252786 0.924158 -0.286411
vn 0.295728 0.940043 -0.169897
vn 0.281296 0.959605 0.005576
vn 0.252752 0.897290 -0.361922
vn 0.191177 0.933681 0.302807
vn 0.030892 0.961135 -0.274347
vn 0.114631 0.969818 0.215206
vn 0.234429 0.969380 0.073119
vn 0.122485 0.981139 -0.149547
vn 0.176191 0.983890 -0.030282
vn 0.133203 0.990577 -0.031861
vn 0.145114 0.989414 0.001103
vn 0.118284 0.992763 0.020766
vn 0.132013 0.991062 -0.019219
vn 0.135628 0.986197 -0.094977
vn 0.408288 0.899649 -0.154702
vn 0.364467 0.848512 -0.383655
vn 0.215036 0.961965 0.168471
vn 0.176055 0.949776 0.258710
vn 0.186307 0.940702 0.283494
vn 0.025879 0.877421 0.479023
vn 0.376064 0.869239 -0.320934
vn 0.330360 0.834275 -0.441415
vn 0.280042 0.795720 -0.537034
vn 0.381188 0.778209 -0.499086
vn 0.229475 0.973296 0.006113
vn 0.076658 0.819444 0.568011
vn -0.066836 0.762342 0.643714
vn -0.043461 0.788827 0.613077
vn 0.067733 0.835547 0.545228
vn 0.223659 0.949847 0.218557
vn 0.243626 0.969191 -0.036255
vn 0.387339 0.789701 -0.475753
vn 0.426243 0.679751 -0.596872
vn 0.359274 0.518560 -0.775898
vn 0.300098 0.514123 -0.803504
vn 0.316286 0.576871 -0.753115
vn 0.021513 0.900060 0.435234
vn 0.010353 0.933254 0.359069
vn -0.002603 0.954125 0.299396
vn 0.028224 0.964745 0.261669
vn 0.080172 0.969473 0.231722
vn 0.230752 0.970040 -0.076005
vn 0.158684 0.970978 -0.178944
vn 0.219012 0.973683 -0.063054
vn 0.168793 0.985628 0.006804
vn 0.150956 0.987949 -0.034185
vn 0.146012 0.985309 -0.088581
vn 0.138311 0.979397 -0.147144
vn 0.357965 0.686041 -0.633410
vn 0.289179 0.947484 -0.136563
vn 0.006529 0.846230 0.532779
vn -0.057692 0.731963 0.678898
vn 0.001721 0.711146 0.703043
vn 0.157428 0.824446 0.543603
vn 0.487974 0.772686 0.406003
vn 0.553649 0.752699 -0.356254
vn 0.399098 0.789127 -0.466904
vn 0.352741 0.718738 -0.599157
vn 0.276953 0.748281 -0.602804
vn 0.240556 0.756749 -0.607836
vn 0.254952 0.773918 -0.579698
vn 0.290388 0.865015 -0.409175
vn 0.409205 0.878665 -0.245965
vn 0.255780 0.956740 0.138657
vn 0.118603 0.963767 0.238928
vn 0.112139 0.966104 0.232524
vn 0.107892 0.963767 0.243950
vn 0.119329 0.963429 0.239927
vn 0.121408 0.969919 0.210991
vn 0.096840 0.982957 0.156259
vn 0.094340 0.981499 0.166615
vn 0.144144 0.989467 -0.013325
vn 0.134734 0.946905 -0.291921
vn 0.102154 0.897644 -0.428720
vn 0.057337 0.885488 -0.461111
vn 0.073794 0.880825 -0.467656
vn 0.113742 0.863647 -0.491097
vn 0.161212 0.862963 -0.478859
vn 0.227800 0.860245 -0.456165
vn 0.266155 0.894099 -0.360205
vn 0.313928 0.900969 -0.299506
vn 0.368424 0.876495 -0.309870
vn 0.294573 0.845963 -0.444492
vn 0.343499 0.824593 -0.449505
vn 0.258579 0.864955 -0.430105
vn 0.226692 0.886473 -0.403455
vn 0.227945 0.908542 -0.350132
vn 0.283342 0.918951 -0.274311
vn 0.120459 0.992699 -0.006154
vn 0.071008 0.997419 0.010608
vn 0.081008 0.996711 0.002204
vn 0.151832 0.988367 0.008862
vn 0.222450 0.969761 0.100397
vn 0.226213 0.969714 0.092100
vn 0.059528 0.991819 0.112920
vn -0.052229 0.984371 0.168183
vn -0.089993 0.956268 0.278303
vn -0.081074 0.917509 0.389365
vn 0.345387 0.843845 -0.410650
vn 0.270302 0.962043 -0.037546
vn 0.121564 0.984167 0.128990
vn 0.246041 0.840199 -0.483248
vn 0.014193 0.961549 0.274268
vn 0.013159 0.963367 0.267862
vn 0.040512 0.972292 0.230234
vn -0.030395 0.884538 0.465476
vn 0.237796 0.804240 -0.544657
vn 0.238323 0.821428 -0.518130
vn 0.249222 0.836234 -0.488468
vn 0.030462 0.998721 0.040367
vn 0.226728 0.856148 -0.464334
vn 0.327479 0.743728 -0.582774
vn 0.228008 0.966021 -0.121723
vn 0.044458 0.989693 -0.136132
vn 0.196539 0.863930 -0.463679
vn 0.197209 0.972634 -0.122848
vn 0.268646 0.810860 -0.519938
vn 0.167693 0.970538 -0.173015
vn 0.116270 0.970312 -0.212077
vn 0.188775 0.968791 -0.160647
vn 0.154922 0.987920 0.003565
vn 0.277022 0.956340 -0.093127
vn 0.185298 0.974280 0.128229
vn 0.166045 0.978499 0.122346
vn -0.007695 0.881092 0.472883
vn -0.052563 0.852975 0.519299
vn -0.089393 0.862014 0.498940
vn 0.029091 0.926844 0.374317
vn -0.063154 0.908091 0.413984
vn 0.083875 0.995374 -0.046849
vn 0.124534 0.987589 -0.095705
vn 0.032746 0.998991 -0.030744
vn 0.066687 0.992055 -0.106676
vn 0.088193 0.966742 0.240068
vn -0.007806 0.937908 0.346796
vn 0.114141 0.983819 -0.138105
vn -0.008536 0.959539 0.281446
vn 0.064828 0.981034 0.182673
vn 0.088373 0.995892 0.019741
vn 0.095292 0.980243 0.173330
vn 0.250380 0.949110 -0.191051
vn 0.375853 0.913553 -0.155419
vn 0.239353 0.970427 -0.031347
vn 0.336232 0.940461 -0.049801
vn 0.178468 0.964478 0.194762
vn 0.262646 0.957571 0.118643
vn 0.307006 0.949197 0.069091
vn 0.032835 0.976284 -0.213990
vn 0.077592 0.976303 -0.202017
vn 0.114864 0.977519 -0.176811
vn 0.123836 0.982776 -0.137174
vn 0.137253 0.982221 -0.128078
vn 0.171870 0.982969 -0.065055
vn 0.224154 0.974328 0.020989
vn 0.288189 0.957054 0.031526
vn -0.045568 -0.996778 0.066013
vn -0.096585 -0.994454 -0.041619
vn 0.002372 -0.988839 0.148972
vn -0.099292 -0.993518 -0.055339
vn -0.092218 -0.992153 -0.084426
vn -0.052094 -0.991512 -0.119126
vn 0.065416 -0.990892 -0.117703
vn 0.145589 -0.986123 -0.079788
vn -0.000748 -0.984315 0.176417
vn -0.110944 -0.979987 0.165278
vn -0.191421 -0.964934 0.179612
vn -0.187082 -0.961824 0.199738
vn -0.112825 -0.959433 0.258376
vn -0.121561 -0.928768 0.350162
vn 0.120882 -0.992627 0.008945
vn -0.141534 -0.929945 0.339368
vn -0.222666 -0.926290 0.303985
vn -0.226730 -0.903488 0.363735
vn -0.215021 -0.916315 0.337836
vn -0.167746 -0.923157 0.345895
vn -0.089420 -0.915966 0.391165
vn -0.064488 -0.922475 0.380633
vn -0.091967 -0.939060 0.331223
vn -0.012906 -0.934406 0.355977
vn 0.048831 -0.972810 0.226398
vn -0.043760 -0.995175 0.087816
vn -0.008261 -0.998483 0.054431
vn 0.094605 -0.994319 0.048786
vn 0.124594 -0.991160 0.045593
vn 0.023331 -0.996883 0.075368
vn -0.161289 -0.981201 0.105971
vn -0.023005 -0.994863 0.098579
vn 0.189882 -0.959306 0.208990
vn 0.120851 -0.924703 0.360999
vn 0.218924 -0.902484 0.370938
vn 0.108346 -0.929724 0.351958
vn 0.351341 -0.872225 0.340270
vn 0.344621 -0.920232 0.185497
vn 0.056053 -0.996838 0.056314
vn -0.009438 -0.997906 0.063991
vn 0.148475 -0.987449 0.053858
vn 0.234566 -0.964052 0.124832
vn -0.074868 -0.996692 0.031624
vn -0.167585 -0.983462 0.068686
vn -0.011108 -0.994732 0.101902
vn 0.019722 -0.992764 0.118449
vn -0.019939 -0.980799 0.193999
vn 0.124770 -0.983131 0.133742
vn 0.166394 -0.958290 0.232365
vn 0.189928 -0.975155 -0.114023
vn 0.044401 -0.994940 -0.090131
vn 0.078070 -0.989385 -0.122570
vn 0.093869 -0.988689 -0.116973
vn 0.040622 -0.991394 -0.124453
vn 0.121041 -0.980331 -0.155885
vn -0.048609 -0.976294 -0.210922
vn -0.129640 -0.982461 -0.134031
vn -0.197729 -0.978460 0.059330
vn -0.182600 -0.946918 0.264582
vn -0.105633 -0.923945 0.367650
vn -0.015451 -0.933767 0.357548
vn 0.067948 -0.944970 0.320025
vn 0.114286 -0.965755 0.232930
vn 0.123726 -0.949175 0.289410
vn 0.121569 -0.953989 0.274090
vn 0.290362 -0.930540 0.223128
vn 0.318755 -0.940038 0.121340
vn 0.284467 -0.954034 0.094327
vn 0.049190 -0.998441 -0.026381
vn 0.071495 -0.997320 -0.015510
vn 0.048876 -0.997841 0.043869
vn 0.051338 -0.995831 0.075400
vn -0.147599 -0.988902 -0.016959
vn -0.204306 -0.978537 -0.026928
vn -0.218714 -0.975449 -0.025763
vn -0.065600 -0.997814 -0.007971
vn -0.150483 0.857037 0.492791
vn -0.454347 -0.446790 0.770680
vn 0.060831 0.984684 0.163393
vn -0.237658 -0.938337 0.251084
vn -0.413315 0.009069 0.910543
vn -0.102977 0.870475 0.481321
vn -0.114601 0.795006 0.595678
vn -0.403959 -0.020401 0.914550
vn 0.019296 0.954161 0.298673
vn 0.029439 0.931059 0.363678
vn -0.321800 -0.694939 0.643043
vn -0.361356 -0.616150 0.699843
vn 0.129532 -0.597906 -0.791031
vn 0.429675 0.452303 -0.781538
vn -0.139477 -0.929889 -0.340371
vn 0.400364 0.778068 -0.484065
vn 0.394443 0.580364 -0.712456
vn 0.310765 -0.476610 -0.822356
vn 0.359330 -0.336049 -0.870605
vn 0.379772 0.629333 -0.678021
vn 0.133846 -0.868966 -0.476428
vn 0.200877 -0.778559 -0.594555
vn 0.295051 0.850663 -0.435107
vn 0.303433 0.850861 -0.428909
vn -0.097380 -0.991942 0.081051
vn -0.155473 -0.984789 0.077576
vn -0.150595 -0.983380 0.101410
vn -0.096151 -0.991886 0.083168
vn 0.025547 -0.998987 0.037051
vn 0.023864 -0.999647 0.011646
vn -0.002836 -0.997594 -0.069263
vn -0.029240 -0.977971 0.206683
vn -0.066693 -0.978116 0.197083
vn -0.227147 -0.963966 0.138474
vn -0.288593 -0.948012 0.134114
vn 0.036270 -0.984934 0.169084
vn 0.065865 -0.987777 0.141277
vn 0.080221 -0.990442 0.112199
vn 0.045171 -0.992007 0.117824
vn -0.015767 -0.974128 0.225445
vn -0.081693 -0.995375 0.050538
vn -0.134094 -0.974127 0.181919
vn -0.243809 -0.960942 0.130947
vn -0.245906 -0.968374 0.042202
vn -0.242645 -0.965696 0.092493
vn -0.244651 -0.967353 0.066132
vn -0.177696 -0.979074 0.099189
vn -0.190754 -0.976561 0.099710
vn -0.225366 -0.973099 0.047840
vn -0.054190 -0.982483 0.178298
vn -0.009241 -0.981462 0.191435
vn 0.017259 -0.981921 0.188503
vn -0.074971 -0.949521 0.304613
vn -0.098935 -0.967587 0.232351
vn -0.065511 -0.990881 0.117744
vn -0.133784 -0.989996 0.044839
vn -0.114985 -0.981946 0.150200
vn 0.129931 -0.959217 0.251039
vn 0.077777 -0.973046 0.217098
vn 0.018229 -0.988773 0.148309
vn -0.006154 -0.997392 0.071909
vn 0.080213 -0.986195 0.144865
vn 0.107139 -0.994183 0.011057
vn 0.011226 -0.998856 -0.046475
vn -0.047168 -0.998847 0.008894
vn 0.063960 -0.997635 -0.025167
vn 0.084488 -0.996359 -0.011394
vn -0.031054 -0.999050 0.030571
vn 0.041726 -0.999010 -0.015445
vn -0.140843 -0.983099 0.116964
vn -0.015995 -0.997882 0.063059
vn -0.141064 -0.986199 0.086670
vn -0.128785 -0.991623 -0.009953
vn -0.200566 -0.974648 0.099172
vn -0.174203 -0.981510 0.079324
vn -0.067448 -0.995454 -0.067240
vn -0.086655 -0.993042 -0.079737
vn -0.167824 -0.985785 -0.007875
vn -0.236718 -0.969154 0.068599
vn -0.183718 -0.958144 0.219562
vn -0.105965 -0.978071 0.179300
vn -0.065051 -0.996364 0.055022
vn -0.160001 -0.985583 -0.055015
vn -0.256623 -0.963127 -0.080813
vn -0.126241 -0.987645 0.092846
vn -0.136287 -0.987706 0.076566
vn -0.230687 -0.973028 -0.000424
vn -0.101416 -0.994843 0.001437
vn -0.160504 -0.977477 0.137029
vn -0.141136 -0.980856 0.134171
vn -0.039268 -0.996078 -0.079283
vn -0.055188 -0.989129 -0.136303
vn -0.149732 -0.988179 0.032905
vn -0.114678 -0.991538 0.060842
vn -0.157207 -0.965331 0.208380
vn -0.094624 -0.985957 0.137607
vn 0.019340 -0.992894 -0.117420
vn 0.011564 -0.992583 -0.121018
vn -0.111242 -0.981556 0.155479
vn -0.151397 -0.953475 0.260700
vn -0.249828 -0.967929 0.026446
vn -0.206775 -0.973437 0.098304
vn -0.084225 -0.996074 0.027252
vn -0.020442 -0.988457 -0.150117
vn -0.027599 -0.996136 -0.083371
vn -0.182516 -0.963617 0.195269
vn -0.215735 -0.966991 0.135599
vn -0.313289 -0.949658 0.000365
vn -0.269336 -0.963045 0.001273
vn -0.304330 -0.947107 0.101838
vn -0.242923 -0.968796 -0.049218
vn -0.310470 -0.949852 -0.037283
vn -0.206795 -0.973134 -0.101223
vn -0.138975 -0.986278 -0.089112
vn 0.325002 0.945676 0.008374
vn 0.229977 0.942040 0.244278
vn 0.292931 0.956021 0.014669
vn 0.325454 0.929554 -0.173235
vn 0.268726 0.936542 0.225110
vn 0.424668 0.903264 -0.061417
vn 0.371804 0.923050 0.098698
vn 0.395493 0.917404 0.044218
vn 0.379617 0.925131 -0.004873
vn 0.197230 0.977606 0.073391
vn 0.133438 0.987091 0.088575
vn 0.249314 0.960415 0.124284
vn 0.141598 0.989152 0.039096
vn 0.174025 0.982167 -0.071163
vn 0.188928 0.979555 -0.069121
vn 0.162122 0.986687 0.012879
vn 0.188732 0.974860 -0.118445
vn 0.203810 0.971481 -0.121185
vn 0.234918 0.933945 -0.269369
vn 0.255084 0.927270 -0.274050
vn 0.208625 0.974980 -0.076738
vn 0.161244 0.985309 0.056265
vn 0.156707 0.986588 0.045674
vn 0.194315 0.979969 -0.043624
vn 0.150833 0.987219 -0.051467
vn 0.164785 0.985070 -0.049827
vn 0.173165 0.984365 -0.032255
vn 0.152422 0.987997 -0.025074
vn 0.118575 0.992945 0.000162
vn 0.134724 0.990878 -0.003118
vn 0.081474 0.970936 0.225045
vn 0.097483 0.979003 0.179024
vn 0.134564 0.977438 0.162814
vn 0.094376 0.961755 0.257140
vn 0.061081 0.984135 0.166574
vn 0.109676 0.986783 0.119294
vn -0.240035 -0.968463 -0.066799
vn -0.241836 -0.969057 0.049443
vn -0.138518 -0.987752 0.071821
vn -0.104080 -0.994461 0.014622
vn -0.113229 -0.992969 0.034520
vn -0.147767 -0.985273 0.086033
vn -0.118963 -0.992454 -0.029717
vn -0.138834 -0.990305 0.004655
vn -0.189642 -0.973807 0.125439
vn -0.195477 -0.948918 0.247675
vn -0.152939 -0.983275 0.098897
vn -0.098731 -0.994368 -0.038531
vn -0.163366 -0.981196 0.102785
vn 0.020476 -0.985763 -0.166890
vn 0.036762 -0.971487 -0.234226
vn -0.048798 -0.998339 0.030615
vn -0.044842 -0.998962 -0.008028
vn -0.002837 -0.999846 0.017330
vn -0.045135 -0.992876 0.110269
vn -0.031102 -0.992681 0.116697
vn 0.015110 -0.998532 0.052023
vn 0.002450 -0.999239 -0.038920
vn 0.072847 -0.994661 -0.073097
vn -0.093408 -0.994409 -0.049260
vn -0.026154 -0.996493 -0.079480
vn 0.043481 -0.991702 -0.120982
vn -0.031418 -0.997519 -0.063004
vn -0.122252 -0.978150 0.168160
vn -0.105572 -0.977991 0.179965
vn -0.217965 -0.930221 0.295263
vn -0.161714 -0.932629 0.322572
vn -0.204347 -0.966372 0.156098
vn -0.146972 -0.958716 0.243438
vn -0.157675 -0.985582 -0.061377
vn -0.088971 -0.995748 0.023887
vn -0.176344 -0.984315 -0.005128
vn -0.080527 -0.996592 -0.017889
vn -0.149095 -0.938402 0.311723
vn -0.173741 -0.913098 0.368872
vn 0.023811 0.981300 0.191007
vn -0.111121 0.892939 0.436248
vn 0.087568 0.987635 0.130037
vn 0.137548 0.979815 0.145066
vn 0.186444 0.962977 0.194712
vn 0.331834 0.942600 0.037308
vn 0.353882 0.934457 0.039465
vn 0.327631 0.943689 0.045927
vn 0.371807 0.923458 -0.094789
vn 0.225576 0.960626 0.162211
vn 0.158104 0.972587 0.170520
vn 0.221595 0.973936 -0.048426
vn 0.193264 0.978578 -0.070948
vn 0.222397 0.944987 -0.239872
vn 0.317105 0.806910 -0.498339
vn 0.396756 0.433636 -0.809039
vn 0.138265 -0.659395 -0.738973
vn -0.074377 -0.937689 -0.339423
vn -0.159323 -0.984325 -0.075640
vn -0.174777 -0.984194 0.028557
vn -0.179020 -0.980795 0.077413
vn -0.233035 -0.942546 0.239376
vn -0.176763 -0.978377 0.107393
vn -0.095510 -0.993668 -0.059181
vn -0.155697 -0.981327 0.112940
vn -0.119743 -0.992442 0.026836
vn -0.088498 -0.995253 -0.040491
vn -0.102824 -0.993045 0.057349
vn -0.057165 -0.997809 0.033316
vn -0.061386 -0.996755 0.052061
vn -0.117224 -0.984577 0.129871
vn -0.230449 -0.912991 0.336661
vn -0.423773 -0.270172 0.864536
vn 0.014153 0.972256 0.233493
vn -0.091977 0.902520 0.420712
vn 0.065178 0.982340 0.175387
vn 0.081014 0.980542 0.178811
vn 0.083772 0.975812 0.201923
vn 0.195945 0.980287 0.025347
vn 0.226843 0.973650 -0.023427
vn 0.215205 0.976126 -0.029412
vn 0.267867 0.957342 -0.108364
vn 0.181753 0.979085 0.091426
vn 0.129964 0.987173 0.092732
vn 0.179355 0.981122 -0.072326
vn 0.188479 0.976280 -0.106549
vn 0.228756 0.939621 -0.254524
vn 0.306245 0.833955 -0.459057
vn 0.403641 0.507100 -0.761527
vn 0.226920 -0.608341 -0.760545
vn 0.038896 -0.926219 -0.374974
vn -0.039007 -0.993586 -0.106143
vn -0.080159 -0.995859 0.042900
vn -0.149347 -0.982376 0.112395
vn -0.260279 -0.933608 0.246234
vn -0.235622 -0.966725 0.099623
vn -0.164935 -0.981798 -0.094175
vn -0.200960 -0.977911 0.057484
vn -0.125623 -0.992078 0.000596
vn -0.070075 -0.996158 -0.052534
vn -0.058084 -0.998289 0.006733
vn -0.025593 -0.999593 0.012632
vn -0.055329 -0.994649 0.087246
vn -0.134005 -0.968187 0.211321
vn -0.278299 -0.835881 0.473132
vn -0.423905 -0.114790 0.898403
vn -0.482370 -0.143037 0.864210
vn -0.203617 0.701314 0.683154
vn -0.418252 0.644816 0.639748
vn -0.611015 -0.240029 0.754352
vn -0.500671 -0.703601 0.504256
vn -0.421789 -0.654145 0.627845
vn 0.029351 0.916847 0.398158
vn -0.130479 0.940281 0.314398
vn 0.383958 0.638390 -0.667109
vn 0.381830 -0.272121 -0.883265
vn 0.432336 -0.262891 -0.862539
vn 0.449857 0.658709 -0.603101
vn 0.251005 -0.702176 -0.666292
vn 0.300985 -0.640371 -0.706635
vn 0.401792 0.792428 -0.458934
vn 0.333859 0.830820 -0.445283
vn 0.180041 0.983650 -0.004137
vn 0.201016 0.977110 -0.069638
vn 0.232064 0.971660 -0.044985
vn 0.222970 0.974673 -0.017257
vn 0.229310 0.967016 -0.110889
vn 0.269455 0.960269 -0.072646
vn 0.297581 0.911440 -0.284119
vn 0.363574 0.883607 -0.295047
vn 0.192505 0.981062 -0.021439
vn 0.164193 0.985234 0.048532
vn 0.187090 0.980134 0.065834
vn 0.203113 0.979095 0.010893
vn 0.157340 0.987542 0.002105
vn 0.179923 0.983476 -0.020083
vn 0.190105 0.981762 -0.001851
vn 0.154436 0.987684 0.025084
vn 0.155668 0.987804 -0.003258
vn 0.156652 0.987650 -0.002949
vn 0.108199 0.961096 0.254142
vn 0.144581 0.980592 0.132420
vn 0.130187 0.987840 0.084992
vn 0.046284 0.980776 0.189566
vn 0.141566 0.987594 0.067958
vn 0.146262 0.988827 0.028805
vn 0.080882 -0.957821 -0.275749
vn 0.159927 -0.922056 -0.352471
vn -0.011658 -0.999263 -0.036570
vn 0.056303 -0.996565 -0.060730
vn -0.020478 -0.999661 0.016073
vn -0.059906 -0.994498 0.085933
vn -0.146434 -0.989215 0.003220
vn -0.086658 -0.992560 -0.085527
vn 0.061359 -0.989045 -0.134258
vn -0.023220 -0.991392 -0.128853
vn 0.017314 -0.999589 -0.022852
vn 0.064430 -0.988626 -0.135892
vn 0.026293 -0.998908 -0.038630
vn 0.049344 -0.997287 0.054629
vn -0.076749 -0.984658 0.156709
vn -0.038478 -0.989007 0.142772
vn -0.120403 -0.943116 0.309897
vn -0.094050 -0.957601 0.272315
vn -0.123726 -0.941005 0.314964
vn -0.106154 -0.935315 0.337516
vn -0.038271 -0.993855 0.103863
vn 0.010297 -0.986158 0.165488
vn 0.011146 -0.999937 -0.001111
vn 0.088031 -0.995675 0.029684
vn -0.232884 -0.912288 0.336891
vn -0.330672 -0.910408 0.248623
vn -0.478815 -0.751429 0.453972
vn -0.343130 -0.921453 0.182170
vn -0.200450 -0.979245 -0.029990
vn -0.133341 -0.989967 -0.046759
vn -0.077761 -0.996285 0.036994
vn -0.015924 -0.993595 0.111870
vn 0.046393 -0.992830 0.110167
vn 0.109822 -0.992120 0.060310
vn 0.036083 -0.982585 0.182274
vn -0.087774 -0.944891 0.315398
vn -0.073445 -0.964981 0.251827
vn -0.013963 -0.991409 0.130050
vn 0.087326 -0.988144 -0.126279
vn 0.195998 -0.875749 -0.441189
vn 0.328770 -0.626902 -0.706332
vn 0.471742 -0.345308 -0.811309
vn 0.520428 0.672103 -0.526718
vn 0.471449 0.761054 -0.445571
vn 0.424719 0.853225 -0.302689
vn 0.311160 0.949466 -0.041157
vn 0.273002 0.962012 -0.001831
vn 0.259269 0.965739 -0.011327
vn 0.213986 0.973901 0.075681
vn 0.236656 0.970359 0.048972
vn 0.220346 0.974225 0.048305
vn 0.176143 0.981641 0.073176
vn 0.173258 0.984337 0.032586
vn 0.145327 0.988653 0.038010
vn 0.093421 0.993263 0.068559
vn -0.045175 0.982544 0.180460
vn -0.231144 0.899214 0.371465
vn -0.508790 0.578364 0.637673
vn -0.629051 -0.312997 0.711567
vn -0.388893 -0.807868 0.442844
vn -0.235235 -0.956460 0.172768
vn -0.162657 -0.986029 0.035923
vn -0.177673 -0.977586 0.112954
vn -0.139485 -0.974757 0.174333
vn -0.079351 -0.983339 0.163550
vn -0.013370 -0.992479 0.121686
vn 0.061296 -0.995418 0.073382
vn 0.015128 -0.986805 0.161205
vn -0.086521 -0.957443 0.275348
vn -0.074943 -0.967372 0.242024
vn -0.005552 -0.997304 0.073176
vn 0.087158 -0.968681 -0.232510
vn 0.178501 -0.842694 -0.507942
vn 0.301772 -0.649195 -0.698198
vn 0.416611 -0.410472 -0.811140
vn 0.516164 0.679635 -0.521221
vn 0.482788 0.758105 -0.438397
vn 0.447029 0.834790 -0.321388
vn 0.336345 0.940763 -0.042860
vn 0.299653 0.953378 0.035768
vn 0.274458 0.961211 0.027309
vn 0.240647 0.968380 0.065800
vn 0.266833 0.962047 0.057148
vn 0.234784 0.966870 0.100192
vn 0.191367 0.974094 0.120501
vn 0.178743 0.980414 0.082695
vn 0.138991 0.986916 0.081719
vn 0.084308 0.989233 0.119625
vn -0.074319 0.951726 0.297816
vn -0.256813 0.839406 0.479003
vn -0.510551 0.477421 0.715127
vn -0.570640 -0.390000 0.722683
vn -0.538213 -0.490136 0.685633
vn -0.546849 0.268829 0.792898
vn -0.540085 0.008201 0.841571
vn -0.460599 -0.616470 0.638603
vn -0.308822 0.762139 0.569011
vn -0.365985 0.661093 0.654989
vn -0.301655 -0.877702 0.372349
vn -0.345339 -0.849192 0.399518
vn 0.453391 0.706704 -0.543145
vn 0.340728 -0.452422 -0.824148
vn 0.364346 -0.477506 -0.799525
vn 0.405614 0.768702 -0.494545
vn 0.361640 0.807982 -0.465168
vn 0.424715 0.781057 -0.457784
vn 0.243860 -0.650063 -0.719688
vn 0.252701 -0.652060 -0.714815
vn -0.100775 0.932090 0.347927
vn -0.143398 0.903093 0.404797
vn 0.309195 0.947194 0.084986
vn 0.329811 0.943111 0.042019
vn 0.267117 0.963227 -0.029034
vn 0.258403 0.964585 0.052949
vn 0.352375 0.930559 -0.099455
vn 0.298084 0.931930 -0.206525
vn 0.413473 0.831814 -0.370305
vn 0.355099 0.826070 -0.437622
vn 0.280040 0.957462 0.069595
vn 0.286505 0.953892 0.089470
vn 0.250837 0.964422 0.083490
vn 0.229928 0.970361 0.074382
vn 0.178679 0.971729 0.154326
vn 0.221842 0.966707 0.127532
vn 0.175206 0.977975 0.113432
vn 0.132576 0.980971 0.141842
vn 0.157354 0.978841 0.130805
vn 0.098693 0.986609 0.129859
vn 0.073101 0.985259 0.154665
vn 0.052734 0.986531 0.154841
vn 0.125803 0.984218 0.124449
vn 0.089671 0.991110 0.098281
vn 0.119799 -0.821373 -0.557668
vn 0.105477 -0.818652 -0.564521
vn 0.022828 -0.929838 -0.367261
vn -0.037200 -0.908721 -0.415743
vn -0.210586 -0.960847 0.180074
vn -0.124179 -0.989934 0.067903
vn -0.111476 -0.989083 0.096376
vn -0.190473 -0.961633 0.197438
vn -0.210740 -0.955281 0.207429
vn -0.223882 -0.945912 0.234792
vn -0.087542 -0.989953 0.111039
vn -0.142655 -0.977811 0.153412
vn -0.161738 -0.975665 0.148049
vn -0.124341 -0.989259 0.076857
vn -0.105209 -0.990926 -0.083646
vn -0.229043 -0.953685 -0.195001
vn -0.193644 -0.970634 0.142730
vn -0.323650 -0.946110 -0.011222
vn -0.156943 -0.972049 0.174616
vn -0.230460 -0.973082 -0.000459
vn -0.050363 -0.994087 0.096205
vn -0.114750 -0.993224 -0.018408
vn -0.020338 -0.998344 0.053818
vn -0.086158 -0.996281 -0.000424
vn -0.171128 -0.974192 0.147193
vn -0.144727 -0.979366 0.141055
vn -0.206918 -0.863991 0.459026
vn -0.076224 -0.965267 0.249898
vn -0.062429 -0.978271 0.197708
vn -0.130078 -0.960106 0.247541
vn -0.178306 -0.953893 0.241445
vn -0.145056 -0.982219 0.119180
vn -0.117115 -0.993112 0.003637
vn -0.112125 -0.989823 -0.087629
vn -0.137611 -0.979115 -0.149654
vn -0.232307 -0.964242 -0.127557
vn -0.320050 -0.946266 -0.046359
vn -0.230340 -0.960545 -0.155874
vn -0.035032 -0.924118 -0.380499
vn 0.109492 -0.823888 -0.556076
vn 0.243697 -0.674653 -0.696746
vn 0.363447 -0.453345 -0.813871
vn 0.377207 0.829981 -0.410909
vn 0.343825 0.837394 -0.424918
vn 0.346170 0.817400 -0.460461
vn 0.267901 0.924566 -0.270936
vn 0.207988 0.972818 -0.101816
vn 0.191363 0.981443 -0.012221
vn 0.174063 0.983821 0.042413
vn 0.153404 0.986447 0.058225
vn 0.118241 0.989512 0.082979
vn 0.076149 0.990574 0.113860
vn 0.059950 0.990903 0.120491
vn 0.103896 0.989943 0.096008
vn 0.066547 0.979294 0.191192
vn -0.173196 0.858570 0.482556
vn -0.392528 0.539427 0.744944
vn -0.516276 -0.102947 0.850212
vn -0.358629 -0.657160 0.662968
vn -0.023011 -0.926409 0.375815
vn -0.203936 -0.828272 0.521896
vn 0.022482 -0.952635 0.303285
vn -0.036301 -0.959139 0.280595
vn -0.097721 -0.976304 0.193084
vn -0.096969 -0.994130 0.047988
vn -0.078819 -0.994785 -0.064736
vn -0.080538 -0.984253 -0.157350
vn -0.106669 -0.970297 -0.217128
vn -0.194196 -0.974108 -0.115762
vn -0.262165 -0.964047 0.043387
vn -0.172208 -0.982551 -0.070265
vn 0.000874 -0.937418 -0.348206
vn 0.135518 -0.826614 -0.546208
vn 0.234015 -0.729283 -0.642949
vn 0.371513 -0.494203 -0.785966
vn 0.376040 0.797649 -0.471540
vn 0.413255 0.806826 -0.422199
vn 0.423177 0.793934 -0.436566
vn 0.358584 0.893321 -0.270915
vn 0.303893 0.946846 -0.105509
vn 0.275761 0.961223 0.002557
vn 0.219960 0.971229 0.091278
vn 0.179595 0.976924 0.115610
vn 0.143161 0.980110 0.137438
vn 0.105085 0.978076 0.179788
vn 0.109895 0.976853 0.183526
vn 0.152805 0.976856 0.149673
vn 0.101180 0.961763 0.254510
vn -0.152951 0.829973 0.536425
vn -0.397934 0.572003 0.717259
vn -0.565986 -0.005573 0.824396
vn -0.401245 -0.610654 0.682719
vn 0.481294 0.490614 -0.726398
vn 0.424915 -0.722194 -0.545787
vn 0.591498 -0.076965 -0.802625
vn 0.315147 -0.938000 -0.144352
vn 0.056260 -0.985466 0.160285
vn 0.441086 -0.459102 -0.771148
vn 0.036919 -0.979083 0.200084
vn 0.220458 -0.636323 -0.739251
vn -0.028575 -0.995444 0.090964
vn 0.032616 -0.717040 -0.696268
vn -0.231961 -0.903557 -0.360250
vn -0.055297 -0.642264 -0.764487
vn 0.270727 -0.827067 -0.492612
vn 0.192548 -0.942718 -0.272413
vn 0.027771 -0.998102 -0.054972
vn 0.089507 -0.995935 0.010141
vn 0.087451 -0.992388 -0.086705
vn -0.098458 -0.957560 -0.270896
vn -0.650221 0.136479 0.747386
vn -0.561504 -0.461547 0.686795
vn -0.654582 0.203709 0.728028
vn -0.623486 -0.264989 0.735559
vn -0.631225 0.191203 0.751662
vn -0.657898 -0.046847 0.751649
vn -0.614311 0.131421 0.778043
vn -0.665549 0.003341 0.746347
vn -0.526165 0.039508 0.849464
vn -0.600840 -0.105798 0.792337
vn -0.435381 -0.008347 0.900208
vn -0.496691 -0.175818 0.849933
vn -0.331339 -0.791046 0.514258
vn -0.427258 -0.708702 0.561419
vn -0.522707 -0.527184 0.669966
vn -0.614127 -0.427580 0.663343
vn -0.646060 -0.364614 0.670570
vn -0.586447 -0.404046 0.702016
vn 0.142818 -0.914004 -0.379737
vn 0.028955 -0.899193 -0.436594
vn 0.130125 -0.919938 -0.369841
vn 0.078547 -0.933471 -0.349945
vn 0.129321 -0.924945 -0.357426
vn 0.152964 -0.868839 -0.470872
vn -0.126857 -0.991629 -0.024060
vn 0.018098 -0.950473 -0.310279
vn 0.035517 -0.969223 -0.243611
vn -0.080961 -0.996708 -0.004199
vn -0.027751 -0.984891 0.170938
vn 0.057821 -0.985915 -0.156934
vn 0.110992 -0.984978 -0.132282
vn 0.061178 -0.978734 0.195799
vn 0.041139 -0.994133 0.100042
vn 0.108544 -0.977242 -0.182254
vn 0.001373 -0.997455 -0.071288
vn 0.036620 -0.956537 -0.289301
vn -0.101324 -0.930624 0.351670
vn -0.185403 -0.931783 0.312099
vn -0.216447 -0.913681 0.344002
vn -0.293805 -0.896514 0.331574
vn -0.396278 -0.875303 0.277144
vn -0.437823 -0.829129 0.347644
vn -0.097937 -0.994941 -0.022379
vn -0.047646 -0.998053 -0.040239
vn -0.014997 -0.999866 -0.006584
vn -0.053875 -0.991976 0.114377
vn -0.002530 -0.996430 0.084382
vn 0.022763 -0.999378 -0.026947
vn -0.004133 -0.999915 0.012369
vn 0.033295 -0.999382 0.011289
vn 0.050324 -0.997336 -0.052811
vn 0.041098 -0.973204 0.226241
vn 0.039365 -0.985513 0.164970
vn -0.009726 -0.993857 0.110241
vn -0.010880 -0.999751 -0.019484
vn -0.028378 -0.995933 -0.085510
vn -0.018602 -0.986392 -0.163352
vn -0.036472 -0.980695 -0.192111
vn -0.134746 -0.990681 0.019891
vn -0.195224 -0.968348 0.155529
vn 0.010125 -0.995816 0.090820
vn 0.003598 -0.999312 0.036910
vn 0.057868 -0.997193 -0.047508
vn 0.052426 -0.998617 -0.003935
vn 0.032230 -0.998972 -0.031880
vn 0.008993 -0.978279 0.207097
vn 0.027061 -0.999185 -0.029950
vn 0.051697 -0.997168 -0.054625
vn 0.049166 -0.993798 -0.099737
vn -0.034806 -0.991801 0.122959
vn 0.015136 -0.987609 0.156204
vn 0.052942 -0.993994 0.095781
vn -0.021951 -0.997696 0.064201
vn 0.025859 -0.983385 0.179680
vn 0.052581 -0.980808 0.187752
vn -0.498495 0.509158 0.701613
vn -0.524664 0.489740 0.696335
vn -0.516799 0.412164 0.750360
vn -0.505443 0.375205 0.777012
vn -0.423443 0.329427 0.843904
vn -0.325732 0.311617 0.892633
vn 0.360554 0.814917 -0.453774
vn 0.396144 0.709885 -0.582352
vn 0.345386 0.696142 -0.629361
vn 0.518780 0.433315 -0.736957
vn 0.133208 -0.332678 -0.933585
vn 0.172302 -0.360925 -0.916540
vn 0.319111 -0.244256 -0.915700
vn 0.510623 0.035495 -0.859072
vn 0.212203 -0.169792 -0.962362
vn 0.244684 -0.153716 -0.957341
vn 0.437526 -0.047407 -0.897955
vn 0.653062 0.295912 -0.697098
vn 0.582515 0.570410 -0.579058
vn 0.463283 0.757891 -0.459315
vn 0.462332 0.720457 -0.516905
vn 0.232430 -0.137735 -0.962811
vn 0.390518 -0.036997 -0.919852
vn 0.673544 0.174789 -0.718183
vn 0.790606 0.370109 -0.487813
vn 0.663028 0.588488 -0.462683
vn -0.260910 0.761543 0.593277
vn 0.118034 0.922824 0.366694
vn 0.030027 0.894936 0.445182
vn 0.186606 0.949483 0.252309
vn 0.199586 0.953873 0.224258
vn 0.165192 0.952224 0.256868
vn 0.423751 0.856416 -0.294935
vn 0.387209 0.915687 -0.107641
vn 0.364098 0.931112 0.021508
vn 0.293785 0.940790 0.169131
vn 0.250531 0.943689 0.216067
vn 0.207738 0.946565 0.246696
vn 0.161911 0.946493 0.279172
vn 0.491173 0.792343 -0.361859
vn 0.476718 0.874036 -0.093810
vn 0.430542 0.901532 0.043290
vn 0.345800 0.915044 0.207644
vn 0.313507 0.905733 0.285238
vn 0.270875 0.895632 0.352804
vn 0.227065 0.890176 0.395003
vn 0.246888 0.898486 0.363001
vn 0.261169 0.911408 0.318005
vn 0.596847 0.715700 -0.362695
vn 0.583860 0.810854 -0.040292
vn 0.504553 0.854510 0.123444
vn 0.433770 0.862667 0.260093
vn 0.408233 0.843271 0.349628
vn 0.354764 0.816727 0.455082
vn 0.294443 0.805175 0.514778
vn 0.289131 0.840949 0.457393
vn 0.235212 0.888388 0.394261
vn 0.765216 0.515093 -0.386165
vn 0.816130 0.469344 -0.337116
vn 0.730941 0.645332 -0.221971
vn 0.629466 0.777026 -0.002032
vn 0.540809 0.823489 0.171440
vn 0.476411 0.834523 0.276775
vn 0.444044 0.826942 0.344951
vn 0.680173 0.682887 -0.266515
vn 0.578028 0.812064 -0.080226
vn 0.483787 0.869188 0.102284
vn 0.416586 0.884948 0.208142
vn 0.382039 0.887383 0.258066
vn 0.368710 0.805858 0.463299
vn 0.279314 0.788247 0.548316
vn 0.245537 0.824802 0.509326
vn 0.161043 0.868763 0.468312
vn -0.067554 0.848172 0.525396
vn -0.333578 0.706092 0.624628
vn 0.313538 0.872964 0.373668
vn 0.237280 0.830800 0.503458
vn 0.207329 0.816931 0.538182
vn 0.098724 0.824832 0.556692
vn -0.131875 0.776526 0.616130
vn -0.342156 0.646273 0.682100
vn 0.012065 0.820469 0.571563
vn 0.150134 0.861227 0.485538
vn -0.182314 0.734899 0.653211
vn -0.344114 0.606706 0.716585
vn 0.532103 0.838899 -0.114522
vn 0.428729 0.902346 0.044303
vn 0.344939 0.925842 0.154379
vn 0.303030 0.935063 0.183931
vn 0.254995 0.930731 0.262140
vn 0.200000 0.897188 0.393768
vn 0.725589 0.462277 -0.509727
vn 0.648902 0.720157 -0.245561
vn 0.283421 -0.122525 -0.951136
vn 0.540722 0.158360 -0.826161
vn 0.790560 0.462634 -0.401229
vn 0.568983 0.145717 -0.809336
vn 0.614983 -0.348075 -0.707559
vn 0.839231 0.462405 -0.286136
vn 0.709017 0.700770 -0.078848
vn 0.656419 0.754230 0.015848
vn 0.521051 0.853158 -0.025028
vn 0.521366 0.848122 0.094166
vn 0.366404 0.930151 0.023808
vn 0.336391 0.932104 0.134254
vn 0.263170 0.958495 0.109680
vn 0.231717 0.964067 0.129934
vn 0.209657 0.962782 0.170569
vn 0.233791 0.965794 0.112178
vn 0.227072 0.961120 0.157122
vn 0.234384 0.965518 0.113306
vn 0.156179 0.948907 0.274195
vn 0.080140 0.920374 0.382739
vn -0.032306 0.850666 0.524714
vn -0.182928 0.723187 0.665986
vn -0.315906 0.567823 0.760119
vn -0.240004 0.539471 0.807075
vn 0.170326 0.950431 0.260133
vn 0.110198 0.924975 0.363701
vn 0.022851 0.862989 0.504706
vn -0.128730 0.725627 0.675940
vn 0.170408 -0.941330 0.291307
vn 0.162388 -0.950917 0.263415
vn 0.160873 -0.937709 0.307931
vn 0.165457 -0.942378 0.290771
vn 0.176495 -0.925744 0.334436
vn 0.147913 -0.901107 0.407587
vn 0.142669 -0.732713 0.665415
vn 0.032662 -0.852635 0.521485
vn -0.396436 -0.004136 0.918053
vn -0.481538 -0.389101 0.785316
vn -0.427275 -0.835851 0.344659
vn -0.177569 -0.983200 0.042277
vn -0.057344 -0.998304 -0.010044
vn -0.104663 -0.993046 0.053894
vn -0.087350 -0.995169 -0.044829
vn -0.057044 -0.969131 -0.239857
vn -0.039365 -0.902574 -0.428731
vn -0.044437 -0.834420 -0.549335
vn -0.174951 -0.843369 -0.508056
vn 0.187546 -0.978018 0.091149
vn 0.162326 -0.982717 -0.088977
vn 0.514183 -0.784252 -0.347225
vn 0.394484 -0.439921 -0.806754
vn 0.698973 -0.350158 -0.623559
vn 0.593047 -0.289077 -0.751485
vn 0.732490 -0.664482 -0.148062
vn 0.729150 -0.678821 0.086850
vn 0.543846 -0.411867 0.731162
vn 0.581447 -0.139670 0.801506
vn 0.416753 -0.628410 0.656824
vn 0.478736 -0.709607 0.516981
vn 0.814980 -0.569628 0.106450
vn 0.745550 -0.478667 0.463716
vn 0.882728 -0.377477 0.279825
vn 0.772100 -0.300860 0.559772
vn 0.803724 -0.420771 0.420689
vn 0.589491 -0.688868 0.421856
vn 0.418137 -0.787599 0.452602
vn 0.181921 -0.983312 0.001466
vn 0.047543 -0.921669 -0.385052
vn 0.000040 -0.923273 -0.384145
vn -0.050124 -0.979672 -0.194244
vn -0.072715 -0.997349 -0.002877
vn -0.095181 -0.995270 0.019467
vn -0.203909 -0.964442 0.168146
vn -0.326878 -0.767228 0.551826
vn 0.286967 -0.832992 0.473048
vn 0.268155 -0.920371 0.284623
vn 0.221680 -0.971791 0.080496
vn 0.133222 -0.990481 -0.034618
vn 0.030096 -0.996389 0.079390
vn -0.029940 -0.986254 0.162499
vn -0.037834 -0.984899 0.168949
vn -0.021176 -0.633359 0.773569
vn 0.155034 -0.519554 0.840255
vn 0.231625 -0.859835 0.455009
vn 0.227213 -0.928632 0.293286
vn 0.153369 -0.920934 0.358270
vn 0.101651 -0.969161 0.224488
vn -0.319180 -0.396564 0.860733
vn -0.198356 -0.091621 0.975839
vn -0.052745 -0.381888 0.922702
vn 0.017566 -0.154245 0.987876
vn 0.134839 -0.356532 0.924502
vn 0.181237 -0.199312 0.963031
vn 0.209296 -0.090073 0.973695
vn 0.424222 0.875507 0.231352
vn 0.447885 0.853113 0.267576
vn 0.472052 0.823356 0.315041
vn 0.557432 0.823319 0.106844
vn 0.351323 0.882567 0.312486
vn 0.295699 0.935015 0.195726
vn 0.309783 0.938799 0.150636
vn 0.281120 0.941654 0.185091
vn 0.219340 0.940145 0.260799
vn 0.159528 0.925634 0.343150
vn 0.063129 0.876257 0.477691
vn -0.047655 0.754518 0.654546
vn -0.106263 0.567372 0.816577
vn -0.140879 0.296396 0.944618
vn 0.065794 0.015312 0.997716
vn 0.582586 0.696660 0.418639
vn 0.464942 0.808383 0.361034
vn 0.422933 0.814943 0.396227
vn 0.358395 0.664458 0.655781
vn 0.254746 0.482157 0.838230
vn 0.174851 0.347309 0.921305
vn 0.236867 0.118851 0.964245
vn 0.096266 0.349114 0.932123
vn 0.307192 0.861345 0.404620
vn 0.319468 0.901869 0.290815
vn 0.279605 0.932045 0.230464
vn 0.294668 0.894741 0.335573
vn 0.266794 0.792622 0.548243
vn 0.119155 0.623741 0.772496
vn 0.435986 0.818029 0.375159
vn 0.388970 0.725936 0.567204
vn 0.316973 0.542186 0.778179
vn 0.264663 0.405901 0.874756
vn 0.511624 0.767984 0.385282
vn 0.540282 0.659557 0.522570
vn 0.450162 0.569932 0.687410
vn 0.273174 0.481576 0.832743
vn 0.527546 0.709182 0.467714
vn 0.599210 0.603823 0.525685
vn 0.574198 0.636810 0.514558
vn 0.485468 0.715834 0.501899
vn 0.427794 0.748586 0.506568
vn 0.358781 0.851492 0.382410
s 1
g polySurface1
usemtl lambert3SG
f 1/1/1 2/2/2 3/3/3 4/4/4
f 6/5/5 5/6/6 3/3/3 2/2/2
f 8/7/7 2/2/2 1/1/1 7/8/8
f 2/2/2 8/7/7 9/9/9 6/5/5
f 13/10/10 10/11/11 11/12/12 12/13/13
f 15/14/14 13/10/10 12/13/13 14/15/15
f 11/12/12 16/16/16 17/17/17 12/13/13
f 17/17/17 18/18/18 14/15/15 12/13/13
f 7/8/8 34/19/19 35/20/20 8/7/7
f 8/7/7 35/20/20 36/21/21 9/9/9
f 23/22/22 40/23/23 41/24/24 22/25/25
f 41/24/24 42/26/26 24/27/27 22/25/25
f 19/28/28 31/29/29 32/30/30 20/31/31
f 20/31/31 32/30/30 33/32/32 21/33/33
f 25/34/34 88/35/35 89/36/36 26/37/37
f 26/37/37 89/36/36 90/38/38 27/39/39
f 29/40/40 28/41/41 37/42/42 38/43/43
f 30/44/44 29/40/40 38/43/43 39/45/45
f 32/30/30 31/29/29 25/34/34 26/37/37
f 33/32/32 32/30/30 26/37/37 27/39/39
f 35/20/20 34/19/19 19/28/28 20/31/31
f 36/21/21 35/20/20 20/31/31 21/33/33
f 38/43/43 37/42/42 23/22/22 22/25/25
f 39/45/45 38/43/43 22/25/25 24/27/27
f 41/24/24 40/23/23 15/14/14 14/15/15
f 18/18/18 42/26/26 41/24/24 14/15/15
f 73/46/46 74/47/47 43/48/48 44/49/49
f 43/48/48 74/47/47 75/50/50 45/51/51
f 10/11/11 70/52/52 71/53/53 11/12/12
f 71/53/53 72/54/54 16/16/16 11/12/12
f 46/55/55 82/56/56 83/57/57 47/58/58
f 83/57/57 84/59/59 48/60/60 47/58/58
f 53/61/61 79/62/62 80/63/63 52/64/64
f 52/64/64 80/63/63 81/65/65 54/66/66
f 56/67/67 163/68/68 164/69/69 55/70/70
f 164/69/69 165/71/71 57/72/72 55/70/70
f 49/73/73 178/74/74 179/75/75 50/76/76
f 50/76/76 179/75/75 180/77/77 51/78/78
f 206/79/79 207/80/80 159/81/81 160/82/82
f 160/82/82 161/83/83 205/84/84 206/79/79
f 61/85/85 103/86/86 104/87/87 62/88/88
f 104/87/87 105/89/89 63/90/90 62/88/88
f 213/91/91 214/92/92 67/93/93 68/94/94
f 64/95/95 68/94/94 67/93/93 65/96/96
f 69/97/97 66/98/98 65/96/96 67/93/93
f 214/92/92 215/99/99 69/97/97 67/93/93
f 71/53/53 70/52/52 46/55/55 47/58/58
f 48/60/60 72/54/54 71/53/53 47/58/58
f 3/3/3 74/47/47 73/46/46 4/4/4
f 75/50/50 74/47/47 3/3/3 5/6/6
f 77/100/100 76/101/101 44/49/49 43/48/48
f 78/102/102 77/100/100 43/48/48 45/51/51
f 80/63/63 79/62/62 76/101/101 77/100/100
f 81/65/65 80/63/63 77/100/100 78/102/102
f 83/57/57 82/56/56 85/103/103 86/104/104
f 86/104/104 87/105/105 84/59/59 83/57/57
f 86/104/104 85/103/103 49/73/73 50/76/76
f 51/78/78 87/105/105 86/104/104 50/76/76
f 89/36/36 88/35/35 28/41/41 29/40/40
f 90/38/38 89/36/36 29/40/40 30/44/44
f 88/35/35 91/106/106 92/107/107 28/41/41
f 25/34/34 93/108/108 91/106/106 88/35/35
f 93/108/108 109/109/109 110/110/110 91/106/106
f 110/110/110 111/111/111 92/107/107 91/106/106
f 95/112/112 94/113/113 119/114/114 120/115/115
f 96/116/116 95/112/112 120/115/115 121/117/117
f 98/118/118 97/119/119 145/120/120 146/121/121
f 99/122/122 98/118/118 146/121/121 147/123/123
f 104/87/87 103/86/86 64/95/95 65/96/96
f 66/98/98 105/89/89 104/87/87 65/96/96
f 210/124/124 211/125/125 106/126/126 107/127/127
f 209/128/128 210/124/124 107/127/127 108/129/129
f 107/127/127 103/86/86 61/85/85 108/129/129
f 106/126/126 64/95/95 103/86/86 107/127/127
f 110/110/110 109/109/109 94/113/113 95/112/112
f 96/116/116 111/111/111 110/110/110 95/112/112
f 31/29/29 112/130/130 93/108/108 25/34/34
f 113/131/131 37/42/42 28/41/41 92/107/107
f 113/131/131 114/132/132 23/22/22 37/42/42
f 111/111/111 114/132/132 113/131/131 92/107/107
f 112/130/130 115/133/133 109/109/109 93/108/108
f 19/28/28 115/133/133 112/130/130 31/29/29
f 34/19/19 116/134/134 115/133/133 19/28/28
f 109/109/109 115/133/133 116/134/134 94/113/113
f 23/22/22 114/132/132 117/135/135 40/23/23
f 96/116/116 117/135/135 114/132/132 111/111/111
f 118/136/136 116/134/134 34/19/19 7/8/8
f 120/115/115 119/114/114 127/137/137 128/138/138
f 121/117/117 120/115/115 128/138/138 129/139/139
f 122/140/140 119/114/114 94/113/113 116/134/134
f 117/135/135 123/141/141 15/14/14 40/23/23
f 124/142/142 117/135/135 96/116/116 121/117/117
f 118/136/136 125/143/143 122/140/140 116/134/134
f 126/144/144 123/141/141 117/135/135 124/142/142
f 128/138/138 127/137/137 134/145/145 135/146/146
f 129/139/139 128/138/138 135/146/146 136/147/147
f 1/1/1 125/143/143 118/136/136 7/8/8
f 126/144/144 13/10/10 15/14/14 123/141/141
f 119/114/114 122/140/140 130/148/148 127/137/137
f 131/149/149 130/148/148 122/140/140 125/143/143
f 4/4/4 131/149/149 125/143/143 1/1/1
f 129/139/139 132/150/150 124/142/142 121/117/117
f 132/150/150 133/151/151 126/144/144 124/142/142
f 13/10/10 126/144/144 133/151/151 10/11/11
f 135/146/146 134/145/145 97/119/119 98/118/118
f 136/147/147 135/146/146 98/118/118 99/122/122
f 127/137/137 130/148/148 137/152/152 134/145/145
f 138/153/153 97/119/119 134/145/145 137/152/152
f 139/154/154 137/152/152 130/148/148 131/149/149
f 140/155/155 138/153/153 137/152/152 139/154/154
f 44/49/49 140/155/155 139/154/154 73/46/46
f 73/46/46 139/154/154 131/149/149 4/4/4
f 142/156/156 141/157/157 136/147/147 99/122/122
f 136/147/147 141/157/157 132/150/150 129/139/139
f 133/151/151 132/150/150 141/157/157 143/158/158
f 143/158/158 141/157/157 142/156/156 144/159/159
f 70/52/52 143/158/158 144/159/159 46/55/55
f 143/158/158 70/52/52 10/11/11 133/151/151
f 146/121/121 145/120/120 148/160/160 149/161/161
f 147/123/123 146/121/121 149/161/161 150/162/162
f 149/161/161 148/160/160 100/163/163 101/164/164
f 150/162/162 149/161/161 101/164/164 102/165/165
f 140/155/155 44/49/49 76/101/101 151/166/166
f 138/153/153 140/155/155 151/166/166 152/167/167
f 97/119/119 138/153/153 152/167/167 145/120/120
f 145/120/120 152/167/167 153/168/168 148/160/160
f 154/169/169 153/168/168 152/167/167 151/166/166
f 151/166/166 76/101/101 79/62/62 154/169/169
f 147/123/123 150/162/162 155/170/170 156/171/171
f 99/122/122 147/123/123 156/171/171 142/156/156
f 144/159/159 142/156/156 156/171/171 157/172/172
f 155/170/170 158/173/173 157/172/172 156/171/171
f 46/55/55 144/159/159 157/172/172 82/56/56
f 158/173/173 85/103/103 82/56/56 157/172/172
f 160/82/82 159/81/81 61/85/85 62/88/88
f 63/90/90 161/83/83 160/82/82 62/88/88
f 162/174/174 68/94/94 64/95/95 106/126/126
f 164/69/69 163/68/68 181/175/175 182/176/176
f 182/176/176 183/177/177 165/71/71 164/69/69
f 167/178/178 166/179/179 58/180/180 59/181/181
f 168/182/182 167/178/178 59/181/181 60/183/183
f 169/184/184 108/129/129 61/85/85 159/81/81
f 106/126/126 211/125/125 212/185/185 162/174/174
f 68/94/94 162/174/174 212/185/185 213/91/91
f 169/184/184 159/81/81 207/80/80 208/186/186
f 208/186/186 209/128/128 108/129/129 169/184/184
f 172/187/187 163/68/68 56/67/67 170/188/188
f 166/179/179 173/189/189 171/190/190 58/180/180
f 174/191/191 150/162/162 102/165/165 171/190/190
f 148/160/160 175/192/192 170/188/188 100/163/163
f 176/193/193 172/187/187 170/188/188 175/192/192
f 173/189/189 177/194/194 174/191/191 171/190/190
f 179/75/75 178/74/74 166/179/179 167/178/178
f 180/77/77 179/75/75 167/178/178 168/182/182
f 166/179/179 178/74/74 177/194/194 173/189/189
f 182/176/176 181/175/175 53/61/61 52/64/64
f 54/66/66 183/177/177 182/176/176 52/64/64
f 163/68/68 172/187/187 176/193/193 181/175/175
f 53/61/61 184/195/195 154/169/169 79/62/62
f 184/195/195 53/61/61 181/175/175 176/193/193
f 184/195/195 176/193/193 153/168/168 154/169/169
f 148/160/160 153/168/168 176/193/193 175/192/192
f 185/196/196 49/73/73 85/103/103 158/173/173
f 177/194/194 178/74/74 49/73/73 185/196/196
f 185/196/196 158/173/173 155/170/170 177/194/194
f 177/194/194 155/170/170 150/162/162 174/191/191
f 187/5963/197 186/198/198 27/39/39 90/38/38
f 90/38/38 30/44/44 188/199/199 187/197/197
f 190/200/200 189/201/201 18/18/18 17/17/17
f 42/26/26 18/18/18 189/201/201 191/202/202
f 24/27/27 42/26/26 191/202/202 192/203/203
f 192/203/203 193/204/204 39/45/45 24/27/27
f 30/44/44 39/45/45 193/204/204 188/199/199
f 186/198/198 194/205/205 33/32/32 27/39/39
f 194/205/205 195/206/206 21/33/33 33/32/32
f 195/206/206 196/207/207 36/21/21 21/33/33
f 196/207/207 197/208/208 9/9/9 36/21/21
f 197/208/208 198/209/209 6/5/5 9/9/9
f 198/209/209 199/210/210 5/6/6 6/5/5
f 199/210/210 200/211/211 75/50/50 5/6/6
f 200/211/211 201/212/212 45/51/51 75/50/50
f 201/212/212 202/213/213 78/102/102 45/51/51
f 202/213/213 203/214/214 81/65/65 78/102/102
f 203/214/214 204/215/215 54/66/66 81/65/65
f 206/79/79 205/84/84 60/183/183 59/181/181
f 58/180/180 207/80/80 206/79/79 59/181/181
f 208/186/186 207/80/80 58/180/180 171/190/190
f 171/190/190 102/165/165 209/128/128 208/186/186
f 102/165/165 101/164/164 210/124/124 209/128/128
f 101/164/164 100/163/163 211/125/125 210/124/124
f 212/185/185 211/125/125 100/163/163 170/188/188
f 213/91/91 212/185/185 170/188/188 56/67/67
f 55/70/70 214/92/92 213/91/91 56/67/67
f 57/72/72 215/99/99 214/92/92 55/70/70
f 204/215/215 216/216/216 183/177/177 54/66/66
f 216/216/216 217/217/217 165/71/71 183/177/177
f 217/217/217 218/218/218 57/72/72 165/71/71
f 215/99/99 57/72/72 218/218/218 219/219/219
f 69/97/97 215/99/99 219/219/219 220/220/220
f 66/98/98 69/97/97 220/220/220 221/221/221
f 221/221/221 222/222/222 105/89/89 66/98/98
f 63/90/90 105/89/89 222/222/222 223/223/223
f 161/83/83 63/90/90 223/223/223 224/224/224
f 224/224/224 225/225/225 205/84/84 161/83/83
f 225/225/225 226/226/226 60/183/183 205/84/84
f 226/226/226 227/227/227 168/182/182 60/183/183
f 180/77/77 168/182/182 227/227/227 228/228/228
f 228/228/228 229/229/229 51/78/78 180/77/77
f 87/105/105 51/78/78 229/229/229 230/230/230
f 230/230/230 231/231/231 84/59/59 87/105/105
f 231/231/231 232/232/232 48/60/60 84/59/59
f 232/232/232 233/233/233 72/54/54 48/60/60
f 234/234/234 16/16/16 72/54/54 233/233/233
f 234/234/234 190/200/200 17/17/17 16/16/16
f 228/228/228 227/227/227 235/235/235 236/236/236
f 236/236/236 237/237/237 229/229/229 228/228/228
f 236/236/236 235/235/235 238/238/238 239/239/239
f 236/236/236 239/239/239 240/240/240 237/237/237
f 230/230/230 229/229/229 237/237/237 241/241/241
f 240/240/240 242/242/242 241/241/241 237/237/237
f 242/242/242 243/243/243 244/244/244 241/241/241
f 241/241/241 244/244/244 231/231/231 230/230/230
f 244/244/244 245/245/245 232/232/232 231/231/231
f 243/243/243 246/246/246 245/245/245 244/244/244
f 245/245/245 247/247/247 233/233/233 232/232/232
f 245/245/245 246/246/246 248/248/248 247/247/247
f 234/234/234 233/233/233 247/247/247 249/249/249
f 247/247/247 248/248/248 250/250/250 249/249/249
f 190/200/200 234/234/234 249/249/249 251/251/251
f 252/252/252 251/251/251 249/249/249 250/250/250
f 189/201/201 190/200/200 251/251/251 253/253/253
f 252/252/252 254/254/254 253/253/253 251/251/251
f 253/253/253 255/255/255 191/202/202 189/201/201
f 254/254/254 256/256/256 255/255/255 253/253/253
f 192/203/203 191/202/202 255/255/255 257/257/257
f 257/257/257 255/255/255 256/256/256 258/258/258
f 257/257/257 259/259/259 193/204/204 192/203/203
f 258/258/258 260/260/260 259/259/259 257/257/257
f 259/259/259 261/261/261 188/199/199 193/204/204
f 260/260/260 262/262/262 261/261/261 259/259/259
f 186/198/198 263/263/263 264/264/264 194/205/205
f 266/265/265 265/266/266 264/264/264 263/263/263
f 264/264/264 267/267/267 195/206/206 194/205/205
f 267/267/267 264/264/264 265/266/266 268/268/268
f 268/268/268 269/269/269 270/270/270 267/267/267
f 196/207/207 195/206/206 267/267/267 270/270/270
f 269/269/269 271/271/271 272/272/272 270/270/270
f 270/270/270 272/272/272 197/208/208 196/207/207
f 272/272/272 273/273/273 198/209/209 197/208/208
f 199/210/210 198/209/209 273/273/273 274/274/274
f 274/274/274 273/273/273 275/275/275 276/276/276
f 271/271/271 275/275/275 273/273/273 272/272/272
f 274/274/274 277/277/277 200/211/211 199/210/210
f 201/212/212 200/211/211 277/277/277 278/278/278
f 277/277/277 274/274/274 276/276/276 279/279/279
f 279/279/279 280/280/280 278/278/278 277/277/277
f 278/278/278 281/281/281 202/213/213 201/212/212
f 281/281/281 282/282/282 203/214/214 202/213/213
f 281/281/281 283/283/283 284/284/284 282/282/282
f 281/281/281 278/278/278 280/280/280 283/283/283
f 282/282/282 285/285/285 204/215/215 203/214/214
f 285/285/285 282/282/282 284/284/284 286/286/286
f 285/285/285 287/287/287 216/216/216 204/215/215
f 287/287/287 288/288/288 217/217/217 216/216/216
f 286/286/286 289/289/289 287/287/287 285/285/285
f 288/288/288 287/287/287 289/289/289 290/290/290
f 288/288/288 291/291/291 218/218/218 217/217/217
f 291/291/291 288/288/288 290/290/290 292/292/292
f 219/219/219 218/218/218 291/291/291 293/293/293
f 292/292/292 294/294/294 293/293/293 291/291/291
f 220/220/220 219/219/219 293/293/293 295/295/295
f 295/295/295 293/293/293 294/294/294 296/296/296
f 295/295/295 297/297/297 221/221/221 220/220/220
f 296/296/296 298/298/298 297/297/297 295/295/295
f 297/297/297 299/299/299 222/222/222 221/221/221
f 298/298/298 300/300/300 299/299/299 297/297/297
f 299/299/299 301/301/301 223/223/223 222/222/222
f 300/300/300 302/302/302 301/301/301 299/299/299
f 301/301/301 303/303/303 224/224/224 223/223/223
f 302/302/302 304/304/304 303/303/303 301/301/301
f 304/304/304 305/305/305 306/306/306 303/303/303
f 306/306/306 307/307/307 226/226/226 225/225/225
f 305/305/305 308/308/308 307/307/307 306/306/306
f 227/227/227 226/226/226 307/307/307 235/235/235
f 235/235/235 307/307/307 308/308/308 238/238/238
f 303/303/303 306/306/306 225/225/225 224/224/224
f 310/309/309 309/310/310 262/262/262 260/260/260
f 312/311/311 265/266/266 266/265/265 311/312/312
f 314/313/313 313/314/314 312/311/311 311/312/312
f 316/315/315 315/316/316 309/310/310 310/309/309
f 318/317/317 317/318/318 187/197/197 188/199/199
f 317/5962/318 319/319/319 186/198/198 187/5963/197
f 261/261/261 320/320/320 318/317/317 188/199/199
f 186/198/198 319/319/319 321/321/321 263/263/263
f 322/322/322 266/265/265 263/263/263 321/321/321
f 323/323/323 320/320/320 261/261/261 262/262/262
f 319/319/319 317/5962/318 324/5960/324 321/321/321
f 317/318/318 318/317/317 320/320/320 324/324/324
f 325/5961/325 322/322/322 321/321/321 324/5960/324
f 323/323/323 325/325/325 324/324/324 320/320/320
f 326/326/326 323/323/323 262/262/262 309/310/310
f 322/322/322 327/327/327 311/312/312 266/265/265
f 323/323/323 326/326/326 328/328/328 325/325/325
f 325/5961/325 328/5614/328 327/327/327 322/322/322
f 309/310/310 315/316/316 329/329/329 326/326/326
f 330/330/330 328/328/328 326/326/326 329/329/329
f 328/5614/328 330/5613/330 331/331/331 327/327/327
f 314/313/313 311/312/312 327/327/327 331/331/331
f 312/311/311 332/332/332 268/268/268 265/266/266
f 313/314/314 333/333/333 332/332/332 312/311/311
f 269/269/269 268/268/268 332/332/332 334/334/334
f 334/334/334 332/332/332 333/333/333 335/335/335
f 337/336/336 316/315/315 310/309/309 336/337/337
f 336/337/337 310/309/309 260/260/260 258/258/258
f 271/271/271 269/269/269 334/334/334 338/338/338
f 340/339/339 334/334/334 335/335/335 339/340/340
f 334/334/334 340/339/339 341/341/341 338/338/338
f 343/342/342 338/338/338 341/341/341 342/343/343
f 340/339/339 339/340/340 344/344/344 341/341/341
f 344/344/344 345/345/345 342/343/343 341/341/341
f 342/343/343 346/346/346 347/347/347 343/342/342
f 345/345/345 348/348/348 346/346/346 342/343/343
f 349/349/349 271/271/271 338/338/338 343/342/342
f 271/271/271 349/349/349 350/350/350 275/275/275
f 347/347/347 350/350/350 349/349/349 343/342/342
f 350/350/350 351/351/351 276/276/276 275/275/275
f 351/351/351 352/352/352 279/279/279 276/276/276
f 347/347/347 353/353/353 351/351/351 350/350/350
f 353/353/353 354/354/354 352/352/352 351/351/351
f 353/353/353 347/347/347 346/346/346 355/355/355
f 354/354/354 353/353/353 355/355/355 356/356/356
f 355/355/355 346/346/346 348/348/348 357/5959/357
f 356/356/356 355/355/355 357/5959/357 358/5958/358
f 280/280/280 279/279/279 352/352/352 359/359/359
f 359/359/359 360/360/360 283/283/283 280/280/280
f 359/359/359 352/352/352 354/354/354 361/361/361
f 361/361/361 362/362/362 360/360/360 359/359/359
f 356/356/356 363/363/363 361/361/361 354/354/354
f 363/363/363 364/364/364 362/362/362 361/361/361
f 358/5958/358 365/5957/365 363/363/363 356/356/356
f 365/5957/365 366/5956/366 364/364/364 363/363/363
f 360/360/360 367/367/367 284/284/284 283/283/283
f 367/367/367 368/368/368 286/286/286 284/284/284
f 362/362/362 369/369/369 367/367/367 360/360/360
f 364/364/364 370/370/370 369/369/369 362/362/362
f 370/370/370 364/364/364 366/5956/366 371/5955/371
f 369/369/369 372/372/372 368/368/368 367/367/367
f 370/370/370 373/373/373 372/372/372 369/369/369
f 374/5954/374 373/373/373 370/370/370 371/5955/371
f 368/368/368 375/375/375 289/289/289 286/286/286
f 374/5954/374 376/5953/376 377/377/377 373/373/373
f 373/373/373 377/377/377 378/378/378 372/372/372
f 372/372/372 378/378/378 375/375/375 368/368/368
f 258/258/258 256/256/256 379/379/379 336/337/337
f 380/380/380 337/336/336 336/337/337 379/379/379
f 381/381/381 379/379/379 256/256/256 254/254/254
f 382/382/382 380/380/380 379/379/379 381/381/381
f 383/383/383 381/381/381 254/254/254 252/252/252
f 384/384/384 382/382/382 381/381/381 383/383/383
f 375/375/375 378/378/378 377/377/377 376/5953/376
f 376/5953/376 385/5952/385 386/386/386 375/375/375
f 375/375/375 386/386/386 290/290/290 289/289/289
f 292/292/292 290/290/290 386/386/386 387/387/387
f 385/5952/385 388/5951/388 387/387/387 386/386/386
f 387/387/387 389/389/389 294/294/294 292/292/292
f 389/389/389 387/387/387 388/5951/388 390/5950/390
f 296/296/296 294/294/294 389/389/389 391/391/391
f 390/5950/390 392/5949/392 391/391/391 389/389/389
f 391/391/391 393/393/393 298/298/298 296/296/296
f 300/300/300 298/298/298 393/393/393 394/394/394
f 393/393/393 391/391/391 392/5949/392 395/5948/395
f 395/5948/395 396/5604/396 394/394/394 393/393/393
f 302/302/302 300/300/300 394/394/394 397/397/397
f 396/5604/396 398/5946/398 397/397/397 394/394/394
f 304/304/304 302/302/302 397/397/397 399/399/399
f 398/5946/398 400/5945/400 399/399/399 397/397/397
f 399/399/399 401/401/401 305/305/305 304/304/304
f 400/5945/400 402/5944/402 401/401/401 399/399/399
f 308/308/308 305/305/305 401/401/401 403/403/403
f 238/238/238 308/308/308 403/403/403 404/404/404
f 402/5944/402 405/5943/405 403/403/403 401/401/401
f 404/404/404 403/403/403 405/5943/405 406/5941/406
f 239/239/239 238/238/238 404/404/404 407/407/407
f 407/407/407 408/408/408 240/240/240 239/239/239
f 408/408/408 407/407/407 409/5942/409 410/5939/410
f 407/407/407 404/404/404 406/5941/406 409/5942/409
f 408/408/408 411/411/411 242/242/242 240/240/240
f 411/411/411 412/412/412 243/243/243 242/242/242
f 412/412/412 413/413/413 246/246/246 243/243/243
f 413/413/413 414/414/414 248/248/248 246/246/246
f 414/414/414 415/415/415 250/250/250 248/248/248
f 415/415/415 383/383/383 252/252/252 250/250/250
f 415/415/415 416/416/416 384/384/384 383/383/383
f 416/416/416 415/415/415 414/414/414 417/417/417
f 418/418/418 417/417/417 414/414/414 413/413/413
f 419/419/419 418/418/418 413/413/413 412/412/412
f 420/5940/420 419/419/419 412/412/412 411/411/411
f 411/411/411 408/408/408 410/5939/410 420/5940/420
f 420/5940/420 421/5938/421 422/422/422 419/419/419
f 421/5938/421 423/5937/423 424/424/424 422/422/422
f 423/5937/423 425/5936/425 426/426/426 424/424/424
f 428/427/427 426/426/426 425/5936/425 427/5935/428
f 427/5935/428 429/5933/429 430/5554/430 428/427/427
f 432/5932/431 431/432/432 430/430/430 429/5552/429
f 431/432/432 432/5932/431 433/5931/433 434/434/434
f 436/435/435 434/434/434 433/5931/433 435/5930/436
f 438/5929/437 437/438/438 436/435/435 435/5930/436
f 437/438/438 438/5929/437 357/5959/357 348/348/348
f 440/439/439 439/440/440 315/316/316 316/315/315
f 329/329/329 315/316/316 439/440/440 441/441/441
f 441/441/441 442/442/442 330/330/330 329/329/329
f 442/5612/442 443/443/443 331/331/331 330/5613/330
f 443/443/443 444/444/444 314/313/313 331/331/331
f 314/313/313 444/444/444 445/445/445 313/314/314
f 445/445/445 446/446/446 333/333/333 313/314/314
f 446/446/446 447/447/447 335/335/335 333/333/333
f 447/447/447 448/448/448 339/340/340 335/335/335
f 448/448/448 449/449/449 344/344/344 339/340/340
f 449/449/449 450/450/450 345/345/345 344/344/344
f 450/450/450 437/438/438 348/348/348 345/345/345
f 451/451/451 440/439/439 316/315/315 337/336/336
f 452/452/452 451/451/451 337/336/336 380/380/380
f 453/453/453 452/452/452 380/380/380 382/382/382
f 454/454/454 453/453/453 382/382/382 384/384/384
f 455/455/455 454/454/454 384/384/384 416/416/416
f 456/456/456 455/455/455 416/416/416 417/417/417
f 417/417/417 418/418/418 457/457/457 456/456/456
f 418/418/418 419/419/419 422/422/422 457/457/457
f 459/458/458 458/459/459 441/441/441 439/440/440
f 458/459/459 460/460/460 442/442/442 441/441/441
f 461/461/461 443/443/443 442/5612/442 460/5611/460
f 444/444/444 443/443/443 461/461/461 462/462/462
f 463/463/463 459/458/458 439/440/440 440/439/439
f 464/464/464 463/463/463 440/439/439 451/451/451
f 465/465/465 464/464/464 451/451/451 452/452/452
f 466/466/466 465/465/465 452/452/452 453/453/453
f 453/453/453 454/454/454 467/467/467 466/466/466
f 454/454/454 455/455/455 468/468/468 467/467/467
f 469/469/469 468/468/468 455/455/455 456/456/456
f 470/470/470 469/469/469 456/456/456 457/457/457
f 424/424/424 470/470/470 457/457/457 422/422/422
f 445/445/445 444/444/444 462/462/462 471/471/471
f 471/471/471 472/472/472 446/446/446 445/445/445
f 472/472/472 473/473/473 447/447/447 446/446/446
f 473/473/473 474/474/474 448/448/448 447/447/447
f 474/474/474 475/475/475 449/449/449 448/448/448
f 475/475/475 476/476/476 450/450/450 449/449/449
f 476/476/476 436/435/435 437/438/438 450/450/450
f 478/477/477 476/476/476 475/475/475 477/478/478
f 477/478/478 475/475/475 474/474/474 479/479/479
f 480/480/480 479/479/479 474/474/474 473/473/473
f 481/481/481 480/480/480 473/473/473 472/472/472
f 482/482/482 481/481/481 472/472/472 471/471/471
f 483/483/483 482/482/482 471/471/471 462/462/462
f 484/484/484 483/483/483 462/462/462 461/461/461
f 461/461/461 460/5611/460 485/5609/485 484/484/484
f 485/485/485 460/460/460 458/459/459 486/486/486
f 458/459/459 459/458/458 487/487/487 486/486/486
f 488/488/488 487/487/487 459/458/458 463/463/463
f 489/489/489 488/488/488 463/463/463 464/464/464
f 491/490/490 490/491/491 469/469/469 470/470/470
f 490/491/491 492/492/492 468/468/468 469/469/469
f 492/492/492 493/493/493 467/467/467 468/468/468
f 493/493/493 494/494/494 466/466/466 467/467/467
f 494/494/494 495/495/495 465/465/465 466/466/466
f 495/495/495 489/489/489 464/464/464 465/465/465
f 436/435/435 476/476/476 478/477/477 496/496/496
f 497/497/497 434/434/434 436/435/435 496/496/496
f 424/424/424 498/498/498 491/490/490 470/470/470
f 498/498/498 424/424/424 426/426/426 499/499/499
f 431/432/432 434/434/434 497/497/497 500/500/500
f 500/500/500 501/501/501 430/430/430 431/432/432
f 428/427/427 430/5554/430 501/5553/501 502/502/502
f 502/502/502 499/499/499 426/426/426 428/427/427
f 503/503/503 497/497/497 496/496/496 478/477/477
f 490/491/491 491/490/490 498/498/498 504/504/504
f 499/499/499 505/505/505 504/504/504 498/498/498
f 506/506/506 505/505/505 499/499/499 502/502/502
f 507/507/507 506/506/506 502/502/502 501/5553/501
f 501/501/501 500/500/500 508/508/508 507/5616/507
f 503/503/503 508/508/508 500/500/500 497/497/497
f 490/491/491 504/504/504 505/505/505 492/492/492
f 477/478/478 479/479/479 503/503/503 478/477/477
f 509/509/509 503/503/503 479/479/479 480/480/480
f 505/505/505 510/510/510 493/493/493 492/492/492
f 511/511/511 509/509/509 480/480/480 481/481/481
f 510/510/510 512/512/512 494/494/494 493/493/493
f 513/513/513 511/511/511 481/481/481 482/482/482
f 495/495/495 494/494/494 512/512/512 514/514/514
f 509/509/509 515/515/515 508/508/508 503/503/503
f 505/505/505 506/506/506 516/516/516 510/510/510
f 517/517/517 516/516/516 506/506/506 507/507/507
f 518/518/518 507/5616/507 508/508/508 515/515/515
f 516/516/516 519/519/519 512/512/512 510/510/510
f 511/511/511 520/520/520 515/515/515 509/509/509
f 516/516/516 517/517/517 521/521/521 519/519/519
f 518/518/518 515/515/515 520/520/520 522/522/522
f 507/507/507 523/523/523 521/521/521 517/517/517
f 522/5610/522 523/523/523 507/507/507 518/5615/518
f 514/514/514 524/524/524 489/489/489 495/495/495
f 519/519/519 525/525/525 514/514/514 512/512/512
f 526/526/526 520/520/520 511/511/511 513/513/513
f 525/525/525 519/519/519 521/521/521 527/527/527
f 527/527/527 521/521/521 523/523/523 528/528/528
f 523/523/523 522/5610/522 529/5607/529 528/528/528
f 522/522/522 520/520/520 526/526/526 529/529/529
f 530/530/530 486/486/486 487/487/487 488/488/488
f 531/531/531 513/513/513 482/482/482 483/483/483
f 532/532/532 531/531/531 483/483/483 484/484/484
f 485/5609/485 533/5608/533 532/532/532 484/484/484
f 530/530/530 533/533/533 485/485/485 486/486/486
f 488/488/488 489/489/489 524/524/524 530/530/530
f 534/534/534 526/526/526 513/513/513 531/531/531
f 525/525/525 535/535/535 524/524/524 514/514/514
f 535/535/535 536/536/536 530/530/530 524/524/524
f 536/536/536 537/537/537 533/533/533 530/530/530
f 537/5605/537 538/538/538 532/532/532 533/5608/533
f 531/531/531 532/532/532 538/538/538 534/534/534
f 535/535/535 525/525/525 527/527/527 539/539/539
f 534/534/534 540/540/540 529/529/529 526/526/526
f 539/539/539 527/527/527 528/528/528 541/541/541
f 540/5606/540 541/541/541 528/528/528 529/5607/529
f 534/534/534 538/538/538 537/5605/537 540/540/540
f 541/541/541 536/536/536 535/535/535 539/539/539
f 537/537/537 536/536/536 541/541/541 540/5606/540
f 543/542/542 421/421/421 420/420/420 542/543/543
f 544/544/544 423/423/423 421/421/421 543/542/542
f 438/437/437 545/545/545 546/546/546 357/357/357
f 547/547/547 545/545/545 438/437/437 435/436/436
f 435/436/436 433/433/433 548/548/548 547/547/547
f 549/549/549 548/548/548 433/433/433 432/431/431
f 550/550/550 425/425/425 423/423/423 544/544/544
f 550/550/550 551/551/551 427/428/428 425/425/425
f 429/429/429 427/428/428 551/551/551 552/552/552
f 432/431/431 429/5934/429 552/5551/552 549/549/549
f 358/358/358 357/357/357 546/546/546 553/553/553
f 420/420/420 410/410/410 554/554/554 542/543/543
f 555/555/555 554/554/554 410/410/410 409/409/409
f 556/556/556 555/555/555 409/409/409 406/406/406
f 557/557/557 556/556/556 406/406/406 405/405/405
f 558/558/558 557/557/557 405/405/405 402/402/402
f 365/365/365 358/358/358 553/553/553 559/559/559
f 559/559/559 560/560/560 366/366/366 365/365/365
f 371/371/371 366/366/366 560/560/560 561/561/561
f 561/561/561 562/562/562 374/374/374 371/371/371
f 562/562/562 563/563/563 376/376/376 374/374/374
f 563/563/563 564/564/564 385/385/385 376/376/376
f 564/564/564 565/565/565 388/388/388 385/385/385
f 567/566/566 566/567/567 395/395/395 392/392/392
f 569/568/568 400/400/400 398/398/398 568/569/569
f 570/5603/570 568/569/569 398/398/398 396/5947/396
f 566/567/567 570/570/570 396/396/396 395/395/395
f 565/565/565 571/571/571 390/390/390 388/388/388
f 571/571/571 572/572/572 392/392/392 390/390/390
f 573/573/573 558/558/558 402/402/402 400/400/400
f 392/392/392 572/572/572 574/574/574 575/575/575
f 567/566/566 392/392/392 575/575/575 576/576/576
f 569/568/568 577/577/577 578/578/578 400/400/400
f 579/579/579 573/573/573 400/400/400 578/578/578
f 558/558/558 573/573/573 579/579/579 580/580/580
f 577/577/577 569/568/568 568/569/569 581/581/581
f 576/576/576 582/582/582 566/567/567 567/566/566
f 583/583/583 574/574/574 572/572/572 571/571/571
f 584/584/584 583/583/583 571/571/571 565/565/565
f 585/585/585 584/584/584 565/565/565 564/564/564
f 586/586/586 585/585/585 564/564/564 563/563/563
f 586/586/586 563/563/563 562/562/562 587/587/587
f 562/562/562 561/561/561 588/588/588 587/587/587
f 561/561/561 560/560/560 589/589/589 588/588/588
f 560/560/560 559/559/559 590/590/590 589/589/589
f 559/559/559 553/553/553 591/591/591 590/590/590
f 553/553/553 546/546/546 545/545/545 591/591/591
f 582/582/582 592/592/592 570/570/570 566/567/567
f 592/5602/592 581/581/581 568/569/569 570/5603/570
f 580/580/580 593/593/593 557/557/557 558/558/558
f 556/556/556 557/557/557 593/593/593 594/594/594
f 555/555/555 556/556/556 594/594/594 595/595/595
f 595/595/595 596/596/596 554/554/554 555/555/555
f 542/543/543 554/554/554 596/596/596 543/542/542
f 598/597/597 590/590/590 591/591/591 597/598/598
f 589/589/589 590/590/590 598/597/597 599/599/599
f 588/588/588 589/589/589 599/599/599 600/600/600
f 600/600/600 601/601/601 587/587/587 588/588/588
f 601/601/601 602/602/602 586/586/586 587/587/587
f 602/602/602 603/603/603 585/585/585 586/586/586
f 584/584/584 585/585/585 603/603/603 604/604/604
f 583/583/583 584/584/584 604/604/604 605/605/605
f 605/605/605 606/606/606 574/574/574 583/583/583
f 607/607/607 575/575/575 574/574/574 606/606/606
f 575/575/575 607/607/607 608/608/608 576/576/576
f 582/582/582 576/576/576 608/608/608 609/609/609
f 609/609/609 610/610/610 592/592/592 582/582/582
f 581/581/581 592/5602/592 610/5601/610 611/611/611
f 611/611/611 612/612/612 577/577/577 581/581/581
f 577/577/577 612/612/612 613/613/613 578/578/578
f 614/614/614 579/579/579 578/578/578 613/613/613
f 580/580/580 579/579/579 614/614/614 615/615/615
f 593/593/593 580/580/580 615/615/615 616/616/616
f 594/594/594 593/593/593 616/616/616 617/617/617
f 595/595/595 594/594/594 617/617/617 618/618/618
f 618/618/618 619/619/619 596/596/596 595/595/595
f 543/542/542 596/596/596 619/619/619 620/620/620
f 545/545/545 621/621/621 597/598/598 591/591/591
f 622/622/622 544/544/544 543/542/542 620/620/620
f 623/623/623 550/550/550 544/544/544 622/622/622
f 623/623/623 624/624/624 551/551/551 550/550/550
f 625/625/625 552/552/552 551/551/551 624/624/624
f 549/549/549 552/5551/552 625/5550/625 626/626/626
f 627/627/627 548/548/548 549/549/549 626/626/626
f 628/628/628 547/547/547 548/548/548 627/627/627
f 547/547/547 628/628/628 621/621/621 545/545/545
f 598/597/597 597/598/598 629/629/629 630/630/630
f 599/599/599 598/597/597 630/630/630 631/631/631
f 600/600/600 599/599/599 631/631/631 632/632/632
f 601/601/601 600/600/600 632/632/632 633/633/633
f 602/602/602 601/601/601 633/633/633 634/634/634
f 603/603/603 602/602/602 634/634/634 635/635/635
f 604/604/604 603/603/603 635/635/635 636/636/636
f 605/605/605 604/604/604 636/636/636 637/637/637
f 606/606/606 605/605/605 637/637/637 638/638/638
f 607/607/607 606/606/606 638/638/638 639/639/639
f 608/608/608 607/607/607 639/639/639 640/640/640
f 611/611/611 610/5601/610 641/5600/641 642/642/642
f 612/612/612 611/611/611 642/642/642 643/643/643
f 613/613/613 612/612/612 643/643/643 644/644/644
f 614/614/614 613/613/613 644/644/644 645/645/645
f 615/615/615 614/614/614 645/645/645 646/646/646
f 616/616/616 615/615/615 646/646/646 647/647/647
f 617/617/617 616/616/616 647/647/647 648/648/648
f 618/618/618 617/617/617 648/648/648 649/649/649
f 619/619/619 618/618/618 649/649/649 650/650/650
f 620/620/620 619/619/619 650/650/650 651/651/651
f 597/598/598 621/621/621 652/652/652 629/629/629
f 622/622/622 620/620/620 651/651/651 653/653/653
f 623/623/623 622/622/622 653/653/653 654/654/654
f 624/624/624 623/623/623 654/654/654 655/655/655
f 625/625/625 624/624/624 655/655/655 656/656/656
f 626/626/626 625/5550/625 656/5549/656 657/657/657
f 627/627/627 626/626/626 657/657/657 658/658/658
f 628/628/628 627/627/627 658/658/658 659/659/659
f 621/621/621 628/628/628 659/659/659 652/652/652
f 660/660/660 609/609/609 608/608/608 640/640/640
f 660/660/660 641/641/641 610/610/610 609/609/609
f 657/657/657 656/5549/656 661/5548/661 662/662/662
f 632/632/632 663/663/663 664/664/664 633/633/633
f 630/630/630 629/629/629 665/665/665 666/666/666
f 631/631/631 630/630/630 666/666/666 667/667/667
f 632/632/632 631/631/631 667/667/667 663/663/663
f 629/629/629 652/652/652 668/668/668 665/665/665
f 658/658/658 657/657/657 662/662/662 669/669/669
f 659/659/659 658/658/658 669/669/669 670/670/670
f 652/652/652 659/659/659 670/670/670 668/668/668
f 638/638/638 671/671/671 672/672/672 639/639/639
f 634/634/634 633/633/633 664/664/664 673/673/673
f 635/635/635 634/634/634 673/673/673 674/674/674
f 636/636/636 635/635/635 674/674/674 675/675/675
f 637/637/637 636/636/636 675/675/675 676/676/676
f 638/638/638 637/637/637 676/676/676 671/671/671
f 678/677/677 644/644/644 643/643/643 677/678/678
f 640/640/640 639/639/639 672/672/672 679/679/679
f 642/642/642 641/5600/641 680/5599/680 681/681/681
f 643/643/643 642/642/642 681/681/681 677/678/678
f 660/660/660 640/640/640 679/679/679 682/682/682
f 641/641/641 660/660/660 682/682/682 680/680/680
f 684/683/683 683/684/684 650/650/650 649/649/649
f 645/645/645 644/644/644 678/677/677 685/685/685
f 646/646/646 645/645/645 685/685/685 686/686/686
f 647/647/647 646/646/646 686/686/686 687/687/687
f 648/648/648 647/647/647 687/687/687 688/688/688
f 649/649/649 648/648/648 688/688/688 684/683/683
f 651/651/651 650/650/650 683/684/684 689/689/689
f 653/653/653 651/651/651 689/689/689 690/690/690
f 654/654/654 653/653/653 690/690/690 691/691/691
f 655/655/655 654/654/654 691/691/691 692/692/692
f 656/656/656 655/655/655 692/692/692 661/661/661
f 694/693/693 668/668/668 670/670/670 693/694/694
f 695/695/695 693/694/694 670/670/670 669/669/669
f 696/696/696 695/695/695 669/669/669 662/662/662
f 697/5547/697 696/696/696 662/662/662 661/5548/661
f 661/661/661 692/692/692 698/698/698 697/697/697
f 692/692/692 691/691/691 699/699/699 698/698/698
f 700/700/700 699/699/699 691/691/691 690/690/690
f 701/701/701 700/700/700 690/690/690 689/689/689
f 702/702/702 701/701/701 689/689/689 683/684/684
f 683/684/684 684/683/683 703/703/703 702/702/702
f 684/683/683 688/688/688 704/704/704 703/703/703
f 705/705/705 704/704/704 688/688/688 687/687/687
f 706/706/706 705/705/705 687/687/687 686/686/686
f 707/707/707 706/706/706 686/686/686 685/685/685
f 685/685/685 678/677/677 708/708/708 707/707/707
f 678/677/677 677/678/678 709/709/709 708/708/708
f 710/710/710 709/709/709 677/678/678 681/681/681
f 711/5598/711 710/710/710 681/681/681 680/5599/680
f 712/712/712 711/711/711 680/680/680 682/682/682
f 712/712/712 682/682/682 679/679/679 713/713/713
f 714/714/714 713/713/713 679/679/679 672/672/672
f 672/672/672 671/671/671 715/715/715 714/714/714
f 716/716/716 715/715/715 671/671/671 676/676/676
f 717/717/717 716/716/716 676/676/676 675/675/675
f 675/675/675 674/674/674 718/718/718 717/717/717
f 719/719/719 718/718/718 674/674/674 673/673/673
f 720/720/720 665/665/665 668/668/668 694/693/693
f 721/721/721 666/666/666 665/665/665 720/720/720
f 667/667/667 666/666/666 721/721/721 722/722/722
f 663/663/663 667/667/667 722/722/722 723/723/723
f 664/664/664 663/663/663 723/723/723 724/724/724
f 673/673/673 664/664/664 724/724/724 719/719/719
f 726/725/725 725/726/726 693/694/694 695/695/695
f 727/727/727 726/725/725 695/695/695 696/696/696
f 728/5546/728 727/727/727 696/696/696 697/5547/697
f 729/729/729 694/693/693 693/694/694 725/726/726
f 730/730/730 720/720/720 694/693/693 729/729/729
f 731/731/731 721/721/721 720/720/720 730/730/730
f 721/721/721 731/731/731 732/732/732 722/722/722
f 723/723/723 722/722/722 732/732/732 733/733/733
f 733/733/733 734/734/734 724/724/724 723/723/723
f 734/734/734 735/735/735 719/719/719 724/724/724
f 735/735/735 736/736/736 718/718/718 719/719/719
f 736/736/736 737/737/737 717/717/717 718/718/718
f 737/737/737 738/738/738 716/716/716 717/717/717
f 738/738/738 739/739/739 715/715/715 716/716/716
f 739/739/739 740/740/740 714/714/714 715/715/715
f 714/714/714 740/740/740 741/741/741 713/713/713
f 742/742/742 712/712/712 713/713/713 741/741/741
f 711/711/711 712/712/712 742/742/742 743/743/743
f 710/710/710 711/5598/711 743/5597/743 744/744/744
f 744/744/744 745/745/745 709/709/709 710/710/710
f 708/708/708 709/709/709 745/745/745 746/746/746
f 746/746/746 747/747/747 707/707/707 708/708/708
f 707/707/707 747/747/747 748/748/748 706/706/706
f 705/705/705 706/706/706 748/748/748 749/749/749
f 704/704/704 705/705/705 749/749/749 750/750/750
f 703/703/703 704/704/704 750/750/750 751/751/751
f 752/752/752 702/702/702 703/703/703 751/751/751
f 697/697/697 698/698/698 753/753/753 728/728/728
f 698/698/698 699/699/699 754/754/754 753/753/753
f 699/699/699 700/700/700 755/755/755 754/754/754
f 700/700/700 701/701/701 756/756/756 755/755/755
f 701/701/701 702/702/702 752/752/752 756/756/756
f 726/725/725 757/757/757 758/758/758 725/726/726
f 751/751/751 759/759/759 760/760/760 752/752/752
f 742/742/742 761/761/761 762/762/762 743/743/743
f 735/735/735 763/763/763 764/764/764 736/736/736
f 729/729/729 725/726/726 758/758/758 765/765/765
f 730/730/730 729/729/729 765/765/765 766/766/766
f 731/731/731 730/730/730 766/766/766 767/767/767
f 732/732/732 731/731/731 767/767/767 768/768/768
f 733/733/733 732/732/732 768/768/768 769/769/769
f 734/734/734 733/733/733 769/769/769 770/770/770
f 735/735/735 734/734/734 770/770/770 763/763/763
f 726/725/725 727/727/727 771/771/771 757/757/757
f 727/727/727 728/5546/728 772/5545/772 771/771/771
f 728/728/728 753/753/753 773/773/773 772/772/772
f 753/753/753 754/754/754 774/774/774 773/773/773
f 754/754/754 755/755/755 775/775/775 774/774/774
f 755/755/755 756/756/756 776/776/776 775/775/775
f 756/756/756 752/752/752 760/760/760 776/776/776
f 744/744/744 743/5597/743 762/5596/762 777/777/777
f 745/745/745 744/744/744 777/777/777 778/778/778
f 746/746/746 745/745/745 778/778/778 779/779/779
f 747/747/747 746/746/746 779/779/779 780/780/780
f 748/748/748 747/747/747 780/780/780 781/781/781
f 749/749/749 748/748/748 781/781/781 782/782/782
f 750/750/750 749/749/749 782/782/782 783/783/783
f 751/751/751 750/750/750 783/783/783 759/759/759
f 737/737/737 736/736/736 764/764/764 784/784/784
f 738/738/738 737/737/737 784/784/784 785/785/785
f 739/739/739 738/738/738 785/785/785 786/786/786
f 740/740/740 739/739/739 786/786/786 787/787/787
f 741/741/741 740/740/740 787/787/787 788/788/788
f 742/742/742 741/741/741 788/788/788 761/761/761
f 771/771/771 772/5545/772 789/5544/789 790/790/790
f 763/763/763 770/770/770 791/791/791 792/792/792
f 761/761/761 793/793/793 794/794/794 762/762/762
f 796/795/795 795/796/796 759/759/759 783/783/783
f 760/760/760 759/759/759 795/796/796 797/797/797
f 772/772/772 773/773/773 798/798/798 789/789/789
f 773/773/773 774/774/774 799/799/799 798/798/798
f 774/774/774 775/775/775 800/800/800 799/799/799
f 775/775/775 776/776/776 801/801/801 800/800/800
f 776/776/776 760/760/760 797/797/797 801/801/801
f 758/758/758 757/757/757 802/802/802 803/803/803
f 765/765/765 758/758/758 803/803/803 804/804/804
f 766/766/766 765/765/765 804/804/804 805/805/805
f 767/767/767 766/766/766 805/805/805 806/806/806
f 768/768/768 767/767/767 806/806/806 807/807/807
f 769/769/769 768/768/768 807/807/807 808/808/808
f 770/770/770 769/769/769 808/808/808 791/791/791
f 757/757/757 771/771/771 790/790/790 802/802/802
f 764/764/764 763/763/763 792/792/792 809/809/809
f 784/784/784 764/764/764 809/809/809 810/810/810
f 785/785/785 784/784/784 810/810/810 811/811/811
f 786/786/786 785/785/785 811/811/811 812/812/812
f 787/787/787 786/786/786 812/812/812 813/813/813
f 788/788/788 787/787/787 813/813/813 814/814/814
f 761/761/761 788/788/788 814/814/814 793/793/793
f 777/777/777 762/5596/762 794/5595/794 815/815/815
f 778/778/778 777/777/777 815/815/815 816/816/816
f 779/779/779 778/778/778 816/816/816 817/817/817
f 780/780/780 779/779/779 817/817/817 818/818/818
f 781/781/781 780/780/780 818/818/818 819/819/819
f 782/782/782 781/781/781 819/819/819 820/820/820
f 783/783/783 782/782/782 820/820/820 796/795/795
f 822/821/821 821/822/822 809/809/809 792/792/792
f 821/822/822 822/821/821 823/823/823 824/824/824
f 824/824/824 823/823/823 825/825/825 826/826/826
f 790/790/790 827/827/827 828/828/828 802/802/802
f 828/828/828 827/827/827 829/829/829 830/830/830
f 830/830/830 829/829/829 831/831/831 832/832/832
f 796/795/795 833/833/833 834/834/834 795/796/796
f 834/834/834 833/833/833 835/835/835 836/836/836
f 836/836/836 835/835/835 837/837/837 838/838/838
f 794/5595/794 839/5594/839 840/840/840 815/815/815
f 840/840/840 839/5594/839 841/5593/841 842/842/842
f 842/842/842 841/5593/841 843/5592/843 844/844/844
f 794/794/794 793/793/793 845/845/845 839/839/839
f 810/810/810 809/809/809 821/822/822 846/846/846
f 811/811/811 810/810/810 846/846/846 847/847/847
f 812/812/812 811/811/811 847/847/847 848/848/848
f 813/813/813 812/812/812 848/848/848 849/849/849
f 814/814/814 813/813/813 849/849/849 850/850/850
f 793/793/793 814/814/814 850/850/850 845/845/845
f 839/839/839 845/845/845 851/851/851 841/841/841
f 846/846/846 821/822/822 824/824/824 852/852/852
f 847/847/847 846/846/846 852/852/852 853/853/853
f 848/848/848 847/847/847 853/853/853 854/854/854
f 849/849/849 848/848/848 854/854/854 855/855/855
f 850/850/850 849/849/849 855/855/855 856/856/856
f 845/845/845 850/850/850 856/856/856 851/851/851
f 841/841/841 851/851/851 857/857/857 843/843/843
f 852/852/852 824/824/824 826/826/826 858/858/858
f 853/853/853 852/852/852 858/858/858 859/859/859
f 854/854/854 853/853/853 859/859/859 860/860/860
f 855/855/855 854/854/854 860/860/860 861/861/861
f 856/856/856 855/855/855 861/861/861 862/862/862
f 851/851/851 856/856/856 862/862/862 857/857/857
f 792/792/792 791/791/791 863/863/863 822/821/821
f 803/803/803 802/802/802 828/828/828 864/864/864
f 804/804/804 803/803/803 864/864/864 865/865/865
f 805/805/805 804/804/804 865/865/865 866/866/866
f 806/806/806 805/805/805 866/866/866 867/867/867
f 807/807/807 806/806/806 867/867/867 868/868/868
f 808/808/808 807/807/807 868/868/868 869/869/869
f 791/791/791 808/808/808 869/869/869 863/863/863
f 822/821/821 863/863/863 870/870/870 823/823/823
f 864/864/864 828/828/828 830/830/830 871/871/871
f 865/865/865 864/864/864 871/871/871 872/872/872
f 866/866/866 865/865/865 872/872/872 873/873/873
f 867/867/867 866/866/866 873/873/873 874/874/874
f 868/868/868 867/867/867 874/874/874 875/875/875
f 869/869/869 868/868/868 875/875/875 876/876/876
f 863/863/863 869/869/869 876/876/876 870/870/870
f 823/823/823 870/870/870 877/877/877 825/825/825
f 871/871/871 830/830/830 832/832/832 878/878/878
f 872/872/872 871/871/871 878/878/878 879/879/879
f 873/873/873 872/872/872 879/879/879 880/880/880
f 874/874/874 873/873/873 880/880/880 881/881/881
f 875/875/875 874/874/874 881/881/881 882/882/882
f 876/876/876 875/875/875 882/882/882 883/883/883
f 870/870/870 876/876/876 883/883/883 877/877/877
f 790/790/790 789/5544/789 884/5543/884 827/827/827
f 797/797/797 795/796/796 834/834/834 885/885/885
f 789/789/789 798/798/798 886/886/886 884/884/884
f 798/798/798 799/799/799 887/887/887 886/886/886
f 799/799/799 800/800/800 888/888/888 887/887/887
f 800/800/800 801/801/801 889/889/889 888/888/888
f 801/801/801 797/797/797 885/885/885 889/889/889
f 827/827/827 884/5543/884 890/5542/890 829/829/829
f 885/885/885 834/834/834 836/836/836 891/891/891
f 884/884/884 886/886/886 892/892/892 890/890/890
f 886/886/886 887/887/887 893/893/893 892/892/892
f 887/887/887 888/888/888 894/894/894 893/893/893
f 888/888/888 889/889/889 895/895/895 894/894/894
f 889/889/889 885/885/885 891/891/891 895/895/895
f 829/829/829 890/5542/890 896/5541/896 831/831/831
f 891/891/891 836/836/836 838/838/838 897/897/897
f 890/890/890 892/892/892 898/898/898 896/896/896
f 892/892/892 893/893/893 899/899/899 898/898/898
f 893/893/893 894/894/894 900/900/900 899/899/899
f 894/894/894 895/895/895 901/901/901 900/900/900
f 895/895/895 891/891/891 897/897/897 901/901/901
f 816/816/816 815/815/815 840/840/840 902/902/902
f 817/817/817 816/816/816 902/902/902 903/903/903
f 818/818/818 817/817/817 903/903/903 904/904/904
f 819/819/819 818/818/818 904/904/904 905/905/905
f 820/820/820 819/819/819 905/905/905 906/906/906
f 796/795/795 820/820/820 906/906/906 833/833/833
f 902/902/902 840/840/840 842/842/842 907/907/907
f 903/903/903 902/902/902 907/907/907 908/908/908
f 904/904/904 903/903/903 908/908/908 909/909/909
f 905/905/905 904/904/904 909/909/909 910/910/910
f 906/906/906 905/905/905 910/910/910 911/911/911
f 833/833/833 906/906/906 911/911/911 835/835/835
f 907/907/907 842/842/842 844/844/844 912/912/912
f 908/908/908 907/907/907 912/912/912 913/913/913
f 909/909/909 908/908/908 913/913/913 914/914/914
f 910/910/910 909/909/909 914/914/914 915/915/915
f 911/911/911 910/910/910 915/915/915 916/916/916
f 835/835/835 911/911/911 916/916/916 837/837/837
f 918/917/917 917/918/918 825/825/825 877/877/877
f 919/919/919 918/917/917 877/877/877 883/883/883
f 920/920/920 919/919/919 883/883/883 882/882/882
f 881/881/881 921/921/921 920/920/920 882/882/882
f 923/922/922 896/896/896 898/898/898 922/923/923
f 924/924/924 922/923/923 898/898/898 899/899/899
f 832/832/832 831/831/831 925/925/925 926/926/926
f 878/878/878 832/832/832 926/926/926 927/927/927
f 879/879/879 878/878/878 927/927/927 928/928/928
f 880/880/880 879/879/879 928/928/928 929/929/929
f 881/881/881 880/880/880 929/929/929 921/921/921
f 831/831/831 896/5541/896 923/5540/922 925/925/925
f 837/837/837 916/916/916 930/930/930 931/931/931
f 838/838/838 837/837/837 931/931/931 932/932/932
f 897/897/897 838/838/838 932/932/932 933/933/933
f 899/899/899 900/900/900 934/934/934 924/924/924
f 900/900/900 901/901/901 935/935/935 934/934/934
f 901/901/901 897/897/897 933/933/933 935/935/935
f 937/5591/936 936/937/937 844/844/844 843/5592/843
f 912/912/912 844/844/844 936/937/937 938/938/938
f 913/913/913 912/912/912 938/938/938 939/939/939
f 914/914/914 913/913/913 939/939/939 940/940/940
f 915/915/915 914/914/914 940/940/940 941/941/941
f 916/916/916 915/915/915 941/941/941 930/930/930
f 826/826/826 825/825/825 917/918/918 942/942/942
f 843/843/843 857/857/857 943/943/943 937/936/936
f 858/858/858 826/826/826 942/942/942 944/944/944
f 859/859/859 858/858/858 944/944/944 945/945/945
f 860/860/860 859/859/859 945/945/945 946/946/946
f 861/861/861 860/860/860 946/946/946 947/947/947
f 862/862/862 861/861/861 947/947/947 948/948/948
f 857/857/857 862/862/862 948/948/948 943/943/943
f 917/918/918 918/917/917 949/949/949 950/950/950
f 950/950/950 949/949/949 951/951/951 952/952/952
f 952/952/952 951/951/951 953/953/953 954/954/954
f 954/954/954 953/953/953 955/955/955 956/956/956
f 956/956/956 955/955/955 957/957/957 958/958/958
f 937/936/936 943/943/943 959/959/959 960/5590/960
f 960/5590/960 959/959/959 961/961/961 962/5589/962
f 962/5589/962 961/961/961 963/963/963 964/5588/964
f 964/5588/964 963/963/963 965/965/965 966/5587/966
f 966/5587/966 965/965/965 967/967/967 968/968/968
f 930/930/930 941/941/941 969/969/969 970/970/970
f 970/970/970 969/969/969 971/971/971 972/972/972
f 972/972/972 971/971/971 973/973/973 974/974/974
f 974/974/974 973/973/973 975/975/975 976/976/976
f 976/976/976 975/975/975 977/6000/977 978/6003/978
f 924/924/924 934/934/934 979/979/979 980/980/980
f 980/980/980 979/979/979 981/981/981 982/982/982
f 982/982/982 981/981/981 983/983/983 984/984/984
f 984/984/984 983/983/983 985/985/985 986/986/986
f 918/917/917 919/919/919 987/987/987 949/949/949
f 919/919/919 920/920/920 988/988/988 987/987/987
f 920/920/920 921/921/921 989/989/989 988/988/988
f 923/922/922 922/923/923 990/990/990 991/991/991
f 922/923/923 924/924/924 980/980/980 990/990/990
f 926/926/926 925/925/925 992/992/992 993/993/993
f 927/927/927 926/926/926 993/993/993 994/994/994
f 928/928/928 927/927/927 994/994/994 995/995/995
f 929/929/929 928/928/928 995/995/995 996/996/996
f 921/921/921 929/929/929 996/996/996 989/989/989
f 925/925/925 923/5540/922 991/5539/991 992/992/992
f 949/949/949 987/987/987 997/997/997 951/951/951
f 987/987/987 988/988/988 998/998/998 997/997/997
f 988/988/988 989/989/989 999/999/999 998/998/998
f 991/991/991 990/990/990 1000/1000/1000 1001/1001/1001
f 990/990/990 980/980/980 982/982/982 1000/1000/1000
f 993/993/993 992/992/992 1002/1002/1002 1003/1003/1003
f 994/994/994 993/993/993 1003/1003/1003 1004/1004/1004
f 995/995/995 994/994/994 1004/1004/1004 1005/1005/1005
f 996/996/996 995/995/995 1005/1005/1005 1006/1006/1006
f 989/989/989 996/996/996 1006/1006/1006 999/999/999
f 992/992/992 991/5539/991 1001/5538/1001 1002/1002/1002
f 951/951/951 997/997/997 1007/1007/1007 953/953/953
f 997/997/997 998/998/998 1008/1008/1008 1007/1007/1007
f 998/998/998 999/999/999 1009/1009/1009 1008/1008/1008
f 1001/1001/1001 1000/1000/1000 1010/1010/1010 1011/1011/1011
f 1000/1000/1000 982/982/982 984/984/984 1010/1010/1010
f 1003/1003/1003 1002/1002/1002 1012/1012/1012 1013/1013/1013
f 1004/1004/1004 1003/1003/1003 1013/1013/1013 1014/1014/1014
f 1005/1005/1005 1004/1004/1004 1014/1014/1014 1015/1015/1015
f 1006/1006/1006 1005/1005/1005 1015/1015/1015 1016/1016/1016
f 999/999/999 1006/1006/1006 1016/1016/1016 1009/1009/1009
f 1002/1002/1002 1001/5538/1001 1011/5537/1011 1012/1012/1012
f 953/953/953 1007/1007/1007 1017/1017/1017 955/955/955
f 1007/1007/1007 1008/1008/1008 1018/1018/1018 1017/1017/1017
f 1008/1008/1008 1009/1009/1009 1019/1019/1019 1018/1018/1018
f 1011/1011/1011 1010/1010/1010 1020/1020/1020 1021/1021/1021
f 1010/1010/1010 984/984/984 986/986/986 1020/1020/1020
f 1013/1013/1013 1012/1012/1012 1022/1022/1022 1023/1023/1023
f 1014/1014/1014 1013/1013/1013 1023/1023/1023 1024/1024/1024
f 1015/1015/1015 1014/1014/1014 1024/1024/1024 1025/1025/1025
f 1016/1016/1016 1015/1015/1015 1025/1025/1025 1026/1026/1026
f 1009/1009/1009 1016/1016/1016 1026/1026/1026 1019/1019/1019
f 1012/1012/1012 1011/5537/1011 1021/5536/1021 1022/1022/1022
f 986/986/986 985/985/985 1027/1027/1027 1028/1028/1028
f 955/955/955 1017/1017/1017 1029/1029/1029 957/957/957
f 1017/1017/1017 1018/1018/1018 1030/1030/1030 1029/1029/1029
f 1018/1018/1018 1019/1019/1019 1031/1031/1031 1030/1030/1030
f 1021/1021/1021 1020/1020/1020 1032/1032/1032 1033/1033/1033
f 1020/1020/1020 986/986/986 1028/1028/1028 1032/1032/1032
f 1023/1023/1023 1022/1022/1022 1034/1034/1034 1035/1035/1035
f 1024/1024/1024 1023/1023/1023 1035/1035/1035 1036/1036/1036
f 1025/1025/1025 1024/1024/1024 1036/1036/1036 1037/1037/1037
f 1026/1026/1026 1025/1025/1025 1037/1037/1037 1038/1038/1038
f 1019/1019/1019 1026/1026/1026 1038/1038/1038 1031/1031/1031
f 1022/1022/1022 1021/5536/1021 1033/5535/1033 1034/1034/1034
f 931/931/931 930/930/930 970/970/970 1039/1039/1039
f 932/932/932 931/931/931 1039/1039/1039 1040/1040/1040
f 933/933/933 932/932/932 1040/1040/1040 1041/1041/1041
f 934/934/934 935/935/935 1042/1042/1042 979/979/979
f 935/935/935 933/933/933 1041/1041/1041 1042/1042/1042
f 1039/1039/1039 970/970/970 972/972/972 1043/1043/1043
f 1040/1040/1040 1039/1039/1039 1043/1043/1043 1044/1044/1044
f 1041/1041/1041 1040/1040/1040 1044/1044/1044 1045/1045/1045
f 979/979/979 1042/1042/1042 1046/1046/1046 981/981/981
f 1042/1042/1042 1041/1041/1041 1045/1045/1045 1046/1046/1046
f 1043/1043/1043 972/972/972 974/974/974 1047/1047/1047
f 1044/1044/1044 1043/1043/1043 1047/1047/1047 1048/1048/1048
f 1045/1045/1045 1044/1044/1044 1048/1048/1048 1049/1049/1049
f 981/981/981 1046/1046/1046 1050/1050/1050 983/983/983
f 1046/1046/1046 1045/1045/1045 1049/1049/1049 1050/1050/1050
f 1047/1047/1047 974/974/974 976/976/976 1051/1051/1051
f 1048/1048/1048 1047/1047/1047 1051/1051/1051 1052/1052/1052
f 1049/1049/1049 1048/1048/1048 1052/1052/1052 1053/1053/1053
f 983/983/983 1050/1050/1050 1054/1054/1054 985/985/985
f 1050/1050/1050 1049/1049/1049 1053/1053/1053 1054/1054/1054
f 1051/1051/1051 976/976/976 978/6003/978 1055/6002/1055
f 1052/1052/1052 1051/1051/1051 1055/6002/1055 1056/6001/1056
f 1053/1053/1053 1052/1052/1052 1056/6001/1056 1057/5996/1057
f 985/985/985 1054/1054/1054 1058/1058/1058 1027/1027/1027
f 1054/1054/1054 1053/1053/1053 1057/5996/1057 1058/1058/1058
f 942/942/942 917/918/918 950/950/950 1059/1059/1059
f 944/944/944 942/942/942 1059/1059/1059 1060/1060/1060
f 945/945/945 944/944/944 1060/1060/1060 1061/1061/1061
f 946/946/946 945/945/945 1061/1061/1061 1062/1062/1062
f 947/947/947 946/946/946 1062/1062/1062 1063/1063/1063
f 948/948/948 947/947/947 1063/1063/1063 1064/1064/1064
f 943/943/943 948/948/948 1064/1064/1064 959/959/959
f 1059/1059/1059 950/950/950 952/952/952 1065/1065/1065
f 1060/1060/1060 1059/1059/1059 1065/1065/1065 1066/1066/1066
f 1061/1061/1061 1060/1060/1060 1066/1066/1066 1067/1067/1067
f 1062/1062/1062 1061/1061/1061 1067/1067/1067 1068/1068/1068
f 1063/1063/1063 1062/1062/1062 1068/1068/1068 1069/1069/1069
f 1064/1064/1064 1063/1063/1063 1069/1069/1069 1070/1070/1070
f 959/959/959 1064/1064/1064 1070/1070/1070 961/961/961
f 1065/1065/1065 952/952/952 954/954/954 1071/1071/1071
f 1066/1066/1066 1065/1065/1065 1071/1071/1071 1072/1072/1072
f 1067/1067/1067 1066/1066/1066 1072/1072/1072 1073/1073/1073
f 1068/1068/1068 1067/1067/1067 1073/1073/1073 1074/1074/1074
f 1069/1069/1069 1068/1068/1068 1074/1074/1074 1075/1075/1075
f 1070/1070/1070 1069/1069/1069 1075/1075/1075 1076/1076/1076
f 961/961/961 1070/1070/1070 1076/1076/1076 963/963/963
f 1071/1071/1071 954/954/954 956/956/956 1077/1077/1077
f 1072/1072/1072 1071/1071/1071 1077/1077/1077 1078/1078/1078
f 1073/1073/1073 1072/1072/1072 1078/1078/1078 1079/1079/1079
f 1074/1074/1074 1073/1073/1073 1079/1079/1079 1080/1080/1080
f 1075/1075/1075 1074/1074/1074 1080/1080/1080 1081/1081/1081
f 1076/1076/1076 1075/1075/1075 1081/1081/1081 1082/1082/1082
f 963/963/963 1076/1076/1076 1082/1082/1082 965/965/965
f 1077/1077/1077 956/956/956 958/958/958 1083/1083/1083
f 1078/1078/1078 1077/1077/1077 1083/1083/1083 1084/1084/1084
f 1079/1079/1079 1078/1078/1078 1084/1084/1084 1085/1085/1085
f 1080/1080/1080 1079/1079/1079 1085/1085/1085 1086/1086/1086
f 1081/1081/1081 1080/1080/1080 1086/1086/1086 1087/1087/1087
f 1082/1082/1082 1081/1081/1081 1087/1087/1087 1088/1088/1088
f 965/965/965 1082/1082/1082 1088/1088/1088 967/967/967
f 936/937/937 937/5591/936 960/960/960 1089/1089/1089
f 938/938/938 936/937/937 1089/1089/1089 1090/1090/1090
f 939/939/939 938/938/938 1090/1090/1090 1091/1091/1091
f 940/940/940 939/939/939 1091/1091/1091 1092/1092/1092
f 941/941/941 940/940/940 1092/1092/1092 969/969/969
f 1089/1089/1089 960/960/960 962/962/962 1093/1093/1093
f 1090/1090/1090 1089/1089/1089 1093/1093/1093 1094/1094/1094
f 1091/1091/1091 1090/1090/1090 1094/1094/1094 1095/1095/1095
f 1092/1092/1092 1091/1091/1091 1095/1095/1095 1096/1096/1096
f 969/969/969 1092/1092/1092 1096/1096/1096 971/971/971
f 1093/1093/1093 962/962/962 964/964/964 1097/1097/1097
f 1094/1094/1094 1093/1093/1093 1097/1097/1097 1098/1098/1098
f 1095/1095/1095 1094/1094/1094 1098/1098/1098 1099/1099/1099
f 1096/1096/1096 1095/1095/1095 1099/1099/1099 1100/1100/1100
f 971/971/971 1096/1096/1096 1100/1100/1100 973/973/973
f 1097/1097/1097 964/964/964 966/966/966 1101/1101/1101
f 1098/1098/1098 1097/1097/1097 1101/1101/1101 1102/1102/1102
f 1099/1099/1099 1098/1098/1098 1102/1102/1102 1103/1103/1103
f 1100/1100/1100 1099/1099/1099 1103/1103/1103 1104/1104/1104
f 973/973/973 1100/1100/1100 1104/1104/1104 975/975/975
f 1101/1101/1101 966/966/966 968/5586/968 1105/1105/1105
f 1102/1102/1102 1101/1101/1101 1105/1105/1105 1106/1106/1106
f 1103/1103/1103 1102/1102/1102 1106/1106/1106 1107/1107/1107
f 1104/1104/1104 1103/1103/1103 1107/1107/1107 1108/5999/1108
f 975/975/975 1104/1104/1104 1108/5999/1108 977/6000/977
f 1108/5999/1108 1107/1107/1107 1109/1109/1109 1110/5998/1110
f 1110/5998/1110 1109/1109/1109 1111/1111/1111 1112/5997/1112
f 1112/5997/1112 1111/1111/1111 1113/1113/1113 1114/5991/1114
f 1058/1058/1058 1057/5996/1057 1115/5995/1115 1116/1116/1116
f 1116/1116/1116 1115/5995/1115 1117/5994/1117 1118/1118/1118
f 1118/1118/1118 1117/5994/1117 1119/5993/1119 1120/1120/1120
f 1038/1038/1038 1037/1037/1037 1121/1121/1121 1122/5970/1122
f 1122/5970/1122 1121/1121/1121 1123/1123/1123 1124/5979/1124
f 1124/5979/1124 1123/1123/1123 1125/1125/1125 1126/5977/1126
f 1083/1083/1083 958/958/958 1127/5972/1127 1128/1128/1128
f 1128/1128/1128 1127/5972/1127 1129/5978/1129 1130/1130/1130
f 1130/1130/1130 1129/5978/1129 1131/5976/1131 1132/1132/1132
f 967/967/967 1088/1088/1088 1133/1133/1133 1134/1134/1134
f 1134/1134/1134 1133/1133/1133 1135/1135/1135 1136/1136/1136
f 1136/1136/1136 1135/1135/1135 1137/1137/1137 1138/1138/1138
f 1084/1084/1084 1083/1083/1083 1128/1128/1128 1139/1139/1139
f 1085/1085/1085 1084/1084/1084 1139/1139/1139 1140/1140/1140
f 1086/1086/1086 1085/1085/1085 1140/1140/1140 1141/1141/1141
f 1087/1087/1087 1086/1086/1086 1141/1141/1141 1142/1142/1142
f 1088/1088/1088 1087/1087/1087 1142/1142/1142 1133/1133/1133
f 1139/1139/1139 1128/1128/1128 1130/1130/1130 1143/1143/1143
f 1140/1140/1140 1139/1139/1139 1143/1143/1143 1144/1144/1144
f 1141/1141/1141 1140/1140/1140 1144/1144/1144 1145/1145/1145
f 1142/1142/1142 1141/1141/1141 1145/1145/1145 1146/1146/1146
f 1133/1133/1133 1142/1142/1142 1146/1146/1146 1135/1135/1135
f 1143/1143/1143 1130/1130/1130 1132/1132/1132 1147/1147/1147
f 1144/1144/1144 1143/1143/1143 1147/1147/1147 1148/1148/1148
f 1145/1145/1145 1144/1144/1144 1148/1148/1148 1149/1149/1149
f 1146/1146/1146 1145/1145/1145 1149/1149/1149 1150/1150/1150
f 1135/1135/1135 1146/1146/1146 1150/1150/1150 1137/1137/1137
f 968/968/968 967/967/967 1134/1134/1134 1151/1151/1151
f 1105/1105/1105 968/5586/968 1151/5585/1151 1152/1152/1152
f 1106/1106/1106 1105/1105/1105 1152/1152/1152 1153/1153/1153
f 1107/1107/1107 1106/1106/1106 1153/1153/1153 1109/1109/1109
f 1151/1151/1151 1134/1134/1134 1136/1136/1136 1154/1154/1154
f 1152/1152/1152 1151/5585/1151 1154/5584/1154 1155/1155/1155
f 1153/1153/1153 1152/1152/1152 1155/1155/1155 1156/1156/1156
f 1109/1109/1109 1153/1153/1153 1156/1156/1156 1111/1111/1111
f 1154/1154/1154 1136/1136/1136 1138/1138/1138 1157/1157/1157
f 1155/1155/1155 1154/5584/1154 1157/5583/1157 1158/1158/1158
f 1156/1156/1156 1155/1155/1155 1158/1158/1158 1159/1159/1159
f 1111/1111/1111 1156/1156/1156 1159/1159/1159 1113/1113/1113
f 1028/1028/1028 1027/1027/1027 1160/1160/1160 1161/1161/1161
f 1033/1033/1033 1032/1032/1032 1162/1162/1162 1163/1163/1163
f 1032/1032/1032 1028/1028/1028 1161/1161/1161 1162/1162/1162
f 1035/1035/1035 1034/1034/1034 1164/1164/1164 1165/1165/1165
f 1036/1036/1036 1035/1035/1035 1165/1165/1165 1166/1166/1166
f 1037/1037/1037 1036/1036/1036 1166/1166/1166 1121/1121/1121
f 1034/1034/1034 1033/5535/1033 1163/5534/1163 1164/1164/1164
f 1027/1027/1027 1058/1058/1058 1116/1116/1116 1160/1160/1160
f 1161/1161/1161 1160/1160/1160 1167/1167/1167 1168/1168/1168
f 1163/1163/1163 1162/1162/1162 1169/1169/1169 1170/1170/1170
f 1162/1162/1162 1161/1161/1161 1168/1168/1168 1169/1169/1169
f 1165/1165/1165 1164/1164/1164 1171/1171/1171 1172/1172/1172
f 1166/1166/1166 1165/1165/1165 1172/1172/1172 1173/1173/1173
f 1121/1121/1121 1166/1166/1166 1173/1173/1173 1123/1123/1123
f 1164/1164/1164 1163/5534/1163 1170/5533/1170 1171/1171/1171
f 1160/1160/1160 1116/1116/1116 1118/1118/1118 1167/1167/1167
f 1168/1168/1168 1167/1167/1167 1174/1174/1174 1175/1175/1175
f 1170/1170/1170 1169/1169/1169 1176/1176/1176 1177/1177/1177
f 1169/1169/1169 1168/1168/1168 1175/1175/1175 1176/1176/1176
f 1172/1172/1172 1171/1171/1171 1178/1178/1178 1179/1179/1179
f 1173/1173/1173 1172/1172/1172 1179/1179/1179 1180/1180/1180
f 1123/1123/1123 1173/1173/1173 1180/1180/1180 1125/1125/1125
f 1171/1171/1171 1170/5533/1170 1177/5532/1177 1178/1178/1178
f 1167/1167/1167 1118/1118/1118 1120/1120/1120 1174/1174/1174
f 1120/1120/1120 1119/5993/1119 1181/5992/1181 1182/1182/1182
f 1126/5977/1126 1125/1125/1125 1183/1183/1183 1184/5965/1184
f 1175/1175/1175 1174/1174/1174 1185/1185/1185 1186/1186/1186
f 1177/1177/1177 1176/1176/1176 1187/1187/1187 1188/1188/1188
f 1176/1176/1176 1175/1175/1175 1186/1186/1186 1187/1187/1187
f 1179/1179/1179 1178/1178/1178 1189/1189/1189 1190/1190/1190
f 1180/1180/1180 1179/1179/1179 1190/1190/1190 1191/1191/1191
f 1125/1125/1125 1180/1180/1180 1191/1191/1191 1183/1183/1183
f 1178/1178/1178 1177/5532/1177 1188/5531/1188 1189/1189/1189
f 1174/1174/1174 1120/1120/1120 1182/1182/1182 1185/1185/1185
f 1182/1182/1182 1181/5992/1181 1192/5989/1192 1193/1193/1193
f 1184/5965/1184 1183/1183/1183 1194/1194/1194 1195/1195/1195
f 1186/1186/1186 1185/1185/1185 1196/1196/1196 1197/1197/1197
f 1188/1188/1188 1187/1187/1187 1198/1198/1198 1199/1199/1199
f 1187/1187/1187 1186/1186/1186 1197/1197/1197 1198/1198/1198
f 1190/1190/1190 1189/1189/1189 1200/1200/1200 1201/1201/1201
f 1191/1191/1191 1190/1190/1190 1201/1201/1201 1202/1202/1202
f 1183/1183/1183 1191/1191/1191 1202/1202/1202 1194/1194/1194
f 1189/1189/1189 1188/5531/1188 1199/5530/1199 1200/1200/1200
f 1185/1185/1185 1182/1182/1182 1193/1193/1193 1196/1196/1196
f 1114/5991/1114 1113/1113/1113 1203/1203/1203 1204/5990/1204
f 1132/1132/1132 1131/5976/1131 1205/5975/1205 1206/1206/1206
f 1138/1138/1138 1137/1137/1137 1207/1207/1207 1208/1208/1208
f 1147/1147/1147 1132/1132/1132 1206/1206/1206 1209/1209/1209
f 1148/1148/1148 1147/1147/1147 1209/1209/1209 1210/1210/1210
f 1149/1149/1149 1148/1148/1148 1210/1210/1210 1211/1211/1211
f 1150/1150/1150 1149/1149/1149 1211/1211/1211 1212/1212/1212
f 1137/1137/1137 1150/1150/1150 1212/1212/1212 1207/1207/1207
f 1157/1157/1157 1138/1138/1138 1208/1208/1208 1213/1213/1213
f 1158/1158/1158 1157/5583/1157 1213/5582/1213 1214/1214/1214
f 1159/1159/1159 1158/1158/1158 1214/1214/1214 1215/1215/1215
f 1113/1113/1113 1159/1159/1159 1215/1215/1215 1203/1203/1203
f 1204/5990/1204 1203/1203/1203 1216/1216/1216 1217/5988/1217
f 1206/1206/1206 1205/5975/1205 1218/5974/1218 1219/1219/1219
f 1208/1208/1208 1207/1207/1207 1220/1220/1220 1221/1221/1221
f 1209/1209/1209 1206/1206/1206 1219/1219/1219 1222/1222/1222
f 1210/1210/1210 1209/1209/1209 1222/1222/1222 1223/1223/1223
f 1211/1211/1211 1210/1210/1210 1223/1223/1223 1224/1224/1224
f 1212/1212/1212 1211/1211/1211 1224/1224/1224 1225/1225/1225
f 1207/1207/1207 1212/1212/1212 1225/1225/1225 1220/1220/1220
f 1213/1213/1213 1208/1208/1208 1221/1221/1221 1226/1226/1226
f 1214/1214/1214 1213/5582/1213 1226/5581/1226 1227/1227/1227
f 1215/1215/1215 1214/1214/1214 1227/1227/1227 1228/1228/1228
f 1203/1203/1203 1215/1215/1215 1228/1228/1228 1216/1216/1216
f 1193/1193/1193 1192/5989/1192 1229/1229/1229 1230/1230/1230
f 1195/1195/1195 1194/1194/1194 1231/1231/1231 1232/1232/1232
f 1197/1197/1197 1196/1196/1196 1233/1233/1233 1234/1234/1234
f 1199/1199/1199 1198/1198/1198 1235/1235/1235 1236/1236/1236
f 1198/1198/1198 1197/1197/1197 1234/1234/1234 1235/1235/1235
f 1201/1201/1201 1200/1200/1200 1237/1237/1237 1238/1238/1238
f 1202/1202/1202 1201/1201/1201 1238/1238/1238 1239/1239/1239
f 1194/1194/1194 1202/1202/1202 1239/1239/1239 1231/1231/1231
f 1200/1200/1200 1199/5530/1199 1236/5529/1236 1237/1237/1237
f 1196/1196/1196 1193/1193/1193 1230/1230/1230 1233/1233/1233
f 1217/5988/1217 1216/1216/1216 1240/1240/1240 1241/1241/1241
f 1219/1219/1219 1218/5974/1218 1242/1242/1242 1243/1243/1243
f 1221/1221/1221 1220/1220/1220 1244/1244/1244 1245/1245/1245
f 1222/1222/1222 1219/1219/1219 1243/1243/1243 1246/1246/1246
f 1223/1223/1223 1222/1222/1222 1246/1246/1246 1247/1247/1247
f 1224/1224/1224 1223/1223/1223 1247/1247/1247 1248/1248/1248
f 1225/1225/1225 1224/1224/1224 1248/1248/1248 1249/1249/1249
f 1220/1220/1220 1225/1225/1225 1249/1249/1249 1244/1244/1244
f 1226/1226/1226 1221/1221/1221 1245/1245/1245 1250/1250/1250
f 1227/1227/1227 1226/5581/1226 1250/5580/1250 1251/1251/1251
f 1228/1228/1228 1227/1227/1227 1251/1251/1251 1252/1252/1252
f 1216/1216/1216 1228/1228/1228 1252/1252/1252 1240/1240/1240
f 1232/1232/1232 1253/1253/1253 1254/5966/1254 1195/1195/1195
f 1259/5980/1255 1260/1256/1256 1242/1242/1242 1218/5974/1218
f 1254/5966/1254 1253/1253/1253 1256/1257/1257 1255/5973/1258
f 1255/5973/1258 1256/1257/1257 1258/1259/1259 1257/5981/1260
f 1257/5981/1260 1258/1259/1259 1260/1256/1256 1259/5980/1255
f 1241/1241/1241 1261/1261/1261 1262/5987/1262 1217/5988/1217
f 1267/5984/1263 1268/1264/1264 1229/1229/1229 1192/5989/1192
f 1262/5987/1262 1261/1261/1261 1264/1265/1265 1263/5986/1266
f 1263/5986/1266 1264/1265/1265 1266/1267/1267 1265/5985/1268
f 1265/5985/1268 1266/1267/1267 1268/1264/1264 1267/5984/1263
f 1244/1244/1244 1269/1269/1269 1270/1270/1270 1245/1245/1245
f 1270/1270/1270 1269/1269/1269 1271/1271/1271 1272/1272/1272
f 1272/1272/1272 1271/1271/1271 1273/1273/1273 1274/1274/1274
f 1274/1274/1274 1273/1273/1273 1275/1275/1275 1276/1276/1276
f 1242/1242/1242 1277/1277/1277 1278/1278/1278 1243/1243/1243
f 1278/1278/1278 1277/1277/1277 1279/1279/1279 1280/1280/1280
f 1280/1280/1280 1279/1279/1279 1281/1281/1281 1282/1282/1282
f 1282/1282/1282 1281/1281/1281 1283/1283/1283 1284/1284/1284
f 1241/1241/1241 1240/1240/1240 1285/1285/1285 1286/1286/1286
f 1286/1286/1286 1285/1285/1285 1287/1287/1287 1288/1288/1288
f 1288/1288/1288 1287/1287/1287 1289/1289/1289 1290/1290/1290
f 1290/1290/1290 1289/1289/1289 1291/1291/1291 1292/1292/1292
f 1250/1250/1250 1245/1245/1245 1270/1270/1270 1293/1293/1293
f 1251/1251/1251 1250/5580/1250 1293/5579/1293 1294/1294/1294
f 1252/1252/1252 1251/1251/1251 1294/1294/1294 1295/1295/1295
f 1240/1240/1240 1252/1252/1252 1295/1295/1295 1285/1285/1285
f 1293/1293/1293 1270/1270/1270 1272/1272/1272 1296/1296/1296
f 1294/1294/1294 1293/5579/1293 1296/5578/1296 1297/1297/1297
f 1295/1295/1295 1294/1294/1294 1297/1297/1297 1298/1298/1298
f 1285/1285/1285 1295/1295/1295 1298/1298/1298 1287/1287/1287
f 1296/1296/1296 1272/1272/1272 1274/1274/1274 1299/1299/1299
f 1297/1297/1297 1296/5578/1296 1299/5577/1299 1300/1300/1300
f 1298/1298/1298 1297/1297/1297 1300/1300/1300 1301/1301/1301
f 1287/1287/1287 1298/1298/1298 1301/1301/1301 1289/1289/1289
f 1299/1299/1299 1274/1274/1274 1276/1276/1276 1302/1302/1302
f 1300/1300/1300 1299/5577/1299 1302/5576/1302 1303/1303/1303
f 1301/1301/1301 1300/1300/1300 1303/1303/1303 1304/1304/1304
f 1289/1289/1289 1301/1301/1301 1304/1304/1304 1291/1291/1291
f 1246/1246/1246 1243/1243/1243 1278/1278/1278 1305/1305/1305
f 1247/1247/1247 1246/1246/1246 1305/1305/1305 1306/1306/1306
f 1248/1248/1248 1247/1247/1247 1306/1306/1306 1307/1307/1307
f 1249/1249/1249 1248/1248/1248 1307/1307/1307 1308/1308/1308
f 1244/1244/1244 1249/1249/1249 1308/1308/1308 1269/1269/1269
f 1305/1305/1305 1278/1278/1278 1280/1280/1280 1309/1309/1309
f 1306/1306/1306 1305/1305/1305 1309/1309/1309 1310/1310/1310
f 1307/1307/1307 1306/1306/1306 1310/1310/1310 1311/1311/1311
f 1308/1308/1308 1307/1307/1307 1311/1311/1311 1312/1312/1312
f 1269/1269/1269 1308/1308/1308 1312/1312/1312 1271/1271/1271
f 1309/1309/1309 1280/1280/1280 1282/1282/1282 1313/1313/1313
f 1310/1310/1310 1309/1309/1309 1313/1313/1313 1314/1314/1314
f 1311/1311/1311 1310/1310/1310 1314/1314/1314 1315/1315/1315
f 1312/1312/1312 1311/1311/1311 1315/1315/1315 1316/1316/1316
f 1271/1271/1271 1312/1312/1312 1316/1316/1316 1273/1273/1273
f 1313/1313/1313 1282/1282/1282 1284/1284/1284 1317/1317/1317
f 1314/1314/1314 1313/1313/1313 1317/1317/1317 1318/1318/1318
f 1315/1315/1315 1314/1314/1314 1318/1318/1318 1319/1319/1319
f 1316/1316/1316 1315/1315/1315 1319/1319/1319 1320/1320/1320
f 1273/1273/1273 1316/1316/1316 1320/1320/1320 1275/1275/1275
f 1292/1292/1292 1321/1321/1321 1322/1322/1322 1290/1290/1290
f 1323/1323/1323 1324/1324/1324 1283/1283/1283 1281/1281/1281
f 1325/1325/1325 1261/1261/1261 1241/1241/1241 1286/1286/1286
f 1286/1286/1286 1288/1288/1288 1326/1326/1326 1325/1325/1325
f 1288/1288/1288 1290/1290/1290 1322/1322/1322 1326/1326/1326
f 1260/1256/1256 1327/1327/1327 1277/1277/1277 1242/1242/1242
f 1327/1327/1327 1328/1328/1328 1279/1279/1279 1277/1277/1277
f 1328/1328/1328 1323/1323/1323 1281/1281/1281 1279/1279/1279
f 1329/1329/1329 1264/1265/1265 1261/1261/1261 1325/1325/1325
f 1258/1259/1259 1330/1330/1330 1327/1327/1327 1260/1256/1256
f 1256/1257/1257 1331/1331/1331 1330/1330/1330 1258/1259/1259
f 1332/1332/1332 1266/1267/1267 1264/1265/1265 1329/1329/1329
f 1333/1333/1333 1268/1264/1264 1266/1267/1267 1332/1332/1332
f 1229/1229/1229 1268/1264/1264 1333/1333/1333 1230/1230/1230
f 1253/1253/1253 1334/1334/1334 1331/1331/1331 1256/1257/1257
f 1253/1253/1253 1232/1232/1232 1231/1231/1231 1334/1334/1334
f 1335/1335/1335 1233/1233/1233 1230/1230/1230 1333/1333/1333
f 1239/1239/1239 1336/1336/1336 1334/1334/1334 1231/1231/1231
f 1337/1337/1337 1234/1234/1234 1233/1233/1233 1335/1335/1335
f 1234/1234/1234 1337/1337/1337 1338/1338/1338 1235/1235/1235
f 1336/1336/1336 1239/1239/1239 1238/1238/1238 1339/1339/1339
f 1237/1237/1237 1340/1340/1340 1339/1339/1339 1238/1238/1238
f 1341/1341/1341 1236/1236/1236 1235/1235/1235 1338/1338/1338
f 1236/5529/1236 1341/5528/1341 1340/1340/1340 1237/1237/1237
f 1342/1342/1342 1329/1329/1329 1325/1325/1325 1326/1326/1326
f 1343/1343/1343 1332/1332/1332 1329/1329/1329 1342/1342/1342
f 1344/1344/1344 1333/1333/1333 1332/1332/1332 1343/1343/1343
f 1345/1345/1345 1335/1335/1335 1333/1333/1333 1344/1344/1344
f 1330/1330/1330 1346/1346/1346 1328/1328/1328 1327/1327/1327
f 1331/1331/1331 1347/1347/1347 1346/1346/1346 1330/1330/1330
f 1334/1334/1334 1348/1348/1348 1347/1347/1347 1331/1331/1331
f 1348/1348/1348 1334/1334/1334 1336/1336/1336 1349/1349/1349
f 1349/1349/1349 1336/1336/1336 1339/1339/1339 1350/1350/1350
f 1350/1350/1350 1339/1339/1339 1340/1340/1340 1351/1351/1351
f 1341/5528/1341 1352/5527/1352 1351/1351/1351 1340/1340/1340
f 1335/1335/1335 1345/1345/1345 1353/1353/1353 1337/1337/1337
f 1337/1337/1337 1353/1353/1353 1354/1354/1354 1338/1338/1338
f 1352/1352/1352 1341/1341/1341 1338/1338/1338 1354/1354/1354
f 1346/1346/1346 1355/1355/1355 1323/1323/1323 1328/1328/1328
f 1356/1356/1356 1342/1342/1342 1326/1326/1326 1322/1322/1322
f 1342/1342/1342 1356/1356/1356 1357/1357/1357 1343/1343/1343
f 1347/1347/1347 1358/1358/1358 1355/1355/1355 1346/1346/1346
f 1359/1359/1359 1344/1344/1344 1343/1343/1343 1357/1357/1357
f 1348/1348/1348 1360/1360/1360 1358/1358/1358 1347/1347/1347
f 1361/1361/1361 1345/1345/1345 1344/1344/1344 1359/1359/1359
f 1349/1349/1349 1362/1362/1362 1360/1360/1360 1348/1348/1348
f 1363/1363/1363 1353/1353/1353 1345/1345/1345 1361/1361/1361
f 1350/1350/1350 1364/1364/1364 1362/1362/1362 1349/1349/1349
f 1353/1353/1353 1363/1363/1363 1365/1365/1365 1354/1354/1354
f 1366/1366/1366 1352/1352/1352 1354/1354/1354 1365/1365/1365
f 1352/5527/1352 1366/5526/1366 1367/1367/1367 1351/1351/1351
f 1351/1351/1351 1367/1367/1367 1364/1364/1364 1350/1350/1350
f 1276/1276/1276 1275/1275/1275 1368/1368/1368 1369/1369/1369
f 1284/1284/1284 1283/1283/1283 1370/1370/1370 1371/1371/1371
f 1292/1292/1292 1291/1291/1291 1372/1372/1372 1373/1373/1373
f 1302/1302/1302 1276/1276/1276 1369/1369/1369 1374/1374/1374
f 1303/1303/1303 1302/5576/1302 1374/5575/1374 1375/1375/1375
f 1304/1304/1304 1303/1303/1303 1375/1375/1375 1376/1376/1376
f 1291/1291/1291 1304/1304/1304 1376/1376/1376 1372/1372/1372
f 1317/1317/1317 1284/1284/1284 1371/1371/1371 1377/1377/1377
f 1318/1318/1318 1317/1317/1317 1377/1377/1377 1378/1378/1378
f 1319/1319/1319 1318/1318/1318 1378/1378/1378 1379/1379/1379
f 1320/1320/1320 1319/1319/1319 1379/1379/1379 1380/1380/1380
f 1275/1275/1275 1320/1320/1320 1380/1380/1380 1368/1368/1368
f 1321/1321/1321 1292/1292/1292 1373/1373/1373 1381/1381/1381
f 1283/1283/1283 1324/1324/1324 1382/1382/1382 1370/1370/1370
f 1383/1383/1383 1356/1356/1356 1322/1322/1322 1321/1321/1321
f 1384/1384/1384 1357/1357/1357 1356/1356/1356 1383/1383/1383
f 1384/1384/1384 1385/1385/1385 1359/1359/1359 1357/1357/1357
f 1386/1386/1386 1361/1361/1361 1359/1359/1359 1385/1385/1385
f 1386/1386/1386 1387/1387/1387 1363/1363/1363 1361/1361/1361
f 1324/1324/1324 1323/1323/1323 1355/1355/1355 1388/1388/1388
f 1358/1358/1358 1389/1389/1389 1388/1388/1388 1355/1355/1355
f 1360/1360/1360 1390/1390/1390 1389/1389/1389 1358/1358/1358
f 1391/1391/1391 1365/1365/1365 1363/1363/1363 1387/1387/1387
f 1360/1360/1360 1362/1362/1362 1364/1364/1364 1390/1390/1390
f 1367/1367/1367 1392/1392/1392 1390/1390/1390 1364/1364/1364
f 1366/5526/1366 1393/5525/1393 1392/1392/1392 1367/1367/1367
f 1365/1365/1365 1391/1391/1391 1393/1393/1393 1366/1366/1366
f 1387/1387/1387 1394/1394/1394 1395/1395/1395 1391/1391/1391
f 1396/1396/1396 1393/1393/1393 1391/1391/1391 1395/1395/1395
f 1393/5525/1393 1396/5524/1396 1397/1397/1397 1392/1392/1392
f 1398/1398/1398 1390/1390/1390 1392/1392/1392 1397/1397/1397
f 1388/1388/1388 1389/1389/1389 1390/1390/1390 1398/1398/1398
f 1385/1385/1385 1394/1394/1394 1387/1387/1387 1386/1386/1386
f 1400/1399/1399 1399/1400/1400 1394/1394/1394 1385/1385/1385
f 1401/1401/1401 1395/1395/1395 1394/1394/1394 1399/1400/1400
f 1402/1402/1402 1396/1396/1396 1395/1395/1395 1401/1401/1401
f 1396/5524/1396 1402/5523/1402 1403/1403/1403 1397/1397/1397
f 1404/1404/1404 1398/1398/1398 1397/1397/1397 1403/1403/1403
f 1405/1405/1405 1388/1388/1388 1398/1398/1398 1404/1404/1404
f 1321/1321/1321 1381/1381/1381 1406/1406/1406 1383/1383/1383
f 1407/1407/1407 1384/1384/1384 1383/1383/1383 1406/1406/1406
f 1384/1384/1384 1407/1407/1407 1400/1399/1399 1385/1385/1385
f 1382/1382/1382 1324/1324/1324 1388/1388/1388 1405/1405/1405
f 1409/1408/1408 1399/1400/1400 1400/1399/1399 1408/1409/1409
f 1410/1410/1410 1401/1401/1401 1399/1400/1400 1409/1408/1408
f 1411/1411/1411 1402/1402/1402 1401/1401/1401 1410/1410/1410
f 1402/5523/1402 1411/5522/1411 1412/1412/1412 1403/1403/1403
f 1403/1403/1403 1412/1412/1412 1413/1413/1413 1404/1404/1404
f 1407/1407/1407 1406/1406/1406 1408/1409/1409 1400/1399/1399
f 1382/1382/1382 1405/1405/1405 1404/1404/1404 1413/1413/1413
f 1369/1369/1369 1414/1414/1414 1415/1415/1415 1374/1374/1374
f 1415/5574/1415 1416/1416/1416 1375/1375/1375 1374/5575/1374
f 1415/1415/1415 1414/1414/1414 1417/1417/1417 1418/1418/1418
f 1416/1416/1416 1415/5574/1415 1418/5573/1418 1419/1419/1419
f 1420/1420/1420 1422/1421/1421 1423/1422/1422 1421/1423/1423
f 1424/1424/1424 1438/1425/1425 1439/1426/1426 1425/1427/1427
f 1422/1421/1421 1455/1428/1428 1456/1429/1429 1423/1422/1422
f 1428/1430/1430 1487/1431/1431 1488/1432/1432 1429/1433/1433
f 1433/1434/1434 1491/1435/1435 1492/1436/1436 1432/1437/1437
f 1426/1438/1438 1485/1439/1439 1486/1440/1440 1427/1441/1441
f 1435/1442/1442 1414/1414/1414 1369/1369/1369 1434/1443/1443
f 1421/1423/1423 1435/1442/1442 1434/1443/1443 1420/1420/1420
f 1416/1416/1416 1436/1444/1444 1437/1445/1445 1375/1375/1375
f 1436/1444/1444 1424/1424/1424 1425/1427/1427 1437/1445/1445
f 1434/1443/1443 1369/1369/1369 1368/1368/1368 1420/1420/1420
f 1375/1375/1375 1437/1445/1445 1425/1427/1427 1376/1376/1376
f 1457/1446/1446 1458/1447/1447 1426/1438/1438 1427/1441/1441
f 1376/1376/1376 1425/1427/1427 1439/1426/1426 1372/1372/1372
f 1422/1421/1421 1420/1420/1420 1368/1368/1368 1380/1380/1380
f 1441/1448/1448 1381/1381/1381 1373/1373/1373 1440/1449/1449
f 1442/1450/1450 1406/1406/1406 1381/1381/1381 1441/1448/1448
f 1443/1451/1451 1408/1409/1409 1406/1406/1406 1442/1450/1450
f 1408/1409/1409 1443/1451/1451 1444/1452/1452 1409/1408/1408
f 1445/1453/1453 1410/1410/1410 1409/1408/1408 1444/1452/1452
f 1446/1454/1454 1411/1411/1411 1410/1410/1410 1445/1453/1453
f 1447/1455/1455 1412/1412/1412 1411/5522/1411 1446/5521/1454
f 1448/1456/1456 1413/1413/1413 1412/1412/1412 1447/1455/1455
f 1449/1457/1457 1382/1382/1382 1413/1413/1413 1448/1456/1456
f 1450/1458/1458 1370/1370/1370 1382/1382/1382 1449/1457/1457
f 1451/1459/1459 1371/1371/1371 1370/1370/1370 1450/1458/1458
f 1451/1459/1459 1452/1460/1460 1377/1377/1377 1371/1371/1371
f 1452/1460/1460 1453/1461/1461 1378/1378/1378 1377/1377/1377
f 1453/1461/1461 1454/1462/1462 1379/1379/1379 1378/1378/1378
f 1372/1372/1372 1439/1426/1426 1440/1449/1449 1373/1373/1373
f 1380/1380/1380 1379/1379/1379 1454/1462/1462 1422/1421/1421
f 1456/1429/1429 1455/1428/1428 1428/1430/1430 1429/1433/1433
f 1439/1426/1426 1438/1425/1425 1458/1447/1447 1457/1446/1446
f 1459/1463/1463 1455/1428/1428 1422/1421/1421 1454/1462/1462
f 1457/1446/1446 1460/1464/1464 1440/1449/1449 1439/1426/1426
f 1460/1464/1464 1461/1465/1465 1441/1448/1448 1440/1449/1449
f 1462/1466/1466 1459/1463/1463 1454/1462/1462 1453/1461/1461
f 1463/1467/1467 1462/1466/1466 1453/1461/1461 1452/1460/1460
f 1463/1467/1467 1452/1460/1460 1451/1459/1459 1464/1468/1468
f 1464/1468/1468 1451/1459/1459 1450/1458/1458 1465/1469/1469
f 1441/1448/1448 1461/1465/1465 1466/1470/1470 1442/1450/1450
f 1442/1450/1450 1466/1470/1470 1467/1471/1471 1443/1451/1451
f 1443/1451/1451 1467/1471/1471 1468/1472/1472 1444/1452/1452
f 1469/1473/1473 1445/1453/1453 1444/1452/1452 1468/1472/1472
f 1449/1457/1457 1470/1474/1474 1465/1469/1469 1450/1458/1458
f 1448/1456/1456 1471/1475/1475 1470/1474/1474 1449/1457/1457
f 1472/1476/1476 1446/1454/1454 1445/1453/1453 1469/1473/1473
f 1446/5521/1454 1472/5520/1476 1473/1477/1477 1447/1455/1455
f 1447/1455/1455 1473/1477/1477 1471/1475/1475 1448/1456/1456
f 1474/1478/1478 1460/1464/1464 1457/1446/1446 1427/1441/1441
f 1459/1463/1463 1475/1479/1479 1428/1430/1430 1455/1428/1428
f 1461/1465/1465 1460/1464/1464 1474/1478/1478 1466/1470/1470
f 1463/1467/1467 1475/1479/1479 1459/1463/1463 1462/1466/1466
f 1476/1480/1480 1467/1471/1471 1466/1470/1470 1474/1478/1478
f 1477/1481/1481 1468/1472/1472 1467/1471/1471 1476/1480/1480
f 1464/1468/1468 1478/1482/1482 1475/1479/1479 1463/1467/1467
f 1465/1469/1469 1479/1483/1483 1478/1482/1482 1464/1468/1468
f 1480/1484/1484 1469/1473/1473 1468/1472/1472 1477/1481/1481
f 1469/1473/1473 1480/1484/1484 1481/1485/1485 1472/1476/1476
f 1482/1486/1486 1473/1477/1477 1472/5520/1476 1481/5519/1485
f 1473/1477/1477 1482/1486/1486 1483/1487/1487 1471/1475/1475
f 1484/1488/1488 1470/1474/1474 1471/1475/1475 1483/1487/1487
f 1470/1474/1474 1484/1488/1488 1479/1483/1483 1465/1469/1469
f 1486/1440/1440 1485/1439/1439 1433/1434/1434 1432/1437/1437
f 1486/1440/1440 1476/1480/1480 1474/1478/1478 1427/1441/1441
f 1476/1480/1480 1486/1440/1440 1432/1437/1437 1477/1481/1481
f 1489/1489/1489 1490/1490/1490 1430/1491/1491 1431/1492/1492
f 1488/1432/1432 1487/1431/1431 1490/1490/1490 1489/1489/1489
f 1428/1430/1430 1475/1479/1479 1478/1482/1482 1487/1431/1431
f 1487/1431/1431 1478/1482/1482 1479/1483/1483 1490/1490/1490
f 1484/1488/1488 1430/1491/1491 1490/1490/1490 1479/1483/1483
f 1495/1493/1493 1496/1494/1494 1431/1492/1492 1430/1491/1491
f 1492/1436/1436 1491/1435/1435 1494/1495/1495 1493/5518/1496
f 1477/1481/1481 1432/1437/1437 1492/1436/1436 1480/1484/1484
f 1493/5518/1496 1481/1485/1485 1480/1484/1484 1492/1436/1436
f 1493/1496/1496 1494/5517/1495 1497/1497/1497 1498/1498/1498
f 1498/1498/1498 1497/1497/1497 1496/1494/1494 1495/1493/1493
f 1430/1491/1491 1484/1488/1488 1483/1487/1487 1495/1493/1493
f 1495/1493/1493 1483/1487/1487 1482/1486/1486 1498/1498/1498
f 1481/5519/1485 1493/1496/1496 1498/1498/1498 1482/1486/1486
f 1418/1418/1418 1417/1417/1417 1499/1499/1499 1500/1500/1500
f 1419/1419/1419 1418/5573/1418 1500/5562/1500 1501/1501/1501
f 1503/1502/1502 1488/1432/1432 1489/1489/1489 1502/1503/1503
f 1505/1504/1504 1485/1439/1439 1426/1438/1438 1504/1505/1505
f 1438/1425/1425 1424/1424/1424 1506/1506/1506 1507/1507/1507
f 1436/1444/1444 1416/1416/1416 1419/1419/1419 1508/1508/1508
f 1424/1424/1424 1436/1444/1444 1508/1508/1508 1506/1506/1506
f 1458/1447/1447 1438/1425/1425 1507/1507/1507 1509/1509/1509
f 1426/1438/1438 1458/1447/1447 1509/1509/1509 1504/1505/1505
f 1421/1423/1423 1423/1422/1422 1510/1510/1510 1511/1511/1511
f 1456/1429/1429 1429/1433/1433 1512/1512/1512 1513/1513/1513
f 1414/1414/1414 1435/1442/1442 1514/1514/1514 1417/1417/1417
f 1435/1442/1442 1421/1423/1423 1511/1511/1511 1514/1514/1514
f 1423/1422/1422 1456/1429/1429 1513/1513/1513 1510/1510/1510
f 1429/1433/1433 1488/1432/1432 1503/1502/1502 1512/1512/1512
f 1489/1489/1489 1431/1492/1492 1515/1515/1515 1502/1503/1503
f 1491/1435/1435 1433/1434/1434 1516/1516/1516 1517/1517/1517
f 1433/1434/1434 1485/1439/1439 1505/1504/1504 1516/1516/1516
f 1494/1495/1495 1491/1435/1435 1517/1517/1517 1518/1518/1518
f 1497/1497/1497 1494/5517/1495 1518/5516/1518 1519/1519/1519
f 1431/1492/1492 1496/1494/1494 1520/1520/1520 1515/1515/1515
f 1496/1494/1494 1497/1497/1497 1519/1519/1519 1520/1520/1520
f 1524/1521/1521 1521/1522/1522 1522/1523/1523 1523/5568/1524
f 1526/1525/1525 1523/1524/1524 1522/5572/1523 1525/1526/1526
f 1525/1526/1526 1527/1527/1527 1528/1528/1528 1526/1525/1525
f 1530/1529/1529 1521/1522/1522 1524/1521/1521 1529/1530/1530
f 1529/1530/1530 1531/1531/1531 1532/1532/1532 1530/1529/1529
f 1534/1533/1533 1533/1534/1534 1528/1528/1528 1527/1527/1527
f 1536/1535/1535 1533/1534/1534 1534/1533/1533 1535/1536/1536
f 1535/1536/1536 1532/1532/1532 1531/1531/1531 1536/1535/1535
f 1522/1523/1523 1521/1522/1522 1537/1537/1537 1538/1538/1538
f 1525/1526/1526 1522/5572/1523 1538/5571/1538 1539/1539/1539
f 1527/1527/1527 1525/1526/1526 1539/1539/1539 1540/1540/1540
f 1521/1522/1522 1530/1529/1529 1541/1541/1541 1537/1537/1537
f 1530/1529/1529 1532/1532/1532 1542/1542/1542 1541/1541/1541
f 1534/1533/1533 1527/1527/1527 1540/1540/1540 1543/1543/1543
f 1535/1536/1536 1534/1533/1533 1543/1543/1543 1544/1544/1544
f 1532/1532/1532 1535/1536/1536 1544/1544/1544 1542/1542/1542
f 1538/1538/1538 1537/1537/1537 1545/1545/1545 1546/1546/1546
f 1539/1539/1539 1538/5571/1538 1546/5570/1546 1547/1547/1547
f 1540/1540/1540 1539/1539/1539 1547/1547/1547 1548/1548/1548
f 1537/1537/1537 1541/1541/1541 1549/1549/1549 1545/1545/1545
f 1541/1541/1541 1542/1542/1542 1550/1550/1550 1549/1549/1549
f 1543/1543/1543 1540/1540/1540 1548/1548/1548 1551/1551/1551
f 1544/1544/1544 1543/1543/1543 1551/1551/1551 1552/1552/1552
f 1542/1542/1542 1544/1544/1544 1552/1552/1552 1550/1550/1550
f 1546/1546/1546 1545/1545/1545 1553/1553/1553 1554/1554/1554
f 1547/1547/1547 1546/5570/1546 1554/5569/1554 1555/1555/1555
f 1548/1548/1548 1547/1547/1547 1555/1555/1555 1556/1556/1556
f 1545/1545/1545 1549/1549/1549 1557/1557/1557 1553/1553/1553
f 1549/1549/1549 1550/1550/1550 1558/1558/1558 1557/1557/1557
f 1551/1551/1551 1548/1548/1548 1556/1556/1556 1559/1559/1559
f 1552/1552/1552 1551/1551/1551 1559/1559/1559 1560/1560/1560
f 1550/1550/1550 1552/1552/1552 1560/1560/1560 1558/1558/1558
f 1554/1554/1554 1553/1553/1553 1561/5873/1561 1562/5875/1562
f 1555/1555/1555 1554/5569/1554 1562/5565/1562 1563/5874/1563
f 1556/1556/1556 1555/1555/1555 1563/5874/1563 1564/5872/1564
f 1553/1553/1553 1557/1557/1557 1565/1565/1565 1561/5873/1561
f 1557/1557/1557 1558/1558/1558 1566/1566/1566 1565/1565/1565
f 1559/1559/1559 1556/1556/1556 1564/5872/1564 1567/1567/1567
f 1560/1560/1560 1559/1559/1559 1567/1567/1567 1568/1568/1568
f 1558/1558/1558 1560/1560/1560 1568/1568/1568 1566/1566/1566
f 1524/1521/1521 1523/5568/1524 1569/5567/1569 1570/1570/1570
f 1523/1524/1524 1526/1525/1525 1571/1571/1571 1569/1569/1569
f 1526/1525/1525 1528/1528/1528 1572/1572/1572 1571/1571/1571
f 1529/1530/1530 1524/1521/1521 1570/1570/1570 1573/1573/1573
f 1531/1531/1531 1529/1530/1530 1573/1573/1573 1574/1574/1574
f 1528/1528/1528 1533/1534/1534 1575/1575/1575 1572/1572/1572
f 1533/1534/1534 1536/1535/1535 1576/1576/1576 1575/1575/1575
f 1536/1535/1535 1531/1531/1531 1574/1574/1574 1576/1576/1576
f 1574/1574/1574 1577/1577/1577 1578/1578/1578 1576/1576/1576
f 1575/1575/1575 1576/1576/1576 1578/1578/1578 1579/1579/1579
f 1577/1577/1577 1574/1574/1574 1573/1573/1573 1580/1580/1580
f 1581/1581/1581 1572/1572/1572 1575/1575/1575 1579/1579/1579
f 1571/1571/1571 1572/1572/1572 1581/1581/1581 1582/1582/1582
f 1580/1580/1580 1573/1573/1573 1570/1570/1570 1583/1583/1583
f 1584/5566/1584 1583/1583/1583 1570/1570/1570 1569/5567/1569
f 1569/1569/1569 1571/1571/1571 1582/1582/1582 1584/1584/1584
f 1585/5884/1585 1582/1582/1582 1581/1581/1581 1579/1579/1579
f 1579/1579/1579 1578/1578/1578 1577/1577/1577 1585/1585/1585
f 1587/5883/1586 1586/1587/1587 1583/1583/1583 1584/5566/1584
f 1585/5884/1585 1587/1586/1586 1584/1584/1584 1582/1582/1582
f 1580/1580/1580 1583/1583/1583 1586/1587/1587 1577/1577/1577
f 1577/1577/1577 1586/1587/1587 1587/5883/1586 1585/1585/1585
f 1589/1588/1588 1562/1562/1562 1561/1561/1561 1588/1589/1589
f 1562/5876/1562 1589/5564/1588 1590/1590/1590 1563/1563/1563
f 1563/1563/1563 1590/1590/1590 1591/1591/1591 1564/1564/1564
f 1592/1592/1592 1588/1589/1589 1561/1561/1561 1565/5878/1565
f 1589/1588/1588 1588/1589/1589 1593/1593/1593 1594/1594/1594
f 1590/1590/1590 1589/5564/1588 1594/5563/1594 1595/1595/1595
f 1591/1591/1591 1590/1590/1590 1595/1595/1595 1596/1596/1596
f 1588/1589/1589 1592/1592/1592 1597/1597/1597 1593/1593/1593
f 4091/1598/1598 4092/1599/1599 1598/1600/1600 1599/5556/1601
f 4090/1602/1602 4091/5555/1598 1599/1601/1601 1600/1603/1603
f 4089/1604/1604 4090/1602/1602 1600/1603/1603 1601/1605/1605
f 4092/1599/1599 4093/1606/1606 1602/1607/1607 1598/1600/1600
f 1604/5882/1608 1603/5503/1609 1568/1568/1568 1567/1567/1567
f 1603/5503/1609 1605/5501/1610 1566/1566/1566 1568/1568/1568
f 1607/1611/1611 1606/1612/1612 1564/1564/1564 1591/1591/1591
f 1609/1613/1613 1592/1592/1592 1565/5878/1565 1608/1614/1614
f 1518/1518/1518 1517/1517/1517 1610/1615/1615 1611/1616/1616
f 1513/1513/1513 1512/1512/1512 1612/1617/1617 1613/1618/1618
f 1509/1509/1509 1507/1507/1507 1614/1619/1619 1615/1620/1620
f 1505/1504/1504 1504/1505/1505 1616/1621/1621 1617/1622/1622
f 1504/1505/1505 1509/1509/1509 1615/1620/1620 1616/1621/1621
f 1517/1517/1517 1516/1516/1516 1618/1623/1623 1610/1615/1615
f 1516/1516/1516 1505/1504/1504 1617/1622/1622 1618/1623/1623
f 1503/1502/1502 1502/1503/1503 1619/1624/1624 1620/1625/1625
f 1512/1512/1512 1503/1502/1502 1620/1625/1625 1612/1617/1617
f 1502/1503/1503 1515/1515/1515 1621/1626/1626 1619/1624/1624
f 1519/1519/1519 1518/5516/1518 1611/5515/1616 1622/1627/1627
f 1515/1515/1515 1520/1520/1520 1623/1628/1628 1621/1626/1626
f 1520/1520/1520 1519/1519/1519 1622/1627/1627 1623/1628/1628
f 1511/1511/1511 1510/1510/1510 1624/1629/1629 1625/1630/1630
f 1417/1417/1417 1514/1514/1514 1626/1631/1631 1499/1499/1499
f 1514/1514/1514 1511/1511/1511 1625/1630/1630 1626/1631/1631
f 1510/1510/1510 1513/1513/1513 1613/1618/1618 1624/1629/1629
f 1507/1507/1507 1506/1506/1506 1627/1632/1632 1614/1619/1619
f 1508/1508/1508 1419/1419/1419 1501/1501/1501 1628/1633/1633
f 1506/1506/1506 1508/1508/1508 1628/1633/1633 1627/1632/1632
f 1630/1634/1634 1500/1500/1500 1499/1499/1499 1629/1635/1635
f 1631/1636/1636 1501/1501/1501 1500/5562/1500 1630/5561/1634
f 1629/1635/1635 1632/1637/1637 1633/1638/1638 1630/1634/1634
f 1634/1639/1639 1631/1636/1636 1630/5561/1634 1633/5560/1638
f 1613/1618/1618 1612/1617/1617 1635/1640/1640 1636/1641/1641
f 1610/1615/1615 1618/1623/1623 1637/1642/1642 1638/1643/1643
f 1615/1620/1620 1614/1619/1619 1639/1644/1644 1640/1645/1645
f 1614/1619/1619 1627/1632/1632 1641/1646/1646 1639/1644/1644
f 1628/1633/1633 1501/1501/1501 1631/1636/1636 1642/1647/1647
f 1627/1632/1632 1628/1633/1633 1642/1647/1647 1641/1646/1646
f 1625/1630/1630 1624/1629/1629 1643/1648/1648 1644/1649/1649
f 1499/1499/1499 1626/1631/1631 1645/1650/1650 1629/1635/1635
f 1626/1631/1631 1625/1630/1630 1644/1649/1649 1645/1650/1650
f 1624/1629/1629 1613/1618/1618 1636/1641/1641 1643/1648/1648
f 1611/1616/1616 1610/1615/1615 1638/1643/1643 1646/1651/1651
f 1620/1625/1625 1619/1624/1624 1647/1652/1652 1648/1653/1653
f 1612/1617/1617 1620/1625/1625 1648/1653/1653 1635/1640/1640
f 1619/1624/1624 1621/1626/1626 1649/1654/1654 1647/1652/1652
f 1622/1627/1627 1611/5515/1616 1646/5514/1651 1650/1655/1655
f 1621/1626/1626 1623/1628/1628 1651/1656/1656 1649/1654/1654
f 1623/1628/1628 1622/1627/1627 1650/1655/1655 1651/1656/1656
f 1617/1622/1622 1616/1621/1621 1652/1657/1657 1653/1658/1658
f 1616/1621/1621 1615/1620/1620 1640/1645/1645 1652/1657/1657
f 1618/1623/1623 1617/1622/1622 1653/1658/1658 1637/1642/1642
f 1633/1638/1638 1632/1637/1637 1654/1659/1659 1655/1660/1660
f 1634/1639/1639 1633/5560/1638 1655/5558/1660 1656/1661/1661
f 1645/1650/1650 1657/1662/1662 1632/1637/1637 1629/1635/1635
f 1658/1663/1663 1642/1647/1647 1631/1636/1636 1634/1639/1639
f 1652/1657/1657 1640/1645/1645 1659/1664/1664 1660/1665/1665
f 1647/1652/1652 1649/1654/1654 1661/1666/1666 1662/1667/1667
f 1636/1641/1641 1635/1640/1640 1663/1668/1668 1664/1669/1669
f 1644/1649/1649 1643/1648/1648 1665/1670/1670 1666/1671/1671
f 1645/1650/1650 1644/1649/1649 1666/1671/1671 1657/1662/1662
f 1643/1648/1648 1636/1641/1641 1664/1669/1669 1665/1670/1670
f 1648/1653/1653 1647/1652/1652 1662/1667/1667 1667/1672/1672
f 1635/1640/1640 1648/1653/1653 1667/1672/1672 1663/1668/1668
f 1640/1645/1645 1639/1644/1644 1668/1673/1673 1659/1664/1664
f 1639/1644/1644 1641/1646/1646 1669/1674/1674 1668/1673/1673
f 1641/1646/1646 1642/1647/1647 1658/1663/1663 1669/1674/1674
f 1638/1643/1643 1637/1642/1642 1670/1675/1675 1671/1676/1676
f 1646/1651/1651 1638/1643/1643 1671/1676/1676 1672/1677/1677
f 1650/1655/1655 1646/5514/1651 1672/5513/1677 1673/1678/1678
f 1649/1654/1654 1651/1656/1656 1674/1679/1679 1661/1666/1666
f 1651/1656/1656 1650/1655/1655 1673/1678/1678 1674/1679/1679
f 1653/1658/1658 1652/1657/1657 1660/1665/1665 1675/1680/1680
f 1637/1642/1642 1653/1658/1658 1675/1680/1680 1670/1675/1675
f 1654/1659/1659 4059/1681/1681 4060/5557/1682 1655/1660/1660
f 1655/5558/1660 4060/1682/1682 4061/1683/1683 1656/1661/1661
f 1677/1684/1684 1673/1678/1678 1672/5513/1677 1676/5510/1685
f 1671/1676/1676 1678/1686/1686 1676/1685/1685 1672/1677/1677
f 1680/5509/1687 1679/1688/1688 1605/1610/1610 1603/5512/1609
f 1680/1687/1687 1603/1609/1609 1604/5505/1608 1681/1689/1689
f 1681/1689/1689 4062/1690/1690 4063/5508/1691 1680/1687/1687
f 1680/5509/1687 4063/1691/1691 4064/1692/1692 1679/1688/1688
f 1686/1693/1693 4065/1694/1694 4066/5506/1695 1685/1696/1696
f 1685/5507/1696 4066/1695/1695 4067/1697/1697 1687/1698/1698
f 1678/1686/1686 1686/1693/1693 1685/1696/1696 1676/1685/1685
f 1676/5510/1685 1685/5507/1696 1687/1698/1698 1677/1684/1684
f 1691/1699/1699 1688/1700/1700 1689/1701/1701 1690/1702/1702
f 1688/1700/1700 1691/1699/1699 1692/1703/1703 1693/1704/1704
f 1693/1704/1704 1692/1703/1703 1694/1705/1705 1695/1706/1706
f 1697/1707/1707 1696/1708/1708 1695/1706/1706 1694/1705/1705
f 1697/1707/1707 1698/1709/1709 1699/1710/1710 1696/1708/1708
f 1701/1711/1711 1700/1712/1712 1699/1710/1710 1698/1709/1709
f 1703/1713/1713 1702/1714/1714 1700/1712/1712 1701/1711/1711
f 1705/1715/1715 1689/1701/1701 1688/1700/1700 1704/1716/1716
f 1704/1716/1716 1688/1700/1700 1693/1704/1704 1706/1717/1717
f 1706/1717/1717 1693/1704/1704 1695/1706/1706 1707/1718/1718
f 1707/1718/1718 1695/1706/1706 1696/1708/1708 1708/1719/1719
f 1708/1719/1719 1696/1708/1708 1699/1710/1710 1709/1720/1720
f 1700/1712/1712 1710/1721/1721 1709/1720/1720 1699/1710/1710
f 1702/1714/1714 1711/1722/1722 1710/1721/1721 1700/1712/1712
f 1713/1723/1723 1705/1715/1715 1704/1716/1716 1712/1724/1724
f 1712/1724/1724 1704/1716/1716 1706/1717/1717 1714/1725/1725
f 1714/1725/1725 1706/1717/1717 1707/1718/1718 1715/1726/1726
f 1715/1726/1726 1707/1718/1718 1708/1719/1719 1716/1727/1727
f 1716/1727/1727 1708/1719/1719 1709/1720/1720 1717/1728/1728
f 1717/1728/1728 1709/1720/1720 1710/1721/1721 1718/1729/1729
f 1711/1722/1722 1719/1730/1730 1718/1729/1729 1710/1721/1721
f 1721/1731/1731 1713/1723/1723 1712/1724/1724 1720/1732/1732
f 1720/1732/1732 1712/1724/1724 1714/1725/1725 1722/1733/1733
f 1715/1726/1726 1723/1734/1734 1722/1733/1733 1714/1725/1725
f 1716/1727/1727 1724/1735/1735 1723/1734/1734 1715/1726/1726
f 1717/1728/1728 1725/1736/1736 1724/1735/1735 1716/1727/1727
f 1726/1737/1737 1725/1736/1736 1717/1728/1728 1718/1729/1729
f 1727/1738/1738 1726/1737/1737 1718/1729/1729 1719/1730/1730
f 1864/1739/1739 1865/1740/1740 1743/1741/1741 1730/1742/1742
f 1733/1743/1743 1870/1744/1744 1871/1745/1745 1729/1746/1746
f 1735/1747/1747 1869/1748/1748 1870/1744/1744 1733/1743/1743
f 1737/1749/1749 1868/1750/1750 1869/1748/1748 1735/1747/1747
f 1739/1751/1751 1867/1752/1752 1868/1750/1750 1737/1749/1749
f 1741/1753/1753 1866/1754/1754 1867/1752/1752 1739/1751/1751
f 1743/1741/1741 1865/1740/1740 1866/1754/1754 1741/1753/1753
f 1733/1743/1743 1729/1746/1746 1744/1755/1755 1745/1756/1756
f 1735/1747/1747 1733/1743/1743 1745/1756/1756 1746/1757/1757
f 1737/1749/1749 1735/1747/1747 1746/1757/1757 1747/1758/1758
f 1739/1751/1751 1737/1749/1749 1747/1758/1758 1748/1759/1759
f 1741/1753/1753 1739/1751/1751 1748/1759/1759 1749/1760/1760
f 1743/1741/1741 1741/1753/1753 1749/1760/1760 1750/1761/1761
f 1730/1742/1742 1743/1741/1741 1750/1761/1761 1751/1762/1762
f 1745/1756/1756 1744/1755/1755 1752/1763/1763 1753/1764/1764
f 1746/1757/1757 1745/1756/1756 1753/1764/1764 1754/1765/1765
f 1747/1758/1758 1746/1757/1757 1754/1765/1765 1755/1766/1766
f 1748/1759/1759 1747/1758/1758 1755/1766/1766 1756/1767/1767
f 1749/1760/1760 1748/1759/1759 1756/1767/1767 1757/1768/1768
f 1750/1761/1761 1749/1760/1760 1757/1768/1768 1758/1769/1769
f 1751/1762/1762 1750/1761/1761 1758/1769/1769 1759/1770/1770
f 1753/1764/1764 1752/1763/1763 1760/1771/1771 1761/1772/1772
f 1754/1765/1765 1753/1764/1764 1761/1772/1772 1762/1773/1773
f 1755/1766/1766 1754/1765/1765 1762/1773/1773 1763/1774/1774
f 1756/1767/1767 1755/1766/1766 1763/1774/1774 1764/1775/1775
f 1757/1768/1768 1756/1767/1767 1764/1775/1775 1765/1776/1776
f 1758/1769/1769 1757/1768/1768 1765/1776/1776 1766/1777/1777
f 1768/1778/1778 1767/1779/1779 1761/1772/1772 1760/1771/1771
f 1758/1769/1769 1766/1777/1777 1769/1780/1780 1759/1770/1770
f 1771/1781/1781 1770/1782/1782 1768/1778/1778 1760/1771/1771
f 1772/1783/1783 1771/1781/1781 1760/1771/1771 1752/1763/1763
f 1752/1763/1763 1744/1755/1755 1773/1784/1784 1772/1783/1783
f 1744/1755/1755 1729/1746/1746 1774/1785/1785 1773/1784/1784
f 1729/1746/1746 1871/1745/1745 1872/1786/1786 1774/1785/1785
f 1777/1787/1787 1776/1788/1788 1762/1773/1773 1761/1772/1772
f 1776/1788/1788 1778/1789/1789 1763/1774/1774 1762/1773/1773
f 1780/5870/1790 1779/5853/1791 1769/1780/1780 1766/1777/1777
f 1781/5869/1792 1780/5870/1790 1766/1777/1777 1765/1776/1776
f 1765/1776/1776 1764/1775/1775 1782/5868/1793 1781/5869/1792
f 1783/5867/1794 1782/5868/1793 1764/1775/1775 1763/1774/1774
f 1784/5866/1795 1783/5867/1794 1763/1774/1774 1778/1789/1789
f 1785/5865/1796 1784/5866/1795 1778/1789/1789 1776/1788/1788
f 1786/5864/1797 1785/5865/1796 1776/1788/1788 1777/1787/1787
f 1761/1772/1772 1767/1779/1779 1787/1798/1798 1777/1787/1787
f 1788/5863/1799 1786/5864/1797 1777/1787/1787 1787/1798/1798
f 1790/1800/1800 1789/1801/1801 1767/1779/1779 1768/1778/1778
f 1767/1779/1779 1789/1801/1801 1791/1802/1802 1787/1798/1798
f 1792/1803/1803 1790/1800/1800 1768/1778/1778 1770/1782/1782
f 1793/1804/1804 1791/1802/1802 1789/1801/1801 1790/1800/1800
f 1794/5862/1805 1788/5863/1799 1787/1798/1798 1791/1802/1802
f 1795/5861/1806 1794/5862/1805 1791/1802/1802 1793/1804/1804
f 1793/1804/1804 1790/1800/1800 1792/1803/1803 1795/5861/1806
f 1770/1782/1782 1771/1781/1781 1796/5857/1807 1797/5860/1808
f 1792/1803/1803 1770/1782/1782 1797/5860/1808 1798/5858/1809
f 1799/5856/1810 1796/5857/1807 1771/1781/1781 1772/1783/1783
f 1800/1811/1811 1799/5856/1810 1772/1783/1783 1773/1784/1784
f 1801/1812/1812 1800/1811/1811 1773/1784/1784 1774/1785/1785
f 1872/1786/1786 1873/1813/1813 1801/1812/1812 1774/1785/1785
f 1804/5854/1814 1803/5855/1815 1799/5856/1810 1800/1811/1811
f 1805/1816/1816 1804/5854/1814 1800/1811/1811 1801/1812/1812
f 1873/1813/1813 1874/1817/1817 1805/1816/1816 1801/1812/1812
f 1795/1806/1806 1792/5859/1803 1798/1809/1809 1807/1818/1818
f 1807/1818/1818 1808/1819/1819 1794/1805/1805 1795/1806/1806
f 1810/1820/1820 1809/1821/1821 1785/1796/1796 1786/1797/1797
f 1788/1799/1799 1794/1805/1805 1808/1819/1819 1811/1822/1822
f 1811/1822/1822 1810/1820/1820 1786/1797/1797 1788/1799/1799
f 1809/1821/1821 1812/1823/1823 1784/1795/1795 1785/1796/1796
f 1812/1823/1823 1813/1824/1824 1783/1794/1794 1784/1795/1795
f 1813/1824/1824 1814/1825/1825 1782/1793/1793 1783/1794/1794
f 1814/1825/1825 1815/1826/1826 1781/1792/1792 1782/1793/1793
f 1780/1790/1790 1781/1792/1792 1815/1826/1826 1816/1827/1827
f 1816/1827/1827 1817/1828/1828 1779/1791/1791 1780/1790/1790
f 1779/5853/1791 1818/5852/1829 1819/5851/1830 1769/1780/1780
f 1821/1831/1831 1818/1829/1829 1779/1791/1791 1820/1832/1832
f 1819/1830/1830 1818/1829/1829 1821/1831/1831 1822/1833/1833
f 1819/5851/1830 1823/1834/1834 1759/1770/1770 1769/1780/1780
f 1822/1833/1833 1824/1835/1835 1825/1836/1836 1819/1830/1830
f 1825/5849/1836 1826/5850/1837 1823/1834/1834 1819/5851/1830
f 1823/1834/1834 1827/1838/1838 1751/1762/1762 1759/1770/1770
f 1827/1838/1838 1828/1839/1839 1730/1742/1742 1751/1762/1762
f 1828/1839/1839 1863/1840/1840 1864/1739/1739 1730/1742/1742
f 1830/1841/1841 1824/1835/1835 1822/1833/1833 1821/1831/1831
f 1820/1832/1832 1831/1842/1842 1830/1841/1841 1821/1831/1831
f 1832/1843/1843 1820/1832/1832 1779/1791/1791 1817/1828/1828
f 1831/1842/1842 1820/1832/1832 1832/1843/1843 1833/1844/1844
f 1816/1827/1827 1833/1844/1844 1832/1843/1843 1817/1828/1828
f 1824/1835/1835 1834/1845/1845 1826/1837/1837 1825/1836/1836
f 1836/5847/1846 1835/5846/1847 1823/1834/1834 1826/5850/1837
f 1836/1846/1846 1826/1837/1837 1834/1845/1845 1837/1848/1848
f 1835/1847/1847 1836/1846/1846 1837/1848/1848 1838/1849/1849
f 1823/1834/1834 1835/5846/1847 1839/5844/1850 1840/1851/1851
f 1843/5845/1852 1841/5843/1853 1827/1838/1838 1842/1854/1854
f 1839/5844/1850 1843/5845/1852 1842/1854/1854 1840/1851/1851
f 1840/1851/1851 1842/1854/1854 1827/1838/1838 1823/1834/1834
f 1838/1849/1849 1844/1855/1855 1839/1850/1850 1835/1847/1847
f 1844/1855/1855 1845/1856/1856 1843/1852/1852 1839/1850/1850
f 1845/1856/1856 1846/1857/1857 1841/1853/1853 1843/1852/1852
f 1841/5843/1853 1847/1858/1858 1828/1839/1839 1827/1838/1838
f 1846/1857/1857 1848/1859/1859 1847/5842/1858 1841/1853/1853
f 1847/1858/1858 1862/1860/1860 1863/1840/1840 1828/1839/1839
f 1861/5840/1861 1862/1860/1860 1847/1858/1858 1848/5841/1859
f 1852/1862/1862 1851/1863/1863 1803/1815/1815 1804/1814/1814
f 1853/1864/1864 1852/1862/1862 1804/1814/1814 1805/5848/1816
f 1855/1865/1865 1854/1866/1866 1799/1810/1810 1803/1815/1815
f 1854/1866/1866 1856/1867/1867 1796/1807/1807 1799/1810/1810
f 1851/1863/1863 1857/1868/1868 1855/1865/1865 1803/1815/1815
f 1856/1867/1867 1858/1869/1869 1797/1808/1808 1796/1807/1807
f 1859/1870/1870 1857/1868/1868 1851/1863/1863 1852/1862/1862
f 1860/1871/1871 1859/1870/1870 1852/1862/1862 1853/1864/1864
f 1849/1872/1872 1862/1860/1860 1861/5840/1861 1850/5838/1873
f 1863/1840/1840 1862/1860/1860 1849/1872/1872 1829/1874/1874
f 1864/1739/1739 1863/1840/1840 1829/1874/1874 1731/1875/1875
f 1731/1875/1875 1742/1876/1876 1865/1740/1740 1864/1739/1739
f 1866/1754/1754 1865/1740/1740 1742/1876/1876 1740/1877/1877
f 1867/1752/1752 1866/1754/1754 1740/1877/1877 1738/1878/1878
f 1868/1750/1750 1867/1752/1752 1738/1878/1878 1736/1879/1879
f 1869/1748/1748 1868/1750/1750 1736/1879/1879 1734/1880/1880
f 1870/1744/1744 1869/1748/1748 1734/1880/1880 1732/1881/1881
f 1871/1745/1745 1870/1744/1744 1732/1881/1881 1728/1882/1882
f 1872/1786/1786 1871/1745/1745 1728/1882/1882 1775/1883/1883
f 1802/1884/1884 1873/1813/1813 1872/1786/1786 1775/1883/1883
f 1806/1885/1885 1874/1817/1817 1873/1813/1813 1802/1884/1884
f 1805/5848/1816 1874/1817/1817 1860/1871/1871 1853/1864/1864
f 1874/1817/1817 1806/1885/1885 1875/1886/1886 1876/1887/1887
f 1860/1871/1871 1874/1817/1817 1876/1887/1887 1877/1888/1888
f 1877/1888/1888 1878/1889/1889 1859/1870/1870 1860/1871/1871
f 1878/1889/1889 1879/1890/1890 1857/1868/1868 1859/1870/1870
f 1880/1891/1891 1855/1865/1865 1857/1868/1868 1879/1890/1890
f 1855/1865/1865 1880/1891/1891 1881/1892/1892 1854/1866/1866
f 1856/1867/1867 1854/1866/1866 1881/1892/1892 1882/1893/1893
f 1858/1869/1869 1856/1867/1867 1882/1893/1893 1883/1894/1894
f 1798/1809/1809 1797/1808/1808 1858/1869/1869 1807/1818/1818
f 1883/1894/1894 1808/1819/1819 1807/1818/1818 1858/1869/1869
f 1885/1895/1895 1884/1896/1896 1850/1873/1873 1861/1861/1861
f 1861/1861/1861 1848/1859/1859 1886/1897/1897 1885/1895/1895
f 1887/1898/1898 1886/1897/1897 1848/1859/1859 1846/1857/1857
f 1888/1899/1899 1887/1898/1898 1846/1857/1857 1845/1856/1856
f 1844/1855/1855 1889/1900/1900 1888/1899/1899 1845/1856/1856
f 1838/1849/1849 1890/1901/1901 1889/1900/1900 1844/1855/1855
f 1891/1902/1902 1890/1901/1901 1838/1849/1849 1837/1848/1848
f 1834/1845/1845 1892/1903/1903 1891/1902/1902 1837/1848/1848
f 1824/1835/1835 1893/1904/1904 1892/1903/1903 1834/1845/1845
f 1893/1904/1904 1824/1835/1835 1830/1841/1841 1894/1905/1905
f 1896/1906/1906 1895/1907/1907 1833/1844/1844 1816/1827/1827
f 1894/1905/1905 1830/1841/1841 1831/1842/1842 1897/1908/1908
f 1897/1908/1908 1831/1842/1842 1833/1844/1844 1895/1907/1907
f 1898/1909/1909 1896/1906/1906 1816/1827/1827 1815/1826/1826
f 1899/1910/1910 1898/1909/1909 1815/1826/1826 1814/1825/1825
f 1814/1825/1825 1813/1824/1824 1900/1911/1911 1899/1910/1910
f 1901/1912/1912 1900/1911/1911 1813/1824/1824 1812/1823/1823
f 1812/1823/1823 1809/1821/1821 1902/1913/1913 1901/1912/1912
f 1903/1914/1914 1902/1913/1913 1809/1821/1821 1810/1820/1820
f 1811/1822/1822 1904/1915/1915 1903/1914/1914 1810/1820/1820
f 1904/1915/1915 1811/1822/1822 1808/1819/1819 1883/1894/1894
f 1905/1916/1916 1904/1915/1915 1883/1894/1894 1882/1893/1893
f 1906/1917/1917 1903/1914/1914 1904/1915/1915 1905/1916/1916
f 1903/1914/1914 1906/1917/1917 1907/1918/1918 1902/1913/1913
f 1907/1918/1918 1908/1919/1919 1901/1912/1912 1902/1913/1913
f 1900/1911/1911 1901/1912/1912 1908/1919/1919 1909/1920/1920
f 1899/1910/1910 1900/1911/1911 1909/1920/1920 1910/1921/1921
f 1898/1909/1909 1899/1910/1910 1910/1921/1921 1911/1922/1922
f 1911/1922/1922 1912/1923/1923 1896/1906/1906 1898/1909/1909
f 1896/1906/1906 1912/1923/1923 1913/1924/1924 1895/1907/1907
f 1897/1908/1908 1895/1907/1907 1913/1924/1924 1894/1905/1905
f 1893/1904/1904 1894/1905/1905 1913/1924/1924 1892/1903/1903
f 1914/1925/1925 1905/1916/1916 1882/1893/1893 1881/1892/1892
f 1905/1916/1916 1914/1925/1925 1915/1926/1926 1906/1917/1917
f 1906/1917/1917 1915/1926/1926 1916/1927/1927 1907/1918/1918
f 1916/1927/1927 1917/1928/1928 1908/1919/1919 1907/1918/1918
f 1917/1928/1928 1918/1929/1929 1909/1920/1920 1908/1919/1919
f 1918/1929/1929 1919/1930/1930 1910/1921/1921 1909/1920/1920
f 1919/1930/1930 1920/1931/1931 1911/1922/1922 1910/1921/1921
f 1920/1931/1931 1921/1932/1932 1912/1923/1923 1911/1922/1922
f 1913/1924/1924 1912/1923/1923 1921/1932/1932 1892/1903/1903
f 1891/1902/1902 1892/1903/1903 1921/1932/1932 1890/1901/1901
f 1914/1925/1925 1881/1892/1892 1880/1891/1891 1879/1890/1890
f 1922/1933/1933 1915/1926/1926 1914/1925/1925 1879/1890/1890
f 1915/1926/1926 1922/1933/1933 1923/1934/1934 1916/1927/1927
f 1923/1934/1934 1924/1935/1935 1917/1928/1928 1916/1927/1927
f 1924/1935/1935 1925/1936/1936 1918/1929/1929 1917/1928/1928
f 1925/1936/1936 1926/1937/1937 1919/1930/1930 1918/1929/1929
f 1926/1937/1937 1927/1938/1938 1920/1931/1931 1919/1930/1930
f 1921/1932/1932 1920/1931/1931 1927/1938/1938 1928/1939/1939
f 1928/1939/1939 1889/1900/1900 1890/1901/1901 1921/1932/1932
f 1929/1940/1940 1888/1899/1899 1889/1900/1900 1928/1939/1939
f 1930/1941/1941 1922/1933/1933 1879/1890/1890 1878/1889/1889
f 1931/1942/1942 1929/1940/1940 1928/1939/1939 1927/1938/1938
f 1932/1943/1943 1931/1942/1942 1927/1938/1938 1926/1937/1937
f 1926/1937/1937 1925/1936/1936 1933/1944/1944 1932/1943/1943
f 1925/1936/1936 1924/1935/1935 1934/1945/1945 1933/1944/1944
f 1935/1946/1946 1930/1941/1941 1878/1889/1889 1877/1888/1888
f 1936/1947/1947 1887/1898/1898 1888/1899/1899 1929/1940/1940
f 1937/1948/1948 1936/1947/1947 1929/1940/1940 1931/1942/1942
f 1938/1949/1949 1937/1948/1948 1931/1942/1942 1932/1943/1943
f 1939/1950/1950 1938/1949/1949 1932/1943/1943 1933/1944/1944
f 1933/1944/1944 1934/1945/1945 1940/1951/1951 1939/1950/1950
f 1876/1887/1887 1941/1952/1952 1935/1946/1946 1877/1888/1888
f 1941/1952/1952 1876/1887/1887 1875/1886/1886 1942/1953/1953
f 1936/1947/1947 1943/1954/1954 1886/1897/1897 1887/1898/1898
f 1944/1955/1955 1885/1895/1895 1886/1897/1897 1943/1954/1954
f 1944/1955/1955 1945/1956/1956 1884/1896/1896 1885/1895/1895
f 1946/1957/1957 1943/1954/1954 1936/1947/1947 1937/1948/1948
f 1943/1954/1954 1946/1957/1957 1947/1958/1958 1944/1955/1955
f 1948/1959/1959 1945/1956/1956 1944/1955/1955 1947/1958/1958
f 1949/1960/1960 1946/1957/1957 1937/1948/1948 1938/1949/1949
f 1950/1961/1961 1947/1958/1958 1946/1957/1957 1949/1960/1960
f 1951/1962/1962 1948/1959/1959 1947/1958/1958 1950/1961/1961
f 1938/1949/1949 1939/1950/1950 1952/1963/1963 1949/1960/1960
f 1949/1960/1960 1952/1963/1963 1953/1964/1964 1950/1961/1961
f 1954/1965/1965 1951/1962/1962 1950/1961/1961 1953/1964/1964
f 1955/1966/1966 1952/1963/1963 1939/1950/1950 1940/1951/1951
f 1956/1967/1967 1953/1964/1964 1952/1963/1963 1955/1966/1966
f 1957/1968/1968 1954/1965/1965 1953/1964/1964 1956/1967/1967
f 1775/1883/1883 1728/1882/1882 1958/1969/1969 1959/1970/1970
f 1829/1874/1874 1849/1872/1872 1960/1971/1971 1961/1972/1972
f 1742/1876/1876 1731/1875/1875 1962/1973/1973 1963/1974/1974
f 1728/1882/1882 1732/1881/1881 1964/1975/1975 1958/1969/1969
f 1732/1881/1881 1734/1880/1880 1965/1976/1976 1964/1975/1975
f 1734/1880/1880 1736/1879/1879 1966/1977/1977 1965/1976/1976
f 1736/1879/1879 1738/1878/1878 1967/1978/1978 1966/1977/1977
f 1738/1878/1878 1740/1877/1877 1968/1979/1979 1967/1978/1978
f 1740/1877/1877 1742/1876/1876 1963/1974/1974 1968/1979/1979
f 1731/1875/1875 1829/1874/1874 1961/1972/1972 1962/1973/1973
f 1959/1970/1970 1958/1969/1969 1969/1980/1980 1970/1981/1981
f 1961/1972/1972 1960/1971/1971 1971/1982/1982 1972/1983/1983
f 1963/1974/1974 1962/1973/1973 1973/1984/1984 1974/1985/1985
f 1958/1969/1969 1964/1975/1975 1975/1986/1986 1969/1980/1980
f 1964/1975/1975 1965/1976/1976 1976/1987/1987 1975/1986/1986
f 1965/1976/1976 1966/1977/1977 1977/1988/1988 1976/1987/1987
f 1966/1977/1977 1967/1978/1978 1978/1989/1989 1977/1988/1988
f 1967/1978/1978 1968/1979/1979 1979/1990/1990 1978/1989/1989
f 1968/1979/1979 1963/1974/1974 1974/1985/1985 1979/1990/1990
f 1962/1973/1973 1961/1972/1972 1972/1983/1983 1973/1984/1984
f 1970/1981/1981 1969/1980/1980 1980/1991/1991 1981/1992/1992
f 1972/1983/1983 1971/1982/1982 1982/1993/1993 1983/1994/1994
f 1974/1985/1985 1973/1984/1984 1984/1995/1995 1985/1996/1996
f 1969/1980/1980 1975/1986/1986 1986/1997/1997 1980/1991/1991
f 1975/1986/1986 1976/1987/1987 1987/1998/1998 1986/1997/1997
f 1976/1987/1987 1977/1988/1988 1988/1999/1999 1987/1998/1998
f 1977/1988/1988 1978/1989/1989 1989/2000/2000 1988/1999/1999
f 1978/1989/1989 1979/1990/1990 1990/2001/2001 1989/2000/2000
f 1979/1990/1990 1974/1985/1985 1985/1996/1996 1990/2001/2001
f 1973/1984/1984 1972/1983/1983 1983/1994/1994 1984/1995/1995
f 1981/1992/1992 1980/1991/1991 1991/2002/2002 1992/2003/2003
f 1983/1994/1994 1982/1993/1993 1993/2004/2004 1994/2005/2005
f 1985/1996/1996 1984/1995/1995 1995/2006/2006 1996/2007/2007
f 1980/1991/1991 1986/1997/1997 1997/2008/2008 1991/2002/2002
f 1986/1997/1997 1987/1998/1998 1998/2009/2009 1997/2008/2008
f 1987/1998/1998 1988/1999/1999 1999/2010/2010 1998/2009/2009
f 1988/1999/1999 1989/2000/2000 2000/2011/2011 1999/2010/2010
f 1989/2000/2000 1990/2001/2001 2001/2012/2012 2000/2011/2011
f 1990/2001/2001 1985/1996/1996 1996/2007/2007 2001/2012/2012
f 1984/1995/1995 1983/1994/1994 1994/2005/2005 1995/2006/2006
f 2003/2013/2013 2002/2014/2014 1981/1992/1992 1992/2003/2003
f 2002/2014/2014 2004/2015/2015 1970/1981/1981 1981/1992/1992
f 2004/2015/2015 2005/2016/2016 1959/1970/1970 1970/1981/1981
f 1775/1883/1883 1959/1970/1970 2005/2016/2016 1802/1884/1884
f 1850/5838/1873 2006/2017/2017 1960/1971/1971 1849/1872/1872
f 1971/1982/1982 1960/1971/1971 2006/2017/2017 2007/2018/2018
f 2009/5839/2019 2008/5834/2020 2006/2017/2017 1850/5838/1873
f 1982/1993/1993 1971/1982/1982 2007/2018/2018 2010/2021/2021
f 1993/2004/2004 1982/1993/1993 2012/2022/2022 2013/2023/2023
f 2010/2021/2021 2014/2024/2024 2012/2022/2022 1982/1993/1993
f 2011/2025/2025 2015/5833/2026 2014/2024/2024 2010/2021/2021
f 2012/2022/2022 2014/2024/2024 2015/5833/2026 2016/5832/2027
f 2016/5832/2027 2017/5830/2028 2013/2023/2023 2012/2022/2022
f 2015/2026/2026 2011/5831/2025 2018/2029/2029 2019/2030/2030
f 2019/2030/2030 2020/2031/2031 2016/2027/2027 2015/2026/2026
f 2017/2028/2028 2016/2027/2027 2020/2031/2031 2021/2032/2032
f 2023/5837/2033 2011/2025/2025 2010/2021/2021 2022/5836/2034
f 2024/5835/2035 2022/5836/2034 2010/2021/2021 2007/2018/2018
f 2008/5834/2020 2024/5835/2035 2007/2018/2018 2006/2017/2017
f 2026/2036/2036 2025/2037/2037 2024/2035/2035 2008/2020/2020
f 2025/2037/2037 2027/2038/2038 2022/2034/2034 2024/2035/2035
f 2027/2038/2038 2028/2039/2039 2023/2033/2033 2022/2034/2034
f 2011/5831/2025 2023/2033/2033 2028/2039/2039 2018/2029/2029
f 2008/2020/2020 2009/2019/2019 2029/2040/2040 2026/2036/2036
f 2009/2019/2019 1850/1873/1873 1884/1896/1896 2029/2040/2040
f 2030/2041/2041 1806/1885/1885 1802/1884/1884 2005/2016/2016
f 2031/2042/2042 2030/2041/2041 2005/2016/2016 2004/2015/2015
f 2032/2043/2043 2031/2042/2042 2004/2015/2015 2002/2014/2014
f 2033/2044/2044 2032/2043/2043 2002/2014/2014 2003/2013/2013
f 2034/2045/2045 2036/2046/2046 2037/2047/2047 2035/2048/2048
f 1806/1885/1885 2030/2041/2041 2038/2049/2049 1875/1886/1886
f 2030/2041/2041 2031/2042/2042 2039/2050/2050 2038/2049/2049
f 2031/2042/2042 2032/2043/2043 2035/2048/2048 2039/2050/2050
f 1875/1886/1886 2038/2049/2049 2040/2051/2051 1942/1953/1953
f 2038/2049/2049 2039/2050/2050 2041/2052/2052 2040/2051/2051
f 2039/2050/2050 2035/2048/2048 2037/2047/2047 2041/2052/2052
f 1884/1896/1896 2042/2053/2053 2026/2036/2036 2029/2040/2040
f 2042/2053/2053 2043/2054/2054 2025/2037/2037 2026/2036/2036
f 2027/2038/2038 2025/2037/2037 2043/2054/2054 2044/2055/2055
f 2027/2038/2038 2044/2055/2055 2045/2056/2056 2028/2039/2039
f 2045/2056/2056 2046/2057/2057 2018/2029/2029 2028/2039/2039
f 2046/2057/2057 2047/2058/2058 2019/2030/2030 2018/2029/2029
f 2047/2058/2058 2048/2059/2059 2020/2031/2031 2019/2030/2030
f 2048/2059/2059 2049/2060/2060 2021/2032/2032 2020/2031/2031
f 2050/2061/2061 2042/2053/2053 1884/1896/1896 1945/1956/1956
f 2050/2061/2061 2051/2062/2062 2043/2054/2054 2042/2053/2053
f 2043/2054/2054 2051/2062/2062 2052/2063/2063 2044/2055/2055
f 2053/2064/2064 2045/2056/2056 2044/2055/2055 2052/2063/2063
f 2045/2056/2056 2053/2064/2064 2054/2065/2065 2046/2057/2057
f 2046/2057/2057 2054/2065/2065 2055/2066/2066 2047/2058/2058
f 2049/2060/2060 2048/2059/2059 2047/2058/2058 2055/2066/2066
f 1945/1956/1956 1948/1959/1959 2056/2067/2067 2050/2061/2061
f 2057/2068/2068 2051/2062/2062 2050/2061/2061 2056/2067/2067
f 2051/2062/2062 2057/2068/2068 2058/2069/2069 2052/2063/2063
f 2053/2064/2064 2059/2070/2070 2060/2071/2071 2054/2065/2065
f 2059/2070/2070 2053/2064/2064 2052/2063/2063 2058/2069/2069
f 2061/2072/2072 2055/2066/2066 2054/2065/2065 2060/2071/2071
f 2062/2073/2073 2056/2067/2067 1948/1959/1959 1951/1962/1962
f 2056/2067/2067 2062/2073/2073 2063/2074/2074 2057/2068/2068
f 2065/2075/2075 2061/2072/2072 2060/2071/2071 2064/2076/2076
f 2058/2069/2069 2064/2076/2076 2060/2071/2071 2059/2070/2070
f 2063/2074/2074 2064/2076/2076 2058/2069/2069 2057/2068/2068
f 2067/2077/2077 2065/2075/2075 2064/2076/2076 2066/2078/2078
f 2068/2079/2079 2066/2078/2078 2064/2076/2076 2063/2074/2074
f 2062/2073/2073 2069/2080/2080 2068/2079/2079 2063/2074/2074
f 1951/1962/1962 1954/1965/1965 2069/2080/2080 2062/2073/2073
f 2069/2080/2080 1954/1965/1965 1957/1968/1968 2070/2081/2081
f 2069/2080/2080 2070/2081/2081 2071/2082/2082 2068/2079/2079
f 2071/2082/2082 2072/2083/2083 2066/2078/2078 2068/2079/2079
f 2067/2077/2077 2066/2078/2078 2072/2083/2083 2073/2084/2084
f 2073/2084/2084 2072/2083/2083 2037/2047/2047 2036/2046/2046
f 1998/2009/2009 1999/2010/2010 2074/2085/2085 2075/2086/2086
f 2075/2086/2086 2074/2085/2085 2076/2087/2087 2077/2088/2088
f 2077/2088/2088 2076/2087/2087 2078/2089/2089 2079/2090/2090
f 2079/2090/2090 2078/2089/2089 2080/2091/2091 2081/2092/2092
f 2017/5830/2028 2082/5829/2093 2083/2094/2094 2013/2023/2023
f 1994/2005/2005 1993/2004/2004 2084/2095/2095 2085/2096/2096
f 1996/2007/2007 1995/2006/2006 2086/2097/2097 2087/2098/2098
f 1999/2010/2010 2000/2011/2011 2088/2099/2099 2074/2085/2085
f 2000/2011/2011 2001/2012/2012 2089/2100/2100 2088/2099/2099
f 2001/2012/2012 1996/2007/2007 2087/2098/2098 2089/2100/2100
f 1995/2006/2006 1994/2005/2005 2085/2096/2096 2086/2097/2097
f 2013/2023/2023 2083/2094/2094 2084/2095/2095 1993/2004/2004
f 2091/2101/2101 2033/2044/2044 2003/2013/2013 2090/2102/2102
f 1992/2003/2003 1991/2002/2002 2092/2103/2103 2093/2104/2104
f 1991/2002/2002 1997/2008/2008 2094/2105/2105 2092/2103/2103
f 1997/2008/2008 1998/2009/2009 2075/2086/2086 2094/2105/2105
f 2003/2013/2013 1992/2003/2003 2093/2104/2104 2090/2102/2102
f 2032/2043/2043 2033/2044/2044 2034/2045/2045 2035/2048/2048
f 2095/2106/2106 2034/2045/2045 2033/2044/2044 2091/2101/2101
f 2095/2106/2106 2096/2107/2107 2036/2046/2046 2034/2045/2045
f 2096/2107/2107 2097/2108/2108 2073/2084/2084 2036/2046/2046
f 2097/2108/2108 2098/2109/2109 2067/2077/2077 2073/2084/2084
f 2098/2109/2109 2099/2110/2110 2065/2075/2075 2067/2077/2077
f 2061/2072/2072 2065/2075/2075 2099/2110/2110 2100/2111/2111
f 2061/2072/2072 2100/2111/2111 2101/2112/2112 2055/2066/2066
f 2055/2066/2066 2101/2112/2112 2102/2113/2113 2049/2060/2060
f 2049/2060/2060 2102/2113/2113 2103/2114/2114 2021/2032/2032
f 2021/2032/2032 2103/2114/2114 2082/2093/2093 2017/2028/2028
f 2104/2115/2115 2094/2105/2105 2075/2086/2086 2077/2088/2088
f 2094/2105/2105 2104/2115/2115 2105/2116/2116 2092/2103/2103
f 2107/2117/2117 2106/2118/2118 2091/2101/2101 2090/2102/2102
f 2092/2103/2103 2105/2116/2116 2108/2119/2119 2093/2104/2104
f 2107/2117/2117 2090/2102/2102 2093/2104/2104 2108/2119/2119
f 2110/2120/2120 2095/2106/2106 2091/2101/2101 2109/2121/2121
f 2109/2121/2121 2091/2101/2101 2106/2118/2118 2111/2122/2122
f 2111/2122/2122 2106/2118/2118 2107/2117/2117 2112/2123/2123
f 2112/2123/2123 2107/2117/2117 2108/2119/2119 2113/2124/2124
f 2105/2116/2116 2104/2115/2115 2113/2124/2124 2108/2119/2119
f 2079/2090/2090 2114/2125/2125 2104/2115/2115 2077/2088/2088
f 2114/2125/2125 2115/2126/2126 2113/2124/2124 2104/2115/2115
f 2116/2127/2127 2112/2123/2123 2113/2124/2124 2115/2126/2126
f 2081/2092/2092 2117/2128/2128 2114/2125/2125 2079/2090/2090
f 2118/2129/2129 2115/2126/2126 2114/2125/2125 2117/2128/2128
f 2115/2126/2126 2118/2129/2129 2119/2130/2130 2116/2127/2127
f 2121/2131/2131 2120/2132/2132 2116/2127/2127 2119/2130/2130
f 2120/2132/2132 2111/2122/2122 2112/2123/2123 2116/2127/2127
f 2123/2133/2133 2122/2134/2134 2120/2132/2132 2121/2131/2131
f 2122/2134/2134 2109/2121/2121 2111/2122/2122 2120/2132/2132
f 2125/2135/2135 2124/2136/2136 2122/2134/2134 2123/2133/2133
f 2124/2136/2136 2110/2120/2120 2109/2121/2121 2122/2134/2134
f 2127/2137/2137 2126/2138/2138 2124/2136/2136 2125/2135/2135
f 2126/2138/2138 2128/2139/2139 2110/2120/2120 2124/2136/2136
f 2110/2120/2120 2128/2139/2139 2096/2107/2107 2095/2106/2106
f 2130/2140/2140 2129/2141/2141 2126/2138/2138 2127/2137/2137
f 2129/2141/2141 2131/2142/2142 2128/2139/2139 2126/2138/2138
f 2128/2139/2139 2131/2142/2142 2097/2108/2108 2096/2107/2107
f 2135/2143/2143 2132/2144/2144 2133/2145/2145 2134/2146/2146
f 2134/2146/2146 2133/2145/2145 2129/2141/2141 2130/2140/2140
f 2133/2145/2145 2136/2147/2147 2131/2142/2142 2129/2141/2141
f 2133/2145/2145 2132/2144/2144 2137/2148/2148 2136/2147/2147
f 2136/2147/2147 2137/2148/2148 2099/2110/2110 2098/2109/2109
f 2131/2142/2142 2136/2147/2147 2098/2109/2109 2097/2108/2108
f 2139/2149/2149 2132/2144/2144 2135/2143/2143 2138/2150/2150
f 2132/2144/2144 2139/2149/2149 2140/2151/2151 2137/2148/2148
f 2137/2148/2148 2140/2151/2151 2100/2111/2111 2099/2110/2110
f 2142/2152/2152 2141/2153/2153 2139/2149/2149 2138/2150/2150
f 2140/2151/2151 2139/2149/2149 2141/2153/2153 2143/2154/2154
f 2140/2151/2151 2143/2154/2154 2101/2112/2112 2100/2111/2111
f 2145/2155/2155 2144/2156/2156 2141/2153/2153 2142/2152/2152
f 2144/2156/2156 2146/2157/2157 2143/2154/2154 2141/2153/2153
f 2102/2113/2113 2101/2112/2112 2143/2154/2154 2146/2157/2157
f 2146/2157/2157 2147/2158/2158 2103/2114/2114 2102/2113/2113
f 2144/2156/2156 2148/2159/2159 2147/2158/2158 2146/2157/2157
f 2149/2160/2160 2148/2159/2159 2144/2156/2156 2145/2155/2155
f 2150/5828/2161 2082/2093/2093 2103/2114/2114 2147/2158/2158
f 2151/5827/2162 2150/5828/2161 2147/2158/2158 2148/2159/2159
f 2152/2163/2163 2151/5827/2162 2148/2159/2159 2149/2160/2160
f 2082/5829/2093 2150/2161/2161 2153/2164/2164 2083/2094/2094
f 2154/2165/2165 2153/2164/2164 2150/2161/2161 2151/2162/2162
f 2155/2166/2166 2154/2165/2165 2151/2162/2162 2152/5826/2163
f 2083/2094/2094 2153/2164/2164 2156/2167/2167 2084/2095/2095
f 2153/2164/2164 2154/2165/2165 2157/2168/2168 2156/2167/2167
f 2154/2165/2165 2155/2166/2166 2158/2169/2169 2157/2168/2168
f 2084/2095/2095 2156/2167/2167 2159/2170/2170 2085/2096/2096
f 2156/2167/2167 2157/2168/2168 2160/2171/2171 2159/2170/2170
f 2157/2168/2168 2158/2169/2169 2161/2172/2172 2160/2171/2171
f 2085/2096/2096 2159/2170/2170 2162/2173/2173 2086/2097/2097
f 2159/2170/2170 2160/2171/2171 2163/2174/2174 2162/2173/2173
f 2160/2171/2171 2161/2172/2172 2164/2175/2175 2163/2174/2174
f 2086/2097/2097 2162/2173/2173 2165/2176/2176 2087/2098/2098
f 2162/2173/2173 2163/2174/2174 2166/2177/2177 2165/2176/2176
f 2163/2174/2174 2164/2175/2175 2167/2178/2178 2166/2177/2177
f 2087/2098/2098 2165/2176/2176 2168/2179/2179 2089/2100/2100
f 2165/2176/2176 2166/2177/2177 2169/2180/2180 2168/2179/2179
f 2166/2177/2177 2167/2178/2178 2170/2181/2181 2169/2180/2180
f 2089/2100/2100 2168/2179/2179 2171/2182/2182 2088/2099/2099
f 2168/2179/2179 2169/2180/2180 2172/2183/2183 2171/2182/2182
f 2169/2180/2180 2170/2181/2181 2173/2184/2184 2172/2183/2183
f 2172/2183/2183 2173/2184/2184 2080/2091/2091 2078/2089/2089
f 2171/2182/2182 2172/2183/2183 2078/2089/2089 2076/2087/2087
f 2088/2099/2099 2171/2182/2182 2076/2087/2087 2074/2085/2085
f 2175/2185/2185 2174/2186/2186 1924/1935/1935 1923/1934/1934
f 1922/1933/1933 2176/2187/2187 2175/2185/2185 1923/1934/1934
f 2176/2187/2187 1922/1933/1933 1930/1941/1941 2177/2188/2188
f 2176/2187/2187 2177/2188/2188 2174/2186/2186 2175/2185/2185
f 2178/2189/2189 2177/2188/2188 1930/1941/1941 1935/1946/1946
f 1935/1946/1946 1941/1952/1952 2179/2190/2190 2178/2189/2189
f 1941/1952/1952 1942/1953/1953 2180/2191/2191 2179/2190/2190
f 2181/2192/2192 2180/2191/2191 1942/1953/1953 2040/2051/2051
f 2040/2051/2051 2041/2052/2052 2182/2193/2193 2181/2192/2192
f 2177/2188/2188 2178/2189/2189 2183/2194/2194 2174/2186/2186
f 2178/2189/2189 2179/2190/2190 2184/2195/2195 2183/2194/2194
f 2179/2190/2190 2180/2191/2191 2185/2196/2196 2184/2195/2195
f 2180/2191/2191 2181/2192/2192 2186/2197/2197 2185/2196/2196
f 2187/2198/2198 2186/2197/2197 2181/2192/2192 2182/2193/2193
f 1934/1945/1945 1924/1935/1935 2174/2186/2186 2183/2194/2194
f 1940/1951/1951 1934/1945/1945 2183/2194/2194 2184/2195/2195
f 1955/1966/1966 1940/1951/1951 2184/2195/2195 1956/1967/1967
f 1957/1968/1968 1956/1967/1967 2184/2195/2195 2185/2196/2196
f 2070/2081/2081 1957/1968/1968 2185/2196/2196 2186/2197/2197
f 2071/2082/2082 2070/2081/2081 2186/2197/2197 2187/2198/2198
f 2071/2082/2082 2187/2198/2198 2182/2193/2193 2072/2083/2083
f 2072/2083/2083 2182/2193/2193 2041/2052/2052 2037/2047/2047
f 2189/5825/2199 2152/2163/2163 2149/2160/2160 2188/2200/2200
f 2191/5824/2201 2189/5825/2199 2188/2200/2200 2190/2202/2202
f 2193/5823/2203 2191/5824/2201 2190/2202/2202 2192/2204/2204
f 2195/2205/2205 2193/5823/2203 2192/2204/2204 2194/2206/2206
f 2197/2207/2207 2196/2208/2208 2194/2206/2206 2192/2204/2204
f 2192/2204/2204 2190/2202/2202 2198/2209/2209 2197/2207/2207
f 2199/2210/2210 2198/2209/2209 2190/2202/2202 2188/2200/2200
f 2145/2155/2155 2199/2210/2210 2188/2200/2200 2149/2160/2160
f 2201/2211/2211 2196/2208/2208 2197/2207/2207 2200/2212/2212
f 2200/2212/2212 2197/2207/2207 2198/2209/2209 2202/2213/2213
f 2199/2210/2210 2203/2214/2214 2202/2213/2213 2198/2209/2209
f 2199/2210/2210 2145/2155/2155 2142/2152/2152 2203/2214/2214
f 2138/2150/2150 2204/2215/2215 2203/2214/2214 2142/2152/2152
f 2205/2216/2216 2202/2213/2213 2203/2214/2214 2204/2215/2215
f 2207/2217/2217 2202/2213/2213 2205/2216/2216 2206/2218/2218
f 2202/2213/2213 2207/2217/2217 2208/2219/2219 2200/2212/2212
f 2206/2218/2218 2209/2220/2220 2208/2219/2219 2207/2217/2217
f 2208/2219/2219 2210/2221/2221 2201/2211/2211 2200/2212/2212
f 2211/2222/2222 2210/2221/2221 2208/2219/2219 2209/2220/2220
f 2213/2223/2223 2121/2131/2131 2119/2130/2130 2212/2224/2224
f 2215/2225/2225 2213/2223/2223 2212/2224/2224 2214/2226/2226
f 2209/2220/2220 2224/2227/2227 2225/2228/2228 2211/2222/2222
f 2216/2229/2229 2218/2230/2230 2219/2231/2231 2217/2232/2232
f 2221/2233/2233 2220/2234/2234 2219/2231/2231 2218/2230/2230
f 2214/2226/2226 2222/2235/2235 2221/2233/2233 2215/2225/2225
f 2223/2236/2236 2220/2234/2234 2221/2233/2233 2222/2235/2235
f 2224/2227/2227 2209/2220/2220 2206/2218/2218 2226/2237/2237
f 2226/2237/2237 2206/2218/2218 2205/2216/2216 2227/2238/2238
f 2227/2238/2238 2205/2216/2216 2204/2215/2215 2228/2239/2239
f 2228/2239/2239 2204/2215/2215 2138/2150/2150 2135/2143/2143
f 2218/2230/2230 2229/2240/2240 2215/2225/2225 2221/2233/2233
f 2229/2240/2240 2230/2241/2241 2213/2223/2223 2215/2225/2225
f 2230/2241/2241 2123/2133/2133 2121/2131/2131 2213/2223/2223
f 2216/2229/2229 2231/2242/2242 2229/2240/2240 2218/2230/2230
f 2231/2242/2242 2232/2243/2243 2230/2241/2241 2229/2240/2240
f 2232/2243/2243 2125/2135/2135 2123/2133/2133 2230/2241/2241
f 2233/2244/2244 2127/2137/2137 2125/2135/2135 2232/2243/2243
f 2234/2245/2245 2233/2244/2244 2232/2243/2243 2231/2242/2242
f 2235/2246/2246 2236/2247/2247 2233/2244/2244 2234/2245/2245
f 2236/2247/2247 2130/2140/2140 2127/2137/2137 2233/2244/2244
f 2134/2146/2146 2130/2140/2140 2236/2247/2247 2237/2248/2248
f 2135/2143/2143 2134/2146/2146 2237/2248/2248 2228/2239/2239
f 2237/2248/2248 2236/2247/2247 2235/2246/2246 2238/2249/2249
f 2238/2249/2249 2227/2238/2238 2228/2239/2239 2237/2248/2248
f 2227/2238/2238 2238/2249/2249 2239/2250/2250 2226/2237/2237
f 2240/2251/2251 2224/2227/2227 2226/2237/2237 2239/2250/2250
f 2234/2245/2245 2231/2242/2242 2241/2252/2252 2242/2253/2253
f 2241/2252/2252 2243/2254/2254 2244/2255/2255 2242/2253/2253
f 2231/2242/2242 2216/2229/2229 2243/2254/2254 2241/2252/2252
f 2235/2246/2246 2234/2245/2245 2242/2253/2253 2245/2256/2256
f 2245/2256/2256 2239/2250/2250 2238/2249/2249 2235/2246/2246
f 2244/2255/2255 2246/2257/2257 2245/2256/2256 2242/2253/2253
f 2246/2257/2257 2240/2251/2251 2239/2250/2250 2245/2256/2256
f 2248/2258/2258 2247/2259/2259 2240/2251/2251 2246/2257/2257
f 2247/2259/2259 2225/2228/2228 2224/2227/2227 2240/2251/2251
f 2248/2258/2258 2246/2257/2257 2244/2255/2255 2249/2260/2260
f 2250/2261/2261 2243/2254/2254 2216/2229/2229 2217/2232/2232
f 2249/2260/2260 2244/2255/2255 2243/2254/2254 2250/2261/2261
f 2118/2129/2129 2251/2262/2262 2212/2224/2224 2119/2130/2130
f 2251/2262/2262 2252/2263/2263 2214/2226/2226 2212/2224/2224
f 2222/2235/2235 2214/2226/2226 2252/2263/2263 2253/2264/2264
f 2222/2235/2235 2253/2264/2264 2254/2265/2265 2223/2236/2236
f 2256/2266/2266 2255/2267/2267 2193/2203/2203 2195/5822/2205
f 2255/2267/2267 2257/2268/2268 2191/2201/2201 2193/2203/2203
f 2257/2268/2268 2258/2269/2269 2189/2199/2199 2191/2201/2201
f 2258/2269/2269 2155/2166/2166 2152/5826/2163 2189/2199/2199
f 2260/2270/2270 2255/2267/2267 2256/2266/2266 2259/2271/2271
f 2255/2267/2267 2260/2270/2270 2261/2272/2272 2257/2268/2268
f 2261/2272/2272 2262/2273/2273 2258/2269/2269 2257/2268/2268
f 2258/2269/2269 2262/2273/2273 2158/2169/2169 2155/2166/2166
f 2264/2274/2274 2260/2270/2270 2259/2271/2271 2263/2275/2275
f 2264/2274/2274 2265/2276/2276 2261/2272/2272 2260/2270/2270
f 2265/2276/2276 2266/2277/2277 2262/2273/2273 2261/2272/2272
f 2262/2273/2273 2266/2277/2277 2161/2172/2172 2158/2169/2169
f 2118/2129/2129 2117/2128/2128 2267/2278/2278 2251/2262/2262
f 2251/2262/2262 2267/2278/2278 2268/2279/2279 2252/2263/2263
f 2269/2280/2280 2253/2264/2264 2252/2263/2263 2268/2279/2279
f 2253/2264/2264 2269/2280/2280 2270/2281/2281 2254/2265/2265
f 2081/2092/2092 2080/2091/2091 2271/2282/2282 2272/2283/2283
f 2117/2128/2128 2081/2092/2092 2272/2283/2283 2267/2278/2278
f 2164/2175/2175 2161/2172/2172 2266/2277/2277 2273/2284/2284
f 2167/2178/2178 2164/2175/2175 2273/2284/2284 2274/2285/2285
f 2170/2181/2181 2167/2178/2178 2274/2285/2285 2275/2286/2286
f 2173/2184/2184 2170/2181/2181 2275/2286/2286 2276/2287/2287
f 2080/2091/2091 2173/2184/2184 2276/2287/2287 2271/2282/2282
f 2272/2283/2283 2271/2282/2282 2277/2288/2288 2278/2289/2289
f 2267/2278/2278 2272/2283/2283 2278/2289/2289 2268/2279/2279
f 2273/2284/2284 2266/2277/2277 2265/2276/2276 2279/2290/2290
f 2274/2285/2285 2273/2284/2284 2279/2290/2290 2280/2291/2291
f 2275/2286/2286 2274/2285/2285 2280/2291/2291 2281/2292/2292
f 2276/2287/2287 2275/2286/2286 2281/2292/2292 2282/2293/2293
f 2271/2282/2282 2276/2287/2287 2282/2293/2293 2277/2288/2288
f 2278/2289/2289 2277/2288/2288 2283/2294/2294 2284/2295/2295
f 2268/2279/2279 2278/2289/2289 2284/2295/2295 2269/2280/2280
f 2279/2290/2290 2265/2276/2276 2264/2274/2274 2285/2296/2296
f 2280/2291/2291 2279/2290/2290 2285/2296/2296 2286/2297/2297
f 2281/2292/2292 2280/2291/2291 2286/2297/2297 2287/2298/2298
f 2282/2293/2293 2281/2292/2292 2287/2298/2298 2288/2299/2299
f 2277/2288/2288 2282/2293/2293 2288/2299/2299 2283/2294/2294
f 2284/2295/2295 2283/2294/2294 2289/2300/2300 2290/2301/2301
f 2269/2280/2280 2284/2295/2295 2290/2301/2301 2270/2281/2281
f 2285/2296/2296 2264/2274/2274 2263/2275/2275 2291/2302/2302
f 2286/2297/2297 2285/2296/2296 2291/2302/2302 2292/2303/2303
f 2287/2298/2298 2286/2297/2297 2292/2303/2303 2293/2304/2304
f 2288/2299/2299 2287/2298/2298 2293/2304/2304 2294/2305/2305
f 2283/2294/2294 2288/2299/2299 2294/2305/2305 2289/2300/2300
f 2217/2232/2232 2295/2306/2306 2296/2307/2307 2250/2261/2261
f 2219/2231/2231 2297/2308/2308 2295/2306/2306 2217/2232/2232
f 2220/2234/2234 2298/2309/2309 2297/2308/2308 2219/2231/2231
f 2223/2236/2236 2299/2310/2310 2298/2309/2309 2220/2234/2234
f 2300/2311/2311 2299/2310/2310 2223/2236/2236 2254/2265/2265
f 2301/2312/2312 2300/2311/2311 2254/2265/2265 2270/2281/2281
f 2291/2302/2302 2263/2275/2275 2302/2313/2313 2303/2314/2314
f 2303/2314/2314 2302/2313/2313 2304/2315/2315 2305/2316/2316
f 2305/2316/2316 2304/2315/2315 2306/2317/2317 2307/2318/2318
f 2296/2307/2307 2295/2306/2306 2308/2319/2319 2309/2320/2320
f 2295/2306/2306 2297/2308/2308 2310/2321/2321 2308/2319/2319
f 2297/2308/2308 2298/2309/2309 2311/2322/2322 2310/2321/2321
f 2298/2309/2309 2299/2310/2310 2312/2323/2323 2311/2322/2322
f 2299/2310/2310 2300/2311/2311 2313/2324/2324 2312/2323/2323
f 2300/2311/2311 2301/2312/2312 2314/2325/2325 2313/2324/2324
f 2309/2320/2320 2308/2319/2319 2315/2326/2326 2316/2327/2327
f 2308/2319/2319 2310/2321/2321 2317/2328/2328 2315/2326/2326
f 2310/2321/2321 2311/2322/2322 2318/2329/2329 2317/2328/2328
f 2311/2322/2322 2312/2323/2323 2319/2330/2330 2318/2329/2329
f 2312/2323/2323 2313/2324/2324 2320/2331/2331 2319/2330/2330
f 2313/2324/2324 2314/2325/2325 2321/2332/2332 2320/2331/2331
f 2250/2261/2261 2296/2307/2307 2322/2333/2333 2249/2260/2260
f 2323/2334/2334 2322/2333/2333 2296/2307/2307 2309/2320/2320
f 2309/2320/2320 2316/2327/2327 2324/2335/2335 2323/2334/2334
f 2248/2258/2258 2249/2260/2260 2322/2333/2333 2325/2336/2336
f 2326/2337/2337 2325/2336/2336 2322/2333/2333 2323/2334/2334
f 2327/2338/2338 2326/2337/2337 2323/2334/2334 2324/2335/2335
f 2194/2206/2206 2328/2339/2339 2329/5821/2340 2195/2205/2205
f 2328/2339/2339 2330/2341/2341 2331/5820/2342 2329/5821/2340
f 2330/2341/2341 2332/2343/2343 2333/2344/2344 2331/5820/2342
f 2335/2345/2345 2334/2346/2346 2331/2342/2342 2333/5819/2344
f 2329/2340/2340 2331/2342/2342 2334/2346/2346 2336/2347/2347
f 2336/2347/2347 2256/2266/2266 2195/5822/2205 2329/2340/2340
f 2338/2348/2348 2337/2349/2349 2332/2343/2343 2330/2341/2341
f 2196/2208/2208 2339/2350/2350 2328/2339/2339 2194/2206/2206
f 2339/2350/2350 2338/2348/2348 2330/2341/2341 2328/2339/2339
f 2341/2351/2351 2337/2349/2349 2338/2348/2348 2340/2352/2352
f 2340/2352/2352 2338/2348/2348 2339/2350/2350 2342/2353/2353
f 2342/2353/2353 2339/2350/2350 2196/2208/2208 2201/2211/2211
f 2344/2354/2354 2343/2355/2355 2341/2351/2351 2340/2352/2352
f 2344/2354/2354 2340/2352/2352 2342/2353/2353 2345/2356/2356
f 2345/2356/2356 2342/2353/2353 2201/2211/2211 2210/2221/2221
f 2247/2259/2259 2248/2258/2258 2325/2336/2336 2346/2357/2357
f 2346/2357/2357 2325/2336/2336 2326/2337/2337 2347/2358/2358
f 2326/2337/2337 2327/2338/2338 2348/2359/2359 2347/2358/2358
f 2225/2228/2228 2247/2259/2259 2346/2357/2357 2349/2360/2360
f 2347/2358/2358 2350/2361/2361 2349/2360/2360 2346/2357/2357
f 2350/2361/2361 2347/2358/2358 2348/2359/2359 2351/2362/2362
f 2211/2222/2222 2225/2228/2228 2349/2360/2360 2352/2363/2363
f 2350/2361/2361 2353/2364/2364 2352/2363/2363 2349/2360/2360
f 2353/2364/2364 2350/2361/2361 2351/2362/2362 2354/2365/2365
f 2210/2221/2221 2211/2222/2222 2352/2363/2363 2345/2356/2356
f 2345/2356/2356 2352/2363/2363 2353/2364/2364 2344/2354/2354
f 2344/2354/2354 2353/2364/2364 2354/2365/2365 2343/2355/2355
f 2336/2347/2347 2355/2366/2366 2356/2367/2367 2256/2266/2266
f 2358/2368/2368 2356/2367/2367 2355/2366/2366 2357/2369/2369
f 2256/2266/2266 2356/2367/2367 2358/2368/2368 2259/2271/2271
f 2358/2368/2368 2302/2313/2313 2263/2275/2275 2259/2271/2271
f 2357/2369/2369 2304/2315/2315 2302/2313/2313 2358/2368/2368
f 2335/2345/2345 2359/2370/2370 2360/2371/2371 2334/2346/2346
f 2360/2371/2371 2355/2366/2366 2336/2347/2347 2334/2346/2346
f 2360/2371/2371 2361/2372/2372 2357/2369/2369 2355/2366/2366
f 2304/2315/2315 2357/2369/2369 2361/2372/2372 2306/2317/2317
f 2359/2370/2370 2362/2373/2373 2361/2372/2372 2360/2371/2371
f 2290/2301/2301 2289/2300/2300 2363/2374/2374 2364/2375/2375
f 2270/2281/2281 2290/2301/2301 2364/2375/2375 2301/2312/2312
f 2292/2303/2303 2291/2302/2302 2303/2314/2314 2365/2376/2376
f 2293/2304/2304 2292/2303/2303 2365/2376/2376 2366/2377/2377
f 2294/2305/2305 2293/2304/2304 2366/2377/2377 2367/2378/2378
f 2289/2300/2300 2294/2305/2305 2367/2378/2378 2363/2374/2374
f 2364/2375/2375 2363/2374/2374 2368/2379/2379 2369/2380/2380
f 2301/2312/2312 2364/2375/2375 2369/2380/2380 2314/2325/2325
f 2365/2376/2376 2303/2314/2314 2305/2316/2316 2370/2381/2381
f 2366/2377/2377 2365/2376/2376 2370/2381/2381 2371/2382/2382
f 2367/2378/2378 2366/2377/2377 2371/2382/2382 2372/2383/2383
f 2363/2374/2374 2367/2378/2378 2372/2383/2383 2368/2379/2379
f 2369/2380/2380 2368/2379/2379 2373/2384/2384 2374/2385/2385
f 2314/2325/2325 2369/2380/2380 2374/2385/2385 2321/2332/2332
f 2370/2381/2381 2305/2316/2316 2307/2318/2318 2375/2386/2386
f 2371/2382/2382 2370/2381/2381 2375/2386/2386 2376/2387/2387
f 2372/2383/2383 2371/2382/2382 2376/2387/2387 2377/2388/2388
f 2368/2379/2379 2372/2383/2383 2377/2388/2388 2373/2384/2384
f 2362/2373/2373 2378/2389/2389 2306/2317/2317 2361/2372/2372
f 2380/2390/2390 2354/2365/2365 2351/2362/2362 2379/2391/2391
f 2382/2392/2392 2380/2390/2390 2379/2391/2391 2381/2393/2393
f 2381/2393/2393 2379/2391/2391 2351/2362/2362 2348/2359/2359
f 2381/2393/2393 2348/2359/2359 2327/2338/2338 2383/2394/2394
f 2382/2392/2392 2381/2393/2393 2383/2394/2394 2384/2395/2395
f 2385/2396/2396 2383/2394/2394 2327/2338/2338 2324/2335/2335
f 2384/2395/2395 2383/2394/2394 2385/2396/2396 2386/2397/2397
f 2324/2335/2335 2316/2327/2327 2387/2398/2398 2385/2396/2396
f 2387/2398/2398 2388/2399/2399 2386/2397/2397 2385/2396/2396
f 2389/2400/2400 2387/2398/2398 2316/2327/2327 2315/2326/2326
f 2389/2400/2400 2390/2401/2401 2388/2399/2399 2387/2398/2398
f 2391/2402/2402 2389/2400/2400 2315/2326/2326 2317/2328/2328
f 2389/2400/2400 2391/2402/2402 2392/2403/2403 2390/2401/2401
f 2393/2404/2404 2307/2318/2318 2306/2317/2317 2378/2389/2389
f 2395/2405/2405 2307/2318/2318 2393/2404/2404 2394/2406/2406
f 2394/2406/2406 2396/2407/2407 2397/2408/2408 2395/2405/2405
f 2307/2318/2318 2395/2405/2405 2397/2408/2408 2375/2386/2386
f 2376/2387/2387 2375/2386/2386 2397/2408/2408 2398/2409/2409
f 2399/2410/2410 2398/2409/2409 2397/2408/2408 2396/2407/2407
f 2401/2411/2411 2400/2412/2412 2398/2409/2409 2399/2410/2410
f 2398/2409/2409 2400/2412/2412 2377/2388/2388 2376/2387/2387
f 2400/2412/2412 2402/2413/2413 2373/2384/2384 2377/2388/2388
f 2401/2411/2411 2403/2414/2414 2402/2413/2413 2400/2412/2412
f 2402/2413/2413 2404/2415/2415 2374/2385/2385 2373/2384/2384
f 2403/2414/2414 2405/2416/2416 2404/2415/2415 2402/2413/2413
f 2404/2415/2415 2406/2417/2417 2321/2332/2332 2374/2385/2385
f 2405/2416/2416 2407/2418/2418 2406/2417/2417 2404/2415/2415
f 2406/2417/2417 2408/2419/2419 2320/2331/2331 2321/2332/2332
f 2407/2418/2418 2409/2420/2420 2408/2419/2419 2406/2417/2417
f 2319/2330/2330 2320/2331/2331 2408/2419/2419 2410/2421/2421
f 2409/2420/2420 2411/2422/2422 2410/2421/2421 2408/2419/2419
f 2410/2421/2421 2412/2423/2423 2318/2329/2329 2319/2330/2330
f 2412/2423/2423 2410/2421/2421 2411/2422/2422 2413/2424/2424
f 2412/2423/2423 2391/2402/2402 2317/2328/2328 2318/2329/2329
f 2392/2403/2403 2391/2402/2402 2412/2423/2423 2413/2424/2424
f 2415/2425/2425 2414/2426/2426 2411/2422/2422 2409/2420/2420
f 2403/2414/2414 2416/2427/2427 2417/2428/2428 2405/2416/2416
f 2405/2416/2416 2417/2428/2428 2418/2429/2429 2407/2418/2418
f 2407/2418/2418 2418/2429/2429 2415/2425/2425 2409/2420/2420
f 2420/2430/2430 2419/2431/2431 2396/2407/2407 2394/2406/2406
f 2396/2407/2407 2419/2431/2431 2421/2432/2432 2399/2410/2410
f 2422/2433/2433 2401/2411/2411 2399/2410/2410 2421/2432/2432
f 2416/2427/2427 2403/2414/2414 2401/2411/2411 2422/2433/2433
f 2393/2404/2404 2423/2434/2434 2420/2430/2430 2394/2406/2406
f 2423/2434/2434 2393/2404/2404 2378/2389/2389 2424/2435/2435
f 2425/2436/2436 2424/2435/2435 2378/2389/2389 2362/2373/2373
f 2426/2437/2437 2425/2436/2436 2362/2373/2373 2359/2370/2370
f 2427/2438/2438 2426/2437/2437 2359/2370/2370 2335/2345/2345
f 2333/5819/2344 2428/5871/2439 2427/2438/2438 2335/2345/2345
f 2333/2344/2344 2332/2343/2343 2337/2349/2349 2428/2439/2439
f 2429/2440/2440 2428/2439/2439 2337/2349/2349 2341/2351/2351
f 2343/2355/2355 2430/2441/2441 2429/2440/2440 2341/2351/2351
f 2354/2365/2365 2431/2442/2442 2430/2441/2441 2343/2355/2355
f 2380/2390/2390 2432/2443/2443 2431/2442/2442 2354/2365/2365
f 2384/2395/2395 2432/2443/2443 2380/2390/2390 2382/2392/2392
f 2432/2443/2443 2384/2395/2395 2386/2397/2397 2433/2444/2444
f 2388/2399/2399 2434/2445/2445 2433/2444/2444 2386/2397/2397
f 2390/2401/2401 2392/2403/2403 2434/2445/2445 2388/2399/2399
f 2413/2424/2424 2435/2446/2446 2434/2445/2445 2392/2403/2403
f 2435/2446/2446 2413/2424/2424 2411/2422/2422 2414/2426/2426
f 2436/5971/2447 1127/5972/1127 958/958/958 957/957/957
f 957/957/957 1029/1029/1029 2437/5968/2448 2436/5971/2447
f 1122/5970/1122 2438/5969/2449 1031/1031/1031 1038/1038/1038
f 1030/1030/1030 1031/1031/1031 2438/5969/2449 2439/5967/2450
f 1029/1029/1029 1030/1030/1030 2439/5967/2450 2437/5968/2448
f 1205/1205/1205 2440/2451/2451 1259/1255/1255 1218/1218/1218
f 1184/5965/1184 1195/1195/1195 1254/5966/1254 2441/5964/2452
f 2443/2453/2453 2442/2454/2454 2441/2452/2452 1254/1254/1254
f 2444/2455/2455 2443/2453/2453 1254/1254/1254 1255/1258/1258
f 1184/1184/1184 2441/2452/2452 2442/2454/2454 2445/2456/2456
f 2447/2457/2457 1184/1184/1184 2445/2456/2456 2446/2458/2458
f 2449/2459/2459 2447/2457/2457 2446/2458/2458 2448/2460/2460
f 2447/2457/2457 2449/2459/2459 1126/1126/1126 1184/1184/1184
f 2433/2444/2444 2434/2445/2445 2448/2460/2460 2446/2458/2458
f 2446/2458/2458 2445/2456/2456 2432/2443/2443 2433/2444/2444
f 2449/2459/2459 2448/2460/2460 2434/2445/2445 2435/2446/2446
f 2414/2426/2426 2450/2461/2461 2449/2459/2459 2435/2446/2446
f 2449/2459/2459 2450/2461/2461 1124/1124/1124 1126/1126/1126
f 1122/1122/1122 1124/1124/1124 2450/2461/2461 2451/2462/2462
f 2414/2426/2426 2415/2425/2425 2452/2463/2463 2450/2461/2461
f 2452/2463/2463 2453/2464/2464 2451/2462/2462 2450/2461/2461
f 2453/2464/2464 2438/2449/2449 1122/1122/1122 2451/2462/2462
f 2454/2465/2465 2452/2463/2463 2415/2425/2425 2418/2429/2429
f 2452/2463/2463 2454/2465/2465 2455/2466/2466 2453/2464/2464
f 2453/2464/2464 2455/2466/2466 2439/2450/2450 2438/2449/2449
f 2445/2456/2456 2442/2454/2454 2431/2442/2442 2432/2443/2443
f 2442/2454/2454 2443/2453/2453 2430/2441/2441 2431/2442/2442
f 2430/2441/2441 2443/2453/2453 2444/2455/2455 2429/2440/2440
f 2428/2439/2439 2429/2440/2440 2444/2455/2455 2456/5983/2467
f 2456/5983/2467 2444/2455/2455 1255/1258/1258 1257/5982/1260
f 2428/5871/2439 2456/2467/2467 2457/2468/2468 2427/2438/2438
f 2458/2469/2469 2457/2468/2468 2456/2467/2467 1257/1260/1260
f 2459/2470/2470 2458/2469/2469 1257/1260/1260 1259/1255/1255
f 2460/2471/2471 2457/2468/2468 2458/2469/2469 2459/2470/2470
f 2427/2438/2438 2457/2468/2468 2460/2471/2471 2426/2437/2437
f 1259/1255/1255 2440/2451/2451 2461/2472/2472 2459/2470/2470
f 2459/2470/2470 2461/2472/2472 2462/2473/2473 2460/2471/2471
f 2462/2473/2473 2425/2436/2436 2426/2437/2437 2460/2471/2471
f 2463/2474/2474 2461/2472/2472 2440/2451/2451 1205/1205/1205
f 2464/2475/2475 2462/2473/2473 2461/2472/2472 2463/2474/2474
f 2425/2436/2436 2462/2473/2473 2464/2475/2475 2424/2435/2435
f 2465/2476/2476 2423/2434/2434 2424/2435/2435 2464/2475/2475
f 2465/2476/2476 2464/2475/2475 2463/2474/2474 2466/2477/2477
f 2466/2477/2477 2463/2474/2474 1205/1205/1205 1131/1131/1131
f 2418/2429/2429 2417/2428/2428 2467/2478/2478 2454/2465/2465
f 2454/2465/2465 2467/2478/2478 2468/2479/2479 2455/2466/2466
f 2455/2466/2466 2468/2479/2479 2437/2448/2448 2439/2450/2450
f 2470/2480/2480 2469/2481/2481 1131/1131/1131 1129/1129/1129
f 2471/2482/2482 2466/2477/2477 1131/1131/1131 2469/2481/2481
f 2466/2477/2477 2471/2482/2482 2472/2483/2483 2465/2476/2476
f 2465/2476/2476 2472/2483/2483 2420/2430/2430 2423/2434/2434
f 2468/2479/2479 2473/2484/2484 2436/2447/2447 2437/2448/2448
f 2473/2484/2484 2468/2479/2479 2467/2478/2478 2474/2485/2485
f 2416/2427/2427 2474/2485/2485 2467/2478/2478 2417/2428/2428
f 1127/1127/1127 2436/2447/2447 2473/2484/2484 2475/2486/2486
f 2472/2483/2483 2476/2487/2487 2419/2431/2431 2420/2430/2430
f 2476/2487/2487 2472/2483/2483 2471/2482/2482 2477/2488/2488
f 2477/2488/2488 2471/2482/2482 2469/2481/2481 2470/2480/2480
f 2422/2433/2433 2478/2489/2489 2474/2485/2485 2416/2427/2427
f 2478/2489/2489 2422/2433/2433 2421/2432/2432 2479/2490/2490
f 2476/2487/2487 2479/2490/2490 2421/2432/2432 2419/2431/2431
f 2473/2484/2484 2474/2485/2485 2478/2489/2489 2475/2486/2486
f 2479/2490/2490 2480/2491/2491 2475/2486/2486 2478/2489/2489
f 2480/2491/2491 2479/2490/2490 2476/2487/2487 2477/2488/2488
f 2477/2488/2488 2470/2480/2480 1129/1129/1129 2480/2491/2491
f 2480/2491/2491 1129/1129/1129 1127/1127/1127 2475/2486/2486
f 2482/2492/2492 2481/2493/2493 1713/1723/1723 1721/1731/1731
f 1705/1715/1715 1713/1723/1723 2481/2493/2493 2483/2494/2494
f 2483/2494/2494 2484/2495/2495 1689/1701/1701 1705/1715/1715
f 1690/1702/1702 1689/1701/1701 2484/2495/2495 2485/2496/2496
f 2487/2497/2497 2486/2498/2498 1702/1714/1714 1703/1713/1713
f 1711/1722/1722 1702/1714/1714 2486/2498/2498 2488/2499/2499
f 1719/1730/1730 1711/1722/1722 2488/2499/2499 2489/2500/2500
f 1727/1738/1738 1719/1730/1730 2489/2500/2500 2490/2501/2501
f 2492/2502/2502 2491/5818/2503 2486/2498/2498 2487/2497/2497
f 2491/5818/2503 2493/5817/2504 2488/2499/2499 2486/2498/2498
f 2493/5817/2504 2494/5816/2505 2489/2500/2500 2488/2499/2499
f 2494/5816/2505 2495/5815/2506 2490/2501/2501 2489/2500/2500
f 2497/5805/2507 2496/2508/2508 2481/2493/2493 2482/2492/2492
f 2496/2508/2508 2498/2509/2509 2483/2494/2494 2481/2493/2493
f 2498/2509/2509 2499/2510/2510 2484/2495/2495 2483/2494/2494
f 2499/2510/2510 2500/2511/2511 2485/2496/2496 2484/2495/2495
f 2502/2512/2512 2482/2492/2492 1721/1731/1731 2501/2513/2513
f 2501/2513/2513 1721/1731/1731 1720/1732/1732 2503/2514/2514
f 1722/1733/1733 2504/2515/2515 2503/2514/2514 1720/1732/1732
f 2504/2515/2515 1722/1733/1733 1723/1734/1734 2505/2516/2516
f 1724/1735/1735 2506/2517/2517 2505/2516/2516 1723/1734/1734
f 2507/2518/2518 2506/2517/2517 1724/1735/1735 1725/1736/1736
f 1725/1736/1736 1726/1737/1737 2508/2519/2519 2507/2518/2518
f 1726/1737/1737 1727/1738/1738 2509/2520/2520 2508/2519/2519
f 2510/2521/2521 2509/2520/2520 1727/1738/1738 2490/2501/2501
f 2495/5815/2506 2511/5814/2522 2510/2521/2521 2490/2501/2501
f 2511/5814/2522 2512/5813/2523 2509/2520/2520 2510/2521/2521
f 2512/5813/2523 2513/5812/2524 2508/2519/2519 2509/2520/2520
f 2515/2525/2525 2514/2526/2526 2507/2518/2518 2508/2519/2519
f 2513/5812/2524 2516/5811/2527 2515/2525/2525 2508/2519/2519
f 2515/2525/2525 2516/5811/2527 2517/5810/2528 2514/2526/2526
f 2519/2529/2529 2514/2526/2526 2517/5810/2528 2518/5809/2530
f 2514/2526/2526 2519/2529/2529 2520/2531/2531 2521/2532/2532
f 2522/2533/2533 2507/2518/2518 2514/2526/2526 2521/2532/2532
f 2506/2517/2517 2507/2518/2518 2522/2533/2533 2523/2534/2534
f 2523/2534/2534 2522/2533/2533 2521/2532/2532 2524/2535/2535
f 2520/2531/2531 2525/2536/2536 2524/2535/2535 2521/2532/2532
f 2518/5809/2530 2526/5808/2537 2520/2531/2531 2519/2529/2529
f 2526/5808/2537 2527/5802/2538 2525/2536/2536 2520/2531/2531
f 2529/2539/2539 2528/2540/2540 2491/2503/2503 2492/5791/2502
f 2531/2541/2541 2530/2542/2542 2500/2511/2511 2499/2510/2510
f 2531/2541/2541 2629/2543/2543 2630/2544/2544 2530/2542/2542
f 2529/2539/2539 2634/2545/2545 2635/2546/2546 2528/2540/2540
f 2534/2547/2547 2623/2548/2548 2624/2549/2549 2535/2550/2550
f 2537/2551/2551 2536/2552/2552 2533/2553/2553 2532/2554/2554
f 2505/2516/2516 2506/2517/2517 2523/2534/2534 2538/2555/2555
f 2540/2556/2556 2523/2534/2534 2524/2535/2535 2539/2557/2557
f 2538/2555/2555 2523/2534/2534 2540/2556/2556 2541/2558/2558
f 2541/2558/2558 2540/2556/2556 2539/2557/2557 2542/2559/2559
f 2542/2559/2559 2543/2560/2560 2544/2561/2561 2541/2558/2558
f 2541/2558/2558 2544/2561/2561 2545/2562/2562 2538/2555/2555
f 2538/2555/2555 2545/2562/2562 2504/2515/2515 2505/2516/2516
f 2543/2560/2560 2546/2563/2563 2545/2562/2562 2544/2561/2561
f 2525/2536/2536 2547/2564/2564 2539/2557/2557 2524/2535/2535
f 2547/2564/2564 2548/2565/2565 2542/2559/2559 2539/2557/2557
f 2548/2565/2565 2549/2566/2566 2543/2560/2560 2542/2559/2559
f 2549/2566/2566 2550/2567/2567 2546/2563/2563 2543/2560/2560
f 2552/2568/2568 2546/2563/2563 2550/2567/2567 2551/2569/2569
f 2554/2570/2570 2552/2568/2568 2551/2569/2569 2553/2571/2571
f 2553/2571/2571 2555/2572/2572 2556/2573/2573 2554/2570/2570
f 2555/2572/2572 2557/2574/2574 2558/2575/2575 2556/2573/2573
f 2560/2576/2576 2558/2575/2575 2557/2574/2574 2559/2577/2577
f 2559/2577/2577 2561/2578/2578 2562/2579/2579 2560/2576/2576
f 2561/2578/2578 2563/5807/2580 2564/2581/2581 2562/2579/2579
f 2563/5807/2580 2565/5806/2582 2566/2583/2583 2564/2581/2581
f 2565/5806/2582 2567/5804/2584 2502/2512/2512 2566/2583/2583
f 2567/5804/2584 2497/5805/2507 2482/2492/2492 2502/2512/2512
f 2566/2583/2583 2502/2512/2512 2501/2513/2513 2568/2585/2585
f 2568/2585/2585 2569/2586/2586 2564/2581/2581 2566/2583/2583
f 2562/2579/2579 2564/2581/2581 2569/2586/2586 2570/2587/2587
f 2570/2587/2587 2571/2588/2588 2560/2576/2576 2562/2579/2579
f 2571/2588/2588 2572/2589/2589 2558/2575/2575 2560/2576/2576
f 2572/2589/2589 2573/2590/2590 2556/2573/2573 2558/2575/2575
f 2554/2570/2570 2556/2573/2573 2573/2590/2590 2574/2591/2591
f 2552/2568/2568 2554/2570/2570 2574/2591/2591 2546/2563/2563
f 2504/2515/2515 2545/2562/2562 2546/2563/2563 2574/2591/2591
f 2569/2586/2586 2568/2585/2585 2501/2513/2513 2575/2592/2592
f 2576/2593/2593 2575/2592/2592 2501/2513/2513 2503/2514/2514
f 2570/2587/2587 2569/2586/2586 2575/2592/2592 2571/2588/2588
f 2571/2588/2588 2575/2592/2592 2576/2593/2593 2572/2589/2589
f 2573/2590/2590 2572/2589/2589 2576/2593/2593 2574/2591/2591
f 2574/2591/2591 2576/2593/2593 2503/2514/2514 2504/2515/2515
f 2528/2540/2540 2577/2594/2594 2493/2504/2504 2491/2503/2503
f 2577/2594/2594 2578/2595/2595 2494/2505/2505 2493/2504/2504
f 2578/2595/2595 2579/2596/2596 2495/2506/2506 2494/2505/2505
f 2579/2596/2596 2580/2597/2597 2511/2522/2522 2495/2506/2506
f 2580/2597/2597 2581/2598/2598 2512/2523/2523 2511/2522/2522
f 2581/2598/2598 2582/2599/2599 2513/2524/2524 2512/2523/2523
f 2582/2599/2599 2583/2600/2600 2516/2527/2527 2513/2524/2524
f 2583/2600/2600 2584/2601/2601 2517/2528/2528 2516/2527/2527
f 2584/2601/2601 2585/2602/2602 2518/2530/2530 2517/2528/2528
f 2585/2602/2602 2586/2603/2603 2526/2537/2537 2518/2530/2530
f 2586/2603/2603 2587/2604/2604 2527/2538/2538 2526/2537/2537
f 2588/2605/2605 2531/2541/2541 2499/2510/2510 2498/2509/2509
f 2589/2606/2606 2588/2605/2605 2498/2509/2509 2496/2508/2508
f 2590/2607/2607 2589/2606/2606 2496/2508/2508 2497/2507/2507
f 2591/2608/2608 2590/2607/2607 2497/2507/2507 2567/2584/2584
f 2592/2609/2609 2591/2608/2608 2567/2584/2584 2565/2582/2582
f 2593/2610/2610 2592/2609/2609 2565/2582/2582 2563/2580/2580
f 2594/5793/2611 2593/2610/2610 2563/2580/2580 2561/5803/2578
f 2596/2612/2612 2547/2564/2564 2525/2536/2536 2595/2613/2613
f 2596/2612/2612 2597/2614/2614 2548/2565/2565 2547/2564/2564
f 2597/2614/2614 2598/2615/2615 2549/2566/2566 2548/2565/2565
f 2598/2615/2615 2599/2616/2616 2550/2567/2567 2549/2566/2566
f 2551/2569/2569 2550/2567/2567 2599/2616/2616 2600/2617/2617
f 2553/2571/2571 2551/2569/2569 2600/2617/2617 2601/2618/2618
f 2601/2618/2618 2602/2619/2619 2555/2572/2572 2553/2571/2571
f 2557/2574/2574 2555/2572/2572 2602/2619/2619 2603/2620/2620
f 2603/2620/2620 2604/2621/2621 2559/2577/2577 2557/2574/2574
f 2594/2611/2611 2561/2578/2578 2559/2577/2577 2604/2621/2621
f 2595/2613/2613 2525/2536/2536 2527/5802/2538 2605/5801/2622
f 2605/2622/2622 2527/2538/2538 2587/2604/2604 2606/2623/2623
f 2605/5801/2622 2607/5800/2624 2596/2612/2612 2595/2613/2613
f 2608/5799/2625 2597/2614/2614 2596/2612/2612 2607/5800/2624
f 2598/2615/2615 2597/2614/2614 2608/5799/2625 2609/5798/2626
f 2599/2616/2616 2598/2615/2615 2609/5798/2626 2610/5797/2627
f 2610/5797/2627 2611/5796/2628 2600/2617/2617 2599/2616/2616
f 2601/2618/2618 2600/2617/2617 2611/5796/2628 2612/5795/2629
f 2602/2619/2619 2601/2618/2618 2612/5795/2629 2613/5794/2630
f 2613/5794/2630 2614/5792/2631 2603/2620/2620 2602/2619/2619
f 2614/5792/2631 2594/2611/2611 2604/2621/2621 2603/2620/2620
f 2615/2632/2632 2607/2624/2624 2605/2622/2622 2606/2623/2623
f 2607/2624/2624 2615/2632/2632 2616/2633/2633 2608/2625/2625
f 2608/2625/2625 2616/2633/2633 2617/2634/2634 2609/2626/2626
f 2609/2626/2626 2617/2634/2634 2618/2635/2635 2610/2627/2627
f 2610/2627/2627 2618/2635/2635 2619/2636/2636 2611/2628/2628
f 2611/2628/2628 2619/2636/2636 2620/2637/2637 2612/2629/2629
f 2621/2638/2638 2613/2630/2630 2612/2629/2629 2620/2637/2637
f 2621/2638/2638 2622/2639/2639 2614/2631/2631 2613/2630/2630
f 2622/2639/2639 2593/2610/2610 2594/5793/2611 2614/2631/2631
f 2624/2549/2549 2623/2548/2548 2536/2552/2552 2537/2551/2551
f 2535/2550/2550 2624/2549/2549 2625/2640/2640 2626/2641/2641
f 2627/2642/2642 2625/2640/2640 2624/2549/2549 2537/2551/2551
f 2628/2643/2643 2627/2642/2642 2537/2551/2551 2532/2554/2554
f 2630/2544/2544 2629/2543/2543 2532/2554/2554 2533/2553/2553
f 2588/2605/2605 2631/2644/2644 2629/2543/2543 2531/2541/2541
f 2532/2554/2554 2629/2543/2543 2631/2644/2644 2628/2643/2643
f 2633/2645/2645 2632/2646/2646 2534/2547/2547 2535/2550/2550
f 2635/2546/2546 2634/2545/2545 2632/2646/2646 2633/2645/2645
f 2635/2546/2546 2636/2647/2647 2577/2594/2594 2528/2540/2540
f 2637/2648/2648 2636/2647/2647 2635/2546/2546 2633/2645/2645
f 2626/2641/2641 2637/2648/2648 2633/2645/2645 2535/2550/2550
f 2638/2649/2649 2631/2644/2644 2588/2605/2605 2589/2606/2606
f 2640/2650/2650 2631/2644/2644 2638/2649/2649 2639/2651/2651
f 2640/2650/2650 2639/2651/2651 2641/2652/2652 2642/2653/2653
f 2642/2653/2653 2628/2643/2643 2631/2644/2644 2640/2650/2650
f 2644/2654/2654 2589/2606/2606 2590/2607/2607 2643/2655/2655
f 2646/2656/2656 2589/2606/2606 2644/2654/2654 2645/2657/2657
f 2589/2606/2606 2646/2656/2656 2639/2651/2651 2638/2649/2649
f 2622/2639/2639 2647/2658/2658 2592/2609/2609 2593/2610/2610
f 2647/2658/2658 2648/2659/2659 2591/2608/2608 2592/2609/2609
f 2590/2607/2607 2591/2608/2608 2648/2659/2659 2643/2655/2655
f 2649/2660/2660 2647/2658/2658 2622/2639/2639 2621/2638/2638
f 2619/2636/2636 2649/2660/2660 2621/2638/2638 2620/2637/2637
f 2650/2661/2661 2648/2659/2659 2647/2658/2658 2649/2660/2660
f 2651/2662/2662 2650/2661/2661 2649/2660/2660 2619/2636/2636
f 2617/2634/2634 2651/2662/2662 2619/2636/2636 2618/2635/2635
f 2643/2655/2655 2648/2659/2659 2650/2661/2661 2652/2663/2663
f 2651/2662/2662 2653/2664/2664 2652/2663/2663 2650/2661/2661
f 2654/2665/2665 2653/2664/2664 2651/2662/2662 2617/2634/2634
f 2645/2657/2657 2644/2654/2654 2643/2655/2655 2652/2663/2663
f 2656/2666/2666 2655/2667/2667 2653/2664/2664 2654/2665/2665
f 2653/2664/2664 2655/2667/2667 2645/2657/2657 2652/2663/2663
f 2657/2668/2668 2646/2656/2656 2645/2657/2657 2655/2667/2667
f 2657/2668/2668 2641/2652/2652 2639/2651/2651 2646/2656/2656
f 2617/2634/2634 2616/2633/2633 2615/2632/2632 2654/2665/2665
f 2658/2669/2669 2656/2666/2666 2654/2665/2665 2615/2632/2632
f 2606/2623/2623 2587/2604/2604 2658/2669/2669 2615/2632/2632
f 2656/2666/2666 2659/2670/2670 2657/2668/2668 2655/2667/2667
f 2659/2670/2670 2660/2671/2671 2641/2652/2652 2657/2668/2668
f 2660/2671/2671 2661/2672/2672 2642/2653/2653 2641/2652/2652
f 2628/2643/2643 2642/2653/2653 2661/2672/2672 2627/2642/2642
f 2578/2595/2595 2577/2594/2594 2636/2647/2647 2662/2673/2673
f 2662/2673/2673 2663/2674/2674 2579/2596/2596 2578/2595/2595
f 2636/2647/2647 2637/2648/2648 2664/2675/2675 2662/2673/2673
f 2665/2676/2676 2663/2674/2674 2662/2673/2673 2664/2675/2675
f 2580/2597/2597 2579/2596/2596 2663/2674/2674 2666/2677/2677
f 2666/2677/2677 2667/2678/2678 2581/2598/2598 2580/2597/2597
f 2665/2676/2676 2667/2678/2678 2666/2677/2677 2663/2674/2674
f 2581/2598/2598 2667/2678/2678 2668/2679/2679 2582/2599/2599
f 2669/2680/2680 2583/2600/2600 2582/2599/2599 2668/2679/2679
f 2669/2680/2680 2585/2602/2602 2584/2601/2601 2583/2600/2600
f 2670/2681/2681 2659/2670/2670 2656/2666/2666 2658/2669/2669
f 2586/2603/2603 2670/2681/2681 2658/2669/2669 2587/2604/2604
f 2670/2681/2681 2586/2603/2603 2585/2602/2602 2669/2680/2680
f 2671/2682/2682 2660/2671/2671 2659/2670/2670 2670/2681/2681
f 2672/2683/2683 2625/2640/2640 2627/2642/2642 2661/2672/2672
f 2671/2682/2682 2672/2683/2683 2661/2672/2672 2660/2671/2671
f 2673/2684/2684 2671/2682/2682 2670/2681/2681 2669/2680/2680
f 2673/2684/2684 2674/2685/2685 2672/2683/2683 2671/2682/2682
f 2668/2679/2679 2674/2685/2685 2673/2684/2684 2669/2680/2680
f 2667/2678/2678 2665/2676/2676 2674/2685/2685 2668/2679/2679
f 2674/2685/2685 2675/2686/2686 2676/2687/2687 2672/2683/2683
f 2672/2683/2683 2676/2687/2687 2626/2641/2641 2625/2640/2640
f 2664/2675/2675 2675/2686/2686 2674/2685/2685 2665/2676/2676
f 2675/2686/2686 2664/2675/2675 2626/2641/2641 2676/2687/2687
f 2637/2648/2648 2626/2641/2641 2664/2675/2675
f 2536/2552/2552 2677/2688/2688 2678/2689/2689 2533/2553/2553
f 2680/2690/2690 2678/2689/2689 2677/2688/2688 2679/2691/2691
f 2679/2691/2691 2681/2692/2692 2682/2693/2693 2680/2690/2690
f 2683/2694/2694 2630/2544/2544 2533/2553/2553 2678/2689/2689
f 2684/2695/2695 2683/2694/2694 2678/2689/2689 2680/2690/2690
f 2685/2696/2696 2684/2695/2695 2680/2690/2690 2682/2693/2693
f 2686/2697/2697 2530/2542/2542 2630/2544/2544 2683/2694/2694
f 2687/2698/2698 2686/2697/2697 2683/2694/2694 2684/2695/2695
f 2684/2695/2695 2685/2696/2696 2688/2699/2699 2687/2698/2698
f 2689/2700/2700 2500/2511/2511 2530/2542/2542 2686/2697/2697
f 2690/2701/2701 2689/2700/2700 2686/2697/2697 2687/2698/2698
f 2691/2702/2702 2690/2701/2701 2687/2698/2698 2688/2699/2699
f 2692/2703/2703 2485/2496/2496 2500/2511/2511 2689/2700/2700
f 2693/2704/2704 2692/2703/2703 2689/2700/2700 2690/2701/2701
f 2694/2705/2705 2693/2704/2704 2690/2701/2701 2691/2702/2702
f 2623/2548/2548 2695/2706/2706 2677/2688/2688 2536/2552/2552
f 2695/2706/2706 2696/2707/2707 2679/2691/2691 2677/2688/2688
f 2697/2708/2708 2681/2692/2692 2679/2691/2691 2696/2707/2707
f 2695/2706/2706 2623/2548/2548 2534/2547/2547 2698/2709/2709
f 2698/2709/2709 2699/2710/2710 2696/2707/2707 2695/2706/2706
f 2699/2710/2710 2700/2711/2711 2697/2708/2708 2696/2707/2707
f 2698/2709/2709 2534/2547/2547 2632/2646/2646 2701/2712/2712
f 2699/2710/2710 2698/2709/2709 2701/2712/2712 2702/2713/2713
f 2700/2711/2711 2699/2710/2710 2702/2713/2713 2703/2714/2714
f 2705/2715/2715 2704/2716/2716 2703/2714/2714 2702/2713/2713
f 2706/2717/2717 2705/2715/2715 2702/2713/2713 2701/2712/2712
f 2634/2545/2545 2706/2717/2717 2701/2712/2712 2632/2646/2646
f 2708/2718/2718 2707/2719/2719 2704/2716/2716 2705/2715/2715
f 2705/2715/2715 2706/2717/2717 2709/2720/2720 2708/2718/2718
f 2529/2539/2539 2709/2720/2720 2706/2717/2717 2634/2545/2545
f 2711/2721/2721 2529/2539/2539 2492/5791/2502 2710/5790/2722
f 2710/5790/2722 2712/5788/2723 2713/5789/2724 2711/2721/2721
f 2711/2721/2721 2713/5789/2724 2709/2720/2720 2529/2539/2539
f 2492/2502/2502 2487/2497/2497 2714/2725/2725 2710/2722/2722
f 2710/2722/2722 2714/2725/2725 2715/2726/2726 2712/2723/2723
f 2715/2726/2726 2716/2727/2727 2713/2724/2724 2712/2723/2723
f 2716/2727/2727 2717/2728/2728 2718/5787/2729 2713/2724/2724
f 2720/2730/2730 2718/5787/2729 2717/2728/2728 2719/2731/2731
f 2713/5789/2724 2718/2729/2729 2721/2732/2732 2709/2720/2720
f 2722/2733/2733 2721/2732/2732 2718/2729/2729 2720/5786/2730
f 2721/2732/2732 2722/2733/2733 2708/2718/2718 2709/2720/2720
f 2708/2718/2718 2722/2733/2733 2720/5786/2730 2723/5785/2734
f 2719/2731/2731 2724/2735/2735 2723/2734/2734 2720/2730/2730
f 2723/5785/2734 2725/5784/2736 2707/2719/2719 2708/2718/2718
f 2724/2735/2735 2726/2737/2737 2725/2736/2736 2723/2734/2734
f 2728/2738/2738 2727/2739/2739 2693/2704/2704 2694/2705/2705
f 2727/2739/2739 2729/2740/2740 2692/2703/2703 2693/2704/2704
f 2729/2740/2740 1690/1702/1702 2485/2496/2496 2692/2703/2703
f 2729/2740/2740 2730/2741/2741 1691/1699/1699 1690/1702/1702
f 2731/2742/2742 2730/2741/2741 2729/2740/2740 2727/2739/2739
f 2732/2743/2743 2731/2742/2742 2727/2739/2739 2728/2738/2738
f 1691/1699/1699 2730/2741/2741 2733/2744/2744 1692/1703/1703
f 2734/2745/2745 2733/2744/2744 2730/2741/2741 2731/2742/2742
f 2735/2746/2746 2734/2745/2745 2731/2742/2742 2732/2743/2743
f 2736/2747/2747 1694/1705/1705 1692/1703/1703 2733/2744/2744
f 2737/2748/2748 2736/2747/2747 2733/2744/2744 2734/2745/2745
f 2738/2749/2749 2737/2748/2748 2734/2745/2745 2735/2746/2746
f 2740/2750/2750 2739/2751/2751 2726/2737/2737 2724/2735/2735
f 2741/2752/2752 2740/2750/2750 2724/2735/2735 2719/2731/2731
f 2719/2731/2731 2717/2728/2728 2742/2753/2753 2741/2752/2752
f 2743/2754/2754 2742/2753/2753 2717/2728/2728 2716/2727/2727
f 2715/2726/2726 2744/2755/2755 2743/2754/2754 2716/2727/2727
f 2715/2726/2726 2714/2725/2725 2745/2756/2756 2744/2755/2755
f 1703/1713/1713 2745/2756/2756 2714/2725/2725 2487/2497/2497
f 2747/2757/2757 2746/2758/2758 1703/1713/1713 1701/1711/1711
f 2746/2758/2758 2747/2757/2757 2748/2759/2759 2749/2760/2760
f 2745/2756/2756 1703/1713/1713 2746/2758/2758 2744/2755/2755
f 2744/2755/2755 2746/2758/2758 2749/2760/2760 2743/2754/2754
f 2736/2747/2747 2750/2761/2761 1697/1707/1707 1694/1705/1705
f 1701/1711/1711 1698/1709/1709 2751/2762/2762 2747/2757/2757
f 2750/2761/2761 2751/2762/2762 1698/1709/1709 1697/1707/1707
f 2753/2763/2763 2739/2751/2751 2740/2750/2750 2752/2764/2764
f 2740/2750/2750 2741/2752/2752 2742/2753/2753 2752/2764/2764
f 2752/2764/2764 2742/2753/2753 2743/2754/2754 2749/2760/2760
f 2754/2765/2765 2752/2764/2764 2749/2760/2760 2748/2759/2759
f 2755/2766/2766 2753/2763/2763 2752/2764/2764 2754/2765/2765
f 2737/2748/2748 2756/2767/2767 2757/2768/2768 2736/2747/2747
f 2758/2769/2769 2756/2767/2767 2737/2748/2748 2738/2749/2749
f 2736/2747/2747 2757/2768/2768 2751/2762/2762 2750/2761/2761
f 2747/2757/2757 2751/2762/2762 2757/2768/2768 2748/2759/2759
f 2748/2759/2759 2757/2768/2768 2756/2767/2767 2754/2765/2765
f 2758/2769/2769 2755/2766/2766 2754/2765/2765 2756/2767/2767
f 2760/2770/2770 2691/2702/2702 2688/2699/2699 2759/2771/2771
f 2685/2696/2696 2761/2772/2772 2759/2771/2771 2688/2699/2699
f 2762/2773/2773 2761/2772/2772 2685/2696/2696 2682/2693/2693
f 2681/2692/2692 2763/2774/2774 2762/2773/2773 2682/2693/2693
f 2697/2708/2708 2764/2775/2775 2763/2774/2774 2681/2692/2692
f 2700/2711/2711 2765/2776/2776 2764/2775/2775 2697/2708/2708
f 2703/2714/2714 2766/2777/2777 2765/2776/2776 2700/2711/2711
f 2766/2777/2777 2703/2714/2714 2704/2716/2716 2767/2778/2778
f 2707/2719/2719 2768/2779/2779 2767/2778/2778 2704/2716/2716
f 2725/5784/2736 2769/5783/2780 2768/2779/2779 2707/2719/2719
f 2726/2737/2737 2770/2781/2781 2769/2780/2780 2725/2736/2736
f 2772/5782/2782 2769/2780/2780 2770/2781/2781 2771/2783/2783
f 2771/2783/2783 2773/2784/2784 2774/5781/2785 2772/5782/2782
f 2773/2784/2784 2775/2786/2786 2776/5780/2787 2774/5781/2785
f 2778/5779/2788 2776/5780/2787 2775/2786/2786 2777/2789/2789
f 2780/5778/2790 2778/5779/2788 2777/2789/2789 2779/2791/2791
f 2782/5777/2792 2780/5778/2790 2779/2791/2791 2781/2793/2793
f 2784/2794/2794 2782/5777/2792 2781/2793/2793 2783/2795/2795
f 2739/2751/2751 2785/2796/2796 2770/2781/2781 2726/2737/2737
f 2785/2796/2796 2786/2797/2797 2771/2783/2783 2770/2781/2781
f 2786/2797/2797 2787/2798/2798 2773/2784/2784 2771/2783/2783
f 2787/2798/2798 2788/2799/2799 2775/2786/2786 2773/2784/2784
f 2788/2799/2799 2789/2800/2800 2777/2789/2789 2775/2786/2786
f 2789/2800/2800 2790/2801/2801 2779/2791/2791 2777/2789/2789
f 2790/2801/2801 2791/2802/2802 2781/2793/2793 2779/2791/2791
f 2783/2795/2795 2781/2793/2793 2791/2802/2802 2792/2803/2803
f 2769/5783/2780 2772/2782/2782 2793/2804/2804 2768/2779/2779
f 2794/2805/2805 2793/2804/2804 2772/2782/2782 2774/2785/2785
f 2774/2785/2785 2776/2787/2787 2795/2806/2806 2794/2805/2805
f 2776/2787/2787 2778/2788/2788 2796/2807/2807 2795/2806/2806
f 2797/2808/2808 2796/2807/2807 2778/2788/2788 2780/2790/2790
f 2799/2809/2809 2782/2792/2792 2784/5776/2794 2798/2810/2810
f 2799/2809/2809 2797/2808/2808 2780/2790/2790 2782/2792/2792
f 2768/2779/2779 2793/2804/2804 2800/2811/2811 2767/2778/2778
f 2801/2812/2812 2800/2811/2811 2793/2804/2804 2794/2805/2805
f 2794/2805/2805 2795/2806/2806 2802/2813/2813 2801/2812/2812
f 2803/2814/2814 2802/2813/2813 2795/2806/2806 2796/2807/2807
f 2796/2807/2807 2797/2808/2808 2804/2815/2815 2803/2814/2814
f 2805/2816/2816 2804/2815/2815 2797/2808/2808 2799/2809/2809
f 2798/2810/2810 2806/2817/2817 2805/2816/2816 2799/2809/2809
f 2800/2811/2811 2807/2818/2818 2766/2777/2777 2767/2778/2778
f 2800/2811/2811 2801/2812/2812 2808/2819/2819 2807/2818/2818
f 2801/2812/2812 2802/2813/2813 2809/2820/2820 2808/2819/2819
f 2802/2813/2813 2803/2814/2814 2810/2821/2821 2809/2820/2820
f 2803/2814/2814 2804/2815/2815 2811/2822/2822 2810/2821/2821
f 2805/2816/2816 2812/2823/2823 2811/2822/2822 2804/2815/2815
f 2805/2816/2816 2806/2817/2817 2813/2824/2824 2812/2823/2823
f 2766/2777/2777 2807/2818/2818 2814/2825/2825 2765/2776/2776
f 2808/2819/2819 2815/2826/2826 2814/2825/2825 2807/2818/2818
f 2808/2819/2819 2809/2820/2820 2816/2827/2827 2815/2826/2826
f 2816/2827/2827 2809/2820/2820 2810/2821/2821 2817/2828/2828
f 2810/2821/2821 2811/2822/2822 2818/2829/2829 2817/2828/2828
f 2811/2822/2822 2812/2823/2823 2819/2830/2830 2818/2829/2829
f 2820/2831/2831 2819/2830/2830 2812/2823/2823 2813/2824/2824
f 2819/2830/2830 2821/2832/2832 2822/2833/2833 2818/2829/2829
f 2820/2831/2831 2823/2834/2834 2821/2832/2832 2819/2830/2830
f 2765/2776/2776 2814/2825/2825 2824/2835/2835 2764/2775/2775
f 2815/2826/2826 2825/2836/2836 2824/2835/2835 2814/2825/2825
f 2815/2826/2826 2816/2827/2827 2826/2837/2837 2825/2836/2836
f 2826/2837/2837 2816/2827/2827 2817/2828/2828 2827/2838/2838
f 2827/2838/2838 2817/2828/2828 2818/2829/2829 2822/2833/2833
f 2764/2775/2775 2828/2839/2839 2829/2840/2840 2763/2774/2774
f 2828/2839/2839 2764/2775/2775 2824/2835/2835 2830/2841/2841
f 2831/2842/2842 2830/2841/2841 2824/2835/2835 2825/2836/2836
f 2825/2836/2836 2826/2837/2837 2832/2843/2843 2831/2842/2842
f 2827/2838/2838 2833/2844/2844 2832/2843/2843 2826/2837/2837
f 2822/2833/2833 2834/2845/2845 2833/2844/2844 2827/2838/2838
f 2821/2832/2832 2835/2846/2846 2834/2845/2845 2822/2833/2833
f 2835/2846/2846 2821/2832/2832 2823/2834/2834 2836/2847/2847
f 2830/2841/2841 2837/2848/2848 2829/2840/2840 2828/2839/2839
f 2838/2849/2849 2837/2848/2848 2830/2841/2841 2831/2842/2842
f 2831/2842/2842 2832/2843/2843 2839/2850/2850 2838/2849/2849
f 2832/2843/2843 2833/2844/2844 2840/2851/2851 2839/2850/2850
f 2841/2852/2852 2840/2851/2851 2833/2844/2844 2834/2845/2845
f 2835/2846/2846 2842/2853/2853 2841/2852/2852 2834/2845/2845
f 2836/2847/2847 2843/2854/2854 2842/2853/2853 2835/2846/2846
f 2837/2848/2848 2844/2855/2855 2845/2856/2856 2829/2840/2840
f 2762/2773/2773 2845/2856/2856 2844/2855/2855 2846/2857/2857
f 2762/2773/2773 2763/2774/2774 2829/2840/2840 2845/2856/2856
f 2848/2858/2858 2847/2859/2859 2842/2853/2853 2843/2854/2854
f 2847/2859/2859 2849/2860/2860 2841/2852/2852 2842/2853/2853
f 2849/2860/2860 2850/2861/2861 2840/2851/2851 2841/2852/2852
f 2850/2861/2861 2851/2862/2862 2839/2850/2850 2840/2851/2851
f 2839/2850/2850 2851/2862/2862 2852/2863/2863 2838/2849/2849
f 2852/2863/2863 2844/2855/2855 2837/2848/2848 2838/2849/2849
f 2854/2864/2864 2853/2865/2865 2847/2859/2859 2848/2858/2858
f 2853/2865/2865 2855/2866/2866 2849/2860/2860 2847/2859/2859
f 2855/2866/2866 2856/2867/2867 2850/2861/2861 2849/2860/2860
f 2856/2867/2867 2857/2868/2868 2851/2862/2862 2850/2861/2861
f 2851/2862/2862 2857/2868/2868 2858/2869/2869 2852/2863/2863
f 2858/2869/2869 2846/2857/2857 2844/2855/2855 2852/2863/2863
f 2860/2870/2870 2760/2770/2770 2759/2771/2771 2859/2871/2871
f 2854/2864/2864 2863/2872/2872 2864/2873/2873 2853/2865/2865
f 2864/2873/2873 2863/2872/2872 2861/2874/2874 2862/2875/2875
f 2866/2876/2876 2865/2877/2877 2862/2875/2875 2861/2874/2874
f 2865/2877/2877 2872/2878/2878 2873/2879/2879 2862/2875/2875
f 2859/2871/2871 2870/2880/2880 2871/2881/2881 2860/2870/2870
f 2761/2772/2772 2869/2882/2882 2859/2871/2871 2759/2771/2771
f 2869/2882/2882 2761/2772/2772 2762/2773/2773 2846/2857/2857
f 2871/2881/2881 2870/2880/2880 2868/2883/2883 2867/2884/2884
f 2874/2885/2885 2875/2886/2886 2867/2884/2884 2868/2883/2883
f 2873/2879/2879 2872/2878/2878 2875/2886/2886 2874/2885/2885
f 2853/2865/2865 2864/2873/2873 2876/2887/2887 2855/2866/2866
f 2877/2888/2888 2856/2867/2867 2855/2866/2866 2876/2887/2887
f 2856/2867/2867 2877/2888/2888 2878/2889/2889 2857/2868/2868
f 2879/2890/2890 2858/2869/2869 2857/2868/2868 2878/2889/2889
f 2858/2869/2869 2879/2890/2890 2869/2882/2882 2846/2857/2857
f 2870/2880/2880 2859/2871/2871 2869/2882/2882 2879/2890/2890
f 2878/2889/2889 2868/2883/2883 2870/2880/2880 2879/2890/2890
f 2868/2883/2883 2878/2889/2889 2877/2888/2888 2874/2885/2885
f 2876/2887/2887 2873/2879/2879 2874/2885/2885 2877/2888/2888
f 2873/2879/2879 2876/2887/2887 2864/2873/2873 2862/2875/2875
f 2881/2891/2891 2880/2892/2892 2865/2877/2877 2866/2876/2876
f 2875/2886/2886 2872/2878/2878 2882/2893/2893 2883/2894/2894
f 2867/2884/2884 2875/2886/2886 2883/2894/2894 2884/2895/2895
f 2871/2881/2881 2867/2884/2884 2884/2895/2895 2885/2896/2896
f 2880/2892/2892 2882/2893/2893 2872/2878/2878 2865/2877/2877
f 2860/2870/2870 2871/2881/2881 2885/2896/2896 2886/2897/2897
f 2886/2897/2897 2887/2898/2898 2760/2770/2770 2860/2870/2870
f 2887/2898/2898 2694/2705/2705 2691/2702/2702 2760/2770/2770
f 2888/2899/2899 2728/2738/2738 2694/2705/2705 2887/2898/2898
f 2889/2900/2900 2888/2899/2899 2887/2898/2898 2886/2897/2897
f 2890/2901/2901 2889/2900/2900 2886/2897/2897 2885/2896/2896
f 2891/2902/2902 2890/2901/2901 2885/2896/2896 2884/2895/2895
f 2892/2903/2903 2891/2902/2902 2884/2895/2895 2883/2894/2894
f 2893/2904/2904 2892/2903/2903 2883/2894/2894 2882/2893/2893
f 2894/2905/2905 2893/2904/2904 2882/2893/2893 2880/2892/2892
f 2880/2892/2892 2881/2891/2891 2895/2906/2906 2894/2905/2905
f 2896/2907/2907 2732/2743/2743 2728/2738/2738 2888/2899/2899
f 2897/2908/2908 2735/2746/2746 2732/2743/2743 2896/2907/2907
f 2735/2746/2746 2897/2908/2908 2898/2909/2909 2738/2749/2749
f 2899/2910/2910 2758/2769/2769 2738/2749/2749 2898/2909/2909
f 2758/2769/2769 2899/2910/2910 2900/2911/2911 2755/2766/2766
f 2901/2912/2912 2753/2763/2763 2755/2766/2766 2900/2911/2911
f 2785/2796/2796 2739/2751/2751 2753/2763/2763 2901/2912/2912
f 2888/2899/2899 2889/2900/2900 2902/2913/2913 2896/2907/2907
f 2896/2907/2907 2902/2913/2913 2903/2914/2914 2897/2908/2908
f 2904/2915/2915 2898/2909/2909 2897/2908/2908 2903/2914/2914
f 2904/2915/2915 2905/2916/2916 2899/2910/2910 2898/2909/2909
f 2899/2910/2910 2905/2916/2916 2906/2917/2917 2900/2911/2911
f 2907/2918/2918 2901/2912/2912 2900/2911/2911 2906/2917/2917
f 2785/2796/2796 2901/2912/2912 2907/2918/2918 2786/2797/2797
f 2909/2919/2919 2908/2920/2920 2894/2905/2905 2895/2906/2906
f 2893/2904/2904 2910/2921/2921 2911/2922/2922 2892/2903/2903
f 2912/2923/2923 2891/2902/2902 2892/2903/2903 2911/2922/2922
f 2912/2923/2923 2913/2924/2924 2890/2901/2901 2891/2902/2902
f 2913/2924/2924 2902/2913/2913 2889/2900/2900 2890/2901/2901
f 2908/2920/2920 2910/2921/2921 2893/2904/2904 2894/2905/2905
f 2908/2920/2920 2909/2919/2919 2914/2925/2925 2915/2926/2926
f 2911/2922/2922 2910/2921/2921 2916/2927/2927 2917/2928/2928
f 2912/2923/2923 2911/2922/2922 2917/2928/2928 2918/2929/2929
f 2913/2924/2924 2912/2923/2923 2918/2929/2929 2919/2930/2930
f 2902/2913/2913 2913/2924/2924 2919/2930/2930 2903/2914/2914
f 2910/2921/2921 2908/2920/2920 2915/2926/2926 2916/2927/2927
f 2915/2926/2926 2914/2925/2925 2920/2931/2931 2921/2932/2932
f 2917/2928/2928 2916/2927/2927 2922/2933/2933 2923/2934/2934
f 2918/2929/2929 2917/2928/2928 2923/2934/2934 2924/2935/2935
f 2919/2930/2930 2918/2929/2929 2924/2935/2935 2925/2936/2936
f 2903/2914/2914 2919/2930/2930 2925/2936/2936 2904/2915/2915
f 2916/2927/2927 2915/2926/2926 2921/2932/2932 2922/2933/2933
f 2921/2932/2932 2920/2931/2931 2926/2937/2937 2927/2938/2938
f 2923/2934/2934 2922/2933/2933 2928/2939/2939 2929/2940/2940
f 2924/2935/2935 2923/2934/2934 2929/2940/2940 2930/2941/2941
f 2925/2936/2936 2924/2935/2935 2930/2941/2941 2931/2942/2942
f 2904/2915/2915 2925/2936/2936 2931/2942/2942 2905/2916/2916
f 2922/2933/2933 2921/2932/2932 2927/2938/2938 2928/2939/2939
f 2927/2938/2938 2926/2937/2937 2932/2943/2943 2933/2944/2944
f 2929/2940/2940 2928/2939/2939 2934/2945/2945 2935/2946/2946
f 2930/2941/2941 2929/2940/2940 2935/2946/2946 2936/2947/2947
f 2931/2942/2942 2930/2941/2941 2936/2947/2947 2937/2948/2948
f 2905/2916/2916 2931/2942/2942 2937/2948/2948 2906/2917/2917
f 2928/2939/2939 2927/2938/2938 2933/2944/2944 2934/2945/2945
f 2933/2944/2944 2932/2943/2943 2938/2949/2949 2939/2950/2950
f 2935/2946/2946 2934/2945/2945 2940/2951/2951 2941/2952/2952
f 2936/2947/2947 2935/2946/2946 2941/2952/2952 2942/2953/2953
f 2937/2948/2948 2936/2947/2947 2942/2953/2953 2943/2954/2954
f 2906/2917/2917 2937/2948/2948 2943/2954/2954 2907/2918/2918
f 2934/2945/2945 2933/2944/2944 2939/2950/2950 2940/2951/2951
f 2787/2798/2798 2786/2797/2797 2907/2918/2918 2943/2954/2954
f 2787/2798/2798 2943/2954/2954 2942/2953/2953 2788/2799/2799
f 2941/2952/2952 2789/2800/2800 2788/2799/2799 2942/2953/2953
f 2789/2800/2800 2941/2952/2952 2940/2951/2951 2790/2801/2801
f 2790/2801/2801 2940/2951/2951 2939/2950/2950 2791/2802/2802
f 2791/2802/2802 2939/2950/2950 2938/2949/2949 2792/2803/2803
f 2861/2874/2874 2944/2955/2955 2945/2956/2956 2866/2876/2876
f 2945/2956/2956 2944/2955/2955 2946/2957/2957 2947/2958/2958
f 2947/2958/2958 2946/2957/2957 2948/2959/2959 2949/2960/2960
f 2951/2961/2961 2950/2962/2962 2947/2958/2958 2949/2960/2960
f 2950/2962/2962 2952/2963/2963 2945/2956/2956 2947/2958/2958
f 2952/2963/2963 2881/2891/2891 2866/2876/2876 2945/2956/2956
f 2954/2964/2964 2953/2965/2965 2950/2962/2962 2951/2961/2961
f 2952/2963/2963 2950/2962/2962 2953/2965/2965 2955/2966/2966
f 2955/2966/2966 2895/2906/2906 2881/2891/2891 2952/2963/2963
f 2792/2803/2803 2956/2967/2967 2957/2968/2968 2783/2795/2795
f 2959/2969/2969 2957/2968/2968 2956/2967/2967 2958/2970/2970
f 2958/2970/2970 2960/2971/2971 2961/2972/2972 2959/2969/2969
f 2962/5775/2973 2784/2794/2794 2783/2795/2795 2957/2968/2968
f 2957/2968/2968 2959/2969/2969 2963/5774/2974 2962/5775/2973
f 2964/2975/2975 2963/5774/2974 2959/2969/2969 2961/2972/2972
f 2966/2976/2976 2956/2967/2967 2792/2803/2803 2965/2977/2977
f 2966/2976/2976 2967/2978/2978 2958/2970/2970 2956/2967/2967
f 2960/2971/2971 2958/2970/2970 2967/2978/2978 2968/2979/2979
f 2969/2980/2980 2965/2977/2977 2792/2803/2803 2938/2949/2949
f 2895/2906/2906 2955/2966/2966 2970/2981/2981 2909/2919/2919
f 2914/2925/2925 2909/2919/2919 2970/2981/2981 2971/2982/2982
f 2971/2982/2982 2972/2983/2983 2920/2931/2931 2914/2925/2925
f 2972/2983/2983 2973/2984/2984 2926/2937/2937 2920/2931/2931
f 2932/2943/2943 2926/2937/2937 2973/2984/2984 2974/2985/2985
f 2974/2985/2985 2975/2986/2986 2938/2949/2949 2932/2943/2943
f 2969/2980/2980 2938/2949/2949 2975/2986/2986 2976/2987/2987
f 2965/2977/2977 2969/2980/2980 2976/2987/2987 2966/2976/2976
f 2784/5776/2794 2962/2973/2973 2977/2988/2988 2798/2810/2810
f 2962/2973/2973 2963/2974/2974 2978/2989/2989 2977/2988/2988
f 2963/2974/2974 2964/5773/2975 2979/2990/2990 2978/2989/2989
f 2981/2991/2991 2980/2992/2992 2948/2959/2959 2946/2957/2957
f 2982/2993/2993 2981/2991/2991 2946/2957/2957 2944/2955/2955
f 2944/2955/2955 2861/2874/2874 2863/2872/2872 2982/2993/2993
f 2848/2858/2858 2983/2994/2994 2984/2995/2995 2854/2864/2864
f 2854/2864/2864 2984/2995/2995 2982/2993/2993 2863/2872/2872
f 2986/2996/2996 2984/2995/2995 2983/2994/2994 2985/2997/2997
f 2984/2995/2995 2986/2996/2996 2981/2991/2991 2982/2993/2993
f 2980/2992/2992 2981/2991/2991 2986/2996/2996 2987/2998/2998
f 2985/2997/2997 2988/2999/2999 2987/2998/2998 2986/2996/2996
f 2988/2999/2999 2985/2997/2997 2989/3000/3000 2990/3001/3001
f 2991/3002/3002 2989/3000/3000 2985/2997/2997 2983/2994/2994
f 2843/2854/2854 2991/3002/3002 2983/2994/2994 2848/2858/2858
f 2993/3003/3003 2992/3004/3004 2990/3001/3001 2989/3000/3000
f 2994/3005/3005 2993/3003/3003 2989/3000/3000 2991/3002/3002
f 2836/2847/2847 2994/3005/3005 2991/3002/3002 2843/2854/2854
f 2978/2989/2989 2979/2990/2990 2995/3006/3006 2996/3007/3007
f 2996/3007/3007 2997/3008/3008 2998/3009/3009 2978/2989/2989
f 2997/3008/3008 2999/3010/3010 3000/3011/3011 2998/3009/3009
f 2978/2989/2989 2998/3009/3009 3001/3012/3012 2977/2988/2988
f 3001/3012/3012 2806/2817/2817 2798/2810/2810 2977/2988/2988
f 3002/3013/3013 2813/2824/2824 2806/2817/2817 3001/3012/3012
f 3002/3013/3013 3001/3012/3012 2998/3009/3009 3000/3011/3011
f 3003/3014/3014 2994/3005/3005 2836/2847/2847 2823/2834/2834
f 3004/3015/3015 3003/3014/3014 2823/2834/2834 2820/2831/2831
f 3002/3013/3013 3004/3015/3015 2820/2831/2831 2813/2824/2824
f 2994/3005/3005 3003/3014/3014 3005/3016/3016 2993/3003/3003
f 3004/3015/3015 3002/3013/3013 3000/3011/3011 3006/3017/3017
f 3005/3016/3016 3003/3014/3014 3004/3015/3015 3006/3017/3017
f 3007/3018/3018 2992/3004/3004 2993/3003/3003 3005/3016/3016
f 3005/3016/3016 3006/3017/3017 3008/3019/3019 3007/3018/3018
f 3006/3017/3017 3000/3011/3011 2999/3010/3010 3008/3019/3019
f 3010/3020/3020 3009/3021/3021 2966/2976/2976 2976/2987/2987
f 3012/3022/3022 3011/3023/3023 3009/3021/3021 3010/3020/3020
f 3009/3021/3021 3013/3024/3024 2967/2978/2978 2966/2976/2976
f 2968/2979/2979 2967/2978/2978 3013/3024/3024 3014/3025/3025
f 3013/3024/3024 3009/3021/3021 3011/3023/3023 3014/3025/3025
f 2955/2966/2966 2953/2965/2965 3015/3026/3026 2970/2981/2981
f 3016/3027/3027 3015/3026/3026 2953/2965/2965 2954/2964/2964
f 2971/2982/2982 2970/2981/2981 3015/3026/3026 3017/3028/3028
f 3018/3029/3029 3017/3028/3028 3015/3026/3026 3016/3027/3027
f 3017/3028/3028 3019/3030/3030 2972/2983/2983 2971/2982/2982
f 3018/3029/3029 3020/3031/3031 3019/3030/3030 3017/3028/3028
f 3019/3030/3030 3021/3032/3032 2973/2984/2984 2972/2983/2983
f 3020/3031/3031 3022/3033/3033 3021/3032/3032 3019/3030/3030
f 3021/3032/3032 3023/3034/3034 2974/2985/2985 2973/2984/2984
f 3022/3033/3033 3024/3035/3035 3023/3034/3034 3021/3032/3032
f 3023/3034/3034 3025/3036/3036 2975/2986/2986 2974/2985/2985
f 3024/3035/3035 3026/3037/3037 3025/3036/3036 3023/3034/3034
f 3010/3020/3020 2976/2987/2987 2975/2986/2986 3025/3036/3036
f 3010/3020/3020 3025/3036/3036 3026/3037/3037 3012/3022/3022
f 2960/2971/2971 3027/3038/3038 3028/3039/3039 2961/2972/2972
f 3030/3040/3040 3028/3039/3039 3027/3038/3038 3029/3041/3041
f 2968/2979/2979 3031/3042/3042 3027/3038/3038 2960/2971/2971
f 3031/3042/3042 3032/3043/3043 3029/3041/3041 3027/3038/3038
f 3014/3025/3025 3033/3044/3044 3031/3042/3042 2968/2979/2979
f 3033/3044/3044 3034/3045/3045 3032/3043/3043 3031/3042/3042
f 3033/3044/3044 3014/3025/3025 3011/3023/3023 3035/3046/3046
f 3035/3046/3046 3036/3047/3047 3034/3045/3045 3033/3044/3044
f 3011/3023/3023 3012/3022/3022 3037/3048/3048 3035/3046/3046
f 3035/3046/3046 3037/3048/3048 3038/3049/3049 3036/3047/3047
f 3040/3050/3050 3039/5772/3051 3028/3039/3039 3030/3040/3040
f 3039/5772/3051 2964/2975/2975 2961/2972/2972 3028/3039/3039
f 3042/3052/3052 3041/3053/3053 3039/3051/3051 3040/6005/3050
f 3041/3053/3053 2979/2990/2990 2964/5773/2975 3039/3051/3051
f 3044/3054/3054 3043/3055/3055 3041/3053/3053 3042/3052/3052
f 3043/3055/3055 2995/3006/3006 2979/2990/2990 3041/3053/3053
f 3045/3056/3056 3037/3048/3048 3012/3022/3022 3026/3037/3037
f 3046/3057/3057 3038/3049/3049 3037/3048/3048 3045/3056/3056
f 3047/3058/3058 3045/3056/3056 3026/3037/3037 3024/3035/3035
f 3048/3059/3059 3046/3057/3057 3045/3056/3056 3047/3058/3058
f 3050/3060/3060 3048/3059/3059 3047/3058/3058 3049/3061/3061
f 3049/3061/3061 3051/3062/3062 3052/3063/3063 3050/3060/3060
f 3051/3062/3062 3049/3061/3061 3022/3033/3033 3020/3031/3031
f 3024/3035/3035 3022/3033/3033 3049/3061/3061 3047/3058/3058
f 3053/3064/3064 3051/3062/3062 3020/3031/3031 3018/3029/3029
f 3051/3062/3062 3053/3064/3064 3054/3065/3065 3052/3063/3063
f 3056/3066/3066 3054/3065/3065 3053/3064/3064 3055/3067/3067
f 3053/3064/3064 3018/3029/3029 3016/3027/3027 3055/3067/3067
f 3057/3068/3068 3055/3067/3067 3016/3027/3027 2954/2964/2964
f 3058/3069/3069 3056/3066/3066 3055/3067/3067 3057/3068/3068
f 3060/3070/3070 3058/3069/3069 3057/3068/3068 3059/3071/3071
f 3059/3071/3071 3057/3068/3068 2954/2964/2964 2951/2961/2961
f 2951/2961/2961 2949/2960/2960 3061/3072/3072 3059/3071/3071
f 3059/3071/3071 3061/3072/3072 3062/3073/3073 3060/3070/3070
f 3063/3074/3074 3061/3072/3072 2949/2960/2960 2948/2959/2959
f 3061/3072/3072 3063/3074/3074 3064/3075/3075 3062/3073/3073
f 2997/3008/3008 2996/3007/3007 2995/3006/3006 3065/3076/3076
f 3043/3055/3055 3066/3077/3077 3065/3076/3076 2995/3006/3006
f 3044/3054/3054 3067/3078/3078 3066/3077/3077 3043/3055/3055
f 3068/3079/3079 3063/3074/3074 2948/2959/2959 2980/2992/2992
f 3063/3074/3074 3068/3079/3079 3069/3080/3080 3064/3075/3075
f 2980/2992/2992 2987/2998/2998 3070/3081/3081 3068/3079/3079
f 3071/3082/3082 3069/3080/3080 3068/3079/3079 3070/3081/3081
f 3073/3083/3083 3072/3084/3084 2988/2999/2999 2990/3001/3001
f 2987/2998/2998 2988/2999/2999 3072/3084/3084 3070/3081/3081
f 3070/3081/3081 3072/3084/3084 3074/3085/3085 3071/3082/3082
f 3075/3086/3086 3074/3085/3085 3072/3084/3084 3073/3083/3083
f 3076/3087/3087 3073/3083/3083 2990/3001/3001 2992/3004/3004
f 3073/3083/3083 3076/3087/3087 3077/3088/3088 3075/3086/3086
f 3079/3089/3089 3077/3088/3088 3076/3087/3087 3078/3090/3090
f 3078/3090/3090 3076/3087/3087 2992/3004/3004 3007/3018/3018
f 3007/3018/3018 3080/3091/3091 3081/3092/3092 3078/3090/3090
f 3083/3093/3093 3081/3092/3092 3080/3091/3091 3082/3094/3094
f 3080/3091/3091 3007/3018/3018 3008/3019/3019 3082/3094/3094
f 3065/3076/3076 3084/3095/3095 2999/3010/3010 2997/3008/3008
f 3084/3095/3095 3082/3094/3094 3008/3019/3019 2999/3010/3010
f 3066/3077/3077 3085/3096/3096 3084/3095/3095 3065/3076/3076
f 3085/3096/3096 3083/3093/3093 3082/3094/3094 3084/3095/3095
f 3067/3078/3078 3086/3097/3097 3085/3096/3096 3066/3077/3077
f 3083/3093/3093 3085/3096/3096 3086/3097/3097 3087/3098/3098
f 3083/3093/3093 3087/3098/3098 3088/3099/3099 3081/3092/3092
f 3088/3099/3099 3079/3089/3089 3078/3090/3090 3081/3092/3092
f 3090/3100/3100 3089/3101/3101 1057/1057/1057 1056/1056/1056
f 1057/1057/1057 3089/3101/3101 3091/3102/3102 1115/1115/1115
f 1192/1192/1192 3092/3103/3103 3093/3104/3104 1267/1263/1263
f 3094/3105/3105 3092/3103/3103 1192/1192/1192 1181/1181/1181
f 1217/1217/1217 3095/3106/3106 3096/3107/3107 1204/1204/1204
f 3095/3106/3106 1217/1217/1217 1262/1262/1262 3097/3108/3108
f 977/977/977 1108/1108/1108 3098/3109/3109 3099/3110/3110
f 3098/3109/3109 1108/1108/1108 1110/1110/1110 3100/3111/3111
f 3102/3112/3112 3101/3113/3113 3062/3073/3073 3064/3075/3075
f 3101/3113/3113 3102/3112/3112 3091/3102/3102 3089/3101/3101
f 3103/3114/3114 3060/3070/3070 3062/3073/3073 3101/3113/3113
f 3101/3113/3113 3089/3101/3101 3090/3100/3100 3103/3114/3114
f 1056/1056/1056 3060/3070/3070 3103/3114/3114 3090/3100/3100
f 1056/1056/1056 1055/1055/1055 3058/3069/3069 3060/3070/3070
f 3105/3115/3115 3104/3116/3116 1055/1055/1055 978/978/978
f 3104/3116/3116 3056/3066/3066 3058/3069/3069 1055/1055/1055
f 3054/3065/3065 3056/3066/3066 3104/3116/3116 3106/3117/3117
f 978/978/978 3107/3118/3118 3108/3119/3119 3105/3115/3115
f 3110/3120/3120 977/977/977 3099/3110/3110 3109/3121/3121
f 3110/3120/3120 3107/3118/3118 978/978/978 977/977/977
f 3107/3118/3118 3110/3120/3120 3109/3121/3121 3108/3119/3119
f 3104/3116/3116 3105/3115/3115 3108/3119/3119 3106/3117/3117
f 3106/3117/3117 3111/3122/3122 3052/3063/3063 3054/3065/3065
f 3050/3060/3060 3052/3063/3063 3111/3122/3122 3112/3123/3123
f 3095/3106/3106 3097/3108/3108 3113/3124/3124 3096/3107/3107
f 3114/6008/3125 3097/3108/3108 1262/1262/1262 1263/6009/1266
f 3115/3126/3126 3114/3125/3125 1263/1266/1266 1265/1268/1268
f 1265/1268/1268 1267/1263/1263 3093/3104/3104 3115/3126/3126
f 3116/3127/3127 3113/3124/3124 3097/3108/3108 3114/6008/3125
f 3117/3128/3128 3116/6007/3127 3114/3125/3125 3115/3126/3126
f 3096/3107/3107 3118/3129/3129 1114/1114/1114 1204/1204/1204
f 3118/3129/3129 3119/3130/3130 1112/1112/1112 1114/1114/1114
f 3119/3130/3130 3100/3111/3111 1110/1110/1110 1112/1112/1112
f 3113/3124/3124 3120/3131/3131 3118/3129/3129 3096/3107/3107
f 3106/3117/3117 3108/3119/3119 3121/3132/3132 3111/3122/3122
f 3111/3122/3122 3121/3132/3132 3122/3133/3133 3112/3123/3123
f 3112/3123/3123 3123/3134/3134 3048/3059/3059 3050/3060/3060
f 3122/3133/3133 3124/3135/3135 3123/3134/3134 3112/3123/3123
f 3125/3136/3136 3121/3132/3132 3108/3119/3119 3109/3121/3121
f 3100/3111/3111 3126/3137/3137 3099/3110/3110 3098/3109/3109
f 3126/3137/3137 3125/3136/3136 3109/3121/3121 3099/3110/3110
f 3127/3138/3138 3122/3133/3133 3121/3132/3132 3125/3136/3136
f 3125/3136/3136 3126/3137/3137 3128/3139/3139 3127/3138/3138
f 3119/3130/3130 3128/3139/3139 3126/3137/3137 3100/3111/3111
f 3127/3138/3138 3128/3139/3139 3124/3135/3135 3122/3133/3133
f 3130/3140/3140 3129/3141/3141 3120/3131/3131 3113/3124/3124
f 3130/3140/3140 3029/3041/3041 3032/3043/3043 3129/3141/3141
f 3132/3142/3142 3118/3129/3129 3120/3131/3131 3131/3143/3143
f 3119/3130/3130 3133/3144/3144 3134/3145/3145 3135/3146/3146
f 3133/3144/3144 3132/3142/3142 3131/3143/3143 3134/3145/3145
f 3132/3142/3142 3133/3144/3144 3119/3130/3130 3118/3129/3129
f 3131/3143/3143 3120/3131/3131 3129/3141/3141 3136/3147/3147
f 3034/3045/3045 3136/3147/3147 3129/3141/3141 3032/3043/3043
f 3136/3147/3147 3034/3045/3045 3036/3047/3047 3137/3148/3148
f 3136/3147/3147 3137/3148/3148 3134/3145/3145 3131/3143/3143
f 3046/3057/3057 3048/3059/3059 3123/3134/3134 3138/3149/3149
f 3038/3049/3049 3046/3057/3057 3138/3149/3149 3139/3150/3150
f 3139/3150/3150 3137/3148/3148 3036/3047/3047 3038/3049/3049
f 3134/3145/3145 3137/3148/3148 3139/3150/3150 3135/3146/3146
f 3138/3149/3149 3123/3134/3134 3124/3135/3135 3139/3150/3150
f 3124/3135/3135 3128/3139/3139 3135/3146/3146 3139/3150/3150
f 3128/3139/3139 3119/3130/3130 3135/3146/3146
f 3140/3151/3151 3130/3140/3140 3113/3124/3124 3116/3127/3127
f 3140/3151/3151 3030/3040/3040 3029/3041/3041 3130/3140/3140
f 3141/6004/3152 3140/3151/3151 3116/3127/3127 3117/6006/3128
f 3140/3151/3151 3141/6004/3152 3040/3050/3050 3030/3040/3040
f 3142/3153/3153 3094/3105/3105 1181/1181/1181 1119/1119/1119
f 3141/3152/3152 3143/3154/3154 3042/3052/3052 3040/6005/3050
f 3117/3128/3128 3115/3126/3126 3143/3154/3154 3141/3152/3152
f 3115/3126/3126 3144/3155/3155 3145/3156/3156 3143/3154/3154
f 3145/3156/3156 3044/3054/3054 3042/3052/3052 3143/3154/3154
f 3146/3157/3157 3144/3155/3155 3115/3126/3126 3093/3104/3104
f 3147/3158/3158 3145/3156/3156 3144/3155/3155 3146/3157/3157
f 3147/3158/3158 3067/3078/3078 3044/3054/3054 3145/3156/3156
f 3092/3103/3103 3148/3159/3159 3146/3157/3157 3093/3104/3104
f 3094/3105/3105 3149/3160/3160 3148/3159/3159 3092/3103/3103
f 3150/3161/3161 3086/3097/3097 3067/3078/3078 3147/3158/3158
f 3148/3159/3159 3150/3161/3161 3147/3158/3158 3146/3157/3157
f 3149/3160/3160 3151/3162/3162 3150/3161/3161 3148/3159/3159
f 3151/3162/3162 3087/3098/3098 3086/3097/3097 3150/3161/3161
f 3153/3163/3163 3152/3164/3164 3142/3153/3153 1119/1119/1119
f 3094/3105/3105 3142/3153/3153 3152/3164/3164 3149/3160/3160
f 3154/3165/3165 3151/3162/3162 3149/3160/3160 3152/3164/3164
f 3154/3165/3165 3088/3099/3099 3087/3098/3098 3151/3162/3162
f 3152/3164/3164 3153/3163/3163 3155/3166/3166 3154/3165/3165
f 3079/3089/3089 3088/3099/3099 3154/3165/3165 3077/3088/3088
f 3154/3165/3165 3155/3166/3166 3075/3086/3086 3077/3088/3088
f 3157/3167/3167 1115/1115/1115 3091/3102/3102 3156/3168/3168
f 1115/1115/1115 3157/3167/3167 3158/3169/3169 1117/1117/1117
f 3156/3168/3168 3159/3170/3170 3158/3169/3169 3157/3167/3167
f 3091/3102/3102 3102/3112/3112 3064/3075/3075 3156/3168/3168
f 3064/3075/3075 3069/3080/3080 3159/3170/3170 3156/3168/3168
f 1119/1119/1119 3160/3171/3171 3161/3172/3172 3153/3163/3163
f 3163/3173/3173 1117/1117/1117 3158/3169/3169 3162/3174/3174
f 3160/3171/3171 3163/3173/3173 3162/3174/3174 3161/3172/3172
f 3163/3173/3173 3160/3171/3171 1119/1119/1119 1117/1117/1117
f 3153/3163/3163 3161/3172/3172 3164/3175/3175 3155/3166/3166
f 3164/3175/3175 3161/3172/3172 3162/3174/3174 3165/3176/3176
f 3159/3170/3170 3165/3176/3176 3162/3174/3174 3158/3169/3169
f 3155/3166/3166 3164/3175/3175 3074/3085/3085 3075/3086/3086
f 3164/3175/3175 3165/3176/3176 3071/3082/3082 3074/3085/3085
f 3069/3080/3080 3071/3082/3082 3165/3176/3176 3159/3170/3170
f 3414/3177/3177 3415/3178/3178 3167/3179/3179 3168/3180/3180
f 3419/3181/3181 3420/3182/3182 3166/3183/3183 3169/3184/3184
f 3173/3185/3185 3172/3186/3186 3170/3187/3187 3171/3188/3188
f 3454/3189/3189 3455/3190/3190 3172/3186/3186 3173/3185/3185
f 3177/3191/3191 3176/3192/3192 3174/3193/3193 3175/3194/3194
f 3179/3195/3195 3178/3196/3196 3176/3192/3192 3177/3191/3191
f 3181/3197/3197 3180/3198/3198 3178/3196/3196 3179/3195/3195
f 3181/3197/3197 3182/3199/3199 3183/3200/3200 3180/3198/3198
f 3182/3199/3199 3184/3201/3201 3185/3202/3202 3183/3200/3200
f 3443/3203/3203 3444/3204/3204 3186/3205/3205 3187/3206/3206
f 4501/3207/3207 4502/3208/3208 3189/3209/3209 3190/3210/3210
f 3191/3211/3211 3192/3212/3212 3193/3213/3213 3188/3214/3214
f 3192/3212/3212 3194/3215/3215 3195/3216/3216 3193/3213/3213
f 3194/3215/3215 3196/3217/3217 3197/3218/3218 3195/3216/3216
f 4474/3219/3219 4475/3220/3220 3198/3221/3221 3199/3222/3222
f 3201/3223/3223 3200/3224/3224 3199/3222/3222 3198/3221/3221
f 3203/3225/3225 3202/3226/3226 3200/3224/3224 3201/3223/3223
f 3207/3227/3227 3204/3228/3228 4362/3229/3229 4363/3230/3230
f 3209/3231/3231 3206/3232/3232 3205/3233/3233 3208/3234/3234
f 3203/3225/3225 3209/3231/3231 3208/3234/3234 3202/3226/3226
f 3954/3235/3235 3920/3236/3236 3210/3237/3237 3211/3238/3238
f 3212/3239/3239 3953/3240/3240 3954/3235/3235 3211/3238/3238
f 3213/3241/3241 3952/3242/3242 3953/3240/3240 3212/3239/3239
f 3214/3243/3243 3951/3244/3244 3952/3242/3242 3213/3241/3241
f 3215/3245/3245 3950/3246/3246 3951/3244/3244 3214/3243/3243
f 3948/3247/3247 3949/3248/3248 3456/3249/3249 3216/3250/3250
f 3217/3251/3251 3947/3252/3252 3948/3247/3247 3216/3250/3250
f 3218/3253/3253 3945/3254/3254 3946/3255/3255 3421/3256/3256
f 3942/3257/3257 3943/3258/3258 3416/3259/3259 3219/3260/3260
f 3939/3261/3261 3940/3262/3262 3445/3263/3263 3220/3264/3264
f 3210/3237/3237 3221/5769/3265 3222/3266/3266 3211/3238/3238
f 3211/3238/3238 3222/3266/3266 3223/3267/3267 3212/3239/3239
f 3223/3267/3267 3224/3268/3268 3213/3241/3241 3212/3239/3239
f 3213/3241/3241 3224/3268/3268 3225/3269/3269 3214/3243/3243
f 3214/3243/3243 3225/3269/3269 3226/3270/3270 3215/3245/3245
f 3227/3271/3271 3216/3250/3250 3456/3249/3249 3457/3272/3272
f 3216/3250/3250 3227/3271/3271 3228/3273/3273 3217/3251/3251
f 3421/3256/3256 3422/3274/3274 3229/3275/3275 3218/3253/3253
f 3416/3259/3259 3417/3276/3276 3230/3277/3277 3219/3260/3260
f 3231/3278/3278 3220/3264/3264 3445/3263/3263 3446/3279/3279
f 3185/3202/3202 3184/3201/3201 3232/3280/3280 3233/5771/3281
f 3920/3236/3236 3921/5756/3282 3234/3283/3283 3210/3237/3237
f 3221/5769/3265 3210/3237/3237 3234/3283/3283 3235/5770/3284
f 3233/3281/3281 3232/5901/3280 3236/3285/3285 3237/3286/3286
f 3921/3282/3282 3922/3287/3287 3238/3288/3288 3234/5757/3283
f 3238/3288/3288 3239/3289/3289 3235/3284/3284 3234/5757/3283
f 3241/3290/3290 3240/3291/3291 3239/3289/3289 3238/3288/3288
f 3238/3288/3288 3922/3287/3287 3923/3292/3292 3241/3290/3290
f 3237/3286/3286 3236/3285/3285 3243/3293/3293 3242/3294/3294
f 3245/3295/3295 3244/3296/3296 3242/3294/3294 3243/3293/3293
f 3241/3290/3290 3923/3292/3292 3924/3297/3297 3246/3298/3298
f 3246/3298/3298 3247/3299/3299 3240/3291/3291 3241/3290/3290
f 3249/3300/3300 3248/5753/3301 3220/3264/3264 3231/3278/3278
f 3248/5753/3301 3938/3302/3302 3939/3261/3261 3220/3264/3264
f 3250/3303/3303 3251/5729/3304 3187/3206/3206 3186/3205/3205
f 3253/3305/3305 3252/3306/3306 3248/3301/3301 3249/5752/3300
f 3252/3306/3306 3937/3307/3307 3938/5715/3302 3248/3301/3301
f 3254/3308/3308 3255/3309/3309 3251/3304/3304 3250/5716/3303
f 3257/3310/3310 3256/3311/3311 3252/3306/3306 3253/3305/3305
f 3256/3311/3311 3936/3312/3312 3937/3307/3307 3252/3306/3306
f 3258/3313/3313 3259/3314/3314 3255/3309/3309 3254/3308/3308
f 3261/3315/3315 3260/3316/3316 3256/3311/3311 3257/3310/3310
f 3260/3316/3316 3935/3317/3317 3936/3312/3312 3256/3311/3311
f 3262/3318/3318 3263/3319/3319 3259/3314/3314 3258/3313/3313
f 3265/3320/3320 3264/3321/3321 3509/3322/3322 3510/3323/3323
f 3933/3324/3324 3934/3325/3325 3509/3322/3322 3264/3321/3321
f 3507/3326/3326 3508/3327/3327 3266/3328/3328 3267/3329/3329
f 3269/3330/3330 3268/3331/3331 3264/3321/3321 3265/3320/3320
f 3268/3331/3331 3932/3332/3332 3933/3324/3324 3264/3321/3321
f 3266/3328/3328 3270/3333/3333 3271/3334/3334 3267/3329/3329
f 3273/3335/3335 3478/3336/3336 3479/3337/3337 3272/3338/3338
f 3930/3339/3339 3931/3340/3340 3480/3341/3341 3274/3342/3342
f 3275/3343/3343 3274/3342/3342 3480/3341/3341 3481/3344/3344
f 3277/3345/3345 3286/3346/3346 3287/3347/3347 3276/3348/3348
f 3277/3345/3345 3928/3349/3349 3929/3350/3350 3286/3346/3346
f 3284/3351/3351 3285/3352/3352 3278/3353/3353 3279/3354/3354
f 3281/3355/3355 3512/3356/3356 3513/3357/3357 3280/3358/3358
f 3282/3359/3359 3926/3360/3360 3927/3361/3361 3514/3362/3362
f 3283/3363/3363 3282/3359/3359 3514/3362/3362 3515/3364/3364
f 3272/3338/3338 3285/3352/3352 3284/3351/3351 3273/3335/3335
f 3286/3346/3346 3929/3350/3350 3930/3339/3339 3274/3342/3342
f 3287/3347/3347 3286/3346/3346 3274/3342/3342 3275/3343/3343
f 3289/3365/3365 3288/3366/3366 3282/3359/3359 3283/3363/3363
f 3288/3366/3366 3925/3367/3367 3926/3360/3360 3282/3359/3359
f 3290/3368/3368 3291/3369/3369 3281/3355/3355 3280/3358/3358
f 3293/3370/3370 3249/3300/3300 3231/3278/3278 3292/3371/3371
f 3446/3279/3279 3447/3372/3372 3292/3371/3371 3231/3278/3278
f 3417/3276/3276 3418/3373/3373 3294/3374/3374 3230/3277/3277
f 3422/3274/3274 3423/3375/3375 3295/3376/3376 3229/3275/3275
f 3296/3377/3377 3228/3273/3273 3227/3271/3271 3297/3378/3378
f 3297/3378/3378 3227/3271/3271 3457/3272/3272 3458/3379/3379
f 3225/3269/3269 3299/3380/3380 3298/3381/3381 3226/3270/3270
f 3299/3380/3380 3225/3269/3269 3224/3268/3268 3300/3382/3382
f 3223/3267/3267 3301/3383/3383 3300/3382/3382 3224/3268/3268
f 3240/3291/3291 3302/3384/3384 3303/3385/3385 3239/3289/3289
f 3303/3385/3385 3221/3265/3265 3235/3284/3284 3239/3289/3289
f 3305/3386/3386 3221/3265/3265 3303/3385/3385 3304/3387/3387
f 3304/3387/3387 3306/3388/3388 3307/3389/3389 3305/3386/3386
f 3305/5768/3386 3307/5764/3389 3222/3266/3266 3221/5769/3265
f 3304/3387/3387 3303/3385/3385 3302/3384/3384 3308/3390/3390
f 3308/3390/3390 3302/3384/3384 3240/3291/3291 3247/3299/3299
f 3304/3387/3387 3308/3390/3390 3309/3391/3391 3306/3388/3388
f 3247/3299/3299 3310/3392/3392 3309/3391/3391 3308/3390/3390
f 3313/5767/3393 3311/5763/3394 3301/3383/3383 3312/3395/3395
f 3314/3396/3396 3312/3395/3395 3301/3383/3383 3223/3267/3267
f 3312/3395/3395 3314/3396/3396 3315/3397/3397 3313/5767/3393
f 3223/3267/3267 3222/3266/3266 3315/3397/3397 3314/3396/3396
f 3317/5765/3398 3316/3399/3399 3313/3393/3393 3315/5766/3397
f 3316/3399/3399 3318/3400/3400 3311/3394/3394 3313/3393/3393
f 3320/3401/3401 3319/3402/3402 3318/3400/3400 3316/3399/3399
f 3321/3403/3403 3320/3401/3401 3316/3399/3399 3317/5765/3398
f 3307/5764/3389 3317/3398/3398 3315/3397/3397 3222/3266/3266
f 3306/3388/3388 3321/3403/3403 3317/5765/3398 3307/3389/3389
f 3306/3388/3388 3309/3391/3391 3310/3392/3392 3321/3403/3403
f 3253/3305/3305 3249/5752/3300 3293/5730/3370 3322/3404/3404
f 3323/3405/3405 3257/3310/3310 3253/3305/3305 3322/3404/3404
f 3324/3406/3406 3261/3315/3315 3257/3310/3310 3323/3405/3405
f 3325/3407/3407 3265/3320/3320 3510/3323/3323 3511/3408/3408
f 3327/3409/3409 3265/3320/3320 3325/3407/3407 3326/3410/3410
f 3330/3411/3411 3328/3412/3412 3329/3413/3413 3269/3330/3330
f 3330/3411/3411 3327/3409/3409 3326/3410/3410 3328/3412/3412
f 3327/3409/3409 3330/3411/3411 3269/3330/3330 3265/3320/3320
f 3481/3344/3344 3482/3414/3414 3331/3415/3415 3275/3343/3343
f 3332/3416/3416 3287/3347/3347 3275/3343/3343 3331/3415/3415
f 3333/3417/3417 3276/3348/3348 3287/3347/3347 3332/3416/3416
f 3283/3363/3363 3515/3364/3364 3516/3418/3418 3334/3419/3419
f 3334/3419/3419 3335/3420/3420 3289/3365/3365 3283/3363/3363
f 3337/3421/3421 3336/3422/3422 3289/3365/3365 3335/3420/3420
f 3310/3392/3392 3336/3422/3422 3337/3421/3421 3321/3403/3403
f 3337/3421/3421 3338/3423/3423 3320/3401/3401 3321/3403/3403
f 3335/3420/3420 3339/3424/3424 3338/3423/3423 3337/3421/3421
f 3301/3383/3383 3340/3425/3425 3341/3426/3426 3300/3382/3382
f 3318/3400/3400 3342/3427/3427 3343/3428/3428 3311/3394/3394
f 3311/5763/3394 3343/5762/3428 3340/3425/3425 3301/3383/3383
f 3319/3402/3402 3344/3429/3429 3342/3427/3427 3318/3400/3400
f 3343/3428/3428 3342/3427/3427 3345/3430/3430 3346/3431/3431
f 3344/3429/3429 3347/3432/3432 3345/3430/3430 3342/3427/3427
f 3343/5762/3428 3346/5761/3431 3348/3433/3433 3340/3425/3425
f 3340/3425/3425 3348/3433/3433 3349/3434/3434 3341/3426/3426
f 3348/3433/3433 3350/5758/3435 3351/3436/3436 3349/3434/3434
f 3346/5761/3431 3352/5760/3437 3350/5758/3435 3348/3433/3433
f 3352/3437/3437 3346/3431/3431 3345/3430/3430 3353/3438/3438
f 3353/3438/3438 3354/3439/3439 3350/3435/3435 3352/3437/3437
f 3350/5758/3435 3355/5759/3440 3356/5751/3441 3351/3436/3436
f 3355/3440/3440 3350/3435/3435 3354/3439/3439 3357/3442/3442
f 3357/3442/3442 3358/3443/3443 3356/3441/3441 3355/3440/3440
f 3353/3438/3438 3345/3430/3430 3347/3432/3432 3359/3444/3444
f 3359/3444/3444 3360/3445/3445 3354/3439/3439 3353/3438/3438
f 3357/3442/3442 3354/3439/3439 3360/3445/3445 3358/3443/3443
f 3341/3426/3426 3361/3446/3446 3299/3380/3380 3300/3382/3382
f 3349/3434/3434 3362/3447/3447 3361/3446/3446 3341/3426/3426
f 3363/3448/3448 3362/3447/3447 3349/3434/3434 3351/3436/3436
f 3363/3448/3448 3351/3436/3436 3356/5751/3441 3364/5750/3449
f 3358/3443/3443 3365/3450/3450 3364/3449/3449 3356/3441/3441
f 3361/3446/3446 3366/3451/3451 3298/3381/3381 3299/3380/3380
f 3362/3447/3447 3367/3452/3452 3366/3451/3451 3361/3446/3446
f 3368/3453/3453 3367/3452/3452 3362/3447/3447 3363/3448/3448
f 3364/5750/3449 3369/5749/3454 3368/3453/3453 3363/3448/3448
f 3369/3454/3454 3364/3449/3449 3365/3450/3450 3370/3455/3455
f 3368/3453/3453 3369/5749/3454 3371/5748/3456 3372/3457/3457
f 3370/3455/3455 3373/3458/3458 3371/3456/3456 3369/3454/3454
f 3373/3458/3458 3374/3459/3459 3375/5747/3460 3371/3456/3456
f 3374/3459/3459 3376/3461/3461 3377/5746/3462 3375/5747/3460
f 3376/3461/3461 3378/3463/3463 3379/5745/3464 3377/5746/3462
f 3378/3463/3463 3380/3465/3465 3381/5744/3466 3379/5745/3464
f 3380/3465/3465 3382/3467/3467 3383/5743/3468 3381/5744/3466
f 3382/3467/3467 3384/3469/3469 3385/5742/3470 3383/5743/3468
f 3384/3469/3469 3386/3471/3471 3387/5741/3472 3385/5742/3470
f 3386/3471/3471 3388/3473/3473 3389/5740/3474 3387/5741/3472
f 3391/3475/3475 3390/3476/3476 3328/3412/3412 3326/3410/3410
f 3390/3476/3476 3391/3475/3475 3392/5738/3477 3393/5739/3478
f 3393/5739/3478 3389/5740/3474 3388/3473/3473 3390/3476/3476
f 3391/3475/3475 3394/3479/3479 3395/5737/3480 3392/5738/3477
f 3394/3479/3479 3396/3481/3481 3397/5736/3482 3395/5737/3480
f 3396/3481/3481 3398/3483/3483 3399/5735/3484 3397/5736/3482
f 3398/3483/3483 3400/3485/3485 3401/5734/3486 3399/5735/3484
f 3400/3485/3485 3402/3487/3487 3403/5733/3488 3401/5734/3486
f 3402/3487/3487 3404/3489/3489 3405/5732/3490 3403/5733/3488
f 3407/5731/3491 3405/5732/3490 3404/3489/3489 3406/3492/3492
f 3293/5730/3370 3407/5731/3491 3406/3492/3492 3322/3404/3404
f 3408/3493/3493 3372/3457/3457 3371/5748/3456 3375/3460/3460
f 3375/3460/3460 3377/3462/3462 3409/3494/3494 3408/3493/3493
f 3377/3462/3462 3379/3464/3464 3410/3495/3495 3409/3494/3494
f 3411/3496/3496 3410/3495/3495 3379/3464/3464 3381/3466/3466
f 3412/3497/3497 3411/3496/3496 3381/3466/3466 3383/3468/3468
f 3413/3498/3498 3412/3497/3497 3383/3468/3468 3385/3470/3470
f 3424/3499/3499 3425/3500/3500 3415/3178/3178 3414/3177/3177
f 3943/3258/3258 3944/3501/3501 3426/3502/3502 3416/3259/3259
f 3426/3502/3502 3427/3503/3503 3417/3276/3276 3416/3259/3259
f 3427/3503/3503 3428/3504/3504 3418/3373/3373 3417/3276/3276
f 3171/3188/3188 3170/3187/3187 3420/3182/3182 3419/3181/3181
f 3421/3256/3256 3946/3255/3255 3947/3252/3252 3217/3251/3251
f 3217/3251/3251 3228/3273/3273 3422/3274/3274 3421/3256/3256
f 3296/3377/3377 3423/3375/3375 3422/3274/3274 3228/3273/3273
f 3169/3184/3184 3166/3183/3183 3425/3500/3500 3424/3499/3499
f 3944/3501/3501 3945/3254/3254 3218/3253/3253 3426/3502/3502
f 3218/3253/3253 3229/3275/3275 3427/3503/3503 3426/3502/3502
f 3229/3275/3275 3295/3376/3376 3428/3504/3504 3427/3503/3503
f 3428/3504/3504 3295/3376/3376 3393/3478/3478 3392/3477/3477
f 3429/3505/3505 3413/3498/3498 3385/3470/3470 3387/3472/3472
f 3423/3375/3375 3429/3505/3505 3387/3472/3472 3389/3474/3474
f 3423/3375/3375 3389/3474/3474 3393/3478/3478 3295/3376/3376
f 3392/3477/3477 3395/3480/3480 3418/3373/3373 3428/3504/3504
f 3418/3373/3373 3395/3480/3480 3397/3482/3482 3430/3506/3506
f 3397/3482/3482 3399/3484/3484 3431/3507/3507 3430/3506/3506
f 3401/3486/3486 3432/3508/3508 3431/3507/3507 3399/3484/3484
f 3433/3509/3509 3432/3508/3508 3401/3486/3486 3403/3488/3488
f 3403/3488/3488 3405/3490/3490 3434/3510/3510 3433/3509/3509
f 3405/3490/3490 3407/3491/3491 3435/3511/3511 3434/3510/3510
f 3435/3511/3511 3407/3491/3491 3293/3370/3370 3292/3371/3371
f 3167/3179/3179 3437/3512/3512 3436/3513/3513 3168/3180/3180
f 3941/3514/3514 3942/3257/3257 3219/3260/3260 3438/3515/3515
f 3439/3516/3516 3438/3515/3515 3219/3260/3260 3230/3277/3277
f 3230/3277/3277 3294/3374/3374 3440/3517/3517 3439/3516/3516
f 3418/3373/3373 3430/3506/3506 3441/3518/3518 3294/3374/3374
f 3430/3506/3506 3431/3507/3507 3432/3508/3508 3441/3518/3518
f 3441/3518/3518 3432/3508/3508 3433/3509/3509 3442/3519/3519
f 3441/3518/3518 3442/3519/3519 3440/3517/3517 3294/3374/3374
f 3436/3513/3513 3437/3512/3512 3444/3204/3204 3443/3203/3203
f 3940/3262/3262 3941/3514/3514 3438/3515/3515 3445/3263/3263
f 3446/3279/3279 3445/3263/3263 3438/3515/3515 3439/3516/3516
f 3439/3516/3516 3440/3517/3517 3447/3372/3372 3446/3279/3279
f 3434/3510/3510 3435/3511/3511 3292/3371/3371 3447/3372/3372
f 3434/3510/3510 3447/3372/3372 3440/3517/3517 3442/3519/3519
f 3434/3510/3510 3442/3519/3519 3433/3509/3509
f 3429/3505/3505 3423/3375/3375 3296/3377/3377 3448/3520/3520
f 3448/3520/3520 3449/3521/3521 3413/3498/3498 3429/3505/3505
f 3412/3497/3497 3413/3498/3498 3449/3521/3521 3411/3496/3496
f 3408/3493/3493 3367/3452/3452 3368/3453/3453 3372/3457/3457
f 3408/3493/3493 3409/3494/3494 3450/3522/3522 3367/3452/3452
f 3450/3522/3522 3451/3523/3523 3366/3451/3451 3367/3452/3452
f 3452/3524/3524 3410/3495/3495 3411/3496/3496 3449/3521/3521
f 3409/3494/3494 3410/3495/3495 3452/3524/3524 3450/3522/3522
f 3452/3524/3524 3449/3521/3521 3448/3520/3520 3453/3525/3525
f 3450/3522/3522 3452/3524/3524 3453/3525/3525 3451/3523/3523
f 3175/3194/3194 3174/3193/3193 3455/3190/3190 3454/3189/3189
f 3949/3248/3248 3950/3246/3246 3215/3245/3245 3456/3249/3249
f 3457/3272/3272 3456/3249/3249 3215/3245/3245 3226/3270/3270
f 3458/3379/3379 3457/3272/3272 3226/3270/3270 3298/3381/3381
f 3453/3525/3525 3448/3520/3520 3296/3377/3377 3297/3378/3378
f 3453/3525/3525 3297/3378/3378 3458/3379/3379 3451/3523/3523
f 3451/3523/3523 3458/3379/3379 3298/3381/3381 3366/3451/3451
f 3319/3402/3402 3320/3401/3401 3338/3423/3423 3459/3526/3526
f 3344/3429/3429 3319/3402/3402 3459/3526/3526 3460/3527/3527
f 3460/3527/3527 3461/3528/3528 3347/3432/3432 3344/3429/3429
f 3359/3444/3444 3347/3432/3432 3461/3528/3528 3462/3529/3529
f 3462/3529/3529 3463/3530/3530 3360/3445/3445 3359/3444/3444
f 3365/3450/3450 3358/3443/3443 3360/3445/3445 3463/3530/3530
f 3388/3473/3473 3329/3413/3413 3328/3412/3412 3390/3476/3476
f 3325/3407/3407 3394/3479/3479 3391/3475/3475 3326/3410/3410
f 3325/3407/3407 3464/3531/3531 3396/3481/3481 3394/3479/3479
f 3465/3532/3532 3329/3413/3413 3388/3473/3473 3386/3471/3471
f 3466/3533/3533 3465/3532/3532 3386/3471/3471 3384/3469/3469
f 3467/3534/3534 3466/3533/3533 3384/3469/3469 3382/3467/3467
f 3469/3535/3535 3468/3536/3536 3380/3465/3465 3378/3463/3463
f 3468/3536/3536 3467/3534/3534 3382/3467/3467 3380/3465/3465
f 3471/3537/3537 3470/3538/3538 3374/3459/3459 3373/3458/3458
f 3470/3538/3538 3472/3539/3539 3376/3461/3461 3374/3459/3459
f 3472/3539/3539 3469/3535/3535 3378/3463/3463 3376/3461/3461
f 3370/3455/3455 3473/3540/3540 3471/3537/3537 3373/3458/3458
f 3370/3455/3455 3474/3541/3541 3475/3542/3542 3473/3540/3540
f 3474/3541/3541 3370/3455/3455 3365/3450/3450 3476/3543/3543
f 3476/3543/3543 3477/3544/3544 3475/3542/3542 3474/3541/3541
f 3477/3544/3544 3476/3543/3543 3365/3450/3450 3463/3530/3530
f 3479/3337/3337 3478/3336/3336 3271/3334/3334 3270/3333/3333
f 3931/3340/3340 3932/3332/3332 3268/3331/3331 3480/3341/3341
f 3481/3344/3344 3480/3341/3341 3268/3331/3331 3269/3330/3330
f 3329/3413/3413 3482/3414/3414 3481/3344/3344 3269/3330/3330
f 3465/3532/3532 3483/3545/3545 3482/3414/3414 3329/3413/3413
f 3484/3546/3546 3331/3415/3415 3482/3414/3414 3483/3545/3545
f 3465/3532/3532 3466/3533/3533 3485/3547/3547 3483/3545/3545
f 3485/3547/3547 3486/3548/3548 3484/3546/3546 3483/3545/3545
f 3486/3548/3548 3485/3547/3547 3466/3533/3533 3467/3534/3534
f 3469/3535/3535 3486/3548/3548 3467/3534/3534 3468/3536/3536
f 3487/3549/3549 3332/3416/3416 3331/3415/3415 3484/3546/3546
f 3486/3548/3548 3488/3550/3550 3487/3549/3549 3484/3546/3546
f 3488/3550/3550 3486/3548/3548 3469/3535/3535 3472/3539/3539
f 3459/3526/3526 3338/3423/3423 3339/3424/3424 3489/3551/3551
f 3489/3551/3551 3490/3552/3552 3460/3527/3527 3459/3526/3526
f 3490/3552/3552 3491/3553/3553 3461/3528/3528 3460/3527/3527
f 3462/3529/3529 3461/3528/3528 3491/3553/3553 3492/3554/3554
f 3492/3554/3554 3477/3544/3544 3463/3530/3530 3462/3529/3529
f 3493/3555/3555 3333/3417/3417 3332/3416/3416 3487/3549/3549
f 3493/3555/3555 3487/3549/3549 3488/3550/3550 3494/3556/3556
f 3470/3538/3538 3494/3556/3556 3488/3550/3550 3472/3539/3539
f 3475/3542/3542 3495/3557/3557 3471/3537/3537 3473/3540/3540
f 3495/3557/3557 3494/3556/3556 3470/3538/3538 3471/3537/3537
f 3477/3544/3544 3496/3558/3558 3495/3557/3557 3475/3542/3542
f 3492/3554/3554 3498/3559/3559 3496/3558/3558 3477/3544/3544
f 3491/3553/3553 3499/3560/3560 3498/3559/3559 3492/3554/3554
f 3490/3552/3552 3500/3561/3561 3499/3560/3560 3491/3553/3553
f 3339/3424/3424 3335/3420/3420 3334/3419/3419 3489/3551/3551
f 3500/3561/3561 3490/3552/3552 3489/3551/3551 3334/3419/3419
f 3497/3562/3562 3501/3563/3563 3517/3564/3564 3518/3565/3565
f 3516/3418/3418 3517/3564/3564 3501/3563/3563 3334/3419/3419
f 3497/3562/3562 3498/3559/3559 3499/3560/3560 3501/3563/3563
f 3500/3561/3561 3334/3419/3419 3501/3563/3563 3499/3560/3560
f 3464/3531/3531 3502/3566/3566 3398/3483/3483 3396/3481/3481
f 3503/3567/3567 3323/3405/3405 3322/3404/3404 3406/3492/3492
f 3503/3567/3567 3504/3568/3568 3324/3406/3406 3323/3405/3405
f 3404/3489/3489 3504/3568/3568 3503/3567/3567 3406/3492/3492
f 3504/3568/3568 3404/3489/3489 3402/3487/3487 3505/3569/3569
f 3398/3483/3483 3502/3566/3566 3506/3570/3570 3400/3485/3485
f 3400/3485/3485 3506/3570/3570 3505/3569/3569 3402/3487/3487
f 3263/3319/3319 3262/3318/3318 3508/3327/3327 3507/3326/3326
f 3934/3325/3325 3935/3317/3317 3260/3316/3316 3509/3322/3322
f 3510/3323/3323 3509/3322/3322 3260/3316/3316 3261/3315/3315
f 3511/3408/3408 3510/3323/3323 3261/3315/3315 3324/3406/3406
f 3464/3531/3531 3325/3407/3407 3511/3408/3408 3502/3566/3566
f 3324/3406/3406 3504/3568/3568 3505/3569/3569 3511/3408/3408
f 3506/3570/3570 3502/3566/3566 3511/3408/3408 3505/3569/3569
f 3513/3357/3357 3512/3356/3356 3279/3354/3354 3278/3353/3353
f 3514/3362/3362 3927/3361/3361 3928/3349/3349 3277/3345/3345
f 3515/3364/3364 3514/3362/3362 3277/3345/3345 3276/3348/3348
f 3516/3418/3418 3515/3364/3364 3276/3348/3348 3333/3417/3417
f 3333/3417/3417 3493/3555/3555 3517/3564/3564 3516/3418/3418
f 3518/3565/3565 3517/3564/3564 3493/3555/3555 3494/3556/3556
f 3498/3559/3559 3497/3562/3562 3518/3565/3565 3496/3558/3558
f 3496/3558/3558 3518/3565/3565 3494/3556/3556 3495/3557/3557
f 3519/3571/3571 3288/3366/3366 3289/3365/3365 3336/3422/3422
f 3246/3298/3298 3520/3572/3572 3310/3392/3392 3247/3299/3299
f 3519/3571/3571 3336/3422/3422 3310/3392/3392 3520/3572/3572
f 3288/3366/3366 3519/3571/3571 3520/3572/3572 3246/3298/3298
f 3288/3366/3366 3246/3298/3298 3924/3297/3297 3925/3367/3367
f 3290/3368/3368 3244/3296/3296 3245/3295/3295 3291/3369/3369
f 3236/3285/3285 3232/5901/3280 3521/5900/3573 3522/3574/3574
f 3522/3574/3574 3521/5900/3573 3523/5899/3575 3524/3576/3576
f 3523/3575/3575 3521/3573/3573 3525/3577/3577 3526/3578/3578
f 3521/3573/3573 3232/3280/3280 3184/3201/3201 3525/3577/3577
f 3528/3579/3579 3527/3580/3580 3522/3574/3574 3524/3576/3576
f 3236/3285/3285 3522/3574/3574 3527/3580/3580 3243/3293/3293
f 3524/3576/3576 3523/5899/3575 3529/5898/3581 3530/3582/3582
f 3523/3575/3575 3526/3578/3578 3531/3583/3583 3529/3581/3581
f 3528/3579/3579 3524/3576/3576 3530/3582/3582 3532/3584/3584
f 3530/3582/3582 3529/5898/3581 3533/5897/3585 3534/3586/3586
f 3529/3581/3581 3531/3583/3583 3535/3587/3587 3533/3585/3585
f 3532/3584/3584 3530/3582/3582 3534/3586/3586 3536/3588/3588
f 3534/3586/3586 3533/5897/3585 3537/5896/3589 3538/3590/3590
f 3533/3585/3585 3535/3587/3587 3539/3591/3591 3537/3589/3589
f 3536/3588/3588 3534/3586/3586 3538/3590/3590 3540/3592/3592
f 3538/3590/3590 3537/5896/3589 3541/5895/3593 3542/3594/3594
f 3537/3589/3589 3539/3591/3591 3543/3595/3595 3541/3593/3593
f 3540/3592/3592 3538/3590/3590 3542/3594/3594 3544/3596/3596
f 3542/3594/3594 3541/5895/3593 3545/5894/3597 3546/3598/3598
f 3541/3593/3593 3543/3595/3595 3547/3599/3599 3545/3597/3597
f 3544/3596/3596 3542/3594/3594 3546/3598/3598 3548/3600/3600
f 3546/3598/3598 3545/5894/3597 3549/5893/3601 3550/3602/3602
f 3545/3597/3597 3547/3599/3599 3551/3603/3603 3549/3601/3601
f 3548/3600/3600 3546/3598/3598 3550/3602/3602 3552/3604/3604
f 3550/3602/3602 3549/5893/3601 3553/5892/3605 3554/3606/3606
f 3549/3601/3601 3551/3603/3603 3555/3607/3607 3553/3605/3605
f 3552/3604/3604 3550/3602/3602 3554/3606/3606 3556/3608/3608
f 3554/3606/3606 3553/5892/3605 3557/5891/3609 3558/3610/3610
f 3553/3605/3605 3555/3607/3607 3559/3611/3611 3557/3609/3609
f 3556/3608/3608 3554/3606/3606 3558/3610/3610 3560/3612/3612
f 3558/3610/3610 3557/5891/3609 3561/5890/3613 3562/3614/3614
f 3557/3609/3609 3559/3611/3611 3563/3615/3615 3561/3613/3613
f 3560/3612/3612 3558/3610/3610 3562/3614/3614 3564/3616/3616
f 3561/5890/3613 3565/5889/3617 3566/3618/3618 3562/3614/3614
f 3567/3619/3619 3564/3616/3616 3562/3614/3614 3566/3618/3618
f 3565/3617/3617 3561/3613/3613 3563/3615/3615 3568/3620/3620
f 3565/5889/3617 3569/5888/3621 3570/3622/3622 3566/3618/3618
f 3571/3623/3623 3567/3619/3619 3566/3618/3618 3570/3622/3622
f 3568/3620/3620 3572/3624/3624 3569/3621/3621 3565/3617/3617
f 3569/5888/3621 3573/5887/3625 3574/3626/3626 3570/3622/3622
f 3573/3625/3625 3569/3621/3621 3572/3624/3624 3575/3627/3627
f 3576/3628/3628 3571/3623/3623 3570/3622/3622 3574/3626/3626
f 3573/5887/3625 3577/5886/3629 3578/3630/3630 3574/3626/3626
f 3577/5886/3629 3579/5885/3631 3580/3632/3632 3578/3630/3630
f 3581/3633/3633 3576/3628/3628 3574/3626/3626 3578/3630/3630
f 3578/3630/3630 3580/3632/3632 3582/3634/3634 3581/3633/3633
f 3575/3627/3627 3583/3635/3635 3577/3629/3629 3573/3625/3625
f 3583/3635/3635 3584/3636/3636 3579/3631/3631 3577/3629/3629
f 3586/3637/3637 3582/3634/3634 3580/3632/3632 3585/3638/3638
f 3585/3638/3638 3580/3632/3632 3579/5885/3631 3584/3636/3636
f 3584/3636/3636 3587/3639/3639 3588/3640/3640 3585/3638/3638
f 3585/3638/3638 3588/3640/3640 3589/3641/3641 3586/3637/3637
f 3587/3639/3639 3590/3642/3642 3591/3643/3643 3588/3640/3640
f 3588/3640/3640 3591/3643/3643 3592/3644/3644 3589/3641/3641
f 3251/3304/3304 3255/3309/3309 3593/3645/3645 3594/3646/3646
f 3593/3645/3645 3255/3309/3309 3259/3314/3314 3595/3647/3647
f 3251/5729/3304 3594/5728/3646 3596/3648/3648 3187/3206/3206
f 3594/3646/3646 3593/3645/3645 3597/3649/3649 3598/3650/3650
f 3593/3645/3645 3595/3647/3647 3599/3651/3651 3597/3649/3649
f 3596/3648/3648 3594/5728/3646 3598/5727/3650 3600/3652/3652
f 3598/3650/3650 3597/3649/3649 3601/3653/3653 3602/3654/3654
f 3597/3649/3649 3599/3651/3651 3603/3655/3655 3601/3653/3653
f 3600/3652/3652 3598/5727/3650 3602/5726/3654 3604/3656/3656
f 3602/3654/3654 3601/3653/3653 3605/3657/3657 3606/3658/3658
f 3601/3653/3653 3603/3655/3655 3607/3659/3659 3605/3657/3657
f 3604/3656/3656 3602/5726/3654 3606/5725/3658 3608/3660/3660
f 3606/3658/3658 3605/3657/3657 3609/3661/3661 3610/3662/3662
f 3605/3657/3657 3607/3659/3659 3611/3663/3663 3609/3661/3661
f 3608/3660/3660 3606/5725/3658 3610/5724/3662 3612/3664/3664
f 3610/3662/3662 3609/3661/3661 3613/3665/3665 3614/3666/3666
f 3609/3661/3661 3611/3663/3663 3615/3667/3667 3613/3665/3665
f 3612/3664/3664 3610/5724/3662 3614/5723/3666 3616/3668/3668
f 3614/3666/3666 3613/3665/3665 3617/3669/3669 3618/3670/3670
f 3613/3665/3665 3615/3667/3667 3619/3671/3671 3617/3669/3669
f 3616/3668/3668 3614/5723/3666 3618/5722/3670 3620/3672/3672
f 3618/3670/3670 3617/3669/3669 3621/3673/3673 3622/3674/3674
f 3617/3669/3669 3619/3671/3671 3623/3675/3675 3621/3673/3673
f 3620/3672/3672 3618/5722/3670 3622/5721/3674 3624/3676/3676
f 3626/3677/3677 3625/3678/3678 3623/3675/3675 3619/3671/3671
f 3627/3679/3679 3626/3677/3677 3619/3671/3671 3615/3667/3667
f 3628/3680/3680 3627/3679/3679 3615/3667/3667 3611/3663/3663
f 3611/3663/3663 3607/3659/3659 3629/3681/3681 3628/3680/3680
f 3607/3659/3659 3603/3655/3655 3630/3682/3682 3629/3681/3681
f 3630/3682/3682 3603/3655/3655 3599/3651/3651 3631/3683/3683
f 3599/3651/3651 3595/3647/3647 3632/3684/3684 3631/3683/3683
f 3263/3319/3319 3632/3684/3684 3595/3647/3647 3259/3314/3314
f 3243/3293/3293 3527/3580/3580 3633/3685/3685 3245/3295/3295
f 3634/3686/3686 3633/3685/3685 3527/3580/3580 3528/3579/3579
f 3634/3686/3686 3528/3579/3579 3532/3584/3584 3635/3687/3687
f 3532/3584/3584 3536/3588/3588 3636/3688/3688 3635/3687/3687
f 3637/3689/3689 3636/3688/3688 3536/3588/3588 3540/3592/3592
f 3638/3690/3690 3637/3689/3689 3540/3592/3592 3544/3596/3596
f 3639/3691/3691 3638/3690/3690 3544/3596/3596 3548/3600/3600
f 3640/3692/3692 3639/3691/3691 3548/3600/3600 3552/3604/3604
f 3640/3692/3692 3552/3604/3604 3556/3608/3608 3641/3693/3693
f 3642/3694/3694 3641/3693/3693 3556/3608/3608 3560/3612/3612
f 3642/3694/3694 3560/3612/3612 3564/3616/3616 3643/3695/3695
f 3576/3628/3628 3581/3633/3633 3582/3634/3634 3571/3623/3623
f 3564/3616/3616 3567/3619/3619 3571/3623/3623 3643/3695/3695
f 3582/3634/3634 3586/3637/3637 3644/3696/3696 3645/3697/3697
f 3645/3697/3697 3646/3698/3698 3571/3623/3623 3582/3634/3634
f 3643/3695/3695 3571/3623/3623 3646/3698/3698 3647/3699/3699
f 3622/3674/3674 3621/3673/3673 3648/3700/3700 3649/3701/3701
f 3621/3673/3673 3623/3675/3675 3650/3702/3702 3648/3700/3700
f 3624/3676/3676 3622/5721/3674 3649/5720/3701 3651/3703/3703
f 3623/3675/3675 3625/3678/3678 3652/3704/3704 3650/3702/3702
f 3649/3701/3701 3648/3700/3700 3653/3705/3705 3654/3706/3706
f 3648/3700/3700 3650/3702/3702 3655/3707/3707 3653/3705/3705
f 3651/3703/3703 3649/5720/3701 3654/5719/3706 3656/3708/3708
f 3650/3702/3702 3652/3704/3704 3657/3709/3709 3655/3707/3707
f 3654/3706/3706 3653/3705/3705 3660/3710/3710 3661/3711/3711
f 3653/3705/3705 3655/3707/3707 3662/3712/3712 3660/3710/3710
f 3656/3708/3708 3654/5719/3706 3661/5718/3711 3663/3713/3713
f 3655/3707/3707 3657/3709/3709 3664/3714/3714 3662/3712/3712
f 3592/3644/3644 4024/3715/3715 4025/3716/3716 3589/3641/3641
f 3661/3711/3711 3660/3710/3710 3662/3712/3712 3665/3717/3717
f 3664/3714/3714 3666/3718/3718 3665/3717/3717 3662/3712/3712
f 3667/3719/3719 3663/3713/3713 3661/5718/3711 3665/5717/3717
f 3669/3720/3720 3665/3717/3717 3666/3718/3718 3668/3721/3721
f 3670/3722/3722 3667/3719/3719 3665/5717/3717 3669/5755/3720
f 3668/3721/3721 3671/3723/3723 3672/3724/3724 3669/3720/3720
f 3673/3725/3725 3670/3722/3722 3669/5755/3720 3672/5754/3724
f 3675/3726/3726 3672/3724/3724 3671/3723/3723 3674/3727/3727
f 3672/5754/3724 3675/5714/3726 3676/3728/3728 3673/3725/3725
f 3674/3727/3727 3671/3723/3723 3659/3729/3729 3658/3730/3730
f 3187/3206/3206 3596/3648/3648 3677/3731/3731 3443/3203/3203
f 3596/3648/3648 3600/3652/3652 3678/3732/3732 3677/3731/3731
f 3678/3732/3732 3600/3652/3652 3604/3656/3656 3679/3733/3733
f 3604/3656/3656 3608/3660/3660 3680/3734/3734 3679/3733/3733
f 3608/3660/3660 3612/3664/3664 3681/3735/3735 3680/3734/3734
f 3612/3664/3664 3616/3668/3668 3682/3736/3736 3681/3735/3735
f 3616/3668/3668 3620/3672/3672 3683/3737/3737 3682/3736/3736
f 3620/3672/3672 3624/3676/3676 3684/3738/3738 3683/3737/3737
f 3684/3738/3738 3624/3676/3676 3651/3703/3703 3685/3739/3739
f 3651/3703/3703 3656/3708/3708 3686/3740/3740 3685/3739/3739
f 3686/3740/3740 3656/3708/3708 3663/3713/3713 3687/3741/3741
f 3663/3713/3713 3667/3719/3719 3688/3742/3742 3687/3741/3741
f 3667/3719/3719 3670/3722/3722 3689/3743/3743 3688/3742/3742
f 3670/3722/3722 3673/3725/3725 3690/3744/3744 3689/3743/3743
f 3673/3725/3725 3676/3728/3728 3691/3745/3745 3690/3744/3744
f 3168/3180/3180 3436/3513/3513 3443/3203/3203 3677/3731/3731
f 3692/3746/3746 3678/3732/3732 3679/3733/3733 3693/3747/3747
f 3679/3733/3733 3680/3734/3734 3694/3748/3748 3693/3747/3747
f 3680/3734/3734 3681/3735/3735 3695/3749/3749 3694/3748/3748
f 3681/3735/3735 3682/3736/3736 3696/3750/3750 3695/3749/3749
f 3682/3736/3736 3683/3737/3737 3697/3751/3751 3696/3750/3750
f 3683/3737/3737 3684/3738/3738 3698/3752/3752 3697/3751/3751
f 3698/3752/3752 3684/3738/3738 3685/3739/3739 3699/3753/3753
f 3685/3739/3739 3686/3740/3740 3700/3754/3754 3699/3753/3753
f 3700/3754/3754 3686/3740/3740 3687/3741/3741 3701/3755/3755
f 3687/3741/3741 3688/3742/3742 3702/3756/3756 3701/3755/3755
f 3688/3742/3742 3689/3743/3743 3703/3757/3757 3702/3756/3756
f 3689/3743/3743 3690/3744/3744 3704/3758/3758 3703/3757/3757
f 3690/3744/3744 3691/3745/3745 3705/3759/3759 3704/3758/3758
f 3706/3760/3760 3692/3746/3746 3693/3747/3747 3707/3761/3761
f 3693/3747/3747 3694/3748/3748 3708/3762/3762 3707/3761/3761
f 3694/3748/3748 3695/3749/3749 3709/3763/3763 3708/3762/3762
f 3695/3749/3749 3696/3750/3750 3710/3764/3764 3709/3763/3763
f 3696/3750/3750 3697/3751/3751 3711/3765/3765 3710/3764/3764
f 3697/3751/3751 3698/3752/3752 3712/3766/3766 3711/3765/3765
f 3712/3766/3766 3698/3752/3752 3699/3753/3753 3713/3767/3767
f 3699/3753/3753 3700/3754/3754 3714/3768/3768 3713/3767/3767
f 3714/3768/3768 3700/3754/3754 3701/3755/3755 3715/3769/3769
f 3701/3755/3755 3702/3756/3756 3716/3770/3770 3715/3769/3769
f 3702/3756/3756 3703/3757/3757 3717/3771/3771 3716/3770/3770
f 3703/3757/3757 3704/3758/3758 3718/3772/3772 3717/3771/3771
f 3704/3758/3758 3705/3759/3759 3719/3773/3773 3718/3772/3772
f 3414/3177/3177 3720/3774/3774 3169/3184/3184 3424/3499/3499
f 3677/3731/3731 3678/3732/3732 3692/3746/3746 3168/3180/3180
f 3721/3775/3775 3720/3774/3774 3414/3177/3177 3706/3760/3760
f 3168/3180/3180 3692/3746/3746 3706/3760/3760 3414/3177/3177
f 3722/3776/3776 3419/3181/3181 3169/3184/3184 3720/3774/3774
f 3723/3777/3777 3722/3776/3776 3720/3774/3774 3721/3775/3775
f 3721/3775/3775 3706/3760/3760 3707/3761/3761 3724/3778/3778
f 3707/3761/3761 3708/3762/3762 3725/3779/3779 3724/3778/3778
f 3708/3762/3762 3709/3763/3763 3726/3780/3780 3725/3779/3779
f 3709/3763/3763 3710/3764/3764 3727/3781/3781 3726/3780/3780
f 3710/3764/3764 3711/3765/3765 3728/3782/3782 3727/3781/3781
f 3711/3765/3765 3712/3766/3766 3729/3783/3783 3728/3782/3782
f 3729/3783/3783 3712/3766/3766 3713/3767/3767 3730/3784/3784
f 3713/3767/3767 3714/3768/3768 3731/3785/3785 3730/3784/3784
f 3731/3785/3785 3714/3768/3768 3715/3769/3769 3732/3786/3786
f 3715/3769/3769 3716/3770/3770 3733/3787/3787 3732/3786/3786
f 3716/3770/3770 3717/3771/3771 3734/3788/3788 3733/3787/3787
f 3717/3771/3771 3718/3772/3772 3735/3789/3789 3734/3788/3788
f 3718/3772/3772 3719/3773/3773 3736/3790/3790 3735/3789/3789
f 3723/3777/3777 3721/3775/3775 3724/3778/3778 3737/3791/3791
f 3724/3778/3778 3725/3779/3779 3738/3792/3792 3737/3791/3791
f 3725/3779/3779 3726/3780/3780 3739/3793/3793 3738/3792/3792
f 3726/3780/3780 3727/3781/3781 3740/3794/3794 3739/3793/3793
f 3727/3781/3781 3728/3782/3782 3741/3795/3795 3740/3794/3794
f 3728/3782/3782 3729/3783/3783 3742/3796/3796 3741/3795/3795
f 3742/3796/3796 3729/3783/3783 3730/3784/3784 3743/3797/3797
f 3730/3784/3784 3731/3785/3785 3744/3798/3798 3743/3797/3797
f 3744/3798/3798 3731/3785/3785 3732/3786/3786 3745/3799/3799
f 3732/3786/3786 3733/3787/3787 3746/3800/3800 3745/3799/3799
f 3733/3787/3787 3734/3788/3788 3747/3801/3801 3746/3800/3800
f 3734/3788/3788 3735/3789/3789 3748/3802/3802 3747/3801/3801
f 3735/3789/3789 3736/3790/3790 3749/3803/3803 3748/3802/3802
f 3745/3799/3799 3746/3800/3800 3750/3804/3804 3751/3805/3805
f 3419/3181/3181 3722/3776/3776 3752/3806/3806 3171/3188/3188
f 3722/3776/3776 3723/3777/3777 3753/3807/3807 3752/3806/3806
f 3753/3807/3807 3723/3777/3777 3737/3791/3791 3754/3808/3808
f 3737/3791/3791 3738/3792/3792 3755/3809/3809 3754/3808/3808
f 3738/3792/3792 3739/3793/3793 3756/3810/3810 3755/3809/3809
f 3739/3793/3793 3740/3794/3794 3757/3811/3811 3756/3810/3810
f 3740/3794/3794 3741/3795/3795 3758/3812/3812 3757/3811/3811
f 3741/3795/3795 3742/3796/3796 3759/3813/3813 3758/3812/3812
f 3759/3813/3813 3742/3796/3796 3743/3797/3797 3760/3814/3814
f 3743/3797/3797 3744/3798/3798 3761/3815/3815 3760/3814/3814
f 3761/3815/3815 3744/3798/3798 3745/3799/3799 3751/3805/3805
f 3751/3805/3805 3750/3804/3804 3762/3816/3816 3763/3817/3817
f 3171/3188/3188 3752/3806/3806 3764/3818/3818 3173/3185/3185
f 3752/3806/3806 3753/3807/3807 3765/3819/3819 3764/3818/3818
f 3765/3819/3819 3753/3807/3807 3754/3808/3808 3766/3820/3820
f 3754/3808/3808 3755/3809/3809 3767/3821/3821 3766/3820/3820
f 3755/3809/3809 3756/3810/3810 3768/3822/3822 3767/3821/3821
f 3756/3810/3810 3757/3811/3811 3769/3823/3823 3768/3822/3822
f 3757/3811/3811 3758/3812/3812 3770/3824/3824 3769/3823/3823
f 3758/3812/3812 3759/3813/3813 3771/3825/3825 3770/3824/3824
f 3771/3825/3825 3759/3813/3813 3760/3814/3814 3772/3826/3826
f 3760/3814/3814 3761/3815/3815 3773/3827/3827 3772/3826/3826
f 3773/3827/3827 3761/3815/3815 3751/3805/3805 3763/3817/3817
f 3763/3817/3817 3762/3816/3816 3774/3828/3828 3775/3829/3829
f 3173/3185/3185 3764/3818/3818 3776/3830/3830 3454/3189/3189
f 3764/3818/3818 3765/3819/3819 3777/3831/3831 3776/3830/3830
f 3777/3831/3831 3765/3819/3819 3766/3820/3820 3778/3832/3832
f 3766/3820/3820 3767/3821/3821 3779/3833/3833 3778/3832/3832
f 3767/3821/3821 3768/3822/3822 3780/3834/3834 3779/3833/3833
f 3768/3822/3822 3769/3823/3823 3781/3835/3835 3780/3834/3834
f 3769/3823/3823 3770/3824/3824 3782/3836/3836 3781/3835/3835
f 3770/3824/3824 3771/3825/3825 3783/3837/3837 3782/3836/3836
f 3783/3837/3837 3771/3825/3825 3772/3826/3826 3784/3838/3838
f 3772/3826/3826 3773/3827/3827 3785/3839/3839 3784/3838/3838
f 3785/3839/3839 3773/3827/3827 3763/3817/3817 3775/3829/3829
f 3775/3829/3829 3774/3828/3828 3786/3840/3840 3787/3841/3841
f 3454/3189/3189 3776/3830/3830 3788/3842/3842 3175/3194/3194
f 3776/3830/3830 3777/3831/3831 3789/3843/3843 3788/3842/3842
f 3789/3843/3843 3777/3831/3831 3778/3832/3832 3790/3844/3844
f 3778/3832/3832 3779/3833/3833 3791/3845/3845 3790/3844/3844
f 3779/3833/3833 3780/3834/3834 3792/3846/3846 3791/3845/3845
f 3780/3834/3834 3781/3835/3835 3793/3847/3847 3792/3846/3846
f 3781/3835/3835 3782/3836/3836 3794/3848/3848 3793/3847/3847
f 3782/3836/3836 3783/3837/3837 3795/3849/3849 3794/3848/3848
f 3795/3849/3849 3783/3837/3837 3784/3838/3838 3796/3850/3850
f 3784/3838/3838 3785/3839/3839 3797/3851/3851 3796/3850/3850
f 3797/3851/3851 3785/3839/3839 3775/3829/3829 3787/3841/3841
f 3787/3841/3841 3786/3840/3840 3798/3852/3852 3799/3853/3853
f 3175/3194/3194 3788/3842/3842 3800/3854/3854 3177/3191/3191
f 3788/3842/3842 3789/3843/3843 3801/3855/3855 3800/3854/3854
f 3801/3855/3855 3789/3843/3843 3790/3844/3844 3802/3856/3856
f 3790/3844/3844 3791/3845/3845 3803/3857/3857 3802/3856/3856
f 3791/3845/3845 3792/3846/3846 3804/3858/3858 3803/3857/3857
f 3792/3846/3846 3793/3847/3847 3805/3859/3859 3804/3858/3858
f 3793/3847/3847 3794/3848/3848 3806/3860/3860 3805/3859/3859
f 3794/3848/3848 3795/3849/3849 3807/3861/3861 3806/3860/3860
f 3807/3861/3861 3795/3849/3849 3796/3850/3850 3808/3862/3862
f 3796/3850/3850 3797/3851/3851 3809/3863/3863 3808/3862/3862
f 3809/3863/3863 3797/3851/3851 3787/3841/3841 3799/3853/3853
f 3799/3853/3853 3798/3852/3852 3810/3864/3864 3811/3865/3865
f 3177/3191/3191 3800/3854/3854 3812/3866/3866 3179/3195/3195
f 3800/3854/3854 3801/3855/3855 3813/3867/3867 3812/3866/3866
f 3813/3867/3867 3801/3855/3855 3802/3856/3856 3814/3868/3868
f 3802/3856/3856 3803/3857/3857 3815/3869/3869 3814/3868/3868
f 3803/3857/3857 3804/3858/3858 3816/3870/3870 3815/3869/3869
f 3804/3858/3858 3805/3859/3859 3817/3871/3871 3816/3870/3870
f 3805/3859/3859 3806/3860/3860 3818/3872/3872 3817/3871/3871
f 3806/3860/3860 3807/3861/3861 3819/3873/3873 3818/3872/3872
f 3819/3873/3873 3807/3861/3861 3808/3862/3862 3820/3874/3874
f 3808/3862/3862 3809/3863/3863 3821/3875/3875 3820/3874/3874
f 3821/3875/3875 3809/3863/3863 3799/3853/3853 3811/3865/3865
f 3822/3876/3876 3525/3577/3577 3184/3201/3201 3182/3199/3199
f 3823/3877/3877 3822/3876/3876 3182/3199/3199 3181/3197/3197
f 3812/3866/3866 3823/3877/3877 3181/3197/3197 3179/3195/3195
f 3813/3867/3867 3824/3878/3878 3823/3877/3877 3812/3866/3866
f 3822/3876/3876 3823/3877/3877 3824/3878/3878 3825/3879/3879
f 3525/3577/3577 3822/3876/3876 3825/3879/3879 3526/3578/3578
f 3531/3583/3583 3526/3578/3578 3825/3879/3879 3827/3880/3880
f 3825/3879/3879 3824/3878/3878 3826/3881/3881 3827/3880/3880
f 3824/3878/3878 3813/3867/3867 3814/3868/3868 3826/3881/3881
f 3829/3882/3882 3539/3591/3591 3535/3587/3587 3828/3883/3883
f 3828/3883/3883 3535/3587/3587 3531/3583/3583 3827/3880/3880
f 3828/3883/3883 3827/3880/3880 3826/3881/3881 3830/3884/3884
f 3829/3882/3882 3828/3883/3883 3830/3884/3884 3831/3885/3885
f 3815/3869/3869 3816/3870/3870 3831/3885/3885 3830/3884/3884
f 3815/3869/3869 3830/3884/3884 3826/3881/3881 3814/3868/3868
f 3833/3886/3886 3547/3599/3599 3543/3595/3595 3832/3887/3887
f 3832/3887/3887 3543/3595/3595 3539/3591/3591 3829/3882/3882
f 3831/3885/3885 3834/3888/3888 3832/3887/3887 3829/3882/3882
f 3834/3888/3888 3831/3885/3885 3816/3870/3870 3817/3871/3871
f 3835/3889/3889 3834/3888/3888 3817/3871/3871 3818/3872/3872
f 3834/3888/3888 3835/3889/3889 3833/3886/3886 3832/3887/3887
f 3833/3886/3886 3836/3890/3890 3551/3603/3603 3547/3599/3599
f 3835/3889/3889 3837/3891/3891 3836/3890/3890 3833/3886/3886
f 3837/3891/3891 3835/3889/3889 3818/3872/3872 3819/3873/3873
f 3838/3892/3892 3555/3607/3607 3551/3603/3603 3836/3890/3890
f 3838/3892/3892 3836/3890/3890 3837/3891/3891 3839/3893/3893
f 3837/3891/3891 3819/3873/3873 3820/3874/3874 3839/3893/3893
f 3555/3607/3607 3838/3892/3892 3840/3894/3894 3559/3611/3611
f 3840/3894/3894 3838/3892/3892 3839/3893/3893 3841/3895/3895
f 3841/3895/3895 3839/3893/3893 3820/3874/3874 3821/3875/3875
f 3563/3615/3615 3559/3611/3611 3840/3894/3894 3843/3896/3896
f 3840/3894/3894 3841/3895/3895 3842/3897/3897 3843/3896/3896
f 3841/3895/3895 3821/3875/3875 3811/3865/3865 3842/3897/3897
f 3810/3864/3864 3844/3898/3898 3842/3897/3897 3811/3865/3865
f 3844/3898/3898 3845/3899/3899 3843/3896/3896 3842/3897/3897
f 3846/3900/3900 3563/3615/3615 3843/3896/3896 3845/3899/3899
f 3568/3620/3620 3563/3615/3615 3846/3900/3900 3847/3901/3901
f 3848/3902/3902 3572/3624/3624 3568/3620/3620 3847/3901/3901
f 3583/3635/3635 3575/3627/3627 3849/3903/3903 3850/3904/3904
f 3575/3627/3627 3572/3624/3624 3848/3902/3902 3849/3903/3903
f 3850/3904/3904 3851/3905/3905 3584/3636/3636 3583/3635/3635
f 3851/3905/3905 3852/3906/3906 3587/3639/3639 3584/3636/3636
f 3590/3642/3642 3587/3639/3639 3852/3906/3906 3853/3907/3907
f 3746/3800/3800 3747/3801/3801 3854/3908/3908 3750/3804/3804
f 3855/3909/3909 3762/3816/3816 3750/3804/3804 3854/3908/3908
f 3762/3816/3816 3855/3909/3909 3856/3910/3910 3774/3828/3828
f 3857/3911/3911 3786/3840/3840 3774/3828/3828 3856/3910/3910
f 3858/3912/3912 3798/3852/3852 3786/3840/3840 3857/3911/3911
f 3810/3864/3864 3798/3852/3852 3858/3912/3912 3859/3913/3913
f 3844/3898/3898 3810/3864/3864 3859/3913/3913 3860/3914/3914
f 3861/3915/3915 3845/3899/3899 3844/3898/3898 3860/3914/3914
f 3862/3916/3916 3846/3900/3900 3845/3899/3899 3861/3915/3915
f 3848/3902/3902 3847/3901/3901 3846/3900/3900 3862/3916/3916
f 3863/3917/3917 3849/3903/3903 3848/3902/3902 3862/3916/3916
f 3864/3918/3918 3850/3904/3904 3849/3903/3903 3863/3917/3917
f 3865/3919/3919 3851/3905/3905 3850/3904/3904 3864/3918/3918
f 3867/3920/3920 3866/3921/3921 3853/3907/3907 3852/3906/3906
f 3867/3920/3920 3852/3906/3906 3851/3905/3905 3865/3919/3919
f 3869/3922/3922 3860/3914/3914 3859/3913/3913 3868/3923/3923
f 3871/3924/3924 3869/3922/3922 3868/3923/3923 3870/3925/3925
f 3858/3912/3912 3870/3925/3925 3868/3923/3923 3859/3913/3913
f 3857/3911/3911 3872/3926/3926 3870/3925/3925 3858/3912/3912
f 3856/3910/3910 3873/3927/3927 3872/3926/3926 3857/3911/3911
f 3854/3908/3908 3747/3801/3801 3748/3802/3802 3874/3928/3928
f 3855/3909/3909 3854/3908/3908 3874/3928/3928 3875/3929/3929
f 3856/3910/3910 3855/3909/3909 3875/3929/3929 3873/3927/3927
f 3870/3925/3925 3872/3926/3926 3876/3930/3930 3871/3924/3924
f 3872/3926/3926 3873/3927/3927 3877/3931/3931 3876/3930/3930
f 3874/3928/3928 3748/3802/3802 3749/3803/3803 3878/3932/3932
f 3875/3929/3929 3874/3928/3928 3878/3932/3932 3879/3933/3933
f 3873/3927/3927 3875/3929/3929 3879/3933/3933 3877/3931/3931
f 3507/3326/3326 3267/3329/3329 3880/3934/3934 3881/3935/3935
f 3267/3329/3329 3271/3334/3334 3882/3936/3936 3880/3934/3934
f 3478/3336/3336 3273/3335/3335 3883/3937/3937 3884/3938/3938
f 3284/3351/3351 3279/3354/3354 3885/3939/3939 3886/3940/3940
f 3512/3356/3356 3281/3355/3355 3887/3941/3941 3888/3942/3942
f 3273/3335/3335 3284/3351/3351 3886/3940/3940 3883/3937/3937
f 3281/3355/3355 3291/3369/3369 3889/3943/3943 3887/3941/3941
f 3271/3334/3334 3478/3336/3336 3884/3938/3938 3882/3936/3936
f 3263/3319/3319 3507/3326/3326 3881/3935/3935 3632/3684/3684
f 3279/3354/3354 3512/3356/3356 3888/3942/3942 3885/3939/3939
f 3291/3369/3369 3245/3295/3295 3633/3685/3685 3889/3943/3943
f 3881/3935/3935 3880/3934/3934 3890/3944/3944 3891/3945/3945
f 3880/3934/3934 3882/3936/3936 3892/3946/3946 3890/3944/3944
f 3884/3938/3938 3883/3937/3937 3893/3947/3947 3894/3948/3948
f 3886/3940/3940 3885/3939/3939 3895/3949/3949 3896/3950/3950
f 3888/3942/3942 3887/3941/3941 3897/3951/3951 3898/3952/3952
f 3883/3937/3937 3886/3940/3940 3896/3950/3950 3893/3947/3947
f 3887/3941/3941 3889/3943/3943 3899/3953/3953 3897/3951/3951
f 3882/3936/3936 3884/3938/3938 3894/3948/3948 3892/3946/3946
f 3632/3684/3684 3881/3935/3935 3891/3945/3945 3631/3683/3683
f 3885/3939/3939 3888/3942/3942 3898/3952/3952 3895/3949/3949
f 3889/3943/3943 3633/3685/3685 3634/3686/3686 3899/3953/3953
f 3891/3945/3945 3890/3944/3944 3900/3954/3954 3901/3955/3955
f 3890/3944/3944 3892/3946/3946 3902/3956/3956 3900/3954/3954
f 3894/3948/3948 3893/3947/3947 3903/3957/3957 3904/3958/3958
f 3896/3950/3950 3895/3949/3949 3905/3959/3959 3906/3960/3960
f 3898/3952/3952 3897/3951/3951 3907/3961/3961 3908/3962/3962
f 3893/3947/3947 3896/3950/3950 3906/3960/3960 3903/3957/3957
f 3897/3951/3951 3899/3953/3953 3909/3963/3963 3907/3961/3961
f 3892/3946/3946 3894/3948/3948 3904/3958/3958 3902/3956/3956
f 3630/3682/3682 3631/3683/3683 3891/3945/3945 3901/3955/3955
f 3895/3949/3949 3898/3952/3952 3908/3962/3962 3905/3959/3959
f 3899/3953/3953 3634/3686/3686 3635/3687/3687 3909/3963/3963
f 3901/3955/3955 3900/3954/3954 3910/3964/3964 3911/3965/3965
f 3900/3954/3954 3902/3956/3956 3912/3966/3966 3910/3964/3964
f 3904/3958/3958 3903/3957/3957 3913/3967/3967 3914/3968/3968
f 3906/3960/3960 3905/3959/3959 3915/3969/3969 3916/3970/3970
f 3908/3962/3962 3907/3961/3961 3917/3971/3971 3918/3972/3972
f 3903/3957/3957 3906/3960/3960 3916/3970/3970 3913/3967/3967
f 3907/3961/3961 3909/3963/3963 3919/3973/3973 3917/3971/3971
f 3902/3956/3956 3904/3958/3958 3914/3968/3968 3912/3966/3966
f 3630/3682/3682 3901/3955/3955 3911/3965/3965 3629/3681/3681
f 3905/3959/3959 3908/3962/3962 3918/3972/3972 3915/3969/3969
f 3909/3963/3963 3635/3687/3687 3636/3688/3688 3919/3973/3973
f 3233/5771/3281 3921/5756/3282 3920/3236/3236 3185/3202/3202
f 3237/3286/3286 3922/3287/3287 3921/3282/3282 3233/3281/3281
f 3923/3292/3292 3922/3287/3287 3237/3286/3286 3242/3294/3294
f 3924/3297/3297 3923/3292/3292 3242/3294/3294 3244/3296/3296
f 3925/3367/3367 3924/3297/3297 3244/3296/3296 3290/3368/3368
f 3926/3360/3360 3925/3367/3367 3290/3368/3368 3280/3358/3358
f 3927/3361/3361 3926/3360/3360 3280/3358/3358 3513/3357/3357
f 3928/3349/3349 3927/3361/3361 3513/3357/3357 3278/3353/3353
f 3929/3350/3350 3928/3349/3349 3278/3353/3353 3285/3352/3352
f 3930/3339/3339 3929/3350/3350 3285/3352/3352 3272/3338/3338
f 3479/3337/3337 3931/3340/3340 3930/3339/3339 3272/3338/3338
f 3270/3333/3333 3932/3332/3332 3931/3340/3340 3479/3337/3337
f 3933/3324/3324 3932/3332/3332 3270/3333/3333 3266/3328/3328
f 3508/3327/3327 3934/3325/3325 3933/3324/3324 3266/3328/3328
f 3262/3318/3318 3935/3317/3317 3934/3325/3325 3508/3327/3327
f 3936/3312/3312 3935/3317/3317 3262/3318/3318 3258/3313/3313
f 3937/3307/3307 3936/3312/3312 3258/3313/3313 3254/3308/3308
f 3938/5715/3302 3937/3307/3307 3254/3308/3308 3250/5716/3303
f 3939/3261/3261 3938/3302/3302 3250/3303/3303 3186/3205/3205
f 3444/3204/3204 3940/3262/3262 3939/3261/3261 3186/3205/3205
f 3437/3512/3512 3941/3514/3514 3940/3262/3262 3444/3204/3204
f 3167/3179/3179 3942/3257/3257 3941/3514/3514 3437/3512/3512
f 3415/3178/3178 3943/3258/3258 3942/3257/3257 3167/3179/3179
f 3425/3500/3500 3944/3501/3501 3943/3258/3258 3415/3178/3178
f 3166/3183/3183 3945/3254/3254 3944/3501/3501 3425/3500/3500
f 3946/3255/3255 3945/3254/3254 3166/3183/3183 3420/3182/3182
f 3947/3252/3252 3946/3255/3255 3420/3182/3182 3170/3187/3187
f 3948/3247/3247 3947/3252/3252 3170/3187/3187 3172/3186/3186
f 3455/3190/3190 3949/3248/3248 3948/3247/3247 3172/3186/3186
f 3174/3193/3193 3950/3246/3246 3949/3248/3248 3455/3190/3190
f 3951/3244/3244 3950/3246/3246 3174/3193/3193 3176/3192/3192
f 3952/3242/3242 3951/3244/3244 3176/3192/3192 3178/3196/3196
f 3953/3240/3240 3952/3242/3242 3178/3196/3196 3180/3198/3198
f 3954/3235/3235 3953/3240/3240 3180/3198/3198 3183/3200/3200
f 3185/3202/3202 3920/3236/3236 3954/3235/3235 3183/3200/3200
f 3911/3965/3965 3910/3964/3964 3955/3974/3974 3956/3975/3975
f 3910/3964/3964 3912/3966/3966 3957/3976/3976 3955/3974/3974
f 3914/3968/3968 3913/3967/3967 3958/3977/3977 3959/3978/3978
f 3916/3970/3970 3915/3969/3969 3960/3979/3979 3961/3980/3980
f 3918/3972/3972 3917/3971/3971 3962/3981/3981 3963/3982/3982
f 3913/3967/3967 3916/3970/3970 3961/3980/3980 3958/3977/3977
f 3917/3971/3971 3919/3973/3973 3964/3983/3983 3962/3981/3981
f 3912/3966/3966 3914/3968/3968 3959/3978/3978 3957/3976/3976
f 3629/3681/3681 3911/3965/3965 3956/3975/3975 3628/3680/3680
f 3915/3969/3969 3918/3972/3972 3963/3982/3982 3960/3979/3979
f 3919/3973/3973 3636/3688/3688 3637/3689/3689 3964/3983/3983
f 3956/3975/3975 3955/3974/3974 3965/3984/3984 3966/3985/3985
f 3955/3974/3974 3957/3976/3976 3967/3986/3986 3965/3984/3984
f 3959/3978/3978 3958/3977/3977 3968/3987/3987 3969/3988/3988
f 3961/3980/3980 3960/3979/3979 3970/3989/3989 3971/3990/3990
f 3963/3982/3982 3962/3981/3981 3972/3991/3991 3973/3992/3992
f 3958/3977/3977 3961/3980/3980 3971/3990/3990 3968/3987/3987
f 3962/3981/3981 3964/3983/3983 3974/3993/3993 3972/3991/3991
f 3957/3976/3976 3959/3978/3978 3969/3988/3988 3967/3986/3986
f 3628/3680/3680 3956/3975/3975 3966/3985/3985 3627/3679/3679
f 3960/3979/3979 3963/3982/3982 3973/3992/3992 3970/3989/3989
f 3964/3983/3983 3637/3689/3689 3638/3690/3690 3974/3993/3993
f 3966/3985/3985 3965/3984/3984 3975/3994/3994 3976/3995/3995
f 3965/3984/3984 3967/3986/3986 3977/3996/3996 3975/3994/3994
f 3969/3988/3988 3968/3987/3987 3978/3997/3997 3979/3998/3998
f 3971/3990/3990 3970/3989/3989 3980/3999/3999 3981/4000/4000
f 3973/3992/3992 3972/3991/3991 3982/4001/4001 3983/4002/4002
f 3968/3987/3987 3971/3990/3990 3981/4000/4000 3978/3997/3997
f 3972/3991/3991 3974/3993/3993 3984/4003/4003 3982/4001/4001
f 3967/3986/3986 3969/3988/3988 3979/3998/3998 3977/3996/3996
f 3627/3679/3679 3966/3985/3985 3976/3995/3995 3626/3677/3677
f 3970/3989/3989 3973/3992/3992 3983/4002/4002 3980/3999/3999
f 3974/3993/3993 3638/3690/3690 3639/3691/3691 3984/4003/4003
f 3976/3995/3995 3975/3994/3994 3985/4004/4004 3986/4005/4005
f 3975/3994/3994 3977/3996/3996 3987/4006/4006 3985/4004/4004
f 3979/3998/3998 3978/3997/3997 3988/4007/4007 3989/4008/4008
f 3981/4000/4000 3980/3999/3999 3990/4009/4009 3991/4010/4010
f 3983/4002/4002 3982/4001/4001 3992/4011/4011 3993/4012/4012
f 3978/3997/3997 3981/4000/4000 3991/4010/4010 3988/4007/4007
f 3982/4001/4001 3984/4003/4003 3994/4013/4013 3992/4011/4011
f 3977/3996/3996 3979/3998/3998 3989/4008/4008 3987/4006/4006
f 3626/3677/3677 3976/3995/3995 3986/4005/4005 3625/3678/3678
f 3980/3999/3999 3983/4002/4002 3993/4012/4012 3990/4009/4009
f 3984/4003/4003 3639/3691/3691 3640/3692/3692 3994/4013/4013
f 3986/4005/4005 3985/4004/4004 3995/4014/4014 3996/4015/4015
f 3985/4004/4004 3987/4006/4006 3997/4016/4016 3995/4014/4014
f 3989/4008/4008 3988/4007/4007 3998/4017/4017 3999/4018/4018
f 3991/4010/4010 3990/4009/4009 4000/4019/4019 4001/4020/4020
f 3993/4012/4012 3992/4011/4011 4002/4021/4021 4003/4022/4022
f 3988/4007/4007 3991/4010/4010 4001/4020/4020 3998/4017/4017
f 3992/4011/4011 3994/4013/4013 4004/4023/4023 4002/4021/4021
f 3987/4006/4006 3989/4008/4008 3999/4018/4018 3997/4016/4016
f 3652/3704/3704 3625/3678/3678 3986/4005/4005 3996/4015/4015
f 3990/4009/4009 3993/4012/4012 4003/4022/4022 4000/4019/4019
f 3994/4013/4013 3640/3692/3692 3641/3693/3693 4004/4023/4023
f 3996/4015/4015 3995/4014/4014 4005/4024/4024 4006/4025/4025
f 3995/4014/4014 3997/4016/4016 4007/4026/4026 4005/4024/4024
f 3999/4018/4018 3998/4017/4017 4008/4027/4027 4009/4028/4028
f 4001/4020/4020 4000/4019/4019 4010/4029/4029 4011/4030/4030
f 4003/4022/4022 4002/4021/4021 4012/4031/4031 4013/4032/4032
f 3998/4017/4017 4001/4020/4020 4011/4030/4030 4008/4027/4027
f 4002/4021/4021 4004/4023/4023 4014/4033/4033 4012/4031/4031
f 3997/4016/4016 3999/4018/4018 4009/4028/4028 4007/4026/4026
f 3652/3704/3704 3996/4015/4015 4006/4025/4025 3657/3709/3709
f 4000/4019/4019 4003/4022/4022 4013/4032/4032 4010/4029/4029
f 4004/4023/4023 3641/3693/3693 3642/3694/3694 4014/4033/4033
f 4006/4025/4025 4005/4024/4024 4016/4034/4034 4017/4035/4035
f 4005/4024/4024 4007/4026/4026 4018/4036/4036 4016/4034/4034
f 4009/4028/4028 4008/4027/4027 4019/4037/4037 4020/4038/4038
f 4011/4030/4030 4010/4029/4029 4021/4039/4039 4022/4040/4040
f 4013/4032/4032 4012/4031/4031 4015/4041/4041 4023/4042/4042
f 4008/4027/4027 4011/4030/4030 4022/4040/4040 4019/4037/4037
f 4012/4031/4031 4014/4033/4033 3647/3699/3699 4015/4041/4041
f 4007/4026/4026 4009/4028/4028 4020/4038/4038 4018/4036/4036
f 3664/3714/3714 3657/3709/3709 4006/4025/4025 4017/4035/4035
f 4010/4029/4029 4013/4032/4032 4023/4042/4042 4021/4039/4039
f 4014/4033/4033 3642/3694/3694 3643/3695/3695 3647/3699/3699
f 4042/4043/4043 4043/4044/4044 3658/3730/3730 3659/3729/3729
f 3586/3637/3637 3589/3641/3641 4025/3716/3716 3644/3696/3696
f 3647/3699/3699 3646/3698/3698 3645/3697/3697 4015/4041/4041
f 4025/3716/3716 4024/3715/3715 4027/4045/4045 4026/4046/4046
f 4015/4041/4041 3645/3697/3697 4028/4047/4047 4023/4042/4042
f 3645/3697/3697 3644/3696/3696 4029/4048/4048 4028/4047/4047
f 4026/4046/4046 4029/4048/4048 3644/3696/3696 4025/3716/3716
f 4017/4035/4035 4030/4049/4049 3666/3718/3718 3664/3714/3714
f 4030/4049/4049 4031/4050/4050 3668/3721/3721 3666/3718/3718
f 4031/4050/4050 3659/3729/3729 3671/3723/3723 3668/3721/3721
f 4026/4046/4046 4027/4045/4045 4033/4051/4051 4032/4052/4052
f 4032/4052/4052 4033/4051/4051 4035/4053/4053 4034/4054/4054
f 4034/4054/4054 4035/4053/4053 4037/4055/4055 4036/4056/4056
f 4036/4056/4056 4037/4055/4055 4039/4057/4057 4038/4058/4058
f 4038/4058/4058 4039/4057/4057 4041/4059/4059 4040/4060/4060
f 4040/4060/4060 4041/4059/4059 4043/4044/4044 4042/4043/4043
f 4017/4035/4035 4016/4034/4034 4044/4061/4061 4030/4049/4049
f 4016/4034/4034 4018/4036/4036 4045/4062/4062 4044/4061/4061
f 4020/4038/4038 4019/4037/4037 4046/4063/4063 4047/4064/4064
f 4022/4040/4040 4021/4039/4039 4048/4065/4065 4049/4066/4066
f 4019/4037/4037 4022/4040/4040 4049/4066/4066 4046/4063/4063
f 4018/4036/4036 4020/4038/4038 4047/4064/4064 4045/4062/4062
f 4021/4039/4039 4023/4042/4042 4028/4047/4047 4048/4065/4065
f 4030/4049/4049 4044/4061/4061 4050/4067/4067 4031/4050/4050
f 4044/4061/4061 4045/4062/4062 4051/4068/4068 4050/4067/4067
f 4047/4064/4064 4046/4063/4063 4052/4069/4069 4053/4070/4070
f 4049/4066/4066 4048/4065/4065 4054/4071/4071 4055/4072/4072
f 4046/4063/4063 4049/4066/4066 4055/4072/4072 4052/4069/4069
f 4045/4062/4062 4047/4064/4064 4053/4070/4070 4051/4068/4068
f 4048/4065/4065 4028/4047/4047 4029/4048/4048 4054/4071/4071
f 4029/4048/4048 4026/4046/4046 4032/4052/4052 4054/4071/4071
f 4034/4054/4054 4055/4072/4072 4054/4071/4071 4032/4052/4052
f 4050/4067/4067 4042/4043/4043 3659/3729/3729 4031/4050/4050
f 4042/4043/4043 4050/4067/4067 4051/4068/4068 4040/4060/4060
f 4053/4070/4070 4038/4058/4058 4040/4060/4060 4051/4068/4068
f 4038/4058/4058 4053/4070/4070 4052/4069/4069 4036/4056/4056
f 4036/4056/4056 4052/4069/4069 4055/4072/4072 4034/4054/4054
f 4057/5559/4073 4056/4074/4074 1600/1603/1603 1599/1601/1601
f 4058/4075/4075 4057/4073/4073 1599/5556/1601 1598/1600/1600
f 4060/5557/1682 4059/1681/1681 4056/4074/4074 4057/5559/4073
f 4061/1683/1683 4060/1682/1682 4057/4073/4073 4058/4075/4075
f 4063/5508/1691 4062/1690/1690 1682/4076/4076 1683/4077/4077
f 4064/1692/1692 4063/1691/1691 1683/5511/4077 1684/4078/4078
f 4066/5506/1695 4065/1694/1694 1684/4078/4078 1683/5511/4077
f 4067/1697/1697 4066/1695/1695 1683/4077/4077 1682/4076/4076
f 4069/5469/4079 4068/5471/4080 1565/1565/1565 1566/1566/1566
f 4071/5502/4081 4070/5470/4082 1566/1566/1566 1605/5501/1610
f 4072/5472/4083 4071/4081/4081 1605/1610/1610 1679/1688/1688
f 4068/5877/4080 4073/5474/4084 1608/1614/1614 1565/5878/1565
f 1566/1566/1566 4070/5470/4082 4074/5468/4085 4069/5469/4079
f 4076/4086/4086 4068/4080/4080 4069/4079/4079 4075/4087/4087
f 4074/4085/4085 4077/4088/4088 4075/4087/4087 4069/4079/4079
f 4075/4087/4087 3862/3916/3916 3861/3915/3915 4076/4086/4086
f 4077/4088/4088 3863/3917/3917 3862/3916/3916 4075/4087/4087
f 4078/4089/4089 4072/5472/4083 1679/1688/1688 4064/1692/1692
f 3866/3921/3921 4072/4083/4083 4078/5457/4089 3853/3907/3907
f 3866/3921/3921 3867/3920/3920 4079/4090/4090 4072/4083/4083
f 4079/4090/4090 4070/4082/4082 4071/5473/4081 4072/4083/4083
f 3865/3919/3919 4080/4091/4091 4079/4090/4090 3867/3920/3920
f 4070/4082/4082 4079/4090/4090 4080/4091/4091 4074/4085/4085
f 4077/4088/4088 4074/4085/4085 4080/4091/4091 4081/4092/4092
f 4081/4092/4092 3864/3918/3918 3863/3917/3917 4077/4088/4088
f 3864/3918/3918 4081/4092/4092 4080/4091/4091 3865/3919/3919
f 4068/4080/4080 4076/4086/4086 4082/4093/4093 4073/4084/4084
f 4082/4093/4093 4076/4086/4086 3861/3915/3915 3860/3914/3914
f 1609/1613/1613 1608/1614/1614 4073/5474/4084 4083/5475/4094
f 4083/4094/4094 4073/4084/4084 4082/4093/4093 4084/4095/4095
f 4084/4095/4095 4082/4093/4093 3860/3914/3914 3869/3922/3922
f 1609/1613/1613 4085/4096/4096 1597/1597/1597 1592/1592/1592
f 4086/4097/4097 4084/4095/4095 3869/3922/3922 3871/3924/3924
f 4084/4095/4095 4086/4097/4097 4087/5467/4098 4083/4094/4094
f 4083/5475/4094 4087/4098/4098 4085/4096/4096 1609/1613/1613
f 4064/1692/1692 1684/4078/4078 4088/4099/4099 4078/4089/4089
f 4088/5456/4099 3590/3642/3642 3853/3907/3907 4078/5457/4089
f 1596/1596/1596 1595/1595/1595 4090/1602/1602 4089/1604/1604
f 1595/1595/1595 1594/5563/1594 4091/5555/1598 4090/1602/1602
f 1594/1594/1594 1593/1593/1593 4092/1599/1599 4091/1598/1598
f 1593/1593/1593 1597/1597/1597 4093/1606/1606 4092/1599/1599
f 4085/4096/4096 4094/4100/4100 4093/1606/1606 1597/1597/1597
f 4085/4096/4096 4087/4098/4098 4086/5466/4097 4094/4100/4100
f 3871/3924/3924 3876/3930/3930 4096/4101/4101 4086/4097/4097
f 4086/5466/4097 4096/5465/4101 4095/4102/4102 4094/4100/4100
f 4096/4101/4101 3876/3930/3930 3877/3931/3931 4097/4103/4103
f 4097/5462/4103 4098/4104/4104 4095/4102/4102 4096/5465/4101
f 4094/4100/4100 4095/4102/4102 4099/4105/4105 4093/1606/1606
f 4095/4102/4102 4098/4104/4104 4100/4106/4106 4099/4105/4105
f 4099/4105/4105 4101/4107/4107 1602/1607/1607 4093/1606/1606
f 4099/4105/4105 4100/4106/4106 4102/4108/4108 4101/4107/4107
f 1598/1600/1600 1602/1607/1607 4101/4107/4107 4058/4075/4075
f 4058/4075/4075 4101/4107/4107 4102/4108/4108 4061/1683/1683
f 4103/5455/4109 3591/3643/3643 3590/3642/3642 4088/5456/4099
f 4065/1694/1694 4103/4109/4109 4088/4099/4099 1684/4078/4078
f 3591/3643/3643 4103/5455/4109 4104/4110/4110 3592/3644/3644
f 4024/3715/3715 3592/3644/3644 4104/4110/4110 4027/4045/4045
f 4027/4045/4045 4104/4110/4110 4105/4111/4111 4033/4051/4051
f 4105/4111/4111 4037/4055/4055 4035/4053/4053 4033/4051/4051
f 4106/4112/4112 4039/4057/4057 4037/4055/4055 4105/4111/4111
f 4106/4112/4112 4043/4044/4044 4041/4059/4059 4039/4057/4057
f 4043/4044/4044 4106/4112/4112 4107/4113/4113 3658/3730/3730
f 4108/4114/4114 3674/3727/3727 3658/3730/3730 4107/4113/4113
f 3674/3727/3727 4108/4114/4114 4109/4115/4115 3675/3726/3726
f 3676/3728/3728 3675/5714/3726 4109/5713/4115 3691/3745/3745
f 3691/3745/3745 4109/5713/4115 4110/5464/4116 3705/3759/3759
f 3719/3773/3773 3705/3759/3759 4110/5464/4116 3736/3790/3790
f 4111/5463/4117 3749/3803/3803 3736/3790/3790 4110/5464/4116
f 3749/3803/3803 4111/5463/4117 4112/5460/4118 3878/3932/3932
f 4097/4103/4103 3877/3931/3931 3879/3933/3933 4113/4119/4119
f 3878/3932/3932 4112/5460/4118 4113/4119/4119 3879/3933/3933
f 4114/4120/4120 4103/4109/4109 4065/1694/1694 1686/1693/1693
f 4115/4121/4121 4114/4120/4120 1686/1693/1693 1678/1686/1686
f 1670/1675/1675 4115/4121/4121 1678/1686/1686 1671/1676/1676
f 4114/5454/4120 4116/5453/4122 4104/4110/4110 4103/5455/4109
f 4114/4120/4120 4115/4121/4121 4117/4123/4123 4116/4122/4122
f 4115/4121/4121 1670/1675/1675 1675/1680/1680 4117/4123/4123
f 4104/4110/4110 4116/5453/4122 4118/5452/4124 4105/4111/4111
f 4118/4124/4124 4116/4122/4122 4117/4123/4123 4119/4125/4125
f 1660/1665/1665 4119/4125/4125 4117/4123/4123 1675/1680/1680
f 4120/4126/4126 4119/4125/4125 1660/1665/1665 1659/1664/1664
f 4105/4111/4111 4118/5452/4124 4121/5451/4127 4106/4112/4112
f 4121/4127/4127 4118/4124/4124 4119/4125/4125 4120/4126/4126
f 4121/5451/4127 4122/5458/4128 4107/4113/4113 4106/4112/4112
f 4120/4126/4126 1659/1664/1664 4122/4128/4128 4121/4127/4127
f 4109/4115/4115 4108/4114/4114 4107/4113/4113 4122/5458/4128
f 4123/4129/4129 4122/4128/4128 1659/1664/1664 1668/1673/1673
f 4109/5459/4115 4122/4128/4128 4123/4129/4129 4110/4116/4116
f 4124/4130/4130 4123/4129/4129 1668/1673/1673 1669/1674/1674
f 4125/4131/4131 4124/4130/4130 1669/1674/1674 1658/1663/1663
f 1658/1663/1663 1634/1639/1639 1656/1661/1661 4125/4131/4131
f 4102/4108/4108 4125/4131/4131 1656/1661/1661 4061/1683/1683
f 4110/4116/4116 4123/4129/4129 4124/4130/4130 4111/4117/4117
f 4124/4130/4130 4126/4132/4132 4127/4133/4133 4111/4117/4117
f 4124/4130/4130 4125/4131/4131 4102/4108/4108 4126/4132/4132
f 4126/4132/4132 4102/4108/4108 4100/4106/4106 4127/4133/4133
f 4097/5462/4103 4113/5461/4119 4112/4118/4118 4098/4104/4104
f 4098/4104/4104 4112/4118/4118 4111/4117/4117 4127/4133/4133
f 4098/4104/4104 4127/4133/4133 4100/4106/4106
f 4129/4134/4134 4128/4135/4135 3204/3228/3228 3207/3227/3227
f 4131/4136/4136 4130/5711/4137 4128/4135/4135 4129/4134/4134
f 4133/4138/4138 4132/4139/4139 4130/4137/4137 4131/5712/4136
f 4135/4140/4140 4134/4141/4141 3197/3218/3218 3196/3217/3217
f 4137/4142/4142 4136/5928/4143 4134/4141/4141 4135/4140/4140
f 4586/4144/4144 4587/4145/4145 4136/4143/4143 4137/5924/4142
f 4141/4146/4146 4138/4147/4147 4139/4148/4148 4140/4149/4149
f 4143/4150/4150 4142/4151/4151 4618/4152/4152 4619/4153/4153
f 4145/4154/4154 4142/4151/4151 4143/4150/4150 4144/4155/4155
f 4621/4156/4156 4622/4157/4157 4146/4158/4158 4147/4159/4159
f 4702/4160/4160 4703/4161/4161 4148/4162/4162 4149/4163/4163
f 4141/4146/4146 4140/4149/4149 4150/4164/4164 4151/4165/4165
f 4151/4165/4165 4150/4164/4164 4152/4166/4166 4153/4167/4167
f 4152/4166/4166 4154/4168/4168 4155/4169/4169 4153/4167/4167
f 4155/4169/4169 4154/4168/4168 4156/4170/4170 4157/4171/4171
f 4157/4171/4171 4156/4170/4170 4149/4163/4163 4148/4162/4162
f 3189/3209/3209 4502/3208/3208 4503/4172/4172 4159/4173/4173
f 3188/3214/3214 3193/3213/3213 4160/4174/4174 4158/4175/4175
f 3193/3213/3213 3195/3216/3216 4161/4176/4176 4160/4174/4174
f 3195/3216/3216 3197/3218/3218 4162/4177/4177 4161/4176/4176
f 3198/3221/3221 4475/3220/3220 4476/4178/4178 4163/4179/4179
f 3201/3223/3223 3198/3221/3221 4163/4179/4179 4164/4180/4180
f 3203/3225/3225 3201/3223/3223 4164/4180/4180 4165/4181/4181
f 3207/3227/3227 4363/3230/3230 4364/4182/4182 4167/4183/4183
f 3206/3232/3232 3209/3231/3231 4168/4184/4184 4166/4185/4185
f 3209/3231/3231 3203/3225/3225 4165/4181/4181 4168/4184/4184
f 4129/4134/4134 3207/3227/3227 4167/4183/4183 4169/4186/4186
f 4131/4136/4136 4129/4134/4134 4169/4186/4186 4170/4187/4187
f 4133/4138/4138 4131/5712/4136 4170/5638/4187 4171/4188/4188
f 3197/3218/3218 4134/4141/4141 4172/4189/4189 4162/4177/4177
f 4134/4141/4141 4136/5928/4143 4173/5922/4190 4172/4189/4189
f 4136/4143/4143 4587/4145/4145 4588/4191/4191 4173/4190/4190
f 4138/4147/4147 4141/4146/4146 4175/4192/4192 4174/4193/4193
f 4143/4150/4150 4619/4153/4153 4620/4194/4194 4176/4195/4195
f 4144/4155/4155 4143/4150/4150 4176/4195/4195 4177/4196/4196
f 4146/4158/4158 4622/4157/4157 4623/4197/4197 4178/4198/4198
f 4148/4162/4162 4703/4161/4161 4704/4199/4199 4179/4200/4200
f 4141/4146/4146 4151/4165/4165 4180/4201/4201 4175/4192/4192
f 4151/4165/4165 4153/4167/4167 4181/4202/4202 4180/4201/4201
f 4153/4167/4167 4155/4169/4169 4182/4203/4203 4181/4202/4202
f 4155/4169/4169 4157/4171/4171 4183/4204/4204 4182/4203/4203
f 4157/4171/4171 4148/4162/4162 4179/4200/4200 4183/4204/4204
f 4130/5711/4137 4184/5710/4205 4185/4206/4206 4128/4135/4135
f 4184/5710/4205 4186/5709/4207 4187/4208/4208 4185/4206/4206
f 4186/5709/4207 4188/5708/4209 4189/4210/4210 4187/4208/4208
f 4191/4211/4211 4189/4210/4210 4188/5708/4209 4190/5707/4212
f 4193/4213/4213 4191/4211/4211 4190/5707/4212 4192/5706/4214
f 4195/4215/4215 4193/4213/4213 4192/5706/4214 4194/5705/4216
f 4194/5705/4216 4196/5704/4217 4197/4218/4218 4195/4215/4215
f 4196/5704/4217 4198/5703/4219 4199/4220/4220 4197/4218/4218
f 4198/5703/4219 4200/5702/4221 4201/4222/4222 4199/4220/4220
f 4200/5702/4221 4202/5701/4223 4203/4224/4224 4201/4222/4222
f 4205/4225/4225 4203/4224/4224 4202/5701/4223 4204/5700/4226
f 4204/5700/4226 4206/5699/4227 4207/4228/4228 4205/4225/4225
f 4206/5699/4227 4208/5698/4229 4209/4230/4230 4207/4228/4228
f 4208/5698/4229 4210/5697/4231 4211/4232/4232 4209/4230/4230
f 4210/5697/4231 4212/5696/4233 4213/4234/4234 4211/4232/4232
f 4212/5696/4233 4214/5695/4235 4215/4236/4236 4213/4234/4234
f 4214/5695/4235 4216/5694/4237 4217/4238/4238 4215/4236/4236
f 4216/5694/4237 4218/5693/4239 4219/4240/4240 4217/4238/4238
f 4221/4241/4241 4219/4240/4240 4218/5693/4239 4220/5692/4242
f 4220/5692/4242 4222/5691/4243 4223/4244/4244 4221/4241/4241
f 4222/5691/4243 4224/5690/4245 4225/4246/4246 4223/4244/4244
f 4224/5690/4245 4226/5689/4247 4227/4248/4248 4225/4246/4246
f 4226/5689/4247 4228/5688/4249 4229/4250/4250 4227/4248/4248
f 4228/5688/4249 4230/5687/4251 4231/4252/4252 4229/4250/4250
f 4230/5687/4251 4232/5686/4253 4233/4254/4254 4231/4252/4252
f 4232/5686/4253 4234/5685/4255 4235/4256/4256 4233/4254/4254
f 4234/5685/4255 4236/5684/4257 4237/4258/4258 4235/4256/4256
f 4236/5684/4257 4238/5683/4259 4239/4260/4260 4237/4258/4258
f 4241/4261/4261 4239/4260/4260 4238/5683/4259 4240/5682/4262
f 4240/5682/4262 4242/5681/4263 4243/4264/4264 4241/4261/4261
f 4242/5681/4263 4244/5680/4265 4245/4266/4266 4243/4264/4264
f 4247/4267/4267 4245/4266/4266 4244/5680/4265 4246/5679/4268
f 4249/4269/4269 4247/4267/4267 4246/5679/4268 4248/5678/4270
f 4248/5678/4270 4250/5677/4271 4251/4272/4272 4249/4269/4269
f 4250/5677/4271 4252/5676/4273 4253/4274/4274 4251/4272/4272
f 4252/5676/4273 4254/5675/4275 4255/4276/4276 4253/4274/4274
f 4254/5675/4275 4256/5674/4277 4257/4278/4278 4255/4276/4276
f 4256/5674/4277 4258/5673/4279 4259/4280/4280 4257/4278/4278
f 4258/5673/4279 4260/5672/4281 4261/4282/4282 4259/4280/4280
f 4260/5672/4281 4262/5671/4283 4263/4284/4284 4261/4282/4282
f 4262/5671/4283 4264/5670/4285 4265/4286/4286 4263/4284/4284
f 4264/5670/4285 4266/5669/4287 4267/4288/4288 4265/4286/4286
f 4266/5669/4287 4268/5668/4289 4269/4290/4290 4267/4288/4288
f 4268/5668/4289 4270/5667/4291 4271/4292/4292 4269/4290/4290
f 4270/5667/4291 4272/5666/4293 4273/4294/4294 4271/4292/4292
f 4272/5666/4293 4274/5665/4295 4275/4296/4296 4273/4294/4294
f 4274/5665/4295 4276/5664/4297 4277/4298/4298 4275/4296/4296
f 4276/5664/4297 4278/5663/4299 4279/4300/4300 4277/4298/4298
f 4278/5663/4299 4280/5662/4301 4281/4302/4302 4279/4300/4300
f 4280/5662/4301 4282/5661/4303 4283/4304/4304 4281/4302/4302
f 4282/5661/4303 4284/5660/4305 4285/4306/4306 4283/4304/4304
f 4284/5660/4305 4286/5659/4307 4287/4308/4308 4285/4306/4306
f 4286/5659/4307 4288/5658/4309 4289/4310/4310 4287/4308/4308
f 4288/5658/4309 4290/5657/4311 4291/4312/4312 4289/4310/4310
f 4290/5657/4311 4292/5656/4313 4293/4314/4314 4291/4312/4312
f 4292/5656/4313 4294/5655/4315 4295/4316/4316 4293/4314/4314
f 4294/5655/4315 4296/5654/4317 4297/4318/4318 4295/4316/4316
f 4296/5654/4317 4298/5653/4319 4299/4320/4320 4297/4318/4318
f 4298/5653/4319 4300/5652/4321 4301/4322/4322 4299/4320/4320
f 4303/4323/4323 4301/4322/4322 4300/5652/4321 4302/5651/4324
f 4305/4325/4325 4303/4323/4323 4302/5651/4324 4304/5650/4326
f 4307/4327/4327 4305/4325/4325 4304/5650/4326 4306/5649/4328
f 4306/5649/4328 4308/5648/4329 4309/4330/4330 4307/4327/4327
f 4308/5648/4329 4310/5647/4331 4311/4332/4332 4309/4330/4330
f 4313/4333/4333 4311/4332/4332 4310/5647/4331 4312/5646/4334
f 4312/5646/4334 4314/5645/4335 4315/4336/4336 4313/4333/4333
f 4314/5645/4335 4316/5644/4337 4317/4338/4338 4315/4336/4336
f 4316/5644/4337 4318/5643/4339 4319/4340/4340 4317/4338/4338
f 4318/5643/4339 4320/5642/4341 4321/4342/4342 4319/4340/4340
f 4320/5642/4341 4322/5641/4343 4323/4344/4344 4321/4342/4342
f 4322/5641/4343 4324/5640/4345 4325/4346/4346 4323/4344/4344
f 4324/5640/4345 4326/5639/4347 4327/4348/4348 4325/4346/4346
f 4326/5639/4347 4328/5927/4349 4329/4350/4350 4327/4348/4348
f 4328/5927/4349 4330/5926/4351 4331/4352/4352 4329/4350/4350
f 4330/5926/4351 4332/5925/4353 4333/4354/4354 4331/4352/4352
f 4332/5925/4353 4334/5923/4355 4335/4356/4356 4333/4354/4354
f 4135/4140/4140 4335/4356/4356 4334/5923/4355 4137/4142/4142
f 4337/4357/4357 4336/4358/4358 4193/4213/4213 4195/4215/4215
f 4338/4359/4359 4337/4357/4357 4195/4215/4215 4197/4218/4218
f 4197/4218/4218 4199/4220/4220 4339/4360/4360 4338/4359/4359
f 4340/4361/4361 4339/4360/4360 4199/4220/4220 4201/4222/4222
f 4341/4362/4362 4340/4361/4361 4201/4222/4222 4203/4224/4224
f 4205/4225/4225 4342/4363/4363 4341/4362/4362 4203/4224/4224
f 4344/4364/4364 4343/4365/4365 4189/4210/4210 4191/4211/4211
f 4336/4358/4358 4344/4364/4364 4191/4211/4211 4193/4213/4213
f 4128/4135/4135 4185/4206/4206 4345/4366/4366 3204/3228/3228
f 4185/4206/4206 4187/4208/4208 4346/4367/4367 4345/4366/4366
f 4187/4208/4208 4189/4210/4210 4343/4365/4365 4346/4367/4367
f 4347/4368/4368 4342/4363/4363 4205/4225/4225 4207/4228/4228
f 4348/4369/4369 4347/4368/4368 4207/4228/4228 4209/4230/4230
f 4349/4370/4370 4348/4369/4369 4209/4230/4230 4211/4232/4232
f 4213/4234/4234 4350/4371/4371 4349/4370/4370 4211/4232/4232
f 4351/4372/4372 4350/4371/4371 4213/4234/4234 4215/4236/4236
f 4350/4371/4371 4351/4372/4372 3208/3234/3234 3205/3233/3233
f 4338/4359/4359 4339/4360/4360 4352/4373/4373 4353/4374/4374
f 4352/4373/4373 4339/4360/4360 4340/4361/4361 4354/4375/4375
f 4353/4374/4374 4355/4376/4376 4337/4357/4357 4338/4359/4359
f 4355/4376/4376 4353/4374/4374 4352/4373/4373 4354/4375/4375
f 4355/4376/4376 4356/4377/4377 4336/4358/4358 4337/4357/4357
f 4357/4378/4378 4354/4375/4375 4340/4361/4361 4341/4362/4362
f 4354/4375/4375 4357/4378/4378 4356/4377/4377 4355/4376/4376
f 4344/4364/4364 4336/4358/4358 4356/4377/4377 4358/4379/4379
f 4341/4362/4362 4358/4379/4379 4356/4377/4377 4357/4378/4378
f 4344/4364/4364 4358/4379/4379 4359/4380/4380 4343/4365/4365
f 4358/4379/4379 4341/4362/4362 4342/4363/4363 4359/4380/4380
f 4359/4380/4380 4360/4381/4381 4346/4367/4367 4343/4365/4365
f 4342/4363/4363 4347/4368/4368 4360/4381/4381 4359/4380/4380
f 4345/4366/4366 4346/4367/4367 4360/4381/4381 4361/4382/4382
f 4361/4382/4382 4360/4381/4381 4347/4368/4368 4348/4369/4369
f 4363/3230/3230 4362/3229/3229 3205/3233/3233 3206/3232/3232
f 4364/4182/4182 4363/3230/3230 3206/3232/3232 4166/4185/4185
f 3205/3233/3233 4362/3229/3229 4365/4383/4383 4350/4371/4371
f 3204/3228/3228 4345/4366/4366 4365/4383/4383 4362/3229/3229
f 4366/4384/4384 4349/4370/4370 4350/4371/4371 4365/4383/4383
f 4361/4382/4382 4348/4369/4369 4349/4370/4370 4366/4384/4384
f 4366/4384/4384 4365/4383/4383 4345/4366/4366 4361/4382/4382
f 4368/4385/4385 4233/4254/4254 4235/4256/4256 4367/4386/4386
f 4231/4252/4252 4233/4254/4254 4368/4385/4385 4369/4387/4387
f 4369/4387/4387 4370/4388/4388 4229/4250/4250 4231/4252/4252
f 4225/4246/4246 4227/4248/4248 4371/4389/4389 4372/4390/4390
f 4227/4248/4248 4229/4250/4250 4370/4388/4388 4371/4389/4389
f 4235/4256/4256 4237/4258/4258 4373/4391/4391 4367/4386/4386
f 4374/4392/4392 4373/4391/4391 4237/4258/4258 4239/4260/4260
f 4374/4392/4392 4239/4260/4260 4241/4261/4261 4375/4393/4393
f 4243/4264/4264 4376/4394/4394 4375/4393/4393 4241/4261/4261
f 4376/4394/4394 4243/4264/4264 4245/4266/4266 4377/4395/4395
f 4245/4266/4266 4247/4267/4267 4378/4396/4396 4377/4395/4395
f 4378/4396/4396 4247/4267/4267 4249/4269/4269 4379/4397/4397
f 4380/4398/4398 4379/4397/4397 4249/4269/4269 4251/4272/4272
f 4381/4399/4399 4380/4398/4398 4251/4272/4272 4253/4274/4274
f 4381/4399/4399 4253/4274/4274 4255/4276/4276 4382/4400/4400
f 4382/4400/4400 4255/4276/4276 4257/4278/4278 4383/4401/4401
f 4259/4280/4280 4384/4402/4402 4383/4401/4401 4257/4278/4278
f 4384/4402/4402 4259/4280/4280 4261/4282/4282 4385/4403/4403
f 4261/4282/4282 4263/4284/4284 4386/4404/4404 4385/4403/4403
f 4265/4286/4286 4387/4405/4405 4386/4404/4404 4263/4284/4284
f 4267/4288/4288 4388/4406/4406 4387/4405/4405 4265/4286/4286
f 4367/4386/4386 4370/4388/4388 4369/4387/4387 4368/4385/4385
f 4371/4389/4389 4370/4388/4388 4367/4386/4386 4373/4391/4391
f 4372/4390/4390 4389/4407/4407 4223/4244/4244 4225/4246/4246
f 4389/4407/4407 4390/4408/4408 4221/4241/4241 4223/4244/4244
f 4219/4240/4240 4221/4241/4241 4390/4408/4408 4391/4409/4409
f 4391/4409/4409 4392/4410/4410 4217/4238/4238 4219/4240/4240
f 4392/4410/4410 4393/4411/4411 4215/4236/4236 4217/4238/4238
f 4351/4372/4372 4215/4236/4236 4393/4411/4411 4394/4412/4412
f 4394/4412/4412 3202/3226/3226 3208/3234/3234 4351/4372/4372
f 4393/4411/4411 4392/4410/4410 4395/4413/4413 4394/4412/4412
f 4396/4414/4414 4371/4389/4389 4373/4391/4391 4374/4392/4392
f 4396/4414/4414 4397/4415/4415 4372/4390/4390 4371/4389/4389
f 4389/4407/4407 4372/4390/4390 4397/4415/4415 4398/4416/4416
f 4399/4417/4417 4390/4408/4408 4389/4407/4407 4398/4416/4416
f 4391/4409/4409 4390/4408/4408 4399/4417/4417 4400/4418/4418
f 4395/4413/4413 4392/4410/4410 4391/4409/4409 4400/4418/4418
f 4388/4406/4406 4267/4288/4288 4269/4290/4290 4401/4419/4419
f 4271/4292/4292 4402/4420/4420 4401/4419/4419 4269/4290/4290
f 4402/4420/4420 4271/4292/4292 4273/4294/4294 4403/4421/4421
f 4273/4294/4294 4275/4296/4296 4404/4422/4422 4403/4421/4421
f 4275/4296/4296 4277/4298/4298 4405/4423/4423 4404/4422/4422
f 4406/4424/4424 4405/4423/4423 4277/4298/4298 4279/4300/4300
f 4407/4425/4425 4406/4424/4424 4279/4300/4300 4281/4302/4302
f 4283/4304/4304 4408/4426/4426 4407/4425/4425 4281/4302/4302
f 4283/4304/4304 4285/4306/4306 4409/4427/4427 4408/4426/4426
f 4285/4306/4306 4287/4308/4308 4410/4428/4428 4409/4427/4427
f 4287/4308/4308 4289/4310/4310 4411/4429/4429 4410/4428/4428
f 4289/4310/4310 4291/4312/4312 4412/4430/4430 4411/4429/4429
f 4413/4431/4431 4412/4430/4430 4291/4312/4312 4293/4314/4314
f 4293/4314/4314 4295/4316/4316 4414/4432/4432 4413/4431/4431
f 4414/4432/4432 4295/4316/4316 4297/4318/4318 4415/4433/4433
f 4415/4433/4433 4297/4318/4318 4299/4320/4320 4416/4434/4434
f 4417/4435/4435 4416/4434/4434 4299/4320/4320 4301/4322/4322
f 4418/4436/4436 4417/4435/4435 4301/4322/4322 4303/4323/4323
f 4418/4436/4436 4303/4323/4323 4305/4325/4325 4419/4437/4437
f 4420/4438/4438 4419/4437/4437 4305/4325/4325 4307/4327/4327
f 4421/4439/4439 4420/4438/4438 4307/4327/4327 4309/4330/4330
f 4422/4440/4440 4421/4439/4439 4309/4330/4330 4311/4332/4332
f 4311/4332/4332 4313/4333/4333 4423/4441/4441 4422/4440/4440
f 4423/4441/4441 4313/4333/4333 4315/4336/4336 4424/4442/4442
f 4317/4338/4338 4425/4443/4443 4424/4442/4442 4315/4336/4336
f 4425/4443/4443 4317/4338/4338 4319/4340/4340 4426/4444/4444
f 4426/4444/4444 4319/4340/4340 4321/4342/4342 4427/4445/4445
f 4427/4445/4445 4321/4342/4342 4323/4344/4344 4428/4446/4446
f 4429/4447/4447 4428/4446/4446 4323/4344/4344 4325/4346/4346
f 4430/4448/4448 4429/4447/4447 4325/4346/4346 4327/4348/4348
f 4327/4348/4348 4329/4350/4350 4431/4449/4449 4430/4448/4448
f 4431/4449/4449 4329/4350/4350 4331/4352/4352 4432/4450/4450
f 4331/4352/4352 4333/4354/4354 4433/4451/4451 4432/4450/4450
f 4434/4452/4452 4433/4451/4451 4333/4354/4354 4335/4356/4356
f 3196/3217/3217 4434/4452/4452 4335/4356/4356 4135/4140/4140
f 4408/4426/4426 4409/4427/4427 4406/4424/4424 4407/4425/4425
f 4436/4453/4453 4398/4416/4416 4397/4415/4415 4435/4454/4454
f 4396/4414/4414 4374/4392/4392 4375/4393/4393 4397/4415/4415
f 4376/4394/4394 4435/4454/4454 4397/4415/4415 4375/4393/4393
f 4435/4454/4454 4376/4394/4394 4377/4395/4395 4436/4453/4453
f 4436/4453/4453 4437/4455/4455 4399/4417/4417 4398/4416/4416
f 4437/4455/4455 4438/4456/4456 4400/4418/4418 4399/4417/4417
f 4395/4413/4413 4400/4418/4418 4438/4456/4456 4439/4457/4457
f 4439/4457/4457 4440/4458/4458 4394/4412/4412 4395/4413/4413
f 4440/4458/4458 3200/3224/3224 3202/3226/3226 4394/4412/4412
f 4437/4455/4455 4436/4453/4453 4377/4395/4395 4441/4459/4459
f 4441/4459/4459 4442/4460/4460 4438/4456/4456 4437/4455/4455
f 4442/4460/4460 4443/4461/4461 4439/4457/4457 4438/4456/4456
f 4443/4461/4461 4444/4462/4462 4440/4458/4458 4439/4457/4457
f 4440/4458/4458 4444/4462/4462 4445/4463/4463 3200/3224/3224
f 4445/4463/4463 4446/4464/4464 3199/3222/3222 3200/3224/3224
f 4444/4462/4462 4447/4465/4465 4446/4464/4464 4445/4463/4463
f 4448/4466/4466 4447/4465/4465 4444/4462/4462 4443/4461/4461
f 4449/4467/4467 4448/4466/4466 4443/4461/4461 4442/4460/4460
f 4450/4468/4468 4449/4467/4467 4442/4460/4460 4441/4459/4459
f 4383/4401/4401 4384/4402/4402 4385/4403/4403 4382/4400/4400
f 4385/4403/4403 4451/4469/4469 4452/4470/4470 4382/4400/4400
f 4453/4471/4471 4381/4399/4399 4382/4400/4400 4452/4470/4470
f 4451/4469/4469 4385/4403/4403 4386/4404/4404 4454/4472/4472
f 4454/4472/4472 4453/4471/4471 4452/4470/4470 4451/4469/4469
f 4380/4398/4398 4381/4399/4399 4453/4471/4471 4455/4473/4473
f 4379/4397/4397 4380/4398/4398 4455/4473/4473 4456/4474/4474
f 4457/4475/4475 4378/4396/4396 4379/4397/4397 4456/4474/4474
f 4378/4396/4396 4457/4475/4475 4458/4476/4476 4377/4395/4395
f 4377/4395/4395 4458/4476/4476 4450/4468/4468 4441/4459/4459
f 4387/4405/4405 4459/4477/4477 4454/4472/4472 4386/4404/4404
f 4459/4477/4477 4387/4405/4405 4388/4406/4406 4460/4478/4478
f 4460/4478/4478 4388/4406/4406 4401/4419/4419 4461/4479/4479
f 4459/4477/4477 4455/4473/4473 4453/4471/4471 4454/4472/4472
f 4460/4478/4478 4456/4474/4474 4455/4473/4473 4459/4477/4477
f 4461/4479/4479 4457/4475/4475 4456/4474/4474 4460/4478/4478
f 4457/4475/4475 4462/4480/4480 4450/4468/4468 4458/4476/4476
f 4461/4479/4479 4463/4481/4481 4462/4480/4480 4457/4475/4475
f 4463/4481/4481 4461/4479/4479 4401/4419/4419 4464/4482/4482
f 4402/4420/4420 4465/4483/4483 4464/4482/4482 4401/4419/4419
f 4462/4480/4480 4466/4484/4484 4449/4467/4467 4450/4468/4468
f 4466/4484/4484 4462/4480/4480 4463/4481/4481 4467/4485/4485
f 4465/4483/4483 4468/4486/4486 4469/4487/4487 4464/4482/4482
f 4467/4485/4485 4463/4481/4481 4464/4482/4482 4469/4487/4487
f 4468/4486/4486 4470/4488/4488 4467/4485/4485 4469/4487/4487
f 4466/4484/4484 4471/4489/4489 4448/4466/4466 4449/4467/4467
f 4471/4489/4489 4466/4484/4484 4467/4485/4485 4470/4488/4488
f 4447/4465/4465 4448/4466/4466 4471/4489/4489 4472/4490/4490
f 4472/4490/4490 4471/4489/4489 4470/4488/4488 4473/4491/4491
f 3190/3210/3210 3189/3209/3209 4475/3220/3220 4474/3219/3219
f 4476/4178/4178 4475/3220/3220 3189/3209/3209 4159/4173/4173
f 4472/4490/4490 4477/4492/4492 4446/4464/4464 4447/4465/4465
f 4477/4492/4492 4472/4490/4490 4473/4491/4491 4478/4493/4493
f 4478/4493/4493 3190/3210/3210 4474/3219/3219 4477/4492/4492
f 3199/3222/3222 4446/4464/4464 4477/4492/4492 4474/3219/3219
f 4409/4427/4427 4410/4428/4428 4479/4494/4494 4406/4424/4424
f 4406/4424/4424 4479/4494/4494 4480/4495/4495 4405/4423/4423
f 4404/4422/4422 4405/4423/4423 4480/4495/4495 4481/4496/4496
f 4481/4496/4496 4482/4497/4497 4403/4421/4421 4404/4422/4422
f 4403/4421/4421 4483/4498/4498 4465/4483/4483 4402/4420/4420
f 4403/4421/4421 4482/4497/4497 4484/4499/4499 4483/4498/4498
f 4486/4500/4500 4485/4501/4501 4410/4428/4428 4411/4429/4429
f 4485/4501/4501 4486/4500/4500 4481/4496/4496 4480/4495/4495
f 4485/4501/4501 4480/4495/4495 4479/4494/4494 4410/4428/4428
f 4482/4497/4497 4481/4496/4496 4486/4500/4500 4487/4502/4502
f 4411/4429/4429 4412/4430/4430 4487/4502/4502 4486/4500/4500
f 4484/4499/4499 4482/4497/4497 4487/4502/4502 4488/4503/4503
f 4488/4503/4503 4487/4502/4502 4412/4430/4430 4413/4431/4431
f 4483/4498/4498 4489/4504/4504 4468/4486/4486 4465/4483/4483
f 4483/4498/4498 4484/4499/4499 4490/4505/4505 4489/4504/4504
f 4488/4503/4503 4491/4506/4506 4490/4505/4505 4484/4499/4499
f 4413/4431/4431 4414/4432/4432 4491/4506/4506 4488/4503/4503
f 4490/4505/4505 4492/4507/4507 4493/4508/4508 4489/4504/4504
f 4489/4504/4504 4493/4508/4508 4470/4488/4488 4468/4486/4486
f 4494/4509/4509 4492/4507/4507 4490/4505/4505 4491/4506/4506
f 4473/4491/4491 4470/4488/4488 4493/4508/4508 4495/4510/4510
f 4496/4511/4511 4494/4509/4509 4491/4506/4506 4414/4432/4432
f 4497/4512/4512 4496/4511/4511 4414/4432/4432 4415/4433/4433
f 4495/4510/4510 4493/4508/4508 4492/4507/4507 4494/4509/4509
f 4496/4511/4511 4498/4513/4513 4495/4510/4510 4494/4509/4509
f 4498/4513/4513 4496/4511/4511 4497/4512/4512 4499/4514/4514
f 4478/4493/4493 4473/4491/4491 4495/4510/4510 4500/4515/4515
f 4500/4515/4515 4495/4510/4510 4498/4513/4513 4499/4514/4514
f 3191/3211/3211 3188/3214/3214 4502/3208/3208 4501/3207/3207
f 4503/4172/4172 4502/3208/3208 3188/3214/3214 4158/4175/4175
f 3190/3210/3210 4478/4493/4493 4500/4515/4515 4501/3207/3207
f 4501/3207/3207 4500/4515/4515 4499/4514/4514 3191/3211/3211
f 4504/4516/4516 4497/4512/4512 4415/4433/4433 4416/4434/4434
f 4505/4517/4517 4499/4514/4514 4497/4512/4512 4504/4516/4516
f 4499/4514/4514 4505/4517/4517 3192/3212/3212 3191/3211/3211
f 4424/4442/4442 4425/4443/4443 4506/4518/4518 4423/4441/4441
f 4426/4444/4444 4427/4445/4445 4506/4518/4518 4425/4443/4443
f 4506/4518/4518 4507/4519/4519 4422/4440/4440 4423/4441/4441
f 4428/4446/4446 4507/4519/4519 4506/4518/4518 4427/4445/4445
f 4507/4519/4519 4508/4520/4520 4421/4439/4439 4422/4440/4440
f 4508/4520/4520 4507/4519/4519 4428/4446/4446 4429/4447/4447
f 4509/4521/4521 4420/4438/4438 4421/4439/4439 4508/4520/4520
f 4509/4521/4521 4508/4520/4520 4429/4447/4447 4430/4448/4448
f 4420/4438/4438 4509/4521/4521 4510/4522/4522 4419/4437/4437
f 4509/4521/4521 4430/4448/4448 4431/4449/4449 4510/4522/4522
f 4419/4437/4437 4510/4522/4522 4511/4523/4523 4418/4436/4436
f 4510/4522/4522 4431/4449/4449 4432/4450/4450 4511/4523/4523
f 4418/4436/4436 4511/4523/4523 4512/4524/4524 4417/4435/4435
f 4511/4523/4523 4432/4450/4450 4433/4451/4451 4512/4524/4524
f 4416/4434/4434 4417/4435/4435 4512/4524/4524 4504/4516/4516
f 3194/3215/3215 3192/3212/3212 4505/4517/4517 4513/4525/4525
f 3196/3217/3217 3194/3215/3215 4513/4525/4525 4434/4452/4452
f 4512/4524/4524 4433/4451/4451 4434/4452/4452 4513/4525/4525
f 4513/4525/4525 4505/4517/4517 4504/4516/4516 4512/4524/4524
f 4515/4526/4526 4514/4527/4527 4200/4221/4221 4198/4219/4219
f 4516/4528/4528 4515/4526/4526 4198/4219/4219 4196/4217/4217
f 4514/4527/4527 4517/4529/4529 4202/4223/4223 4200/4221/4221
f 4204/4226/4226 4202/4223/4223 4517/4529/4529 4518/4530/4530
f 4518/4530/4530 4519/4531/4531 4206/4227/4227 4204/4226/4226
f 4519/4531/4531 4520/4532/4532 4208/4229/4229 4206/4227/4227
f 4520/4532/4532 4521/4533/4533 4210/4231/4231 4208/4229/4229
f 4522/4534/4534 4516/4528/4528 4196/4217/4217 4194/4216/4216
f 4523/4535/4535 4522/4534/4534 4194/4216/4216 4192/4214/4214
f 4524/4536/4536 4523/4535/4535 4192/4214/4214 4190/4212/4212
f 4525/4537/4537 4524/4536/4536 4190/4212/4212 4188/4209/4209
f 4526/4538/4538 4525/4537/4537 4188/4209/4209 4186/4207/4207
f 4186/4207/4207 4184/4205/4205 4527/4539/4539 4526/4538/4538
f 4212/4233/4233 4210/4231/4231 4521/4533/4533 4528/4540/4540
f 4214/4235/4235 4212/4233/4233 4528/4540/4540 4529/4541/4541
f 4529/4541/4541 4530/4542/4542 4216/4237/4237 4214/4235/4235
f 4530/4542/4542 4531/4543/4543 4218/4239/4239 4216/4237/4237
f 4531/4543/4543 4532/4544/4544 4220/4242/4242 4218/4239/4239
f 4222/4243/4243 4220/4242/4242 4532/4544/4544 4533/4545/4545
f 4533/4545/4545 4534/4546/4546 4224/4245/4245 4222/4243/4243
f 4534/4546/4546 4535/4547/4547 4226/4247/4247 4224/4245/4245
f 4535/4547/4547 4536/4548/4548 4228/4249/4249 4226/4247/4247
f 4536/4548/4548 4537/4549/4549 4230/4251/4251 4228/4249/4249
f 4538/4550/4550 4232/4253/4253 4230/4251/4251 4537/4549/4549
f 4234/4255/4255 4232/4253/4253 4538/4550/4550 4539/4551/4551
f 4539/4551/4551 4540/4552/4552 4236/4257/4257 4234/4255/4255
f 4542/4553/4553 4541/4554/4554 4240/4262/4262 4238/4259/4259
f 4540/4552/4552 4542/4553/4553 4238/4259/4259 4236/4257/4257
f 4544/4555/4555 4543/4556/4556 4244/4265/4265 4242/4263/4263
f 4242/4263/4263 4240/4262/4262 4541/4554/4554 4544/4555/4555
f 4546/4557/4557 4545/4558/4558 4248/4270/4270 4246/4268/4268
f 4246/4268/4268 4244/4265/4265 4543/4556/4556 4546/4557/4557
f 4548/4559/4559 4547/4560/4560 4254/4275/4275 4252/4273/4273
f 4549/4561/4561 4548/4559/4559 4252/4273/4273 4250/4271/4271
f 4545/4558/4558 4549/4561/4561 4250/4271/4271 4248/4270/4270
f 4256/4277/4277 4254/4275/4275 4547/4560/4560 4550/4562/4562
f 4550/4562/4562 4551/4563/4563 4258/4279/4279 4256/4277/4277
f 4266/4287/4287 4264/4285/4285 4552/4564/4564 4553/4565/4565
f 4554/4566/4566 4552/4564/4564 4264/4285/4285 4262/4283/4283
f 4555/4567/4567 4554/4566/4566 4262/4283/4283 4260/4281/4281
f 4551/4563/4563 4555/4567/4567 4260/4281/4281 4258/4279/4279
f 4553/4565/4565 4556/4568/4568 4268/4289/4289 4266/4287/4287
f 4270/4291/4291 4268/4289/4289 4556/4568/4568 4557/4569/4569
f 4557/4569/4569 4558/4570/4570 4272/4293/4293 4270/4291/4291
f 4278/4299/4299 4276/4297/4297 4559/4571/4571 4560/4572/4572
f 4276/4297/4297 4274/4295/4295 4561/4573/4573 4559/4571/4571
f 4274/4295/4295 4272/4293/4293 4558/4570/4570 4561/4573/4573
f 4562/4574/4574 4280/4301/4301 4278/4299/4299 4560/4572/4572
f 4563/4575/4575 4282/4303/4303 4280/4301/4301 4562/4574/4574
f 4563/4575/4575 4564/4576/4576 4284/4305/4305 4282/4303/4303
f 4564/4576/4576 4565/4577/4577 4286/4307/4307 4284/4305/4305
f 4567/4578/4578 4566/4579/4579 4292/4313/4313 4290/4311/4311
f 4290/4311/4311 4288/4309/4309 4568/4580/4580 4567/4578/4578
f 4565/4577/4577 4568/4580/4580 4288/4309/4309 4286/4307/4307
f 4566/4579/4579 4569/4581/4581 4294/4315/4315 4292/4313/4313
f 4296/4317/4317 4294/4315/4315 4569/4581/4581 4570/4582/4582
f 4298/4319/4319 4296/4317/4317 4570/4582/4582 4571/4583/4583
f 4571/4583/4583 4572/4584/4584 4300/4321/4321 4298/4319/4319
f 4572/4584/4584 4573/4585/4585 4302/4324/4324 4300/4321/4321
f 4304/4326/4326 4302/4324/4324 4573/4585/4585 4574/4586/4586
f 4306/4328/4328 4304/4326/4326 4574/4586/4586 4575/4587/4587
f 4577/4588/4588 4576/4589/4589 4312/4334/4334 4310/4331/4331
f 4310/4331/4331 4308/4329/4329 4578/4590/4590 4577/4588/4588
f 4308/4329/4329 4306/4328/4328 4575/4587/4587 4578/4590/4590
f 4576/4589/4589 4579/4591/4591 4314/4335/4335 4312/4334/4334
f 4579/4591/4591 4580/4592/4592 4316/4337/4337 4314/4335/4335
f 4580/4592/4592 4581/4593/4593 4318/4339/4339 4316/4337/4337
f 4583/4594/4594 4582/4595/4595 4326/4347/4347 4324/4345/4345
f 4584/4596/4596 4583/4594/4594 4324/4345/4345 4322/4343/4343
f 4585/4597/4597 4584/4596/4596 4322/4343/4343 4320/4341/4341
f 4581/4593/4593 4585/4597/4597 4320/4341/4341 4318/4339/4339
f 4139/4148/4148 4138/4147/4147 4587/4145/4145 4586/4144/4144
f 4588/4191/4191 4587/4145/4145 4138/4147/4147 4174/4193/4193
f 4137/5924/4142 4334/4355/4355 4589/4598/4598 4586/4144/4144
f 4590/4599/4599 4589/4598/4598 4334/4355/4355 4332/4353/4353
f 4591/4600/4600 4590/4599/4599 4332/4353/4353 4330/4351/4351
f 4330/4351/4351 4328/4349/4349 4592/4601/4601 4591/4600/4600
f 4328/4349/4349 4326/4347/4347 4582/4595/4595 4592/4601/4601
f 4132/4139/4139 4527/4539/4539 4184/4205/4205 4130/4137/4137
f 4170/4187/4187 4169/4186/4186 4593/4602/4602 4594/4603/4603
f 4167/4183/4183 4595/4604/4604 4593/4602/4602 4169/4186/4186
f 4170/5638/4187 4594/5637/4603 4596/4605/4605 4171/4188/4188
f 4856/4606/4606 4824/4607/4607 4597/4608/4608 4598/4609/4609
f 4824/4607/4607 4825/4610/4610 4599/4611/4611 4597/4608/4608
f 4855/4612/4612 4856/5634/4606 4598/5633/4609 4600/4613/4613
f 4172/4189/4189 4173/5922/4190 4601/5921/4614 4602/4615/4615
f 4601/4614/4614 4173/4190/4190 4588/4191/4191 4603/4616/4616
f 4172/4189/4189 4602/4615/4615 4604/4617/4617 4162/4177/4177
f 4839/4618/4618 4840/5918/4619 4605/5917/4620 4606/4621/4621
f 4840/4619/4619 4841/4622/4622 4607/4623/4623 4605/4620/4620
f 4838/4624/4624 4839/4618/4618 4606/4621/4621 4608/4625/4625
f 4516/4528/4528 4609/4626/4626 4514/4527/4527 4515/4526/4526
f 4523/4535/4535 4609/4626/4626 4516/4528/4528 4522/4534/4534
f 4609/4626/4626 4610/4627/4627 4517/4529/4529 4514/4527/4527
f 4524/4536/4536 4610/4627/4627 4609/4626/4626 4523/4535/4535
f 4518/4530/4530 4517/4529/4529 4610/4627/4627 4611/4628/4628
f 4525/4537/4537 4611/4628/4628 4610/4627/4627 4524/4536/4536
f 4611/4628/4628 4612/4629/4629 4519/4531/4531 4518/4530/4530
f 4526/4538/4538 4612/4629/4629 4611/4628/4628 4525/4537/4537
f 4612/4629/4629 4613/4630/4630 4520/4532/4532 4519/4531/4531
f 4614/4631/4631 4521/4533/4533 4520/4532/4532 4613/4630/4630
f 4614/4631/4631 4615/4632/4632 4528/4540/4540 4521/4533/4533
f 4616/4633/4633 4613/4630/4630 4612/4629/4629 4526/4538/4538
f 4616/4633/4633 4617/4634/4634 4614/4631/4631 4613/4630/4630
f 4526/4538/4538 4527/4539/4539 4617/4634/4634 4616/4633/4633
f 4619/4153/4153 4618/4152/4152 4132/4139/4139 4133/4138/4138
f 4620/4194/4194 4619/4153/4153 4133/4138/4138 4171/4188/4188
f 4527/4539/4539 4132/4139/4139 4618/4152/4152 4617/4634/4634
f 4617/4634/4634 4618/4152/4152 4142/4151/4151 4614/4631/4631
f 4615/4632/4632 4614/4631/4631 4142/4151/4151 4145/4154/4154
f 4144/4155/4155 4622/4157/4157 4621/4156/4156 4145/4154/4154
f 4623/4197/4197 4622/4157/4157 4144/4155/4155 4177/4196/4196
f 4624/4635/4635 4529/4541/4541 4528/4540/4540 4615/4632/4632
f 4621/4156/4156 4624/4635/4635 4615/4632/4632 4145/4154/4154
f 4625/4636/4636 4530/4542/4542 4529/4541/4541 4624/4635/4635
f 4147/4159/4159 4625/4636/4636 4624/4635/4635 4621/4156/4156
f 4576/4589/4589 4626/4637/4637 4580/4592/4592 4579/4591/4591
f 4626/4637/4637 4585/4597/4597 4581/4593/4593 4580/4592/4592
f 4627/4638/4638 4626/4637/4637 4576/4589/4589 4577/4588/4588
f 4627/4638/4638 4584/4596/4596 4585/4597/4597 4626/4637/4637
f 4578/4590/4590 4628/4639/4639 4627/4638/4638 4577/4588/4588
f 4628/4639/4639 4583/4594/4594 4584/4596/4596 4627/4638/4638
f 4575/4587/4587 4629/4640/4640 4628/4639/4639 4578/4590/4590
f 4629/4640/4640 4582/4595/4595 4583/4594/4594 4628/4639/4639
f 4574/4586/4586 4630/4641/4641 4629/4640/4640 4575/4587/4587
f 4631/4642/4642 4592/4601/4601 4582/4595/4595 4629/4640/4640
f 4630/4641/4641 4574/4586/4586 4573/4585/4585 4632/4643/4643
f 4629/4640/4640 4630/4641/4641 4632/4643/4643 4631/4642/4642
f 4572/4584/4584 4633/4644/4644 4632/4643/4643 4573/4585/4585
f 4634/4645/4645 4631/4642/4642 4632/4643/4643 4633/4644/4644
f 4634/4645/4645 4591/4600/4600 4592/4601/4601 4631/4642/4642
f 4571/4583/4583 4635/4646/4646 4633/4644/4644 4572/4584/4584
f 4635/4646/4646 4636/4647/4647 4634/4645/4645 4633/4644/4644
f 4636/4647/4647 4590/4599/4599 4591/4600/4600 4634/4645/4645
f 4637/4648/4648 4589/4598/4598 4590/4599/4599 4636/4647/4647
f 4637/4648/4648 4139/4148/4148 4586/4144/4144 4589/4598/4598
f 4635/4646/4646 4638/4649/4649 4637/4648/4648 4636/4647/4647
f 4638/4649/4649 4140/4149/4149 4139/4148/4148 4637/4648/4648
f 4571/4583/4583 4639/4650/4650 4638/4649/4649 4635/4646/4646
f 4639/4650/4650 4150/4164/4164 4140/4149/4149 4638/4649/4649
f 4537/4549/4549 4536/4548/4548 4539/4551/4551 4538/4550/4550
f 4536/4548/4548 4640/4651/4651 4540/4552/4552 4539/4551/4551
f 4641/4652/4652 4640/4651/4651 4536/4548/4548 4535/4547/4547
f 4641/4652/4652 4542/4553/4553 4540/4552/4552 4640/4651/4651
f 4643/4653/4653 4641/4652/4652 4535/4547/4547 4642/4654/4654
f 4644/4655/4655 4642/4654/4654 4535/4547/4547 4534/4546/4546
f 4542/4553/4553 4641/4652/4652 4643/4653/4653 4541/4554/4554
f 4644/4655/4655 4645/4656/4656 4643/4653/4653 4642/4654/4654
f 4645/4656/4656 4544/4555/4555 4541/4554/4554 4643/4653/4653
f 4645/4656/4656 4646/4657/4657 4543/4556/4556 4544/4555/4555
f 4645/4656/4656 4644/4655/4655 4647/4658/4658 4646/4657/4657
f 4533/4545/4545 4647/4658/4658 4644/4655/4655 4534/4546/4546
f 4547/4560/4560 4548/4559/4559 4648/4659/4659 4550/4562/4562
f 4550/4562/4562 4648/4659/4659 4555/4567/4567 4551/4563/4563
f 4648/4659/4659 4649/4660/4660 4554/4566/4566 4555/4567/4567
f 4548/4559/4559 4549/4561/4561 4649/4660/4660 4648/4659/4659
f 4554/4566/4566 4649/4660/4660 4650/4661/4661 4552/4564/4564
f 4651/4662/4662 4553/4565/4565 4552/4564/4564 4650/4661/4661
f 4549/4561/4561 4652/4663/4663 4650/4661/4661 4649/4660/4660
f 4653/4664/4664 4652/4663/4663 4549/4561/4561 4545/4558/4558
f 4652/4663/4663 4653/4664/4664 4651/4662/4662 4650/4661/4661
f 4654/4665/4665 4653/4664/4664 4545/4558/4558 4546/4557/4557
f 4655/4666/4666 4651/4662/4662 4653/4664/4664 4654/4665/4665
f 4553/4565/4565 4651/4662/4662 4655/4666/4666 4556/4568/4568
f 4560/4572/4572 4564/4576/4576 4563/4575/4575 4562/4574/4574
f 4559/4571/4571 4565/4577/4577 4564/4576/4576 4560/4572/4572
f 4657/4667/4667 4559/4571/4571 4561/4573/4573 4656/4668/4668
f 4565/4577/4577 4559/4571/4571 4657/4667/4667 4568/4580/4580
f 4658/4669/4669 4656/4668/4668 4561/4573/4573 4558/4570/4570
f 4656/4668/4668 4658/4669/4669 4659/4670/4670 4657/4667/4667
f 4657/4667/4667 4659/4670/4670 4567/4578/4578 4568/4580/4580
f 4557/4569/4569 4660/4671/4671 4658/4669/4669 4558/4570/4570
f 4661/4672/4672 4659/4670/4670 4658/4669/4669 4660/4671/4671
f 4661/4672/4672 4566/4579/4579 4567/4578/4578 4659/4670/4670
f 4647/4658/4658 4533/4545/4545 4532/4544/4544 4662/4673/4673
f 4646/4657/4657 4647/4658/4658 4662/4673/4673 4663/4674/4674
f 4664/4675/4675 4543/4556/4556 4646/4657/4657 4663/4674/4674
f 4665/4676/4676 4546/4557/4557 4543/4556/4556 4664/4675/4675
f 4666/4677/4677 4654/4665/4665 4546/4557/4557 4665/4676/4676
f 4654/4665/4665 4666/4677/4677 4667/4678/4678 4655/4666/4666
f 4655/4666/4666 4667/4678/4678 4668/4679/4679 4556/4568/4568
f 4669/4680/4680 4557/4569/4569 4556/4568/4568 4668/4679/4679
f 4669/4680/4680 4670/4681/4681 4660/4671/4671 4557/4569/4569
f 4670/4681/4681 4671/4682/4682 4661/4672/4672 4660/4671/4671
f 4671/4682/4682 4672/4683/4683 4566/4579/4579 4661/4672/4672
f 4672/4683/4683 4673/4684/4684 4569/4581/4581 4566/4579/4579
f 4570/4582/4582 4569/4581/4581 4673/4684/4684 4674/4685/4685
f 4570/4582/4582 4674/4685/4685 4639/4650/4650 4571/4583/4583
f 4675/4686/4686 4662/4673/4673 4532/4544/4544 4531/4543/4543
f 4675/4686/4686 4531/4543/4543 4530/4542/4542 4676/4687/4687
f 4677/4688/4688 4676/4687/4687 4530/4542/4542 4625/4636/4636
f 4675/4686/4686 4678/4689/4689 4663/4674/4674 4662/4673/4673
f 4663/4674/4674 4678/4689/4689 4679/4690/4690 4664/4675/4675
f 4680/4691/4691 4665/4676/4676 4664/4675/4675 4679/4690/4690
f 4681/4692/4692 4666/4677/4677 4665/4676/4676 4680/4691/4691
f 4666/4677/4677 4681/4692/4692 4682/4693/4693 4667/4678/4678
f 4683/4694/4694 4668/4679/4679 4667/4678/4678 4682/4693/4693
f 4670/4681/4681 4669/4680/4680 4668/4679/4679 4683/4694/4694
f 4678/4689/4689 4675/4686/4686 4676/4687/4687 4684/4695/4695
f 4678/4689/4689 4684/4695/4695 4685/4696/4696 4679/4690/4690
f 4686/4697/4697 4680/4691/4691 4679/4690/4690 4685/4696/4696
f 4687/4698/4698 4681/4692/4692 4680/4691/4691 4686/4697/4697
f 4688/4699/4699 4682/4693/4693 4681/4692/4692 4687/4698/4698
f 4682/4693/4693 4688/4699/4699 4689/4700/4700 4683/4694/4694
f 4689/4700/4700 4690/4701/4701 4670/4681/4681 4683/4694/4694
f 4672/4683/4683 4671/4682/4682 4670/4681/4681 4690/4701/4701
f 4691/4702/4702 4684/4695/4695 4676/4687/4687 4677/4688/4688
f 4684/4695/4695 4691/4702/4702 4692/4703/4703 4685/4696/4696
f 4685/4696/4696 4692/4703/4703 4693/4704/4704 4686/4697/4697
f 4694/4705/4705 4687/4698/4698 4686/4697/4697 4693/4704/4704
f 4695/4706/4706 4688/4699/4699 4687/4698/4698 4694/4705/4705
f 4696/4707/4707 4689/4700/4700 4688/4699/4699 4695/4706/4706
f 4689/4700/4700 4696/4707/4707 4697/4708/4708 4690/4701/4701
f 4672/4683/4683 4690/4701/4701 4697/4708/4708 4673/4684/4684
f 4698/4709/4709 4674/4685/4685 4673/4684/4684 4697/4708/4708
f 4699/4710/4710 4152/4166/4166 4150/4164/4164 4639/4650/4650
f 4699/4710/4710 4639/4650/4650 4674/4685/4685 4698/4709/4709
f 4700/4711/4711 4698/4709/4709 4697/4708/4708 4696/4707/4707
f 4701/4712/4712 4699/4710/4710 4698/4709/4709 4700/4711/4711
f 4154/4168/4168 4152/4166/4166 4699/4710/4710 4701/4712/4712
f 4146/4158/4158 4703/4161/4161 4702/4160/4160 4147/4159/4159
f 4704/4199/4199 4703/4161/4161 4146/4158/4158 4178/4198/4198
f 4625/4636/4636 4147/4159/4159 4702/4160/4160 4677/4688/4688
f 4677/4688/4688 4702/4160/4160 4149/4163/4163 4691/4702/4702
f 4691/4702/4702 4149/4163/4163 4156/4170/4170 4705/4713/4713
f 4706/4714/4714 4692/4703/4703 4691/4702/4702 4705/4713/4713
f 4154/4168/4168 4706/4714/4714 4705/4713/4713 4156/4170/4170
f 4693/4704/4704 4692/4703/4703 4706/4714/4714 4694/4705/4705
f 4695/4706/4706 4707/4715/4715 4700/4711/4711 4696/4707/4707
f 4707/4715/4715 4695/4706/4706 4694/4705/4705 4706/4714/4714
f 4701/4712/4712 4707/4715/4715 4706/4714/4714 4154/4168/4168
f 4701/4712/4712 4700/4711/4711 4707/4715/4715
f 4503/4172/4172 4158/4175/4175 4708/4716/4716 4709/4717/4717
f 4158/4175/4175 4160/4174/4174 4710/4718/4718 4708/4716/4716
f 4160/4174/4174 4161/4176/4176 4711/4719/4719 4710/4718/4718
f 4161/4176/4176 4162/4177/4177 4604/4617/4617 4711/4719/4719
f 4476/4178/4178 4159/4173/4173 4712/4720/4720 4713/4721/4721
f 4164/4180/4180 4163/4179/4179 4714/4722/4722 4715/4723/4723
f 4165/4181/4181 4164/4180/4180 4715/4723/4723 4716/4724/4724
f 4364/4182/4182 4166/4185/4185 4717/4725/4725 4718/4726/4726
f 4166/4185/4185 4168/4184/4184 4719/4727/4727 4717/4725/4725
f 4168/4184/4184 4165/4181/4181 4716/4724/4724 4719/4727/4727
f 4167/4183/4183 4364/4182/4182 4718/4726/4726 4595/4604/4604
f 4163/4179/4179 4476/4178/4178 4713/4721/4721 4714/4722/4722
f 4159/4173/4173 4503/4172/4172 4709/4717/4717 4712/4720/4720
f 4834/4728/4728 4835/4729/4729 4720/4730/4730 4721/4731/4731
f 4835/4729/4729 4836/4732/4732 4722/4733/4733 4720/4730/4730
f 4836/4732/4732 4837/4734/4734 4723/4735/4735 4722/4733/4733
f 4837/4734/4734 4838/4624/4624 4608/4625/4625 4723/4735/4735
f 4832/4736/4736 4833/4737/4737 4724/4738/4738 4725/4739/4739
f 4830/4740/4740 4831/4741/4741 4726/4742/4742 4727/4743/4743
f 4829/4744/4744 4830/4740/4740 4727/4743/4743 4728/4745/4745
f 4826/4746/4746 4827/4747/4747 4729/4748/4748 4730/4749/4749
f 4827/4747/4747 4828/4750/4750 4731/4751/4751 4729/4748/4748
f 4828/4750/4750 4829/4744/4744 4728/4745/4745 4731/4751/4751
f 4825/4610/4610 4826/4746/4746 4730/4749/4749 4599/4611/4611
f 4831/4741/4741 4832/4736/4736 4725/4739/4739 4726/4742/4742
f 4833/4737/4737 4834/4728/4728 4721/4731/4731 4724/4738/4738
f 4588/4191/4191 4174/4193/4193 4732/4752/4752 4603/4616/4616
f 4174/4193/4193 4175/4192/4192 4733/4753/4753 4732/4752/4752
f 4620/4194/4194 4171/4188/4188 4596/4605/4605 4734/4754/4754
f 4177/4196/4196 4176/4195/4195 4735/4755/4755 4736/4756/4756
f 4623/4197/4197 4177/4196/4196 4736/4756/4756 4737/4757/4757
f 4704/4199/4199 4178/4198/4198 4738/4758/4758 4739/4759/4759
f 4175/4192/4192 4180/4201/4201 4740/4760/4760 4733/4753/4753
f 4180/4201/4201 4181/4202/4202 4741/4761/4761 4740/4760/4760
f 4181/4202/4202 4182/4203/4203 4742/4762/4762 4741/4761/4761
f 4182/4203/4203 4183/4204/4204 4743/4763/4763 4742/4762/4762
f 4183/4204/4204 4179/4200/4200 4744/4764/4764 4743/4763/4763
f 4176/4195/4195 4620/4194/4194 4734/4754/4754 4735/4755/4755
f 4178/4198/4198 4623/4197/4197 4737/4757/4757 4738/4758/4758
f 4179/4200/4200 4704/4199/4199 4739/4759/4759 4744/4764/4764
f 4841/4622/4622 4842/4765/4765 4745/4766/4766 4607/4623/4623
f 4842/4765/4765 4843/4767/4767 4746/4768/4768 4745/4766/4766
f 4852/4769/4769 4853/4770/4770 4748/4771/4771 4749/4772/4772
f 4851/4773/4773 4852/4769/4769 4749/4772/4772 4750/4774/4774
f 4849/4775/4775 4850/4776/4776 4751/4777/4777 4752/4778/4778
f 4843/4767/4767 4844/4779/4779 4753/4780/4780 4746/4768/4768
f 4844/4779/4779 4845/4781/4781 4754/4782/4782 4753/4780/4780
f 4845/4781/4781 4846/4783/4783 4755/4784/4784 4754/4782/4782
f 4846/4783/4783 4847/4785/4785 4756/4786/4786 4755/4784/4784
f 4847/4785/4785 4848/4787/4787 4757/4788/4788 4756/4786/4786
f 4853/4770/4770 4854/4789/4789 4747/4790/4790 4748/4771/4771
f 4850/4776/4776 4851/4773/4773 4750/4774/4774 4751/4777/4777
f 4848/4787/4787 4849/4775/4775 4752/4778/4778 4757/4788/4788
f 4747/4790/4790 4854/4789/4789 4855/4612/4612 4600/4613/4613
f 4593/4602/4602 4595/4604/4604 4759/4791/4791 4758/4792/4792
f 4595/4604/4604 4718/4726/4726 4760/4793/4793 4759/4791/4791
f 4718/4726/4726 4717/4725/4725 4761/4794/4794 4760/4793/4793
f 4717/4725/4725 4719/4727/4727 4762/4795/4795 4761/4794/4794
f 4719/4727/4727 4716/4724/4724 4763/4796/4796 4762/4795/4795
f 4716/4724/4724 4715/4723/4723 4764/4797/4797 4763/4796/4796
f 4715/4723/4723 4714/4722/4722 4765/4798/4798 4764/4797/4797
f 4714/4722/4722 4713/4721/4721 4766/4799/4799 4765/4798/4798
f 4713/4721/4721 4712/4720/4720 4767/4800/4800 4766/4799/4799
f 4712/4720/4720 4709/4717/4717 4768/4801/4801 4767/4800/4800
f 4709/4717/4717 4708/4716/4716 4769/4802/4802 4768/4801/4801
f 4708/4716/4716 4710/4718/4718 4770/4803/4803 4769/4802/4802
f 4710/4718/4718 4711/4719/4719 4771/4804/4804 4770/4803/4803
f 4711/4719/4719 4604/4617/4617 4772/4805/4805 4771/4804/4804
f 4604/4617/4617 4602/4615/4615 4773/4806/4806 4772/4805/4805
f 4602/4615/4615 4601/5921/4614 4774/5920/4807 4773/4806/4806
f 4601/4614/4614 4603/4616/4616 4775/4808/4808 4774/4807/4807
f 4603/4616/4616 4732/4752/4752 4776/4809/4809 4775/4808/4808
f 4732/4752/4752 4733/4753/4753 4777/4810/4810 4776/4809/4809
f 4733/4753/4753 4740/4760/4760 4778/4811/4811 4777/4810/4810
f 4740/4760/4760 4741/4761/4761 4779/4812/4812 4778/4811/4811
f 4741/4761/4761 4742/4762/4762 4780/4813/4813 4779/4812/4812
f 4742/4762/4762 4743/4763/4763 4781/4814/4814 4780/4813/4813
f 4743/4763/4763 4744/4764/4764 4782/4815/4815 4781/4814/4814
f 4744/4764/4764 4739/4759/4759 4783/4816/4816 4782/4815/4815
f 4739/4759/4759 4738/4758/4758 4784/4817/4817 4783/4816/4816
f 4738/4758/4758 4737/4757/4757 4785/4818/4818 4784/4817/4817
f 4737/4757/4757 4736/4756/4756 4786/4819/4819 4785/4818/4818
f 4736/4756/4756 4735/4755/4755 4787/4820/4820 4786/4819/4819
f 4735/4755/4755 4734/4754/4754 4788/4821/4821 4787/4820/4820
f 4789/4822/4822 4788/4821/4821 4734/4754/4754 4596/4605/4605
f 4596/4605/4605 4594/5637/4603 4790/5636/4823 4789/4822/4822
f 4594/4603/4603 4593/4602/4602 4758/4792/4792 4790/4823/4823
f 4758/4792/4792 4759/4791/4791 4792/4824/4824 4791/4825/4825
f 4759/4791/4791 4760/4793/4793 4793/4826/4826 4792/4824/4824
f 4760/4793/4793 4761/4794/4794 4794/4827/4827 4793/4826/4826
f 4761/4794/4794 4762/4795/4795 4795/4828/4828 4794/4827/4827
f 4762/4795/4795 4763/4796/4796 4796/4829/4829 4795/4828/4828
f 4763/4796/4796 4764/4797/4797 4797/4830/4830 4796/4829/4829
f 4764/4797/4797 4765/4798/4798 4798/4831/4831 4797/4830/4830
f 4765/4798/4798 4766/4799/4799 4799/4832/4832 4798/4831/4831
f 4766/4799/4799 4767/4800/4800 4800/4833/4833 4799/4832/4832
f 4767/4800/4800 4768/4801/4801 4801/4834/4834 4800/4833/4833
f 4768/4801/4801 4769/4802/4802 4802/4835/4835 4801/4834/4834
f 4769/4802/4802 4770/4803/4803 4803/4836/4836 4802/4835/4835
f 4770/4803/4803 4771/4804/4804 4804/4837/4837 4803/4836/4836
f 4771/4804/4804 4772/4805/4805 4805/4838/4838 4804/4837/4837
f 4772/4805/4805 4773/4806/4806 4806/4839/4839 4805/4838/4838
f 4773/4806/4806 4774/5920/4807 4807/5919/4840 4806/4839/4839
f 4774/4807/4807 4775/4808/4808 4808/4841/4841 4807/4840/4840
f 4775/4808/4808 4776/4809/4809 4809/4842/4842 4808/4841/4841
f 4776/4809/4809 4777/4810/4810 4810/4843/4843 4809/4842/4842
f 4777/4810/4810 4778/4811/4811 4811/4844/4844 4810/4843/4843
f 4778/4811/4811 4779/4812/4812 4812/4845/4845 4811/4844/4844
f 4779/4812/4812 4780/4813/4813 4813/4846/4846 4812/4845/4845
f 4780/4813/4813 4781/4814/4814 4814/4847/4847 4813/4846/4846
f 4781/4814/4814 4782/4815/4815 4815/4848/4848 4814/4847/4847
f 4782/4815/4815 4783/4816/4816 4816/4849/4849 4815/4848/4848
f 4783/4816/4816 4784/4817/4817 4817/4850/4850 4816/4849/4849
f 4784/4817/4817 4785/4818/4818 4818/4851/4851 4817/4850/4850
f 4785/4818/4818 4786/4819/4819 4819/4852/4852 4818/4851/4851
f 4786/4819/4819 4787/4820/4820 4820/4853/4853 4819/4852/4852
f 4787/4820/4820 4788/4821/4821 4821/4854/4854 4820/4853/4853
f 4822/4855/4855 4821/4854/4854 4788/4821/4821 4789/4822/4822
f 4789/4822/4822 4790/5636/4823 4823/5635/4856 4822/4855/4855
f 4790/4823/4823 4758/4792/4792 4791/4825/4825 4823/4856/4856
f 4791/4825/4825 4792/4824/4824 4825/4610/4610 4824/4607/4607
f 4792/4824/4824 4793/4826/4826 4826/4746/4746 4825/4610/4610
f 4793/4826/4826 4794/4827/4827 4827/4747/4747 4826/4746/4746
f 4794/4827/4827 4795/4828/4828 4828/4750/4750 4827/4747/4747
f 4795/4828/4828 4796/4829/4829 4829/4744/4744 4828/4750/4750
f 4796/4829/4829 4797/4830/4830 4830/4740/4740 4829/4744/4744
f 4797/4830/4830 4798/4831/4831 4831/4741/4741 4830/4740/4740
f 4798/4831/4831 4799/4832/4832 4832/4736/4736 4831/4741/4741
f 4799/4832/4832 4800/4833/4833 4833/4737/4737 4832/4736/4736
f 4800/4833/4833 4801/4834/4834 4834/4728/4728 4833/4737/4737
f 4801/4834/4834 4802/4835/4835 4835/4729/4729 4834/4728/4728
f 4802/4835/4835 4803/4836/4836 4836/4732/4732 4835/4729/4729
f 4803/4836/4836 4804/4837/4837 4837/4734/4734 4836/4732/4732
f 4804/4837/4837 4805/4838/4838 4838/4624/4624 4837/4734/4734
f 4805/4838/4838 4806/4839/4839 4839/4618/4618 4838/4624/4624
f 4806/4839/4839 4807/5919/4840 4840/5918/4619 4839/4618/4618
f 4807/4840/4840 4808/4841/4841 4841/4622/4622 4840/4619/4619
f 4808/4841/4841 4809/4842/4842 4842/4765/4765 4841/4622/4622
f 4809/4842/4842 4810/4843/4843 4843/4767/4767 4842/4765/4765
f 4810/4843/4843 4811/4844/4844 4844/4779/4779 4843/4767/4767
f 4811/4844/4844 4812/4845/4845 4845/4781/4781 4844/4779/4779
f 4812/4845/4845 4813/4846/4846 4846/4783/4783 4845/4781/4781
f 4813/4846/4846 4814/4847/4847 4847/4785/4785 4846/4783/4783
f 4814/4847/4847 4815/4848/4848 4848/4787/4787 4847/4785/4785
f 4815/4848/4848 4816/4849/4849 4849/4775/4775 4848/4787/4787
f 4816/4849/4849 4817/4850/4850 4850/4776/4776 4849/4775/4775
f 4817/4850/4850 4818/4851/4851 4851/4773/4773 4850/4776/4776
f 4818/4851/4851 4819/4852/4852 4852/4769/4769 4851/4773/4773
f 4819/4852/4852 4820/4853/4853 4853/4770/4770 4852/4769/4769
f 4820/4853/4853 4821/4854/4854 4854/4789/4789 4853/4770/4770
f 4855/4612/4612 4854/4789/4789 4821/4854/4854 4822/4855/4855
f 4822/4855/4855 4823/5635/4856 4856/5634/4606 4855/4612/4612
f 4823/4856/4856 4791/4825/4825 4824/4607/4607 4856/4606/4606
f 4922/4857/4857 4890/4858/4858 4954/4859/4859 4955/5631/4860
f 4955/4860/4860 4923/4861/4861 4921/4862/4862 4922/5632/4857
f 4890/4858/4858 4891/4863/4863 4953/4864/4864 4954/4859/4859
f 4905/4865/4865 4906/5916/4866 4938/4867/4867 4939/4868/4868
f 4906/4866/4866 4907/4869/4869 4937/4870/4870 4938/5915/4867
f 4939/4868/4868 4940/4871/4871 4904/4872/4872 4905/4865/4865
f 4900/4873/4873 4901/4874/4874 4943/4875/4875 4944/4876/4876
f 4901/4874/4874 4902/4877/4877 4942/4878/4878 4943/4875/4875
f 4902/4877/4877 4903/4879/4879 4941/4880/4880 4942/4878/4878
f 4903/4879/4879 4904/4872/4872 4940/4871/4871 4941/4880/4880
f 4898/4881/4881 4899/4882/4882 4945/4883/4883 4946/4884/4884
f 4896/4885/4885 4897/4886/4886 4947/4887/4887 4948/4888/4888
f 4895/4889/4889 4896/4885/4885 4948/4888/4888 4949/4890/4890
f 4892/4891/4891 4893/4892/4892 4951/4893/4893 4952/4894/4894
f 4893/4892/4892 4894/4895/4895 4950/4896/4896 4951/4893/4893
f 4894/4895/4895 4895/4889/4889 4949/4890/4890 4950/4896/4896
f 4891/4863/4863 4892/4891/4891 4952/4894/4894 4953/4864/4864
f 4897/4886/4886 4898/4881/4881 4946/4884/4884 4947/4887/4887
f 4899/4882/4882 4900/4873/4873 4944/4876/4876 4945/4883/4883
f 4907/4869/4869 4908/4897/4897 4936/4898/4898 4937/4870/4870
f 4908/4897/4897 4909/4899/4899 4935/4900/4900 4936/4898/4898
f 4918/4901/4901 4919/4902/4902 4925/4903/4903 4926/4904/4904
f 4917/4905/4905 4918/4901/4901 4926/4904/4904 4927/4906/4906
f 4915/4907/4907 4916/4908/4908 4928/4909/4909 4929/4910/4910
f 4909/4899/4899 4910/4911/4911 4934/4912/4912 4935/4900/4900
f 4910/4911/4911 4911/4913/4913 4933/4914/4914 4934/4912/4912
f 4911/4913/4913 4912/4915/4915 4932/4916/4916 4933/4914/4914
f 4912/4915/4915 4913/4917/4917 4931/4918/4918 4932/4916/4916
f 4913/4917/4917 4914/4919/4919 4930/4920/4920 4931/4918/4918
f 4919/4902/4902 4920/4921/4921 4924/4922/4922 4925/4903/4903
f 4916/4908/4908 4917/4905/4905 4927/4906/4906 4928/4909/4909
f 4914/4919/4919 4915/4907/4907 4929/4910/4910 4930/4920/4920
f 4920/4921/4921 4921/4862/4862 4923/4861/4861 4924/4922/4922
f 4599/4611/4611 4891/4863/4863 4890/4858/4858 4597/4608/4608
f 4599/4611/4611 4730/4749/4749 4892/4891/4891 4891/4863/4863
f 4730/4749/4749 4729/4748/4748 4893/4892/4892 4892/4891/4891
f 4729/4748/4748 4731/4751/4751 4894/4895/4895 4893/4892/4892
f 4731/4751/4751 4728/4745/4745 4895/4889/4889 4894/4895/4895
f 4728/4745/4745 4727/4743/4743 4896/4885/4885 4895/4889/4889
f 4727/4743/4743 4726/4742/4742 4897/4886/4886 4896/4885/4885
f 4726/4742/4742 4725/4739/4739 4898/4881/4881 4897/4886/4886
f 4725/4739/4739 4724/4738/4738 4899/4882/4882 4898/4881/4881
f 4724/4738/4738 4721/4731/4731 4900/4873/4873 4899/4882/4882
f 4721/4731/4731 4720/4730/4730 4901/4874/4874 4900/4873/4873
f 4720/4730/4730 4722/4733/4733 4902/4877/4877 4901/4874/4874
f 4722/4733/4733 4723/4735/4735 4903/4879/4879 4902/4877/4877
f 4723/4735/4735 4608/4625/4625 4904/4872/4872 4903/4879/4879
f 4905/4865/4865 4904/4872/4872 4608/4625/4625 4606/4621/4621
f 4606/4621/4621 4605/5917/4620 4906/5916/4866 4905/4865/4865
f 4607/4623/4623 4907/4869/4869 4906/4866/4866 4605/4620/4620
f 4607/4623/4623 4745/4766/4766 4908/4897/4897 4907/4869/4869
f 4745/4766/4766 4746/4768/4768 4909/4899/4899 4908/4897/4897
f 4746/4768/4768 4753/4780/4780 4910/4911/4911 4909/4899/4899
f 4753/4780/4780 4754/4782/4782 4911/4913/4913 4910/4911/4911
f 4754/4782/4782 4755/4784/4784 4912/4915/4915 4911/4913/4913
f 4755/4784/4784 4756/4786/4786 4913/4917/4917 4912/4915/4915
f 4756/4786/4786 4757/4788/4788 4914/4919/4919 4913/4917/4917
f 4757/4788/4788 4752/4778/4778 4915/4907/4907 4914/4919/4919
f 4752/4778/4778 4751/4777/4777 4916/4908/4908 4915/4907/4907
f 4751/4777/4777 4750/4774/4774 4917/4905/4905 4916/4908/4908
f 4750/4774/4774 4749/4772/4772 4918/4901/4901 4917/4905/4905
f 4749/4772/4772 4748/4771/4771 4919/4902/4902 4918/4901/4901
f 4748/4771/4771 4747/4790/4790 4920/4921/4921 4919/4902/4902
f 4747/4790/4790 4600/4613/4613 4921/4862/4862 4920/4921/4921
f 4922/5632/4857 4921/4862/4862 4600/4613/4613 4598/5633/4609
f 4598/4609/4609 4597/4608/4608 4890/4858/4858 4922/4857/4857
f 4924/4922/4922 4923/4861/4861 4956/4923/4923 4957/4924/4924
f 4925/4903/4903 4924/4922/4922 4957/4924/4924 4958/4925/4925
f 4926/4904/4904 4925/4903/4903 4958/4925/4925 4959/4926/4926
f 4927/4906/4906 4926/4904/4904 4959/4926/4926 4960/4927/4927
f 4928/4909/4909 4927/4906/4906 4960/4927/4927 4961/4928/4928
f 4929/4910/4910 4928/4909/4909 4961/4928/4928 4962/4929/4929
f 4930/4920/4920 4929/4910/4910 4962/4929/4929 4963/4930/4930
f 4931/4918/4918 4930/4920/4920 4963/4930/4930 4964/4931/4931
f 4932/4916/4916 4931/4918/4918 4964/4931/4931 4965/4932/4932
f 4933/4914/4914 4932/4916/4916 4965/4932/4932 4966/4933/4933
f 4934/4912/4912 4933/4914/4914 4966/4933/4933 4967/4934/4934
f 4935/4900/4900 4934/4912/4912 4967/4934/4934 4968/4935/4935
f 4936/4898/4898 4935/4900/4900 4968/4935/4935 4969/4936/4936
f 4937/4870/4870 4936/4898/4898 4969/4936/4936 4970/4937/4937
f 4938/5915/4867 4937/4870/4870 4970/4937/4937 4971/5914/4938
f 4939/4868/4868 4938/4867/4867 4971/4938/4938 4972/4939/4939
f 4972/4939/4939 4973/4940/4940 4940/4871/4871 4939/4868/4868
f 4941/4880/4880 4940/4871/4871 4973/4940/4940 4974/4941/4941
f 4942/4878/4878 4941/4880/4880 4974/4941/4941 4975/4942/4942
f 4943/4875/4875 4942/4878/4878 4975/4942/4942 4976/4943/4943
f 4944/4876/4876 4943/4875/4875 4976/4943/4943 4977/4944/4944
f 4945/4883/4883 4944/4876/4876 4977/4944/4944 4978/4945/4945
f 4946/4884/4884 4945/4883/4883 4978/4945/4945 4979/4946/4946
f 4947/4887/4887 4946/4884/4884 4979/4946/4946 4980/4947/4947
f 4948/4888/4888 4947/4887/4887 4980/4947/4947 4981/4948/4948
f 4949/4890/4890 4948/4888/4888 4981/4948/4948 4982/4949/4949
f 4950/4896/4896 4949/4890/4890 4982/4949/4949 4983/4950/4950
f 4951/4893/4893 4950/4896/4896 4983/4950/4950 4984/4951/4951
f 4952/4894/4894 4951/4893/4893 4984/4951/4951 4985/4952/4952
f 4953/4864/4864 4952/4894/4894 4985/4952/4952 4986/4953/4953
f 4954/4859/4859 4953/4864/4864 4986/4953/4953 4987/4954/4954
f 4955/5631/4860 4954/4859/4859 4987/4954/4954 4988/5630/4955
f 4988/4955/4955 4956/4923/4923 4923/4861/4861 4955/4860/4860
f 4957/4924/4924 4956/4923/4923 4859/4956/4956 4889/4957/4957
f 4958/4925/4925 4957/4924/4924 4889/4957/4957 4879/4958/4958
f 4959/4926/4926 4958/4925/4925 4879/4958/4958 4880/4959/4959
f 4960/4927/4927 4959/4926/4926 4880/4959/4959 4881/4960/4960
f 4961/4928/4928 4960/4927/4927 4881/4960/4960 4882/4961/4961
f 4962/4929/4929 4961/4928/4928 4882/4961/4961 4883/4962/4962
f 4963/4930/4930 4962/4929/4929 4883/4962/4962 4888/4963/4963
f 4964/4931/4931 4963/4930/4930 4888/4963/4963 4887/4964/4964
f 4965/4932/4932 4964/4931/4931 4887/4964/4964 4886/4965/4965
f 4966/4933/4933 4965/4932/4932 4886/4965/4965 4885/4966/4966
f 4967/4934/4934 4966/4933/4933 4885/4966/4966 4884/4967/4967
f 4968/4935/4935 4967/4934/4934 4884/4967/4967 4878/4968/4968
f 4969/4936/4936 4968/4935/4935 4878/4968/4968 4877/4969/4969
f 4970/4937/4937 4969/4936/4936 4877/4969/4969 4863/4970/4970
f 4971/5914/4938 4970/4937/4937 4863/4970/4970 4861/4971/4971
f 4972/4939/4939 4971/4938/4938 4861/5913/4971 4862/4972/4972
f 4864/4973/4973 4973/4940/4940 4972/4939/4939 4862/4972/4972
f 4974/4941/4941 4973/4940/4940 4864/4973/4973 4868/4974/4974
f 4975/4942/4942 4974/4941/4941 4868/4974/4974 4867/4975/4975
f 4976/4943/4943 4975/4942/4942 4867/4975/4975 4865/4976/4976
f 4977/4944/4944 4976/4943/4943 4865/4976/4976 4866/4977/4977
f 4978/4945/4945 4977/4944/4944 4866/4977/4977 4869/4978/4978
f 4979/4946/4946 4978/4945/4945 4869/4978/4978 4870/4979/4979
f 4980/4947/4947 4979/4946/4946 4870/4979/4979 4871/4980/4980
f 4981/4948/4948 4980/4947/4947 4871/4980/4980 4872/4981/4981
f 4982/4949/4949 4981/4948/4948 4872/4981/4981 4873/4982/4982
f 4983/4950/4950 4982/4949/4949 4873/4982/4982 4876/4983/4983
f 4984/4951/4951 4983/4950/4950 4876/4983/4983 4874/4984/4984
f 4985/4952/4952 4984/4951/4951 4874/4984/4984 4875/4985/4985
f 4986/4953/4953 4985/4952/4952 4875/4985/4985 4860/4986/4986
f 4987/4954/4954 4986/4953/4953 4860/4986/4986 4857/4987/4987
f 4988/5630/4955 4987/4954/4954 4857/4987/4987 4858/4988/4988
f 4859/4956/4956 4956/4923/4923 4988/4955/4955 4858/5629/4988
f 5054/4989/4989 5022/4990/4990 5086/4991/4991 5087/5627/4992
f 5022/4990/4990 5023/4993/4993 5085/4994/4994 5086/4991/4991
f 5087/4992/4992 5055/4995/4995 5053/4996/4996 5054/5628/4989
f 5037/4997/4997 5038/5912/4998 5070/4999/4999 5071/5000/5000
f 5071/5000/5000 5072/5001/5001 5036/5002/5002 5037/4997/4997
f 5038/4998/4998 5039/5003/5003 5069/5004/5004 5070/5911/4999
f 5023/4993/4993 5024/5005/5005 5084/5006/5006 5085/4994/4994
f 5032/5007/5007 5033/5008/5008 5075/5009/5009 5076/5010/5010
f 5033/5008/5008 5034/5011/5011 5074/5012/5012 5075/5009/5009
f 5034/5011/5011 5035/5013/5013 5073/5014/5014 5074/5012/5012
f 5035/5013/5013 5036/5002/5002 5072/5001/5001 5073/5014/5014
f 5030/5015/5015 5031/5016/5016 5077/5017/5017 5078/5018/5018
f 5028/5019/5019 5029/5020/5020 5079/5021/5021 5080/5022/5022
f 5027/5023/5023 5028/5019/5019 5080/5022/5022 5081/5024/5024
f 5024/5005/5005 5025/5025/5025 5083/5026/5026 5084/5006/5006
f 5025/5025/5025 5026/5027/5027 5082/5028/5028 5083/5026/5026
f 5026/5027/5027 5027/5023/5023 5081/5024/5024 5082/5028/5028
f 5029/5020/5020 5030/5015/5015 5078/5018/5018 5079/5021/5021
f 5031/5016/5016 5032/5007/5007 5076/5010/5010 5077/5017/5017
f 5039/5003/5003 5040/5029/5029 5068/5030/5030 5069/5004/5004
f 5040/5029/5029 5041/5031/5031 5067/5032/5032 5068/5030/5030
f 5050/5033/5033 5051/5034/5034 5057/5035/5035 5058/5036/5036
f 5049/5037/5037 5050/5033/5033 5058/5036/5036 5059/5038/5038
f 5047/5039/5039 5048/5040/5040 5060/5041/5041 5061/5042/5042
f 5041/5031/5031 5042/5043/5043 5066/5044/5044 5067/5032/5032
f 5042/5043/5043 5043/5045/5045 5065/5046/5046 5066/5044/5044
f 5043/5045/5045 5044/5047/5047 5064/5048/5048 5065/5046/5046
f 5044/5047/5047 5045/5049/5049 5063/5050/5050 5064/5048/5048
f 5045/5049/5049 5046/5051/5051 5062/5052/5052 5063/5050/5050
f 5051/5034/5034 5052/5053/5053 5056/5054/5054 5057/5035/5035
f 5048/5040/5040 5049/5037/5037 5059/5038/5038 5060/5041/5041
f 5046/5051/5051 5047/5039/5039 5061/5042/5042 5062/5052/5052
f 5055/4995/4995 5056/5054/5054 5052/5053/5053 5053/4996/4996
f 4860/4986/4986 5023/4993/4993 5022/4990/4990 4857/4987/4987
f 4875/4985/4985 5024/5005/5005 5023/4993/4993 4860/4986/4986
f 4875/4985/4985 4874/4984/4984 5025/5025/5025 5024/5005/5005
f 4874/4984/4984 4876/4983/4983 5026/5027/5027 5025/5025/5025
f 4876/4983/4983 4873/4982/4982 5027/5023/5023 5026/5027/5027
f 4873/4982/4982 4872/4981/4981 5028/5019/5019 5027/5023/5023
f 4872/4981/4981 4871/4980/4980 5029/5020/5020 5028/5019/5019
f 4871/4980/4980 4870/4979/4979 5030/5015/5015 5029/5020/5020
f 4870/4979/4979 4869/4978/4978 5031/5016/5016 5030/5015/5015
f 4869/4978/4978 4866/4977/4977 5032/5007/5007 5031/5016/5016
f 4866/4977/4977 4865/4976/4976 5033/5008/5008 5032/5007/5007
f 4865/4976/4976 4867/4975/4975 5034/5011/5011 5033/5008/5008
f 4867/4975/4975 4868/4974/4974 5035/5013/5013 5034/5011/5011
f 4868/4974/4974 4864/4973/4973 5036/5002/5002 5035/5013/5013
f 5037/4997/4997 5036/5002/5002 4864/4973/4973 4862/4972/4972
f 4862/4972/4972 4861/5913/4971 5038/5912/4998 5037/4997/4997
f 4863/4970/4970 5039/5003/5003 5038/4998/4998 4861/4971/4971
f 4863/4970/4970 4877/4969/4969 5040/5029/5029 5039/5003/5003
f 4877/4969/4969 4878/4968/4968 5041/5031/5031 5040/5029/5029
f 4878/4968/4968 4884/4967/4967 5042/5043/5043 5041/5031/5031
f 4884/4967/4967 4885/4966/4966 5043/5045/5045 5042/5043/5043
f 4885/4966/4966 4886/4965/4965 5044/5047/5047 5043/5045/5045
f 4886/4965/4965 4887/4964/4964 5045/5049/5049 5044/5047/5047
f 4887/4964/4964 4888/4963/4963 5046/5051/5051 5045/5049/5049
f 4888/4963/4963 4883/4962/4962 5047/5039/5039 5046/5051/5051
f 4883/4962/4962 4882/4961/4961 5048/5040/5040 5047/5039/5039
f 4882/4961/4961 4881/4960/4960 5049/5037/5037 5048/5040/5040
f 4881/4960/4960 4880/4959/4959 5050/5033/5033 5049/5037/5037
f 4880/4959/4959 4879/4958/4958 5051/5034/5034 5050/5033/5033
f 4879/4958/4958 4889/4957/4957 5052/5053/5053 5051/5034/5034
f 5053/4996/4996 5052/5053/5053 4889/4957/4957 4859/4956/4956
f 5054/5628/4989 5053/4996/4996 4859/4956/4956 4858/5629/4988
f 4858/4988/4988 4857/4987/4987 5022/4990/4990 5054/4989/4989
f 5088/5055/5055 5089/5056/5056 5056/5054/5054 5055/4995/4995
f 5057/5035/5035 5056/5054/5054 5089/5056/5056 5090/5057/5057
f 5058/5036/5036 5057/5035/5035 5090/5057/5057 5091/5058/5058
f 5059/5038/5038 5058/5036/5036 5091/5058/5058 5092/5059/5059
f 5060/5041/5041 5059/5038/5038 5092/5059/5059 5093/5060/5060
f 5061/5042/5042 5060/5041/5041 5093/5060/5060 5094/5061/5061
f 5062/5052/5052 5061/5042/5042 5094/5061/5061 5095/5062/5062
f 5063/5050/5050 5062/5052/5052 5095/5062/5062 5096/5063/5063
f 5064/5048/5048 5063/5050/5050 5096/5063/5063 5097/5064/5064
f 5065/5046/5046 5064/5048/5048 5097/5064/5064 5098/5065/5065
f 5066/5044/5044 5065/5046/5046 5098/5065/5065 5099/5066/5066
f 5067/5032/5032 5066/5044/5044 5099/5066/5066 5100/5067/5067
f 5068/5030/5030 5067/5032/5032 5100/5067/5067 5101/5068/5068
f 5069/5004/5004 5068/5030/5030 5101/5068/5068 5102/5069/5069
f 5070/5911/4999 5069/5004/5004 5102/5069/5069 5103/5910/5070
f 5071/5000/5000 5070/4999/4999 5103/5070/5070 5104/5071/5071
f 5104/5071/5071 5105/5072/5072 5072/5001/5001 5071/5000/5000
f 5073/5014/5014 5072/5001/5001 5105/5072/5072 5106/5073/5073
f 5074/5012/5012 5073/5014/5014 5106/5073/5073 5107/5074/5074
f 5075/5009/5009 5074/5012/5012 5107/5074/5074 5108/5075/5075
f 5076/5010/5010 5075/5009/5009 5108/5075/5075 5109/5076/5076
f 5077/5017/5017 5076/5010/5010 5109/5076/5076 5110/5077/5077
f 5078/5018/5018 5077/5017/5017 5110/5077/5077 5111/5078/5078
f 5079/5021/5021 5078/5018/5018 5111/5078/5078 5112/5079/5079
f 5080/5022/5022 5079/5021/5021 5112/5079/5079 5113/5080/5080
f 5081/5024/5024 5080/5022/5022 5113/5080/5080 5114/5081/5081
f 5082/5028/5028 5081/5024/5024 5114/5081/5081 5115/5082/5082
f 5083/5026/5026 5082/5028/5028 5115/5082/5082 5116/5083/5083
f 5084/5006/5006 5083/5026/5026 5116/5083/5083 5117/5084/5084
f 5085/4994/4994 5084/5006/5006 5117/5084/5084 5118/5085/5085
f 5086/4991/4991 5085/4994/4994 5118/5085/5085 5119/5086/5086
f 5087/5627/4992 5086/4991/4991 5119/5086/5086 5120/5626/5087
f 5120/5087/5087 5088/5055/5055 5055/4995/4995 5087/4992/4992
f 5021/5088/5088 5089/5056/5056 5088/5055/5055 4992/5089/5089
f 5090/5057/5057 5089/5056/5056 5021/5088/5088 5011/5090/5090
f 5091/5058/5058 5090/5057/5057 5011/5090/5090 5012/5091/5091
f 5092/5059/5059 5091/5058/5058 5012/5091/5091 5013/5092/5092
f 5093/5060/5060 5092/5059/5059 5013/5092/5092 5014/5093/5093
f 5094/5061/5061 5093/5060/5060 5014/5093/5093 5015/5094/5094
f 5095/5062/5062 5094/5061/5061 5015/5094/5094 5020/5095/5095
f 5096/5063/5063 5095/5062/5062 5020/5095/5095 5019/5096/5096
f 5097/5064/5064 5096/5063/5063 5019/5096/5096 5018/5097/5097
f 5098/5065/5065 5097/5064/5064 5018/5097/5097 5017/5098/5098
f 5099/5066/5066 5098/5065/5065 5017/5098/5098 5016/5099/5099
f 5100/5067/5067 5099/5066/5066 5016/5099/5099 5010/5100/5100
f 5101/5068/5068 5100/5067/5067 5010/5100/5100 5009/5101/5101
f 5102/5069/5069 5101/5068/5068 5009/5101/5101 4996/5102/5102
f 5103/5910/5070 5102/5069/5069 4996/5102/5102 4993/5103/5103
f 5104/5071/5071 5103/5070/5070 4993/5909/5103 4994/5104/5104
f 4995/5105/5105 5105/5072/5072 5104/5071/5071 4994/5104/5104
f 5106/5073/5073 5105/5072/5072 4995/5105/5105 5001/5106/5106
f 5107/5074/5074 5106/5073/5073 5001/5106/5106 5000/5107/5107
f 5108/5075/5075 5107/5074/5074 5000/5107/5107 4998/5108/5108
f 5109/5076/5076 5108/5075/5075 4998/5108/5108 4999/5109/5109
f 5110/5077/5077 5109/5076/5076 4999/5109/5109 5002/5110/5110
f 5111/5078/5078 5110/5077/5077 5002/5110/5110 5003/5111/5111
f 5112/5079/5079 5111/5078/5078 5003/5111/5111 5004/5112/5112
f 5113/5080/5080 5112/5079/5079 5004/5112/5112 5005/5113/5113
f 5114/5081/5081 5113/5080/5080 5005/5113/5113 5006/5114/5114
f 5115/5082/5082 5114/5081/5081 5006/5114/5114 5008/5115/5115
f 5116/5083/5083 5115/5082/5082 5008/5115/5115 5007/5116/5116
f 5117/5084/5084 5116/5083/5083 5007/5116/5116 4997/5117/5117
f 5118/5085/5085 5117/5084/5084 4997/5117/5117 4991/5118/5118
f 5119/5086/5086 5118/5085/5085 4991/5118/5118 4989/5119/5119
f 5120/5626/5087 5119/5086/5086 4989/5119/5119 4990/5120/5120
f 4992/5089/5089 5088/5055/5055 5120/5087/5087 4990/5625/5120
f 5122/5121/5121 4994/5104/5104 4993/5909/5103 5121/5908/5122
f 5124/5123/5123 5122/5121/5121 5121/5908/5122 5123/5907/5124
f 5123/5907/5124 5125/5906/5125 5126/5126/5126 5124/5123/5123
f 5125/5906/5125 5127/5905/5127 5128/5128/5128 5126/5126/5126
f 5127/5905/5127 5129/5904/5129 5130/5130/5130 5128/5128/5128
f 5129/5904/5129 5131/5131/5131 5132/5132/5132 5130/5130/5130
f 5121/5122/5122 4993/5103/5103 4996/5102/5102 5133/5133/5133
f 5133/5133/5133 5134/5134/5134 5123/5124/5124 5121/5122/5122
f 5125/5125/5125 5123/5124/5124 5134/5134/5134 5135/5135/5135
f 5127/5127/5127 5125/5125/5125 5135/5135/5135 5136/5136/5136
f 5136/5136/5136 5137/5137/5137 5129/5129/5129 5127/5127/5127
f 5131/5131/5131 5129/5129/5129 5137/5137/5137 5138/5138/5138
f 4990/5120/5120 4989/5119/5119 5139/5139/5139 5140/5624/5140
f 5140/5624/5140 5139/5139/5139 5141/5141/5141 5142/5623/5142
f 5142/5623/5142 5141/5141/5141 5143/5143/5143 5144/5622/5144
f 5144/5622/5144 5143/5143/5143 5145/5145/5145 5146/5621/5146
f 5146/5621/5146 5145/5145/5145 5147/5147/5147 5148/5620/5148
f 5148/5620/5148 5147/5147/5147 5149/5149/5149 5150/5150/5150
f 5151/5151/5151 4992/5089/5089 4990/5625/5120 5140/5140/5140
f 5152/5152/5152 5151/5151/5151 5140/5140/5140 5142/5142/5142
f 5153/5153/5153 5152/5152/5152 5142/5142/5142 5144/5144/5144
f 5144/5144/5144 5146/5146/5146 5154/5154/5154 5153/5153/5153
f 5146/5146/5146 5148/5148/5148 5155/5155/5155 5154/5154/5154
f 5156/5156/5156 5155/5155/5155 5148/5148/5148 5150/5619/5150
f 5138/5138/5138 5137/5137/5137 5157/5157/5157 5158/5158/5158
f 5137/5137/5137 5136/5136/5136 5159/5159/5159 5157/5157/5157
f 5160/5160/5160 5159/5159/5159 5136/5136/5136 5135/5135/5135
f 5161/5161/5161 5160/5160/5160 5135/5135/5135 5134/5134/5134
f 5162/5162/5162 5161/5161/5161 5134/5134/5134 5133/5133/5133
f 5009/5101/5101 5162/5162/5162 5133/5133/5133 4996/5102/5102
f 5016/5099/5099 5163/5163/5163 5164/5164/5164 5010/5100/5100
f 5161/5161/5161 5162/5162/5162 5164/5164/5164 5165/5165/5165
f 5166/5166/5166 5165/5165/5165 5164/5164/5164 5163/5163/5163
f 5166/5166/5166 5167/5167/5167 5168/5168/5168 5165/5165/5165
f 5160/5160/5160 5161/5161/5161 5165/5165/5165 5168/5168/5168
f 5170/5169/5169 5168/5168/5168 5167/5167/5167 5169/5170/5170
f 5168/5168/5168 5170/5169/5169 5159/5159/5159 5160/5160/5160
f 5010/5100/5100 5164/5164/5164 5162/5162/5162 5009/5101/5101
f 5169/5170/5170 5171/5171/5171 5172/5172/5172 5170/5169/5169
f 5170/5169/5169 5172/5172/5172 5157/5157/5157 5159/5159/5159
f 5171/5171/5171 5173/5173/5173 5174/5174/5174 5172/5172/5172
f 5158/5158/5158 5157/5157/5157 5172/5172/5172 5174/5174/5174
f 4992/5089/5089 5151/5151/5151 5175/5175/5175 5021/5088/5088
f 5151/5151/5151 5152/5152/5152 5176/5176/5176 5175/5175/5175
f 5176/5176/5176 5152/5152/5152 5153/5153/5153 5177/5177/5177
f 5154/5154/5154 5178/5178/5178 5177/5177/5177 5153/5153/5153
f 5154/5154/5154 5155/5155/5155 5179/5179/5179 5178/5178/5178
f 5179/5179/5179 5155/5155/5155 5156/5156/5156 5180/5180/5180
f 5180/5180/5180 5195/5181/5181 5196/5182/5182 5179/5179/5179
f 5181/5183/5183 5205/5184/5184 5206/5185/5185 5182/5186/5186
f 5179/5179/5179 5196/5182/5182 5197/5187/5187 5178/5178/5178
f 5182/5186/5186 5206/5185/5185 5207/5188/5188 5183/5189/5189
f 5184/5190/5190 5011/5090/5090 5021/5088/5088 5175/5175/5175
f 5012/5091/5091 5185/5191/5191 5186/5192/5192 5013/5092/5092
f 5011/5090/5090 5184/5190/5190 5185/5191/5191 5012/5091/5091
f 5013/5092/5092 5186/5192/5192 5187/5193/5193 5014/5093/5093
f 5014/5093/5093 5187/5193/5193 5188/5194/5194 5015/5094/5094
f 5189/5195/5195 5020/5095/5095 5015/5094/5094 5188/5194/5194
f 5190/5196/5196 5019/5096/5096 5020/5095/5095 5189/5195/5195
f 5019/5096/5096 5190/5196/5196 5191/5197/5197 5018/5097/5097
f 5192/5198/5198 5017/5098/5098 5018/5097/5097 5191/5197/5197
f 5192/5198/5198 5163/5163/5163 5016/5099/5099 5017/5098/5098
f 5175/5175/5175 5176/5176/5176 5193/5199/5199 5184/5190/5190
f 5193/5199/5199 5176/5176/5176 5177/5177/5177 5194/5200/5200
f 5196/5182/5182 5195/5181/5181 5181/5183/5183 5182/5186/5186
f 5197/5187/5187 5196/5182/5182 5182/5186/5186 5183/5189/5189
f 5178/5178/5178 5197/5187/5187 5194/5200/5200 5177/5177/5177
f 5198/5201/5201 5194/5200/5200 5197/5187/5187 5183/5189/5189
f 5199/5202/5202 5193/5199/5199 5194/5200/5200 5198/5201/5201
f 5199/5202/5202 5185/5191/5191 5184/5190/5190 5193/5199/5199
f 5186/5192/5192 5185/5191/5191 5199/5202/5202 5187/5193/5193
f 5166/5166/5166 5163/5163/5163 5192/5198/5198 5167/5167/5167
f 5198/5201/5201 5200/5203/5203 5187/5193/5193 5199/5202/5202
f 5191/5197/5197 5201/5204/5204 5167/5167/5167 5192/5198/5198
f 5202/5205/5205 5188/5194/5194 5187/5193/5193 5200/5203/5203
f 5188/5194/5194 5202/5205/5205 5203/5206/5206 5189/5195/5195
f 5204/5207/5207 5190/5196/5196 5189/5195/5195 5203/5206/5206
f 5201/5204/5204 5191/5197/5197 5190/5196/5196 5204/5207/5207
f 5206/5185/5185 5205/5184/5184 5208/5208/5208 5209/5209/5209
f 5207/5188/5188 5206/5185/5185 5209/5209/5209 5210/5210/5210
f 5209/5209/5209 5208/5208/5208 5211/5211/5211 5212/5212/5212
f 5210/5210/5210 5209/5209/5209 5212/5212/5212 5213/5213/5213
f 5183/5189/5189 5207/5188/5188 5200/5203/5203 5198/5201/5201
f 5200/5203/5203 5207/5188/5188 5210/5210/5210 5202/5205/5205
f 5212/5212/5212 5211/5211/5211 5173/5173/5173 5171/5171/5171
f 5213/5213/5213 5212/5212/5212 5171/5171/5171 5169/5170/5170
f 5169/5170/5170 5167/5167/5167 5201/5204/5204 5213/5213/5213
f 5202/5205/5205 5210/5210/5210 5213/5213/5213 5203/5206/5206
f 5201/5204/5204 5204/5207/5207 5203/5206/5206 5213/5213/5213
f 4991/5118/5118 5214/5214/5214 5139/5139/5139 4989/5119/5119
f 5141/5141/5141 5139/5139/5139 5214/5214/5214 5215/5215/5215
f 5215/5215/5215 5216/5216/5216 5143/5143/5143 5141/5141/5141
f 5216/5216/5216 5217/5217/5217 5145/5145/5145 5143/5143/5143
f 5218/5218/5218 5147/5147/5147 5145/5145/5145 5217/5217/5217
f 5218/5218/5218 5219/5478/5219 5149/5149/5149 5147/5147/5147
f 5220/5220/5220 4995/5105/5105 4994/5104/5104 5122/5121/5121
f 5222/5221/5221 5220/5220/5220 5122/5121/5121 5221/5222/5222
f 5223/5223/5223 5221/5222/5222 5122/5121/5121 5124/5123/5123
f 5130/5130/5130 5132/5132/5132 5224/5224/5224 5225/5225/5225
f 5225/5225/5225 5226/5226/5226 5128/5128/5128 5130/5130/5130
f 5226/5226/5226 5227/5227/5227 5126/5126/5126 5128/5128/5128
f 5227/5227/5227 5223/5223/5223 5124/5123/5123 5126/5126/5126
f 5225/5225/5225 5224/5224/5224 5228/5228/5228 5229/5229/5229
f 5229/5229/5229 5230/5230/5230 5226/5226/5226 5225/5225/5225
f 5227/5227/5227 5226/5226/5226 5230/5230/5230 5231/5231/5231
f 5231/5231/5231 5232/5232/5232 5223/5223/5223 5227/5227/5227
f 5232/5232/5232 5222/5221/5221 5221/5222/5222 5223/5223/5223
f 5220/5220/5220 5233/5233/5233 5001/5106/5106 4995/5105/5105
f 5233/5233/5233 5220/5220/5220 5222/5221/5221 5234/5234/5234
f 5229/5229/5229 5228/5228/5228 5235/5235/5235 5236/5236/5236
f 5236/5236/5236 5237/5237/5237 5230/5230/5230 5229/5229/5229
f 5237/5237/5237 5238/5238/5238 5231/5231/5231 5230/5230/5230
f 5232/5232/5232 5231/5231/5231 5238/5238/5238 5239/5239/5239
f 5239/5239/5239 5234/5234/5234 5222/5221/5221 5232/5232/5232
f 5240/5240/5240 5214/5214/5214 4991/5118/5118 4997/5117/5117
f 4997/5117/5117 5241/5241/5241 5242/5242/5242 5240/5240/5240
f 5241/5241/5241 4997/5117/5117 5007/5116/5116 5243/5243/5243
f 5244/5244/5244 5243/5243/5243 5007/5116/5116 5008/5115/5115
f 5006/5114/5114 5245/5245/5245 5244/5244/5244 5008/5115/5115
f 5233/5233/5233 5246/5246/5246 5000/5107/5107 5001/5106/5106
f 5246/5246/5246 5247/5247/5247 4998/5108/5108 5000/5107/5107
f 5247/5247/5247 5248/5248/5248 4999/5109/5109 4998/5108/5108
f 5249/5249/5249 5002/5110/5110 4999/5109/5109 5248/5248/5248
f 5002/5110/5110 5249/5249/5249 5250/5250/5250 5003/5111/5111
f 5251/5251/5251 5004/5112/5112 5003/5111/5111 5250/5250/5250
f 5004/5112/5112 5251/5251/5251 5252/5252/5252 5005/5113/5113
f 5005/5113/5113 5252/5252/5252 5245/5245/5245 5006/5114/5114
f 5234/5234/5234 5253/5253/5253 5246/5246/5246 5233/5233/5233
f 5247/5247/5247 5246/5246/5246 5253/5253/5253 5254/5254/5254
f 5254/5254/5254 5255/5255/5255 5248/5248/5248 5247/5247/5247
f 5256/5256/5256 5249/5249/5249 5248/5248/5248 5255/5255/5255
f 5249/5249/5249 5256/5256/5256 5257/5257/5257 5250/5250/5250
f 5250/5250/5250 5257/5257/5257 5258/5258/5258 5251/5251/5251
f 5251/5251/5251 5258/5258/5258 5259/5259/5259 5252/5252/5252
f 5259/5259/5259 5260/5260/5260 5245/5245/5245 5252/5252/5252
f 5245/5245/5245 5260/5260/5260 5261/5261/5261 5244/5244/5244
f 5243/5243/5243 5244/5244/5244 5261/5261/5261 5241/5241/5241
f 5253/5253/5253 5234/5234/5234 5239/5239/5239 5262/5262/5262
f 5254/5254/5254 5253/5253/5253 5262/5262/5262 5263/5263/5263
f 5255/5255/5255 5254/5254/5254 5263/5263/5263 5264/5264/5264
f 5256/5256/5256 5255/5255/5255 5264/5264/5264 5265/5265/5265
f 5257/5257/5257 5256/5256/5256 5265/5265/5265 5266/5266/5266
f 5258/5258/5258 5257/5257/5257 5266/5266/5266 5267/5267/5267
f 5259/5259/5259 5258/5258/5258 5267/5267/5267 5268/5268/5268
f 5260/5260/5260 5259/5259/5259 5268/5268/5268 5269/5269/5269
f 5261/5261/5261 5260/5260/5260 5269/5269/5269 5270/5270/5270
f 5241/5241/5241 5261/5261/5261 5270/5270/5270 5242/5242/5242
f 5238/5238/5238 5271/5271/5271 5272/5272/5272 5239/5239/5239
f 5272/5272/5272 5273/5273/5273 5262/5262/5262 5239/5239/5239
f 5263/5263/5263 5262/5262/5262 5273/5273/5273 5274/5274/5274
f 5275/5275/5275 5264/5264/5264 5263/5263/5263 5274/5274/5274
f 5265/5265/5265 5264/5264/5264 5275/5275/5275 5276/5276/5276
f 5265/5265/5265 5276/5276/5276 5277/5277/5277 5266/5266/5266
f 5273/5273/5273 5272/5272/5272 5271/5271/5271 5278/5278/5278
f 5278/5278/5278 5279/5279/5279 5274/5274/5274 5273/5273/5273
f 5274/5274/5274 5279/5279/5279 5280/5280/5280 5275/5275/5275
f 5275/5275/5275 5280/5280/5280 5281/5281/5281 5276/5276/5276
f 5276/5276/5276 5281/5281/5281 5282/5282/5282 5277/5277/5277
f 5283/5283/5283 5267/5267/5267 5266/5266/5266 5277/5277/5277
f 5267/5267/5267 5283/5283/5283 5284/5284/5284 5268/5268/5268
f 5269/5269/5269 5268/5268/5268 5284/5284/5284 5285/5285/5285
f 5286/5286/5286 5270/5270/5270 5269/5269/5269 5285/5285/5285
f 5286/5286/5286 5287/5287/5287 5242/5242/5242 5270/5270/5270
f 5287/5287/5287 5288/5288/5288 5240/5240/5240 5242/5242/5242
f 5215/5215/5215 5214/5214/5214 5240/5240/5240 5288/5288/5288
f 5289/5289/5289 5283/5283/5283 5277/5277/5277 5282/5282/5282
f 5283/5283/5283 5289/5289/5289 5290/5290/5290 5284/5284/5284
f 5291/5291/5291 5285/5285/5285 5284/5284/5284 5290/5290/5290
f 5292/5292/5292 5286/5286/5286 5285/5285/5285 5291/5291/5291
f 5287/5287/5287 5286/5286/5286 5292/5292/5292 5293/5293/5293
f 5293/5293/5293 5294/5294/5294 5288/5288/5288 5287/5287/5287
f 5288/5288/5288 5294/5294/5294 5216/5216/5216 5215/5215/5215
f 5296/5295/5295 5292/5292/5292 5291/5291/5291 5295/5296/5296
f 5293/5293/5293 5292/5292/5292 5296/5295/5295 5297/5297/5297
f 5297/5297/5297 5298/5298/5298 5294/5294/5294 5293/5293/5293
f 5294/5294/5294 5298/5298/5298 5217/5217/5217 5216/5216/5216
f 5300/5299/5299 5299/5300/5300 5280/5280/5280 5279/5279/5279
f 5280/5280/5280 5299/5300/5300 5301/5301/5301 5281/5281/5281
f 5301/5301/5301 5302/5302/5302 5282/5282/5282 5281/5281/5281
f 5303/5303/5303 5289/5289/5289 5282/5282/5282 5302/5302/5302
f 5289/5289/5289 5303/5303/5303 5304/5304/5304 5290/5290/5290
f 5295/5296/5296 5291/5291/5291 5290/5290/5290 5304/5304/5304
f 5271/5271/5271 5238/5238/5238 5237/5237/5237 5305/5305/5305
f 5278/5278/5278 5271/5271/5271 5305/5305/5305 5306/5306/5306
f 5306/5306/5306 5300/5299/5299 5279/5279/5279 5278/5278/5278
f 5235/5235/5235 5307/5307/5307 5308/5308/5308 5236/5236/5236
f 5236/5236/5236 5308/5308/5308 5305/5305/5305 5237/5237/5237
f 5310/5309/5309 5305/5305/5305 5308/5308/5308 5309/5310/5310
f 5307/5307/5307 5311/5311/5311 5309/5310/5310 5308/5308/5308
f 5311/5311/5311 5312/5312/5312 5310/5309/5309 5309/5310/5310
f 5310/5309/5309 5313/5313/5313 5306/5306/5306 5305/5305/5305
f 5312/5312/5312 5314/5497/5314 5313/5313/5313 5310/5309/5309
f 5313/5313/5313 5315/5315/5315 5300/5299/5299 5306/5306/5306
f 5314/5497/5314 5316/5496/5316 5315/5315/5315 5313/5313/5313
f 5315/5315/5315 5317/5317/5317 5299/5300/5300 5300/5299/5299
f 5317/5317/5317 5315/5315/5315 5316/5496/5316 5318/5495/5318
f 5317/5317/5317 5319/5319/5319 5301/5301/5301 5299/5300/5300
f 5319/5319/5319 5320/5320/5320 5302/5302/5302 5301/5301/5301
f 5303/5303/5303 5302/5302/5302 5320/5320/5320 5321/5321/5321
f 5320/5320/5320 5322/5494/5322 5323/5492/5323 5321/5321/5321
f 5324/5493/5324 5319/5319/5319 5317/5317/5317 5318/5495/5318
f 5324/5493/5324 5322/5494/5322 5320/5320/5320 5319/5319/5319
f 5321/5321/5321 5325/5325/5325 5304/5304/5304 5303/5303/5303
f 5326/5326/5326 5295/5296/5296 5304/5304/5304 5325/5325/5325
f 5296/5295/5295 5295/5296/5296 5326/5326/5326 5327/5327/5327
f 5297/5297/5297 5296/5295/5295 5327/5327/5327 5328/5328/5328
f 5328/5328/5328 5329/5329/5329 5298/5298/5298 5297/5297/5297
f 5217/5217/5217 5298/5298/5298 5329/5329/5329 5218/5218/5218
f 5218/5218/5218 5329/5329/5329 5330/5490/5330 5219/5478/5219
f 5321/5321/5321 5323/5492/5323 5331/5491/5331 5325/5325/5325
f 5325/5325/5325 5331/5491/5331 5332/5498/5332 5326/5326/5326
f 5332/5498/5332 5333/5499/5333 5327/5327/5327 5326/5326/5326
f 5333/5499/5333 5334/5489/5334 5328/5328/5328 5327/5327/5327
f 5334/5489/5334 5330/5490/5330 5329/5329/5329 5328/5328/5328
f 5336/5335/5335 1674/1679/1679 1673/1678/1678 5335/5336/5336
f 5337/5337/5337 5335/5336/5336 1673/1678/1678 1677/1684/1684
f 5335/5336/5336 5337/5337/5337 5338/5338/5338 5336/5335/5335
f 5340/5450/5339 5339/5340/5340 5336/5335/5335 5338/5338/5338
f 1674/1679/1679 5336/5335/5335 5339/5340/5340 1661/1666/1666
f 5341/5341/5341 1662/1667/1667 1661/1666/1666 5339/5340/5340
f 5339/5340/5340 5340/5450/5339 5342/5482/5342 5341/5341/5341
f 5219/5478/5219 5343/5343/5343 5150/5150/5150 5149/5149/5149
f 5156/5156/5156 5150/5619/5150 5343/5618/5343 5344/5344/5344
f 5180/5180/5180 5156/5156/5156 5344/5344/5344 5345/5345/5345
f 5345/5345/5345 5346/5346/5346 5195/5181/5181 5180/5180/5180
f 5346/5346/5346 5347/5347/5347 5181/5183/5183 5195/5181/5181
f 5347/5347/5347 5348/5348/5348 5205/5184/5184 5181/5183/5183
f 5349/5349/5349 5208/5208/5208 5205/5184/5184 5348/5348/5348
f 5349/5349/5349 5350/5350/5350 5211/5211/5211 5208/5208/5208
f 5351/5351/5351 5173/5173/5173 5211/5211/5211 5350/5350/5350
f 5173/5173/5173 5351/5351/5351 5352/5352/5352 5174/5174/5174
f 5353/5353/5353 5158/5158/5158 5174/5174/5174 5352/5352/5352
f 5353/5353/5353 5131/5131/5131 5138/5138/5138 5158/5158/5158
f 5353/5353/5353 5354/5354/5354 5355/5355/5355 5131/5131/5131
f 5131/5131/5131 5355/5355/5355 5356/5356/5356 5132/5132/5132
f 5357/5357/5357 5224/5224/5224 5132/5132/5132 5356/5356/5356
f 5224/5224/5224 5357/5357/5357 5358/5358/5358 5228/5228/5228
f 5228/5228/5228 5358/5358/5358 5359/5359/5359 5235/5235/5235
f 5307/5307/5307 5235/5235/5235 5359/5359/5359 5311/5311/5311
f 1606/1612/1612 5312/5488/5312 5360/5487/5360 5361/5361/5361
f 5363/5362/5362 5362/5879/5363 1564/1564/1564 1606/1612/1612
f 5362/5363/5363 5364/5364/5364 1567/1567/1567 1564/5872/1564
f 5364/5364/5364 5365/5881/5365 1604/5882/1608 1567/1567/1567
f 5365/5881/5365 5364/5364/5364 5362/5363/5363 5363/5880/5362
f 5365/5365/5365 5363/5362/5362 1606/1612/1612 5361/5361/5361
f 5360/5360/5360 5312/5312/5312 5311/5311/5311 5366/5366/5366
f 5360/5487/5360 5366/5486/5366 5367/5504/5367 5361/5361/5361
f 5367/5504/5367 1604/1608/1608 5365/5365/5365 5361/5361/5361
f 5368/5368/5368 5366/5366/5366 5311/5311/5311 5359/5359/5359
f 5369/5369/5369 5367/5367/5367 5366/5500/5366 5368/5485/5368
f 5367/5367/5367 5369/5369/5369 1681/1689/1689 1604/5505/1608
f 5359/5359/5359 5358/5358/5358 5370/5370/5370 5368/5368/5368
f 5368/5485/5368 5370/5483/5370 1681/1689/1689 5369/5369/5369
f 5370/5370/5370 5358/5358/5358 5357/5357/5357 5356/5356/5356
f 1681/1689/1689 5370/5483/5370 5371/5484/5371 4062/1690/1690
f 5370/5370/5370 5356/5356/5356 5355/5355/5355 5371/5371/5371
f 5371/5484/5371 5372/5449/5372 1682/4076/4076 4062/1690/1690
f 5354/5354/5354 5372/5372/5372 5371/5371/5371 5355/5355/5355
f 5353/5353/5353 5352/5352/5352 5373/5373/5373 5354/5354/5354
f 5374/5374/5374 5373/5373/5373 5352/5352/5352 5351/5351/5351
f 5351/5351/5351 5350/5350/5350 5375/5375/5375 5374/5374/5374
f 5376/5376/5376 5375/5375/5375 5350/5350/5350 5349/5349/5349
f 5377/5377/5377 5376/5376/5376 5349/5349/5349 5348/5348/5348
f 5378/5378/5378 5377/5377/5377 5348/5348/5348 5347/5347/5347
f 5347/5347/5347 5346/5346/5346 5379/5379/5379 5378/5378/5378
f 5380/5380/5380 5379/5379/5379 5346/5346/5346 5345/5345/5345
f 5372/5449/5372 5381/5448/5381 4067/1697/1697 1682/4076/4076
f 5372/5372/5372 5354/5354/5354 5373/5373/5373 5381/5381/5381
f 5382/5382/5382 5381/5381/5381 5373/5373/5373 5374/5374/5374
f 5383/5383/5383 5382/5382/5382 5374/5374/5374 5375/5375/5375
f 5375/5375/5375 5376/5376/5376 5384/5384/5384 5383/5383/5383
f 5385/5385/5385 5384/5384/5384 5376/5376/5376 5377/5377/5377
f 5386/5386/5386 5385/5385/5385 5377/5377/5377 5378/5378/5378
f 5387/5387/5387 5386/5386/5386 5378/5378/5378 5379/5379/5379
f 5342/5342/5342 5340/5339/5339 5387/5387/5387 5379/5379/5379
f 5342/5342/5342 5379/5379/5379 5380/5380/5380 5388/5388/5388
f 5388/5481/5388 5389/5389/5389 5341/5341/5341 5342/5482/5342
f 1662/1667/1667 5341/5341/5341 5389/5389/5389 1667/1672/1672
f 5386/5386/5386 5387/5387/5387 5340/5339/5339 5338/5446/5338
f 5390/5390/5390 5381/5381/5381 5382/5382/5382 5383/5383/5383
f 5381/5448/5381 5390/5447/5390 1687/1698/1698 4067/1697/1697
f 5390/5447/5390 5391/5445/5391 5392/5392/5392 1687/1698/1698
f 5391/5391/5391 5390/5390/5390 5383/5383/5383 5384/5384/5384
f 1677/1684/1684 1687/1698/1698 5392/5392/5392 5337/5337/5337
f 5338/5446/5338 5393/5444/5393 5385/5385/5385 5386/5386/5386
f 5384/5384/5384 5385/5385/5385 5393/5444/5393 5391/5391/5391
f 5337/5337/5337 5392/5392/5392 5393/5393/5393 5338/5338/5338
f 5393/5393/5393 5392/5392/5392 5391/5445/5391
f 5345/5345/5345 5344/5344/5344 5394/5394/5394 5380/5380/5380
f 5395/5617/5395 5394/5394/5394 5344/5344/5344 5343/5618/5343
f 5388/5388/5388 5380/5380/5380 5394/5394/5394 5396/5480/5396
f 5397/5479/5397 5396/5480/5396 5394/5394/5394 5395/5617/5395
f 5396/5396/5396 5398/5398/5398 5389/5389/5389 5388/5481/5388
f 5396/5396/5396 5397/5903/5397 5399/5902/5399 5398/5398/5398
f 5399/5902/5399 1667/1672/1672 5389/5389/5389 5398/5398/5398
f 5399/5399/5399 5400/5400/5400 1663/1668/1668 1667/1672/1672
f 1632/1637/1637 1657/1662/1662 5401/5401/5401 1654/1659/1659
f 1654/1659/1659 5401/5401/5401 5402/5402/5402 4059/1681/1681
f 5403/5403/5403 4056/4074/4074 4059/1681/1681 5402/5402/5402
f 1601/1605/1605 1600/1603/1603 4056/4074/4074 5403/5403/5403
f 1607/1611/1611 5314/5314/5314 5312/5488/5312 1606/1612/1612
f 1607/1611/1611 5404/5404/5404 5316/5316/5316 5314/5314/5314
f 5404/5404/5404 5405/5405/5405 5318/5318/5318 5316/5316/5316
f 5318/5318/5318 5405/5405/5405 5406/5406/5406 5324/5324/5324
f 5324/5324/5324 5406/5406/5406 5407/5407/5407 5322/5322/5322
f 5322/5322/5322 5407/5407/5407 5408/5408/5408 5323/5323/5323
f 5409/5409/5409 5331/5331/5331 5323/5323/5323 5408/5408/5408
f 5331/5331/5331 5409/5409/5409 5410/5410/5410 5332/5332/5332
f 5332/5332/5332 5410/5410/5410 5411/5411/5411 5333/5333/5333
f 5411/5411/5411 5412/5412/5412 5334/5334/5334 5333/5333/5333
f 5412/5412/5412 5413/5413/5413 5330/5330/5330 5334/5334/5334
f 5413/5413/5413 5414/5414/5414 5219/5219/5219 5330/5330/5330
f 5343/5343/5343 5219/5478/5219 5414/5476/5414 5395/5395/5395
f 5414/5414/5414 5415/5415/5415 5397/5397/5397 5395/5477/5395
f 5415/5415/5415 5400/5400/5400 5399/5399/5399 5397/5397/5397
f 5416/5416/5416 1607/1611/1611 1591/1591/1591 1596/1596/1596
f 1607/1611/1611 5416/5416/5416 5417/5417/5417 5404/5404/5404
f 1666/1671/1671 5418/5418/5418 5401/5401/5401 1657/1662/1662
f 5419/5419/5419 5418/5418/5418 1666/1671/1671 1665/1670/1670
f 1664/1669/1669 5420/5420/5420 5419/5419/5419 1665/1670/1670
f 1664/1669/1669 1663/1668/1668 5421/5421/5421 5420/5420/5420
f 5400/5400/5400 5422/5422/5422 5421/5421/5421 1663/1668/1668
f 5400/5400/5400 5415/5415/5415 5423/5423/5423 5422/5422/5422
f 5413/5413/5413 5423/5423/5423 5415/5415/5415 5414/5414/5414
f 5417/5417/5417 5424/5424/5424 5405/5405/5405 5404/5404/5404
f 5424/5424/5424 5425/5425/5425 5406/5406/5406 5405/5405/5405
f 5406/5406/5406 5425/5425/5425 5426/5426/5426 5407/5407/5407
f 5426/5426/5426 5409/5409/5409 5408/5408/5408 5407/5407/5407
f 5409/5409/5409 5426/5426/5426 5427/5427/5427 5410/5410/5410
f 5410/5410/5410 5427/5427/5427 5428/5428/5428 5411/5411/5411
f 5412/5412/5412 5411/5411/5411 5428/5428/5428 5429/5429/5429
f 5429/5429/5429 5423/5423/5423 5413/5413/5413 5412/5412/5412
f 5401/5401/5401 5418/5418/5418 5430/5430/5430 5402/5402/5402
f 5431/5431/5431 5430/5430/5430 5418/5418/5418 5419/5419/5419
f 5431/5431/5431 5419/5419/5419 5420/5420/5420 5432/5432/5432
f 5420/5420/5420 5421/5421/5421 5433/5433/5433 5432/5432/5432
f 5422/5422/5422 5423/5423/5423 5433/5433/5433 5421/5421/5421
f 5434/5434/5434 5403/5403/5403 5402/5402/5402 5430/5430/5430
f 5436/5435/5435 5431/5431/5431 5432/5432/5432 5435/5436/5436
f 5431/5431/5431 5436/5435/5435 5434/5434/5434 5430/5430/5430
f 5423/5423/5423 5429/5429/5429 5437/5437/5437 5433/5433/5433
f 5437/5437/5437 5435/5436/5436 5432/5432/5432 5433/5433/5433
f 5434/5434/5434 5438/5438/5438 1601/1605/1605 5403/5403/5403
f 5436/5435/5435 5439/5439/5439 5438/5438/5438 5434/5434/5434
f 5440/5440/5440 5439/5439/5439 5436/5435/5435 5435/5436/5436
f 5435/5436/5436 5437/5437/5437 5429/5429/5429 5428/5428/5428
f 5427/5427/5427 5440/5440/5440 5435/5436/5436 5428/5428/5428
f 5441/5441/5441 5416/5416/5416 1596/1596/1596 4089/1604/1604
f 5438/5438/5438 5441/5441/5441 4089/1604/1604 1601/1605/1605
f 5416/5416/5416 5441/5441/5441 5442/5442/5442 5417/5417/5417
f 5441/5441/5441 5438/5438/5438 5439/5439/5439 5442/5442/5442
f 5425/5425/5425 5424/5424/5424 5417/5417/5417 5442/5442/5442
f 5442/5442/5442 5439/5439/5439 5440/5440/5440 5443/5443/5443
f 5426/5426/5426 5425/5425/5425 5442/5442/5442 5443/5443/5443
f 5427/5427/5427 5426/5426/5426 5443/5443/5443 5440/5440/5440
